wordLearning.exposure.itemIdx,wordLearning.exposure.pass,wordLearning.exposure.image,wordLearning.exposure.audio,wordLearning.test.started,wordLearning.test.targetIdx,wordLearning.test.targetImage,wordLearning.test.optionOrder,wordLearning.test.responseIdx,wordLearning.test.correct,wordLearning.test.streakAfter,wordLearning.test.masteredSnapshot,passiveTrial.started,passive.sessionIndex,passive.movie,passive.sound,passiveTrial.stopped,passiveSelfPaceKey.keys,passiveSelfPaceKey.rt,passiveSelfPaceKey.duration,passiveTrials_s1.thisRepN,passiveTrials_s1.thisTrialN,passiveTrials_s1.thisN,passiveTrials_s1.thisIndex,passiveTrials_s1.ran,sessionIndex,passiveMovie,passiveSound,participant,születési dátum (ÉÉÉÉ.HH.NN),date,expName,psychopyVersion,OS,frameRate,comprehensionTrial.started,comprehension.sessionIndex,comprehension.correctPosition,comprehension.response,comprehension.rt,comprehension.correct,comprehension.t_sentenceAudioEnd,comprehension.t_lastChoiceClick,comprehensionTrial.stopped,comprehensionTrials_s1.thisRepN,comprehensionTrials_s1.thisTrialN,comprehensionTrials_s1.thisN,comprehensionTrials_s1.thisIndex,comprehensionTrials_s1.ran,sentence,video_correct,video_incorrect,productionTrial.started,production.sessionIndex,production.video,production.correct_words,production.all_words,production.correct_words_form,production.all_words_form,production.response,production.correct,production.t_firstVideoEnd,production.t_lastWordClick,productionTrial.stopped,productionTrials_s1.thisRepN,productionTrials_s1.thisTrialN,productionTrials_s1.thisN,productionTrials_s1.thisIndex,productionTrials_s1.ran,video,correct_words,all_words,sentence_form,correct_words_form,all_words_form,familiarityTrial.started,familiarity.testName,familiarity.thisN,familiarity.sessionIndex,familiarity.audio,familiarity.previous_encounters,familiarity.playAttemptTime,familiarity.rating,familiarity.playClickCount,familiarity.t_audioEnd,familiarity.t_lastLikertClick,familiarityTrial.stopped,chunkTest_s1.thisRepN,chunkTest_s1.thisTrialN,chunkTest_s1.thisN,chunkTest_s1.thisIndex,chunkTest_s1.ran,audio,previous_encounters,GJTest_s1.thisRepN,GJTest_s1.thisTrialN,GJTest_s1.thisN,GJTest_s1.thisIndex,GJTest_s1.ran,passiveTrials_s2.thisRepN,passiveTrials_s2.thisTrialN,passiveTrials_s2.thisN,passiveTrials_s2.thisIndex,passiveTrials_s2.ran,comprehensionTrials_s2.thisRepN,comprehensionTrials_s2.thisTrialN,comprehensionTrials_s2.thisN,comprehensionTrials_s2.thisIndex,comprehensionTrials_s2.ran,productionTrials_s2.thisRepN,productionTrials_s2.thisTrialN,productionTrials_s2.thisN,productionTrials_s2.thisIndex,productionTrials_s2.ran,productionTrials_s2.order
0,2,Aa-2.png,Aa.mp3,186.583,2,N1.png,"0,3,2,5",2,1,5,1111111,199.605,1,SBJ-N1-GO-INTR.mp4,SBJ-N1-GO-INTR.mp3,205.748,mouse_continue,6.144,,0,0,0,0,1,1,SBJ-N1-GO-INTR.mp4,SBJ-N1-GO-INTR.mp3,ALP1202,1995.07.15,2026-05-09_11h29.23.423,BrocantoHPilot1MorphSession2,2025.2.4,Win32,144.092219,,,,,,,,,,,,,,,,,,,,,,,,,,,,,,,,,,,,,,,,,,,,,,,,,,,,,,,,,,,,,,,,,,,,,,,,,,,,,,,,
,,,,,,,,,,,,205.766,1,OBJ-N5-SBJ-N3-REVEAL-TR.mp4,OBJ-N5-REVEAL-TR-SBJ-N3.mp3,212.418,mouse_continue,6.652,,0,1,1,1,1,1,OBJ-N5-SBJ-N3-REVEAL-TR.mp4,OBJ-N5-REVEAL-TR-SBJ-N3.mp3,ALP1202,1995.07.15,2026-05-09_11h29.23.423,BrocantoHPilot1MorphSession2,2025.2.4,Win32,144.092219,,,,,,,,,,,,,,,,,,,,,,,,,,,,,,,,,,,,,,,,,,,,,,,,,,,,,,,,,,,,,,,,,,,,,,,,,,,,,,,,
,,,,,,,,,,,,212.42,1,OBJ-N5-SBJ-N2-PUSH-TR.mp4,SBJ-N2-OBJ-N5-PUSH-TR.mp3,217.805,mouse_continue,5.385,,0,2,2,2,1,1,OBJ-N5-SBJ-N2-PUSH-TR.mp4,SBJ-N2-OBJ-N5-PUSH-TR.mp3,ALP1202,1995.07.15,2026-05-09_11h29.23.423,BrocantoHPilot1MorphSession2,2025.2.4,Win32,144.092219,,,,,,,,,,,,,,,,,,,,,,,,,,,,,,,,,,,,,,,,,,,,,,,,,,,,,,,,,,,,,,,,,,,,,,,,,,,,,,,,
,,,,,,,,,,,,217.806,1,SBJ-N1-GO-INTR.mp4,SBJ-N1-GO-INTR.mp3,223.813,mouse_continue,6.006,,0,3,3,3,1,1,SBJ-N1-GO-INTR.mp4,SBJ-N1-GO-INTR.mp3,ALP1202,1995.07.15,2026-05-09_11h29.23.423,BrocantoHPilot1MorphSession2,2025.2.4,Win32,144.092219,,,,,,,,,,,,,,,,,,,,,,,,,,,,,,,,,,,,,,,,,,,,,,,,,,,,,,,,,,,,,,,,,,,,,,,,,,,,,,,,
,,,,,,,,,,,,223.814,1,OBJ-N5-SBJ-N4-HIDE-TR.mp4,SBJ-N4-HIDE-TR-OBJ-N5.mp3,229.807,mouse_continue,5.992,,0,4,4,4,1,1,OBJ-N5-SBJ-N4-HIDE-TR.mp4,SBJ-N4-HIDE-TR-OBJ-N5.mp3,ALP1202,1995.07.15,2026-05-09_11h29.23.423,BrocantoHPilot1MorphSession2,2025.2.4,Win32,144.092219,,,,,,,,,,,,,,,,,,,,,,,,,,,,,,,,,,,,,,,,,,,,,,,,,,,,,,,,,,,,,,,,,,,,,,,,,,,,,,,,
,,,,,,,,,,,,229.808,1,SBJ-N2-HIDE-INTR.mp4,SBJ-N2-HIDE-INTR.mp3,235.275,mouse_continue,5.468,,0,5,5,5,1,1,SBJ-N2-HIDE-INTR.mp4,SBJ-N2-HIDE-INTR.mp3,ALP1202,1995.07.15,2026-05-09_11h29.23.423,BrocantoHPilot1MorphSession2,2025.2.4,Win32,144.092219,,,,,,,,,,,,,,,,,,,,,,,,,,,,,,,,,,,,,,,,,,,,,,,,,,,,,,,,,,,,,,,,,,,,,,,,,,,,,,,,
,,,,,,,,,,,,235.277,1,OBJ-N5-SBJ-N3-REVEAL-TR.mp4,OBJ-N5-REVEAL-TR-SBJ-N3.mp3,241.646,mouse_continue,6.368,,0,6,6,6,1,1,OBJ-N5-SBJ-N3-REVEAL-TR.mp4,OBJ-N5-REVEAL-TR-SBJ-N3.mp3,ALP1202,1995.07.15,2026-05-09_11h29.23.423,BrocantoHPilot1MorphSession2,2025.2.4,Win32,144.092219,,,,,,,,,,,,,,,,,,,,,,,,,,,,,,,,,,,,,,,,,,,,,,,,,,,,,,,,,,,,,,,,,,,,,,,,,,,,,,,,
,,,,,,,,,,,,241.648,1,SBJ-N3-JUMP-INTR.mp4,JUMP-INTR-SBJ-N3.mp3,247.021,mouse_continue,5.372,,0,7,7,7,1,1,SBJ-N3-JUMP-INTR.mp4,JUMP-INTR-SBJ-N3.mp3,ALP1202,1995.07.15,2026-05-09_11h29.23.423,BrocantoHPilot1MorphSession2,2025.2.4,Win32,144.092219,,,,,,,,,,,,,,,,,,,,,,,,,,,,,,,,,,,,,,,,,,,,,,,,,,,,,,,,,,,,,,,,,,,,,,,,,,,,,,,,
,,,,,,,,,,,,247.022,1,SBJ-N5-REVEAL-INTR.mp4,SBJ-N5-REVEAL-INTR.mp3,252.763,mouse_continue,5.741,,0,8,8,8,1,1,SBJ-N5-REVEAL-INTR.mp4,SBJ-N5-REVEAL-INTR.mp3,ALP1202,1995.07.15,2026-05-09_11h29.23.423,BrocantoHPilot1MorphSession2,2025.2.4,Win32,144.092219,,,,,,,,,,,,,,,,,,,,,,,,,,,,,,,,,,,,,,,,,,,,,,,,,,,,,,,,,,,,,,,,,,,,,,,,,,,,,,,,
,,,,,,,,,,,,252.766,1,OBJ-N5-SBJ-N4-HIDE-TR.mp4,SBJ-N4-HIDE-TR-OBJ-N5.mp3,258.341,mouse_continue,5.575,,0,9,9,9,1,1,OBJ-N5-SBJ-N4-HIDE-TR.mp4,SBJ-N4-HIDE-TR-OBJ-N5.mp3,ALP1202,1995.07.15,2026-05-09_11h29.23.423,BrocantoHPilot1MorphSession2,2025.2.4,Win32,144.092219,,,,,,,,,,,,,,,,,,,,,,,,,,,,,,,,,,,,,,,,,,,,,,,,,,,,,,,,,,,,,,,,,,,,,,,,,,,,,,,,
,,,,,,,,,,,,258.342,1,SBJ-N3-JUMP-INTR.mp4,JUMP-INTR-SBJ-N3.mp3,263.654,mouse_continue,5.312,,0,10,10,10,1,1,SBJ-N3-JUMP-INTR.mp4,JUMP-INTR-SBJ-N3.mp3,ALP1202,1995.07.15,2026-05-09_11h29.23.423,BrocantoHPilot1MorphSession2,2025.2.4,Win32,144.092219,,,,,,,,,,,,,,,,,,,,,,,,,,,,,,,,,,,,,,,,,,,,,,,,,,,,,,,,,,,,,,,,,,,,,,,,,,,,,,,,
,,,,,,,,,,,,263.655,1,OBJ-N5-SBJ-N2-PUSH-TR.mp4,SBJ-N2-OBJ-N5-PUSH-TR.mp3,268.91,mouse_continue,5.256,,0,11,11,11,1,1,OBJ-N5-SBJ-N2-PUSH-TR.mp4,SBJ-N2-OBJ-N5-PUSH-TR.mp3,ALP1202,1995.07.15,2026-05-09_11h29.23.423,BrocantoHPilot1MorphSession2,2025.2.4,Win32,144.092219,,,,,,,,,,,,,,,,,,,,,,,,,,,,,,,,,,,,,,,,,,,,,,,,,,,,,,,,,,,,,,,,,,,,,,,,,,,,,,,,
,,,,,,,,,,,,268.911,1,OBJ-N5-SBJ-N1-HIDE-TR.mp4,OBJ-N5-HIDE-TR-SBJ-N1.mp3,274.362,mouse_continue,5.45,,0,12,12,12,1,1,OBJ-N5-SBJ-N1-HIDE-TR.mp4,OBJ-N5-HIDE-TR-SBJ-N1.mp3,ALP1202,1995.07.15,2026-05-09_11h29.23.423,BrocantoHPilot1MorphSession2,2025.2.4,Win32,144.092219,,,,,,,,,,,,,,,,,,,,,,,,,,,,,,,,,,,,,,,,,,,,,,,,,,,,,,,,,,,,,,,,,,,,,,,,,,,,,,,,
,,,,,,,,,,,,274.364,1,SBJ-N2-HIDE-INTR.mp4,SBJ-N2-HIDE-INTR.mp3,279.835,mouse_continue,5.471,,0,13,13,13,1,1,SBJ-N2-HIDE-INTR.mp4,SBJ-N2-HIDE-INTR.mp3,ALP1202,1995.07.15,2026-05-09_11h29.23.423,BrocantoHPilot1MorphSession2,2025.2.4,Win32,144.092219,,,,,,,,,,,,,,,,,,,,,,,,,,,,,,,,,,,,,,,,,,,,,,,,,,,,,,,,,,,,,,,,,,,,,,,,,,,,,,,,
,,,,,,,,,,,,279.836,1,OBJ-N5-SBJ-N2-PUSH-TR.mp4,SBJ-N2-OBJ-N5-PUSH-TR.mp3,285.439,mouse_continue,5.602,,0,14,14,14,1,1,OBJ-N5-SBJ-N2-PUSH-TR.mp4,SBJ-N2-OBJ-N5-PUSH-TR.mp3,ALP1202,1995.07.15,2026-05-09_11h29.23.423,BrocantoHPilot1MorphSession2,2025.2.4,Win32,144.092219,,,,,,,,,,,,,,,,,,,,,,,,,,,,,,,,,,,,,,,,,,,,,,,,,,,,,,,,,,,,,,,,,,,,,,,,,,,,,,,,
,,,,,,,,,,,,285.44,1,SBJ-N3-GO-INTR.mp4,GO-INTR-SBJ-N3.mp3,292.541,mouse_continue,7.1,,0,15,15,15,1,1,SBJ-N3-GO-INTR.mp4,GO-INTR-SBJ-N3.mp3,ALP1202,1995.07.15,2026-05-09_11h29.23.423,BrocantoHPilot1MorphSession2,2025.2.4,Win32,144.092219,,,,,,,,,,,,,,,,,,,,,,,,,,,,,,,,,,,,,,,,,,,,,,,,,,,,,,,,,,,,,,,,,,,,,,,,,,,,,,,,
,,,,,,,,,,,,292.544,1,SBJ-N4-REVEAL-INTR.mp4,REVEAL-INTR-SBJ-N4.mp3,297.772,mouse_continue,5.23,,0,16,16,16,1,1,SBJ-N4-REVEAL-INTR.mp4,REVEAL-INTR-SBJ-N4.mp3,ALP1202,1995.07.15,2026-05-09_11h29.23.423,BrocantoHPilot1MorphSession2,2025.2.4,Win32,144.092219,,,,,,,,,,,,,,,,,,,,,,,,,,,,,,,,,,,,,,,,,,,,,,,,,,,,,,,,,,,,,,,,,,,,,,,,,,,,,,,,
,,,,,,,,,,,,297.773,1,OBJ-N5-SBJ-N3-REVEAL-TR.mp4,OBJ-N5-REVEAL-TR-SBJ-N3.mp3,304.523,mouse_continue,6.747,,0,17,17,17,1,1,OBJ-N5-SBJ-N3-REVEAL-TR.mp4,OBJ-N5-REVEAL-TR-SBJ-N3.mp3,ALP1202,1995.07.15,2026-05-09_11h29.23.423,BrocantoHPilot1MorphSession2,2025.2.4,Win32,144.092219,,,,,,,,,,,,,,,,,,,,,,,,,,,,,,,,,,,,,,,,,,,,,,,,,,,,,,,,,,,,,,,,,,,,,,,,,,,,,,,,
,,,,,,,,,,,,304.524,1,SBJ-N5-JUMP-INTR.mp4,SBJ-N5-JUMP-INTR.mp3,309.806,mouse_continue,5.282,,0,18,18,18,1,1,SBJ-N5-JUMP-INTR.mp4,SBJ-N5-JUMP-INTR.mp3,ALP1202,1995.07.15,2026-05-09_11h29.23.423,BrocantoHPilot1MorphSession2,2025.2.4,Win32,144.092219,,,,,,,,,,,,,,,,,,,,,,,,,,,,,,,,,,,,,,,,,,,,,,,,,,,,,,,,,,,,,,,,,,,,,,,,,,,,,,,,
,,,,,,,,,,,,309.807,1,SBJ-N3-GO-INTR.mp4,GO-INTR-SBJ-N3.mp3,315.181,mouse_continue,5.374,,0,19,19,19,1,1,SBJ-N3-GO-INTR.mp4,GO-INTR-SBJ-N3.mp3,ALP1202,1995.07.15,2026-05-09_11h29.23.423,BrocantoHPilot1MorphSession2,2025.2.4,Win32,144.092219,,,,,,,,,,,,,,,,,,,,,,,,,,,,,,,,,,,,,,,,,,,,,,,,,,,,,,,,,,,,,,,,,,,,,,,,,,,,,,,,
,,,,,,,,,,,,315.182,1,OBJ-N5-SBJ-N3-REVEAL-TR.mp4,OBJ-N5-REVEAL-TR-SBJ-N3.mp3,326.032,mouse_continue,10.849,,0,20,20,20,1,1,OBJ-N5-SBJ-N3-REVEAL-TR.mp4,OBJ-N5-REVEAL-TR-SBJ-N3.mp3,ALP1202,1995.07.15,2026-05-09_11h29.23.423,BrocantoHPilot1MorphSession2,2025.2.4,Win32,144.092219,,,,,,,,,,,,,,,,,,,,,,,,,,,,,,,,,,,,,,,,,,,,,,,,,,,,,,,,,,,,,,,,,,,,,,,,,,,,,,,,
,,,,,,,,,,,,326.035,1,OBJ-N5-SBJ-N1-REVEAL-TR.mp4,REVEAL-TR-SBJ-N1-OBJ-N5.mp3,346.301,mouse_continue,20.266,,0,21,21,21,1,1,OBJ-N5-SBJ-N1-REVEAL-TR.mp4,REVEAL-TR-SBJ-N1-OBJ-N5.mp3,ALP1202,1995.07.15,2026-05-09_11h29.23.423,BrocantoHPilot1MorphSession2,2025.2.4,Win32,144.092219,,,,,,,,,,,,,,,,,,,,,,,,,,,,,,,,,,,,,,,,,,,,,,,,,,,,,,,,,,,,,,,,,,,,,,,,,,,,,,,,
,,,,,,,,,,,,346.302,1,OBJ-N5-SBJ-N2-PUSH-TR-LOC-N4.mp4,SBJ-N2-LOC-N4-OBJ-N5-PUSH-TR.mp3,358.403,mouse_continue,12.101,,0,22,22,22,1,1,OBJ-N5-SBJ-N2-PUSH-TR-LOC-N4.mp4,SBJ-N2-LOC-N4-OBJ-N5-PUSH-TR.mp3,ALP1202,1995.07.15,2026-05-09_11h29.23.423,BrocantoHPilot1MorphSession2,2025.2.4,Win32,144.092219,,,,,,,,,,,,,,,,,,,,,,,,,,,,,,,,,,,,,,,,,,,,,,,,,,,,,,,,,,,,,,,,,,,,,,,,,,,,,,,,
,,,,,,,,,,,,358.406,1,SBJ-N4-REVEAL-INTR-LOC-N5.mp4,REVEAL-INTR-SBJ-N4-LOC-N5.mp3,364.133,mouse_continue,5.729,,0,23,23,23,1,1,SBJ-N4-REVEAL-INTR-LOC-N5.mp4,REVEAL-INTR-SBJ-N4-LOC-N5.mp3,ALP1202,1995.07.15,2026-05-09_11h29.23.423,BrocantoHPilot1MorphSession2,2025.2.4,Win32,144.092219,,,,,,,,,,,,,,,,,,,,,,,,,,,,,,,,,,,,,,,,,,,,,,,,,,,,,,,,,,,,,,,,,,,,,,,,,,,,,,,,
,,,,,,,,,,,,364.135,1,OBJ-N5-SBJ-N1-HIDE-TR-LOC-N2.mp4,SBJ-N1-LOC-N2-HIDE-TR-OBJ-N5.mp3,370.378,mouse_continue,6.242,,0,24,24,24,1,1,OBJ-N5-SBJ-N1-HIDE-TR-LOC-N2.mp4,SBJ-N1-LOC-N2-HIDE-TR-OBJ-N5.mp3,ALP1202,1995.07.15,2026-05-09_11h29.23.423,BrocantoHPilot1MorphSession2,2025.2.4,Win32,144.092219,,,,,,,,,,,,,,,,,,,,,,,,,,,,,,,,,,,,,,,,,,,,,,,,,,,,,,,,,,,,,,,,,,,,,,,,,,,,,,,,
,,,,,,,,,,,,370.38,1,SBJ-N2-REVEAL-INTR-LOC-N5.mp4,REVEAL-INTR-SBJ-N2-LOC-N5.mp3,376.1,mouse_continue,5.72,,0,25,25,25,1,1,SBJ-N2-REVEAL-INTR-LOC-N5.mp4,REVEAL-INTR-SBJ-N2-LOC-N5.mp3,ALP1202,1995.07.15,2026-05-09_11h29.23.423,BrocantoHPilot1MorphSession2,2025.2.4,Win32,144.092219,,,,,,,,,,,,,,,,,,,,,,,,,,,,,,,,,,,,,,,,,,,,,,,,,,,,,,,,,,,,,,,,,,,,,,,,,,,,,,,,
,,,,,,,,,,,,376.101,1,OBJ-N5-SBJ-N1-PUSH-TR-LOC-N2.mp4,OBJ-N5-PUSH-TR-SBJ-N1-LOC-N2.mp3,381.939,mouse_continue,5.838,,0,26,26,26,1,1,OBJ-N5-SBJ-N1-PUSH-TR-LOC-N2.mp4,OBJ-N5-PUSH-TR-SBJ-N1-LOC-N2.mp3,ALP1202,1995.07.15,2026-05-09_11h29.23.423,BrocantoHPilot1MorphSession2,2025.2.4,Win32,144.092219,,,,,,,,,,,,,,,,,,,,,,,,,,,,,,,,,,,,,,,,,,,,,,,,,,,,,,,,,,,,,,,,,,,,,,,,,,,,,,,,
,,,,,,,,,,,,381.941,1,SBJ-N3-REVEAL-INTR-LOC-N4.mp4,SBJ-N3-REVEAL-INTR-LOC-N4.mp3,389.371,mouse_continue,7.43,,0,27,27,27,1,1,SBJ-N3-REVEAL-INTR-LOC-N4.mp4,SBJ-N3-REVEAL-INTR-LOC-N4.mp3,ALP1202,1995.07.15,2026-05-09_11h29.23.423,BrocantoHPilot1MorphSession2,2025.2.4,Win32,144.092219,,,,,,,,,,,,,,,,,,,,,,,,,,,,,,,,,,,,,,,,,,,,,,,,,,,,,,,,,,,,,,,,,,,,,,,,,,,,,,,,
,,,,,,,,,,,,389.372,1,OBJ-N5-SBJ-N4-HIDE-TR-LOC-N3.mp4,SBJ-N4-OBJ-N5-LOC-N3-HIDE-TR.mp3,399.003,mouse_continue,9.631,,0,28,28,28,1,1,OBJ-N5-SBJ-N4-HIDE-TR-LOC-N3.mp4,SBJ-N4-OBJ-N5-LOC-N3-HIDE-TR.mp3,ALP1202,1995.07.15,2026-05-09_11h29.23.423,BrocantoHPilot1MorphSession2,2025.2.4,Win32,144.092219,,,,,,,,,,,,,,,,,,,,,,,,,,,,,,,,,,,,,,,,,,,,,,,,,,,,,,,,,,,,,,,,,,,,,,,,,,,,,,,,
,,,,,,,,,,,,399.005,1,OBJ-N5-SBJ-N3-REVEAL-TR-LOC-N4.mp4,OBJ-N5-LOC-N4-SBJ-N3-REVEAL-TR.mp3,406.26,mouse_continue,7.255,,0,29,29,29,1,1,OBJ-N5-SBJ-N3-REVEAL-TR-LOC-N4.mp4,OBJ-N5-LOC-N4-SBJ-N3-REVEAL-TR.mp3,ALP1202,1995.07.15,2026-05-09_11h29.23.423,BrocantoHPilot1MorphSession2,2025.2.4,Win32,144.092219,,,,,,,,,,,,,,,,,,,,,,,,,,,,,,,,,,,,,,,,,,,,,,,,,,,,,,,,,,,,,,,,,,,,,,,,,,,,,,,,
,,,,,,,,,,,,406.261,1,OBJ-N5-SBJ-N2-PUSH-TR-LOC-N4.mp4,SBJ-N2-LOC-N4-OBJ-N5-PUSH-TR.mp3,413.344,mouse_continue,7.083,,0,30,30,30,1,1,OBJ-N5-SBJ-N2-PUSH-TR-LOC-N4.mp4,SBJ-N2-LOC-N4-OBJ-N5-PUSH-TR.mp3,ALP1202,1995.07.15,2026-05-09_11h29.23.423,BrocantoHPilot1MorphSession2,2025.2.4,Win32,144.092219,,,,,,,,,,,,,,,,,,,,,,,,,,,,,,,,,,,,,,,,,,,,,,,,,,,,,,,,,,,,,,,,,,,,,,,,,,,,,,,,
,,,,,,,,,,,,413.345,1,OBJ-N5-SBJ-N1-REVEAL-TR.mp4,REVEAL-TR-SBJ-N1-OBJ-N5.mp3,418.952,mouse_continue,5.606,,0,31,31,31,1,1,OBJ-N5-SBJ-N1-REVEAL-TR.mp4,REVEAL-TR-SBJ-N1-OBJ-N5.mp3,ALP1202,1995.07.15,2026-05-09_11h29.23.423,BrocantoHPilot1MorphSession2,2025.2.4,Win32,144.092219,,,,,,,,,,,,,,,,,,,,,,,,,,,,,,,,,,,,,,,,,,,,,,,,,,,,,,,,,,,,,,,,,,,,,,,,,,,,,,,,
,,,,,,,,,,,,418.953,1,OBJ-N5-SBJ-N4-HIDE-TR-LOC-N2.mp4,OBJ-N5-HIDE-TR-LOC-N2-SBJ-N4.mp3,426.935,mouse_continue,7.983,,0,32,32,32,1,1,OBJ-N5-SBJ-N4-HIDE-TR-LOC-N2.mp4,OBJ-N5-HIDE-TR-LOC-N2-SBJ-N4.mp3,ALP1202,1995.07.15,2026-05-09_11h29.23.423,BrocantoHPilot1MorphSession2,2025.2.4,Win32,144.092219,,,,,,,,,,,,,,,,,,,,,,,,,,,,,,,,,,,,,,,,,,,,,,,,,,,,,,,,,,,,,,,,,,,,,,,,,,,,,,,,
,,,,,,,,,,,,426.936,1,SBJ-N5-JUMP-INTR.mp4,SBJ-N5-JUMP-INTR.mp3,432.687,mouse_continue,5.749,,0,33,33,33,1,1,SBJ-N5-JUMP-INTR.mp4,SBJ-N5-JUMP-INTR.mp3,ALP1202,1995.07.15,2026-05-09_11h29.23.423,BrocantoHPilot1MorphSession2,2025.2.4,Win32,144.092219,,,,,,,,,,,,,,,,,,,,,,,,,,,,,,,,,,,,,,,,,,,,,,,,,,,,,,,,,,,,,,,,,,,,,,,,,,,,,,,,
,,,,,,,,,,,,432.689,1,Aa-SBJ-N5-HIDE-INTR.mp4,HIDE-INTR-Aa-SBJ-N5.mp3,438.413,mouse_continue,5.725,,0,34,34,34,1,1,Aa-SBJ-N5-HIDE-INTR.mp4,HIDE-INTR-Aa-SBJ-N5.mp3,ALP1202,1995.07.15,2026-05-09_11h29.23.423,BrocantoHPilot1MorphSession2,2025.2.4,Win32,144.092219,,,,,,,,,,,,,,,,,,,,,,,,,,,,,,,,,,,,,,,,,,,,,,,,,,,,,,,,,,,,,,,,,,,,,,,,,,,,,,,,
,,,,,,,,,,,,438.415,1,SBJ-N5-GO-INTR-LOC-N3.mp4,GO-INTR-SBJ-N5-LOC-N3.mp3,444.368,mouse_continue,5.954,,0,35,35,35,1,1,SBJ-N5-GO-INTR-LOC-N3.mp4,GO-INTR-SBJ-N5-LOC-N3.mp3,ALP1202,1995.07.15,2026-05-09_11h29.23.423,BrocantoHPilot1MorphSession2,2025.2.4,Win32,144.092219,,,,,,,,,,,,,,,,,,,,,,,,,,,,,,,,,,,,,,,,,,,,,,,,,,,,,,,,,,,,,,,,,,,,,,,,,,,,,,,,
,,,,,,,,,,,,444.369,1,SBJ-N2-JUMP-INTR-LOC-N1.mp4,LOC-N1-SBJ-N2-JUMP-INTR.mp3,451.107,mouse_continue,6.739,,0,36,36,36,1,1,SBJ-N2-JUMP-INTR-LOC-N1.mp4,LOC-N1-SBJ-N2-JUMP-INTR.mp3,ALP1202,1995.07.15,2026-05-09_11h29.23.423,BrocantoHPilot1MorphSession2,2025.2.4,Win32,144.092219,,,,,,,,,,,,,,,,,,,,,,,,,,,,,,,,,,,,,,,,,,,,,,,,,,,,,,,,,,,,,,,,,,,,,,,,,,,,,,,,
,,,,,,,,,,,,451.108,1,SBJ-N3-GO-INTR-LOC-N2.mp4,LOC-N2-GO-INTR-SBJ-N3.mp3,459.023,mouse_continue,7.914,,0,37,37,37,1,1,SBJ-N3-GO-INTR-LOC-N2.mp4,LOC-N2-GO-INTR-SBJ-N3.mp3,ALP1202,1995.07.15,2026-05-09_11h29.23.423,BrocantoHPilot1MorphSession2,2025.2.4,Win32,144.092219,,,,,,,,,,,,,,,,,,,,,,,,,,,,,,,,,,,,,,,,,,,,,,,,,,,,,,,,,,,,,,,,,,,,,,,,,,,,,,,,
,,,,,,,,,,,,459.025,1,SBJ-N5-HIDE-INTR-LOC-N3.mp4,SBJ-N5-HIDE-INTR-LOC-N3.mp3,464.51,mouse_continue,5.478,,0,38,38,38,1,1,SBJ-N5-HIDE-INTR-LOC-N3.mp4,SBJ-N5-HIDE-INTR-LOC-N3.mp3,ALP1202,1995.07.15,2026-05-09_11h29.23.423,BrocantoHPilot1MorphSession2,2025.2.4,Win32,144.092219,,,,,,,,,,,,,,,,,,,,,,,,,,,,,,,,,,,,,,,,,,,,,,,,,,,,,,,,,,,,,,,,,,,,,,,,,,,,,,,,
,,,,,,,,,,,,464.515,1,SBJ-N1-HIDE-INTR-LOC-N3.mp4,SBJ-N1-LOC-N3-HIDE-INTR.mp3,470.345,mouse_continue,5.83,,0,39,39,39,1,1,SBJ-N1-HIDE-INTR-LOC-N3.mp4,SBJ-N1-LOC-N3-HIDE-INTR.mp3,ALP1202,1995.07.15,2026-05-09_11h29.23.423,BrocantoHPilot1MorphSession2,2025.2.4,Win32,144.092219,,,,,,,,,,,,,,,,,,,,,,,,,,,,,,,,,,,,,,,,,,,,,,,,,,,,,,,,,,,,,,,,,,,,,,,,,,,,,,,,
,,,,,,,,,,,,470.347,1,OBJ-N5-SBJ-N4-HIDE-TR.mp4,SBJ-N4-HIDE-TR-OBJ-N5.mp3,478.034,mouse_continue,7.688,,0,40,40,40,1,1,OBJ-N5-SBJ-N4-HIDE-TR.mp4,SBJ-N4-HIDE-TR-OBJ-N5.mp3,ALP1202,1995.07.15,2026-05-09_11h29.23.423,BrocantoHPilot1MorphSession2,2025.2.4,Win32,144.092219,,,,,,,,,,,,,,,,,,,,,,,,,,,,,,,,,,,,,,,,,,,,,,,,,,,,,,,,,,,,,,,,,,,,,,,,,,,,,,,,
,,,,,,,,,,,,478.035,1,OBJ-N5-SBJ-N1-HIDE-TR-LOC-N2.mp4,SBJ-N1-LOC-N2-HIDE-TR-OBJ-N5.mp3,487.198,mouse_continue,9.163,,0,41,41,41,1,1,OBJ-N5-SBJ-N1-HIDE-TR-LOC-N2.mp4,SBJ-N1-LOC-N2-HIDE-TR-OBJ-N5.mp3,ALP1202,1995.07.15,2026-05-09_11h29.23.423,BrocantoHPilot1MorphSession2,2025.2.4,Win32,144.092219,,,,,,,,,,,,,,,,,,,,,,,,,,,,,,,,,,,,,,,,,,,,,,,,,,,,,,,,,,,,,,,,,,,,,,,,,,,,,,,,
,,,,,,,,,,,,,,,,,,,,,,,,,1,,,ALP1202,1995.07.15,2026-05-09_11h29.23.423,BrocantoHPilot1MorphSession2,2025.2.4,Win32,144.092219,513.12,1,2,2,76.373,1,24.838,76.373,591.352,0,0,0,0,1,SBJ-N2-HIDE-TR-OBJ-N5.mp3,OBJ-N5-SBJ-N2-HIDE-TR.mp4,OBJ-N5-SBJ-N2-REVEAL-TR.mp4,,,,,,,,,,,,,,,,,,,,,,,,,,,,,,,,,,,,,,,,,,,,,,,,,,,,,,,,,,,,,,,
,,,,,,,,,,,,,,,,,,,,,,,,,1,,,ALP1202,1995.07.15,2026-05-09_11h29.23.423,BrocantoHPilot1MorphSession2,2025.2.4,Win32,144.092219,591.353,1,1,1,25.028,1,16.21,25.028,618.781,0,1,1,1,1,HIDE-INTR-SBJ-N5.mp3,SBJ-N5-HIDE-INTR.mp4,SBJ-N5-GO-INTR.mp4,,,,,,,,,,,,,,,,,,,,,,,,,,,,,,,,,,,,,,,,,,,,,,,,,,,,,,,,,,,,,,,
,,,,,,,,,,,,,,,,,,,,,,,,,1,,,ALP1202,1995.07.15,2026-05-09_11h29.23.423,BrocantoHPilot1MorphSession2,2025.2.4,Win32,144.092219,618.782,1,2,2,24.836,1,24.836,24.836,645.342,0,2,2,2,1,SBJ-N5-JUMP-INTR.mp3,SBJ-N5-JUMP-INTR.mp4,SBJ-N5-HIDE-INTR.mp4,,,,,,,,,,,,,,,,,,,,,,,,,,,,,,,,,,,,,,,,,,,,,,,,,,,,,,,,,,,,,,,
,,,,,,,,,,,,,,,,,,,,,,,,,1,,,ALP1202,1995.07.15,2026-05-09_11h29.23.423,BrocantoHPilot1MorphSession2,2025.2.4,Win32,144.092219,645.343,1,1,1,36.014,1,21.795,36.014,683.04,0,3,3,3,1,OBJ-N5-REVEAL-TR-SBJ-N3.mp3,OBJ-N5-SBJ-N3-REVEAL-TR.mp4,OBJ-N3-SBJ-N5-PUSH-TR.mp4,,,,,,,,,,,,,,,,,,,,,,,,,,,,,,,,,,,,,,,,,,,,,,,,,,,,,,,,,,,,,,,
,,,,,,,,,,,,,,,,,,,,,,,,,1,,,ALP1202,1995.07.15,2026-05-09_11h29.23.423,BrocantoHPilot1MorphSession2,2025.2.4,Win32,144.092219,683.041,1,2,2,31.001,1,24.364,31.001,715.75,0,4,4,4,1,SBJ-N3-OBJ-N5-PUSH-TR.mp3,OBJ-N5-SBJ-N3-PUSH-TR.mp4,OBJ-N3-SBJ-N5-PUSH-TR.mp4,,,,,,,,,,,,,,,,,,,,,,,,,,,,,,,,,,,,,,,,,,,,,,,,,,,,,,,,,,,,,,,
,,,,,,,,,,,,,,,,,,,,,,,,,1,,,ALP1202,1995.07.15,2026-05-09_11h29.23.423,BrocantoHPilot1MorphSession2,2025.2.4,Win32,144.092219,715.751,1,2,2,47.127,1,41.011,47.127,765.38,0,5,5,5,1,HIDE-INTR-SBJ-N1.mp3,SBJ-N1-HIDE-INTR.mp4,SBJ-N1-REVEAL-INTR.mp4,,,,,,,,,,,,,,,,,,,,,,,,,,,,,,,,,,,,,,,,,,,,,,,,,,,,,,,,,,,,,,,
,,,,,,,,,,,,,,,,,,,,,,,,,1,,,ALP1202,1995.07.15,2026-05-09_11h29.23.423,BrocantoHPilot1MorphSession2,2025.2.4,Win32,144.092219,765.382,1,1,1,53.128,1,34.993,53.128,820.688,0,6,6,6,1,SBJ-N4-HIDE-TR-OBJ-N5.mp3,OBJ-N5-SBJ-N4-HIDE-TR.mp4,OBJ-N4-SBJ-N5-REVEAL-TR.mp4,,,,,,,,,,,,,,,,,,,,,,,,,,,,,,,,,,,,,,,,,,,,,,,,,,,,,,,,,,,,,,,
,,,,,,,,,,,,,,,,,,,,,,,,,1,,,ALP1202,1995.07.15,2026-05-09_11h29.23.423,BrocantoHPilot1MorphSession2,2025.2.4,Win32,144.092219,820.69,1,2,1,21.737,0,20.428,21.737,845.015,0,7,7,7,1,SBJ-N2-REVEAL-INTR.mp3,SBJ-N2-REVEAL-INTR.mp4,SBJ-N2-HIDE-INTR.mp4,,,,,,,,,,,,,,,,,,,,,,,,,,,,,,,,,,,,,,,,,,,,,,,,,,,,,,,,,,,,,,,
,,,,,,,,,,,,,,,,,,,,,,,,,1,,,ALP1202,1995.07.15,2026-05-09_11h29.23.423,BrocantoHPilot1MorphSession2,2025.2.4,Win32,144.092219,845.015,1,1,1,34.22,1,25.987,34.22,881.538,0,8,8,8,1,SBJ-N4-OBJ-N5-PUSH-TR.mp3,OBJ-N5-SBJ-N4-PUSH-TR.mp4,OBJ-N4-SBJ-N5-PUSH-TR.mp4,,,,,,,,,,,,,,,,,,,,,,,,,,,,,,,,,,,,,,,,,,,,,,,,,,,,,,,,,,,,,,,
,,,,,,,,,,,,,,,,,,,,,,,,,1,,,ALP1202,1995.07.15,2026-05-09_11h29.23.423,BrocantoHPilot1MorphSession2,2025.2.4,Win32,144.092219,881.538,1,1,1,24.165,1,22.138,24.165,907.805,0,9,9,9,1,SBJ-N1-GO-INTR.mp3,SBJ-N1-GO-INTR.mp4,SBJ-N1-HIDE-INTR.mp4,,,,,,,,,,,,,,,,,,,,,,,,,,,,,,,,,,,,,,,,,,,,,,,,,,,,,,,,,,,,,,,
,,,,,,,,,,,,,,,,,,,,,,,,,1,,,ALP1202,1995.07.15,2026-05-09_11h29.23.423,BrocantoHPilot1MorphSession2,2025.2.4,Win32,144.092219,907.806,1,2,2,29.978,1,18.567,29.978,939.815,0,10,10,10,1,REVEAL-INTR-SBJ-N4.mp3,SBJ-N4-REVEAL-INTR.mp4,SBJ-N4-JUMP-INTR.mp4,,,,,,,,,,,,,,,,,,,,,,,,,,,,,,,,,,,,,,,,,,,,,,,,,,,,,,,,,,,,,,,
,,,,,,,,,,,,,,,,,,,,,,,,,1,,,ALP1202,1995.07.15,2026-05-09_11h29.23.423,BrocantoHPilot1MorphSession2,2025.2.4,Win32,144.092219,939.817,1,1,1,25.062,1,25.649,25.062,968.44,0,11,11,11,1,REVEAL-TR-OBJ-N5-SBJ-N4.mp3,OBJ-N5-SBJ-N4-REVEAL-TR.mp4,OBJ-N4-SBJ-N5-PUSH-TR.mp4,,,,,,,,,,,,,,,,,,,,,,,,,,,,,,,,,,,,,,,,,,,,,,,,,,,,,,,,,,,,,,,
,,,,,,,,,,,,,,,,,,,,,,,,,1,,,ALP1202,1995.07.15,2026-05-09_11h29.23.423,BrocantoHPilot1MorphSession2,2025.2.4,Win32,144.092219,968.443,1,1,1,15.168,1,15.51,15.168,985.421,0,12,12,12,1,JUMP-INTR-SBJ-N3.mp3,SBJ-N3-JUMP-INTR.mp4,SBJ-N3-GO-INTR.mp4,,,,,,,,,,,,,,,,,,,,,,,,,,,,,,,,,,,,,,,,,,,,,,,,,,,,,,,,,,,,,,,
,,,,,,,,,,,,,,,,,,,,,,,,,1,,,ALP1202,1995.07.15,2026-05-09_11h29.23.423,BrocantoHPilot1MorphSession2,2025.2.4,Win32,144.092219,985.421,1,1,1,23.281,1,,23.281,1010.372,0,13,13,13,1,SBJ-N4-OBJ-N5-PUSH-TR.mp3,OBJ-N5-SBJ-N4-PUSH-TR.mp4,OBJ-N4-SBJ-N5-PUSH-TR.mp4,,,,,,,,,,,,,,,,,,,,,,,,,,,,,,,,,,,,,,,,,,,,,,,,,,,,,,,,,,,,,,,
,,,,,,,,,,,,,,,,,,,,,,,,,1,,,ALP1202,1995.07.15,2026-05-09_11h29.23.423,BrocantoHPilot1MorphSession2,2025.2.4,Win32,144.092219,1010.374,1,2,2,20.263,1,,20.263,1032.637,0,14,14,14,1,REVEAL-TR-OBJ-N5-SBJ-N4.mp3,OBJ-N5-SBJ-N4-REVEAL-TR.mp4,OBJ-N4-SBJ-N5-HIDE-TR.mp4,,,,,,,,,,,,,,,,,,,,,,,,,,,,,,,,,,,,,,,,,,,,,,,,,,,,,,,,,,,,,,,
,,,,,,,,,,,,,,,,,,,,,,,,,1,,,ALP1202,1995.07.15,2026-05-09_11h29.23.423,BrocantoHPilot1MorphSession2,2025.2.4,Win32,144.092219,1032.639,1,2,2,18.987,1,19.44,18.987,1053.123,0,15,15,15,1,GO-INTR-SBJ-N5.mp3,SBJ-N5-GO-INTR.mp4,SBJ-N5-HIDE-INTR.mp4,,,,,,,,,,,,,,,,,,,,,,,,,,,,,,,,,,,,,,,,,,,,,,,,,,,,,,,,,,,,,,,
,,,,,,,,,,,,,,,,,,,,,,,,,1,,,ALP1202,1995.07.15,2026-05-09_11h29.23.423,BrocantoHPilot1MorphSession2,2025.2.4,Win32,144.092219,1053.124,1,2,2,20.186,1,19.609,20.186,1074.907,0,16,16,16,1,HIDE-INTR-SBJ-N1.mp3,SBJ-N1-HIDE-INTR.mp4,SBJ-N1-REVEAL-INTR.mp4,,,,,,,,,,,,,,,,,,,,,,,,,,,,,,,,,,,,,,,,,,,,,,,,,,,,,,,,,,,,,,,
,,,,,,,,,,,,,,,,,,,,,,,,,1,,,ALP1202,1995.07.15,2026-05-09_11h29.23.423,BrocantoHPilot1MorphSession2,2025.2.4,Win32,144.092219,1074.911,1,2,1,47.928,0,38.857,47.928,1124.448,0,17,17,17,1,OBJ-N5-HIDE-TR-SBJ-N3.mp3,OBJ-N5-SBJ-N3-HIDE-TR.mp4,OBJ-N3-SBJ-N5-HIDE-TR.mp4,,,,,,,,,,,,,,,,,,,,,,,,,,,,,,,,,,,,,,,,,,,,,,,,,,,,,,,,,,,,,,,
,,,,,,,,,,,,,,,,,,,,,,,,,1,,,ALP1202,1995.07.15,2026-05-09_11h29.23.423,BrocantoHPilot1MorphSession2,2025.2.4,Win32,144.092219,1124.449,1,1,1,38.648,1,30.442,38.648,1164.633,0,18,18,18,1,SBJ-N5-REVEAL-INTR.mp3,SBJ-N5-REVEAL-INTR.mp4,SBJ-N5-JUMP-INTR.mp4,,,,,,,,,,,,,,,,,,,,,,,,,,,,,,,,,,,,,,,,,,,,,,,,,,,,,,,,,,,,,,,
,,,,,,,,,,,,,,,,,,,,,,,,,1,,,ALP1202,1995.07.15,2026-05-09_11h29.23.423,BrocantoHPilot1MorphSession2,2025.2.4,Win32,144.092219,1164.636,1,1,1,15.436,1,15.868,15.436,1181.538,0,19,19,19,1,GO-INTR-SBJ-N5.mp3,SBJ-N5-GO-INTR.mp4,SBJ-N5-JUMP-INTR.mp4,,,,,,,,,,,,,,,,,,,,,,,,,,,,,,,,,,,,,,,,,,,,,,,,,,,,,,,,,,,,,,,
,,,,,,,,,,,,,,,,,,,,,,,,,1,,,ALP1202,1995.07.15,2026-05-09_11h29.23.423,BrocantoHPilot1MorphSession2,2025.2.4,Win32,144.092219,1181.539,1,2,2,30.432,1,30.187,30.432,1213.851,0,20,20,20,1,OBJ-N5-HIDE-TR-SBJ-N1.mp3,OBJ-N5-SBJ-N1-HIDE-TR.mp4,OBJ-N1-SBJ-N5-REVEAL-TR.mp4,,,,,,,,,,,,,,,,,,,,,,,,,,,,,,,,,,,,,,,,,,,,,,,,,,,,,,,,,,,,,,,
,,,,,,,,,,,,,,,,,,,,,,,,,1,,,ALP1202,1995.07.15,2026-05-09_11h29.23.423,BrocantoHPilot1MorphSession2,2025.2.4,Win32,144.092219,1213.851,1,2,1,45.448,0,25.674,45.448,1260.773,0,21,21,21,1,REVEAL-TR-OBJ-N5-SBJ-N4.mp3,OBJ-N5-SBJ-N4-REVEAL-TR.mp4,OBJ-N4-SBJ-N5-REVEAL-TR.mp4,,,,,,,,,,,,,,,,,,,,,,,,,,,,,,,,,,,,,,,,,,,,,,,,,,,,,,,,,,,,,,,
,,,,,,,,,,,,,,,,,,,,,,,,,1,,,ALP1202,1995.07.15,2026-05-09_11h29.23.423,BrocantoHPilot1MorphSession2,2025.2.4,Win32,144.092219,1260.774,1,1,1,37.974,1,20.743,37.974,1301.436,0,22,22,22,1,LOC-N4-REVEAL-INTR-SBJ-N2.mp3,SBJ-N2-REVEAL-INTR-LOC-N4.mp4,SBJ-N4-JUMP-INTR-LOC-N2.mp4,,,,,,,,,,,,,,,,,,,,,,,,,,,,,,,,,,,,,,,,,,,,,,,,,,,,,,,,,,,,,,,
,,,,,,,,,,,,,,,,,,,,,,,,,1,,,ALP1202,1995.07.15,2026-05-09_11h29.23.423,BrocantoHPilot1MorphSession2,2025.2.4,Win32,144.092219,1301.437,1,1,1,43.235,1,26.717,43.235,1346.291,0,23,23,23,1,LOC-N2-OBJ-N5-SBJ-N4-PUSH-TR.mp3,OBJ-N5-SBJ-N4-PUSH-TR-LOC-N2.mp4,OBJ-N4-SBJ-N5-PUSH-TR-LOC-N2.mp4,,,,,,,,,,,,,,,,,,,,,,,,,,,,,,,,,,,,,,,,,,,,,,,,,,,,,,,,,,,,,,,
,,,,,,,,,,,,,,,,,,,,,,,,,1,,,ALP1202,1995.07.15,2026-05-09_11h29.23.423,BrocantoHPilot1MorphSession2,2025.2.4,Win32,144.092219,1346.292,1,1,1,43.533,1,28.25,43.533,1391.46,0,24,24,24,1,OBJ-N5-HIDE-TR-LOC-N2-SBJ-N4.mp3,OBJ-N5-SBJ-N4-HIDE-TR-LOC-N2.mp4,OBJ-N5-SBJ-N2-REVEAL-TR-LOC-N4.mp4,,,,,,,,,,,,,,,,,,,,,,,,,,,,,,,,,,,,,,,,,,,,,,,,,,,,,,,,,,,,,,,
,,,,,,,,,,,,,,,,,,,,,,,,,1,,,ALP1202,1995.07.15,2026-05-09_11h29.23.423,BrocantoHPilot1MorphSession2,2025.2.4,Win32,144.092219,1391.463,1,1,1,22.752,1,16.964,22.752,1415.99,0,25,25,25,1,LOC-N4-REVEAL-INTR-SBJ-N2.mp3,SBJ-N2-REVEAL-INTR-LOC-N4.mp4,SBJ-N4-REVEAL-INTR-LOC-N2.mp4,,,,,,,,,,,,,,,,,,,,,,,,,,,,,,,,,,,,,,,,,,,,,,,,,,,,,,,,,,,,,,,
,,,,,,,,,,,,,,,,,,,,,,,,,1,,,ALP1202,1995.07.15,2026-05-09_11h29.23.423,BrocantoHPilot1MorphSession2,2025.2.4,Win32,144.092219,1415.992,1,1,1,17.035,1,16.784,17.035,1436.05,0,26,26,26,1,SBJ-N5-LOC-N4-REVEAL-INTR.mp3,SBJ-N5-REVEAL-INTR-LOC-N4.mp4,SBJ-N4-JUMP-INTR-LOC-N5.mp4,,,,,,,,,,,,,,,,,,,,,,,,,,,,,,,,,,,,,,,,,,,,,,,,,,,,,,,,,,,,,,,
,,,,,,,,,,,,,,,,,,,,,,,,,1,,,ALP1202,1995.07.15,2026-05-09_11h29.23.423,BrocantoHPilot1MorphSession2,2025.2.4,Win32,144.092219,1436.05,1,2,1,46.025,0,38.359,46.025,1483.573,0,27,27,27,1,OBJ-N5-LOC-N1-REVEAL-TR-SBJ-N4.mp3,OBJ-N5-SBJ-N4-REVEAL-TR-LOC-N1.mp4,OBJ-N4-SBJ-N5-REVEAL-TR-LOC-N1.mp4,,,,,,,,,,,,,,,,,,,,,,,,,,,,,,,,,,,,,,,,,,,,,,,,,,,,,,,,,,,,,,,
,,,,,,,,,,,,,,,,,,,,,,,,,1,,,ALP1202,1995.07.15,2026-05-09_11h29.23.423,BrocantoHPilot1MorphSession2,2025.2.4,Win32,144.092219,1483.574,1,2,2,40.7,1,27.426,40.7,1526.352,0,28,28,28,1,SBJ-N1-LOC-N2-HIDE-TR-OBJ-N5.mp3,OBJ-N5-SBJ-N1-HIDE-TR-LOC-N2.mp4,OBJ-N1-SBJ-N5-REVEAL-TR-LOC-N2.mp4,,,,,,,,,,,,,,,,,,,,,,,,,,,,,,,,,,,,,,,,,,,,,,,,,,,,,,,,,,,,,,,
,,,,,,,,,,,,,,,,,,,,,,,,,1,,,ALP1202,1995.07.15,2026-05-09_11h29.23.423,BrocantoHPilot1MorphSession2,2025.2.4,Win32,144.092219,1526.354,1,1,2,32.829,0,17.633,32.829,1560.959,0,29,29,29,1,SBJ-N2-LOC-N4-OBJ-N5-PUSH-TR.mp3,OBJ-N5-SBJ-N2-PUSH-TR-LOC-N4.mp4,OBJ-N2-SBJ-N5-PUSH-TR-LOC-N4.mp4,,,,,,,,,,,,,,,,,,,,,,,,,,,,,,,,,,,,,,,,,,,,,,,,,,,,,,,,,,,,,,,
,,,,,,,,,,,,,,,,,,,,,,,,,1,,,ALP1202,1995.07.15,2026-05-09_11h29.23.423,BrocantoHPilot1MorphSession2,2025.2.4,Win32,144.092219,1560.96,1,2,2,43.122,1,25.958,43.122,1605.611,0,30,30,30,1,SBJ-N1-LOC-N3-OBJ-N5-REVEAL-TR.mp3,OBJ-N5-SBJ-N1-REVEAL-TR-LOC-N3.mp4,OBJ-N3-SBJ-N1-HIDE-TR-LOC-N5.mp4,,,,,,,,,,,,,,,,,,,,,,,,,,,,,,,,,,,,,,,,,,,,,,,,,,,,,,,,,,,,,,,
,,,,,,,,,,,,,,,,,,,,,,,,,1,,,ALP1202,1995.07.15,2026-05-09_11h29.23.423,BrocantoHPilot1MorphSession2,2025.2.4,Win32,144.092219,1605.612,1,2,2,16.653,1,,16.653,1624.097,0,31,31,31,1,GO-INTR-SBJ-N3.mp3,SBJ-N3-GO-INTR.mp4,SBJ-N3-HIDE-INTR.mp4,,,,,,,,,,,,,,,,,,,,,,,,,,,,,,,,,,,,,,,,,,,,,,,,,,,,,,,,,,,,,,,
,,,,,,,,,,,,,,,,,,,,,,,,,1,,,ALP1202,1995.07.15,2026-05-09_11h29.23.423,BrocantoHPilot1MorphSession2,2025.2.4,Win32,144.092219,1624.098,1,2,2,28.893,1,16.936,28.893,1654.475,0,32,32,32,1,SBJ-N3-LOC-N4-PUSH-TR-OBJ-N5.mp3,OBJ-N5-SBJ-N3-PUSH-TR-LOC-N4.mp4,OBJ-N4-SBJ-N3-PUSH-TR-LOC-N5.mp4,,,,,,,,,,,,,,,,,,,,,,,,,,,,,,,,,,,,,,,,,,,,,,,,,,,,,,,,,,,,,,,
,,,,,,,,,,,,,,,,,,,,,,,,,1,,,ALP1202,1995.07.15,2026-05-09_11h29.23.423,BrocantoHPilot1MorphSession2,2025.2.4,Win32,144.092219,1654.477,1,2,2,35.323,1,23.777,35.323,1691.279,0,33,33,33,1,OBJ-N5-HIDE-TR-Ab-SBJ-N1.mp3,OBJ-N5-Ab-SBJ-N1-HIDE-TR.mp4,OBJ-N5-Aa-SBJ-N1-PUSH-TR.mp4,,,,,,,,,,,,,,,,,,,,,,,,,,,,,,,,,,,,,,,,,,,,,,,,,,,,,,,,,,,,,,,
,,,,,,,,,,,,,,,,,,,,,,,,,1,,,ALP1202,1995.07.15,2026-05-09_11h29.23.423,BrocantoHPilot1MorphSession2,2025.2.4,Win32,144.092219,1691.281,1,1,1,21.531,1,14.359,21.531,1714.289,0,34,34,34,1,SBJ-N1-JUMP-INTR.mp3,SBJ-N1-JUMP-INTR.mp4,SBJ-N1-GO-INTR.mp4,,,,,,,,,,,,,,,,,,,,,,,,,,,,,,,,,,,,,,,,,,,,,,,,,,,,,,,,,,,,,,,
,,,,,,,,,,,,,,,,,,,,,,,,,1,,,ALP1202,1995.07.15,2026-05-09_11h29.23.423,BrocantoHPilot1MorphSession2,2025.2.4,Win32,144.092219,1714.29,1,2,2,27.981,1,20.657,27.981,1743.746,0,35,35,35,1,HIDE-INTR-SBJ-N2-LOC-N3.mp3,SBJ-N2-HIDE-INTR-LOC-N3.mp4,SBJ-N3-GO-INTR-LOC-N2.mp4,,,,,,,,,,,,,,,,,,,,,,,,,,,,,,,,,,,,,,,,,,,,,,,,,,,,,,,,,,,,,,,
,,,,,,,,,,,,,,,,,,,,,,,,,1,,,ALP1202,1995.07.15,2026-05-09_11h29.23.423,BrocantoHPilot1MorphSession2,2025.2.4,Win32,144.092219,1743.747,1,1,1,26.223,1,21.084,26.223,1771.38,0,36,36,36,1,SBJ-N4-LOC-N5-HIDE-INTR.mp3,SBJ-N4-HIDE-INTR-LOC-N5.mp4,SBJ-N5-HIDE-INTR-LOC-N4.mp4,,,,,,,,,,,,,,,,,,,,,,,,,,,,,,,,,,,,,,,,,,,,,,,,,,,,,,,,,,,,,,,
,,,,,,,,,,,,,,,,,,,,,,,,,1,,,ALP1202,1995.07.15,2026-05-09_11h29.23.423,BrocantoHPilot1MorphSession2,2025.2.4,Win32,144.092219,1771.381,1,1,1,20.355,1,17.187,20.355,1798.209,0,37,37,37,1,SBJ-N5-LOC-N4-GO-INTR.mp3,SBJ-N5-GO-INTR-LOC-N4.mp4,SBJ-N4-REVEAL-INTR-LOC-N5.mp4,,,,,,,,,,,,,,,,,,,,,,,,,,,,,,,,,,,,,,,,,,,,,,,,,,,,,,,,,,,,,,,
,,,,,,,,,,,,,,,,,,,,,,,,,1,,,ALP1202,1995.07.15,2026-05-09_11h29.23.423,BrocantoHPilot1MorphSession2,2025.2.4,Win32,144.092219,1798.212,1,2,2,33.578,1,18.185,33.578,1839.775,0,38,38,38,1,LOC-N2-JUMP-INTR-SBJ-N3.mp3,SBJ-N3-JUMP-INTR-LOC-N2.mp4,SBJ-N2-JUMP-INTR-LOC-N3.mp4,,,,,,,,,,,,,,,,,,,,,,,,,,,,,,,,,,,,,,,,,,,,,,,,,,,,,,,,,,,,,,,
,,,,,,,,,,,,,,,,,,,,,,,,,1,,,ALP1202,1995.07.15,2026-05-09_11h29.23.423,BrocantoHPilot1MorphSession2,2025.2.4,Win32,144.092219,1839.778,1,1,1,30.025,1,16.344,30.025,1871.296,0,39,39,39,1,LOC-N1-SBJ-N4-JUMP-INTR.mp3,SBJ-N4-JUMP-INTR-LOC-N1.mp4,SBJ-N1-REVEAL-INTR-LOC-N4.mp4,,,,,,,,,,,,,,,,,,,,,,,,,,,,,,,,,,,,,,,,,,,,,,,,,,,,,,,,,,,,,,,
,,,,,,,,,,,,,,,,,,,,,,,,,1,,,ALP1202,1995.07.15,2026-05-09_11h29.23.423,BrocantoHPilot1MorphSession2,2025.2.4,Win32,144.092219,1871.297,1,2,2,45.101,1,19.046,45.101,1917.907,0,40,40,40,1,SBJ-N2-Ab-OBJ-N5-HIDE-TR.mp3,Ab-OBJ-N5-SBJ-N2-HIDE-TR.mp4,OBJ-N2-Aa-SBJ-N5-HIDE-TR.mp4,,,,,,,,,,,,,,,,,,,,,,,,,,,,,,,,,,,,,,,,,,,,,,,,,,,,,,,,,,,,,,,
,,,,,,,,,,,,,,,,,,,,,,,,,1,,,ALP1202,1995.07.15,2026-05-09_11h29.23.423,BrocantoHPilot1MorphSession2,2025.2.4,Win32,144.092219,1917.908,1,2,2,39.44,1,20.282,39.44,1958.871,0,41,41,41,1,OBJ-N5-LOC-N4-SBJ-N3-REVEAL-TR.mp3,OBJ-N5-SBJ-N3-REVEAL-TR-LOC-N4.mp4,OBJ-N4-SBJ-N3-REVEAL-TR-LOC-N5.mp4,,,,,,,,,,,,,,,,,,,,,,,,,,,,,,,,,,,,,,,,,,,,,,,,,,,,,,,,,,,,,,,
,,,,,,,,,,,,,,,,,,,,,,,,,1,,,ALP1202,1995.07.15,2026-05-09_11h29.23.423,BrocantoHPilot1MorphSession2,2025.2.4,Win32,144.092219,,,,,,,,,,,,,,,OBJ.N5 SBJ.N4 HIDE-TR,,,1972.939,1,OBJ-N5-SBJ-N4-HIDE-TR.mp4,SBJ.|N4|HIDE|OBJ.|N5,PUSH|N5|LOC.|N4|OBJ.|SBJ.|HIDE,pif|dabi|zsübe|fer|timó,vánta|timó|pa|dabi|fer|pif|zsübe,pif dabi fer timó zsübe,1,6.776,33.573,2030.497,0,0,0,0,1,OBJ-N5-SBJ-N4-HIDE-TR.mp4,SBJ.|N4|HIDE|OBJ.|N5,PUSH|N5|LOC.|N4|OBJ.|SBJ.|HIDE,pif-dabi zsübe fer-timó,pif|dabi|zsübe|fer|timó,vánta|timó|pa|dabi|fer|pif|zsübe,,,,,,,,,,,,,,,,,,,,,,,,,,,,,,,,,,,,,,,,
,,,,,,,,,,,,,,,,,,,,,,,,,1,,,ALP1202,1995.07.15,2026-05-09_11h29.23.423,BrocantoHPilot1MorphSession2,2025.2.4,Win32,144.092219,,,,,,,,,,,,,,,SBJ.N3 JUMP-INTR,,,2031.001,1,SBJ-N3-JUMP-INTR.mp4,JUMP|SBJ.|N3,JUMP|Aa|SBJ.|N4|N3,bonip|pif|zilép,bonip|gyék|pif|dabi|zilép,pif zilép bonip,1,6.329,11.171,2048.846,0,1,1,1,1,SBJ-N3-JUMP-INTR.mp4,JUMP|SBJ.|N3,JUMP|Aa|SBJ.|N4|N3,bonip pif-zilép,bonip|pif|zilép,bonip|gyék|pif|dabi|zilép,,,,,,,,,,,,,,,,,,,,,,,,,,,,,,,,,,,,,,,,
,,,,,,,,,,,,,,,,,,,,,,,,,1,,,ALP1202,1995.07.15,2026-05-09_11h29.23.423,BrocantoHPilot1MorphSession2,2025.2.4,Win32,144.092219,,,,,,,,,,,,,,,SBJ.N4 GO-INTR,,,2049.352,1,SBJ-N4-GO-INTR.mp4,SBJ.|N4|GO,N3|SBJ.|OBJ.|N4|GO,pif|dabi|kávler,zilép|pif|fer|dabi|kávler,pif dabi kávler,1,5.864,14.158,2070.379,0,2,2,2,1,SBJ-N4-GO-INTR.mp4,SBJ.|N4|GO,N3|SBJ.|OBJ.|N4|GO,pif-dabi kávler,pif|dabi|kávler,zilép|pif|fer|dabi|kávler,,,,,,,,,,,,,,,,,,,,,,,,,,,,,,,,,,,,,,,,
,,,,,,,,,,,,,,,,,,,,,,,,,1,,,ALP1202,1995.07.15,2026-05-09_11h29.23.423,BrocantoHPilot1MorphSession2,2025.2.4,Win32,144.092219,,,,,,,,,,,,,,,OBJ.N5 SBJ.N4 PUSH-TR,,,2070.884,1,OBJ-N5-SBJ-N4-PUSH-TR.mp4,SBJ.|N4|OBJ.|N5|PUSH,N2|N4|PUSH|HIDE|N5|OBJ.|SBJ.,pif|dabi|fer|timó|vánta,murak|dabi|vánta|zsübe|timó|fer|pif,pif dabi fer timó vánta,1,6.068,19.686,2096.669,0,3,3,3,1,OBJ-N5-SBJ-N4-PUSH-TR.mp4,SBJ.|N4|OBJ.|N5|PUSH,N2|N4|PUSH|HIDE|N5|OBJ.|SBJ.,pif-dabi fer-timó vánta,pif|dabi|fer|timó|vánta,murak|dabi|vánta|zsübe|timó|fer|pif,,,,,,,,,,,,,,,,,,,,,,,,,,,,,,,,,,,,,,,,
,,,,,,,,,,,,,,,,,,,,,,,,,1,,,ALP1202,1995.07.15,2026-05-09_11h29.23.423,BrocantoHPilot1MorphSession2,2025.2.4,Win32,144.092219,,,,,,,,,,,,,,,OBJ.N5 SBJ.N3 REVEAL-TR,,,2097.178,1,OBJ-N5-SBJ-N3-REVEAL-TR.mp4,OBJ.|N5|REVEAL|SBJ.|N3,REVEAL|N3|N5|Ab|SBJ.|OBJ.|N1,fer|timó|girda|pif|zilép,girda|zilép|timó|zsot|pif|fer|pekli,pif timó fer zilép girda,0,6.393,16.275,2145.972,0,4,4,4,1,OBJ-N5-SBJ-N3-REVEAL-TR.mp4,OBJ.|N5|REVEAL|SBJ.|N3,REVEAL|N3|N5|Ab|SBJ.|OBJ.|N1,fer-timó girda pif-zilép,fer|timó|girda|pif|zilép,girda|zilép|timó|zsot|pif|fer|pekli,,,,,,,,,,,,,,,,,,,,,,,,,,,,,,,,,,,,,,,,
,,,,,,,,,,,,,,,,,,,,,,,,,1,,,ALP1202,1995.07.15,2026-05-09_11h29.23.423,BrocantoHPilot1MorphSession2,2025.2.4,Win32,144.092219,,,,,,,,,,,,,,,SBJ.N4 HIDE-INTR,,,2146.485,1,SBJ-N4-HIDE-INTR.mp4,HIDE|SBJ.|N4,HIDE|SBJ.|N2|N4|N3,zsübe|pif|dabi,zsübe|pif|murak|dabi|zilép,pif dabi zsübe,1,6.523,11.149,2162.987,0,5,5,5,1,SBJ-N4-HIDE-INTR.mp4,HIDE|SBJ.|N4,HIDE|SBJ.|N2|N4|N3,zsübe pif-dabi,zsübe|pif|dabi,zsübe|pif|murak|dabi|zilép,,,,,,,,,,,,,,,,,,,,,,,,,,,,,,,,,,,,,,,,
,,,,,,,,,,,,,,,,,,,,,,,,,1,,,ALP1202,1995.07.15,2026-05-09_11h29.23.423,BrocantoHPilot1MorphSession2,2025.2.4,Win32,144.092219,,,,,,,,,,,,,,,OBJ.N5 SBJ.N4 PUSH-TR,,,2163.488,1,OBJ-N5-SBJ-N4-PUSH-TR.mp4,SBJ.|N4|OBJ.|N5|PUSH,SBJ.|N2|N5|PUSH|N4|JUMP|OBJ.,pif|dabi|fer|timó|vánta,pif|murak|timó|vánta|dabi|bonip|fer,pif dabi fer timó vánta,1,5.576,10.104,2175.482,0,6,6,6,1,OBJ-N5-SBJ-N4-PUSH-TR.mp4,SBJ.|N4|OBJ.|N5|PUSH,SBJ.|N2|N5|PUSH|N4|JUMP|OBJ.,pif-dabi fer-timó vánta,pif|dabi|fer|timó|vánta,pif|murak|timó|vánta|dabi|bonip|fer,,,,,,,,,,,,,,,,,,,,,,,,,,,,,,,,,,,,,,,,
,,,,,,,,,,,,,,,,,,,,,,,,,1,,,ALP1202,1995.07.15,2026-05-09_11h29.23.423,BrocantoHPilot1MorphSession2,2025.2.4,Win32,144.092219,,,,,,,,,,,,,,,SBJ.N3 REVEAL-INTR,,,2175.988,1,SBJ-N3-REVEAL-INTR.mp4,SBJ.|N3|REVEAL,Aa|REVEAL|N3|LOC.|SBJ.,pif|zilép|girda,gyék|girda|zilép|pa|pif,pif zilép girda,1,4.024,9.187,2195.278,0,7,7,7,1,SBJ-N3-REVEAL-INTR.mp4,SBJ.|N3|REVEAL,Aa|REVEAL|N3|LOC.|SBJ.,pif-zilép girda,pif|zilép|girda,gyék|girda|zilép|pa|pif,,,,,,,,,,,,,,,,,,,,,,,,,,,,,,,,,,,,,,,,
,,,,,,,,,,,,,,,,,,,,,,,,,1,,,ALP1202,1995.07.15,2026-05-09_11h29.23.423,BrocantoHPilot1MorphSession2,2025.2.4,Win32,144.092219,,,,,,,,,,,,,,,OBJ.N5 SBJ.N4 REVEAL-TR,,,2195.78,1,OBJ-N5-SBJ-N4-REVEAL-TR.mp4,REVEAL|OBJ.|N5|SBJ.|N4,N4|SBJ.|Aa|N2|N5|REVEAL|OBJ.,girda|fer|timó|pif|dabi,dabi|pif|gyék|murak|timó|girda|fer,pif dabi girda fer timó,1,28.492,59.45,2263.574,0,8,8,8,1,OBJ-N5-SBJ-N4-REVEAL-TR.mp4,REVEAL|OBJ.|N5|SBJ.|N4,N4|SBJ.|Aa|N2|N5|REVEAL|OBJ.,girda fer-timó pif-dabi,girda|fer|timó|pif|dabi,dabi|pif|gyék|murak|timó|girda|fer,,,,,,,,,,,,,,,,,,,,,,,,,,,,,,,,,,,,,,,,
,,,,,,,,,,,,,,,,,,,,,,,,,1,,,ALP1202,1995.07.15,2026-05-09_11h29.23.423,BrocantoHPilot1MorphSession2,2025.2.4,Win32,144.092219,,,,,,,,,,,,,,,SBJ.N3 JUMP-INTR,,,2264.085,1,SBJ-N3-JUMP-INTR.mp4,JUMP|SBJ.|N3,JUMP|GO|N3|SBJ.|N5,bonip|pif|zilép,bonip|kávler|zilép|pif|timó,pif zilép bonip,1,6.373,10.798,2277.057,0,9,9,9,1,SBJ-N3-JUMP-INTR.mp4,JUMP|SBJ.|N3,JUMP|GO|N3|SBJ.|N5,bonip pif-zilép,bonip|pif|zilép,bonip|kávler|zilép|pif|timó,,,,,,,,,,,,,,,,,,,,,,,,,,,,,,,,,,,,,,,,
,,,,,,,,,,,,,,,,,,,,,,,,,1,,,ALP1202,1995.07.15,2026-05-09_11h29.23.423,BrocantoHPilot1MorphSession2,2025.2.4,Win32,144.092219,,,,,,,,,,,,,,,OBJ.N5 SBJ.N4 HIDE-TR,,,2277.564,1,OBJ-N5-SBJ-N4-HIDE-TR.mp4,SBJ.|N4|HIDE|OBJ.|N5,Aa|HIDE|N5|REVEAL|OBJ.|SBJ.|N4,pif|dabi|zsübe|fer|timó,gyék|zsübe|timó|girda|fer|pif|dabi,pif dabi zsübe fer timó,1,5.902,15.201,2297.886,0,10,10,10,1,OBJ-N5-SBJ-N4-HIDE-TR.mp4,SBJ.|N4|HIDE|OBJ.|N5,Aa|HIDE|N5|REVEAL|OBJ.|SBJ.|N4,pif-dabi zsübe fer-timó,pif|dabi|zsübe|fer|timó,gyék|zsübe|timó|girda|fer|pif|dabi,,,,,,,,,,,,,,,,,,,,,,,,,,,,,,,,,,,,,,,,
,,,,,,,,,,,,,,,,,,,,,,,,,1,,,ALP1202,1995.07.15,2026-05-09_11h29.23.423,BrocantoHPilot1MorphSession2,2025.2.4,Win32,144.092219,,,,,,,,,,,,,,,SBJ.N2 REVEAL-INTR,,,2298.398,1,SBJ-N2-REVEAL-INTR.mp4,SBJ.|N2|REVEAL,N2|OBJ.|REVEAL|JUMP|SBJ.,pif|murak|girda,murak|fer|girda|bonip|pif,pif murak girda,1,7.031,9.406,2309.513,0,11,11,11,1,SBJ-N2-REVEAL-INTR.mp4,SBJ.|N2|REVEAL,N2|OBJ.|REVEAL|JUMP|SBJ.,pif-murak girda,pif|murak|girda,murak|fer|girda|bonip|pif,,,,,,,,,,,,,,,,,,,,,,,,,,,,,,,,,,,,,,,,
,,,,,,,,,,,,,,,,,,,,,,,,,1,,,ALP1202,1995.07.15,2026-05-09_11h29.23.423,BrocantoHPilot1MorphSession2,2025.2.4,Win32,144.092219,,,,,,,,,,,,,,,OBJ.N5 SBJ.N4 HIDE-TR,,,2310.021,1,OBJ-N5-SBJ-N4-HIDE-TR.mp4,SBJ.|N4|HIDE|OBJ.|N5,N4|SBJ.|OBJ.|REVEAL|HIDE|PUSH|N5,pif|dabi|zsübe|fer|timó,dabi|pif|fer|girda|zsübe|vánta|timó,pif dabi zsübe fer timó,1,6.85,14.924,2328.609,0,12,12,12,1,OBJ-N5-SBJ-N4-HIDE-TR.mp4,SBJ.|N4|HIDE|OBJ.|N5,N4|SBJ.|OBJ.|REVEAL|HIDE|PUSH|N5,pif-dabi zsübe fer-timó,pif|dabi|zsübe|fer|timó,dabi|pif|fer|girda|zsübe|vánta|timó,,,,,,,,,,,,,,,,,,,,,,,,,,,,,,,,,,,,,,,,
,,,,,,,,,,,,,,,,,,,,,,,,,1,,,ALP1202,1995.07.15,2026-05-09_11h29.23.423,BrocantoHPilot1MorphSession2,2025.2.4,Win32,144.092219,,,,,,,,,,,,,,,SBJ.N1 GO-INTR,,,2329.117,1,SBJ-N1-GO-INTR.mp4,SBJ.|N1|GO,LOC.|GO|N4|SBJ.|N1,pif|pekli|kávler,pa|kávler|dabi|pif|pekli,pif pekli kávler,1,6.548,9.234,2343.747,0,13,13,13,1,SBJ-N1-GO-INTR.mp4,SBJ.|N1|GO,LOC.|GO|N4|SBJ.|N1,pif-pekli kávler,pif|pekli|kávler,pa|kávler|dabi|pif|pekli,,,,,,,,,,,,,,,,,,,,,,,,,,,,,,,,,,,,,,,,
,,,,,,,,,,,,,,,,,,,,,,,,,1,,,ALP1202,1995.07.15,2026-05-09_11h29.23.423,BrocantoHPilot1MorphSession2,2025.2.4,Win32,144.092219,,,,,,,,,,,,,,,OBJ.N5 SBJ.N3 REVEAL-TR,,,2344.253,1,OBJ-N5-SBJ-N3-REVEAL-TR.mp4,OBJ.|N5|REVEAL|SBJ.|N3,HIDE|N5|SBJ.|PUSH|OBJ.|REVEAL|N3,fer|timó|girda|pif|zilép,zsübe|timó|pif|vánta|fer|girda|zilép,pif zilép fer timó zsübe,0,6.712,17.231,2373.085,0,14,14,14,1,OBJ-N5-SBJ-N3-REVEAL-TR.mp4,OBJ.|N5|REVEAL|SBJ.|N3,HIDE|N5|SBJ.|PUSH|OBJ.|REVEAL|N3,fer-timó girda pif-zilép,fer|timó|girda|pif|zilép,zsübe|timó|pif|vánta|fer|girda|zilép,,,,,,,,,,,,,,,,,,,,,,,,,,,,,,,,,,,,,,,,
,,,,,,,,,,,,,,,,,,,,,,,,,1,,,ALP1202,1995.07.15,2026-05-09_11h29.23.423,BrocantoHPilot1MorphSession2,2025.2.4,Win32,144.092219,,,,,,,,,,,,,,,SBJ.N3 JUMP-INTR,,,2373.586,1,SBJ-N3-JUMP-INTR.mp4,JUMP|SBJ.|N3,JUMP|N1|N5|SBJ.|N3,bonip|pif|zilép,bonip|pekli|timó|pif|zilép,pif zilép bonip,1,5.961,33.74,2409.033,0,15,15,15,1,SBJ-N3-JUMP-INTR.mp4,JUMP|SBJ.|N3,JUMP|N1|N5|SBJ.|N3,bonip pif-zilép,bonip|pif|zilép,bonip|pekli|timó|pif|zilép,,,,,,,,,,,,,,,,,,,,,,,,,,,,,,,,,,,,,,,,
,,,,,,,,,,,,,,,,,,,,,,,,,1,,,ALP1202,1995.07.15,2026-05-09_11h29.23.423,BrocantoHPilot1MorphSession2,2025.2.4,Win32,144.092219,,,,,,,,,,,,,,,SBJ.N4 HIDE-INTR,,,2409.534,1,SBJ-N4-HIDE-INTR.mp4,HIDE|SBJ.|N4,GO|SBJ.|N5|HIDE|N4,zsübe|pif|dabi,kávler|pif|timó|zsübe|dabi,pif dabi zsübe,1,6.308,9.144,2423.407,0,16,16,16,1,SBJ-N4-HIDE-INTR.mp4,HIDE|SBJ.|N4,GO|SBJ.|N5|HIDE|N4,zsübe pif-dabi,zsübe|pif|dabi,kávler|pif|timó|zsübe|dabi,,,,,,,,,,,,,,,,,,,,,,,,,,,,,,,,,,,,,,,,
,,,,,,,,,,,,,,,,,,,,,,,,,1,,,ALP1202,1995.07.15,2026-05-09_11h29.23.423,BrocantoHPilot1MorphSession2,2025.2.4,Win32,144.092219,,,,,,,,,,,,,,,OBJ.N5 SBJ.N2 PUSH-TR,,,2423.917,1,OBJ-N5-SBJ-N2-PUSH-TR.mp4,SBJ.|N2|OBJ.|N5|PUSH,N3|PUSH|N2|N1|OBJ.|N5|SBJ.,pif|murak|fer|timó|vánta,zilép|vánta|murak|pekli|fer|timó|pif,pif murak fer timó vánta,1,5.25,19.25,2447.495,0,17,17,17,1,OBJ-N5-SBJ-N2-PUSH-TR.mp4,SBJ.|N2|OBJ.|N5|PUSH,N3|PUSH|N2|N1|OBJ.|N5|SBJ.,pif-murak fer-timó vánta,pif|murak|fer|timó|vánta,zilép|vánta|murak|pekli|fer|timó|pif,,,,,,,,,,,,,,,,,,,,,,,,,,,,,,,,,,,,,,,,
,,,,,,,,,,,,,,,,,,,,,,,,,1,,,ALP1202,1995.07.15,2026-05-09_11h29.23.423,BrocantoHPilot1MorphSession2,2025.2.4,Win32,144.092219,,,,,,,,,,,,,,,SBJ.N5 REVEAL-INTR,,,2447.999,1,SBJ-N5-REVEAL-INTR.mp4,SBJ.|N5|REVEAL,HIDE|GO|N5|REVEAL|SBJ.,pif|timó|girda,zsübe|kávler|timó|girda|pif,pif timó girda,1,8.306,10.991,2462.189,0,18,18,18,1,SBJ-N5-REVEAL-INTR.mp4,SBJ.|N5|REVEAL,HIDE|GO|N5|REVEAL|SBJ.,pif-timó girda,pif|timó|girda,zsübe|kávler|timó|girda|pif,,,,,,,,,,,,,,,,,,,,,,,,,,,,,,,,,,,,,,,,
,,,,,,,,,,,,,,,,,,,,,,,,,1,,,ALP1202,1995.07.15,2026-05-09_11h29.23.423,BrocantoHPilot1MorphSession2,2025.2.4,Win32,144.092219,,,,,,,,,,,,,,,SBJ.N3 HIDE-INTR,,,2462.708,1,SBJ-N3-HIDE-INTR.mp4,SBJ.|N3|HIDE,N3|HIDE|Aa|GO|SBJ.,pif|zilép|zsübe,zilép|zsübe|gyék|kávler|pif,pif zilép zsübe,1,6.44,9.758,2475.821,0,19,19,19,1,SBJ-N3-HIDE-INTR.mp4,SBJ.|N3|HIDE,N3|HIDE|Aa|GO|SBJ.,pif-zilép zsübe,pif|zilép|zsübe,zilép|zsübe|gyék|kávler|pif,,,,,,,,,,,,,,,,,,,,,,,,,,,,,,,,,,,,,,,,
,,,,,,,,,,,,,,,,,,,,,,,,,1,,,ALP1202,1995.07.15,2026-05-09_11h29.23.423,BrocantoHPilot1MorphSession2,2025.2.4,Win32,144.092219,,,,,,,,,,,,,,,OBJ.N5 SBJ.N2 PUSH-TR,,,2476.324,1,OBJ-N5-SBJ-N2-PUSH-TR.mp4,SBJ.|N2|OBJ.|N5|PUSH,N2|LOC.|JUMP|PUSH|N5|SBJ.|OBJ.,pif|murak|fer|timó|vánta,murak|pa|bonip|vánta|timó|pif|fer,pif murak fer timó vánta,1,5.102,8.981,2490.408,0,20,20,20,1,OBJ-N5-SBJ-N2-PUSH-TR.mp4,SBJ.|N2|OBJ.|N5|PUSH,N2|LOC.|JUMP|PUSH|N5|SBJ.|OBJ.,pif-murak fer-timó vánta,pif|murak|fer|timó|vánta,murak|pa|bonip|vánta|timó|pif|fer,,,,,,,,,,,,,,,,,,,,,,,,,,,,,,,,,,,,,,,,
,,,,,,,,,,,,,,,,,,,,,,,,,1,,,ALP1202,1995.07.15,2026-05-09_11h29.23.423,BrocantoHPilot1MorphSession2,2025.2.4,Win32,144.092219,,,,,,,,,,,,,,,OBJ.N5 SBJ.N1 PUSH-TR,,,2490.958,1,OBJ-N5-SBJ-N1-PUSH-TR.mp4,SBJ.|N1|OBJ.|N5|PUSH,N5|PUSH|OBJ.|LOC.|HIDE|SBJ.|N1,pif|pekli|fer|timó|vánta,timó|vánta|fer|pa|zsübe|pif|pekli,pif pekli fer timó vánta,1,13.267,18.926,2513.834,0,21,21,21,1,OBJ-N5-SBJ-N1-PUSH-TR.mp4,SBJ.|N1|OBJ.|N5|PUSH,N5|PUSH|OBJ.|LOC.|HIDE|SBJ.|N1,pif-pekli fer-timó vánta,pif|pekli|fer|timó|vánta,timó|vánta|fer|pa|zsübe|pif|pekli,,,,,,,,,,,,,,,,,,,,,,,,,,,,,,,,,,,,,,,,
,,,,,,,,,,,,,,,,,,,,,,,,,1,,,ALP1202,1995.07.15,2026-05-09_11h29.23.423,BrocantoHPilot1MorphSession2,2025.2.4,Win32,144.092219,,,,,,,,,,,,,,,OBJ.N5 SBJ.N2 HIDE-TR LOC.N3,,,2514.335,1,OBJ-N5-SBJ-N2-HIDE-TR-LOC-N3.mp4,HIDE|OBJ.|N5|LOC.|N3|SBJ.|N2,LOC.|N2|REVEAL|N5|HIDE|SBJ.|N4|OBJ.|N3,zsübe|fer|timó|pa|zilép|pif|murak,pa|murak|girda|timó|zsübe|pif|dabi|fer|zilép,pif murak fer timó zsübe pa zilép,1,6.565,37.618,2568.964,0,22,22,22,1,OBJ-N5-SBJ-N2-HIDE-TR-LOC-N3.mp4,HIDE|OBJ.|N5|LOC.|N3|SBJ.|N2,LOC.|N2|REVEAL|N5|HIDE|SBJ.|N4|OBJ.|N3,zsübe fer-timó pa-zilép pif-murak,zsübe|fer|timó|pa|zilép|pif|murak,pa|murak|girda|timó|zsübe|pif|dabi|fer|zilép,,,,,,,,,,,,,,,,,,,,,,,,,,,,,,,,,,,,,,,,
,,,,,,,,,,,,,,,,,,,,,,,,,1,,,ALP1202,1995.07.15,2026-05-09_11h29.23.423,BrocantoHPilot1MorphSession2,2025.2.4,Win32,144.092219,,,,,,,,,,,,,,,SBJ.N4 REVEAL-INTR LOC.N3,,,2569.476,1,SBJ-N4-REVEAL-INTR-LOC-N3.mp4,SBJ.|N4|REVEAL|LOC.|N3,LOC.|N3|GO|N4|Ab|REVEAL|SBJ.,pif|dabi|girda|pa|zilép,pa|zilép|kávler|dabi|zsot|girda|pif,pif dabi girda pa zilép,1,5.673,16.161,2600.802,0,23,23,23,1,SBJ-N4-REVEAL-INTR-LOC-N3.mp4,SBJ.|N4|REVEAL|LOC.|N3,LOC.|N3|GO|N4|Ab|REVEAL|SBJ.,pif-dabi girda pa-zilép,pif|dabi|girda|pa|zilép,pa|zilép|kávler|dabi|zsot|girda|pif,,,,,,,,,,,,,,,,,,,,,,,,,,,,,,,,,,,,,,,,
,,,,,,,,,,,,,,,,,,,,,,,,,1,,,ALP1202,1995.07.15,2026-05-09_11h29.23.423,BrocantoHPilot1MorphSession2,2025.2.4,Win32,144.092219,,,,,,,,,,,,,,,SBJ.N4 REVEAL-INTR LOC.N3,,,2601.311,1,SBJ-N4-REVEAL-INTR-LOC-N3.mp4,SBJ.|N4|REVEAL|LOC.|N3,REVEAL|N4|N3|LOC.|SBJ.|Ab|N1,pif|dabi|girda|pa|zilép,girda|dabi|zilép|pa|pif|zsot|pekli,pif dabi girda pa zilép,1,27.537,41.275,2647.562,0,24,24,24,1,SBJ-N4-REVEAL-INTR-LOC-N3.mp4,SBJ.|N4|REVEAL|LOC.|N3,REVEAL|N4|N3|LOC.|SBJ.|Ab|N1,pif-dabi girda pa-zilép,pif|dabi|girda|pa|zilép,girda|dabi|zilép|pa|pif|zsot|pekli,,,,,,,,,,,,,,,,,,,,,,,,,,,,,,,,,,,,,,,,
,,,,,,,,,,,,,,,,,,,,,,,,,1,,,ALP1202,1995.07.15,2026-05-09_11h29.23.423,BrocantoHPilot1MorphSession2,2025.2.4,Win32,144.092219,,,,,,,,,,,,,,,OBJ.N5 SBJ.N1 PUSH-TR LOC.N2,,,2648.067,1,OBJ-N5-SBJ-N1-PUSH-TR-LOC-N2.mp4,OBJ.|N5|PUSH|SBJ.|N1|LOC.|N2,PUSH|N1|N5|LOC.|N2|N3|SBJ.|GO|OBJ.,fer|timó|vánta|pif|pekli|pa|murak,vánta|pekli|timó|pa|murak|zilép|pif|kávler|fer,pif pekli fer timó vánta pa murak,1,5.097,28.412,2681.087,0,25,25,25,1,OBJ-N5-SBJ-N1-PUSH-TR-LOC-N2.mp4,OBJ.|N5|PUSH|SBJ.|N1|LOC.|N2,PUSH|N1|N5|LOC.|N2|N3|SBJ.|GO|OBJ.,fer-timó vánta pif-pekli pa-murak,fer|timó|vánta|pif|pekli|pa|murak,vánta|pekli|timó|pa|murak|zilép|pif|kávler|fer,,,,,,,,,,,,,,,,,,,,,,,,,,,,,,,,,,,,,,,,
,,,,,,,,,,,,,,,,,,,,,,,,,1,,,ALP1202,1995.07.15,2026-05-09_11h29.23.423,BrocantoHPilot1MorphSession2,2025.2.4,Win32,144.092219,,,,,,,,,,,,,,,OBJ.N5 SBJ.N1 REVEAL-TR LOC.N3,,,2681.604,1,OBJ-N5-SBJ-N1-REVEAL-TR-LOC-N3.mp4,SBJ.|N1|LOC.|N3|OBJ.|N5|REVEAL,N3|SBJ.|JUMP|OBJ.|N5|REVEAL|HIDE|LOC.|N1,pif|pekli|pa|zilép|fer|timó|girda,zilép|pif|bonip|fer|timó|girda|zsübe|pa|pekli,pif pekli fer timó girda pa zilép,1,8.184,36.012,2728.231,0,26,26,26,1,OBJ-N5-SBJ-N1-REVEAL-TR-LOC-N3.mp4,SBJ.|N1|LOC.|N3|OBJ.|N5|REVEAL,N3|SBJ.|JUMP|OBJ.|N5|REVEAL|HIDE|LOC.|N1,pif-pekli pa-zilép fer-timó girda,pif|pekli|pa|zilép|fer|timó|girda,zilép|pif|bonip|fer|timó|girda|zsübe|pa|pekli,,,,,,,,,,,,,,,,,,,,,,,,,,,,,,,,,,,,,,,,
,,,,,,,,,,,,,,,,,,,,,,,,,1,,,ALP1202,1995.07.15,2026-05-09_11h29.23.423,BrocantoHPilot1MorphSession2,2025.2.4,Win32,144.092219,,,,,,,,,,,,,,,SBJ.N1 REVEAL-INTR LOC.N5,,,2728.737,1,SBJ-N1-REVEAL-INTR-LOC-N5.mp4,REVEAL|SBJ.|N1|LOC.|N5,N1|SBJ.|N5|N2|LOC.|Ab|REVEAL,girda|pif|pekli|pa|timó,pekli|pif|timó|murak|pa|zsot|girda,pif pekli girda pa timó,1,7.651,21.108,2755.896,0,27,27,27,1,SBJ-N1-REVEAL-INTR-LOC-N5.mp4,REVEAL|SBJ.|N1|LOC.|N5,N1|SBJ.|N5|N2|LOC.|Ab|REVEAL,girda pif-pekli pa-timó,girda|pif|pekli|pa|timó,pekli|pif|timó|murak|pa|zsot|girda,,,,,,,,,,,,,,,,,,,,,,,,,,,,,,,,,,,,,,,,
,,,,,,,,,,,,,,,,,,,,,,,,,1,,,ALP1202,1995.07.15,2026-05-09_11h29.23.423,BrocantoHPilot1MorphSession2,2025.2.4,Win32,144.092219,,,,,,,,,,,,,,,OBJ.N5 SBJ.N2 PUSH-TR LOC.N3,,,2756.408,1,OBJ-N5-SBJ-N2-PUSH-TR-LOC-N3.mp4,LOC.|N3|SBJ.|N2|OBJ.|N5|PUSH,N2|N3|PUSH|N5|SBJ.|N1|OBJ.|REVEAL|LOC.,pa|zilép|pif|murak|fer|timó|vánta,murak|zilép|vánta|timó|pif|pekli|fer|girda|pa,pif murak vánta fer timó pa pekli,0,5.094,16.848,2802.705,0,28,28,28,1,OBJ-N5-SBJ-N2-PUSH-TR-LOC-N3.mp4,LOC.|N3|SBJ.|N2|OBJ.|N5|PUSH,N2|N3|PUSH|N5|SBJ.|N1|OBJ.|REVEAL|LOC.,pa-zilép pif-murak fer-timó vánta,pa|zilép|pif|murak|fer|timó|vánta,murak|zilép|vánta|timó|pif|pekli|fer|girda|pa,,,,,,,,,,,,,,,,,,,,,,,,,,,,,,,,,,,,,,,,
,,,,,,,,,,,,,,,,,,,,,,,,,1,,,ALP1202,1995.07.15,2026-05-09_11h29.23.423,BrocantoHPilot1MorphSession2,2025.2.4,Win32,144.092219,,,,,,,,,,,,,,,OBJ.N5 SBJ.N1 HIDE-TR LOC.N2,,,2803.207,1,OBJ-N5-SBJ-N1-HIDE-TR-LOC-N2.mp4,SBJ.|N1|LOC.|N2|HIDE|OBJ.|N5,HIDE|N2|LOC.|OBJ.|N3|N5|N1|Ab|SBJ.,pif|pekli|pa|murak|zsübe|fer|timó,zsübe|murak|pa|fer|zilép|timó|pekli|zsot|pif,pif pekli zsübe fer timó pa murak,1,6.376,52.814,2863.753,0,29,29,29,1,OBJ-N5-SBJ-N1-HIDE-TR-LOC-N2.mp4,SBJ.|N1|LOC.|N2|HIDE|OBJ.|N5,HIDE|N2|LOC.|OBJ.|N3|N5|N1|Ab|SBJ.,pif-pekli pa-murak zsübe fer-timó,pif|pekli|pa|murak|zsübe|fer|timó,zsübe|murak|pa|fer|zilép|timó|pekli|zsot|pif,,,,,,,,,,,,,,,,,,,,,,,,,,,,,,,,,,,,,,,,
,,,,,,,,,,,,,,,,,,,,,,,,,1,,,ALP1202,1995.07.15,2026-05-09_11h29.23.423,BrocantoHPilot1MorphSession2,2025.2.4,Win32,144.092219,,,,,,,,,,,,,,,OBJ.N5 SBJ.N2 PUSH-TR LOC.N4,,,2864.264,1,OBJ-N5-SBJ-N2-PUSH-TR-LOC-N4.mp4,SBJ.|N2|LOC.|N4|OBJ.|N5|PUSH,LOC.|N2|OBJ.|PUSH|HIDE|SBJ.|Ab|N4|N5,pif|murak|pa|dabi|fer|timó|vánta,pa|murak|fer|vánta|zsübe|pif|zsot|dabi|timó,pif murak fer timó vánta pa dabi,1,5.077,36.499,2910.094,0,30,30,30,1,OBJ-N5-SBJ-N2-PUSH-TR-LOC-N4.mp4,SBJ.|N2|LOC.|N4|OBJ.|N5|PUSH,LOC.|N2|OBJ.|PUSH|HIDE|SBJ.|Ab|N4|N5,pif-murak pa-dabi fer-timó vánta,pif|murak|pa|dabi|fer|timó|vánta,pa|murak|fer|vánta|zsübe|pif|zsot|dabi|timó,,,,,,,,,,,,,,,,,,,,,,,,,,,,,,,,,,,,,,,,
,,,,,,,,,,,,,,,,,,,,,,,,,1,,,ALP1202,1995.07.15,2026-05-09_11h29.23.423,BrocantoHPilot1MorphSession2,2025.2.4,Win32,144.092219,,,,,,,,,,,,,,,OBJ.N5 SBJ.N3 REVEAL-TR,,,2910.606,1,OBJ-N5-SBJ-N3-REVEAL-TR.mp4,OBJ.|N5|REVEAL|SBJ.|N3,N5|GO|OBJ.|N3|Ab|SBJ.|REVEAL,fer|timó|girda|pif|zilép,timó|kávler|fer|zilép|zsot|pif|girda,pif zilép girda fer timó,1,6.542,14.118,2937.67,0,31,31,31,1,OBJ-N5-SBJ-N3-REVEAL-TR.mp4,OBJ.|N5|REVEAL|SBJ.|N3,N5|GO|OBJ.|N3|Ab|SBJ.|REVEAL,fer-timó girda pif-zilép,fer|timó|girda|pif|zilép,timó|kávler|fer|zilép|zsot|pif|girda,,,,,,,,,,,,,,,,,,,,,,,,,,,,,,,,,,,,,,,,
,,,,,,,,,,,,,,,,,,,,,,,,,1,,,ALP1202,1995.07.15,2026-05-09_11h29.23.423,BrocantoHPilot1MorphSession2,2025.2.4,Win32,144.092219,,,,,,,,,,,,,,,OBJ.N5 SBJ.N3 HIDE-TR LOC.N4,,,2938.174,1,OBJ-N5-SBJ-N3-HIDE-TR-LOC-N4.mp4,OBJ.|N5|SBJ.|N3|HIDE|LOC.|N4,N5|OBJ.|HIDE|REVEAL|SBJ.|GO|LOC.|N4|N3,fer|timó|pif|zilép|zsübe|pa|dabi,timó|fer|zsübe|girda|pif|kávler|pa|dabi|zilép,pif zilép zsübe fer timó pa dabi,1,6.054,26.451,2967.56,0,32,32,32,1,OBJ-N5-SBJ-N3-HIDE-TR-LOC-N4.mp4,OBJ.|N5|SBJ.|N3|HIDE|LOC.|N4,N5|OBJ.|HIDE|REVEAL|SBJ.|GO|LOC.|N4|N3,fer-timó pif-zilép zsübe pa-dabi,fer|timó|pif|zilép|zsübe|pa|dabi,timó|fer|zsübe|girda|pif|kávler|pa|dabi|zilép,,,,,,,,,,,,,,,,,,,,,,,,,,,,,,,,,,,,,,,,
,,,,,,,,,,,,,,,,,,,,,,,,,1,,,ALP1202,1995.07.15,2026-05-09_11h29.23.423,BrocantoHPilot1MorphSession2,2025.2.4,Win32,144.092219,,,,,,,,,,,,,,,Aa SBJ.N5 JUMP-INTR,,,2968.065,1,Aa-SBJ-N5-JUMP-INTR.mp4,JUMP|Aa|SBJ.|N5,N4|GO|SBJ.|N5|JUMP|Aa,bonip|gyék|pif|timó,dabi|kávler|pif|timó|bonip|gyék,pif timó gyék bonip,0,4.152,19.145,3063.196,0,33,33,33,1,Aa-SBJ-N5-JUMP-INTR.mp4,JUMP|Aa|SBJ.|N5,N4|GO|SBJ.|N5|JUMP|Aa,bonip gyék pif-timó,bonip|gyék|pif|timó,dabi|kávler|pif|timó|bonip|gyék,,,,,,,,,,,,,,,,,,,,,,,,,,,,,,,,,,,,,,,,
,,,,,,,,,,,,,,,,,,,,,,,,,1,,,ALP1202,1995.07.15,2026-05-09_11h29.23.423,BrocantoHPilot1MorphSession2,2025.2.4,Win32,144.092219,,,,,,,,,,,,,,,SBJ.N3 HIDE-INTR,,,3063.704,1,SBJ-N3-HIDE-INTR.mp4,SBJ.|N3|HIDE,HIDE|SBJ.|LOC.|Ab|N3,pif|zilép|zsübe,zsübe|pif|pa|zsot|zilép,pif zilép zsübe,1,12.356,18.515,3084.748,0,34,34,34,1,SBJ-N3-HIDE-INTR.mp4,SBJ.|N3|HIDE,HIDE|SBJ.|LOC.|Ab|N3,pif-zilép zsübe,pif|zilép|zsübe,zsübe|pif|pa|zsot|zilép,,,,,,,,,,,,,,,,,,,,,,,,,,,,,,,,,,,,,,,,
,,,,,,,,,,,,,,,,,,,,,,,,,1,,,ALP1202,1995.07.15,2026-05-09_11h29.23.423,BrocantoHPilot1MorphSession2,2025.2.4,Win32,144.092219,,,,,,,,,,,,,,,SBJ.N3 GO-INTR LOC.N2,,,3085.257,1,SBJ-N3-GO-INTR-LOC-N2.mp4,LOC.|N2|GO|SBJ.|N3,LOC.|SBJ.|N2|GO|REVEAL|N3|Aa,pa|murak|kávler|pif|zilép,pa|pif|murak|kávler|girda|zilép|gyék,pif zilép kávler pa murak,1,10.323,18.696,3108.731,0,35,35,35,1,SBJ-N3-GO-INTR-LOC-N2.mp4,LOC.|N2|GO|SBJ.|N3,LOC.|SBJ.|N2|GO|REVEAL|N3|Aa,pa-murak kávler pif-zilép,pa|murak|kávler|pif|zilép,pa|pif|murak|kávler|girda|zilép|gyék,,,,,,,,,,,,,,,,,,,,,,,,,,,,,,,,,,,,,,,,
,,,,,,,,,,,,,,,,,,,,,,,,,1,,,ALP1202,1995.07.15,2026-05-09_11h29.23.423,BrocantoHPilot1MorphSession2,2025.2.4,Win32,144.092219,,,,,,,,,,,,,,,SBJ.N1 HIDE-INTR LOC.N5,,,3109.232,1,SBJ-N1-HIDE-INTR-LOC-N5.mp4,HIDE|LOC.|N5|SBJ.|N1,SBJ.|N1|HIDE|PUSH|LOC.|N5|OBJ.,zsübe|pa|timó|pif|pekli,pif|pekli|zsübe|vánta|pa|timó|fer,pif pekli zsübe pa timó,1,4.889,14.676,3133.514,0,36,36,36,1,SBJ-N1-HIDE-INTR-LOC-N5.mp4,HIDE|LOC.|N5|SBJ.|N1,SBJ.|N1|HIDE|PUSH|LOC.|N5|OBJ.,zsübe pa-timó pif-pekli,zsübe|pa|timó|pif|pekli,pif|pekli|zsübe|vánta|pa|timó|fer,,,,,,,,,,,,,,,,,,,,,,,,,,,,,,,,,,,,,,,,
,,,,,,,,,,,,,,,,,,,,,,,,,1,,,ALP1202,1995.07.15,2026-05-09_11h29.23.423,BrocantoHPilot1MorphSession2,2025.2.4,Win32,144.092219,,,,,,,,,,,,,,,SBJ.N1 JUMP-INTR LOC.N5,,,3134.027,1,SBJ-N1-JUMP-INTR-LOC-N5.mp4,LOC.|N5|SBJ.|N1|JUMP,LOC.|OBJ.|HIDE|SBJ.|JUMP|N1|N5,pa|timó|pif|pekli|bonip,pa|fer|zsübe|pif|bonip|pekli|timó,pif pekli bonip pa timó,1,5.092,13.715,3150.596,0,37,37,37,1,SBJ-N1-JUMP-INTR-LOC-N5.mp4,LOC.|N5|SBJ.|N1|JUMP,LOC.|OBJ.|HIDE|SBJ.|JUMP|N1|N5,pa-timó pif-pekli bonip,pa|timó|pif|pekli|bonip,pa|fer|zsübe|pif|bonip|pekli|timó,,,,,,,,,,,,,,,,,,,,,,,,,,,,,,,,,,,,,,,,
,,,,,,,,,,,,,,,,,,,,,,,,,1,,,ALP1202,1995.07.15,2026-05-09_11h29.23.423,BrocantoHPilot1MorphSession2,2025.2.4,Win32,144.092219,,,,,,,,,,,,,,,SBJ.N5 GO-INTR LOC.N3,,,3151.1,1,SBJ-N5-GO-INTR-LOC-N3.mp4,GO|SBJ.|N5|LOC.|N3,N3|LOC.|Aa|N4|GO|N5|SBJ.,kávler|pif|timó|pa|zilép,zilép|pa|gyék|dabi|kávler|timó|pif,pif timó kávler pa zilép,1,7.207,12.609,3166.673,0,38,38,38,1,SBJ-N5-GO-INTR-LOC-N3.mp4,GO|SBJ.|N5|LOC.|N3,N3|LOC.|Aa|N4|GO|N5|SBJ.,kávler pif-timó pa-zilép,kávler|pif|timó|pa|zilép,zilép|pa|gyék|dabi|kávler|timó|pif,,,,,,,,,,,,,,,,,,,,,,,,,,,,,,,,,,,,,,,,
,,,,,,,,,,,,,,,,,,,,,,,,,1,,,ALP1202,1995.07.15,2026-05-09_11h29.23.423,BrocantoHPilot1MorphSession2,2025.2.4,Win32,144.092219,,,,,,,,,,,,,,,SBJ.N5 HIDE-INTR LOC.N2,,,3167.18,1,SBJ-N5-HIDE-INTR-LOC-N2.mp4,LOC.|N2|HIDE|SBJ.|N5,N4|HIDE|N3|SBJ.|N2|LOC.|N5,pa|murak|zsübe|pif|timó,dabi|zsübe|zilép|pif|murak|pa|timó,pif timó zsübe pa murak,1,7.741,12.662,3184.065,0,39,39,39,1,SBJ-N5-HIDE-INTR-LOC-N2.mp4,LOC.|N2|HIDE|SBJ.|N5,N4|HIDE|N3|SBJ.|N2|LOC.|N5,pa-murak zsübe pif-timó,pa|murak|zsübe|pif|timó,dabi|zsübe|zilép|pif|murak|pa|timó,,,,,,,,,,,,,,,,,,,,,,,,,,,,,,,,,,,,,,,,
,,,,,,,,,,,,,,,,,,,,,,,,,1,,,ALP1202,1995.07.15,2026-05-09_11h29.23.423,BrocantoHPilot1MorphSession2,2025.2.4,Win32,144.092219,,,,,,,,,,,,,,,OBJ.N5 SBJ.N3 HIDE-TR LOC.N2,,,3184.568,1,OBJ-N5-SBJ-N3-HIDE-TR-LOC-N2.mp4,HIDE|OBJ.|N5|LOC.|N2|SBJ.|N3,GO|HIDE|LOC.|N2|SBJ.|N5|N3|OBJ.|Aa,zsübe|fer|timó|pa|murak|pif|zilép,kávler|zsübe|pa|murak|pif|timó|zilép|fer|gyék,pif zilép zsübe fer timó pa murak,1,5.751,25.639,3215.664,0,40,40,40,1,OBJ-N5-SBJ-N3-HIDE-TR-LOC-N2.mp4,HIDE|OBJ.|N5|LOC.|N2|SBJ.|N3,GO|HIDE|LOC.|N2|SBJ.|N5|N3|OBJ.|Aa,zsübe fer-timó pa-murak pif-zilép,zsübe|fer|timó|pa|murak|pif|zilép,kávler|zsübe|pa|murak|pif|timó|zilép|fer|gyék,,,,,,,,,,,,,,,,,,,,,,,,,,,,,,,,,,,,,,,,
,,,,,,,,,,,,,,,,,,,,,,,,,1,,,ALP1202,1995.07.15,2026-05-09_11h29.23.423,BrocantoHPilot1MorphSession2,2025.2.4,Win32,144.092219,,,,,,,,,,,,,,,Ab OBJ.N5 SBJ.N2 HIDE-TR,,,3216.169,1,Ab-OBJ-N5-SBJ-N2-HIDE-TR.mp4,SBJ.|N2|Ab|OBJ.|N5|HIDE,N5|OBJ.|Ab|SBJ.|N1|HIDE|GO|N2,pif|murak|zsot|fer|timó|zsübe,timó|fer|zsot|pif|pekli|zsübe|kávler|murak,pif murak zsübe fer timó zsot,0,6.791,22.954,3286.11,0,41,41,41,1,Ab-OBJ-N5-SBJ-N2-HIDE-TR.mp4,SBJ.|N2|Ab|OBJ.|N5|HIDE,N5|OBJ.|Ab|SBJ.|N1|HIDE|GO|N2,pif-murak zsot fer-timó zsübe,pif|murak|zsot|fer|timó|zsübe,timó|fer|zsot|pif|pekli|zsübe|kávler|murak,,,,,,,,,,,,,,,,,,,,,,,,,,,,,,,,,,,,,,,,
,,,,,,,,,,,,,,,,,,,,,,,,,1,,,ALP1202,1995.07.15,2026-05-09_11h29.23.423,BrocantoHPilot1MorphSession2,2025.2.4,Win32,144.092219,,,,,,,,,,,,,,,,,,,,,,,,,,,,,,,,,,,,,,,,,3308.731,chunkTest_s1,0,1,N5-N5.mp3,0,4.697,5,2,2.954,9.204,3318.577,0,0,0,16,1,N5-N5.mp3,0,,,,,,,,,,,,,,,,,,,,,
,,,,,,,,,,,,,,,,,,,,,,,,,1,,,ALP1202,1995.07.15,2026-05-09_11h29.23.423,BrocantoHPilot1MorphSession2,2025.2.4,Win32,144.092219,,,,,,,,,,,,,,,,,,,,,,,,,,,,,,,,,,,,,,,,,3319.083,chunkTest_s1,1,1,JUMP-SBJ.mp3,8,0.979,6,1,2.608,4.282,3323.998,0,1,1,11,1,JUMP-SBJ.mp3,8,,,,,,,,,,,,,,,,,,,,,
,,,,,,,,,,,,,,,,,,,,,,,,,1,,,ALP1202,1995.07.15,2026-05-09_11h29.23.423,BrocantoHPilot1MorphSession2,2025.2.4,Win32,144.092219,,,,,,,,,,,,,,,,,,,,,,,,,,,,,,,,,,,,,,,,,3324.508,chunkTest_s1,2,1,N3-N3.mp3,0,0.505,6,1,2.984,3.557,3328.796,0,2,2,17,1,N3-N3.mp3,0,,,,,,,,,,,,,,,,,,,,,
,,,,,,,,,,,,,,,,,,,,,,,,,1,,,ALP1202,1995.07.15,2026-05-09_11h29.23.423,BrocantoHPilot1MorphSession2,2025.2.4,Win32,144.092219,,,,,,,,,,,,,,,,,,,,,,,,,,,,,,,,,,,,,,,,,3329.303,chunkTest_s1,3,1,N2-LOC.mp3,7,0.617,6,1,2.017,3.709,3333.637,0,3,3,13,1,N2-LOC.mp3,7,,,,,,,,,,,,,,,,,,,,,
,,,,,,,,,,,,,,,,,,,,,,,,,1,,,ALP1202,1995.07.15,2026-05-09_11h29.23.423,BrocantoHPilot1MorphSession2,2025.2.4,Win32,144.092219,,,,,,,,,,,,,,,,,,,,,,,,,,,,,,,,,,,,,,,,,3334.137,chunkTest_s1,4,1,N2-GO.mp3,2,0.418,6,1,2.776,2.806,3337.618,0,4,4,4,1,N2-GO.mp3,2,,,,,,,,,,,,,,,,,,,,,
,,,,,,,,,,,,,,,,,,,,,,,,,1,,,ALP1202,1995.07.15,2026-05-09_11h29.23.423,BrocantoHPilot1MorphSession2,2025.2.4,Win32,144.092219,,,,,,,,,,,,,,,,,,,,,,,,,,,,,,,,,,,,,,,,,3338.119,chunkTest_s1,5,1,REVEAL-Ab.mp3,0,0.8,6,1,2.366,2.985,3341.595,0,5,5,6,1,REVEAL-Ab.mp3,0,,,,,,,,,,,,,,,,,,,,,
,,,,,,,,,,,,,,,,,,,,,,,,,1,,,ALP1202,1995.07.15,2026-05-09_11h29.23.423,BrocantoHPilot1MorphSession2,2025.2.4,Win32,144.092219,,,,,,,,,,,,,,,,,,,,,,,,,,,,,,,,,,,,,,,,,3342.099,chunkTest_s1,6,1,N4-SBJ.mp3,3,0.781,6,1,2.175,2.631,3345.298,0,6,6,5,1,N4-SBJ.mp3,3,,,,,,,,,,,,,,,,,,,,,
,,,,,,,,,,,,,,,,,,,,,,,,,1,,,ALP1202,1995.07.15,2026-05-09_11h29.23.423,BrocantoHPilot1MorphSession2,2025.2.4,Win32,144.092219,,,,,,,,,,,,,,,,,,,,,,,,,,,,,,,,,,,,,,,,,3345.804,chunkTest_s1,7,1,N3-N3.mp3,0,0.877,6,1,3.357,4.126,3350.635,0,7,7,7,1,N3-N3.mp3,0,,,,,,,,,,,,,,,,,,,,,
,,,,,,,,,,,,,,,,,,,,,,,,,1,,,ALP1202,1995.07.15,2026-05-09_11h29.23.423,BrocantoHPilot1MorphSession2,2025.2.4,Win32,144.092219,,,,,,,,,,,,,,,,,,,,,,,,,,,,,,,,,,,,,,,,,3351.148,chunkTest_s1,8,1,SBJ-JUMP.mp3,0,0.648,6,1,2.273,2.951,3354.683,0,8,8,8,1,SBJ-JUMP.mp3,0,,,,,,,,,,,,,,,,,,,,,
,,,,,,,,,,,,,,,,,,,,,,,,,1,,,ALP1202,1995.07.15,2026-05-09_11h29.23.423,BrocantoHPilot1MorphSession2,2025.2.4,Win32,144.092219,,,,,,,,,,,,,,,,,,,,,,,,,,,,,,,,,,,,,,,,,3355.197,chunkTest_s1,9,1,N2-SBJ.mp3,4,2.334,6,3,4.573,4.752,3360.45,0,9,9,9,1,N2-SBJ.mp3,4,,,,,,,,,,,,,,,,,,,,,
,,,,,,,,,,,,,,,,,,,,,,,,,1,,,ALP1202,1995.07.15,2026-05-09_11h29.23.423,BrocantoHPilot1MorphSession2,2025.2.4,Win32,144.092219,,,,,,,,,,,,,,,,,,,,,,,,,,,,,,,,,,,,,,,,,3360.951,chunkTest_s1,10,1,N1-N5.mp3,0,0.32,6,1,2.08,2.376,3363.872,0,10,10,18,1,N1-N5.mp3,0,,,,,,,,,,,,,,,,,,,,,
,,,,,,,,,,,,,,,,,,,,,,,,,1,,,ALP1202,1995.07.15,2026-05-09_11h29.23.423,BrocantoHPilot1MorphSession2,2025.2.4,Win32,144.092219,,,,,,,,,,,,,,,,,,,,,,,,,,,,,,,,,,,,,,,,,3364.387,chunkTest_s1,11,1,LOC-Aa.mp3,0,3.959,6,2,1.88,3.12,3369.666,0,11,11,3,1,LOC-Aa.mp3,0,,,,,,,,,,,,,,,,,,,,,
,,,,,,,,,,,,,,,,,,,,,,,,,1,,,ALP1202,1995.07.15,2026-05-09_11h29.23.423,BrocantoHPilot1MorphSession2,2025.2.4,Win32,144.092219,,,,,,,,,,,,,,,,,,,,,,,,,,,,,,,,,,,,,,,,,3370.178,chunkTest_s1,12,1,PUSH-LOC.mp3,1,16.143,6,11,3.047,17.829,3388.717,0,12,12,0,1,PUSH-LOC.mp3,1,,,,,,,,,,,,,,,,,,,,,
,,,,,,,,,,,,,,,,,,,,,,,,,1,,,ALP1202,1995.07.15,2026-05-09_11h29.23.423,BrocantoHPilot1MorphSession2,2025.2.4,Win32,144.092219,,,,,,,,,,,,,,,,,,,,,,,,,,,,,,,,,,,,,,,,,3389.22,chunkTest_s1,13,1,N4-LOC.mp3,3,2.775,6,4,4.854,5.601,3395.327,0,13,13,19,1,N4-LOC.mp3,3,,,,,,,,,,,,,,,,,,,,,
,,,,,,,,,,,,,,,,,,,,,,,,,1,,,ALP1202,1995.07.15,2026-05-09_11h29.23.423,BrocantoHPilot1MorphSession2,2025.2.4,Win32,144.092219,,,,,,,,,,,,,,,,,,,,,,,,,,,,,,,,,,,,,,,,,3395.843,chunkTest_s1,14,1,N5-N5.mp3,0,2.949,6,2,4.702,5.345,3401.915,0,14,14,1,1,N5-N5.mp3,0,,,,,,,,,,,,,,,,,,,,,
,,,,,,,,,,,,,,,,,,,,,,,,,1,,,ALP1202,1995.07.15,2026-05-09_11h29.23.423,BrocantoHPilot1MorphSession2,2025.2.4,Win32,144.092219,,,,,,,,,,,,,,,,,,,,,,,,,,,,,,,,,,,,,,,,,3402.417,chunkTest_s1,15,1,Aa-SBJ.mp3,2,0.534,6,2,1.95,2.815,3405.898,0,15,15,12,1,Aa-SBJ.mp3,2,,,,,,,,,,,,,,,,,,,,,
,,,,,,,,,,,,,,,,,,,,,,,,,1,,,ALP1202,1995.07.15,2026-05-09_11h29.23.423,BrocantoHPilot1MorphSession2,2025.2.4,Win32,144.092219,,,,,,,,,,,,,,,,,,,,,,,,,,,,,,,,,,,,,,,,,3406.453,chunkTest_s1,16,1,LOC-GO.mp3,0,0.368,6,1,1.923,2.43,3409.514,0,16,16,15,1,LOC-GO.mp3,0,,,,,,,,,,,,,,,,,,,,,
,,,,,,,,,,,,,,,,,,,,,,,,,1,,,ALP1202,1995.07.15,2026-05-09_11h29.23.423,BrocantoHPilot1MorphSession2,2025.2.4,Win32,144.092219,,,,,,,,,,,,,,,,,,,,,,,,,,,,,,,,,,,,,,,,,3410.019,chunkTest_s1,17,1,N5-N5.mp3,0,5.767,1,2,4.671,29.158,3441.761,0,17,17,14,1,N5-N5.mp3,0,,,,,,,,,,,,,,,,,,,,,
,,,,,,,,,,,,,,,,,,,,,,,,,1,,,ALP1202,1995.07.15,2026-05-09_11h29.23.423,BrocantoHPilot1MorphSession2,2025.2.4,Win32,144.092219,,,,,,,,,,,,,,,,,,,,,,,,,,,,,,,,,,,,,,,,,3442.268,chunkTest_s1,18,1,LOC-N2.mp3,18,0.779,6,1,1.984,6.32,3449.242,0,18,18,10,1,LOC-N2.mp3,18,,,,,,,,,,,,,,,,,,,,,
,,,,,,,,,,,,,,,,,,,,,,,,,1,,,ALP1202,1995.07.15,2026-05-09_11h29.23.423,BrocantoHPilot1MorphSession2,2025.2.4,Win32,144.092219,,,,,,,,,,,,,,,,,,,,,,,,,,,,,,,,,,,,,,,,,3449.75,chunkTest_s1,19,1,HIDE-LOC.mp3,6,1.782,6,2,4.557,10.598,3461.174,0,19,19,2,1,HIDE-LOC.mp3,6,,,,,,,,,,,,,,,,,,,,,
,,,,,,,,,,,,,,,,,,,,,,,,,1,,,ALP1202,1995.07.15,2026-05-09_11h29.23.423,BrocantoHPilot1MorphSession2,2025.2.4,Win32,144.092219,,,,,,,,,,,,,,,,,,,,,,,,,,,,,,,,,,,,,,,,,3629.991,GJTest_s1,0,1,SBJ-N4-OBJ-N5-PUSH-TR.mp3,5,1.525,6,1,5.033,6.227,3636.805,,,,,,SBJ-N4-OBJ-N5-PUSH-TR.mp3,5,0,0,0,4,1,,,,,,,,,,,,,,,,
,,,,,,,,,,,,,,,,,,,,,,,,,1,,,ALP1202,1995.07.15,2026-05-09_11h29.23.423,BrocantoHPilot1MorphSession2,2025.2.4,Win32,144.092219,,,,,,,,,,,,,,,,,,,,,,,,,,,,,,,,,,,,,,,,,3637.322,GJTest_s1,1,1,SBJ-N4-PUSH-TR.mp3,,12.868,1,2,10.523,21.247,3659.56,,,,,,SBJ-N4-PUSH-TR.mp3,,0,1,1,14,1,,,,,,,,,,,,,,,,
,,,,,,,,,,,,,,,,,,,,,,,,,1,,,ALP1202,1995.07.15,2026-05-09_11h29.23.423,BrocantoHPilot1MorphSession2,2025.2.4,Win32,144.092219,,,,,,,,,,,,,,,,,,,,,,,,,,,,,,,,,,,,,,,,,3660.075,GJTest_s1,2,1,SBJ-N2-Ab-PUSH-TR.mp3,,0.552,2,1,4.243,11.183,3671.853,,,,,,SBJ-N2-Ab-PUSH-TR.mp3,,0,2,2,16,1,,,,,,,,,,,,,,,,
,,,,,,,,,,,,,,,,,,,,,,,,,1,,,ALP1202,1995.07.15,2026-05-09_11h29.23.423,BrocantoHPilot1MorphSession2,2025.2.4,Win32,144.092219,,,,,,,,,,,,,,,,,,,,,,,,,,,,,,,,,,,,,,,,,3672.406,GJTest_s1,3,1,PUSH-TR-Ab-SBJ-N1.mp3,,18.259,1,2,3.167,29.652,3702.949,,,,,,PUSH-TR-Ab-SBJ-N1.mp3,,0,3,3,11,1,,,,,,,,,,,,,,,,
,,,,,,,,,,,,,,,,,,,,,,,,,1,,,ALP1202,1995.07.15,2026-05-09_11h29.23.423,BrocantoHPilot1MorphSession2,2025.2.4,Win32,144.092219,,,,,,,,,,,,,,,,,,,,,,,,,,,,,,,,,,,,,,,,,3703.454,GJTest_s1,4,1,Ab-SBJ-N5-JUMP-INTR.mp3,0,0.698,3,1,3.189,10.629,3716.067,,,,,,Ab-SBJ-N5-JUMP-INTR.mp3,0,0,4,4,9,1,,,,,,,,,,,,,,,,
,,,,,,,,,,,,,,,,,,,,,,,,,1,,,ALP1202,1995.07.15,2026-05-09_11h29.23.423,BrocantoHPilot1MorphSession2,2025.2.4,Win32,144.092219,,,,,,,,,,,,,,,,,,,,,,,,,,,,,,,,,,,,,,,,,3716.578,GJTest_s1,5,1,OBJ-N1-SBJ-N2-Ab-GO-INTR.mp3,,7.986,4,2,5.59,12.052,3729.436,,,,,,OBJ-N1-SBJ-N2-Ab-GO-INTR.mp3,,0,5,5,17,1,,,,,,,,,,,,,,,,
,,,,,,,,,,,,,,,,,,,,,,,,,1,,,ALP1202,1995.07.15,2026-05-09_11h29.23.423,BrocantoHPilot1MorphSession2,2025.2.4,Win32,144.092219,,,,,,,,,,,,,,,,,,,,,,,,,,,,,,,,,,,,,,,,,3729.995,GJTest_s1,6,1,HIDE-TR-LOC-N4.mp3,,3.47,1,1,6.554,11.445,3742.197,,,,,,HIDE-TR-LOC-N4.mp3,,0,6,6,13,1,,,,,,,,,,,,,,,,
,,,,,,,,,,,,,,,,,,,,,,,,,1,,,ALP1202,1995.07.15,2026-05-09_11h29.23.423,BrocantoHPilot1MorphSession2,2025.2.4,Win32,144.092219,,,,,,,,,,,,,,,,,,,,,,,,,,,,,,,,,,,,,,,,,3742.722,GJTest_s1,7,1,PUSH-TR-Ab-SBJ-N1-OBJ-N5.mp3,1,3.348,4,1,7.168,13.109,3757.92,,,,,,PUSH-TR-Ab-SBJ-N1-OBJ-N5.mp3,1,0,7,7,1,1,,,,,,,,,,,,,,,,
,,,,,,,,,,,,,,,,,,,,,,,,,1,,,ALP1202,1995.07.15,2026-05-09_11h29.23.423,BrocantoHPilot1MorphSession2,2025.2.4,Win32,144.092219,,,,,,,,,,,,,,,,,,,,,,,,,,,,,,,,,,,,,,,,,3758.427,GJTest_s1,8,1,Ab-SBJ-N2-OBJ-N4-PUSH-TR.mp3,0,29.958,5,4,5.098,44.427,3803.506,,,,,,Ab-SBJ-N2-OBJ-N4-PUSH-TR.mp3,0,0,8,8,6,1,,,,,,,,,,,,,,,,
,,,,,,,,,,,,,,,,,,,,,,,,,1,,,ALP1202,1995.07.15,2026-05-09_11h29.23.423,BrocantoHPilot1MorphSession2,2025.2.4,Win32,144.092219,,,,,,,,,,,,,,,,,,,,,,,,,,,,,,,,,,,,,,,,,3804.008,GJTest_s1,9,1,JUMP-INTR-SBJ-N3.mp3,6,1.109,5,1,3.742,5.505,3810.241,,,,,,JUMP-INTR-SBJ-N3.mp3,6,0,9,9,0,1,,,,,,,,,,,,,,,,
,,,,,,,,,,,,,,,,,,,,,,,,,1,,,ALP1202,1995.07.15,2026-05-09_11h29.23.423,BrocantoHPilot1MorphSession2,2025.2.4,Win32,144.092219,,,,,,,,,,,,,,,,,,,,,,,,,,,,,,,,,,,,,,,,,3810.742,GJTest_s1,10,1,OBJ-N1-SBJ-N4-Ab-JUMP-INTR.mp3,,1.325,5,1,4.856,8.727,3820.118,,,,,,OBJ-N1-SBJ-N4-Ab-JUMP-INTR.mp3,,0,10,10,15,1,,,,,,,,,,,,,,,,
,,,,,,,,,,,,,,,,,,,,,,,,,1,,,ALP1202,1995.07.15,2026-05-09_11h29.23.423,BrocantoHPilot1MorphSession2,2025.2.4,Win32,144.092219,,,,,,,,,,,,,,,,,,,,,,,,,,,,,,,,,,,,,,,,,3820.629,GJTest_s1,11,1,OBJ-N5-SBJ-N3-HIDE-TR-LOC-N4.mp3,2,1.095,5,1,4.714,6.284,3827.601,,,,,,OBJ-N5-SBJ-N3-HIDE-TR-LOC-N4.mp3,2,0,11,11,3,1,,,,,,,,,,,,,,,,
,,,,,,,,,,,,,,,,,,,,,,,,,1,,,ALP1202,1995.07.15,2026-05-09_11h29.23.423,BrocantoHPilot1MorphSession2,2025.2.4,Win32,144.092219,,,,,,,,,,,,,,,,,,,,,,,,,,,,,,,,,,,,,,,,,3828.103,GJTest_s1,12,1,Ab-SBJ-N4-JUMP-INTR.mp3,0,1.642,6,1,4.066,32.974,3861.829,,,,,,Ab-SBJ-N4-JUMP-INTR.mp3,0,0,12,12,5,1,,,,,,,,,,,,,,,,
,,,,,,,,,,,,,,,,,,,,,,,,,1,,,ALP1202,1995.07.15,2026-05-09_11h29.23.423,BrocantoHPilot1MorphSession2,2025.2.4,Win32,144.092219,,,,,,,,,,,,,,,,,,,,,,,,,,,,,,,,,,,,,,,,,3862.333,GJTest_s1,13,1,OBJ-N1-SBJ-N5-Ab-JUMP-INTR.mp3,,1.927,5,1,6.037,7.427,3870.337,,,,,,OBJ-N1-SBJ-N5-Ab-JUMP-INTR.mp3,,0,13,13,19,1,,,,,,,,,,,,,,,,
,,,,,,,,,,,,,,,,,,,,,,,,,1,,,ALP1202,1995.07.15,2026-05-09_11h29.23.423,BrocantoHPilot1MorphSession2,2025.2.4,Win32,144.092219,,,,,,,,,,,,,,,,,,,,,,,,,,,,,,,,,,,,,,,,,3870.842,GJTest_s1,14,1,SBJ-N3-Aa-PUSH-TR.mp3,,6.959,2,4,10.896,19.038,3890.549,,,,,,SBJ-N3-Aa-PUSH-TR.mp3,,0,14,14,18,1,,,,,,,,,,,,,,,,
,,,,,,,,,,,,,,,,,,,,,,,,,1,,,ALP1202,1995.07.15,2026-05-09_11h29.23.423,BrocantoHPilot1MorphSession2,2025.2.4,Win32,144.092219,,,,,,,,,,,,,,,,,,,,,,,,,,,,,,,,,,,,,,,,,3891.056,GJTest_s1,15,1,OBJ-N1-JUMP-INTR-SBJ-N3.mp3,,0.642,6,1,3.998,4.864,3896.434,,,,,,OBJ-N1-JUMP-INTR-SBJ-N3.mp3,,0,15,15,10,1,,,,,,,,,,,,,,,,
,,,,,,,,,,,,,,,,,,,,,,,,,1,,,ALP1202,1995.07.15,2026-05-09_11h29.23.423,BrocantoHPilot1MorphSession2,2025.2.4,Win32,144.092219,,,,,,,,,,,,,,,,,,,,,,,,,,,,,,,,,,,,,,,,,3896.94,GJTest_s1,16,1,Ab-SBJ-N2-GO-INTR.mp3,0,0.357,6,1,3.259,4.569,3901.986,,,,,,Ab-SBJ-N2-GO-INTR.mp3,0,0,16,16,7,1,,,,,,,,,,,,,,,,
,,,,,,,,,,,,,,,,,,,,,,,,,1,,,ALP1202,1995.07.15,2026-05-09_11h29.23.423,BrocantoHPilot1MorphSession2,2025.2.4,Win32,144.092219,,,,,,,,,,,,,,,,,,,,,,,,,,,,,,,,,,,,,,,,,3902.584,GJTest_s1,17,1,SBJ-N4-REVEAL-INTR-LOC-N3-LOC-N1.mp3,,0.785,6,1,5,7.655,3910.723,,,,,,SBJ-N4-REVEAL-INTR-LOC-N3-LOC-N1.mp3,,0,17,17,12,1,,,,,,,,,,,,,,,,
,,,,,,,,,,,,,,,,,,,,,,,,,1,,,ALP1202,1995.07.15,2026-05-09_11h29.23.423,BrocantoHPilot1MorphSession2,2025.2.4,Win32,144.092219,,,,,,,,,,,,,,,,,,,,,,,,,,,,,,,,,,,,,,,,,3911.281,GJTest_s1,18,1,SBJ-N4-REVEAL-INTR-LOC-N3.mp3,4,0.878,6,1,4.988,6.315,3918.044,,,,,,SBJ-N4-REVEAL-INTR-LOC-N3.mp3,4,0,18,18,2,1,,,,,,,,,,,,,,,,
,,,,,,,,,,,,,,,,,,,,,,,,,1,,,ALP1202,1995.07.15,2026-05-09_11h29.23.423,BrocantoHPilot1MorphSession2,2025.2.4,Win32,144.092219,,,,,,,,,,,,,,,,,,,,,,,,,,,,,,,,,,,,,,,,,3918.547,GJTest_s1,19,1,PUSH-TR-OBJ-N2-Aa-SBJ-N3.mp3,0,0.666,5,1,4.364,4.399,3923.38,,,,,,PUSH-TR-OBJ-N2-Aa-SBJ-N3.mp3,0,0,19,19,8,1,,,,,,,,,,,,,,,,
,,,,,,,,,,,,3936.942,2,OBJ-N5-SBJ-N4-PUSH-TR-LOC-N1.mp4,LOC-N1-OBJ-N5-SBJ-N4-PUSH-TR.mp3,3943.461,mouse_continue,6.518,,,,,,,2,OBJ-N5-SBJ-N4-PUSH-TR-LOC-N1.mp4,LOC-N1-OBJ-N5-SBJ-N4-PUSH-TR.mp3,ALP1202,1995.07.15,2026-05-09_11h29.23.423,BrocantoHPilot1MorphSession2,2025.2.4,Win32,144.092219,,,,,,,,,,,,,,,,,,,,,,,,,,,,,,,,,,,,,,,,,,,,,,,,,,,,,,,,,,,,,,,,,0,0,0,0,1,,,,,,,,,,,
,,,,,,,,,,,,3943.462,2,SBJ-N3-REVEAL-INTR-LOC-N2.mp4,LOC-N2-REVEAL-INTR-SBJ-N3.mp3,3949.266,mouse_continue,5.803,,,,,,,2,SBJ-N3-REVEAL-INTR-LOC-N2.mp4,LOC-N2-REVEAL-INTR-SBJ-N3.mp3,ALP1202,1995.07.15,2026-05-09_11h29.23.423,BrocantoHPilot1MorphSession2,2025.2.4,Win32,144.092219,,,,,,,,,,,,,,,,,,,,,,,,,,,,,,,,,,,,,,,,,,,,,,,,,,,,,,,,,,,,,,,,,0,1,1,1,1,,,,,,,,,,,
,,,,,,,,,,,,3949.267,2,OBJ-N5-SBJ-N4-REVEAL-TR-LOC-N1.mp4,OBJ-N5-LOC-N1-REVEAL-TR-SBJ-N4.mp3,3959.214,mouse_continue,9.947,,,,,,,2,OBJ-N5-SBJ-N4-REVEAL-TR-LOC-N1.mp4,OBJ-N5-LOC-N1-REVEAL-TR-SBJ-N4.mp3,ALP1202,1995.07.15,2026-05-09_11h29.23.423,BrocantoHPilot1MorphSession2,2025.2.4,Win32,144.092219,,,,,,,,,,,,,,,,,,,,,,,,,,,,,,,,,,,,,,,,,,,,,,,,,,,,,,,,,,,,,,,,,0,2,2,2,1,,,,,,,,,,,
,,,,,,,,,,,,3959.215,2,SBJ-N5-REVEAL-INTR-LOC-N3.mp4,SBJ-N5-REVEAL-INTR-LOC-N3.mp3,3965.939,mouse_continue,6.725,,,,,,,2,SBJ-N5-REVEAL-INTR-LOC-N3.mp4,SBJ-N5-REVEAL-INTR-LOC-N3.mp3,ALP1202,1995.07.15,2026-05-09_11h29.23.423,BrocantoHPilot1MorphSession2,2025.2.4,Win32,144.092219,,,,,,,,,,,,,,,,,,,,,,,,,,,,,,,,,,,,,,,,,,,,,,,,,,,,,,,,,,,,,,,,,0,3,3,3,1,,,,,,,,,,,
,,,,,,,,,,,,3965.942,2,Ab-SBJ-N1-GO-INTR.mp4,GO-INTR-Ab-SBJ-N1.mp3,3972.465,mouse_continue,6.524,,,,,,,2,Ab-SBJ-N1-GO-INTR.mp4,GO-INTR-Ab-SBJ-N1.mp3,ALP1202,1995.07.15,2026-05-09_11h29.23.423,BrocantoHPilot1MorphSession2,2025.2.4,Win32,144.092219,,,,,,,,,,,,,,,,,,,,,,,,,,,,,,,,,,,,,,,,,,,,,,,,,,,,,,,,,,,,,,,,,0,4,4,4,1,,,,,,,,,,,
,,,,,,,,,,,,3972.467,2,Ab-OBJ-N5-SBJ-N2-HIDE-TR.mp4,SBJ-N2-Ab-OBJ-N5-HIDE-TR.mp3,3979.489,mouse_continue,7.022,,,,,,,2,Ab-OBJ-N5-SBJ-N2-HIDE-TR.mp4,SBJ-N2-Ab-OBJ-N5-HIDE-TR.mp3,ALP1202,1995.07.15,2026-05-09_11h29.23.423,BrocantoHPilot1MorphSession2,2025.2.4,Win32,144.092219,,,,,,,,,,,,,,,,,,,,,,,,,,,,,,,,,,,,,,,,,,,,,,,,,,,,,,,,,,,,,,,,,0,5,5,5,1,,,,,,,,,,,
,,,,,,,,,,,,3979.491,2,Ab-SBJ-N3-HIDE-INTR.mp4,Ab-SBJ-N3-HIDE-INTR.mp3,3986.031,mouse_continue,6.541,,,,,,,2,Ab-SBJ-N3-HIDE-INTR.mp4,Ab-SBJ-N3-HIDE-INTR.mp3,ALP1202,1995.07.15,2026-05-09_11h29.23.423,BrocantoHPilot1MorphSession2,2025.2.4,Win32,144.092219,,,,,,,,,,,,,,,,,,,,,,,,,,,,,,,,,,,,,,,,,,,,,,,,,,,,,,,,,,,,,,,,,0,6,6,6,1,,,,,,,,,,,
,,,,,,,,,,,,3986.033,2,OBJ-N5-SBJ-N4-PUSH-TR-LOC-N1.mp4,LOC-N1-OBJ-N5-SBJ-N4-PUSH-TR.mp3,3993.322,mouse_continue,7.29,,,,,,,2,OBJ-N5-SBJ-N4-PUSH-TR-LOC-N1.mp4,LOC-N1-OBJ-N5-SBJ-N4-PUSH-TR.mp3,ALP1202,1995.07.15,2026-05-09_11h29.23.423,BrocantoHPilot1MorphSession2,2025.2.4,Win32,144.092219,,,,,,,,,,,,,,,,,,,,,,,,,,,,,,,,,,,,,,,,,,,,,,,,,,,,,,,,,,,,,,,,,0,7,7,7,1,,,,,,,,,,,
,,,,,,,,,,,,3993.324,2,OBJ-N5-SBJ-N4-REVEAL-TR.mp4,REVEAL-TR-OBJ-N5-SBJ-N4.mp3,3999.21,mouse_continue,5.887,,,,,,,2,OBJ-N5-SBJ-N4-REVEAL-TR.mp4,REVEAL-TR-OBJ-N5-SBJ-N4.mp3,ALP1202,1995.07.15,2026-05-09_11h29.23.423,BrocantoHPilot1MorphSession2,2025.2.4,Win32,144.092219,,,,,,,,,,,,,,,,,,,,,,,,,,,,,,,,,,,,,,,,,,,,,,,,,,,,,,,,,,,,,,,,,0,8,8,8,1,,,,,,,,,,,
,,,,,,,,,,,,3999.212,2,SBJ-N5-REVEAL-INTR-LOC-N4.mp4,SBJ-N5-LOC-N4-REVEAL-INTR.mp3,4023.049,mouse_continue,23.836,,,,,,,2,SBJ-N5-REVEAL-INTR-LOC-N4.mp4,SBJ-N5-LOC-N4-REVEAL-INTR.mp3,ALP1202,1995.07.15,2026-05-09_11h29.23.423,BrocantoHPilot1MorphSession2,2025.2.4,Win32,144.092219,,,,,,,,,,,,,,,,,,,,,,,,,,,,,,,,,,,,,,,,,,,,,,,,,,,,,,,,,,,,,,,,,0,9,9,9,1,,,,,,,,,,,
,,,,,,,,,,,,4023.053,2,SBJ-N5-GO-INTR.mp4,GO-INTR-SBJ-N5.mp3,4029.699,mouse_continue,6.646,,,,,,,2,SBJ-N5-GO-INTR.mp4,GO-INTR-SBJ-N5.mp3,ALP1202,1995.07.15,2026-05-09_11h29.23.423,BrocantoHPilot1MorphSession2,2025.2.4,Win32,144.092219,,,,,,,,,,,,,,,,,,,,,,,,,,,,,,,,,,,,,,,,,,,,,,,,,,,,,,,,,,,,,,,,,0,10,10,10,1,,,,,,,,,,,
,,,,,,,,,,,,4029.701,2,OBJ-N5-SBJ-N3-HIDE-TR.mp4,OBJ-N5-HIDE-TR-SBJ-N3.mp3,4038.28,mouse_continue,8.58,,,,,,,2,OBJ-N5-SBJ-N3-HIDE-TR.mp4,OBJ-N5-HIDE-TR-SBJ-N3.mp3,ALP1202,1995.07.15,2026-05-09_11h29.23.423,BrocantoHPilot1MorphSession2,2025.2.4,Win32,144.092219,,,,,,,,,,,,,,,,,,,,,,,,,,,,,,,,,,,,,,,,,,,,,,,,,,,,,,,,,,,,,,,,,0,11,11,11,1,,,,,,,,,,,
,,,,,,,,,,,,4038.283,2,OBJ-N5-SBJ-N4-HIDE-TR-LOC-N1.mp4,LOC-N1-OBJ-N5-SBJ-N4-HIDE-TR.mp3,4045.119,mouse_continue,6.836,,,,,,,2,OBJ-N5-SBJ-N4-HIDE-TR-LOC-N1.mp4,LOC-N1-OBJ-N5-SBJ-N4-HIDE-TR.mp3,ALP1202,1995.07.15,2026-05-09_11h29.23.423,BrocantoHPilot1MorphSession2,2025.2.4,Win32,144.092219,,,,,,,,,,,,,,,,,,,,,,,,,,,,,,,,,,,,,,,,,,,,,,,,,,,,,,,,,,,,,,,,,0,12,12,12,1,,,,,,,,,,,
,,,,,,,,,,,,4045.124,2,OBJ-N5-SBJ-N3-PUSH-TR-LOC-N1.mp4,PUSH-TR-LOC-N1-OBJ-N5-SBJ-N3.mp3,4051.452,mouse_continue,6.331,,,,,,,2,OBJ-N5-SBJ-N3-PUSH-TR-LOC-N1.mp4,PUSH-TR-LOC-N1-OBJ-N5-SBJ-N3.mp3,ALP1202,1995.07.15,2026-05-09_11h29.23.423,BrocantoHPilot1MorphSession2,2025.2.4,Win32,144.092219,,,,,,,,,,,,,,,,,,,,,,,,,,,,,,,,,,,,,,,,,,,,,,,,,,,,,,,,,,,,,,,,,0,13,13,13,1,,,,,,,,,,,
,,,,,,,,,,,,4051.453,2,OBJ-N5-Ab-SBJ-N2-REVEAL-TR.mp4,OBJ-N5-Ab-SBJ-N2-REVEAL-TR.mp3,4063.165,mouse_continue,11.712,,,,,,,2,OBJ-N5-Ab-SBJ-N2-REVEAL-TR.mp4,OBJ-N5-Ab-SBJ-N2-REVEAL-TR.mp3,ALP1202,1995.07.15,2026-05-09_11h29.23.423,BrocantoHPilot1MorphSession2,2025.2.4,Win32,144.092219,,,,,,,,,,,,,,,,,,,,,,,,,,,,,,,,,,,,,,,,,,,,,,,,,,,,,,,,,,,,,,,,,0,14,14,14,1,,,,,,,,,,,
,,,,,,,,,,,,4063.166,2,SBJ-N4-JUMP-INTR.mp4,JUMP-INTR-SBJ-N4.mp3,4069.713,mouse_continue,6.548,,,,,,,2,SBJ-N4-JUMP-INTR.mp4,JUMP-INTR-SBJ-N4.mp3,ALP1202,1995.07.15,2026-05-09_11h29.23.423,BrocantoHPilot1MorphSession2,2025.2.4,Win32,144.092219,,,,,,,,,,,,,,,,,,,,,,,,,,,,,,,,,,,,,,,,,,,,,,,,,,,,,,,,,,,,,,,,,0,15,15,15,1,,,,,,,,,,,
,,,,,,,,,,,,4069.714,2,Ab-SBJ-N4-JUMP-INTR.mp4,Ab-SBJ-N4-JUMP-INTR.mp3,4075.184,mouse_continue,5.468,,,,,,,2,Ab-SBJ-N4-JUMP-INTR.mp4,Ab-SBJ-N4-JUMP-INTR.mp3,ALP1202,1995.07.15,2026-05-09_11h29.23.423,BrocantoHPilot1MorphSession2,2025.2.4,Win32,144.092219,,,,,,,,,,,,,,,,,,,,,,,,,,,,,,,,,,,,,,,,,,,,,,,,,,,,,,,,,,,,,,,,,0,16,16,16,1,,,,,,,,,,,
,,,,,,,,,,,,4075.188,2,SBJ-N4-GO-INTR-LOC-N1.mp4,GO-INTR-LOC-N1-SBJ-N4.mp3,4081.126,mouse_continue,5.937,,,,,,,2,SBJ-N4-GO-INTR-LOC-N1.mp4,GO-INTR-LOC-N1-SBJ-N4.mp3,ALP1202,1995.07.15,2026-05-09_11h29.23.423,BrocantoHPilot1MorphSession2,2025.2.4,Win32,144.092219,,,,,,,,,,,,,,,,,,,,,,,,,,,,,,,,,,,,,,,,,,,,,,,,,,,,,,,,,,,,,,,,,0,17,17,17,1,,,,,,,,,,,
,,,,,,,,,,,,4081.127,2,SBJ-N3-HIDE-INTR-LOC-N5.mp4,HIDE-INTR-LOC-N5-SBJ-N3.mp3,4087.355,mouse_continue,6.228,,,,,,,2,SBJ-N3-HIDE-INTR-LOC-N5.mp4,HIDE-INTR-LOC-N5-SBJ-N3.mp3,ALP1202,1995.07.15,2026-05-09_11h29.23.423,BrocantoHPilot1MorphSession2,2025.2.4,Win32,144.092219,,,,,,,,,,,,,,,,,,,,,,,,,,,,,,,,,,,,,,,,,,,,,,,,,,,,,,,,,,,,,,,,,0,18,18,18,1,,,,,,,,,,,
,,,,,,,,,,,,4087.358,2,SBJ-N1-JUMP-INTR-LOC-N2.mp4,SBJ-N1-JUMP-INTR-LOC-N2.mp3,4092.848,mouse_continue,5.491,,,,,,,2,SBJ-N1-JUMP-INTR-LOC-N2.mp4,SBJ-N1-JUMP-INTR-LOC-N2.mp3,ALP1202,1995.07.15,2026-05-09_11h29.23.423,BrocantoHPilot1MorphSession2,2025.2.4,Win32,144.092219,,,,,,,,,,,,,,,,,,,,,,,,,,,,,,,,,,,,,,,,,,,,,,,,,,,,,,,,,,,,,,,,,0,19,19,19,1,,,,,,,,,,,
,,,,,,,,,,,,4092.849,2,OBJ-N5-Ab-SBJ-N4-REVEAL-TR.mp4,OBJ-N5-Ab-SBJ-N4-REVEAL-TR.mp3,4100.24,mouse_continue,7.391,,,,,,,2,OBJ-N5-Ab-SBJ-N4-REVEAL-TR.mp4,OBJ-N5-Ab-SBJ-N4-REVEAL-TR.mp3,ALP1202,1995.07.15,2026-05-09_11h29.23.423,BrocantoHPilot1MorphSession2,2025.2.4,Win32,144.092219,,,,,,,,,,,,,,,,,,,,,,,,,,,,,,,,,,,,,,,,,,,,,,,,,,,,,,,,,,,,,,,,,0,20,20,20,1,,,,,,,,,,,
,,,,,,,,,,,,4100.241,2,OBJ-N5-SBJ-N3-HIDE-TR-LOC-N2.mp4,HIDE-TR-OBJ-N5-LOC-N2-SBJ-N3.mp3,4114.255,mouse_continue,14.005,,,,,,,2,OBJ-N5-SBJ-N3-HIDE-TR-LOC-N2.mp4,HIDE-TR-OBJ-N5-LOC-N2-SBJ-N3.mp3,ALP1202,1995.07.15,2026-05-09_11h29.23.423,BrocantoHPilot1MorphSession2,2025.2.4,Win32,144.092219,,,,,,,,,,,,,,,,,,,,,,,,,,,,,,,,,,,,,,,,,,,,,,,,,,,,,,,,,,,,,,,,,0,21,21,21,1,,,,,,,,,,,
,,,,,,,,,,,,4114.26,2,Ab-SBJ-N5-REVEAL-INTR-Ab-LOC-N4.mp4,REVEAL-INTR-Ab-LOC-N4-Ab-SBJ-N5.mp3,4122.279,mouse_continue,8.018,,,,,,,2,Ab-SBJ-N5-REVEAL-INTR-Ab-LOC-N4.mp4,REVEAL-INTR-Ab-LOC-N4-Ab-SBJ-N5.mp3,ALP1202,1995.07.15,2026-05-09_11h29.23.423,BrocantoHPilot1MorphSession2,2025.2.4,Win32,144.092219,,,,,,,,,,,,,,,,,,,,,,,,,,,,,,,,,,,,,,,,,,,,,,,,,,,,,,,,,,,,,,,,,0,22,22,22,1,,,,,,,,,,,
,,,,,,,,,,,,4122.28,2,OBJ-N5-Ab-SBJ-N4-PUSH-TR-Ab-LOC-N2.mp4,PUSH-TR-Ab-SBJ-N4-Ab-LOC-N2-OBJ-N5.mp3,4130.018,mouse_continue,7.738,,,,,,,2,OBJ-N5-Ab-SBJ-N4-PUSH-TR-Ab-LOC-N2.mp4,PUSH-TR-Ab-SBJ-N4-Ab-LOC-N2-OBJ-N5.mp3,ALP1202,1995.07.15,2026-05-09_11h29.23.423,BrocantoHPilot1MorphSession2,2025.2.4,Win32,144.092219,,,,,,,,,,,,,,,,,,,,,,,,,,,,,,,,,,,,,,,,,,,,,,,,,,,,,,,,,,,,,,,,,0,23,23,23,1,,,,,,,,,,,
,,,,,,,,,,,,4130.02,2,OBJ-N5-Ab-SBJ-N2-REVEAL-TR-LOC-N4.mp4,OBJ-N5-Ab-SBJ-N2-LOC-N4-REVEAL-TR.mp3,4136.047,mouse_continue,6.027,,,,,,,2,OBJ-N5-Ab-SBJ-N2-REVEAL-TR-LOC-N4.mp4,OBJ-N5-Ab-SBJ-N2-LOC-N4-REVEAL-TR.mp3,ALP1202,1995.07.15,2026-05-09_11h29.23.423,BrocantoHPilot1MorphSession2,2025.2.4,Win32,144.092219,,,,,,,,,,,,,,,,,,,,,,,,,,,,,,,,,,,,,,,,,,,,,,,,,,,,,,,,,,,,,,,,,0,24,24,24,1,,,,,,,,,,,
,,,,,,,,,,,,4136.047,2,SBJ-N5-REVEAL-INTR-LOC-N3.mp4,SBJ-N5-REVEAL-INTR-LOC-N3.mp3,4142.603,mouse_continue,6.555,,,,,,,2,SBJ-N5-REVEAL-INTR-LOC-N3.mp4,SBJ-N5-REVEAL-INTR-LOC-N3.mp3,ALP1202,1995.07.15,2026-05-09_11h29.23.423,BrocantoHPilot1MorphSession2,2025.2.4,Win32,144.092219,,,,,,,,,,,,,,,,,,,,,,,,,,,,,,,,,,,,,,,,,,,,,,,,,,,,,,,,,,,,,,,,,0,25,25,25,1,,,,,,,,,,,
,,,,,,,,,,,,4142.606,2,OBJ-N5-SBJ-N1-PUSH-TR.mp4,SBJ-N1-OBJ-N5-PUSH-TR.mp3,4148.262,mouse_continue,5.657,,,,,,,2,OBJ-N5-SBJ-N1-PUSH-TR.mp4,SBJ-N1-OBJ-N5-PUSH-TR.mp3,ALP1202,1995.07.15,2026-05-09_11h29.23.423,BrocantoHPilot1MorphSession2,2025.2.4,Win32,144.092219,,,,,,,,,,,,,,,,,,,,,,,,,,,,,,,,,,,,,,,,,,,,,,,,,,,,,,,,,,,,,,,,,0,26,26,26,1,,,,,,,,,,,
,,,,,,,,,,,,4148.263,2,SBJ-N1-GO-INTR.mp4,SBJ-N1-GO-INTR.mp3,4153.302,mouse_continue,5.039,,,,,,,2,SBJ-N1-GO-INTR.mp4,SBJ-N1-GO-INTR.mp3,ALP1202,1995.07.15,2026-05-09_11h29.23.423,BrocantoHPilot1MorphSession2,2025.2.4,Win32,144.092219,,,,,,,,,,,,,,,,,,,,,,,,,,,,,,,,,,,,,,,,,,,,,,,,,,,,,,,,,,,,,,,,,0,27,27,27,1,,,,,,,,,,,
,,,,,,,,,,,,4153.305,2,OBJ-N5-SBJ-N1-REVEAL-TR-LOC-N2.mp4,SBJ-N1-LOC-N2-REVEAL-TR-OBJ-N5.mp3,4159.75,mouse_continue,6.446,,,,,,,2,OBJ-N5-SBJ-N1-REVEAL-TR-LOC-N2.mp4,SBJ-N1-LOC-N2-REVEAL-TR-OBJ-N5.mp3,ALP1202,1995.07.15,2026-05-09_11h29.23.423,BrocantoHPilot1MorphSession2,2025.2.4,Win32,144.092219,,,,,,,,,,,,,,,,,,,,,,,,,,,,,,,,,,,,,,,,,,,,,,,,,,,,,,,,,,,,,,,,,0,28,28,28,1,,,,,,,,,,,
,,,,,,,,,,,,4159.752,2,Ab-SBJ-N4-REVEAL-INTR-Ab-LOC-N5.mp4,Ab-SBJ-N4-REVEAL-INTR-Ab-LOC-N5.mp3,4166.387,mouse_continue,6.635,,,,,,,2,Ab-SBJ-N4-REVEAL-INTR-Ab-LOC-N5.mp4,Ab-SBJ-N4-REVEAL-INTR-Ab-LOC-N5.mp3,ALP1202,1995.07.15,2026-05-09_11h29.23.423,BrocantoHPilot1MorphSession2,2025.2.4,Win32,144.092219,,,,,,,,,,,,,,,,,,,,,,,,,,,,,,,,,,,,,,,,,,,,,,,,,,,,,,,,,,,,,,,,,0,29,29,29,1,,,,,,,,,,,
,,,,,,,,,,,,4166.388,2,OBJ-N5-SBJ-N4-HIDE-TR-Ab-LOC-N1.mp4,Ab-LOC-N1-SBJ-N4-OBJ-N5-HIDE-TR.mp3,4173.79,mouse_continue,7.401,,,,,,,2,OBJ-N5-SBJ-N4-HIDE-TR-Ab-LOC-N1.mp4,Ab-LOC-N1-SBJ-N4-OBJ-N5-HIDE-TR.mp3,ALP1202,1995.07.15,2026-05-09_11h29.23.423,BrocantoHPilot1MorphSession2,2025.2.4,Win32,144.092219,,,,,,,,,,,,,,,,,,,,,,,,,,,,,,,,,,,,,,,,,,,,,,,,,,,,,,,,,,,,,,,,,0,30,30,30,1,,,,,,,,,,,
,,,,,,,,,,,,4173.791,2,OBJ-N5-Ab-SBJ-N2-REVEAL-TR.mp4,OBJ-N5-Ab-SBJ-N2-REVEAL-TR.mp3,4179.615,mouse_continue,5.824,,,,,,,2,OBJ-N5-Ab-SBJ-N2-REVEAL-TR.mp4,OBJ-N5-Ab-SBJ-N2-REVEAL-TR.mp3,ALP1202,1995.07.15,2026-05-09_11h29.23.423,BrocantoHPilot1MorphSession2,2025.2.4,Win32,144.092219,,,,,,,,,,,,,,,,,,,,,,,,,,,,,,,,,,,,,,,,,,,,,,,,,,,,,,,,,,,,,,,,,0,31,31,31,1,,,,,,,,,,,
,,,,,,,,,,,,4179.618,2,Ab-SBJ-N1-HIDE-INTR.mp4,Ab-SBJ-N1-HIDE-INTR.mp3,4185.521,mouse_continue,5.903,,,,,,,2,Ab-SBJ-N1-HIDE-INTR.mp4,Ab-SBJ-N1-HIDE-INTR.mp3,ALP1202,1995.07.15,2026-05-09_11h29.23.423,BrocantoHPilot1MorphSession2,2025.2.4,Win32,144.092219,,,,,,,,,,,,,,,,,,,,,,,,,,,,,,,,,,,,,,,,,,,,,,,,,,,,,,,,,,,,,,,,,0,32,32,32,1,,,,,,,,,,,
,,,,,,,,,,,,4185.522,2,OBJ-N5-SBJ-N4-HIDE-TR-LOC-N2.mp4,OBJ-N5-HIDE-TR-LOC-N2-SBJ-N4.mp3,4190.713,mouse_continue,5.191,,,,,,,2,OBJ-N5-SBJ-N4-HIDE-TR-LOC-N2.mp4,OBJ-N5-HIDE-TR-LOC-N2-SBJ-N4.mp3,ALP1202,1995.07.15,2026-05-09_11h29.23.423,BrocantoHPilot1MorphSession2,2025.2.4,Win32,144.092219,,,,,,,,,,,,,,,,,,,,,,,,,,,,,,,,,,,,,,,,,,,,,,,,,,,,,,,,,,,,,,,,,0,33,33,33,1,,,,,,,,,,,
,,,,,,,,,,,,4190.715,2,SBJ-N4-JUMP-INTR.mp4,JUMP-INTR-SBJ-N4.mp3,4195.718,mouse_continue,5.004,,,,,,,2,SBJ-N4-JUMP-INTR.mp4,JUMP-INTR-SBJ-N4.mp3,ALP1202,1995.07.15,2026-05-09_11h29.23.423,BrocantoHPilot1MorphSession2,2025.2.4,Win32,144.092219,,,,,,,,,,,,,,,,,,,,,,,,,,,,,,,,,,,,,,,,,,,,,,,,,,,,,,,,,,,,,,,,,0,34,34,34,1,,,,,,,,,,,
,,,,,,,,,,,,4195.72,2,OBJ-N5-SBJ-N1-PUSH-TR.mp4,SBJ-N1-OBJ-N5-PUSH-TR.mp3,4201.395,mouse_continue,5.674,,,,,,,2,OBJ-N5-SBJ-N1-PUSH-TR.mp4,SBJ-N1-OBJ-N5-PUSH-TR.mp3,ALP1202,1995.07.15,2026-05-09_11h29.23.423,BrocantoHPilot1MorphSession2,2025.2.4,Win32,144.092219,,,,,,,,,,,,,,,,,,,,,,,,,,,,,,,,,,,,,,,,,,,,,,,,,,,,,,,,,,,,,,,,,0,35,35,35,1,,,,,,,,,,,
,,,,,,,,,,,,4201.397,2,Ab-SBJ-N4-GO-INTR.mp4,GO-INTR-Ab-SBJ-N4.mp3,4260.719,mouse_continue,59.324,,,,,,,2,Ab-SBJ-N4-GO-INTR.mp4,GO-INTR-Ab-SBJ-N4.mp3,ALP1202,1995.07.15,2026-05-09_11h29.23.423,BrocantoHPilot1MorphSession2,2025.2.4,Win32,144.092219,,,,,,,,,,,,,,,,,,,,,,,,,,,,,,,,,,,,,,,,,,,,,,,,,,,,,,,,,,,,,,,,,0,36,36,36,1,,,,,,,,,,,
,,,,,,,,,,,,4260.721,2,Ab-SBJ-N2-HIDE-INTR-LOC-N1.mp4,LOC-N1-Ab-SBJ-N2-HIDE-INTR.mp3,4266.764,mouse_continue,6.043,,,,,,,2,Ab-SBJ-N2-HIDE-INTR-LOC-N1.mp4,LOC-N1-Ab-SBJ-N2-HIDE-INTR.mp3,ALP1202,1995.07.15,2026-05-09_11h29.23.423,BrocantoHPilot1MorphSession2,2025.2.4,Win32,144.092219,,,,,,,,,,,,,,,,,,,,,,,,,,,,,,,,,,,,,,,,,,,,,,,,,,,,,,,,,,,,,,,,,0,37,37,37,1,,,,,,,,,,,
,,,,,,,,,,,,4266.765,2,Ab-SBJ-N3-JUMP-INTR-Ab-LOC-N4.mp4,JUMP-INTR-Ab-SBJ-N3-Ab-LOC-N4.mp3,4272.633,mouse_continue,5.866,,,,,,,2,Ab-SBJ-N3-JUMP-INTR-Ab-LOC-N4.mp4,JUMP-INTR-Ab-SBJ-N3-Ab-LOC-N4.mp3,ALP1202,1995.07.15,2026-05-09_11h29.23.423,BrocantoHPilot1MorphSession2,2025.2.4,Win32,144.092219,,,,,,,,,,,,,,,,,,,,,,,,,,,,,,,,,,,,,,,,,,,,,,,,,,,,,,,,,,,,,,,,,0,38,38,38,1,,,,,,,,,,,
,,,,,,,,,,,,4272.635,2,Aa-SBJ-N4-GO-INTR-Aa-LOC-N5.mp4,GO-INTR-Aa-LOC-N5-Aa-SBJ-N4.mp3,4288.612,mouse_continue,15.978,,,,,,,2,Aa-SBJ-N4-GO-INTR-Aa-LOC-N5.mp4,GO-INTR-Aa-LOC-N5-Aa-SBJ-N4.mp3,ALP1202,1995.07.15,2026-05-09_11h29.23.423,BrocantoHPilot1MorphSession2,2025.2.4,Win32,144.092219,,,,,,,,,,,,,,,,,,,,,,,,,,,,,,,,,,,,,,,,,,,,,,,,,,,,,,,,,,,,,,,,,0,39,39,39,1,,,,,,,,,,,
,,,,,,,,,,,,4288.613,2,OBJ-N5-SBJ-N2-PUSH-TR-Ab-LOC-N4.mp4,PUSH-TR-SBJ-N2-OBJ-N5-Ab-LOC-N4.mp3,4295.007,mouse_continue,6.395,,,,,,,2,OBJ-N5-SBJ-N2-PUSH-TR-Ab-LOC-N4.mp4,PUSH-TR-SBJ-N2-OBJ-N5-Ab-LOC-N4.mp3,ALP1202,1995.07.15,2026-05-09_11h29.23.423,BrocantoHPilot1MorphSession2,2025.2.4,Win32,144.092219,,,,,,,,,,,,,,,,,,,,,,,,,,,,,,,,,,,,,,,,,,,,,,,,,,,,,,,,,,,,,,,,,0,40,40,40,1,,,,,,,,,,,
,,,,,,,,,,,,4295.009,2,OBJ-N5-SBJ-N4-REVEAL-TR.mp4,REVEAL-TR-OBJ-N5-SBJ-N4.mp3,4300.569,mouse_continue,5.561,,,,,,,2,OBJ-N5-SBJ-N4-REVEAL-TR.mp4,REVEAL-TR-OBJ-N5-SBJ-N4.mp3,ALP1202,1995.07.15,2026-05-09_11h29.23.423,BrocantoHPilot1MorphSession2,2025.2.4,Win32,144.092219,,,,,,,,,,,,,,,,,,,,,,,,,,,,,,,,,,,,,,,,,,,,,,,,,,,,,,,,,,,,,,,,,0,41,41,41,1,,,,,,,,,,,
,,,,,,,,,,,,,,,,,,,,,,,,,2,,,ALP1202,1995.07.15,2026-05-09_11h29.23.423,BrocantoHPilot1MorphSession2,2025.2.4,Win32,144.092219,4442.347,2,2,2,27.235,1,18.142,27.235,4471.472,,,,,,REVEAL-INTR-LOC-N5-SBJ-N3.mp3,SBJ-N3-REVEAL-INTR-LOC-N5.mp4,SBJ-N3-JUMP-INTR-LOC-N5.mp4,,,,,,,,,,,,,,,,,,,,,,,,,,,,,,,,,,,,,,,,,,,,,,,,,,,,,0,0,0,0,1,,,,,,
,,,,,,,,,,,,,,,,,,,,,,,,,2,,,ALP1202,1995.07.15,2026-05-09_11h29.23.423,BrocantoHPilot1MorphSession2,2025.2.4,Win32,144.092219,4471.473,2,2,2,22.594,1,18.708,22.594,4496.743,,,,,,LOC-N2-OBJ-N5-SBJ-N4-PUSH-TR.mp3,OBJ-N5-SBJ-N4-PUSH-TR-LOC-N2.mp4,OBJ-N4-SBJ-N5-REVEAL-TR-LOC-N2.mp4,,,,,,,,,,,,,,,,,,,,,,,,,,,,,,,,,,,,,,,,,,,,,,,,,,,,,0,1,1,1,1,,,,,,
,,,,,,,,,,,,,,,,,,,,,,,,,2,,,ALP1202,1995.07.15,2026-05-09_11h29.23.423,BrocantoHPilot1MorphSession2,2025.2.4,Win32,144.092219,4496.745,2,1,1,29.362,1,17.333,29.362,4527.562,,,,,,SBJ-N4-OBJ-N5-LOC-N3-HIDE-TR.mp3,OBJ-N5-SBJ-N4-HIDE-TR-LOC-N3.mp4,OBJ-N5-SBJ-N3-HIDE-TR-LOC-N4.mp4,,,,,,,,,,,,,,,,,,,,,,,,,,,,,,,,,,,,,,,,,,,,,,,,,,,,,0,2,2,2,1,,,,,,
,,,,,,,,,,,,,,,,,,,,,,,,,2,,,ALP1202,1995.07.15,2026-05-09_11h29.23.423,BrocantoHPilot1MorphSession2,2025.2.4,Win32,144.092219,4527.564,2,1,1,23.28,1,15.605,23.28,4552.292,,,,,,SBJ-N1-LOC-N2-REVEAL-INTR.mp3,SBJ-N1-REVEAL-INTR-LOC-N2.mp4,SBJ-N1-HIDE-INTR-LOC-N2.mp4,,,,,,,,,,,,,,,,,,,,,,,,,,,,,,,,,,,,,,,,,,,,,,,,,,,,,0,3,3,3,1,,,,,,
,,,,,,,,,,,,,,,,,,,,,,,,,2,,,ALP1202,1995.07.15,2026-05-09_11h29.23.423,BrocantoHPilot1MorphSession2,2025.2.4,Win32,144.092219,4552.293,2,2,2,28.882,1,14.707,28.882,4582.99,,,,,,REVEAL-TR-OBJ-N5-SBJ-N4.mp3,OBJ-N5-SBJ-N4-REVEAL-TR.mp4,OBJ-N4-SBJ-N5-PUSH-TR.mp4,,,,,,,,,,,,,,,,,,,,,,,,,,,,,,,,,,,,,,,,,,,,,,,,,,,,,0,4,4,4,1,,,,,,
,,,,,,,,,,,,,,,,,,,,,,,,,2,,,ALP1202,1995.07.15,2026-05-09_11h29.23.423,BrocantoHPilot1MorphSession2,2025.2.4,Win32,144.092219,4582.992,2,2,2,15.14,1,15.231,15.14,4599.581,,,,,,GO-INTR-SBJ-N2.mp3,SBJ-N2-GO-INTR.mp4,SBJ-N2-REVEAL-INTR.mp4,,,,,,,,,,,,,,,,,,,,,,,,,,,,,,,,,,,,,,,,,,,,,,,,,,,,,0,5,5,5,1,,,,,,
,,,,,,,,,,,,,,,,,,,,,,,,,2,,,ALP1202,1995.07.15,2026-05-09_11h29.23.423,BrocantoHPilot1MorphSession2,2025.2.4,Win32,144.092219,4599.583,2,2,2,14.711,1,13.93,14.711,4615.932,,,,,,SBJ-N5-JUMP-INTR.mp3,SBJ-N5-JUMP-INTR.mp4,SBJ-N5-HIDE-INTR.mp4,,,,,,,,,,,,,,,,,,,,,,,,,,,,,,,,,,,,,,,,,,,,,,,,,,,,,0,6,6,6,1,,,,,,
,,,,,,,,,,,,,,,,,,,,,,,,,2,,,ALP1202,1995.07.15,2026-05-09_11h29.23.423,BrocantoHPilot1MorphSession2,2025.2.4,Win32,144.092219,4615.932,2,2,2,22.312,1,22.518,22.312,4639.75,,,,,,OBJ-N5-PUSH-TR-SBJ-N1-LOC-N2.mp3,OBJ-N5-SBJ-N1-PUSH-TR-LOC-N2.mp4,OBJ-N5-SBJ-N2-PUSH-TR-LOC-N1.mp4,,,,,,,,,,,,,,,,,,,,,,,,,,,,,,,,,,,,,,,,,,,,,,,,,,,,,0,7,7,7,1,,,,,,
,,,,,,,,,,,,,,,,,,,,,,,,,2,,,ALP1202,1995.07.15,2026-05-09_11h29.23.423,BrocantoHPilot1MorphSession2,2025.2.4,Win32,144.092219,4639.751,2,1,1,18.875,1,16.897,18.875,4660.488,,,,,,REVEAL-INTR-SBJ-N1-LOC-N3.mp3,SBJ-N1-REVEAL-INTR-LOC-N3.mp4,SBJ-N3-JUMP-INTR-LOC-N1.mp4,,,,,,,,,,,,,,,,,,,,,,,,,,,,,,,,,,,,,,,,,,,,,,,,,,,,,0,8,8,8,1,,,,,,
,,,,,,,,,,,,,,,,,,,,,,,,,2,,,ALP1202,1995.07.15,2026-05-09_11h29.23.423,BrocantoHPilot1MorphSession2,2025.2.4,Win32,144.092219,4660.49,2,2,2,26.345,1,20.474,26.345,4695.78,,,,,,REVEAL-TR-Ab-OBJ-N5-SBJ-N1.mp3,Ab-OBJ-N5-SBJ-N1-REVEAL-TR.mp4,Aa-OBJ-N5-SBJ-N1-HIDE-TR.mp4,,,,,,,,,,,,,,,,,,,,,,,,,,,,,,,,,,,,,,,,,,,,,,,,,,,,,0,9,9,9,1,,,,,,
,,,,,,,,,,,,,,,,,,,,,,,,,2,,,ALP1202,1995.07.15,2026-05-09_11h29.23.423,BrocantoHPilot1MorphSession2,2025.2.4,Win32,144.092219,4695.782,2,1,1,18.31,1,16.815,18.31,4715.684,,,,,,HIDE-INTR-Ab-SBJ-N2.mp3,Ab-SBJ-N2-HIDE-INTR.mp4,Aa-SBJ-N2-HIDE-INTR.mp4,,,,,,,,,,,,,,,,,,,,,,,,,,,,,,,,,,,,,,,,,,,,,,,,,,,,,0,10,10,10,1,,,,,,
,,,,,,,,,,,,,,,,,,,,,,,,,2,,,ALP1202,1995.07.15,2026-05-09_11h29.23.423,BrocantoHPilot1MorphSession2,2025.2.4,Win32,144.092219,4715.686,2,2,2,38.738,1,19.028,38.738,4755.879,,,,,,SBJ-N1-LOC-N2-HIDE-TR-OBJ-N5.mp3,OBJ-N5-SBJ-N1-HIDE-TR-LOC-N2.mp4,OBJ-N2-SBJ-N1-HIDE-TR-LOC-N5.mp4,,,,,,,,,,,,,,,,,,,,,,,,,,,,,,,,,,,,,,,,,,,,,,,,,,,,,0,11,11,11,1,,,,,,
,,,,,,,,,,,,,,,,,,,,,,,,,2,,,ALP1202,1995.07.15,2026-05-09_11h29.23.423,BrocantoHPilot1MorphSession2,2025.2.4,Win32,144.092219,4755.88,2,1,1,25.137,1,,25.137,4782.507,,,,,,OBJ-N5-HIDE-TR-Ab-SBJ-N1.mp3,OBJ-N5-Ab-SBJ-N1-HIDE-TR.mp4,Aa-OBJ-N1-SBJ-N5-HIDE-TR.mp4,,,,,,,,,,,,,,,,,,,,,,,,,,,,,,,,,,,,,,,,,,,,,,,,,,,,,0,12,12,12,1,,,,,,
,,,,,,,,,,,,,,,,,,,,,,,,,2,,,ALP1202,1995.07.15,2026-05-09_11h29.23.423,BrocantoHPilot1MorphSession2,2025.2.4,Win32,144.092219,4782.507,2,1,1,17.515,1,17.184,17.515,4801.558,,,,,,Ab-SBJ-N1-OBJ-N5-REVEAL-TR.mp3,OBJ-N5-Ab-SBJ-N1-REVEAL-TR.mp4,OBJ-N5-Aa-SBJ-N1-PUSH-TR.mp4,,,,,,,,,,,,,,,,,,,,,,,,,,,,,,,,,,,,,,,,,,,,,,,,,,,,,0,13,13,13,1,,,,,,
,,,,,,,,,,,,,,,,,,,,,,,,,2,,,ALP1202,1995.07.15,2026-05-09_11h29.23.423,BrocantoHPilot1MorphSession2,2025.2.4,Win32,144.092219,4801.559,2,2,2,24.653,1,18.008,24.653,4827.653,,,,,,LOC-N1-OBJ-N5-SBJ-N4-PUSH-TR.mp3,OBJ-N5-SBJ-N4-PUSH-TR-LOC-N1.mp4,OBJ-N4-SBJ-N5-HIDE-TR-LOC-N1.mp4,,,,,,,,,,,,,,,,,,,,,,,,,,,,,,,,,,,,,,,,,,,,,,,,,,,,,0,14,14,14,1,,,,,,
,,,,,,,,,,,,,,,,,,,,,,,,,2,,,ALP1202,1995.07.15,2026-05-09_11h29.23.423,BrocantoHPilot1MorphSession2,2025.2.4,Win32,144.092219,4827.654,2,1,1,21.299,1,14.412,21.299,4850.387,,,,,,Ab-SBJ-N2-GO-INTR.mp3,Ab-SBJ-N2-GO-INTR.mp4,Aa-SBJ-N2-GO-INTR.mp4,,,,,,,,,,,,,,,,,,,,,,,,,,,,,,,,,,,,,,,,,,,,,,,,,,,,,0,15,15,15,1,,,,,,
,,,,,,,,,,,,,,,,,,,,,,,,,2,,,ALP1202,1995.07.15,2026-05-09_11h29.23.423,BrocantoHPilot1MorphSession2,2025.2.4,Win32,144.092219,4850.388,2,1,1,15.989,1,16.406,15.989,4867.892,,,,,,HIDE-INTR-SBJ-N5.mp3,SBJ-N5-HIDE-INTR.mp4,SBJ-N5-REVEAL-INTR.mp4,,,,,,,,,,,,,,,,,,,,,,,,,,,,,,,,,,,,,,,,,,,,,,,,,,,,,0,16,16,16,1,,,,,,
,,,,,,,,,,,,,,,,,,,,,,,,,2,,,ALP1202,1995.07.15,2026-05-09_11h29.23.423,BrocantoHPilot1MorphSession2,2025.2.4,Win32,144.092219,4867.893,2,1,1,16.45,1,15.66,16.45,4887.028,,,,,,JUMP-INTR-LOC-N3-SBJ-N1.mp3,SBJ-N1-JUMP-INTR-LOC-N3.mp4,SBJ-N3-JUMP-INTR-LOC-N1.mp4,,,,,,,,,,,,,,,,,,,,,,,,,,,,,,,,,,,,,,,,,,,,,,,,,,,,,0,17,17,17,1,,,,,,
,,,,,,,,,,,,,,,,,,,,,,,,,2,,,ALP1202,1995.07.15,2026-05-09_11h29.23.423,BrocantoHPilot1MorphSession2,2025.2.4,Win32,144.092219,4887.029,2,1,1,25.378,1,18.197,25.378,4913.868,,,,,,GO-INTR-LOC-N2-SBJ-N5.mp3,SBJ-N5-GO-INTR-LOC-N2.mp4,SBJ-N2-HIDE-INTR-LOC-N5.mp4,,,,,,,,,,,,,,,,,,,,,,,,,,,,,,,,,,,,,,,,,,,,,,,,,,,,,0,18,18,18,1,,,,,,
,,,,,,,,,,,,,,,,,,,,,,,,,2,,,ALP1202,1995.07.15,2026-05-09_11h29.23.423,BrocantoHPilot1MorphSession2,2025.2.4,Win32,144.092219,4913.869,2,2,2,31.574,1,23.338,31.574,4947.104,,,,,,HIDE-INTR-LOC-N5-SBJ-N3.mp3,SBJ-N3-HIDE-INTR-LOC-N5.mp4,SBJ-N5-HIDE-INTR-LOC-N3.mp4,,,,,,,,,,,,,,,,,,,,,,,,,,,,,,,,,,,,,,,,,,,,,,,,,,,,,0,19,19,19,1,,,,,,
,,,,,,,,,,,,,,,,,,,,,,,,,2,,,ALP1202,1995.07.15,2026-05-09_11h29.23.423,BrocantoHPilot1MorphSession2,2025.2.4,Win32,144.092219,4947.105,2,1,1,19.529,1,19.157,19.529,4968.272,,,,,,PUSH-TR-LOC-N1-OBJ-N5-SBJ-N3.mp3,OBJ-N5-SBJ-N3-PUSH-TR-LOC-N1.mp4,OBJ-N5-SBJ-N3-REVEAL-TR-LOC-N1.mp4,,,,,,,,,,,,,,,,,,,,,,,,,,,,,,,,,,,,,,,,,,,,,,,,,,,,,0,20,20,20,1,,,,,,
,,,,,,,,,,,,,,,,,,,,,,,,,2,,,ALP1202,1995.07.15,2026-05-09_11h29.23.423,BrocantoHPilot1MorphSession2,2025.2.4,Win32,144.092219,4968.273,2,1,1,24.683,1,17.105,24.683,4994.475,,,,,,REVEAL-TR-Ab-OBJ-N5-SBJ-N1.mp3,Ab-OBJ-N5-SBJ-N1-REVEAL-TR.mp4,OBJ-N1-Aa-SBJ-N5-REVEAL-TR.mp4,,,,,,,,,,,,,,,,,,,,,,,,,,,,,,,,,,,,,,,,,,,,,,,,,,,,,0,21,21,21,1,,,,,,
,,,,,,,,,,,,,,,,,,,,,,,,,2,,,ALP1202,1995.07.15,2026-05-09_11h29.23.423,BrocantoHPilot1MorphSession2,2025.2.4,Win32,144.092219,4994.477,2,1,1,19.426,1,18.964,19.426,5015.418,,,,,,SBJ-N1-OBJ-N5-Ab-LOC-N3-PUSH-TR.mp3,OBJ-N5-SBJ-N1-PUSH-TR-Ab-LOC-N3.mp4,OBJ-N5-SBJ-N1-REVEAL-TR-Aa-LOC-N3.mp4,,,,,,,,,,,,,,,,,,,,,,,,,,,,,,,,,,,,,,,,,,,,,,,,,,,,,0,22,22,22,1,,,,,,
,,,,,,,,,,,,,,,,,,,,,,,,,2,,,ALP1202,1995.07.15,2026-05-09_11h29.23.423,BrocantoHPilot1MorphSession2,2025.2.4,Win32,144.092219,5015.42,2,2,2,35.513,1,19.836,35.513,5052.836,,,,,,Ab-SBJ-N2-Ab-LOC-N4-REVEAL-INTR.mp3,Ab-SBJ-N2-REVEAL-INTR-Ab-LOC-N4.mp4,Ab-SBJ-N4-REVEAL-INTR-Aa-LOC-N2.mp4,,,,,,,,,,,,,,,,,,,,,,,,,,,,,,,,,,,,,,,,,,,,,,,,,,,,,0,23,23,23,1,,,,,,
,,,,,,,,,,,,,,,,,,,,,,,,,2,,,ALP1202,1995.07.15,2026-05-09_11h29.23.423,BrocantoHPilot1MorphSession2,2025.2.4,Win32,144.092219,5052.839,2,1,1,69.751,1,62.29,69.751,5124.617,,,,,,OBJ-N5-Ab-LOC-N3-REVEAL-TR-Ab-SBJ-N1.mp3,OBJ-N5-Ab-SBJ-N1-REVEAL-TR-Ab-LOC-N3.mp4,OBJ-N5-Ab-SBJ-N1-REVEAL-TR-Aa-LOC-N3.mp4,,,,,,,,,,,,,,,,,,,,,,,,,,,,,,,,,,,,,,,,,,,,,,,,,,,,,0,24,24,24,1,,,,,,
,,,,,,,,,,,,,,,,,,,,,,,,,2,,,ALP1202,1995.07.15,2026-05-09_11h29.23.423,BrocantoHPilot1MorphSession2,2025.2.4,Win32,144.092219,5124.619,2,2,2,18.012,1,16.988,18.012,5144.712,,,,,,REVEAL-INTR-LOC-N3-Ab-SBJ-N4.mp3,Ab-SBJ-N4-REVEAL-INTR-LOC-N3.mp4,Aa-SBJ-N4-JUMP-INTR-LOC-N3.mp4,,,,,,,,,,,,,,,,,,,,,,,,,,,,,,,,,,,,,,,,,,,,,,,,,,,,,0,25,25,25,1,,,,,,
,,,,,,,,,,,,,,,,,,,,,,,,,2,,,ALP1202,1995.07.15,2026-05-09_11h29.23.423,BrocantoHPilot1MorphSession2,2025.2.4,Win32,144.092219,5144.713,2,2,2,79.739,1,78.4,79.739,5226.811,,,,,,REVEAL-INTR-Ab-LOC-N4-Ab-SBJ-N5.mp3,Ab-SBJ-N5-REVEAL-INTR-Ab-LOC-N4.mp4,Ab-SBJ-N4-REVEAL-INTR-Aa-LOC-N5.mp4,,,,,,,,,,,,,,,,,,,,,,,,,,,,,,,,,,,,,,,,,,,,,,,,,,,,,0,26,26,26,1,,,,,,
,,,,,,,,,,,,,,,,,,,,,,,,,2,,,ALP1202,1995.07.15,2026-05-09_11h29.23.423,BrocantoHPilot1MorphSession2,2025.2.4,Win32,144.092219,5226.813,2,1,1,19.809,1,,19.809,5248.678,,,,,,Ab-OBJ-N5-SBJ-N3-PUSH-TR.mp3,Ab-OBJ-N5-SBJ-N3-PUSH-TR.mp4,Aa-OBJ-N5-SBJ-N3-PUSH-TR.mp4,,,,,,,,,,,,,,,,,,,,,,,,,,,,,,,,,,,,,,,,,,,,,,,,,,,,,0,27,27,27,1,,,,,,
,,,,,,,,,,,,,,,,,,,,,,,,,2,,,ALP1202,1995.07.15,2026-05-09_11h29.23.423,BrocantoHPilot1MorphSession2,2025.2.4,Win32,144.092219,5248.68,2,1,2,23.027,0,17.983,23.027,5274.032,,,,,,Ab-SBJ-N4-JUMP-INTR.mp3,Ab-SBJ-N4-JUMP-INTR.mp4,Aa-SBJ-N4-GO-INTR.mp4,,,,,,,,,,,,,,,,,,,,,,,,,,,,,,,,,,,,,,,,,,,,,,,,,,,,,0,28,28,28,1,,,,,,
,,,,,,,,,,,,,,,,,,,,,,,,,2,,,ALP1202,1995.07.15,2026-05-09_11h29.23.423,BrocantoHPilot1MorphSession2,2025.2.4,Win32,144.092219,5274.034,2,1,1,69.599,1,60.462,69.599,5345.655,,,,,,HIDE-TR-LOC-N3-SBJ-N4-Ab-OBJ-N5.mp3,Ab-OBJ-N5-SBJ-N4-HIDE-TR-LOC-N3.mp4,OBJ-N3-SBJ-N4-HIDE-TR-Aa-LOC-N5.mp4,,,,,,,,,,,,,,,,,,,,,,,,,,,,,,,,,,,,,,,,,,,,,,,,,,,,,0,29,29,29,1,,,,,,
,,,,,,,,,,,,,,,,,,,,,,,,,2,,,ALP1202,1995.07.15,2026-05-09_11h29.23.423,BrocantoHPilot1MorphSession2,2025.2.4,Win32,144.092219,5345.656,2,2,2,18.221,1,,18.221,5366.307,,,,,,REVEAL-TR-SBJ-N4-Ab-OBJ-N5.mp3,Ab-OBJ-N5-SBJ-N4-REVEAL-TR.mp4,Aa-OBJ-N5-SBJ-N4-REVEAL-TR.mp4,,,,,,,,,,,,,,,,,,,,,,,,,,,,,,,,,,,,,,,,,,,,,,,,,,,,,0,30,30,30,1,,,,,,
,,,,,,,,,,,,,,,,,,,,,,,,,2,,,ALP1202,1995.07.15,2026-05-09_11h29.23.423,BrocantoHPilot1MorphSession2,2025.2.4,Win32,144.092219,5366.308,2,2,2,47.469,1,32.714,47.469,5415.194,,,,,,HIDE-TR-Ab-OBJ-N5-Ab-SBJ-N2-LOC-N4.mp3,Ab-OBJ-N5-Ab-SBJ-N2-HIDE-TR-LOC-N4.mp4,Ab-OBJ-N5-Aa-SBJ-N2-REVEAL-TR-LOC-N4.mp4,,,,,,,,,,,,,,,,,,,,,,,,,,,,,,,,,,,,,,,,,,,,,,,,,,,,,0,31,31,31,1,,,,,,
,,,,,,,,,,,,,,,,,,,,,,,,,2,,,ALP1202,1995.07.15,2026-05-09_11h29.23.423,BrocantoHPilot1MorphSession2,2025.2.4,Win32,144.092219,5415.195,2,1,1,13.797,1,,13.797,5430.719,,,,,,GO-INTR-Ab-SBJ-N4.mp3,Ab-SBJ-N4-GO-INTR.mp4,Aa-SBJ-N4-GO-INTR.mp4,,,,,,,,,,,,,,,,,,,,,,,,,,,,,,,,,,,,,,,,,,,,,,,,,,,,,0,32,32,32,1,,,,,,
,,,,,,,,,,,,,,,,,,,,,,,,,2,,,ALP1202,1995.07.15,2026-05-09_11h29.23.423,BrocantoHPilot1MorphSession2,2025.2.4,Win32,144.092219,5430.721,2,2,2,12.392,1,,12.392,5444.809,,,,,,Ab-SBJ-N1-Ab-OBJ-N5-PUSH-TR.mp3,Ab-OBJ-N5-Ab-SBJ-N1-PUSH-TR.mp4,Ab-OBJ-N1-Aa-SBJ-N5-PUSH-TR.mp4,,,,,,,,,,,,,,,,,,,,,,,,,,,,,,,,,,,,,,,,,,,,,,,,,,,,,0,33,33,33,1,,,,,,
,,,,,,,,,,,,,,,,,,,,,,,,,2,,,ALP1202,1995.07.15,2026-05-09_11h29.23.423,BrocantoHPilot1MorphSession2,2025.2.4,Win32,144.092219,5444.809,2,1,1,70.102,1,70.901,70.102,5516.95,,,,,,HIDE-INTR-Ab-SBJ-N5.mp3,Ab-SBJ-N5-HIDE-INTR.mp4,Aa-SBJ-N5-REVEAL-INTR.mp4,,,,,,,,,,,,,,,,,,,,,,,,,,,,,,,,,,,,,,,,,,,,,,,,,,,,,0,34,34,34,1,,,,,,
,,,,,,,,,,,,,,,,,,,,,,,,,2,,,ALP1202,1995.07.15,2026-05-09_11h29.23.423,BrocantoHPilot1MorphSession2,2025.2.4,Win32,144.092219,5516.951,2,2,2,25.676,1,19.787,25.676,5544.128,,,,,,Ab-LOC-N3-REVEAL-TR-SBJ-N2-Ab-OBJ-N5.mp3,Ab-OBJ-N5-SBJ-N2-REVEAL-TR-Ab-LOC-N3.mp4,Ab-OBJ-N3-SBJ-N2-HIDE-TR-Ab-LOC-N5.mp4,,,,,,,,,,,,,,,,,,,,,,,,,,,,,,,,,,,,,,,,,,,,,,,,,,,,,0,35,35,35,1,,,,,,
,,,,,,,,,,,,,,,,,,,,,,,,,2,,,ALP1202,1995.07.15,2026-05-09_11h29.23.423,BrocantoHPilot1MorphSession2,2025.2.4,Win32,144.092219,5544.13,2,1,1,15.871,1,15.827,15.871,5561.694,,,,,,HIDE-INTR-Ab-SBJ-N5.mp3,Ab-SBJ-N5-HIDE-INTR.mp4,Ab-SBJ-N5-GO-INTR.mp4,,,,,,,,,,,,,,,,,,,,,,,,,,,,,,,,,,,,,,,,,,,,,,,,,,,,,0,36,36,36,1,,,,,,
,,,,,,,,,,,,,,,,,,,,,,,,,2,,,ALP1202,1995.07.15,2026-05-09_11h29.23.423,BrocantoHPilot1MorphSession2,2025.2.4,Win32,144.092219,5561.694,2,1,1,26.595,1,15.631,26.595,5590.747,,,,,,Ab-SBJ-N4-LOC-N3-JUMP-INTR.mp3,Ab-SBJ-N4-JUMP-INTR-LOC-N3.mp4,SBJ-N3-JUMP-INTR-Ab-LOC-N4.mp4,,,,,,,,,,,,,,,,,,,,,,,,,,,,,,,,,,,,,,,,,,,,,,,,,,,,,0,37,37,37,1,,,,,,
,,,,,,,,,,,,,,,,,,,,,,,,,2,,,ALP1202,1995.07.15,2026-05-09_11h29.23.423,BrocantoHPilot1MorphSession2,2025.2.4,Win32,144.092219,5590.749,2,1,1,14.456,1,,14.456,5608.899,,,,,,Ab-LOC-N3-GO-INTR-Ab-SBJ-N4.mp3,Ab-SBJ-N4-GO-INTR-Ab-LOC-N3.mp4,Ab-SBJ-N3-GO-INTR-Aa-LOC-N4.mp4,,,,,,,,,,,,,,,,,,,,,,,,,,,,,,,,,,,,,,,,,,,,,,,,,,,,,0,38,38,38,1,,,,,,
,,,,,,,,,,,,,,,,,,,,,,,,,2,,,ALP1202,1995.07.15,2026-05-09_11h29.23.423,BrocantoHPilot1MorphSession2,2025.2.4,Win32,144.092219,5608.901,2,2,1,19.771,0,,19.771,5630.593,,,,,,HIDE-INTR-Aa-LOC-N1-Ab-SBJ-N2.mp3,Ab-SBJ-N2-HIDE-INTR-Aa-LOC-N1.mp4,Ab-SBJ-N2-HIDE-INTR-Ab-LOC-N1.mp4,,,,,,,,,,,,,,,,,,,,,,,,,,,,,,,,,,,,,,,,,,,,,,,,,,,,,0,39,39,39,1,,,,,,
,,,,,,,,,,,,,,,,,,,,,,,,,2,,,ALP1202,1995.07.15,2026-05-09_11h29.23.423,BrocantoHPilot1MorphSession2,2025.2.4,Win32,144.092219,5630.594,2,2,2,28.484,1,26.685,28.484,5662.137,,,,,,SBJ-N1-LOC-N4-PUSH-TR-Ab-OBJ-N5.mp3,Ab-OBJ-N5-SBJ-N1-PUSH-TR-LOC-N4.mp4,OBJ-N1-Ab-SBJ-N5-HIDE-TR-LOC-N4.mp4,,,,,,,,,,,,,,,,,,,,,,,,,,,,,,,,,,,,,,,,,,,,,,,,,,,,,0,40,40,40,1,,,,,,
,,,,,,,,,,,,,,,,,,,,,,,,,2,,,ALP1202,1995.07.15,2026-05-09_11h29.23.423,BrocantoHPilot1MorphSession2,2025.2.4,Win32,144.092219,5662.137,2,1,1,20.875,1,21.256,20.875,5684.471,,,,,,PUSH-TR-Ab-OBJ-N5-Ab-SBJ-N3.mp3,Ab-OBJ-N5-Ab-SBJ-N3-PUSH-TR.mp4,Ab-OBJ-N3-Ab-SBJ-N5-PUSH-TR.mp4,,,,,,,,,,,,,,,,,,,,,,,,,,,,,,,,,,,,,,,,,,,,,,,,,,,,,0,41,41,41,1,,,,,,
,,,,,,,,,,,,,,,,,,,,,,,,,2,,,ALP1202,1995.07.15,2026-05-09_11h29.23.423,BrocantoHPilot1MorphSession2,2025.2.4,Win32,144.092219,,,,,,,,,,,,,,,SBJ.N4 REVEAL-INTR LOC.N5,,,5689.531,2,SBJ-N4-REVEAL-INTR-LOC-N5.mp4,REVEAL|SBJ.|N4|LOC.|N5,N5|REVEAL|LOC.|Aa|HIDE|SBJ.|N4,girda|pif|dabi|pa|timó,timó|girda|pa|gyék|zsübe|pif|dabi,pif dabi girda pa timó,1,7.869,12.991,5705.152,,,,,,SBJ-N4-REVEAL-INTR-LOC-N5.mp4,REVEAL|SBJ.|N4|LOC.|N5,N5|REVEAL|LOC.|Aa|HIDE|SBJ.|N4,girda pif-dabi pa-timó,girda|pif|dabi|pa|timó,timó|girda|pa|gyék|zsübe|pif|dabi,,,,,,,,,,,,,,,,,,,,,,,,,,,,,,,,,,,0,0,0,0,1,
,,,,,,,,,,,,,,,,,,,,,,,,,2,,,ALP1202,1995.07.15,2026-05-09_11h29.23.423,BrocantoHPilot1MorphSession2,2025.2.4,Win32,144.092219,,,,,,,,,,,,,,,OBJ.N5 SBJ.N4 HIDE-TR LOC.N3,,,5705.66,2,OBJ-N5-SBJ-N4-HIDE-TR-LOC-N3.mp4,SBJ.|N4|OBJ.|N5|LOC.|N3|HIDE,REVEAL|N4|SBJ.|N3|HIDE|OBJ.|LOC.|JUMP|N5,pif|dabi|fer|timó|pa|zilép|zsübe,girda|dabi|pif|zilép|zsübe|fer|pa|bonip|timó,pif dabi zsübe fer timó pa zilép,1,6.026,46.009,5753.67,,,,,,OBJ-N5-SBJ-N4-HIDE-TR-LOC-N3.mp4,SBJ.|N4|OBJ.|N5|LOC.|N3|HIDE,REVEAL|N4|SBJ.|N3|HIDE|OBJ.|LOC.|JUMP|N5,pif-dabi fer-timó pa-zilép zsübe,pif|dabi|fer|timó|pa|zilép|zsübe,girda|dabi|pif|zilép|zsübe|fer|pa|bonip|timó,,,,,,,,,,,,,,,,,,,,,,,,,,,,,,,,,,,0,1,1,1,1,
,,,,,,,,,,,,,,,,,,,,,,,,,2,,,ALP1202,1995.07.15,2026-05-09_11h29.23.423,BrocantoHPilot1MorphSession2,2025.2.4,Win32,144.092219,,,,,,,,,,,,,,,SBJ.N3 REVEAL-INTR LOC.N4,,,5754.173,2,SBJ-N3-REVEAL-INTR-LOC-N4.mp4,SBJ.|N3|REVEAL|LOC.|N4,SBJ.|GO|N3|Ab|LOC.|N4|REVEAL,pif|zilép|girda|pa|dabi,pif|kávler|zilép|zsot|pa|dabi|girda,pif zilép girda zsot pa dabi,0,7.608,32.718,5792.649,,,,,,SBJ-N3-REVEAL-INTR-LOC-N4.mp4,SBJ.|N3|REVEAL|LOC.|N4,SBJ.|GO|N3|Ab|LOC.|N4|REVEAL,pif-zilép girda pa-dabi,pif|zilép|girda|pa|dabi,pif|kávler|zilép|zsot|pa|dabi|girda,,,,,,,,,,,,,,,,,,,,,,,,,,,,,,,,,,,0,2,2,2,1,
,,,,,,,,,,,,,,,,,,,,,,,,,2,,,ALP1202,1995.07.15,2026-05-09_11h29.23.423,BrocantoHPilot1MorphSession2,2025.2.4,Win32,144.092219,,,,,,,,,,,,,,,OBJ.N5 SBJ.N1 REVEAL-TR LOC.N4,,,5793.16,2,OBJ-N5-SBJ-N1-REVEAL-TR-LOC-N4.mp4,LOC.|N4|OBJ.|N5|SBJ.|N1|REVEAL,Aa|N4|OBJ.|N5|REVEAL|PUSH|LOC.|SBJ.|N1,pa|dabi|fer|timó|pif|pekli|girda,gyék|dabi|fer|timó|girda|vánta|pa|pif|pekli,pif pekli girda fer timó pa dabi,1,9.063,45.94,5841.279,,,,,,OBJ-N5-SBJ-N1-REVEAL-TR-LOC-N4.mp4,LOC.|N4|OBJ.|N5|SBJ.|N1|REVEAL,Aa|N4|OBJ.|N5|REVEAL|PUSH|LOC.|SBJ.|N1,pa-dabi fer-timó pif-pekli girda,pa|dabi|fer|timó|pif|pekli|girda,gyék|dabi|fer|timó|girda|vánta|pa|pif|pekli,,,,,,,,,,,,,,,,,,,,,,,,,,,,,,,,,,,0,3,3,3,1,
,,,,,,,,,,,,,,,,,,,,,,,,,2,,,ALP1202,1995.07.15,2026-05-09_11h29.23.423,BrocantoHPilot1MorphSession2,2025.2.4,Win32,144.092219,,,,,,,,,,,,,,,SBJ.N3 JUMP-INTR,,,5841.788,2,SBJ-N3-JUMP-INTR.mp4,JUMP|SBJ.|N3,N1|SBJ.|N3|N4|JUMP,bonip|pif|zilép,pekli|pif|zilép|dabi|bonip,pif zilép bonip,1,6.19,10.149,5854.861,,,,,,SBJ-N3-JUMP-INTR.mp4,JUMP|SBJ.|N3,N1|SBJ.|N3|N4|JUMP,bonip pif-zilép,bonip|pif|zilép,pekli|pif|zilép|dabi|bonip,,,,,,,,,,,,,,,,,,,,,,,,,,,,,,,,,,,0,4,4,4,1,
,,,,,,,,,,,,,,,,,,,,,,,,,2,,,ALP1202,1995.07.15,2026-05-09_11h29.23.423,BrocantoHPilot1MorphSession2,2025.2.4,Win32,144.092219,,,,,,,,,,,,,,,OBJ.N5 Ab SBJ.N3 PUSH-TR,,,5855.363,2,OBJ-N5-Ab-SBJ-N3-PUSH-TR.mp4,Ab|SBJ.|N3|OBJ.|N5|PUSH,Ab|N3|PUSH|N5|HIDE|SBJ.|OBJ.|JUMP,zsot|pif|zilép|fer|timó|vánta,zsot|zilép|vánta|timó|zsübe|pif|fer|bonip,zsot pif zilép fer timó vánta,1,5.429,13.801,5873.916,,,,,,OBJ-N5-Ab-SBJ-N3-PUSH-TR.mp4,Ab|SBJ.|N3|OBJ.|N5|PUSH,Ab|N3|PUSH|N5|HIDE|SBJ.|OBJ.|JUMP,zsot pif-zilép fer-timó vánta,zsot|pif|zilép|fer|timó|vánta,zsot|zilép|vánta|timó|zsübe|pif|fer|bonip,,,,,,,,,,,,,,,,,,,,,,,,,,,,,,,,,,,0,5,5,5,1,
,,,,,,,,,,,,,,,,,,,,,,,,,2,,,ALP1202,1995.07.15,2026-05-09_11h29.23.423,BrocantoHPilot1MorphSession2,2025.2.4,Win32,144.092219,,,,,,,,,,,,,,,Ab SBJ.N4 HIDE-INTR,,,5874.428,2,Ab-SBJ-N4-HIDE-INTR.mp4,HIDE|Ab|SBJ.|N4,N4|Ab|HIDE|N1|N2|SBJ.,zsübe|zsot|pif|dabi,dabi|zsot|zsübe|pekli|murak|pif,pif dabi zsübe,0,7.658,14.384,5894.051,,,,,,Ab-SBJ-N4-HIDE-INTR.mp4,HIDE|Ab|SBJ.|N4,N4|Ab|HIDE|N1|N2|SBJ.,zsübe zsot pif-dabi,zsübe|zsot|pif|dabi,dabi|zsot|zsübe|pekli|murak|pif,,,,,,,,,,,,,,,,,,,,,,,,,,,,,,,,,,,0,6,6,6,1,
,,,,,,,,,,,,,,,,,,,,,,,,,2,,,ALP1202,1995.07.15,2026-05-09_11h29.23.423,BrocantoHPilot1MorphSession2,2025.2.4,Win32,144.092219,,,,,,,,,,,,,,,SBJ.N2 REVEAL-INTR LOC.N3,,,5894.555,2,SBJ-N2-REVEAL-INTR-LOC-N3.mp4,LOC.|N3|REVEAL|SBJ.|N2,LOC.|N3|REVEAL|PUSH|SBJ.|N1|N2,pa|zilép|girda|pif|murak,pa|zilép|girda|vánta|pif|pekli|murak,pif murak girda,0,7.372,19.334,5923.308,,,,,,SBJ-N2-REVEAL-INTR-LOC-N3.mp4,LOC.|N3|REVEAL|SBJ.|N2,LOC.|N3|REVEAL|PUSH|SBJ.|N1|N2,pa-zilép girda pif-murak,pa|zilép|girda|pif|murak,pa|zilép|girda|vánta|pif|pekli|murak,,,,,,,,,,,,,,,,,,,,,,,,,,,,,,,,,,,0,7,7,7,1,
,,,,,,,,,,,,,,,,,,,,,,,,,2,,,ALP1202,1995.07.15,2026-05-09_11h29.23.423,BrocantoHPilot1MorphSession2,2025.2.4,Win32,144.092219,,,,,,,,,,,,,,,OBJ.N5 SBJ.N3 PUSH-TR,,,5923.819,2,OBJ-N5-SBJ-N3-PUSH-TR.mp4,SBJ.|N3|OBJ.|N5|PUSH,N3|LOC.|SBJ.|OBJ.|REVEAL|N5|PUSH,pif|zilép|fer|timó|vánta,zilép|pa|pif|fer|girda|timó|vánta,pif zilép fer timó vánta,1,4.534,11.94,5940.739,,,,,,OBJ-N5-SBJ-N3-PUSH-TR.mp4,SBJ.|N3|OBJ.|N5|PUSH,N3|LOC.|SBJ.|OBJ.|REVEAL|N5|PUSH,pif-zilép fer-timó vánta,pif|zilép|fer|timó|vánta,zilép|pa|pif|fer|girda|timó|vánta,,,,,,,,,,,,,,,,,,,,,,,,,,,,,,,,,,,0,8,8,8,1,
,,,,,,,,,,,,,,,,,,,,,,,,,2,,,ALP1202,1995.07.15,2026-05-09_11h29.23.423,BrocantoHPilot1MorphSession2,2025.2.4,Win32,144.092219,,,,,,,,,,,,,,,OBJ.N5 SBJ.N1 HIDE-TR LOC.N4,,,5941.243,2,OBJ-N5-SBJ-N1-HIDE-TR-LOC-N4.mp4,HIDE|SBJ.|N1|LOC.|N4|OBJ.|N5,N4|Aa|N5|N1|OBJ.|HIDE|SBJ.|LOC.|N3,zsübe|pif|pekli|pa|dabi|fer|timó,dabi|gyék|timó|pekli|fer|zsübe|pif|pa|zilép,pif pekli fer timó zsübe pa dabi,1,9.079,30.8,5975.035,,,,,,OBJ-N5-SBJ-N1-HIDE-TR-LOC-N4.mp4,HIDE|SBJ.|N1|LOC.|N4|OBJ.|N5,N4|Aa|N5|N1|OBJ.|HIDE|SBJ.|LOC.|N3,zsübe pif-pekli pa-dabi fer-timó,zsübe|pif|pekli|pa|dabi|fer|timó,dabi|gyék|timó|pekli|fer|zsübe|pif|pa|zilép,,,,,,,,,,,,,,,,,,,,,,,,,,,,,,,,,,,0,9,9,9,1,
,,,,,,,,,,,,,,,,,,,,,,,,,2,,,ALP1202,1995.07.15,2026-05-09_11h29.23.423,BrocantoHPilot1MorphSession2,2025.2.4,Win32,144.092219,,,,,,,,,,,,,,,OBJ.N5 SBJ.N2 REVEAL-TR LOC.N1,,,5975.54,2,OBJ-N5-SBJ-N2-REVEAL-TR-LOC-N1.mp4,OBJ.|N5|LOC.|N1|SBJ.|N2|REVEAL,LOC.|Ab|N2|REVEAL|SBJ.|PUSH|OBJ.|N5|N1,fer|timó|pa|pekli|pif|murak|girda,pa|zsot|murak|girda|pif|vánta|fer|timó|pekli,pif murak girda fer timó pa pekli,1,8.044,54.155,6033.104,,,,,,OBJ-N5-SBJ-N2-REVEAL-TR-LOC-N1.mp4,OBJ.|N5|LOC.|N1|SBJ.|N2|REVEAL,LOC.|Ab|N2|REVEAL|SBJ.|PUSH|OBJ.|N5|N1,fer-timó pa-pekli pif-murak girda,fer|timó|pa|pekli|pif|murak|girda,pa|zsot|murak|girda|pif|vánta|fer|timó|pekli,,,,,,,,,,,,,,,,,,,,,,,,,,,,,,,,,,,0,10,10,10,1,
,,,,,,,,,,,,,,,,,,,,,,,,,2,,,ALP1202,1995.07.15,2026-05-09_11h29.23.423,BrocantoHPilot1MorphSession2,2025.2.4,Win32,144.092219,,,,,,,,,,,,,,,Ab OBJ.N5 SBJ.N1 PUSH-TR,,,6033.613,2,Ab-OBJ-N5-SBJ-N1-PUSH-TR.mp4,Ab|OBJ.|N5|PUSH|SBJ.|N1,N5|OBJ.|PUSH|Aa|N1|SBJ.|Ab|N2,zsot|fer|timó|vánta|pif|pekli,timó|fer|vánta|gyék|pekli|pif|zsot|murak,pif pekli zsot fer timó vánta,1,5.32,24.701,6061.995,,,,,,Ab-OBJ-N5-SBJ-N1-PUSH-TR.mp4,Ab|OBJ.|N5|PUSH|SBJ.|N1,N5|OBJ.|PUSH|Aa|N1|SBJ.|Ab|N2,zsot fer-timó vánta pif-pekli,zsot|fer|timó|vánta|pif|pekli,timó|fer|vánta|gyék|pekli|pif|zsot|murak,,,,,,,,,,,,,,,,,,,,,,,,,,,,,,,,,,,0,11,11,11,1,
,,,,,,,,,,,,,,,,,,,,,,,,,2,,,ALP1202,1995.07.15,2026-05-09_11h29.23.423,BrocantoHPilot1MorphSession2,2025.2.4,Win32,144.092219,,,,,,,,,,,,,,,SBJ.N2 JUMP-INTR,,,6062.505,2,SBJ-N2-JUMP-INTR.mp4,SBJ.|N2|JUMP,SBJ.|LOC.|JUMP|N2|REVEAL,pif|murak|bonip,pif|pa|bonip|murak|girda,pif murak bonip,1,257.543,263.156,6328.273,,,,,,SBJ-N2-JUMP-INTR.mp4,SBJ.|N2|JUMP,SBJ.|LOC.|JUMP|N2|REVEAL,pif-murak bonip,pif|murak|bonip,pif|pa|bonip|murak|girda,,,,,,,,,,,,,,,,,,,,,,,,,,,,,,,,,,,0,12,12,12,1,
,,,,,,,,,,,,,,,,,,,,,,,,,2,,,ALP1202,1995.07.15,2026-05-09_11h29.23.423,BrocantoHPilot1MorphSession2,2025.2.4,Win32,144.092219,,,,,,,,,,,,,,,Ab SBJ.N1 GO-INTR,,,6328.776,2,Ab-SBJ-N1-GO-INTR.mp4,GO|Ab|SBJ.|N1,GO|SBJ.|N1|Aa|N5|Ab,kávler|zsot|pif|pekli,kávler|pif|pekli|gyék|timó|zsot,zsot pif pekli kávler,1,4.737,12.35,6342.959,,,,,,Ab-SBJ-N1-GO-INTR.mp4,GO|Ab|SBJ.|N1,GO|SBJ.|N1|Aa|N5|Ab,kávler zsot pif-pekli,kávler|zsot|pif|pekli,kávler|pif|pekli|gyék|timó|zsot,,,,,,,,,,,,,,,,,,,,,,,,,,,,,,,,,,,0,13,13,13,1,
,,,,,,,,,,,,,,,,,,,,,,,,,2,,,ALP1202,1995.07.15,2026-05-09_11h29.23.423,BrocantoHPilot1MorphSession2,2025.2.4,Win32,144.092219,,,,,,,,,,,,,,,OBJ.N5 Ab SBJ.N3 HIDE-TR,,,6343.467,2,OBJ-N5-Ab-SBJ-N3-HIDE-TR.mp4,OBJ.|N5|HIDE|Ab|SBJ.|N3,N1|REVEAL|HIDE|Ab|N5|OBJ.|N3|SBJ.,fer|timó|zsübe|zsot|pif|zilép,pekli|girda|zsübe|zsot|timó|fer|zilép|pif,zsot pif zilép zsübe fer timó,1,6.756,14.075,6360.195,,,,,,OBJ-N5-Ab-SBJ-N3-HIDE-TR.mp4,OBJ.|N5|HIDE|Ab|SBJ.|N3,N1|REVEAL|HIDE|Ab|N5|OBJ.|N3|SBJ.,fer-timó zsübe zsot pif-zilép,fer|timó|zsübe|zsot|pif|zilép,pekli|girda|zsübe|zsot|timó|fer|zilép|pif,,,,,,,,,,,,,,,,,,,,,,,,,,,,,,,,,,,0,14,14,14,1,
,,,,,,,,,,,,,,,,,,,,,,,,,2,,,ALP1202,1995.07.15,2026-05-09_11h29.23.423,BrocantoHPilot1MorphSession2,2025.2.4,Win32,144.092219,,,,,,,,,,,,,,,OBJ.N5 SBJ.N2 REVEAL-TR LOC.N4,,,6360.696,2,OBJ-N5-SBJ-N2-REVEAL-TR-LOC-N4.mp4,LOC.|N4|SBJ.|N2|OBJ.|N5|REVEAL,N5|N2|Ab|N3|REVEAL|SBJ.|LOC.|N4|OBJ.,pa|dabi|pif|murak|fer|timó|girda,timó|murak|zsot|zilép|girda|pif|pa|dabi|fer,pif murak girda fer timó pa dabi,1,5.752,39.103,6402.509,,,,,,OBJ-N5-SBJ-N2-REVEAL-TR-LOC-N4.mp4,LOC.|N4|SBJ.|N2|OBJ.|N5|REVEAL,N5|N2|Ab|N3|REVEAL|SBJ.|LOC.|N4|OBJ.,pa-dabi pif-murak fer-timó girda,pa|dabi|pif|murak|fer|timó|girda,timó|murak|zsot|zilép|girda|pif|pa|dabi|fer,,,,,,,,,,,,,,,,,,,,,,,,,,,,,,,,,,,0,15,15,15,1,
,,,,,,,,,,,,,,,,,,,,,,,,,2,,,ALP1202,1995.07.15,2026-05-09_11h29.23.423,BrocantoHPilot1MorphSession2,2025.2.4,Win32,144.092219,,,,,,,,,,,,,,,Ab SBJ.N5 JUMP-INTR,,,6403.031,2,Ab-SBJ-N5-JUMP-INTR.mp4,Ab|SBJ.|N5|JUMP,N5|HIDE|N1|SBJ.|Ab|JUMP,zsot|pif|timó|bonip,timó|zsübe|pekli|pif|zsot|bonip,zsot pif timó bonip,1,4.882,10.128,6415.154,,,,,,Ab-SBJ-N5-JUMP-INTR.mp4,Ab|SBJ.|N5|JUMP,N5|HIDE|N1|SBJ.|Ab|JUMP,zsot pif-timó bonip,zsot|pif|timó|bonip,timó|zsübe|pekli|pif|zsot|bonip,,,,,,,,,,,,,,,,,,,,,,,,,,,,,,,,,,,0,16,16,16,1,
,,,,,,,,,,,,,,,,,,,,,,,,,2,,,ALP1202,1995.07.15,2026-05-09_11h29.23.423,BrocantoHPilot1MorphSession2,2025.2.4,Win32,144.092219,,,,,,,,,,,,,,,SBJ.N3 HIDE-INTR LOC.N5,,,6415.658,2,SBJ-N3-HIDE-INTR-LOC-N5.mp4,HIDE|LOC.|N5|SBJ.|N3,N3|N5|REVEAL|HIDE|GO|LOC.|SBJ.,zsübe|pa|timó|pif|zilép,zilép|timó|girda|zsübe|kávler|pa|pif,pif zilép zsübe pa timó,1,5.676,13.73,6432.634,,,,,,SBJ-N3-HIDE-INTR-LOC-N5.mp4,HIDE|LOC.|N5|SBJ.|N3,N3|N5|REVEAL|HIDE|GO|LOC.|SBJ.,zsübe pa-timó pif-zilép,zsübe|pa|timó|pif|zilép,zilép|timó|girda|zsübe|kávler|pa|pif,,,,,,,,,,,,,,,,,,,,,,,,,,,,,,,,,,,0,17,17,17,1,
,,,,,,,,,,,,,,,,,,,,,,,,,2,,,ALP1202,1995.07.15,2026-05-09_11h29.23.423,BrocantoHPilot1MorphSession2,2025.2.4,Win32,144.092219,,,,,,,,,,,,,,,SBJ.N3 GO-INTR LOC.N4,,,6433.205,2,SBJ-N3-GO-INTR-LOC-N4.mp4,LOC.|N4|GO|SBJ.|N3,SBJ.|N2|N3|LOC.|GO|Ab|N4,pa|dabi|kávler|pif|zilép,pif|murak|zilép|pa|kávler|zsot|dabi,pif zilép kávler pa dabi,1,6.659,13.12,6449.084,,,,,,SBJ-N3-GO-INTR-LOC-N4.mp4,LOC.|N4|GO|SBJ.|N3,SBJ.|N2|N3|LOC.|GO|Ab|N4,pa-dabi kávler pif-zilép,pa|dabi|kávler|pif|zilép,pif|murak|zilép|pa|kávler|zsot|dabi,,,,,,,,,,,,,,,,,,,,,,,,,,,,,,,,,,,0,18,18,18,1,
,,,,,,,,,,,,,,,,,,,,,,,,,2,,,ALP1202,1995.07.15,2026-05-09_11h29.23.423,BrocantoHPilot1MorphSession2,2025.2.4,Win32,144.092219,,,,,,,,,,,,,,,SBJ.N4 JUMP-INTR LOC.N3,,,6449.589,2,SBJ-N4-JUMP-INTR-LOC-N3.mp4,JUMP|LOC.|N3|SBJ.|N4,Aa|SBJ.|JUMP|N3|LOC.|N4|HIDE,bonip|pa|zilép|pif|dabi,gyék|pif|bonip|zilép|pa|dabi|zsübe,pif dabi bonip pa zilép,1,5.349,23.764,6476.763,,,,,,SBJ-N4-JUMP-INTR-LOC-N3.mp4,JUMP|LOC.|N3|SBJ.|N4,Aa|SBJ.|JUMP|N3|LOC.|N4|HIDE,bonip pa-zilép pif-dabi,bonip|pa|zilép|pif|dabi,gyék|pif|bonip|zilép|pa|dabi|zsübe,,,,,,,,,,,,,,,,,,,,,,,,,,,,,,,,,,,0,19,19,19,1,
,,,,,,,,,,,,,,,,,,,,,,,,,2,,,ALP1202,1995.07.15,2026-05-09_11h29.23.423,BrocantoHPilot1MorphSession2,2025.2.4,Win32,144.092219,,,,,,,,,,,,,,,OBJ.N5 SBJ.N1 PUSH-TR LOC.N3,,,6477.267,2,OBJ-N5-SBJ-N1-PUSH-TR-LOC-N3.mp4,SBJ.|N1|LOC.|N3|PUSH|OBJ.|N5,N2|SBJ.|LOC.|N1|N3|Ab|N5|PUSH|OBJ.,pif|pekli|pa|zilép|vánta|fer|timó,murak|pif|pa|pekli|zilép|zsot|timó|vánta|fer,pif pekli fer timó vánta pa zilép,1,4.754,21.05,6503.167,,,,,,OBJ-N5-SBJ-N1-PUSH-TR-LOC-N3.mp4,SBJ.|N1|LOC.|N3|PUSH|OBJ.|N5,N2|SBJ.|LOC.|N1|N3|Ab|N5|PUSH|OBJ.,pif-pekli pa-zilép vánta fer-timó,pif|pekli|pa|zilép|vánta|fer|timó,murak|pif|pa|pekli|zilép|zsot|timó|vánta|fer,,,,,,,,,,,,,,,,,,,,,,,,,,,,,,,,,,,0,20,20,20,1,
,,,,,,,,,,,,,,,,,,,,,,,,,2,,,ALP1202,1995.07.15,2026-05-09_11h29.23.423,BrocantoHPilot1MorphSession2,2025.2.4,Win32,144.092219,,,,,,,,,,,,,,,OBJ.N5 Ab SBJ.N1 REVEAL-TR,,,6503.733,2,OBJ-N5-Ab-SBJ-N1-REVEAL-TR.mp4,Ab|SBJ.|N1|OBJ.|N5|REVEAL,SBJ.|Aa|PUSH|OBJ.|N5|Ab|N1|REVEAL,zsot|pif|pekli|fer|timó|girda,pif|gyék|vánta|fer|timó|zsot|pekli|girda,zsot pif pekli fer timó girda,1,6.411,14.914,6524.079,,,,,,OBJ-N5-Ab-SBJ-N1-REVEAL-TR.mp4,Ab|SBJ.|N1|OBJ.|N5|REVEAL,SBJ.|Aa|PUSH|OBJ.|N5|Ab|N1|REVEAL,zsot pif-pekli fer-timó girda,zsot|pif|pekli|fer|timó|girda,pif|gyék|vánta|fer|timó|zsot|pekli|girda,,,,,,,,,,,,,,,,,,,,,,,,,,,,,,,,,,,0,21,21,21,1,
,,,,,,,,,,,,,,,,,,,,,,,,,2,,,ALP1202,1995.07.15,2026-05-09_11h29.23.423,BrocantoHPilot1MorphSession2,2025.2.4,Win32,144.092219,,,,,,,,,,,,,,,Ab OBJ.N5 Ab SBJ.N1 REVEAL-TR LOC.N2,,,6524.581,2,Ab-OBJ-N5-Ab-SBJ-N1-REVEAL-TR-LOC-N2.mp4,Ab|SBJ.|N1|REVEAL|Ab|OBJ.|N5|LOC.|N2,N1|N3|N2|N5|OBJ.|Ab|Aa|REVEAL|Ab|SBJ.|LOC.,zsot|pif|pekli|girda|zsot|fer|timó|pa|murak,pekli|zilép|murak|timó|fer|zsot|gyék|girda|zsot|pif|pa,zsot pif pekli fer timó girda pa murak,0,5.739,30.075,6568.229,,,,,,Ab-OBJ-N5-Ab-SBJ-N1-REVEAL-TR-LOC-N2.mp4,Ab|SBJ.|N1|REVEAL|Ab|OBJ.|N5|LOC.|N2,N1|N3|N2|N5|OBJ.|Ab|Aa|REVEAL|Ab|SBJ.|LOC.,zsot pif-pekli girda zsot fer-timó pa-murak,zsot|pif|pekli|girda|zsot|fer|timó|pa|murak,pekli|zilép|murak|timó|fer|zsot|gyék|girda|zsot|pif|pa,,,,,,,,,,,,,,,,,,,,,,,,,,,,,,,,,,,0,22,22,22,1,
,,,,,,,,,,,,,,,,,,,,,,,,,2,,,ALP1202,1995.07.15,2026-05-09_11h29.23.423,BrocantoHPilot1MorphSession2,2025.2.4,Win32,144.092219,,,,,,,,,,,,,,,SBJ.N1 REVEAL-INTR LOC.N5,,,6568.741,2,SBJ-N1-REVEAL-INTR-LOC-N5.mp4,REVEAL|SBJ.|N1|LOC.|N5,REVEAL|SBJ.|LOC.|GO|N2|N5|N1,girda|pif|pekli|pa|timó,girda|pif|pa|kávler|murak|timó|pekli,pif pekli girda pa timó,1,7.356,12.504,6588.748,,,,,,SBJ-N1-REVEAL-INTR-LOC-N5.mp4,REVEAL|SBJ.|N1|LOC.|N5,REVEAL|SBJ.|LOC.|GO|N2|N5|N1,girda pif-pekli pa-timó,girda|pif|pekli|pa|timó,girda|pif|pa|kávler|murak|timó|pekli,,,,,,,,,,,,,,,,,,,,,,,,,,,,,,,,,,,0,23,23,23,1,
,,,,,,,,,,,,,,,,,,,,,,,,,2,,,ALP1202,1995.07.15,2026-05-09_11h29.23.423,BrocantoHPilot1MorphSession2,2025.2.4,Win32,144.092219,,,,,,,,,,,,,,,OBJ.N5 SBJ.N1 HIDE-TR Ab LOC.N4,,,6589.251,2,OBJ-N5-SBJ-N1-HIDE-TR-Ab-LOC-N4.mp4,Ab|LOC.|N4|SBJ.|N1|OBJ.|N5|HIDE,N1|HIDE|N4|LOC.|N3|GO|N5|OBJ.|Ab|SBJ.,zsot|pa|dabi|pif|pekli|fer|timó|zsübe,pekli|zsübe|dabi|pa|zilép|kávler|timó|fer|zsot|pif,pif pekli zsübe fer timó pa dabi,0,6.63,41.612,6641.768,,,,,,OBJ-N5-SBJ-N1-HIDE-TR-Ab-LOC-N4.mp4,Ab|LOC.|N4|SBJ.|N1|OBJ.|N5|HIDE,N1|HIDE|N4|LOC.|N3|GO|N5|OBJ.|Ab|SBJ.,zsot pa-dabi pif-pekli fer-timó zsübe,zsot|pa|dabi|pif|pekli|fer|timó|zsübe,pekli|zsübe|dabi|pa|zilép|kávler|timó|fer|zsot|pif,,,,,,,,,,,,,,,,,,,,,,,,,,,,,,,,,,,0,24,24,24,1,
,,,,,,,,,,,,,,,,,,,,,,,,,2,,,ALP1202,1995.07.15,2026-05-09_11h29.23.423,BrocantoHPilot1MorphSession2,2025.2.4,Win32,144.092219,,,,,,,,,,,,,,,Ab SBJ.N1 REVEAL-INTR LOC.N5,,,6642.273,2,Ab-SBJ-N1-REVEAL-INTR-LOC-N5.mp4,LOC.|N5|Ab|SBJ.|N1|REVEAL,REVEAL|N1|SBJ.|LOC.|Ab|N4|PUSH|N5,pa|timó|zsot|pif|pekli|girda,girda|pekli|pif|pa|zsot|dabi|vánta|timó,zsot pif pekli girda pa timó,1,6.718,30.069,6676.058,,,,,,Ab-SBJ-N1-REVEAL-INTR-LOC-N5.mp4,LOC.|N5|Ab|SBJ.|N1|REVEAL,REVEAL|N1|SBJ.|LOC.|Ab|N4|PUSH|N5,pa-timó zsot pif-pekli girda,pa|timó|zsot|pif|pekli|girda,girda|pekli|pif|pa|zsot|dabi|vánta|timó,,,,,,,,,,,,,,,,,,,,,,,,,,,,,,,,,,,0,25,25,25,1,
,,,,,,,,,,,,,,,,,,,,,,,,,2,,,ALP1202,1995.07.15,2026-05-09_11h29.23.423,BrocantoHPilot1MorphSession2,2025.2.4,Win32,144.092219,,,,,,,,,,,,,,,OBJ.N5 Ab SBJ.N4 REVEAL-TR Ab LOC.N1,,,6676.561,2,OBJ-N5-Ab-SBJ-N4-REVEAL-TR-Ab-LOC-N1.mp4,REVEAL|OBJ.|N5|Ab|LOC.|N1|Ab|SBJ.|N4,N5|N1|N4|OBJ.|Ab|Ab|LOC.|SBJ.|PUSH|Aa|REVEAL,girda|fer|timó|zsot|pa|pekli|zsot|pif|dabi,timó|pekli|dabi|fer|zsot|zsot|pa|pif|vánta|gyék|girda,zsot pif dabi girda fer timó zsot pa pekli,1,5.784,39.668,6719.771,,,,,,OBJ-N5-Ab-SBJ-N4-REVEAL-TR-Ab-LOC-N1.mp4,REVEAL|OBJ.|N5|Ab|LOC.|N1|Ab|SBJ.|N4,N5|N1|N4|OBJ.|Ab|Ab|LOC.|SBJ.|PUSH|Aa|REVEAL,girda fer-timó zsot pa-pekli zsot pif-dabi,girda|fer|timó|zsot|pa|pekli|zsot|pif|dabi,timó|pekli|dabi|fer|zsot|zsot|pa|pif|vánta|gyék|girda,,,,,,,,,,,,,,,,,,,,,,,,,,,,,,,,,,,0,26,26,26,1,
,,,,,,,,,,,,,,,,,,,,,,,,,2,,,ALP1202,1995.07.15,2026-05-09_11h29.23.423,BrocantoHPilot1MorphSession2,2025.2.4,Win32,144.092219,,,,,,,,,,,,,,,Ab SBJ.N2 REVEAL-INTR LOC.N3,,,6720.274,2,Ab-SBJ-N2-REVEAL-INTR-LOC-N3.mp4,REVEAL|Ab|SBJ.|N2|LOC.|N3,N5|LOC.|N3|REVEAL|SBJ.|Ab|OBJ.|N2,girda|zsot|pif|murak|pa|zilép,timó|pa|zilép|girda|pif|zsot|fer|murak,zsot pif murak girda pa zilép,1,6.437,21.352,6743.938,,,,,,Ab-SBJ-N2-REVEAL-INTR-LOC-N3.mp4,REVEAL|Ab|SBJ.|N2|LOC.|N3,N5|LOC.|N3|REVEAL|SBJ.|Ab|OBJ.|N2,girda zsot pif-murak pa-zilép,girda|zsot|pif|murak|pa|zilép,timó|pa|zilép|girda|pif|zsot|fer|murak,,,,,,,,,,,,,,,,,,,,,,,,,,,,,,,,,,,0,27,27,27,1,
,,,,,,,,,,,,,,,,,,,,,,,,,2,,,ALP1202,1995.07.15,2026-05-09_11h29.23.423,BrocantoHPilot1MorphSession2,2025.2.4,Win32,144.092219,,,,,,,,,,,,,,,OBJ.N5 SBJ.N1 PUSH-TR,,,6744.45,2,OBJ-N5-SBJ-N1-PUSH-TR.mp4,SBJ.|N1|OBJ.|N5|PUSH,PUSH|SBJ.|N1|N5|HIDE|N2|OBJ.,pif|pekli|fer|timó|vánta,vánta|pif|pekli|timó|zsübe|murak|fer,pif pekli fer murak vánta,0,5.475,22.191,6782.928,,,,,,OBJ-N5-SBJ-N1-PUSH-TR.mp4,SBJ.|N1|OBJ.|N5|PUSH,PUSH|SBJ.|N1|N5|HIDE|N2|OBJ.,pif-pekli fer-timó vánta,pif|pekli|fer|timó|vánta,vánta|pif|pekli|timó|zsübe|murak|fer,,,,,,,,,,,,,,,,,,,,,,,,,,,,,,,,,,,0,28,28,28,1,
,,,,,,,,,,,,,,,,,,,,,,,,,2,,,ALP1202,1995.07.15,2026-05-09_11h29.23.423,BrocantoHPilot1MorphSession2,2025.2.4,Win32,144.092219,,,,,,,,,,,,,,,SBJ.N2 GO-INTR,,,6783.439,2,SBJ-N2-GO-INTR.mp4,GO|SBJ.|N2,N2|Ab|N1|GO|SBJ.,kávler|pif|murak,murak|zsot|pekli|kávler|pif,pif murak kávler,1,6.122,8.601,6795.19,,,,,,SBJ-N2-GO-INTR.mp4,GO|SBJ.|N2,N2|Ab|N1|GO|SBJ.,kávler pif-murak,kávler|pif|murak,murak|zsot|pekli|kávler|pif,,,,,,,,,,,,,,,,,,,,,,,,,,,,,,,,,,,0,29,29,29,1,
,,,,,,,,,,,,,,,,,,,,,,,,,2,,,ALP1202,1995.07.15,2026-05-09_11h29.23.423,BrocantoHPilot1MorphSession2,2025.2.4,Win32,144.092219,,,,,,,,,,,,,,,OBJ.N5 SBJ.N3 HIDE-TR LOC.N1,,,6795.695,2,OBJ-N5-SBJ-N3-HIDE-TR-LOC-N1.mp4,SBJ.|N3|OBJ.|N5|HIDE|LOC.|N1,LOC.|HIDE|N3|OBJ.|N5|N1|SBJ.|JUMP|N4,pif|zilép|fer|timó|zsübe|pa|pekli,pa|zsübe|zilép|fer|timó|pekli|pif|bonip|dabi,pif zilép zsübe fer timó,0,6.505,23.887,6822.711,,,,,,OBJ-N5-SBJ-N3-HIDE-TR-LOC-N1.mp4,SBJ.|N3|OBJ.|N5|HIDE|LOC.|N1,LOC.|HIDE|N3|OBJ.|N5|N1|SBJ.|JUMP|N4,pif-zilép fer-timó zsübe pa-pekli,pif|zilép|fer|timó|zsübe|pa|pekli,pa|zsübe|zilép|fer|timó|pekli|pif|bonip|dabi,,,,,,,,,,,,,,,,,,,,,,,,,,,,,,,,,,,0,30,30,30,1,
,,,,,,,,,,,,,,,,,,,,,,,,,2,,,ALP1202,1995.07.15,2026-05-09_11h29.23.423,BrocantoHPilot1MorphSession2,2025.2.4,Win32,144.092219,,,,,,,,,,,,,,,Ab OBJ.N5 Aa SBJ.N5 REVEAL-TR,,,6823.225,2,Ab-OBJ-N5-Aa-SBJ-N5-REVEAL-TR.mp4,Aa|SBJ.|N5|REVEAL|Ab|OBJ.|N5,PUSH|N4|Aa|OBJ.|N5|REVEAL|SBJ.|Ab|N5,gyék|pif|timó|girda|zsot|fer|timó,vánta|dabi|gyék|fer|timó|girda|pif|zsot|timó,gyék pif timó girda zsot fer timó,1,5.826,37.431,6862.692,,,,,,Ab-OBJ-N5-Aa-SBJ-N5-REVEAL-TR.mp4,Aa|SBJ.|N5|REVEAL|Ab|OBJ.|N5,PUSH|N4|Aa|OBJ.|N5|REVEAL|SBJ.|Ab|N5,gyék pif-timó girda zsot fer-timó,gyék|pif|timó|girda|zsot|fer|timó,vánta|dabi|gyék|fer|timó|girda|pif|zsot|timó,,,,,,,,,,,,,,,,,,,,,,,,,,,,,,,,,,,0,31,31,31,1,
,,,,,,,,,,,,,,,,,,,,,,,,,2,,,ALP1202,1995.07.15,2026-05-09_11h29.23.423,BrocantoHPilot1MorphSession2,2025.2.4,Win32,144.092219,,,,,,,,,,,,,,,Ab SBJ.N1 HIDE-INTR,,,6863.223,2,Ab-SBJ-N1-HIDE-INTR.mp4,Ab|SBJ.|N1|HIDE,N4|N3|Ab|HIDE|SBJ.|N1,zsot|pif|pekli|zsübe,dabi|zilép|zsot|zsübe|pif|pekli,zsot pif pekli zsübe,1,5.349,20.883,6887.294,,,,,,Ab-SBJ-N1-HIDE-INTR.mp4,Ab|SBJ.|N1|HIDE,N4|N3|Ab|HIDE|SBJ.|N1,zsot pif-pekli zsübe,zsot|pif|pekli|zsübe,dabi|zilép|zsot|zsübe|pif|pekli,,,,,,,,,,,,,,,,,,,,,,,,,,,,,,,,,,,0,32,32,32,1,
,,,,,,,,,,,,,,,,,,,,,,,,,2,,,ALP1202,1995.07.15,2026-05-09_11h29.23.423,BrocantoHPilot1MorphSession2,2025.2.4,Win32,144.092219,,,,,,,,,,,,,,,OBJ.N5 SBJ.N4 PUSH-TR,,,6887.885,2,OBJ-N5-SBJ-N4-PUSH-TR.mp4,SBJ.|N4|OBJ.|N5|PUSH,Aa|N5|OBJ.|PUSH|N3|N4|SBJ.,pif|dabi|fer|timó|vánta,gyék|timó|fer|vánta|zilép|dabi|pif,pif dabi fer timó vánta,1,5.115,31.845,6923.073,,,,,,OBJ-N5-SBJ-N4-PUSH-TR.mp4,SBJ.|N4|OBJ.|N5|PUSH,Aa|N5|OBJ.|PUSH|N3|N4|SBJ.,pif-dabi fer-timó vánta,pif|dabi|fer|timó|vánta,gyék|timó|fer|vánta|zilép|dabi|pif,,,,,,,,,,,,,,,,,,,,,,,,,,,,,,,,,,,0,33,33,33,1,
,,,,,,,,,,,,,,,,,,,,,,,,,2,,,ALP1202,1995.07.15,2026-05-09_11h29.23.423,BrocantoHPilot1MorphSession2,2025.2.4,Win32,144.092219,,,,,,,,,,,,,,,Ab OBJ.N5 Ab SBJ.N3 HIDE-TR Ab LOC.N1,,,6923.574,2,Ab-OBJ-N5-Ab-SBJ-N3-HIDE-TR-Ab-LOC-N1.mp4,Ab|LOC.|N1|Ab|OBJ.|N5|HIDE|Ab|SBJ.|N3,Ab|N5|N2|Ab|N3|SBJ.|HIDE|LOC.|OBJ.|Ab|N1|PUSH,zsot|pa|pekli|zsot|fer|timó|zsübe|zsot|pif|zilép,zsot|timó|murak|zsot|zilép|pif|zsübe|pa|fer|zsot|pekli|vánta,zsot pif zilép zsübe zsot fer timó,0,5.345,25.491,6952.304,,,,,,Ab-OBJ-N5-Ab-SBJ-N3-HIDE-TR-Ab-LOC-N1.mp4,Ab|LOC.|N1|Ab|OBJ.|N5|HIDE|Ab|SBJ.|N3,Ab|N5|N2|Ab|N3|SBJ.|HIDE|LOC.|OBJ.|Ab|N1|PUSH,zsot pa-pekli zsot fer-timó zsübe zsot pif-zilép,zsot|pa|pekli|zsot|fer|timó|zsübe|zsot|pif|zilép,zsot|timó|murak|zsot|zilép|pif|zsübe|pa|fer|zsot|pekli|vánta,,,,,,,,,,,,,,,,,,,,,,,,,,,,,,,,,,,0,34,34,34,1,
,,,,,,,,,,,,,,,,,,,,,,,,,2,,,ALP1202,1995.07.15,2026-05-09_11h29.23.423,BrocantoHPilot1MorphSession2,2025.2.4,Win32,144.092219,,,,,,,,,,,,,,,Ab SBJ.N3 JUMP-INTR,,,6952.807,2,Ab-SBJ-N3-JUMP-INTR.mp4,Ab|SBJ.|N3|JUMP,JUMP|SBJ.|N3|N1|N4|Ab,zsot|pif|zilép|bonip,bonip|pif|zilép|pekli|dabi|zsot,,,,,,,,,,,Ab-SBJ-N3-JUMP-INTR.mp4,Ab|SBJ.|N3|JUMP,JUMP|SBJ.|N3|N1|N4|Ab,zsot pif-zilép bonip,zsot|pif|zilép|bonip,bonip|pif|zilép|pekli|dabi|zsot,,,,,,,,,,,,,,,,,,,,,,,,,,,,,,,,,,,0,35,35,35,1,41
