wordLearning.exposure.itemIdx,wordLearning.exposure.pass,wordLearning.exposure.image,wordLearning.exposure.audio,wordLearning.test.started,wordLearning.test.targetIdx,wordLearning.test.targetImage,wordLearning.test.optionOrder,wordLearning.test.responseIdx,wordLearning.test.correct,wordLearning.test.streakAfter,wordLearning.test.masteredSnapshot,passiveTrial.started,passive.sessionIndex,passive.movie,passive.sound,passiveTrial.stopped,passiveSelfPaceKey.keys,passiveSelfPaceKey.rt,passiveSelfPaceKey.duration,passiveTrials_s1.thisRepN,passiveTrials_s1.thisTrialN,passiveTrials_s1.thisN,passiveTrials_s1.thisIndex,passiveTrials_s1.ran,sessionIndex,passiveMovie,passiveSound,participant,születési dátum (ÉÉÉÉ.HH.NN),date,expName,psychopyVersion,OS,frameRate,comprehensionTrial.started,comprehension.sessionIndex,comprehension.correctPosition,comprehension.response,comprehension.rt,comprehension.correct,comprehension.t_sentenceAudioEnd,comprehension.t_lastChoiceClick,comprehensionTrial.stopped,comprehensionTrials_s1.thisRepN,comprehensionTrials_s1.thisTrialN,comprehensionTrials_s1.thisN,comprehensionTrials_s1.thisIndex,comprehensionTrials_s1.ran,sentence,video_correct,video_incorrect,productionTrial.started,production.sessionIndex,production.video,production.correct_words,production.all_words,production.correct_words_form,production.all_words_form,production.correct,production.t_firstVideoEnd,production.t_lastWordClick,production.response,productionTrial.stopped,productionTrials_s1.thisRepN,productionTrials_s1.thisTrialN,productionTrials_s1.thisN,productionTrials_s1.thisIndex,productionTrials_s1.ran,video,correct_words,all_words,sentence_form,correct_words_form,all_words_form,familiarityTrial.started,familiarity.testName,familiarity.thisN,familiarity.sessionIndex,familiarity.audio,familiarity.previous_encounters,familiarity.playAttemptTime,familiarity.rating,familiarity.playClickCount,familiarity.t_audioEnd,familiarity.t_lastLikertClick,familiarityTrial.stopped,chunkTest_s1.thisRepN,chunkTest_s1.thisTrialN,chunkTest_s1.thisN,chunkTest_s1.thisIndex,chunkTest_s1.ran,audio,previous_encounters,GJTest_s1.thisRepN,GJTest_s1.thisTrialN,GJTest_s1.thisN,GJTest_s1.thisIndex,GJTest_s1.ran,passiveTrials_s2.thisRepN,passiveTrials_s2.thisTrialN,passiveTrials_s2.thisN,passiveTrials_s2.thisIndex,passiveTrials_s2.ran,comprehensionTrials_s2.thisRepN,comprehensionTrials_s2.thisTrialN,comprehensionTrials_s2.thisN,comprehensionTrials_s2.thisIndex,comprehensionTrials_s2.ran,productionTrials_s2.thisRepN,productionTrials_s2.thisTrialN,productionTrials_s2.thisN,productionTrials_s2.thisIndex,productionTrials_s2.ran,chunkTest_s2.thisRepN,chunkTest_s2.thisTrialN,chunkTest_s2.thisN,chunkTest_s2.thisIndex,chunkTest_s2.ran,GJTest_s2.thisRepN,GJTest_s2.thisTrialN,GJTest_s2.thisN,GJTest_s2.thisIndex,GJTest_s2.ran
1,2,Ab-1.png,Ab.mp3,170.6158,4,Aa-N3.png,"6,5,0,4",4,1,5,1111111,178.5162,1,SBJ-N1-GO-INTR.mp4,SBJ-N1-GO-INTR.mp3,184.5296,mouse_continue,6.0148,,0,0,0,0,1,1,SBJ-N1-GO-INTR.mp4,SBJ-N1-GO-INTR.mp3,153556,2006.09.19,2026-05-09_20h53.02.263,BrocantoHPilot1WOSession2,2025.2.4,Win32,59.88023952,,,,,,,,,,,,,,,,,,,,,,,,,,,,,,,,,,,,,,,,,,,,,,,,,,,,,,,,,,,,,,,,,,,,,,,,,,,,,,,,,,,,,,,,,
,,,,,,,,,,,,184.5321,1,OBJ-N5-SBJ-N3-REVEAL-TR.mp4,OBJ-N5-SBJ-N3-REVEAL-TR.mp3,189.9245,mouse_continue,5.3929,,0,1,1,1,1,1,OBJ-N5-SBJ-N3-REVEAL-TR.mp4,OBJ-N5-SBJ-N3-REVEAL-TR.mp3,153556,2006.09.19,2026-05-09_20h53.02.263,BrocantoHPilot1WOSession2,2025.2.4,Win32,59.88023952,,,,,,,,,,,,,,,,,,,,,,,,,,,,,,,,,,,,,,,,,,,,,,,,,,,,,,,,,,,,,,,,,,,,,,,,,,,,,,,,,,,,,,,,,
,,,,,,,,,,,,189.9268,1,OBJ-N5-SBJ-N2-PUSH-TR.mp4,OBJ-N5-SBJ-N2-PUSH-TR.mp3,195.3691,mouse_continue,5.4427,,0,2,2,2,1,1,OBJ-N5-SBJ-N2-PUSH-TR.mp4,OBJ-N5-SBJ-N2-PUSH-TR.mp3,153556,2006.09.19,2026-05-09_20h53.02.263,BrocantoHPilot1WOSession2,2025.2.4,Win32,59.88023952,,,,,,,,,,,,,,,,,,,,,,,,,,,,,,,,,,,,,,,,,,,,,,,,,,,,,,,,,,,,,,,,,,,,,,,,,,,,,,,,,,,,,,,,,
,,,,,,,,,,,,195.3717,1,SBJ-N1-GO-INTR.mp4,SBJ-N1-GO-INTR.mp3,200.7071,mouse_continue,5.3359,,0,3,3,3,1,1,SBJ-N1-GO-INTR.mp4,SBJ-N1-GO-INTR.mp3,153556,2006.09.19,2026-05-09_20h53.02.263,BrocantoHPilot1WOSession2,2025.2.4,Win32,59.88023952,,,,,,,,,,,,,,,,,,,,,,,,,,,,,,,,,,,,,,,,,,,,,,,,,,,,,,,,,,,,,,,,,,,,,,,,,,,,,,,,,,,,,,,,,
,,,,,,,,,,,,200.709,1,OBJ-N5-SBJ-N4-HIDE-TR.mp4,OBJ-N5-SBJ-N4-HIDE-TR.mp3,206.9824,mouse_continue,6.2736,,0,4,4,4,1,1,OBJ-N5-SBJ-N4-HIDE-TR.mp4,OBJ-N5-SBJ-N4-HIDE-TR.mp3,153556,2006.09.19,2026-05-09_20h53.02.263,BrocantoHPilot1WOSession2,2025.2.4,Win32,59.88023952,,,,,,,,,,,,,,,,,,,,,,,,,,,,,,,,,,,,,,,,,,,,,,,,,,,,,,,,,,,,,,,,,,,,,,,,,,,,,,,,,,,,,,,,,
,,,,,,,,,,,,206.9846,1,SBJ-N2-HIDE-INTR.mp4,SBJ-N2-HIDE-INTR.mp3,212.3696,mouse_continue,5.3854,,0,5,5,5,1,1,SBJ-N2-HIDE-INTR.mp4,SBJ-N2-HIDE-INTR.mp3,153556,2006.09.19,2026-05-09_20h53.02.263,BrocantoHPilot1WOSession2,2025.2.4,Win32,59.88023952,,,,,,,,,,,,,,,,,,,,,,,,,,,,,,,,,,,,,,,,,,,,,,,,,,,,,,,,,,,,,,,,,,,,,,,,,,,,,,,,,,,,,,,,,
,,,,,,,,,,,,212.3717,1,OBJ-N5-SBJ-N3-REVEAL-TR.mp4,OBJ-N5-SBJ-N3-REVEAL-TR.mp3,217.701,mouse_continue,5.3298,,0,6,6,6,1,1,OBJ-N5-SBJ-N3-REVEAL-TR.mp4,OBJ-N5-SBJ-N3-REVEAL-TR.mp3,153556,2006.09.19,2026-05-09_20h53.02.263,BrocantoHPilot1WOSession2,2025.2.4,Win32,59.88023952,,,,,,,,,,,,,,,,,,,,,,,,,,,,,,,,,,,,,,,,,,,,,,,,,,,,,,,,,,,,,,,,,,,,,,,,,,,,,,,,,,,,,,,,,
,,,,,,,,,,,,217.7031,1,SBJ-N3-JUMP-INTR.mp4,SBJ-N3-JUMP-INTR.mp3,222.8325,mouse_continue,5.13,,0,7,7,7,1,1,SBJ-N3-JUMP-INTR.mp4,SBJ-N3-JUMP-INTR.mp3,153556,2006.09.19,2026-05-09_20h53.02.263,BrocantoHPilot1WOSession2,2025.2.4,Win32,59.88023952,,,,,,,,,,,,,,,,,,,,,,,,,,,,,,,,,,,,,,,,,,,,,,,,,,,,,,,,,,,,,,,,,,,,,,,,,,,,,,,,,,,,,,,,,
,,,,,,,,,,,,222.8343,1,SBJ-N5-REVEAL-INTR.mp4,SBJ-N5-REVEAL-INTR.mp3,228.1577,mouse_continue,5.3238,,0,8,8,8,1,1,SBJ-N5-REVEAL-INTR.mp4,SBJ-N5-REVEAL-INTR.mp3,153556,2006.09.19,2026-05-09_20h53.02.263,BrocantoHPilot1WOSession2,2025.2.4,Win32,59.88023952,,,,,,,,,,,,,,,,,,,,,,,,,,,,,,,,,,,,,,,,,,,,,,,,,,,,,,,,,,,,,,,,,,,,,,,,,,,,,,,,,,,,,,,,,
,,,,,,,,,,,,228.16,1,OBJ-N5-SBJ-N4-HIDE-TR.mp4,OBJ-N5-SBJ-N4-HIDE-TR.mp3,233.6059,mouse_continue,5.4465,,0,9,9,9,1,1,OBJ-N5-SBJ-N4-HIDE-TR.mp4,OBJ-N5-SBJ-N4-HIDE-TR.mp3,153556,2006.09.19,2026-05-09_20h53.02.263,BrocantoHPilot1WOSession2,2025.2.4,Win32,59.88023952,,,,,,,,,,,,,,,,,,,,,,,,,,,,,,,,,,,,,,,,,,,,,,,,,,,,,,,,,,,,,,,,,,,,,,,,,,,,,,,,,,,,,,,,,
,,,,,,,,,,,,233.6078,1,SBJ-N3-JUMP-INTR.mp4,SBJ-N3-JUMP-INTR.mp3,238.8876,mouse_continue,5.2802,,0,10,10,10,1,1,SBJ-N3-JUMP-INTR.mp4,SBJ-N3-JUMP-INTR.mp3,153556,2006.09.19,2026-05-09_20h53.02.263,BrocantoHPilot1WOSession2,2025.2.4,Win32,59.88023952,,,,,,,,,,,,,,,,,,,,,,,,,,,,,,,,,,,,,,,,,,,,,,,,,,,,,,,,,,,,,,,,,,,,,,,,,,,,,,,,,,,,,,,,,
,,,,,,,,,,,,238.8891,1,OBJ-N5-SBJ-N2-PUSH-TR.mp4,OBJ-N5-SBJ-N2-PUSH-TR.mp3,244.2356,mouse_continue,5.3468,,0,11,11,11,1,1,OBJ-N5-SBJ-N2-PUSH-TR.mp4,OBJ-N5-SBJ-N2-PUSH-TR.mp3,153556,2006.09.19,2026-05-09_20h53.02.263,BrocantoHPilot1WOSession2,2025.2.4,Win32,59.88023952,,,,,,,,,,,,,,,,,,,,,,,,,,,,,,,,,,,,,,,,,,,,,,,,,,,,,,,,,,,,,,,,,,,,,,,,,,,,,,,,,,,,,,,,,
,,,,,,,,,,,,244.2378,1,OBJ-N5-SBJ-N1-HIDE-TR.mp4,OBJ-N5-SBJ-N1-HIDE-TR.mp3,250.2174,mouse_continue,5.9801,,0,12,12,12,1,1,OBJ-N5-SBJ-N1-HIDE-TR.mp4,OBJ-N5-SBJ-N1-HIDE-TR.mp3,153556,2006.09.19,2026-05-09_20h53.02.263,BrocantoHPilot1WOSession2,2025.2.4,Win32,59.88023952,,,,,,,,,,,,,,,,,,,,,,,,,,,,,,,,,,,,,,,,,,,,,,,,,,,,,,,,,,,,,,,,,,,,,,,,,,,,,,,,,,,,,,,,,
,,,,,,,,,,,,250.2198,1,SBJ-N2-HIDE-INTR.mp4,SBJ-N2-HIDE-INTR.mp3,255.5548,mouse_continue,5.3355,,0,13,13,13,1,1,SBJ-N2-HIDE-INTR.mp4,SBJ-N2-HIDE-INTR.mp3,153556,2006.09.19,2026-05-09_20h53.02.263,BrocantoHPilot1WOSession2,2025.2.4,Win32,59.88023952,,,,,,,,,,,,,,,,,,,,,,,,,,,,,,,,,,,,,,,,,,,,,,,,,,,,,,,,,,,,,,,,,,,,,,,,,,,,,,,,,,,,,,,,,
,,,,,,,,,,,,255.5564,1,OBJ-N5-SBJ-N2-PUSH-TR.mp4,OBJ-N5-SBJ-N2-PUSH-TR.mp3,260.8804,mouse_continue,5.3242,,0,14,14,14,1,1,OBJ-N5-SBJ-N2-PUSH-TR.mp4,OBJ-N5-SBJ-N2-PUSH-TR.mp3,153556,2006.09.19,2026-05-09_20h53.02.263,BrocantoHPilot1WOSession2,2025.2.4,Win32,59.88023952,,,,,,,,,,,,,,,,,,,,,,,,,,,,,,,,,,,,,,,,,,,,,,,,,,,,,,,,,,,,,,,,,,,,,,,,,,,,,,,,,,,,,,,,,
,,,,,,,,,,,,260.8825,1,SBJ-N3-GO-INTR.mp4,SBJ-N3-GO-INTR.mp3,266.5782,mouse_continue,5.6961,,0,15,15,15,1,1,SBJ-N3-GO-INTR.mp4,SBJ-N3-GO-INTR.mp3,153556,2006.09.19,2026-05-09_20h53.02.263,BrocantoHPilot1WOSession2,2025.2.4,Win32,59.88023952,,,,,,,,,,,,,,,,,,,,,,,,,,,,,,,,,,,,,,,,,,,,,,,,,,,,,,,,,,,,,,,,,,,,,,,,,,,,,,,,,,,,,,,,,
,,,,,,,,,,,,266.5807,1,SBJ-N4-REVEAL-INTR.mp4,SBJ-N4-REVEAL-INTR.mp3,271.5827,mouse_continue,5.0029,,0,16,16,16,1,1,SBJ-N4-REVEAL-INTR.mp4,SBJ-N4-REVEAL-INTR.mp3,153556,2006.09.19,2026-05-09_20h53.02.263,BrocantoHPilot1WOSession2,2025.2.4,Win32,59.88023952,,,,,,,,,,,,,,,,,,,,,,,,,,,,,,,,,,,,,,,,,,,,,,,,,,,,,,,,,,,,,,,,,,,,,,,,,,,,,,,,,,,,,,,,,
,,,,,,,,,,,,271.5847,1,OBJ-N5-SBJ-N3-REVEAL-TR.mp4,OBJ-N5-SBJ-N3-REVEAL-TR.mp3,276.8978,mouse_continue,5.3136,,0,17,17,17,1,1,OBJ-N5-SBJ-N3-REVEAL-TR.mp4,OBJ-N5-SBJ-N3-REVEAL-TR.mp3,153556,2006.09.19,2026-05-09_20h53.02.263,BrocantoHPilot1WOSession2,2025.2.4,Win32,59.88023952,,,,,,,,,,,,,,,,,,,,,,,,,,,,,,,,,,,,,,,,,,,,,,,,,,,,,,,,,,,,,,,,,,,,,,,,,,,,,,,,,,,,,,,,,
,,,,,,,,,,,,276.8995,1,SBJ-N5-JUMP-INTR.mp4,SBJ-N5-JUMP-INTR.mp3,282.2231,mouse_continue,5.3238,,0,18,18,18,1,1,SBJ-N5-JUMP-INTR.mp4,SBJ-N5-JUMP-INTR.mp3,153556,2006.09.19,2026-05-09_20h53.02.263,BrocantoHPilot1WOSession2,2025.2.4,Win32,59.88023952,,,,,,,,,,,,,,,,,,,,,,,,,,,,,,,,,,,,,,,,,,,,,,,,,,,,,,,,,,,,,,,,,,,,,,,,,,,,,,,,,,,,,,,,,
,,,,,,,,,,,,282.2254,1,SBJ-N3-GO-INTR.mp4,SBJ-N3-GO-INTR.mp3,287.7379,mouse_continue,5.5129,,0,19,19,19,1,1,SBJ-N3-GO-INTR.mp4,SBJ-N3-GO-INTR.mp3,153556,2006.09.19,2026-05-09_20h53.02.263,BrocantoHPilot1WOSession2,2025.2.4,Win32,59.88023952,,,,,,,,,,,,,,,,,,,,,,,,,,,,,,,,,,,,,,,,,,,,,,,,,,,,,,,,,,,,,,,,,,,,,,,,,,,,,,,,,,,,,,,,,
,,,,,,,,,,,,287.7399,1,OBJ-N5-SBJ-N3-REVEAL-TR.mp4,OBJ-N5-SBJ-N3-REVEAL-TR.mp3,293.126,mouse_continue,5.3863,,0,20,20,20,1,1,OBJ-N5-SBJ-N3-REVEAL-TR.mp4,OBJ-N5-SBJ-N3-REVEAL-TR.mp3,153556,2006.09.19,2026-05-09_20h53.02.263,BrocantoHPilot1WOSession2,2025.2.4,Win32,59.88023952,,,,,,,,,,,,,,,,,,,,,,,,,,,,,,,,,,,,,,,,,,,,,,,,,,,,,,,,,,,,,,,,,,,,,,,,,,,,,,,,,,,,,,,,,
,,,,,,,,,,,,293.1278,1,OBJ-N5-SBJ-N1-REVEAL-TR.mp4,OBJ-N5-SBJ-N1-REVEAL-TR.mp3,298.6344,mouse_continue,5.5068,,0,21,21,21,1,1,OBJ-N5-SBJ-N1-REVEAL-TR.mp4,OBJ-N5-SBJ-N1-REVEAL-TR.mp3,153556,2006.09.19,2026-05-09_20h53.02.263,BrocantoHPilot1WOSession2,2025.2.4,Win32,59.88023952,,,,,,,,,,,,,,,,,,,,,,,,,,,,,,,,,,,,,,,,,,,,,,,,,,,,,,,,,,,,,,,,,,,,,,,,,,,,,,,,,,,,,,,,,
,,,,,,,,,,,,298.6371,1,OBJ-N5-SBJ-N2-PUSH-TR-LOC-N4.mp4,OBJ-N5-SBJ-N2-PUSH-TR-LOC-N4.mp3,304.166,mouse_continue,5.5296,,0,22,22,22,1,1,OBJ-N5-SBJ-N2-PUSH-TR-LOC-N4.mp4,OBJ-N5-SBJ-N2-PUSH-TR-LOC-N4.mp3,153556,2006.09.19,2026-05-09_20h53.02.263,BrocantoHPilot1WOSession2,2025.2.4,Win32,59.88023952,,,,,,,,,,,,,,,,,,,,,,,,,,,,,,,,,,,,,,,,,,,,,,,,,,,,,,,,,,,,,,,,,,,,,,,,,,,,,,,,,,,,,,,,,
,,,,,,,,,,,,304.1683,1,SBJ-N4-REVEAL-INTR-LOC-N5.mp4,SBJ-N4-REVEAL-INTR-LOC-N5.mp3,310.2635,mouse_continue,6.0956,,0,23,23,23,1,1,SBJ-N4-REVEAL-INTR-LOC-N5.mp4,SBJ-N4-REVEAL-INTR-LOC-N5.mp3,153556,2006.09.19,2026-05-09_20h53.02.263,BrocantoHPilot1WOSession2,2025.2.4,Win32,59.88023952,,,,,,,,,,,,,,,,,,,,,,,,,,,,,,,,,,,,,,,,,,,,,,,,,,,,,,,,,,,,,,,,,,,,,,,,,,,,,,,,,,,,,,,,,
,,,,,,,,,,,,310.2657,1,OBJ-N5-SBJ-N1-HIDE-TR-LOC-N2.mp4,OBJ-N5-SBJ-N1-HIDE-TR-LOC-N2.mp3,323.599,mouse_continue,13.3337,,0,24,24,24,1,1,OBJ-N5-SBJ-N1-HIDE-TR-LOC-N2.mp4,OBJ-N5-SBJ-N1-HIDE-TR-LOC-N2.mp3,153556,2006.09.19,2026-05-09_20h53.02.263,BrocantoHPilot1WOSession2,2025.2.4,Win32,59.88023952,,,,,,,,,,,,,,,,,,,,,,,,,,,,,,,,,,,,,,,,,,,,,,,,,,,,,,,,,,,,,,,,,,,,,,,,,,,,,,,,,,,,,,,,,
,,,,,,,,,,,,323.6008,1,SBJ-N2-REVEAL-INTR-LOC-N5.mp4,SBJ-N2-REVEAL-INTR-LOC-N5.mp3,329.1803,mouse_continue,5.5802,,0,25,25,25,1,1,SBJ-N2-REVEAL-INTR-LOC-N5.mp4,SBJ-N2-REVEAL-INTR-LOC-N5.mp3,153556,2006.09.19,2026-05-09_20h53.02.263,BrocantoHPilot1WOSession2,2025.2.4,Win32,59.88023952,,,,,,,,,,,,,,,,,,,,,,,,,,,,,,,,,,,,,,,,,,,,,,,,,,,,,,,,,,,,,,,,,,,,,,,,,,,,,,,,,,,,,,,,,
,,,,,,,,,,,,329.1819,1,OBJ-N5-SBJ-N1-PUSH-TR-LOC-N2.mp4,OBJ-N5-SBJ-N1-PUSH-TR-LOC-N2.mp3,336.0219,mouse_continue,6.8401,,0,26,26,26,1,1,OBJ-N5-SBJ-N1-PUSH-TR-LOC-N2.mp4,OBJ-N5-SBJ-N1-PUSH-TR-LOC-N2.mp3,153556,2006.09.19,2026-05-09_20h53.02.263,BrocantoHPilot1WOSession2,2025.2.4,Win32,59.88023952,,,,,,,,,,,,,,,,,,,,,,,,,,,,,,,,,,,,,,,,,,,,,,,,,,,,,,,,,,,,,,,,,,,,,,,,,,,,,,,,,,,,,,,,,
,,,,,,,,,,,,336.0242,1,SBJ-N3-REVEAL-INTR-LOC-N4.mp4,SBJ-N3-REVEAL-INTR-LOC-N4.mp3,346.9012,mouse_continue,10.8773,,0,27,27,27,1,1,SBJ-N3-REVEAL-INTR-LOC-N4.mp4,SBJ-N3-REVEAL-INTR-LOC-N4.mp3,153556,2006.09.19,2026-05-09_20h53.02.263,BrocantoHPilot1WOSession2,2025.2.4,Win32,59.88023952,,,,,,,,,,,,,,,,,,,,,,,,,,,,,,,,,,,,,,,,,,,,,,,,,,,,,,,,,,,,,,,,,,,,,,,,,,,,,,,,,,,,,,,,,
,,,,,,,,,,,,346.9037,1,OBJ-N5-SBJ-N4-HIDE-TR-LOC-N3.mp4,OBJ-N5-SBJ-N4-HIDE-TR-LOC-N3.mp3,353.5328,mouse_continue,6.6294,,0,28,28,28,1,1,OBJ-N5-SBJ-N4-HIDE-TR-LOC-N3.mp4,OBJ-N5-SBJ-N4-HIDE-TR-LOC-N3.mp3,153556,2006.09.19,2026-05-09_20h53.02.263,BrocantoHPilot1WOSession2,2025.2.4,Win32,59.88023952,,,,,,,,,,,,,,,,,,,,,,,,,,,,,,,,,,,,,,,,,,,,,,,,,,,,,,,,,,,,,,,,,,,,,,,,,,,,,,,,,,,,,,,,,
,,,,,,,,,,,,353.5352,1,OBJ-N5-SBJ-N3-REVEAL-TR-LOC-N4.mp4,OBJ-N5-SBJ-N3-REVEAL-TR-LOC-N4.mp3,360.2195,mouse_continue,6.6848,,0,29,29,29,1,1,OBJ-N5-SBJ-N3-REVEAL-TR-LOC-N4.mp4,OBJ-N5-SBJ-N3-REVEAL-TR-LOC-N4.mp3,153556,2006.09.19,2026-05-09_20h53.02.263,BrocantoHPilot1WOSession2,2025.2.4,Win32,59.88023952,,,,,,,,,,,,,,,,,,,,,,,,,,,,,,,,,,,,,,,,,,,,,,,,,,,,,,,,,,,,,,,,,,,,,,,,,,,,,,,,,,,,,,,,,
,,,,,,,,,,,,360.2211,1,OBJ-N5-SBJ-N2-PUSH-TR-LOC-N4.mp4,OBJ-N5-SBJ-N2-PUSH-TR-LOC-N4.mp3,365.7781,mouse_continue,5.5572,,0,30,30,30,1,1,OBJ-N5-SBJ-N2-PUSH-TR-LOC-N4.mp4,OBJ-N5-SBJ-N2-PUSH-TR-LOC-N4.mp3,153556,2006.09.19,2026-05-09_20h53.02.263,BrocantoHPilot1WOSession2,2025.2.4,Win32,59.88023952,,,,,,,,,,,,,,,,,,,,,,,,,,,,,,,,,,,,,,,,,,,,,,,,,,,,,,,,,,,,,,,,,,,,,,,,,,,,,,,,,,,,,,,,,
,,,,,,,,,,,,365.7804,1,OBJ-N5-SBJ-N1-REVEAL-TR.mp4,OBJ-N5-SBJ-N1-REVEAL-TR.mp3,371.2658,mouse_continue,5.4859,,0,31,31,31,1,1,OBJ-N5-SBJ-N1-REVEAL-TR.mp4,OBJ-N5-SBJ-N1-REVEAL-TR.mp3,153556,2006.09.19,2026-05-09_20h53.02.263,BrocantoHPilot1WOSession2,2025.2.4,Win32,59.88023952,,,,,,,,,,,,,,,,,,,,,,,,,,,,,,,,,,,,,,,,,,,,,,,,,,,,,,,,,,,,,,,,,,,,,,,,,,,,,,,,,,,,,,,,,
,,,,,,,,,,,,371.2676,1,OBJ-N5-SBJ-N4-HIDE-TR-LOC-N2.mp4,OBJ-N5-SBJ-N4-HIDE-TR-LOC-N2.mp3,377.9909,mouse_continue,6.7237,,0,32,32,32,1,1,OBJ-N5-SBJ-N4-HIDE-TR-LOC-N2.mp4,OBJ-N5-SBJ-N4-HIDE-TR-LOC-N2.mp3,153556,2006.09.19,2026-05-09_20h53.02.263,BrocantoHPilot1WOSession2,2025.2.4,Win32,59.88023952,,,,,,,,,,,,,,,,,,,,,,,,,,,,,,,,,,,,,,,,,,,,,,,,,,,,,,,,,,,,,,,,,,,,,,,,,,,,,,,,,,,,,,,,,
,,,,,,,,,,,,377.9936,1,SBJ-N5-JUMP-INTR.mp4,SBJ-N5-JUMP-INTR.mp3,383.322,mouse_continue,5.3291,,0,33,33,33,1,1,SBJ-N5-JUMP-INTR.mp4,SBJ-N5-JUMP-INTR.mp3,153556,2006.09.19,2026-05-09_20h53.02.263,BrocantoHPilot1WOSession2,2025.2.4,Win32,59.88023952,,,,,,,,,,,,,,,,,,,,,,,,,,,,,,,,,,,,,,,,,,,,,,,,,,,,,,,,,,,,,,,,,,,,,,,,,,,,,,,,,,,,,,,,,
,,,,,,,,,,,,383.3242,1,Aa-SBJ-N5-HIDE-INTR.mp4,Aa-SBJ-N5-HIDE-INTR.mp3,388.7271,mouse_continue,5.4034,,0,34,34,34,1,1,Aa-SBJ-N5-HIDE-INTR.mp4,Aa-SBJ-N5-HIDE-INTR.mp3,153556,2006.09.19,2026-05-09_20h53.02.263,BrocantoHPilot1WOSession2,2025.2.4,Win32,59.88023952,,,,,,,,,,,,,,,,,,,,,,,,,,,,,,,,,,,,,,,,,,,,,,,,,,,,,,,,,,,,,,,,,,,,,,,,,,,,,,,,,,,,,,,,,
,,,,,,,,,,,,388.7292,1,SBJ-N5-GO-INTR-LOC-N3.mp4,SBJ-N5-GO-INTR-LOC-N3.mp3,394.1254,mouse_continue,5.3967,,0,35,35,35,1,1,SBJ-N5-GO-INTR-LOC-N3.mp4,SBJ-N5-GO-INTR-LOC-N3.mp3,153556,2006.09.19,2026-05-09_20h53.02.263,BrocantoHPilot1WOSession2,2025.2.4,Win32,59.88023952,,,,,,,,,,,,,,,,,,,,,,,,,,,,,,,,,,,,,,,,,,,,,,,,,,,,,,,,,,,,,,,,,,,,,,,,,,,,,,,,,,,,,,,,,
,,,,,,,,,,,,394.1276,1,SBJ-N2-JUMP-INTR-LOC-N1.mp4,SBJ-N2-JUMP-INTR-LOC-N1.mp3,399.9167,mouse_continue,5.7895,,0,36,36,36,1,1,SBJ-N2-JUMP-INTR-LOC-N1.mp4,SBJ-N2-JUMP-INTR-LOC-N1.mp3,153556,2006.09.19,2026-05-09_20h53.02.263,BrocantoHPilot1WOSession2,2025.2.4,Win32,59.88023952,,,,,,,,,,,,,,,,,,,,,,,,,,,,,,,,,,,,,,,,,,,,,,,,,,,,,,,,,,,,,,,,,,,,,,,,,,,,,,,,,,,,,,,,,
,,,,,,,,,,,,399.9186,1,SBJ-N3-GO-INTR-LOC-N2.mp4,SBJ-N3-GO-INTR-LOC-N2.mp3,405.3214,mouse_continue,5.4032,,0,37,37,37,1,1,SBJ-N3-GO-INTR-LOC-N2.mp4,SBJ-N3-GO-INTR-LOC-N2.mp3,153556,2006.09.19,2026-05-09_20h53.02.263,BrocantoHPilot1WOSession2,2025.2.4,Win32,59.88023952,,,,,,,,,,,,,,,,,,,,,,,,,,,,,,,,,,,,,,,,,,,,,,,,,,,,,,,,,,,,,,,,,,,,,,,,,,,,,,,,,,,,,,,,,
,,,,,,,,,,,,405.3232,1,SBJ-N5-HIDE-INTR-LOC-N3.mp4,SBJ-N5-HIDE-INTR-LOC-N3.mp3,411.2296,mouse_continue,5.9066,,0,38,38,38,1,1,SBJ-N5-HIDE-INTR-LOC-N3.mp4,SBJ-N5-HIDE-INTR-LOC-N3.mp3,153556,2006.09.19,2026-05-09_20h53.02.263,BrocantoHPilot1WOSession2,2025.2.4,Win32,59.88023952,,,,,,,,,,,,,,,,,,,,,,,,,,,,,,,,,,,,,,,,,,,,,,,,,,,,,,,,,,,,,,,,,,,,,,,,,,,,,,,,,,,,,,,,,
,,,,,,,,,,,,411.232,1,SBJ-N1-HIDE-INTR-LOC-N3.mp4,SBJ-N1-HIDE-INTR-LOC-N3.mp3,417.3002,mouse_continue,6.0689,,0,39,39,39,1,1,SBJ-N1-HIDE-INTR-LOC-N3.mp4,SBJ-N1-HIDE-INTR-LOC-N3.mp3,153556,2006.09.19,2026-05-09_20h53.02.263,BrocantoHPilot1WOSession2,2025.2.4,Win32,59.88023952,,,,,,,,,,,,,,,,,,,,,,,,,,,,,,,,,,,,,,,,,,,,,,,,,,,,,,,,,,,,,,,,,,,,,,,,,,,,,,,,,,,,,,,,,
,,,,,,,,,,,,417.3021,1,OBJ-N5-SBJ-N4-HIDE-TR.mp4,OBJ-N5-SBJ-N4-HIDE-TR.mp3,423.4421,mouse_continue,6.1403,,0,40,40,40,1,1,OBJ-N5-SBJ-N4-HIDE-TR.mp4,OBJ-N5-SBJ-N4-HIDE-TR.mp3,153556,2006.09.19,2026-05-09_20h53.02.263,BrocantoHPilot1WOSession2,2025.2.4,Win32,59.88023952,,,,,,,,,,,,,,,,,,,,,,,,,,,,,,,,,,,,,,,,,,,,,,,,,,,,,,,,,,,,,,,,,,,,,,,,,,,,,,,,,,,,,,,,,
,,,,,,,,,,,,423.4447,1,OBJ-N5-SBJ-N1-HIDE-TR-LOC-N2.mp4,OBJ-N5-SBJ-N1-HIDE-TR-LOC-N2.mp3,430.5064,mouse_continue,7.0617,,0,41,41,41,1,1,OBJ-N5-SBJ-N1-HIDE-TR-LOC-N2.mp4,OBJ-N5-SBJ-N1-HIDE-TR-LOC-N2.mp3,153556,2006.09.19,2026-05-09_20h53.02.263,BrocantoHPilot1WOSession2,2025.2.4,Win32,59.88023952,,,,,,,,,,,,,,,,,,,,,,,,,,,,,,,,,,,,,,,,,,,,,,,,,,,,,,,,,,,,,,,,,,,,,,,,,,,,,,,,,,,,,,,,,
,,,,,,,,,,,,,,,,,,,,,,,,,1,,,153556,2006.09.19,2026-05-09_20h53.02.263,BrocantoHPilot1WOSession2,2025.2.4,Win32,59.88023952,451.6056,1,2,2,43.4853,1,27.7481,43.4853,497.2174,0,0,0,0,1,OBJ-N5-SBJ-N2-HIDE-TR.mp3,OBJ-N5-SBJ-N2-HIDE-TR.mp4,OBJ-N5-SBJ-N2-REVEAL-TR.mp4,,,,,,,,,,,,,,,,,,,,,,,,,,,,,,,,,,,,,,,,,,,,,,,,,,,,,,,,,,,,,,,,,,,,,,,,
,,,,,,,,,,,,,,,,,,,,,,,,,1,,,153556,2006.09.19,2026-05-09_20h53.02.263,BrocantoHPilot1WOSession2,2025.2.4,Win32,59.88023952,497.2184,1,1,1,20.5757,1,19.8381,20.5757,520.4428,0,1,1,1,1,SBJ-N5-HIDE-INTR.mp3,SBJ-N5-HIDE-INTR.mp4,SBJ-N5-GO-INTR.mp4,,,,,,,,,,,,,,,,,,,,,,,,,,,,,,,,,,,,,,,,,,,,,,,,,,,,,,,,,,,,,,,,,,,,,,,,
,,,,,,,,,,,,,,,,,,,,,,,,,1,,,153556,2006.09.19,2026-05-09_20h53.02.263,BrocantoHPilot1WOSession2,2025.2.4,Win32,59.88023952,520.4437,1,1,1,15.6586,1,15.405,15.6586,538.7033,0,2,2,2,1,SBJ-N5-JUMP-INTR.mp3,SBJ-N5-JUMP-INTR.mp4,SBJ-N5-HIDE-INTR.mp4,,,,,,,,,,,,,,,,,,,,,,,,,,,,,,,,,,,,,,,,,,,,,,,,,,,,,,,,,,,,,,,,,,,,,,,,
,,,,,,,,,,,,,,,,,,,,,,,,,1,,,153556,2006.09.19,2026-05-09_20h53.02.263,BrocantoHPilot1WOSession2,2025.2.4,Win32,59.88023952,538.7043,1,1,1,16.371,1,16,16.371,558.0468,0,3,3,3,1,OBJ-N5-SBJ-N3-REVEAL-TR.mp3,OBJ-N5-SBJ-N3-REVEAL-TR.mp4,OBJ-N3-SBJ-N5-PUSH-TR.mp4,,,,,,,,,,,,,,,,,,,,,,,,,,,,,,,,,,,,,,,,,,,,,,,,,,,,,,,,,,,,,,,,,,,,,,,,
,,,,,,,,,,,,,,,,,,,,,,,,,1,,,153556,2006.09.19,2026-05-09_20h53.02.263,BrocantoHPilot1WOSession2,2025.2.4,Win32,59.88023952,558.0477,1,1,2,14.7313,0,13.9804,14.7313,575.5908,0,4,4,4,1,OBJ-N5-SBJ-N3-PUSH-TR.mp3,OBJ-N5-SBJ-N3-PUSH-TR.mp4,OBJ-N3-SBJ-N5-PUSH-TR.mp4,,,,,,,,,,,,,,,,,,,,,,,,,,,,,,,,,,,,,,,,,,,,,,,,,,,,,,,,,,,,,,,,,,,,,,,,
,,,,,,,,,,,,,,,,,,,,,,,,,1,,,153556,2006.09.19,2026-05-09_20h53.02.263,BrocantoHPilot1WOSession2,2025.2.4,Win32,59.88023952,575.5917,1,2,2,15.9268,1,15.9268,15.9268,593.8681,0,5,5,5,1,SBJ-N1-HIDE-INTR.mp3,SBJ-N1-HIDE-INTR.mp4,SBJ-N1-REVEAL-INTR.mp4,,,,,,,,,,,,,,,,,,,,,,,,,,,,,,,,,,,,,,,,,,,,,,,,,,,,,,,,,,,,,,,,,,,,,,,,
,,,,,,,,,,,,,,,,,,,,,,,,,1,,,153556,2006.09.19,2026-05-09_20h53.02.263,BrocantoHPilot1WOSession2,2025.2.4,Win32,59.88023952,593.8691,1,2,2,32.4352,1,23.9109,32.4352,629.4891,0,6,6,6,1,OBJ-N5-SBJ-N4-HIDE-TR.mp3,OBJ-N5-SBJ-N4-HIDE-TR.mp4,OBJ-N4-SBJ-N5-REVEAL-TR.mp4,,,,,,,,,,,,,,,,,,,,,,,,,,,,,,,,,,,,,,,,,,,,,,,,,,,,,,,,,,,,,,,,,,,,,,,,
,,,,,,,,,,,,,,,,,,,,,,,,,1,,,153556,2006.09.19,2026-05-09_20h53.02.263,BrocantoHPilot1WOSession2,2025.2.4,Win32,59.88023952,629.4906,1,1,1,19.8876,1,19.5618,19.8876,651.5159,0,7,7,7,1,SBJ-N2-REVEAL-INTR.mp3,SBJ-N2-REVEAL-INTR.mp4,SBJ-N2-HIDE-INTR.mp4,,,,,,,,,,,,,,,,,,,,,,,,,,,,,,,,,,,,,,,,,,,,,,,,,,,,,,,,,,,,,,,,,,,,,,,,
,,,,,,,,,,,,,,,,,,,,,,,,,1,,,153556,2006.09.19,2026-05-09_20h53.02.263,BrocantoHPilot1WOSession2,2025.2.4,Win32,59.88023952,651.5171,1,2,1,18.4028,0,19.0543,18.4028,672.1752,0,8,8,8,1,OBJ-N5-SBJ-N4-PUSH-TR.mp3,OBJ-N5-SBJ-N4-PUSH-TR.mp4,OBJ-N4-SBJ-N5-PUSH-TR.mp4,,,,,,,,,,,,,,,,,,,,,,,,,,,,,,,,,,,,,,,,,,,,,,,,,,,,,,,,,,,,,,,,,,,,,,,,
,,,,,,,,,,,,,,,,,,,,,,,,,1,,,153556,2006.09.19,2026-05-09_20h53.02.263,BrocantoHPilot1WOSession2,2025.2.4,Win32,59.88023952,672.1765,1,2,2,19.2807,1,19.1362,19.2807,693.3007,0,9,9,9,1,SBJ-N1-GO-INTR.mp3,SBJ-N1-GO-INTR.mp4,SBJ-N1-HIDE-INTR.mp4,,,,,,,,,,,,,,,,,,,,,,,,,,,,,,,,,,,,,,,,,,,,,,,,,,,,,,,,,,,,,,,,,,,,,,,,
,,,,,,,,,,,,,,,,,,,,,,,,,1,,,153556,2006.09.19,2026-05-09_20h53.02.263,BrocantoHPilot1WOSession2,2025.2.4,Win32,59.88023952,693.3016,1,2,2,17.0938,1,17.0577,17.0938,712.1442,0,10,10,10,1,SBJ-N4-REVEAL-INTR.mp3,SBJ-N4-REVEAL-INTR.mp4,SBJ-N4-JUMP-INTR.mp4,,,,,,,,,,,,,,,,,,,,,,,,,,,,,,,,,,,,,,,,,,,,,,,,,,,,,,,,,,,,,,,,,,,,,,,,
,,,,,,,,,,,,,,,,,,,,,,,,,1,,,153556,2006.09.19,2026-05-09_20h53.02.263,BrocantoHPilot1WOSession2,2025.2.4,Win32,59.88023952,712.1451,1,2,2,16.2755,1,16.1918,16.2755,730.3879,0,11,11,11,1,OBJ-N5-SBJ-N4-REVEAL-TR.mp3,OBJ-N5-SBJ-N4-REVEAL-TR.mp4,OBJ-N4-SBJ-N5-PUSH-TR.mp4,,,,,,,,,,,,,,,,,,,,,,,,,,,,,,,,,,,,,,,,,,,,,,,,,,,,,,,,,,,,,,,,,,,,,,,,
,,,,,,,,,,,,,,,,,,,,,,,,,1,,,153556,2006.09.19,2026-05-09_20h53.02.263,BrocantoHPilot1WOSession2,2025.2.4,Win32,59.88023952,730.3888,1,2,2,16.563,1,14.8381,16.563,751.848,0,12,12,12,1,SBJ-N3-JUMP-INTR.mp3,SBJ-N3-JUMP-INTR.mp4,SBJ-N3-GO-INTR.mp4,,,,,,,,,,,,,,,,,,,,,,,,,,,,,,,,,,,,,,,,,,,,,,,,,,,,,,,,,,,,,,,,,,,,,,,,
,,,,,,,,,,,,,,,,,,,,,,,,,1,,,153556,2006.09.19,2026-05-09_20h53.02.263,BrocantoHPilot1WOSession2,2025.2.4,Win32,59.88023952,751.8492,1,2,1,16.5721,0,16.8003,16.5721,771.3578,0,13,13,13,1,OBJ-N5-SBJ-N4-PUSH-TR.mp3,OBJ-N5-SBJ-N4-PUSH-TR.mp4,OBJ-N4-SBJ-N5-PUSH-TR.mp4,,,,,,,,,,,,,,,,,,,,,,,,,,,,,,,,,,,,,,,,,,,,,,,,,,,,,,,,,,,,,,,,,,,,,,,,
,,,,,,,,,,,,,,,,,,,,,,,,,1,,,153556,2006.09.19,2026-05-09_20h53.02.263,BrocantoHPilot1WOSession2,2025.2.4,Win32,59.88023952,771.3587,1,2,2,19.7834,1,20.1138,19.7834,793.0999,0,14,14,14,1,OBJ-N5-SBJ-N4-REVEAL-TR.mp3,OBJ-N5-SBJ-N4-REVEAL-TR.mp4,OBJ-N4-SBJ-N5-HIDE-TR.mp4,,,,,,,,,,,,,,,,,,,,,,,,,,,,,,,,,,,,,,,,,,,,,,,,,,,,,,,,,,,,,,,,,,,,,,,,
,,,,,,,,,,,,,,,,,,,,,,,,,1,,,153556,2006.09.19,2026-05-09_20h53.02.263,BrocantoHPilot1WOSession2,2025.2.4,Win32,59.88023952,793.1008,1,1,1,18.2857,1,17.4595,18.2857,813.7765,0,15,15,15,1,SBJ-N5-GO-INTR.mp3,SBJ-N5-GO-INTR.mp4,SBJ-N5-HIDE-INTR.mp4,,,,,,,,,,,,,,,,,,,,,,,,,,,,,,,,,,,,,,,,,,,,,,,,,,,,,,,,,,,,,,,,,,,,,,,,
,,,,,,,,,,,,,,,,,,,,,,,,,1,,,153556,2006.09.19,2026-05-09_20h53.02.263,BrocantoHPilot1WOSession2,2025.2.4,Win32,59.88023952,813.7774,1,1,1,16.2023,1,16.2738,16.2023,832.0042,0,16,16,16,1,SBJ-N1-HIDE-INTR.mp3,SBJ-N1-HIDE-INTR.mp4,SBJ-N1-REVEAL-INTR.mp4,,,,,,,,,,,,,,,,,,,,,,,,,,,,,,,,,,,,,,,,,,,,,,,,,,,,,,,,,,,,,,,,,,,,,,,,
,,,,,,,,,,,,,,,,,,,,,,,,,1,,,153556,2006.09.19,2026-05-09_20h53.02.263,BrocantoHPilot1WOSession2,2025.2.4,Win32,59.88023952,832.0051,1,2,1,20.0513,0,19.5728,20.0513,854.0965,0,17,17,17,1,OBJ-N5-SBJ-N3-HIDE-TR.mp3,OBJ-N5-SBJ-N3-HIDE-TR.mp4,OBJ-N3-SBJ-N5-HIDE-TR.mp4,,,,,,,,,,,,,,,,,,,,,,,,,,,,,,,,,,,,,,,,,,,,,,,,,,,,,,,,,,,,,,,,,,,,,,,,
,,,,,,,,,,,,,,,,,,,,,,,,,1,,,153556,2006.09.19,2026-05-09_20h53.02.263,BrocantoHPilot1WOSession2,2025.2.4,Win32,59.88023952,854.0974,1,2,2,15.7054,1,16.1787,15.7054,871.8239,0,18,18,18,1,SBJ-N5-REVEAL-INTR.mp3,SBJ-N5-REVEAL-INTR.mp4,SBJ-N5-JUMP-INTR.mp4,,,,,,,,,,,,,,,,,,,,,,,,,,,,,,,,,,,,,,,,,,,,,,,,,,,,,,,,,,,,,,,,,,,,,,,,
,,,,,,,,,,,,,,,,,,,,,,,,,1,,,153556,2006.09.19,2026-05-09_20h53.02.263,BrocantoHPilot1WOSession2,2025.2.4,Win32,59.88023952,871.8247,1,1,1,15.5988,1,15.5988,15.5988,889.1679,0,19,19,19,1,SBJ-N5-GO-INTR.mp3,SBJ-N5-GO-INTR.mp4,SBJ-N5-JUMP-INTR.mp4,,,,,,,,,,,,,,,,,,,,,,,,,,,,,,,,,,,,,,,,,,,,,,,,,,,,,,,,,,,,,,,,,,,,,,,,
,,,,,,,,,,,,,,,,,,,,,,,,,1,,,153556,2006.09.19,2026-05-09_20h53.02.263,BrocantoHPilot1WOSession2,2025.2.4,Win32,59.88023952,889.1688,1,1,1,18.4691,1,17.3876,18.4691,909.6608,0,20,20,20,1,OBJ-N5-SBJ-N1-HIDE-TR.mp3,OBJ-N5-SBJ-N1-HIDE-TR.mp4,OBJ-N1-SBJ-N5-REVEAL-TR.mp4,,,,,,,,,,,,,,,,,,,,,,,,,,,,,,,,,,,,,,,,,,,,,,,,,,,,,,,,,,,,,,,,,,,,,,,,
,,,,,,,,,,,,,,,,,,,,,,,,,1,,,153556,2006.09.19,2026-05-09_20h53.02.263,BrocantoHPilot1WOSession2,2025.2.4,Win32,59.88023952,909.6622,1,2,1,29.6245,0,16.766,29.6245,942.4334,0,21,21,21,1,OBJ-N5-SBJ-N4-REVEAL-TR.mp3,OBJ-N5-SBJ-N4-REVEAL-TR.mp4,OBJ-N4-SBJ-N5-REVEAL-TR.mp4,,,,,,,,,,,,,,,,,,,,,,,,,,,,,,,,,,,,,,,,,,,,,,,,,,,,,,,,,,,,,,,,,,,,,,,,
,,,,,,,,,,,,,,,,,,,,,,,,,1,,,153556,2006.09.19,2026-05-09_20h53.02.263,BrocantoHPilot1WOSession2,2025.2.4,Win32,59.88023952,942.4348,1,2,2,16.7039,1,15.3984,16.7039,961.26,0,22,22,22,1,SBJ-N2-REVEAL-INTR-LOC-N4.mp3,SBJ-N2-REVEAL-INTR-LOC-N4.mp4,SBJ-N4-JUMP-INTR-LOC-N2.mp4,,,,,,,,,,,,,,,,,,,,,,,,,,,,,,,,,,,,,,,,,,,,,,,,,,,,,,,,,,,,,,,,,,,,,,,,
,,,,,,,,,,,,,,,,,,,,,,,,,1,,,153556,2006.09.19,2026-05-09_20h53.02.263,BrocantoHPilot1WOSession2,2025.2.4,Win32,59.88023952,961.2609,1,1,2,18.0151,0,17.4322,18.0151,981.0035,0,23,23,23,1,OBJ-N5-SBJ-N4-PUSH-TR-LOC-N2.mp3,OBJ-N5-SBJ-N4-PUSH-TR-LOC-N2.mp4,OBJ-N4-SBJ-N5-PUSH-TR-LOC-N2.mp4,,,,,,,,,,,,,,,,,,,,,,,,,,,,,,,,,,,,,,,,,,,,,,,,,,,,,,,,,,,,,,,,,,,,,,,,
,,,,,,,,,,,,,,,,,,,,,,,,,1,,,153556,2006.09.19,2026-05-09_20h53.02.263,BrocantoHPilot1WOSession2,2025.2.4,Win32,59.88023952,981.0044,1,2,2,22.7951,1,22.719,22.7951,1006.4278,0,24,24,24,1,OBJ-N5-SBJ-N4-HIDE-TR-LOC-N2.mp3,OBJ-N5-SBJ-N4-HIDE-TR-LOC-N2.mp4,OBJ-N5-SBJ-N2-REVEAL-TR-LOC-N4.mp4,,,,,,,,,,,,,,,,,,,,,,,,,,,,,,,,,,,,,,,,,,,,,,,,,,,,,,,,,,,,,,,,,,,,,,,,
,,,,,,,,,,,,,,,,,,,,,,,,,1,,,153556,2006.09.19,2026-05-09_20h53.02.263,BrocantoHPilot1WOSession2,2025.2.4,Win32,59.88023952,1006.4288,1,1,2,60.679,0,19.6191,60.679,1069.2233,0,25,25,25,1,SBJ-N2-REVEAL-INTR-LOC-N4.mp3,SBJ-N2-REVEAL-INTR-LOC-N4.mp4,SBJ-N4-REVEAL-INTR-LOC-N2.mp4,,,,,,,,,,,,,,,,,,,,,,,,,,,,,,,,,,,,,,,,,,,,,,,,,,,,,,,,,,,,,,,,,,,,,,,,
,,,,,,,,,,,,,,,,,,,,,,,,,1,,,153556,2006.09.19,2026-05-09_20h53.02.263,BrocantoHPilot1WOSession2,2025.2.4,Win32,59.88023952,1069.2242,1,1,1,17.4595,1,16.9283,17.4595,1089.8662,0,26,26,26,1,SBJ-N5-REVEAL-INTR-LOC-N4.mp3,SBJ-N5-REVEAL-INTR-LOC-N4.mp4,SBJ-N4-JUMP-INTR-LOC-N5.mp4,,,,,,,,,,,,,,,,,,,,,,,,,,,,,,,,,,,,,,,,,,,,,,,,,,,,,,,,,,,,,,,,,,,,,,,,
,,,,,,,,,,,,,,,,,,,,,,,,,1,,,153556,2006.09.19,2026-05-09_20h53.02.263,BrocantoHPilot1WOSession2,2025.2.4,Win32,59.88023952,1089.8672,1,1,1,26.5003,1,17.6474,26.5003,1118.5569,0,27,27,27,1,OBJ-N5-SBJ-N4-REVEAL-TR-LOC-N1.mp3,OBJ-N5-SBJ-N4-REVEAL-TR-LOC-N1.mp4,OBJ-N4-SBJ-N5-REVEAL-TR-LOC-N1.mp4,,,,,,,,,,,,,,,,,,,,,,,,,,,,,,,,,,,,,,,,,,,,,,,,,,,,,,,,,,,,,,,,,,,,,,,,
,,,,,,,,,,,,,,,,,,,,,,,,,1,,,153556,2006.09.19,2026-05-09_20h53.02.263,BrocantoHPilot1WOSession2,2025.2.4,Win32,59.88023952,1118.5578,1,2,2,17.0215,1,17.4277,17.0215,1137.8664,0,28,28,28,1,OBJ-N5-SBJ-N1-HIDE-TR-LOC-N2.mp3,OBJ-N5-SBJ-N1-HIDE-TR-LOC-N2.mp4,OBJ-N1-SBJ-N5-REVEAL-TR-LOC-N2.mp4,,,,,,,,,,,,,,,,,,,,,,,,,,,,,,,,,,,,,,,,,,,,,,,,,,,,,,,,,,,,,,,,,,,,,,,,
,,,,,,,,,,,,,,,,,,,,,,,,,1,,,153556,2006.09.19,2026-05-09_20h53.02.263,BrocantoHPilot1WOSession2,2025.2.4,Win32,59.88023952,1137.8671,1,1,2,17.1143,0,16.2656,17.1143,1157.6935,0,29,29,29,1,OBJ-N5-SBJ-N2-PUSH-TR-LOC-N4.mp3,OBJ-N5-SBJ-N2-PUSH-TR-LOC-N4.mp4,OBJ-N2-SBJ-N5-PUSH-TR-LOC-N4.mp4,,,,,,,,,,,,,,,,,,,,,,,,,,,,,,,,,,,,,,,,,,,,,,,,,,,,,,,,,,,,,,,,,,,,,,,,
,,,,,,,,,,,,,,,,,,,,,,,,,1,,,153556,2006.09.19,2026-05-09_20h53.02.263,BrocantoHPilot1WOSession2,2025.2.4,Win32,59.88023952,1157.6944,1,2,2,17.1699,1,17.1699,17.1699,1176.8207,0,30,30,30,1,OBJ-N5-SBJ-N1-REVEAL-TR-LOC-N3.mp3,OBJ-N5-SBJ-N1-REVEAL-TR-LOC-N3.mp4,OBJ-N3-SBJ-N1-HIDE-TR-LOC-N5.mp4,,,,,,,,,,,,,,,,,,,,,,,,,,,,,,,,,,,,,,,,,,,,,,,,,,,,,,,,,,,,,,,,,,,,,,,,
,,,,,,,,,,,,,,,,,,,,,,,,,1,,,153556,2006.09.19,2026-05-09_20h53.02.263,BrocantoHPilot1WOSession2,2025.2.4,Win32,59.88023952,1176.8222,1,1,1,14.5893,1,15.06,14.5893,1193.7148,0,31,31,31,1,SBJ-N3-GO-INTR.mp3,SBJ-N3-GO-INTR.mp4,SBJ-N3-HIDE-INTR.mp4,,,,,,,,,,,,,,,,,,,,,,,,,,,,,,,,,,,,,,,,,,,,,,,,,,,,,,,,,,,,,,,,,,,,,,,,
,,,,,,,,,,,,,,,,,,,,,,,,,1,,,153556,2006.09.19,2026-05-09_20h53.02.263,BrocantoHPilot1WOSession2,2025.2.4,Win32,59.88023952,1193.7159,1,2,2,41.3724,1,32.2482,41.3724,1236.7501,0,32,32,32,1,OBJ-N5-SBJ-N3-PUSH-TR-LOC-N4.mp3,OBJ-N5-SBJ-N3-PUSH-TR-LOC-N4.mp4,OBJ-N4-SBJ-N3-PUSH-TR-LOC-N5.mp4,,,,,,,,,,,,,,,,,,,,,,,,,,,,,,,,,,,,,,,,,,,,,,,,,,,,,,,,,,,,,,,,,,,,,,,,
,,,,,,,,,,,,,,,,,,,,,,,,,1,,,153556,2006.09.19,2026-05-09_20h53.02.263,BrocantoHPilot1WOSession2,2025.2.4,Win32,59.88023952,1236.7509,1,2,2,22.7939,1,22.4739,22.7939,1261.5921,0,33,33,33,1,OBJ-N5-Ab-SBJ-N1-HIDE-TR.mp3,OBJ-N5-Ab-SBJ-N1-HIDE-TR.mp4,OBJ-N5-Aa-SBJ-N1-PUSH-TR.mp4,,,,,,,,,,,,,,,,,,,,,,,,,,,,,,,,,,,,,,,,,,,,,,,,,,,,,,,,,,,,,,,,,,,,,,,,
,,,,,,,,,,,,,,,,,,,,,,,,,1,,,153556,2006.09.19,2026-05-09_20h53.02.263,BrocantoHPilot1WOSession2,2025.2.4,Win32,59.88023952,1261.5929,1,2,2,30.364,1,29.7438,30.364,1293.9971,0,34,34,34,1,SBJ-N1-JUMP-INTR.mp3,SBJ-N1-JUMP-INTR.mp4,SBJ-N1-GO-INTR.mp4,,,,,,,,,,,,,,,,,,,,,,,,,,,,,,,,,,,,,,,,,,,,,,,,,,,,,,,,,,,,,,,,,,,,,,,,
,,,,,,,,,,,,,,,,,,,,,,,,,1,,,153556,2006.09.19,2026-05-09_20h53.02.263,BrocantoHPilot1WOSession2,2025.2.4,Win32,59.88023952,1293.9982,1,2,2,16.8681,1,16.8681,16.8681,1312.8078,0,35,35,35,1,SBJ-N2-HIDE-INTR-LOC-N3.mp3,SBJ-N2-HIDE-INTR-LOC-N3.mp4,SBJ-N3-GO-INTR-LOC-N2.mp4,,,,,,,,,,,,,,,,,,,,,,,,,,,,,,,,,,,,,,,,,,,,,,,,,,,,,,,,,,,,,,,,,,,,,,,,
,,,,,,,,,,,,,,,,,,,,,,,,,1,,,153556,2006.09.19,2026-05-09_20h53.02.263,BrocantoHPilot1WOSession2,2025.2.4,Win32,59.88023952,1312.8092,1,2,1,24.8822,0,24.458,24.8822,1345.2297,0,36,36,36,1,SBJ-N4-HIDE-INTR-LOC-N5.mp3,SBJ-N4-HIDE-INTR-LOC-N5.mp4,SBJ-N5-HIDE-INTR-LOC-N4.mp4,,,,,,,,,,,,,,,,,,,,,,,,,,,,,,,,,,,,,,,,,,,,,,,,,,,,,,,,,,,,,,,,,,,,,,,,
,,,,,,,,,,,,,,,,,,,,,,,,,1,,,153556,2006.09.19,2026-05-09_20h53.02.263,BrocantoHPilot1WOSession2,2025.2.4,Win32,59.88023952,1345.2306,1,2,2,18.2086,1,18.3185,18.2086,1365.2733,0,37,37,37,1,SBJ-N5-GO-INTR-LOC-N4.mp3,SBJ-N5-GO-INTR-LOC-N4.mp4,SBJ-N4-REVEAL-INTR-LOC-N5.mp4,,,,,,,,,,,,,,,,,,,,,,,,,,,,,,,,,,,,,,,,,,,,,,,,,,,,,,,,,,,,,,,,,,,,,,,,
,,,,,,,,,,,,,,,,,,,,,,,,,1,,,153556,2006.09.19,2026-05-09_20h53.02.263,BrocantoHPilot1WOSession2,2025.2.4,Win32,59.88023952,1365.2742,1,1,1,36.0438,1,28.7492,36.0438,1403.1939,0,38,38,38,1,SBJ-N3-JUMP-INTR-LOC-N2.mp3,SBJ-N3-JUMP-INTR-LOC-N2.mp4,SBJ-N2-JUMP-INTR-LOC-N3.mp4,,,,,,,,,,,,,,,,,,,,,,,,,,,,,,,,,,,,,,,,,,,,,,,,,,,,,,,,,,,,,,,,,,,,,,,,
,,,,,,,,,,,,,,,,,,,,,,,,,1,,,153556,2006.09.19,2026-05-09_20h53.02.263,BrocantoHPilot1WOSession2,2025.2.4,Win32,59.88023952,1403.1954,1,2,2,15.4166,1,15.9857,15.4166,1420.5545,0,39,39,39,1,SBJ-N4-JUMP-INTR-LOC-N1.mp3,SBJ-N4-JUMP-INTR-LOC-N1.mp4,SBJ-N1-REVEAL-INTR-LOC-N4.mp4,,,,,,,,,,,,,,,,,,,,,,,,,,,,,,,,,,,,,,,,,,,,,,,,,,,,,,,,,,,,,,,,,,,,,,,,
,,,,,,,,,,,,,,,,,,,,,,,,,1,,,153556,2006.09.19,2026-05-09_20h53.02.263,BrocantoHPilot1WOSession2,2025.2.4,Win32,59.88023952,1420.5554,1,1,1,53.9875,1,35.2338,53.9875,1476.3687,0,40,40,40,1,Ab-OBJ-N5-SBJ-N2-HIDE-TR.mp3,Ab-OBJ-N5-SBJ-N2-HIDE-TR.mp4,OBJ-N2-Aa-SBJ-N5-HIDE-TR.mp4,,,,,,,,,,,,,,,,,,,,,,,,,,,,,,,,,,,,,,,,,,,,,,,,,,,,,,,,,,,,,,,,,,,,,,,,
,,,,,,,,,,,,,,,,,,,,,,,,,1,,,153556,2006.09.19,2026-05-09_20h53.02.263,BrocantoHPilot1WOSession2,2025.2.4,Win32,59.88023952,1476.3702,1,1,2,28.5946,0,17.8931,28.5946,1506.8087,0,41,41,41,1,OBJ-N5-SBJ-N3-REVEAL-TR-LOC-N4.mp3,OBJ-N5-SBJ-N3-REVEAL-TR-LOC-N4.mp4,OBJ-N4-SBJ-N3-REVEAL-TR-LOC-N5.mp4,,,,,,,,,,,,,,,,,,,,,,,,,,,,,,,,,,,,,,,,,,,,,,,,,,,,,,,,,,,,,,,,,,,,,,,,
,,,,,,,,,,,,,,,,,,,,,,,,,1,,,153556,2006.09.19,2026-05-09_20h53.02.263,BrocantoHPilot1WOSession2,2025.2.4,Win32,59.88023952,,,,,,,,,,,,,,,OBJ.N5 SBJ.N4 HIDE-TR,,,1513.8786,1,OBJ-N5-SBJ-N4-HIDE-TR.mp4,N5|N4|HIDE,JUMP|N5|N4|HIDE|Ab|N2|REVEAL,timó|dabi|zsübe,bonip|timó|dabi|zsübe|zsot|murak|girda,0,8.313,47.0082,dabi timó zsübe,1578.238,0,0,0,0,1,OBJ-N5-SBJ-N4-HIDE-TR.mp4,N5|N4|HIDE,JUMP|N5|N4|HIDE|Ab|N2|REVEAL,timó dabi zsübe,timó|dabi|zsübe,bonip|timó|dabi|zsübe|zsot|murak|girda,,,,,,,,,,,,,,,,,,,,,,,,,,,,,,,,,,,,,,,,,,,,,,,,,
,,,,,,,,,,,,,,,,,,,,,,,,,1,,,153556,2006.09.19,2026-05-09_20h53.02.263,BrocantoHPilot1WOSession2,2025.2.4,Win32,59.88023952,,,,,,,,,,,,,,,SBJ.N3 JUMP-INTR,,,1578.7529,1,SBJ-N3-JUMP-INTR.mp4,N3|JUMP,N2|N1|Aa|JUMP|Ab|N3,zilép|bonip,murak|pekli|gyék|bonip|zsot|zilép,1,7.6456,11.1933,zilép bonip,1595.3536,0,1,1,1,1,SBJ-N3-JUMP-INTR.mp4,N3|JUMP,N2|N1|Aa|JUMP|Ab|N3,zilép bonip,zilép|bonip,murak|pekli|gyék|bonip|zsot|zilép,,,,,,,,,,,,,,,,,,,,,,,,,,,,,,,,,,,,,,,,,,,,,,,,,
,,,,,,,,,,,,,,,,,,,,,,,,,1,,,153556,2006.09.19,2026-05-09_20h53.02.263,BrocantoHPilot1WOSession2,2025.2.4,Win32,59.88023952,,,,,,,,,,,,,,,SBJ.N4 GO-INTR,,,1595.8626,1,SBJ-N4-GO-INTR.mp4,N4|GO,N4|REVEAL|N2|N1|GO|JUMP,dabi|kávler,dabi|girda|murak|pekli|kávler|bonip,1,5.8892,9.3475,dabi kávler,1608.419,0,2,2,2,1,SBJ-N4-GO-INTR.mp4,N4|GO,N4|REVEAL|N2|N1|GO|JUMP,dabi kávler,dabi|kávler,dabi|girda|murak|pekli|kávler|bonip,,,,,,,,,,,,,,,,,,,,,,,,,,,,,,,,,,,,,,,,,,,,,,,,,
,,,,,,,,,,,,,,,,,,,,,,,,,1,,,153556,2006.09.19,2026-05-09_20h53.02.263,BrocantoHPilot1WOSession2,2025.2.4,Win32,59.88023952,,,,,,,,,,,,,,,OBJ.N5 SBJ.N4 PUSH-TR,,,1608.9251,1,OBJ-N5-SBJ-N4-PUSH-TR.mp4,N5|N4|PUSH,N2|GO|N1|JUMP|N5|PUSH|N4,timó|dabi|vánta,murak|kávler|pekli|bonip|timó|vánta|dabi,1,5.896,12.7268,timó dabi vánta,1626.4865,0,3,3,3,1,OBJ-N5-SBJ-N4-PUSH-TR.mp4,N5|N4|PUSH,N2|GO|N1|JUMP|N5|PUSH|N4,timó dabi vánta,timó|dabi|vánta,murak|kávler|pekli|bonip|timó|vánta|dabi,,,,,,,,,,,,,,,,,,,,,,,,,,,,,,,,,,,,,,,,,,,,,,,,,
,,,,,,,,,,,,,,,,,,,,,,,,,1,,,153556,2006.09.19,2026-05-09_20h53.02.263,BrocantoHPilot1WOSession2,2025.2.4,Win32,59.88023952,,,,,,,,,,,,,,,OBJ.N5 SBJ.N3 REVEAL-TR,,,1627.0024,1,OBJ-N5-SBJ-N3-REVEAL-TR.mp4,N5|N3|REVEAL,REVEAL|Ab|PUSH|N3|N5|Aa|N1,timó|zilép|girda,girda|zsot|vánta|zilép|timó|gyék|pekli,0,6.3171,11.7188,zilép timó girda,1650.5437,0,4,4,4,1,OBJ-N5-SBJ-N3-REVEAL-TR.mp4,N5|N3|REVEAL,REVEAL|Ab|PUSH|N3|N5|Aa|N1,timó zilép girda,timó|zilép|girda,girda|zsot|vánta|zilép|timó|gyék|pekli,,,,,,,,,,,,,,,,,,,,,,,,,,,,,,,,,,,,,,,,,,,,,,,,,
,,,,,,,,,,,,,,,,,,,,,,,,,1,,,153556,2006.09.19,2026-05-09_20h53.02.263,BrocantoHPilot1WOSession2,2025.2.4,Win32,59.88023952,,,,,,,,,,,,,,,SBJ.N4 HIDE-INTR,,,1651.0607,1,SBJ-N4-HIDE-INTR.mp4,N4|HIDE,Ab|GO|HIDE|N4|Aa|JUMP,dabi|zsübe,zsot|kávler|zsübe|dabi|gyék|bonip,1,7.7886,13.0428,dabi zsübe,1669.1913,0,5,5,5,1,SBJ-N4-HIDE-INTR.mp4,N4|HIDE,Ab|GO|HIDE|N4|Aa|JUMP,dabi zsübe,dabi|zsübe,zsot|kávler|zsübe|dabi|gyék|bonip,,,,,,,,,,,,,,,,,,,,,,,,,,,,,,,,,,,,,,,,,,,,,,,,,
,,,,,,,,,,,,,,,,,,,,,,,,,1,,,153556,2006.09.19,2026-05-09_20h53.02.263,BrocantoHPilot1WOSession2,2025.2.4,Win32,59.88023952,,,,,,,,,,,,,,,OBJ.N5 SBJ.N4 PUSH-TR,,,1669.7039,1,OBJ-N5-SBJ-N4-PUSH-TR.mp4,N5|N4|PUSH,N5|Aa|N3|Ab|PUSH|N1|N4,timó|dabi|vánta,timó|gyék|zilép|zsot|vánta|pekli|dabi,1,5.5656,11.2371,timó dabi vánta,1685.7247,0,6,6,6,1,OBJ-N5-SBJ-N4-PUSH-TR.mp4,N5|N4|PUSH,N5|Aa|N3|Ab|PUSH|N1|N4,timó dabi vánta,timó|dabi|vánta,timó|gyék|zilép|zsot|vánta|pekli|dabi,,,,,,,,,,,,,,,,,,,,,,,,,,,,,,,,,,,,,,,,,,,,,,,,,
,,,,,,,,,,,,,,,,,,,,,,,,,1,,,153556,2006.09.19,2026-05-09_20h53.02.263,BrocantoHPilot1WOSession2,2025.2.4,Win32,59.88023952,,,,,,,,,,,,,,,SBJ.N3 REVEAL-INTR,,,1686.2323,1,SBJ-N3-REVEAL-INTR.mp4,N3|REVEAL,N1|N4|HIDE|N5|REVEAL|N3,zilép|girda,pekli|dabi|zsübe|timó|girda|zilép,1,4.1345,8.2045,zilép girda,1698.4077,0,7,7,7,1,SBJ-N3-REVEAL-INTR.mp4,N3|REVEAL,N1|N4|HIDE|N5|REVEAL|N3,zilép girda,zilép|girda,pekli|dabi|zsübe|timó|girda|zilép,,,,,,,,,,,,,,,,,,,,,,,,,,,,,,,,,,,,,,,,,,,,,,,,,
,,,,,,,,,,,,,,,,,,,,,,,,,1,,,153556,2006.09.19,2026-05-09_20h53.02.263,BrocantoHPilot1WOSession2,2025.2.4,Win32,59.88023952,,,,,,,,,,,,,,,OBJ.N5 SBJ.N4 REVEAL-TR,,,1698.9126,1,OBJ-N5-SBJ-N4-REVEAL-TR.mp4,N5|N4|REVEAL,Ab|JUMP|N2|REVEAL|N5|PUSH|N4,timó|dabi|girda,zsot|bonip|murak|girda|timó|vánta|dabi,1,6.3275,31.5447,timó dabi girda,1740.0056,0,8,8,8,1,OBJ-N5-SBJ-N4-REVEAL-TR.mp4,N5|N4|REVEAL,Ab|JUMP|N2|REVEAL|N5|PUSH|N4,timó dabi girda,timó|dabi|girda,zsot|bonip|murak|girda|timó|vánta|dabi,,,,,,,,,,,,,,,,,,,,,,,,,,,,,,,,,,,,,,,,,,,,,,,,,
,,,,,,,,,,,,,,,,,,,,,,,,,1,,,153556,2006.09.19,2026-05-09_20h53.02.263,BrocantoHPilot1WOSession2,2025.2.4,Win32,59.88023952,,,,,,,,,,,,,,,SBJ.N3 JUMP-INTR,,,1740.5204,1,SBJ-N3-JUMP-INTR.mp4,N3|JUMP,JUMP|PUSH|Aa|N3|Ab|GO,zilép|bonip,bonip|vánta|gyék|zilép|zsot|kávler,1,7.0562,9.3256,zilép bonip,1753.7939,0,9,9,9,1,SBJ-N3-JUMP-INTR.mp4,N3|JUMP,JUMP|PUSH|Aa|N3|Ab|GO,zilép bonip,zilép|bonip,bonip|vánta|gyék|zilép|zsot|kávler,,,,,,,,,,,,,,,,,,,,,,,,,,,,,,,,,,,,,,,,,,,,,,,,,
,,,,,,,,,,,,,,,,,,,,,,,,,1,,,153556,2006.09.19,2026-05-09_20h53.02.263,BrocantoHPilot1WOSession2,2025.2.4,Win32,59.88023952,,,,,,,,,,,,,,,OBJ.N5 SBJ.N4 HIDE-TR,,,1754.3089,1,OBJ-N5-SBJ-N4-HIDE-TR.mp4,N5|N4|HIDE,N4|N3|REVEAL|N5|HIDE|Aa|N1,timó|dabi|zsübe,dabi|zilép|girda|timó|zsübe|gyék|pekli,1,6.252,22.549,timó dabi zsübe,1780.847,0,10,10,10,1,OBJ-N5-SBJ-N4-HIDE-TR.mp4,N5|N4|HIDE,N4|N3|REVEAL|N5|HIDE|Aa|N1,timó dabi zsübe,timó|dabi|zsübe,dabi|zilép|girda|timó|zsübe|gyék|pekli,,,,,,,,,,,,,,,,,,,,,,,,,,,,,,,,,,,,,,,,,,,,,,,,,
,,,,,,,,,,,,,,,,,,,,,,,,,1,,,153556,2006.09.19,2026-05-09_20h53.02.263,BrocantoHPilot1WOSession2,2025.2.4,Win32,59.88023952,,,,,,,,,,,,,,,SBJ.N2 REVEAL-INTR,,,1781.3522,1,SBJ-N2-REVEAL-INTR.mp4,N2|REVEAL,HIDE|N2|GO|REVEAL|PUSH|N5,murak|girda,zsübe|murak|kávler|girda|vánta|timó,1,6.8759,9.5728,murak girda,1793.8576,0,11,11,11,1,SBJ-N2-REVEAL-INTR.mp4,N2|REVEAL,HIDE|N2|GO|REVEAL|PUSH|N5,murak girda,murak|girda,zsübe|murak|kávler|girda|vánta|timó,,,,,,,,,,,,,,,,,,,,,,,,,,,,,,,,,,,,,,,,,,,,,,,,,
,,,,,,,,,,,,,,,,,,,,,,,,,1,,,153556,2006.09.19,2026-05-09_20h53.02.263,BrocantoHPilot1WOSession2,2025.2.4,Win32,59.88023952,,,,,,,,,,,,,,,OBJ.N5 SBJ.N4 HIDE-TR,,,1794.3618,1,OBJ-N5-SBJ-N4-HIDE-TR.mp4,N5|N4|HIDE,Ab|HIDE|N4|N3|N2|GO|N5,timó|dabi|zsübe,zsot|zsübe|dabi|zilép|murak|kávler|timó,1,7.6982,21.331,timó dabi zsübe,1819.2189,0,12,12,12,1,OBJ-N5-SBJ-N4-HIDE-TR.mp4,N5|N4|HIDE,Ab|HIDE|N4|N3|N2|GO|N5,timó dabi zsübe,timó|dabi|zsübe,zsot|zsübe|dabi|zilép|murak|kávler|timó,,,,,,,,,,,,,,,,,,,,,,,,,,,,,,,,,,,,,,,,,,,,,,,,,
,,,,,,,,,,,,,,,,,,,,,,,,,1,,,153556,2006.09.19,2026-05-09_20h53.02.263,BrocantoHPilot1WOSession2,2025.2.4,Win32,59.88023952,,,,,,,,,,,,,,,SBJ.N1 GO-INTR,,,1819.7221,1,SBJ-N1-GO-INTR.mp4,N1|GO,HIDE|N2|N1|GO|REVEAL|N3,pekli|kávler,zsübe|murak|pekli|kávler|girda|zilép,1,6.2293,10.9742,pekli kávler,1834.3434,0,13,13,13,1,SBJ-N1-GO-INTR.mp4,N1|GO,HIDE|N2|N1|GO|REVEAL|N3,pekli kávler,pekli|kávler,zsübe|murak|pekli|kávler|girda|zilép,,,,,,,,,,,,,,,,,,,,,,,,,,,,,,,,,,,,,,,,,,,,,,,,,
,,,,,,,,,,,,,,,,,,,,,,,,,1,,,153556,2006.09.19,2026-05-09_20h53.02.263,BrocantoHPilot1WOSession2,2025.2.4,Win32,59.88023952,,,,,,,,,,,,,,,OBJ.N5 SBJ.N3 REVEAL-TR,,,1834.8485,1,OBJ-N5-SBJ-N3-REVEAL-TR.mp4,N5|N3|REVEAL,N5|N4|REVEAL|N3|PUSH|GO|N2,timó|zilép|girda,timó|dabi|girda|zilép|vánta|kávler|murak,1,5.9962,21.7611,timó zilép girda,1860.6229,0,14,14,14,1,OBJ-N5-SBJ-N3-REVEAL-TR.mp4,N5|N3|REVEAL,N5|N4|REVEAL|N3|PUSH|GO|N2,timó zilép girda,timó|zilép|girda,timó|dabi|girda|zilép|vánta|kávler|murak,,,,,,,,,,,,,,,,,,,,,,,,,,,,,,,,,,,,,,,,,,,,,,,,,
,,,,,,,,,,,,,,,,,,,,,,,,,1,,,153556,2006.09.19,2026-05-09_20h53.02.263,BrocantoHPilot1WOSession2,2025.2.4,Win32,59.88023952,,,,,,,,,,,,,,,SBJ.N3 JUMP-INTR,,,1861.1404,1,SBJ-N3-JUMP-INTR.mp4,N3|JUMP,JUMP|N2|REVEAL|N5|N3|N4,zilép|bonip,bonip|murak|girda|timó|zilép|dabi,1,5.7561,7.9969,zilép bonip,1873.3235,0,15,15,15,1,SBJ-N3-JUMP-INTR.mp4,N3|JUMP,JUMP|N2|REVEAL|N5|N3|N4,zilép bonip,zilép|bonip,bonip|murak|girda|timó|zilép|dabi,,,,,,,,,,,,,,,,,,,,,,,,,,,,,,,,,,,,,,,,,,,,,,,,,
,,,,,,,,,,,,,,,,,,,,,,,,,1,,,153556,2006.09.19,2026-05-09_20h53.02.263,BrocantoHPilot1WOSession2,2025.2.4,Win32,59.88023952,,,,,,,,,,,,,,,SBJ.N4 HIDE-INTR,,,1873.8351,1,SBJ-N4-HIDE-INTR.mp4,N4|HIDE,GO|N4|Ab|N1|N2|HIDE,dabi|zsübe,kávler|dabi|zsot|pekli|murak|zsübe,1,6.5834,9.0147,dabi zsübe,1889.5838,0,16,16,16,1,SBJ-N4-HIDE-INTR.mp4,N4|HIDE,GO|N4|Ab|N1|N2|HIDE,dabi zsübe,dabi|zsübe,kávler|dabi|zsot|pekli|murak|zsübe,,,,,,,,,,,,,,,,,,,,,,,,,,,,,,,,,,,,,,,,,,,,,,,,,
,,,,,,,,,,,,,,,,,,,,,,,,,1,,,153556,2006.09.19,2026-05-09_20h53.02.263,BrocantoHPilot1WOSession2,2025.2.4,Win32,59.88023952,,,,,,,,,,,,,,,OBJ.N5 SBJ.N2 PUSH-TR,,,1890.0963,1,OBJ-N5-SBJ-N2-PUSH-TR.mp4,N5|N2|PUSH,PUSH|N4|Ab|N1|N2|HIDE|N5,timó|murak|vánta,vánta|dabi|zsot|pekli|murak|zsübe|timó,1,4.9897,23.3729,timó murak vánta,1916.7564,0,17,17,17,1,OBJ-N5-SBJ-N2-PUSH-TR.mp4,N5|N2|PUSH,PUSH|N4|Ab|N1|N2|HIDE|N5,timó murak vánta,timó|murak|vánta,vánta|dabi|zsot|pekli|murak|zsübe|timó,,,,,,,,,,,,,,,,,,,,,,,,,,,,,,,,,,,,,,,,,,,,,,,,,
,,,,,,,,,,,,,,,,,,,,,,,,,1,,,153556,2006.09.19,2026-05-09_20h53.02.263,BrocantoHPilot1WOSession2,2025.2.4,Win32,59.88023952,,,,,,,,,,,,,,,SBJ.N5 REVEAL-INTR,,,1917.2707,1,SBJ-N5-REVEAL-INTR.mp4,N5|REVEAL,PUSH|N5|GO|REVEAL|JUMP|N4,timó|girda,vánta|timó|kávler|girda|bonip|dabi,1,7.0625,9.8773,timó girda,1930.6059,0,18,18,18,1,SBJ-N5-REVEAL-INTR.mp4,N5|REVEAL,PUSH|N5|GO|REVEAL|JUMP|N4,timó girda,timó|girda,vánta|timó|kávler|girda|bonip|dabi,,,,,,,,,,,,,,,,,,,,,,,,,,,,,,,,,,,,,,,,,,,,,,,,,
,,,,,,,,,,,,,,,,,,,,,,,,,1,,,153556,2006.09.19,2026-05-09_20h53.02.263,BrocantoHPilot1WOSession2,2025.2.4,Win32,59.88023952,,,,,,,,,,,,,,,SBJ.N3 HIDE-INTR,,,1931.1162,1,SBJ-N3-HIDE-INTR.mp4,N3|HIDE,N2|N3|N5|HIDE|N1|N4,zilép|zsübe,murak|zilép|timó|zsübe|pekli|dabi,1,5.8447,11.5618,zilép zsübe,1946.0941,0,19,19,19,1,SBJ-N3-HIDE-INTR.mp4,N3|HIDE,N2|N3|N5|HIDE|N1|N4,zilép zsübe,zilép|zsübe,murak|zilép|timó|zsübe|pekli|dabi,,,,,,,,,,,,,,,,,,,,,,,,,,,,,,,,,,,,,,,,,,,,,,,,,
,,,,,,,,,,,,,,,,,,,,,,,,,1,,,153556,2006.09.19,2026-05-09_20h53.02.263,BrocantoHPilot1WOSession2,2025.2.4,Win32,59.88023952,,,,,,,,,,,,,,,OBJ.N5 SBJ.N2 PUSH-TR,,,1946.6104,1,OBJ-N5-SBJ-N2-PUSH-TR.mp4,N5|N2|PUSH,JUMP|N1|N2|N3|PUSH|Ab|N5,timó|murak|vánta,bonip|pekli|murak|zilép|vánta|zsot|timó,1,4.8546,10.3117,timó murak vánta,1960.7626,0,20,20,20,1,OBJ-N5-SBJ-N2-PUSH-TR.mp4,N5|N2|PUSH,JUMP|N1|N2|N3|PUSH|Ab|N5,timó murak vánta,timó|murak|vánta,bonip|pekli|murak|zilép|vánta|zsot|timó,,,,,,,,,,,,,,,,,,,,,,,,,,,,,,,,,,,,,,,,,,,,,,,,,
,,,,,,,,,,,,,,,,,,,,,,,,,1,,,153556,2006.09.19,2026-05-09_20h53.02.263,BrocantoHPilot1WOSession2,2025.2.4,Win32,59.88023952,,,,,,,,,,,,,,,OBJ.N5 SBJ.N1 PUSH-TR,,,1961.2726,1,OBJ-N5-SBJ-N1-PUSH-TR.mp4,N5|N1|PUSH,JUMP|GO|PUSH|N1|Ab|Aa|N5,timó|pekli|vánta,bonip|kávler|vánta|pekli|zsot|gyék|timó,1,5.0873,10.1637,timó pekli vánta,1975.3428,0,21,21,21,1,OBJ-N5-SBJ-N1-PUSH-TR.mp4,N5|N1|PUSH,JUMP|GO|PUSH|N1|Ab|Aa|N5,timó pekli vánta,timó|pekli|vánta,bonip|kávler|vánta|pekli|zsot|gyék|timó,,,,,,,,,,,,,,,,,,,,,,,,,,,,,,,,,,,,,,,,,,,,,,,,,
,,,,,,,,,,,,,,,,,,,,,,,,,1,,,153556,2006.09.19,2026-05-09_20h53.02.263,BrocantoHPilot1WOSession2,2025.2.4,Win32,59.88023952,,,,,,,,,,,,,,,OBJ.N5 SBJ.N2 HIDE-TR LOC.N3,,,1975.8508,1,OBJ-N5-SBJ-N2-HIDE-TR-LOC-N3.mp4,N5|N2|HIDE|N3,Aa|N5|N2|HIDE|N4|N1|GO|N3,timó|murak|zsübe|zilép,gyék|timó|murak|zsübe|dabi|pekli|kávler|zilép,0,6.0972,36.839,timó murak zsübe,2025.0633,0,22,22,22,1,OBJ-N5-SBJ-N2-HIDE-TR-LOC-N3.mp4,N5|N2|HIDE|N3,Aa|N5|N2|HIDE|N4|N1|GO|N3,timó murak zsübe zilép,timó|murak|zsübe|zilép,gyék|timó|murak|zsübe|dabi|pekli|kávler|zilép,,,,,,,,,,,,,,,,,,,,,,,,,,,,,,,,,,,,,,,,,,,,,,,,,
,,,,,,,,,,,,,,,,,,,,,,,,,1,,,153556,2006.09.19,2026-05-09_20h53.02.263,BrocantoHPilot1WOSession2,2025.2.4,Win32,59.88023952,,,,,,,,,,,,,,,SBJ.N4 REVEAL-INTR LOC.N3,,,2025.5735,1,SBJ-N4-REVEAL-INTR-LOC-N3.mp4,N4|REVEAL|N3,N2|N3|Aa|N5|PUSH|REVEAL|N4,dabi|girda|zilép,murak|zilép|gyék|timó|vánta|girda|dabi,1,6.0012,31.0326,dabi girda zilép,2061.2881,0,23,23,23,1,SBJ-N4-REVEAL-INTR-LOC-N3.mp4,N4|REVEAL|N3,N2|N3|Aa|N5|PUSH|REVEAL|N4,dabi girda zilép,dabi|girda|zilép,murak|zilép|gyék|timó|vánta|girda|dabi,,,,,,,,,,,,,,,,,,,,,,,,,,,,,,,,,,,,,,,,,,,,,,,,,
,,,,,,,,,,,,,,,,,,,,,,,,,1,,,153556,2006.09.19,2026-05-09_20h53.02.263,BrocantoHPilot1WOSession2,2025.2.4,Win32,59.88023952,,,,,,,,,,,,,,,SBJ.N4 REVEAL-INTR LOC.N3,,,2061.8064,1,SBJ-N4-REVEAL-INTR-LOC-N3.mp4,N4|REVEAL|N3,HIDE|PUSH|Ab|N3|REVEAL|GO|N4,dabi|girda|zilép,zsübe|vánta|zsot|zilép|girda|kávler|dabi,1,6.3869,14.2536,dabi girda zilép,2079.2707,0,24,24,24,1,SBJ-N4-REVEAL-INTR-LOC-N3.mp4,N4|REVEAL|N3,HIDE|PUSH|Ab|N3|REVEAL|GO|N4,dabi girda zilép,dabi|girda|zilép,zsübe|vánta|zsot|zilép|girda|kávler|dabi,,,,,,,,,,,,,,,,,,,,,,,,,,,,,,,,,,,,,,,,,,,,,,,,,
,,,,,,,,,,,,,,,,,,,,,,,,,1,,,153556,2006.09.19,2026-05-09_20h53.02.263,BrocantoHPilot1WOSession2,2025.2.4,Win32,59.88023952,,,,,,,,,,,,,,,OBJ.N5 SBJ.N1 PUSH-TR LOC.N2,,,2079.798,1,OBJ-N5-SBJ-N1-PUSH-TR-LOC-N2.mp4,N5|N1|PUSH|N2,N1|N2|HIDE|PUSH|N5|GO|REVEAL|N3,timó|pekli|vánta|murak,pekli|murak|zsübe|vánta|timó|kávler|girda|zilép,1,5.0715,23.6004,timó pekli vánta murak,2108.7636,0,25,25,25,1,OBJ-N5-SBJ-N1-PUSH-TR-LOC-N2.mp4,N5|N1|PUSH|N2,N1|N2|HIDE|PUSH|N5|GO|REVEAL|N3,timó pekli vánta murak,timó|pekli|vánta|murak,pekli|murak|zsübe|vánta|timó|kávler|girda|zilép,,,,,,,,,,,,,,,,,,,,,,,,,,,,,,,,,,,,,,,,,,,,,,,,,
,,,,,,,,,,,,,,,,,,,,,,,,,1,,,153556,2006.09.19,2026-05-09_20h53.02.263,BrocantoHPilot1WOSession2,2025.2.4,Win32,59.88023952,,,,,,,,,,,,,,,OBJ.N5 SBJ.N1 REVEAL-TR LOC.N3,,,2109.272,1,OBJ-N5-SBJ-N1-REVEAL-TR-LOC-N3.mp4,N5|N1|REVEAL|N3,N5|N3|GO|N2|HIDE|N1|JUMP|REVEAL,timó|pekli|girda|zilép,timó|zilép|kávler|murak|zsübe|pekli|bonip|girda,1,7.4204,34.1186,timó pekli girda zilép,2147.0071,0,26,26,26,1,OBJ-N5-SBJ-N1-REVEAL-TR-LOC-N3.mp4,N5|N1|REVEAL|N3,N5|N3|GO|N2|HIDE|N1|JUMP|REVEAL,timó pekli girda zilép,timó|pekli|girda|zilép,timó|zilép|kávler|murak|zsübe|pekli|bonip|girda,,,,,,,,,,,,,,,,,,,,,,,,,,,,,,,,,,,,,,,,,,,,,,,,,
,,,,,,,,,,,,,,,,,,,,,,,,,1,,,153556,2006.09.19,2026-05-09_20h53.02.263,BrocantoHPilot1WOSession2,2025.2.4,Win32,59.88023952,,,,,,,,,,,,,,,SBJ.N1 REVEAL-INTR LOC.N5,,,2147.5097,1,SBJ-N1-REVEAL-INTR-LOC-N5.mp4,N1|REVEAL|N5,N1|REVEAL|Ab|N4|N5|HIDE|N3,pekli|girda|timó,pekli|girda|zsot|dabi|timó|zsübe|zilép,1,7.1297,12.6882,pekli girda timó,2167.0965,0,27,27,27,1,SBJ-N1-REVEAL-INTR-LOC-N5.mp4,N1|REVEAL|N5,N1|REVEAL|Ab|N4|N5|HIDE|N3,pekli girda timó,pekli|girda|timó,pekli|girda|zsot|dabi|timó|zsübe|zilép,,,,,,,,,,,,,,,,,,,,,,,,,,,,,,,,,,,,,,,,,,,,,,,,,
,,,,,,,,,,,,,,,,,,,,,,,,,1,,,153556,2006.09.19,2026-05-09_20h53.02.263,BrocantoHPilot1WOSession2,2025.2.4,Win32,59.88023952,,,,,,,,,,,,,,,OBJ.N5 SBJ.N2 PUSH-TR LOC.N3,,,2167.6023,1,OBJ-N5-SBJ-N2-PUSH-TR-LOC-N3.mp4,N5|N2|PUSH|N3,GO|N1|REVEAL|N2|N5|Ab|PUSH|N3,timó|murak|vánta|zilép,kávler|pekli|girda|murak|timó|zsot|vánta|zilép,1,5.0386,14.5962,timó murak vánta zilép,2185.4045,0,28,28,28,1,OBJ-N5-SBJ-N2-PUSH-TR-LOC-N3.mp4,N5|N2|PUSH|N3,GO|N1|REVEAL|N2|N5|Ab|PUSH|N3,timó murak vánta zilép,timó|murak|vánta|zilép,kávler|pekli|girda|murak|timó|zsot|vánta|zilép,,,,,,,,,,,,,,,,,,,,,,,,,,,,,,,,,,,,,,,,,,,,,,,,,
,,,,,,,,,,,,,,,,,,,,,,,,,1,,,153556,2006.09.19,2026-05-09_20h53.02.263,BrocantoHPilot1WOSession2,2025.2.4,Win32,59.88023952,,,,,,,,,,,,,,,OBJ.N5 SBJ.N1 HIDE-TR LOC.N2,,,2185.9132,1,OBJ-N5-SBJ-N1-HIDE-TR-LOC-N2.mp4,N5|N1|HIDE|N2,HIDE|N2|PUSH|N4|N1|JUMP|Ab|N5,timó|pekli|zsübe|murak,zsübe|murak|vánta|dabi|pekli|bonip|zsot|timó,1,5.9199,22.335,timó pekli zsübe murak,2214.6636,0,29,29,29,1,OBJ-N5-SBJ-N1-HIDE-TR-LOC-N2.mp4,N5|N1|HIDE|N2,HIDE|N2|PUSH|N4|N1|JUMP|Ab|N5,timó pekli zsübe murak,timó|pekli|zsübe|murak,zsübe|murak|vánta|dabi|pekli|bonip|zsot|timó,,,,,,,,,,,,,,,,,,,,,,,,,,,,,,,,,,,,,,,,,,,,,,,,,
,,,,,,,,,,,,,,,,,,,,,,,,,1,,,153556,2006.09.19,2026-05-09_20h53.02.263,BrocantoHPilot1WOSession2,2025.2.4,Win32,59.88023952,,,,,,,,,,,,,,,OBJ.N5 SBJ.N2 PUSH-TR LOC.N4,,,2215.1753,1,OBJ-N5-SBJ-N2-PUSH-TR-LOC-N4.mp4,N5|N2|PUSH|N4,N5|N4|REVEAL|N1|N2|GO|PUSH|N3,timó|murak|vánta|dabi,timó|dabi|girda|pekli|murak|kávler|vánta|zilép,1,5.6725,28.3679,timó murak vánta dabi,2246.6053,0,30,30,30,1,OBJ-N5-SBJ-N2-PUSH-TR-LOC-N4.mp4,N5|N2|PUSH|N4,N5|N4|REVEAL|N1|N2|GO|PUSH|N3,timó murak vánta dabi,timó|murak|vánta|dabi,timó|dabi|girda|pekli|murak|kávler|vánta|zilép,,,,,,,,,,,,,,,,,,,,,,,,,,,,,,,,,,,,,,,,,,,,,,,,,
,,,,,,,,,,,,,,,,,,,,,,,,,1,,,153556,2006.09.19,2026-05-09_20h53.02.263,BrocantoHPilot1WOSession2,2025.2.4,Win32,59.88023952,,,,,,,,,,,,,,,OBJ.N5 SBJ.N3 REVEAL-TR,,,2247.1087,1,OBJ-N5-SBJ-N3-REVEAL-TR.mp4,N5|N3|REVEAL,GO|Aa|REVEAL|N3|N5|N1|JUMP,timó|zilép|girda,kávler|gyék|girda|zilép|timó|pekli|bonip,1,7.2851,15.2189,timó zilép girda,2266.2236,0,31,31,31,1,OBJ-N5-SBJ-N3-REVEAL-TR.mp4,N5|N3|REVEAL,GO|Aa|REVEAL|N3|N5|N1|JUMP,timó zilép girda,timó|zilép|girda,kávler|gyék|girda|zilép|timó|pekli|bonip,,,,,,,,,,,,,,,,,,,,,,,,,,,,,,,,,,,,,,,,,,,,,,,,,
,,,,,,,,,,,,,,,,,,,,,,,,,1,,,153556,2006.09.19,2026-05-09_20h53.02.263,BrocantoHPilot1WOSession2,2025.2.4,Win32,59.88023952,,,,,,,,,,,,,,,OBJ.N5 SBJ.N3 HIDE-TR LOC.N4,,,2266.7355,1,OBJ-N5-SBJ-N3-HIDE-TR-LOC-N4.mp4,N5|N3|HIDE|N4,N4|N2|JUMP|REVEAL|N3|HIDE|N5|Ab,timó|zilép|zsübe|dabi,dabi|murak|bonip|girda|zilép|zsübe|timó|zsot,0,6.0496,12.6602,timó zilép zsübe,2283.5928,0,32,32,32,1,OBJ-N5-SBJ-N3-HIDE-TR-LOC-N4.mp4,N5|N3|HIDE|N4,N4|N2|JUMP|REVEAL|N3|HIDE|N5|Ab,timó zilép zsübe dabi,timó|zilép|zsübe|dabi,dabi|murak|bonip|girda|zilép|zsübe|timó|zsot,,,,,,,,,,,,,,,,,,,,,,,,,,,,,,,,,,,,,,,,,,,,,,,,,
,,,,,,,,,,,,,,,,,,,,,,,,,1,,,153556,2006.09.19,2026-05-09_20h53.02.263,BrocantoHPilot1WOSession2,2025.2.4,Win32,59.88023952,,,,,,,,,,,,,,,Aa SBJ.N5 JUMP-INTR,,,2284.0963,1,Aa-SBJ-N5-JUMP-INTR.mp4,Aa|N5|JUMP,JUMP|N4|GO|N1|Aa|Ab|N5,gyék|timó|bonip,bonip|dabi|kávler|pekli|gyék|zsot|timó,0,5.105,21.2708,gyék timó bonip zsot,2326.929,0,33,33,33,1,Aa-SBJ-N5-JUMP-INTR.mp4,Aa|N5|JUMP,JUMP|N4|GO|N1|Aa|Ab|N5,gyék timó bonip,gyék|timó|bonip,bonip|dabi|kávler|pekli|gyék|zsot|timó,,,,,,,,,,,,,,,,,,,,,,,,,,,,,,,,,,,,,,,,,,,,,,,,,
,,,,,,,,,,,,,,,,,,,,,,,,,1,,,153556,2006.09.19,2026-05-09_20h53.02.263,BrocantoHPilot1WOSession2,2025.2.4,Win32,59.88023952,,,,,,,,,,,,,,,SBJ.N3 HIDE-INTR,,,2327.4318,1,SBJ-N3-HIDE-INTR.mp4,N3|HIDE,HIDE|Aa|REVEAL|GO|N2|N3,zilép|zsübe,zsübe|gyék|girda|kávler|murak|zilép,1,6.7192,8.5059,zilép zsübe,2338.9198,0,34,34,34,1,SBJ-N3-HIDE-INTR.mp4,N3|HIDE,HIDE|Aa|REVEAL|GO|N2|N3,zilép zsübe,zilép|zsübe,zsübe|gyék|girda|kávler|murak|zilép,,,,,,,,,,,,,,,,,,,,,,,,,,,,,,,,,,,,,,,,,,,,,,,,,
,,,,,,,,,,,,,,,,,,,,,,,,,1,,,153556,2006.09.19,2026-05-09_20h53.02.263,BrocantoHPilot1WOSession2,2025.2.4,Win32,59.88023952,,,,,,,,,,,,,,,SBJ.N3 GO-INTR LOC.N2,,,2339.4273,1,SBJ-N3-GO-INTR-LOC-N2.mp4,N3|GO|N2,GO|PUSH|N3|Ab|N1|HIDE|N2,zilép|kávler|murak,kávler|vánta|zilép|zsot|pekli|zsübe|murak,0,8.3929,21.2574,zilép vánta murak,2365.1795,0,35,35,35,1,SBJ-N3-GO-INTR-LOC-N2.mp4,N3|GO|N2,GO|PUSH|N3|Ab|N1|HIDE|N2,zilép kávler murak,zilép|kávler|murak,kávler|vánta|zilép|zsot|pekli|zsübe|murak,,,,,,,,,,,,,,,,,,,,,,,,,,,,,,,,,,,,,,,,,,,,,,,,,
,,,,,,,,,,,,,,,,,,,,,,,,,1,,,153556,2006.09.19,2026-05-09_20h53.02.263,BrocantoHPilot1WOSession2,2025.2.4,Win32,59.88023952,,,,,,,,,,,,,,,SBJ.N1 HIDE-INTR LOC.N5,,,2365.685,1,SBJ-N1-HIDE-INTR-LOC-N5.mp4,N1|HIDE|N5,Ab|PUSH|Aa|N5|N1|REVEAL|HIDE,pekli|zsübe|timó,zsot|vánta|gyék|timó|pekli|girda|zsübe,0,6.7052,23.8142,pekli timó zsübe,2394.3316,0,36,36,36,1,SBJ-N1-HIDE-INTR-LOC-N5.mp4,N1|HIDE|N5,Ab|PUSH|Aa|N5|N1|REVEAL|HIDE,pekli zsübe timó,pekli|zsübe|timó,zsot|vánta|gyék|timó|pekli|girda|zsübe,,,,,,,,,,,,,,,,,,,,,,,,,,,,,,,,,,,,,,,,,,,,,,,,,
,,,,,,,,,,,,,,,,,,,,,,,,,1,,,153556,2006.09.19,2026-05-09_20h53.02.263,BrocantoHPilot1WOSession2,2025.2.4,Win32,59.88023952,,,,,,,,,,,,,,,SBJ.N1 JUMP-INTR LOC.N5,,,2394.8424,1,SBJ-N1-JUMP-INTR-LOC-N5.mp4,N1|JUMP|N5,PUSH|N2|N1|N5|GO|JUMP|Aa,pekli|bonip|timó,vánta|murak|pekli|timó|kávler|bonip|gyék,1,6.0111,14.4537,pekli bonip timó,2413.5025,0,37,37,37,1,SBJ-N1-JUMP-INTR-LOC-N5.mp4,N1|JUMP|N5,PUSH|N2|N1|N5|GO|JUMP|Aa,pekli bonip timó,pekli|bonip|timó,vánta|murak|pekli|timó|kávler|bonip|gyék,,,,,,,,,,,,,,,,,,,,,,,,,,,,,,,,,,,,,,,,,,,,,,,,,
,,,,,,,,,,,,,,,,,,,,,,,,,1,,,153556,2006.09.19,2026-05-09_20h53.02.263,BrocantoHPilot1WOSession2,2025.2.4,Win32,59.88023952,,,,,,,,,,,,,,,SBJ.N5 GO-INTR LOC.N3,,,2414.019,1,SBJ-N5-GO-INTR-LOC-N3.mp4,N5|GO|N3,N5|N4|N3|PUSH|GO|HIDE|Aa,timó|kávler|zilép,timó|dabi|zilép|vánta|kávler|zsübe|gyék,0,7.4078,20.5943,timó vánta zilép,2438.7962,0,38,38,38,1,SBJ-N5-GO-INTR-LOC-N3.mp4,N5|GO|N3,N5|N4|N3|PUSH|GO|HIDE|Aa,timó kávler zilép,timó|kávler|zilép,timó|dabi|zilép|vánta|kávler|zsübe|gyék,,,,,,,,,,,,,,,,,,,,,,,,,,,,,,,,,,,,,,,,,,,,,,,,,
,,,,,,,,,,,,,,,,,,,,,,,,,1,,,153556,2006.09.19,2026-05-09_20h53.02.263,BrocantoHPilot1WOSession2,2025.2.4,Win32,59.88023952,,,,,,,,,,,,,,,SBJ.N5 HIDE-INTR LOC.N2,,,2439.3107,1,SBJ-N5-HIDE-INTR-LOC-N2.mp4,N5|HIDE|N2,HIDE|N2|JUMP|N5|Aa|N3|Ab,timó|zsübe|murak,zsübe|murak|bonip|timó|gyék|zilép|zsot,1,8.3609,24.3163,timó zsübe murak,2467.4925,0,39,39,39,1,SBJ-N5-HIDE-INTR-LOC-N2.mp4,N5|HIDE|N2,HIDE|N2|JUMP|N5|Aa|N3|Ab,timó zsübe murak,timó|zsübe|murak,zsübe|murak|bonip|timó|gyék|zilép|zsot,,,,,,,,,,,,,,,,,,,,,,,,,,,,,,,,,,,,,,,,,,,,,,,,,
,,,,,,,,,,,,,,,,,,,,,,,,,1,,,153556,2006.09.19,2026-05-09_20h53.02.263,BrocantoHPilot1WOSession2,2025.2.4,Win32,59.88023952,,,,,,,,,,,,,,,OBJ.N5 SBJ.N3 HIDE-TR LOC.N2,,,2468.0008,1,OBJ-N5-SBJ-N3-HIDE-TR-LOC-N2.mp4,N5|N3|HIDE|N2,Aa|Ab|PUSH|REVEAL|N3|HIDE|N2|N5,timó|zilép|zsübe|murak,gyék|zsot|vánta|girda|zilép|zsübe|murak|timó,1,4.8961,18.4618,timó zilép zsübe murak,2490.4502,0,40,40,40,1,OBJ-N5-SBJ-N3-HIDE-TR-LOC-N2.mp4,N5|N3|HIDE|N2,Aa|Ab|PUSH|REVEAL|N3|HIDE|N2|N5,timó zilép zsübe murak,timó|zilép|zsübe|murak,gyék|zsot|vánta|girda|zilép|zsübe|murak|timó,,,,,,,,,,,,,,,,,,,,,,,,,,,,,,,,,,,,,,,,,,,,,,,,,
,,,,,,,,,,,,,,,,,,,,,,,,,1,,,153556,2006.09.19,2026-05-09_20h53.02.263,BrocantoHPilot1WOSession2,2025.2.4,Win32,59.88023952,,,,,,,,,,,,,,,Ab OBJ.N5 SBJ.N2 HIDE-TR,,,2490.9599,1,Ab-OBJ-N5-SBJ-N2-HIDE-TR.mp4,Ab|N5|N2|HIDE,N1|N5|N4|Ab|HIDE|REVEAL|N2|PUSH,zsot|timó|murak|zsübe,pekli|timó|dabi|zsot|zsübe|girda|murak|vánta,0,6.6951,20.7533,timó murak zsübe,2524.0628,0,41,41,41,1,Ab-OBJ-N5-SBJ-N2-HIDE-TR.mp4,Ab|N5|N2|HIDE,N1|N5|N4|Ab|HIDE|REVEAL|N2|PUSH,zsot timó murak zsübe,zsot|timó|murak|zsübe,pekli|timó|dabi|zsot|zsübe|girda|murak|vánta,,,,,,,,,,,,,,,,,,,,,,,,,,,,,,,,,,,,,,,,,,,,,,,,,
,,,,,,,,,,,,,,,,,,,,,,,,,1,,,153556,2006.09.19,2026-05-09_20h53.02.263,BrocantoHPilot1WOSession2,2025.2.4,Win32,59.88023952,,,,,,,,,,,,,,,,,,,,,,,,,,,,,,,,,,,,,,,,,2551.9434,chunkTest_s1,0,1,N1-JUMP.mp3,3,7.6212,6,2,6.8107,9.9405,2565.3823,0,0,0,5,1,N1-JUMP.mp3,3,,,,,,,,,,,,,,,,,,,,,,,,,,,,,,
,,,,,,,,,,,,,,,,,,,,,,,,,1,,,153556,2006.09.19,2026-05-09_20h53.02.263,BrocantoHPilot1WOSession2,2025.2.4,Win32,59.88023952,,,,,,,,,,,,,,,,,,,,,,,,,,,,,,,,,,,,,,,,,2565.8839,chunkTest_s1,1,1,HIDE-N1.mp3,2,2.0965,3,1,3.7607,14.3814,2582.5907,0,1,1,4,1,HIDE-N1.mp3,2,,,,,,,,,,,,,,,,,,,,,,,,,,,,,,
,,,,,,,,,,,,,,,,,,,,,,,,,1,,,153556,2006.09.19,2026-05-09_20h53.02.263,BrocantoHPilot1WOSession2,2025.2.4,Win32,59.88023952,,,,,,,,,,,,,,,,,,,,,,,,,,,,,,,,,,,,,,,,,2583.0948,chunkTest_s1,2,1,PUSH-PUSH.mp3,0,1.681,1,1,3.3394,5.4485,2589.7243,0,2,2,16,1,PUSH-PUSH.mp3,0,,,,,,,,,,,,,,,,,,,,,,,,,,,,,,
,,,,,,,,,,,,,,,,,,,,,,,,,1,,,153556,2006.09.19,2026-05-09_20h53.02.263,BrocantoHPilot1WOSession2,2025.2.4,Win32,59.88023952,,,,,,,,,,,,,,,,,,,,,,,,,,,,,,,,,,,,,,,,,2590.2254,chunkTest_s1,3,1,N1-N1.mp3,0,1.3157,1,1,3.2166,4.4249,2597.7817,0,3,3,7,1,N1-N1.mp3,0,,,,,,,,,,,,,,,,,,,,,,,,,,,,,,
,,,,,,,,,,,,,,,,,,,,,,,,,1,,,153556,2006.09.19,2026-05-09_20h53.02.263,BrocantoHPilot1WOSession2,2025.2.4,Win32,59.88023952,,,,,,,,,,,,,,,,,,,,,,,,,,,,,,,,,,,,,,,,,2598.2892,chunkTest_s1,4,1,JUMP-N5.mp3,1,2.4527,2,1,4.4795,9.0742,2608.4305,0,4,4,0,1,JUMP-N5.mp3,1,,,,,,,,,,,,,,,,,,,,,,,,,,,,,,
,,,,,,,,,,,,,,,,,,,,,,,,,1,,,153556,2006.09.19,2026-05-09_20h53.02.263,BrocantoHPilot1WOSession2,2025.2.4,Win32,59.88023952,,,,,,,,,,,,,,,,,,,,,,,,,,,,,,,,,,,,,,,,,2608.9361,chunkTest_s1,5,1,N4-N2.mp3,0,5.3479,4,3,2.9926,15.6569,2625.8678,0,5,5,8,1,N4-N2.mp3,0,,,,,,,,,,,,,,,,,,,,,,,,,,,,,,
,,,,,,,,,,,,,,,,,,,,,,,,,1,,,153556,2006.09.19,2026-05-09_20h53.02.263,BrocantoHPilot1WOSession2,2025.2.4,Win32,59.88023952,,,,,,,,,,,,,,,,,,,,,,,,,,,,,,,,,,,,,,,,,2626.3845,chunkTest_s1,6,1,N2-N3.mp3,0,2.5826,6,1,5.835,6.7414,2634.4763,0,6,6,3,1,N2-N3.mp3,0,,,,,,,,,,,,,,,,,,,,,,,,,,,,,,
,,,,,,,,,,,,,,,,,,,,,,,,,1,,,153556,2006.09.19,2026-05-09_20h53.02.263,BrocantoHPilot1WOSession2,2025.2.4,Win32,59.88023952,,,,,,,,,,,,,,,,,,,,,,,,,,,,,,,,,,,,,,,,,2634.9775,chunkTest_s1,7,1,N4-Aa.mp3,0,2.4709,3,1,4.2625,9.3578,2645.6252,0,7,7,6,1,N4-Aa.mp3,0,,,,,,,,,,,,,,,,,,,,,,,,,,,,,,
,,,,,,,,,,,,,,,,,,,,,,,,,1,,,153556,2006.09.19,2026-05-09_20h53.02.263,BrocantoHPilot1WOSession2,2025.2.4,Win32,59.88023952,,,,,,,,,,,,,,,,,,,,,,,,,,,,,,,,,,,,,,,,,2646.1406,chunkTest_s1,8,1,N4-N4.mp3,0,1.75,1,1,3.4189,4.3584,2652.0305,0,8,8,1,1,N4-N4.mp3,0,,,,,,,,,,,,,,,,,,,,,,,,,,,,,,
,,,,,,,,,,,,,,,,,,,,,,,,,1,,,153556,2006.09.19,2026-05-09_20h53.02.263,BrocantoHPilot1WOSession2,2025.2.4,Win32,59.88023952,,,,,,,,,,,,,,,,,,,,,,,,,,,,,,,,,,,,,,,,,2652.5375,chunkTest_s1,9,1,N2-HIDE.mp3,8,0.8053,6,1,2.4624,4.2924,2657.9366,0,9,9,11,1,N2-HIDE.mp3,8,,,,,,,,,,,,,,,,,,,,,,,,,,,,,,
,,,,,,,,,,,,,,,,,,,,,,,,,1,,,153556,2006.09.19,2026-05-09_20h53.02.263,BrocantoHPilot1WOSession2,2025.2.4,Win32,59.88023952,,,,,,,,,,,,,,,,,,,,,,,,,,,,,,,,,,,,,,,,,2658.4523,chunkTest_s1,10,1,N5-Ab.mp3,3,1.6991,2,1,3.1141,7.7926,2667.2754,0,10,10,19,1,N5-Ab.mp3,3,,,,,,,,,,,,,,,,,,,,,,,,,,,,,,
,,,,,,,,,,,,,,,,,,,,,,,,,1,,,153556,2006.09.19,2026-05-09_20h53.02.263,BrocantoHPilot1WOSession2,2025.2.4,Win32,59.88023952,,,,,,,,,,,,,,,,,,,,,,,,,,,,,,,,,,,,,,,,,2667.787,chunkTest_s1,11,1,REVEAL-N4.mp3,6,0.6445,2,1,2.313,6.9316,2675.8252,0,11,11,2,1,REVEAL-N4.mp3,6,,,,,,,,,,,,,,,,,,,,,,,,,,,,,,
,,,,,,,,,,,,,,,,,,,,,,,,,1,,,153556,2006.09.19,2026-05-09_20h53.02.263,BrocantoHPilot1WOSession2,2025.2.4,Win32,59.88023952,,,,,,,,,,,,,,,,,,,,,,,,,,,,,,,,,,,,,,,,,2676.3295,chunkTest_s1,12,1,N4-N5.mp3,0,0.6466,2,1,2.2658,3.5285,2681.3333,0,12,12,15,1,N4-N5.mp3,0,,,,,,,,,,,,,,,,,,,,,,,,,,,,,,
,,,,,,,,,,,,,,,,,,,,,,,,,1,,,153556,2006.09.19,2026-05-09_20h53.02.263,BrocantoHPilot1WOSession2,2025.2.4,Win32,59.88023952,,,,,,,,,,,,,,,,,,,,,,,,,,,,,,,,,,,,,,,,,2681.8448,chunkTest_s1,13,1,GO-PUSH.mp3,0,0.8211,1,1,2.7847,4.892,2687.7653,0,13,13,17,1,GO-PUSH.mp3,0,,,,,,,,,,,,,,,,,,,,,,,,,,,,,,
,,,,,,,,,,,,,,,,,,,,,,,,,1,,,153556,2006.09.19,2026-05-09_20h53.02.263,BrocantoHPilot1WOSession2,2025.2.4,Win32,59.88023952,,,,,,,,,,,,,,,,,,,,,,,,,,,,,,,,,,,,,,,,,2688.2756,chunkTest_s1,14,1,N1-GO.mp3,4,0.5956,6,1,2.6901,3.1558,2695.1373,0,14,14,9,1,N1-GO.mp3,4,,,,,,,,,,,,,,,,,,,,,,,,,,,,,,
,,,,,,,,,,,,,,,,,,,,,,,,,1,,,153556,2006.09.19,2026-05-09_20h53.02.263,BrocantoHPilot1WOSession2,2025.2.4,Win32,59.88023952,,,,,,,,,,,,,,,,,,,,,,,,,,,,,,,,,,,,,,,,,2695.6399,chunkTest_s1,15,1,REVEAL-N3.mp3,7,0.645,3,1,2.6849,4.1677,2701.0152,0,15,15,13,1,REVEAL-N3.mp3,7,,,,,,,,,,,,,,,,,,,,,,,,,,,,,,
,,,,,,,,,,,,,,,,,,,,,,,,,1,,,153556,2006.09.19,2026-05-09_20h53.02.263,BrocantoHPilot1WOSession2,2025.2.4,Win32,59.88023952,,,,,,,,,,,,,,,,,,,,,,,,,,,,,,,,,,,,,,,,,2701.5208,chunkTest_s1,16,1,N1-N2.mp3,0,0.6799,2,1,2.3499,4.108,2706.3821,0,16,16,18,1,N1-N2.mp3,0,,,,,,,,,,,,,,,,,,,,,,,,,,,,,,
,,,,,,,,,,,,,,,,,,,,,,,,,1,,,153556,2006.09.19,2026-05-09_20h53.02.263,BrocantoHPilot1WOSession2,2025.2.4,Win32,59.88023952,,,,,,,,,,,,,,,,,,,,,,,,,,,,,,,,,,,,,,,,,2706.8859,chunkTest_s1,17,1,HIDE-JUMP.mp3,0,0.4875,1,1,2.1793,6.5051,2714.5898,0,17,17,14,1,HIDE-JUMP.mp3,0,,,,,,,,,,,,,,,,,,,,,,,,,,,,,,
,,,,,,,,,,,,,,,,,,,,,,,,,1,,,153556,2006.09.19,2026-05-09_20h53.02.263,BrocantoHPilot1WOSession2,2025.2.4,Win32,59.88023952,,,,,,,,,,,,,,,,,,,,,,,,,,,,,,,,,,,,,,,,,2715.0994,chunkTest_s1,18,1,GO-N4.mp3,2,1.4093,3,1,3.3487,6.9487,2723.9241,0,18,18,12,1,GO-N4.mp3,2,,,,,,,,,,,,,,,,,,,,,,,,,,,,,,
,,,,,,,,,,,,,,,,,,,,,,,,,1,,,153556,2006.09.19,2026-05-09_20h53.02.263,BrocantoHPilot1WOSession2,2025.2.4,Win32,59.88023952,,,,,,,,,,,,,,,,,,,,,,,,,,,,,,,,,,,,,,,,,2724.4296,chunkTest_s1,19,1,N5-N3.mp3,19,1.3361,4,1,2.9622,6.1455,2731.2852,0,19,19,10,1,N5-N3.mp3,19,,,,,,,,,,,,,,,,,,,,,,,,,,,,,,
,,,,,,,,,,,,,,,,,,,,,,,,,1,,,153556,2006.09.19,2026-05-09_20h53.02.263,BrocantoHPilot1WOSession2,2025.2.4,Win32,59.88023952,,,,,,,,,,,,,,,,,,,,,,,,,,,,,,,,,,,,,,,,,2750.1458,GJTest_s1,0,1,OBJ-N1-SBJ-N3-JUMP-INTR.mp3,,1.4628,5,1,4.035,8.7271,2760.4006,,,,,,OBJ-N1-SBJ-N3-JUMP-INTR.mp3,,0,0,0,10,1,,,,,,,,,,,,,,,,,,,,,,,,,
,,,,,,,,,,,,,,,,,,,,,,,,,1,,,153556,2006.09.19,2026-05-09_20h53.02.263,BrocantoHPilot1WOSession2,2025.2.4,Win32,59.88023952,,,,,,,,,,,,,,,,,,,,,,,,,,,,,,,,,,,,,,,,,2760.9176,GJTest_s1,1,1,SBJ-N4-REVEAL-INTR-LOC-N3.mp3,4,1.4115,6,1,3.8116,8.6687,2770.9303,,,,,,SBJ-N4-REVEAL-INTR-LOC-N3.mp3,4,0,1,1,2,1,,,,,,,,,,,,,,,,,,,,,,,,,
,,,,,,,,,,,,,,,,,,,,,,,,,1,,,153556,2006.09.19,2026-05-09_20h53.02.263,BrocantoHPilot1WOSession2,2025.2.4,Win32,59.88023952,,,,,,,,,,,,,,,,,,,,,,,,,,,,,,,,,,,,,,,,,2771.4485,GJTest_s1,2,1,Ab-SBJ-N4-JUMP-INTR.mp3,0,0.6133,6,1,2.5041,5.5508,2779.0629,,,,,,Ab-SBJ-N4-JUMP-INTR.mp3,0,0,2,2,5,1,,,,,,,,,,,,,,,,,,,,,,,,,
,,,,,,,,,,,,,,,,,,,,,,,,,1,,,153556,2006.09.19,2026-05-09_20h53.02.263,BrocantoHPilot1WOSession2,2025.2.4,Win32,59.88023952,,,,,,,,,,,,,,,,,,,,,,,,,,,,,,,,,,,,,,,,,2779.5782,GJTest_s1,3,1,SBJ-N4-REVEAL-INTR-LOC-N3-LOC-N1.mp3,,2.9951,3,1,6.2468,15.4635,2795.9613,,,,,,SBJ-N4-REVEAL-INTR-LOC-N3-LOC-N1.mp3,,0,3,3,12,1,,,,,,,,,,,,,,,,,,,,,,,,,
,,,,,,,,,,,,,,,,,,,,,,,,,1,,,153556,2006.09.19,2026-05-09_20h53.02.263,BrocantoHPilot1WOSession2,2025.2.4,Win32,59.88023952,,,,,,,,,,,,,,,,,,,,,,,,,,,,,,,,,,,,,,,,,2796.473,GJTest_s1,4,1,HIDE-TR-LOC-N4.mp3,,1.29,2,1,3.6959,8.6035,2806.5593,,,,,,HIDE-TR-LOC-N4.mp3,,0,4,4,13,1,,,,,,,,,,,,,,,,,,,,,,,,,
,,,,,,,,,,,,,,,,,,,,,,,,,1,,,153556,2006.09.19,2026-05-09_20h53.02.263,BrocantoHPilot1WOSession2,2025.2.4,Win32,59.88023952,,,,,,,,,,,,,,,,,,,,,,,,,,,,,,,,,,,,,,,,,2807.0687,GJTest_s1,5,1,SBJ-N3-JUMP-INTR.mp3,6,0.6857,6,1,2.4901,4.6769,2813.2685,,,,,,SBJ-N3-JUMP-INTR.mp3,6,0,5,5,0,1,,,,,,,,,,,,,,,,,,,,,,,,,
,,,,,,,,,,,,,,,,,,,,,,,,,1,,,153556,2006.09.19,2026-05-09_20h53.02.263,BrocantoHPilot1WOSession2,2025.2.4,Win32,59.88023952,,,,,,,,,,,,,,,,,,,,,,,,,,,,,,,,,,,,,,,,,2813.783,GJTest_s1,6,1,SBJ-N3-Aa-PUSH-TR.mp3,,0.6561,2,1,3.5786,23.061,2839.6931,,,,,,SBJ-N3-Aa-PUSH-TR.mp3,,0,6,6,18,1,,,,,,,,,,,,,,,,,,,,,,,,,
,,,,,,,,,,,,,,,,,,,,,,,,,1,,,153556,2006.09.19,2026-05-09_20h53.02.263,BrocantoHPilot1WOSession2,2025.2.4,Win32,59.88023952,,,,,,,,,,,,,,,,,,,,,,,,,,,,,,,,,,,,,,,,,2840.2082,GJTest_s1,7,1,Ab-SBJ-N5-JUMP-INTR.mp3,0,1.0024,6,1,2.8931,8.6008,2850.9403,,,,,,Ab-SBJ-N5-JUMP-INTR.mp3,0,0,7,7,9,1,,,,,,,,,,,,,,,,,,,,,,,,,
,,,,,,,,,,,,,,,,,,,,,,,,,1,,,153556,2006.09.19,2026-05-09_20h53.02.263,BrocantoHPilot1WOSession2,2025.2.4,Win32,59.88023952,,,,,,,,,,,,,,,,,,,,,,,,,,,,,,,,,,,,,,,,,2851.4631,GJTest_s1,8,1,OBJ-N5-SBJ-N3-HIDE-TR-LOC-N4.mp3,2,1.4443,6,1,4.4603,9.6999,2862.7913,,,,,,OBJ-N5-SBJ-N3-HIDE-TR-LOC-N4.mp3,2,0,8,8,3,1,,,,,,,,,,,,,,,,,,,,,,,,,
,,,,,,,,,,,,,,,,,,,,,,,,,1,,,153556,2006.09.19,2026-05-09_20h53.02.263,BrocantoHPilot1WOSession2,2025.2.4,Win32,59.88023952,,,,,,,,,,,,,,,,,,,,,,,,,,,,,,,,,,,,,,,,,2863.2995,GJTest_s1,9,1,OBJ-N5-Ab-SBJ-N1-PUSH-TR.mp3,1,1.3644,2,1,4.1301,13.2307,2877.7801,,,,,,OBJ-N5-Ab-SBJ-N1-PUSH-TR.mp3,1,0,9,9,1,1,,,,,,,,,,,,,,,,,,,,,,,,,
,,,,,,,,,,,,,,,,,,,,,,,,,1,,,153556,2006.09.19,2026-05-09_20h53.02.263,BrocantoHPilot1WOSession2,2025.2.4,Win32,59.88023952,,,,,,,,,,,,,,,,,,,,,,,,,,,,,,,,,,,,,,,,,2878.2855,GJTest_s1,10,1,OBJ-N1-SBJ-N2-Ab-GO-INTR.mp3,,1.145,1,1,4.0938,19.8771,2899.7906,,,,,,OBJ-N1-SBJ-N2-Ab-GO-INTR.mp3,,0,10,10,17,1,,,,,,,,,,,,,,,,,,,,,,,,,
,,,,,,,,,,,,,,,,,,,,,,,,,1,,,153556,2006.09.19,2026-05-09_20h53.02.263,BrocantoHPilot1WOSession2,2025.2.4,Win32,59.88023952,,,,,,,,,,,,,,,,,,,,,,,,,,,,,,,,,,,,,,,,,2900.3041,GJTest_s1,11,1,OBJ-N5-SBJ-N4-PUSH-TR.mp3,5,1.4315,6,1,3.9854,12.5461,2917.8582,,,,,,OBJ-N5-SBJ-N4-PUSH-TR.mp3,5,0,11,11,4,1,,,,,,,,,,,,,,,,,,,,,,,,,
,,,,,,,,,,,,,,,,,,,,,,,,,1,,,153556,2006.09.19,2026-05-09_20h53.02.263,BrocantoHPilot1WOSession2,2025.2.4,Win32,59.88023952,,,,,,,,,,,,,,,,,,,,,,,,,,,,,,,,,,,,,,,,,2918.3645,GJTest_s1,12,1,OBJ-N1-SBJ-N5-Ab-JUMP-INTR.mp3,,1.3003,2,1,4.9883,6.3364,2925.9083,,,,,,OBJ-N1-SBJ-N5-Ab-JUMP-INTR.mp3,,0,12,12,19,1,,,,,,,,,,,,,,,,,,,,,,,,,
,,,,,,,,,,,,,,,,,,,,,,,,,1,,,153556,2006.09.19,2026-05-09_20h53.02.263,BrocantoHPilot1WOSession2,2025.2.4,Win32,59.88023952,,,,,,,,,,,,,,,,,,,,,,,,,,,,,,,,,,,,,,,,,2926.4115,GJTest_s1,13,1,Ab-SBJ-N1-PUSH-TR.mp3,,0.506,6,1,2.9443,4.7069,2932.1341,,,,,,Ab-SBJ-N1-PUSH-TR.mp3,,0,13,13,11,1,,,,,,,,,,,,,,,,,,,,,,,,,
,,,,,,,,,,,,,,,,,,,,,,,,,1,,,153556,2006.09.19,2026-05-09_20h53.02.263,BrocantoHPilot1WOSession2,2025.2.4,Win32,59.88023952,,,,,,,,,,,,,,,,,,,,,,,,,,,,,,,,,,,,,,,,,2932.6428,GJTest_s1,14,1,OBJ-N1-SBJ-N4-Ab-JUMP-INTR.mp3,,0.8784,1,1,3.4931,5.8351,2939.6633,,,,,,OBJ-N1-SBJ-N4-Ab-JUMP-INTR.mp3,,0,14,14,15,1,,,,,,,,,,,,,,,,,,,,,,,,,
,,,,,,,,,,,,,,,,,,,,,,,,,1,,,153556,2006.09.19,2026-05-09_20h53.02.263,BrocantoHPilot1WOSession2,2025.2.4,Win32,59.88023952,,,,,,,,,,,,,,,,,,,,,,,,,,,,,,,,,,,,,,,,,2940.175,GJTest_s1,15,1,SBJ-N4-PUSH-TR.mp3,,0.8675,6,1,2.5239,3.9883,2945.2295,,,,,,SBJ-N4-PUSH-TR.mp3,,0,15,15,14,1,,,,,,,,,,,,,,,,,,,,,,,,,
,,,,,,,,,,,,,,,,,,,,,,,,,1,,,153556,2006.09.19,2026-05-09_20h53.02.263,BrocantoHPilot1WOSession2,2025.2.4,Win32,59.88023952,,,,,,,,,,,,,,,,,,,,,,,,,,,,,,,,,,,,,,,,,2945.739,GJTest_s1,16,1,Ab-SBJ-N2-GO-INTR.mp3,0,0.7807,6,1,3.0897,10.3524,2956.9907,,,,,,Ab-SBJ-N2-GO-INTR.mp3,0,0,16,16,7,1,,,,,,,,,,,,,,,,,,,,,,,,,
,,,,,,,,,,,,,,,,,,,,,,,,,1,,,153556,2006.09.19,2026-05-09_20h53.02.263,BrocantoHPilot1WOSession2,2025.2.4,Win32,59.88023952,,,,,,,,,,,,,,,,,,,,,,,,,,,,,,,,,,,,,,,,,2957.5061,GJTest_s1,17,1,OBJ-N2-Aa-SBJ-N3-PUSH-TR.mp3,0,9.4355,6,2,3.6119,14.9123,2973.5252,,,,,,OBJ-N2-Aa-SBJ-N3-PUSH-TR.mp3,0,0,17,17,8,1,,,,,,,,,,,,,,,,,,,,,,,,,
,,,,,,,,,,,,,,,,,,,,,,,,,1,,,153556,2006.09.19,2026-05-09_20h53.02.263,BrocantoHPilot1WOSession2,2025.2.4,Win32,59.88023952,,,,,,,,,,,,,,,,,,,,,,,,,,,,,,,,,,,,,,,,,2974.0291,GJTest_s1,18,1,SBJ-N2-Ab-PUSH-TR.mp3,,2.173,1,1,4.5477,8.5002,2983.6364,,,,,,SBJ-N2-Ab-PUSH-TR.mp3,,0,18,18,16,1,,,,,,,,,,,,,,,,,,,,,,,,,
,,,,,,,,,,,,,,,,,,,,,,,,,1,,,153556,2006.09.19,2026-05-09_20h53.02.263,BrocantoHPilot1WOSession2,2025.2.4,Win32,59.88023952,,,,,,,,,,,,,,,,,,,,,,,,,,,,,,,,,,,,,,,,,2984.1635,GJTest_s1,19,1,OBJ-N4-Ab-SBJ-N2-PUSH-TR.mp3,0,0.6066,6,1,3.3195,22.1459,3007.166,,,,,,OBJ-N4-Ab-SBJ-N2-PUSH-TR.mp3,0,0,19,19,6,1,,,,,,,,,,,,,,,,,,,,,,,,,
,,,,,,,,,,,,3025.6657,2,OBJ-N5-SBJ-N4-PUSH-TR-LOC-N1.mp4,OBJ-N5-SBJ-N4-PUSH-TR-LOC-N1.mp3,3035.0909,mouse_continue,9.4259,,,,,,,2,OBJ-N5-SBJ-N4-PUSH-TR-LOC-N1.mp4,OBJ-N5-SBJ-N4-PUSH-TR-LOC-N1.mp3,153556,2006.09.19,2026-05-09_20h53.02.263,BrocantoHPilot1WOSession2,2025.2.4,Win32,59.88023952,,,,,,,,,,,,,,,,,,,,,,,,,,,,,,,,,,,,,,,,,,,,,,,,,,,,,,,,,,,,,,,,,0,0,0,0,1,,,,,,,,,,,,,,,,,,,,
,,,,,,,,,,,,3035.0933,2,SBJ-N3-REVEAL-INTR-LOC-N2.mp4,SBJ-N3-REVEAL-INTR-LOC-N2.mp3,3041.6052,mouse_continue,6.5122,,,,,,,2,SBJ-N3-REVEAL-INTR-LOC-N2.mp4,SBJ-N3-REVEAL-INTR-LOC-N2.mp3,153556,2006.09.19,2026-05-09_20h53.02.263,BrocantoHPilot1WOSession2,2025.2.4,Win32,59.88023952,,,,,,,,,,,,,,,,,,,,,,,,,,,,,,,,,,,,,,,,,,,,,,,,,,,,,,,,,,,,,,,,,0,1,1,1,1,,,,,,,,,,,,,,,,,,,,
,,,,,,,,,,,,3041.6079,2,OBJ-N5-SBJ-N4-REVEAL-TR-LOC-N1.mp4,OBJ-N5-SBJ-N4-REVEAL-TR-LOC-N1.mp3,3048.8029,mouse_continue,7.1956,,,,,,,2,OBJ-N5-SBJ-N4-REVEAL-TR-LOC-N1.mp4,OBJ-N5-SBJ-N4-REVEAL-TR-LOC-N1.mp3,153556,2006.09.19,2026-05-09_20h53.02.263,BrocantoHPilot1WOSession2,2025.2.4,Win32,59.88023952,,,,,,,,,,,,,,,,,,,,,,,,,,,,,,,,,,,,,,,,,,,,,,,,,,,,,,,,,,,,,,,,,0,2,2,2,1,,,,,,,,,,,,,,,,,,,,
,,,,,,,,,,,,3048.805,2,SBJ-N5-REVEAL-INTR-LOC-N3.mp4,SBJ-N5-REVEAL-INTR-LOC-N3.mp3,3053.8176,mouse_continue,5.0133,,,,,,,2,SBJ-N5-REVEAL-INTR-LOC-N3.mp4,SBJ-N5-REVEAL-INTR-LOC-N3.mp3,153556,2006.09.19,2026-05-09_20h53.02.263,BrocantoHPilot1WOSession2,2025.2.4,Win32,59.88023952,,,,,,,,,,,,,,,,,,,,,,,,,,,,,,,,,,,,,,,,,,,,,,,,,,,,,,,,,,,,,,,,,0,3,3,3,1,,,,,,,,,,,,,,,,,,,,
,,,,,,,,,,,,3053.8197,2,Ab-SBJ-N1-GO-INTR.mp4,Ab-SBJ-N1-GO-INTR.mp3,3058.9665,mouse_continue,5.1469,,,,,,,2,Ab-SBJ-N1-GO-INTR.mp4,Ab-SBJ-N1-GO-INTR.mp3,153556,2006.09.19,2026-05-09_20h53.02.263,BrocantoHPilot1WOSession2,2025.2.4,Win32,59.88023952,,,,,,,,,,,,,,,,,,,,,,,,,,,,,,,,,,,,,,,,,,,,,,,,,,,,,,,,,,,,,,,,,0,4,4,4,1,,,,,,,,,,,,,,,,,,,,
,,,,,,,,,,,,3058.9692,2,Ab-OBJ-N5-SBJ-N2-HIDE-TR.mp4,Ab-OBJ-N5-SBJ-N2-HIDE-TR.mp3,3069.7289,mouse_continue,10.7601,,,,,,,2,Ab-OBJ-N5-SBJ-N2-HIDE-TR.mp4,Ab-OBJ-N5-SBJ-N2-HIDE-TR.mp3,153556,2006.09.19,2026-05-09_20h53.02.263,BrocantoHPilot1WOSession2,2025.2.4,Win32,59.88023952,,,,,,,,,,,,,,,,,,,,,,,,,,,,,,,,,,,,,,,,,,,,,,,,,,,,,,,,,,,,,,,,,0,5,5,5,1,,,,,,,,,,,,,,,,,,,,
,,,,,,,,,,,,3069.7314,2,Ab-SBJ-N3-HIDE-INTR.mp4,Ab-SBJ-N3-HIDE-INTR.mp3,3074.8606,mouse_continue,5.1296,,,,,,,2,Ab-SBJ-N3-HIDE-INTR.mp4,Ab-SBJ-N3-HIDE-INTR.mp3,153556,2006.09.19,2026-05-09_20h53.02.263,BrocantoHPilot1WOSession2,2025.2.4,Win32,59.88023952,,,,,,,,,,,,,,,,,,,,,,,,,,,,,,,,,,,,,,,,,,,,,,,,,,,,,,,,,,,,,,,,,0,6,6,6,1,,,,,,,,,,,,,,,,,,,,
,,,,,,,,,,,,3074.8621,2,OBJ-N5-SBJ-N4-PUSH-TR-LOC-N1.mp4,OBJ-N5-SBJ-N4-PUSH-TR-LOC-N1.mp3,3081.4251,mouse_continue,6.5633,,,,,,,2,OBJ-N5-SBJ-N4-PUSH-TR-LOC-N1.mp4,OBJ-N5-SBJ-N4-PUSH-TR-LOC-N1.mp3,153556,2006.09.19,2026-05-09_20h53.02.263,BrocantoHPilot1WOSession2,2025.2.4,Win32,59.88023952,,,,,,,,,,,,,,,,,,,,,,,,,,,,,,,,,,,,,,,,,,,,,,,,,,,,,,,,,,,,,,,,,0,7,7,7,1,,,,,,,,,,,,,,,,,,,,
,,,,,,,,,,,,3081.4267,2,OBJ-N5-SBJ-N4-REVEAL-TR.mp4,OBJ-N5-SBJ-N4-REVEAL-TR.mp3,3087.0396,mouse_continue,5.6133,,,,,,,2,OBJ-N5-SBJ-N4-REVEAL-TR.mp4,OBJ-N5-SBJ-N4-REVEAL-TR.mp3,153556,2006.09.19,2026-05-09_20h53.02.263,BrocantoHPilot1WOSession2,2025.2.4,Win32,59.88023952,,,,,,,,,,,,,,,,,,,,,,,,,,,,,,,,,,,,,,,,,,,,,,,,,,,,,,,,,,,,,,,,,0,8,8,8,1,,,,,,,,,,,,,,,,,,,,
,,,,,,,,,,,,3087.0413,2,SBJ-N5-REVEAL-INTR-LOC-N4.mp4,SBJ-N5-REVEAL-INTR-LOC-N4.mp3,3092.3879,mouse_continue,5.3469,,,,,,,2,SBJ-N5-REVEAL-INTR-LOC-N4.mp4,SBJ-N5-REVEAL-INTR-LOC-N4.mp3,153556,2006.09.19,2026-05-09_20h53.02.263,BrocantoHPilot1WOSession2,2025.2.4,Win32,59.88023952,,,,,,,,,,,,,,,,,,,,,,,,,,,,,,,,,,,,,,,,,,,,,,,,,,,,,,,,,,,,,,,,,0,9,9,9,1,,,,,,,,,,,,,,,,,,,,
,,,,,,,,,,,,3092.3906,2,SBJ-N5-GO-INTR.mp4,SBJ-N5-GO-INTR.mp3,3097.7096,mouse_continue,5.3197,,,,,,,2,SBJ-N5-GO-INTR.mp4,SBJ-N5-GO-INTR.mp3,153556,2006.09.19,2026-05-09_20h53.02.263,BrocantoHPilot1WOSession2,2025.2.4,Win32,59.88023952,,,,,,,,,,,,,,,,,,,,,,,,,,,,,,,,,,,,,,,,,,,,,,,,,,,,,,,,,,,,,,,,,0,10,10,10,1,,,,,,,,,,,,,,,,,,,,
,,,,,,,,,,,,3097.7114,2,OBJ-N5-SBJ-N3-HIDE-TR.mp4,OBJ-N5-SBJ-N3-HIDE-TR.mp3,3109.1158,mouse_continue,11.4045,,,,,,,2,OBJ-N5-SBJ-N3-HIDE-TR.mp4,OBJ-N5-SBJ-N3-HIDE-TR.mp3,153556,2006.09.19,2026-05-09_20h53.02.263,BrocantoHPilot1WOSession2,2025.2.4,Win32,59.88023952,,,,,,,,,,,,,,,,,,,,,,,,,,,,,,,,,,,,,,,,,,,,,,,,,,,,,,,,,,,,,,,,,0,11,11,11,1,,,,,,,,,,,,,,,,,,,,
,,,,,,,,,,,,3109.118,2,OBJ-N5-SBJ-N4-HIDE-TR-LOC-N1.mp4,OBJ-N5-SBJ-N4-HIDE-TR-LOC-N1.mp3,3121.3513,mouse_continue,12.2338,,,,,,,2,OBJ-N5-SBJ-N4-HIDE-TR-LOC-N1.mp4,OBJ-N5-SBJ-N4-HIDE-TR-LOC-N1.mp3,153556,2006.09.19,2026-05-09_20h53.02.263,BrocantoHPilot1WOSession2,2025.2.4,Win32,59.88023952,,,,,,,,,,,,,,,,,,,,,,,,,,,,,,,,,,,,,,,,,,,,,,,,,,,,,,,,,,,,,,,,,0,12,12,12,1,,,,,,,,,,,,,,,,,,,,
,,,,,,,,,,,,3121.3528,2,OBJ-N5-SBJ-N3-PUSH-TR-LOC-N1.mp4,OBJ-N5-SBJ-N3-PUSH-TR-LOC-N1.mp3,3140.4048,mouse_continue,19.0523,,,,,,,2,OBJ-N5-SBJ-N3-PUSH-TR-LOC-N1.mp4,OBJ-N5-SBJ-N3-PUSH-TR-LOC-N1.mp3,153556,2006.09.19,2026-05-09_20h53.02.263,BrocantoHPilot1WOSession2,2025.2.4,Win32,59.88023952,,,,,,,,,,,,,,,,,,,,,,,,,,,,,,,,,,,,,,,,,,,,,,,,,,,,,,,,,,,,,,,,,0,13,13,13,1,,,,,,,,,,,,,,,,,,,,
,,,,,,,,,,,,3140.4065,2,OBJ-N5-Ab-SBJ-N2-REVEAL-TR.mp4,OBJ-N5-Ab-SBJ-N2-REVEAL-TR.mp3,3167.3692,mouse_continue,26.9629,,,,,,,2,OBJ-N5-Ab-SBJ-N2-REVEAL-TR.mp4,OBJ-N5-Ab-SBJ-N2-REVEAL-TR.mp3,153556,2006.09.19,2026-05-09_20h53.02.263,BrocantoHPilot1WOSession2,2025.2.4,Win32,59.88023952,,,,,,,,,,,,,,,,,,,,,,,,,,,,,,,,,,,,,,,,,,,,,,,,,,,,,,,,,,,,,,,,,0,14,14,14,1,,,,,,,,,,,,,,,,,,,,
,,,,,,,,,,,,3167.3711,2,SBJ-N4-JUMP-INTR.mp4,SBJ-N4-JUMP-INTR.mp3,3172.4609,mouse_continue,5.0902,,,,,,,2,SBJ-N4-JUMP-INTR.mp4,SBJ-N4-JUMP-INTR.mp3,153556,2006.09.19,2026-05-09_20h53.02.263,BrocantoHPilot1WOSession2,2025.2.4,Win32,59.88023952,,,,,,,,,,,,,,,,,,,,,,,,,,,,,,,,,,,,,,,,,,,,,,,,,,,,,,,,,,,,,,,,,0,15,15,15,1,,,,,,,,,,,,,,,,,,,,
,,,,,,,,,,,,3172.4625,2,Ab-SBJ-N4-JUMP-INTR.mp4,Ab-SBJ-N4-JUMP-INTR.mp3,3177.4761,mouse_continue,5.0139,,,,,,,2,Ab-SBJ-N4-JUMP-INTR.mp4,Ab-SBJ-N4-JUMP-INTR.mp3,153556,2006.09.19,2026-05-09_20h53.02.263,BrocantoHPilot1WOSession2,2025.2.4,Win32,59.88023952,,,,,,,,,,,,,,,,,,,,,,,,,,,,,,,,,,,,,,,,,,,,,,,,,,,,,,,,,,,,,,,,,0,16,16,16,1,,,,,,,,,,,,,,,,,,,,
,,,,,,,,,,,,3177.4777,2,SBJ-N4-GO-INTR-LOC-N1.mp4,SBJ-N4-GO-INTR-LOC-N1.mp3,3184.2902,mouse_continue,6.813,,,,,,,2,SBJ-N4-GO-INTR-LOC-N1.mp4,SBJ-N4-GO-INTR-LOC-N1.mp3,153556,2006.09.19,2026-05-09_20h53.02.263,BrocantoHPilot1WOSession2,2025.2.4,Win32,59.88023952,,,,,,,,,,,,,,,,,,,,,,,,,,,,,,,,,,,,,,,,,,,,,,,,,,,,,,,,,,,,,,,,,0,17,17,17,1,,,,,,,,,,,,,,,,,,,,
,,,,,,,,,,,,3184.2917,2,SBJ-N3-HIDE-INTR-LOC-N5.mp4,SBJ-N3-HIDE-INTR-LOC-N5.mp3,3192.0711,mouse_continue,7.7798,,,,,,,2,SBJ-N3-HIDE-INTR-LOC-N5.mp4,SBJ-N3-HIDE-INTR-LOC-N5.mp3,153556,2006.09.19,2026-05-09_20h53.02.263,BrocantoHPilot1WOSession2,2025.2.4,Win32,59.88023952,,,,,,,,,,,,,,,,,,,,,,,,,,,,,,,,,,,,,,,,,,,,,,,,,,,,,,,,,,,,,,,,,0,18,18,18,1,,,,,,,,,,,,,,,,,,,,
,,,,,,,,,,,,3192.0728,2,SBJ-N1-JUMP-INTR-LOC-N2.mp4,SBJ-N1-JUMP-INTR-LOC-N2.mp3,3201.6846,mouse_continue,9.6121,,,,,,,2,SBJ-N1-JUMP-INTR-LOC-N2.mp4,SBJ-N1-JUMP-INTR-LOC-N2.mp3,153556,2006.09.19,2026-05-09_20h53.02.263,BrocantoHPilot1WOSession2,2025.2.4,Win32,59.88023952,,,,,,,,,,,,,,,,,,,,,,,,,,,,,,,,,,,,,,,,,,,,,,,,,,,,,,,,,,,,,,,,,0,19,19,19,1,,,,,,,,,,,,,,,,,,,,
,,,,,,,,,,,,3201.6862,2,OBJ-N5-Ab-SBJ-N4-REVEAL-TR.mp4,OBJ-N5-Ab-SBJ-N4-REVEAL-TR.mp3,3209.4817,mouse_continue,7.7959,,,,,,,2,OBJ-N5-Ab-SBJ-N4-REVEAL-TR.mp4,OBJ-N5-Ab-SBJ-N4-REVEAL-TR.mp3,153556,2006.09.19,2026-05-09_20h53.02.263,BrocantoHPilot1WOSession2,2025.2.4,Win32,59.88023952,,,,,,,,,,,,,,,,,,,,,,,,,,,,,,,,,,,,,,,,,,,,,,,,,,,,,,,,,,,,,,,,,0,20,20,20,1,,,,,,,,,,,,,,,,,,,,
,,,,,,,,,,,,3209.4834,2,OBJ-N5-SBJ-N3-HIDE-TR-LOC-N2.mp4,OBJ-N5-SBJ-N3-HIDE-TR-LOC-N2.mp3,3216.3024,mouse_continue,6.8194,,,,,,,2,OBJ-N5-SBJ-N3-HIDE-TR-LOC-N2.mp4,OBJ-N5-SBJ-N3-HIDE-TR-LOC-N2.mp3,153556,2006.09.19,2026-05-09_20h53.02.263,BrocantoHPilot1WOSession2,2025.2.4,Win32,59.88023952,,,,,,,,,,,,,,,,,,,,,,,,,,,,,,,,,,,,,,,,,,,,,,,,,,,,,,,,,,,,,,,,,0,21,21,21,1,,,,,,,,,,,,,,,,,,,,
,,,,,,,,,,,,3216.3041,2,Ab-SBJ-N5-REVEAL-INTR-Ab-LOC-N4.mp4,Ab-SBJ-N5-REVEAL-INTR-Ab-LOC-N4.mp3,3244.9536,mouse_continue,28.6496,,,,,,,2,Ab-SBJ-N5-REVEAL-INTR-Ab-LOC-N4.mp4,Ab-SBJ-N5-REVEAL-INTR-Ab-LOC-N4.mp3,153556,2006.09.19,2026-05-09_20h53.02.263,BrocantoHPilot1WOSession2,2025.2.4,Win32,59.88023952,,,,,,,,,,,,,,,,,,,,,,,,,,,,,,,,,,,,,,,,,,,,,,,,,,,,,,,,,,,,,,,,,0,22,22,22,1,,,,,,,,,,,,,,,,,,,,
,,,,,,,,,,,,3244.9559,2,OBJ-N5-Ab-SBJ-N4-PUSH-TR-Ab-LOC-N2.mp4,OBJ-N5-Ab-SBJ-N4-PUSH-TR-Ab-LOC-N2.mp3,3256.1165,mouse_continue,11.161,,,,,,,2,OBJ-N5-Ab-SBJ-N4-PUSH-TR-Ab-LOC-N2.mp4,OBJ-N5-Ab-SBJ-N4-PUSH-TR-Ab-LOC-N2.mp3,153556,2006.09.19,2026-05-09_20h53.02.263,BrocantoHPilot1WOSession2,2025.2.4,Win32,59.88023952,,,,,,,,,,,,,,,,,,,,,,,,,,,,,,,,,,,,,,,,,,,,,,,,,,,,,,,,,,,,,,,,,0,23,23,23,1,,,,,,,,,,,,,,,,,,,,
,,,,,,,,,,,,3256.1188,2,OBJ-N5-Ab-SBJ-N2-REVEAL-TR-LOC-N4.mp4,OBJ-N5-Ab-SBJ-N2-REVEAL-TR-LOC-N4.mp3,3263.2969,mouse_continue,7.1786,,,,,,,2,OBJ-N5-Ab-SBJ-N2-REVEAL-TR-LOC-N4.mp4,OBJ-N5-Ab-SBJ-N2-REVEAL-TR-LOC-N4.mp3,153556,2006.09.19,2026-05-09_20h53.02.263,BrocantoHPilot1WOSession2,2025.2.4,Win32,59.88023952,,,,,,,,,,,,,,,,,,,,,,,,,,,,,,,,,,,,,,,,,,,,,,,,,,,,,,,,,,,,,,,,,0,24,24,24,1,,,,,,,,,,,,,,,,,,,,
,,,,,,,,,,,,3263.2991,2,SBJ-N5-REVEAL-INTR-LOC-N3.mp4,SBJ-N5-REVEAL-INTR-LOC-N3.mp3,3269.2678,mouse_continue,5.9692,,,,,,,2,SBJ-N5-REVEAL-INTR-LOC-N3.mp4,SBJ-N5-REVEAL-INTR-LOC-N3.mp3,153556,2006.09.19,2026-05-09_20h53.02.263,BrocantoHPilot1WOSession2,2025.2.4,Win32,59.88023952,,,,,,,,,,,,,,,,,,,,,,,,,,,,,,,,,,,,,,,,,,,,,,,,,,,,,,,,,,,,,,,,,0,25,25,25,1,,,,,,,,,,,,,,,,,,,,
,,,,,,,,,,,,3269.2694,2,OBJ-N5-SBJ-N1-PUSH-TR.mp4,OBJ-N5-SBJ-N1-PUSH-TR.mp3,3276.8985,mouse_continue,7.6294,,,,,,,2,OBJ-N5-SBJ-N1-PUSH-TR.mp4,OBJ-N5-SBJ-N1-PUSH-TR.mp3,153556,2006.09.19,2026-05-09_20h53.02.263,BrocantoHPilot1WOSession2,2025.2.4,Win32,59.88023952,,,,,,,,,,,,,,,,,,,,,,,,,,,,,,,,,,,,,,,,,,,,,,,,,,,,,,,,,,,,,,,,,0,26,26,26,1,,,,,,,,,,,,,,,,,,,,
,,,,,,,,,,,,3276.9006,2,SBJ-N1-GO-INTR.mp4,SBJ-N1-GO-INTR.mp3,3282.53,mouse_continue,5.63,,,,,,,2,SBJ-N1-GO-INTR.mp4,SBJ-N1-GO-INTR.mp3,153556,2006.09.19,2026-05-09_20h53.02.263,BrocantoHPilot1WOSession2,2025.2.4,Win32,59.88023952,,,,,,,,,,,,,,,,,,,,,,,,,,,,,,,,,,,,,,,,,,,,,,,,,,,,,,,,,,,,,,,,,0,27,27,27,1,,,,,,,,,,,,,,,,,,,,
,,,,,,,,,,,,3282.532,2,OBJ-N5-SBJ-N1-REVEAL-TR-LOC-N2.mp4,OBJ-N5-SBJ-N1-REVEAL-TR-LOC-N2.mp3,3288.1617,mouse_continue,5.6301,,,,,,,2,OBJ-N5-SBJ-N1-REVEAL-TR-LOC-N2.mp4,OBJ-N5-SBJ-N1-REVEAL-TR-LOC-N2.mp3,153556,2006.09.19,2026-05-09_20h53.02.263,BrocantoHPilot1WOSession2,2025.2.4,Win32,59.88023952,,,,,,,,,,,,,,,,,,,,,,,,,,,,,,,,,,,,,,,,,,,,,,,,,,,,,,,,,,,,,,,,,0,28,28,28,1,,,,,,,,,,,,,,,,,,,,
,,,,,,,,,,,,3288.1634,2,Ab-SBJ-N4-REVEAL-INTR-Ab-LOC-N5.mp4,Ab-SBJ-N4-REVEAL-INTR-Ab-LOC-N5.mp3,3293.8427,mouse_continue,5.6798,,,,,,,2,Ab-SBJ-N4-REVEAL-INTR-Ab-LOC-N5.mp4,Ab-SBJ-N4-REVEAL-INTR-Ab-LOC-N5.mp3,153556,2006.09.19,2026-05-09_20h53.02.263,BrocantoHPilot1WOSession2,2025.2.4,Win32,59.88023952,,,,,,,,,,,,,,,,,,,,,,,,,,,,,,,,,,,,,,,,,,,,,,,,,,,,,,,,,,,,,,,,,0,29,29,29,1,,,,,,,,,,,,,,,,,,,,
,,,,,,,,,,,,3293.8444,2,OBJ-N5-SBJ-N4-HIDE-TR-Ab-LOC-N1.mp4,OBJ-N5-SBJ-N4-HIDE-TR-Ab-LOC-N1.mp3,3301.1008,mouse_continue,7.2567,,,,,,,2,OBJ-N5-SBJ-N4-HIDE-TR-Ab-LOC-N1.mp4,OBJ-N5-SBJ-N4-HIDE-TR-Ab-LOC-N1.mp3,153556,2006.09.19,2026-05-09_20h53.02.263,BrocantoHPilot1WOSession2,2025.2.4,Win32,59.88023952,,,,,,,,,,,,,,,,,,,,,,,,,,,,,,,,,,,,,,,,,,,,,,,,,,,,,,,,,,,,,,,,,0,30,30,30,1,,,,,,,,,,,,,,,,,,,,
,,,,,,,,,,,,3301.1027,2,OBJ-N5-Ab-SBJ-N2-REVEAL-TR.mp4,OBJ-N5-Ab-SBJ-N2-REVEAL-TR.mp3,3306.1321,mouse_continue,5.03,,,,,,,2,OBJ-N5-Ab-SBJ-N2-REVEAL-TR.mp4,OBJ-N5-Ab-SBJ-N2-REVEAL-TR.mp3,153556,2006.09.19,2026-05-09_20h53.02.263,BrocantoHPilot1WOSession2,2025.2.4,Win32,59.88023952,,,,,,,,,,,,,,,,,,,,,,,,,,,,,,,,,,,,,,,,,,,,,,,,,,,,,,,,,,,,,,,,,0,31,31,31,1,,,,,,,,,,,,,,,,,,,,
,,,,,,,,,,,,3306.1342,2,Ab-SBJ-N1-HIDE-INTR.mp4,Ab-SBJ-N1-HIDE-INTR.mp3,3311.8969,mouse_continue,5.7632,,,,,,,2,Ab-SBJ-N1-HIDE-INTR.mp4,Ab-SBJ-N1-HIDE-INTR.mp3,153556,2006.09.19,2026-05-09_20h53.02.263,BrocantoHPilot1WOSession2,2025.2.4,Win32,59.88023952,,,,,,,,,,,,,,,,,,,,,,,,,,,,,,,,,,,,,,,,,,,,,,,,,,,,,,,,,,,,,,,,,0,32,32,32,1,,,,,,,,,,,,,,,,,,,,
,,,,,,,,,,,,3311.8987,2,OBJ-N5-SBJ-N4-HIDE-TR-LOC-N2.mp4,OBJ-N5-SBJ-N4-HIDE-TR-LOC-N2.mp3,3318.1511,mouse_continue,6.2527,,,,,,,2,OBJ-N5-SBJ-N4-HIDE-TR-LOC-N2.mp4,OBJ-N5-SBJ-N4-HIDE-TR-LOC-N2.mp3,153556,2006.09.19,2026-05-09_20h53.02.263,BrocantoHPilot1WOSession2,2025.2.4,Win32,59.88023952,,,,,,,,,,,,,,,,,,,,,,,,,,,,,,,,,,,,,,,,,,,,,,,,,,,,,,,,,,,,,,,,,0,33,33,33,1,,,,,,,,,,,,,,,,,,,,
,,,,,,,,,,,,3318.1526,2,SBJ-N4-JUMP-INTR.mp4,SBJ-N4-JUMP-INTR.mp3,3324.2928,mouse_continue,6.1405,,,,,,,2,SBJ-N4-JUMP-INTR.mp4,SBJ-N4-JUMP-INTR.mp3,153556,2006.09.19,2026-05-09_20h53.02.263,BrocantoHPilot1WOSession2,2025.2.4,Win32,59.88023952,,,,,,,,,,,,,,,,,,,,,,,,,,,,,,,,,,,,,,,,,,,,,,,,,,,,,,,,,,,,,,,,,0,34,34,34,1,,,,,,,,,,,,,,,,,,,,
,,,,,,,,,,,,3324.2955,2,OBJ-N5-SBJ-N1-PUSH-TR.mp4,OBJ-N5-SBJ-N1-PUSH-TR.mp3,3330.5579,mouse_continue,6.2628,,,,,,,2,OBJ-N5-SBJ-N1-PUSH-TR.mp4,OBJ-N5-SBJ-N1-PUSH-TR.mp3,153556,2006.09.19,2026-05-09_20h53.02.263,BrocantoHPilot1WOSession2,2025.2.4,Win32,59.88023952,,,,,,,,,,,,,,,,,,,,,,,,,,,,,,,,,,,,,,,,,,,,,,,,,,,,,,,,,,,,,,,,,0,35,35,35,1,,,,,,,,,,,,,,,,,,,,
,,,,,,,,,,,,3330.5601,2,Ab-SBJ-N4-GO-INTR.mp4,Ab-SBJ-N4-GO-INTR.mp3,3336.962,mouse_continue,6.4025,,,,,,,2,Ab-SBJ-N4-GO-INTR.mp4,Ab-SBJ-N4-GO-INTR.mp3,153556,2006.09.19,2026-05-09_20h53.02.263,BrocantoHPilot1WOSession2,2025.2.4,Win32,59.88023952,,,,,,,,,,,,,,,,,,,,,,,,,,,,,,,,,,,,,,,,,,,,,,,,,,,,,,,,,,,,,,,,,0,36,36,36,1,,,,,,,,,,,,,,,,,,,,
,,,,,,,,,,,,3336.9637,2,Ab-SBJ-N2-HIDE-INTR-LOC-N1.mp4,Ab-SBJ-N2-HIDE-INTR-LOC-N1.mp3,3342.343,mouse_continue,5.3796,,,,,,,2,Ab-SBJ-N2-HIDE-INTR-LOC-N1.mp4,Ab-SBJ-N2-HIDE-INTR-LOC-N1.mp3,153556,2006.09.19,2026-05-09_20h53.02.263,BrocantoHPilot1WOSession2,2025.2.4,Win32,59.88023952,,,,,,,,,,,,,,,,,,,,,,,,,,,,,,,,,,,,,,,,,,,,,,,,,,,,,,,,,,,,,,,,,0,37,37,37,1,,,,,,,,,,,,,,,,,,,,
,,,,,,,,,,,,3342.3449,2,Ab-SBJ-N3-JUMP-INTR-Ab-LOC-N4.mp4,Ab-SBJ-N3-JUMP-INTR-Ab-LOC-N4.mp3,3348.1514,mouse_continue,5.8069,,,,,,,2,Ab-SBJ-N3-JUMP-INTR-Ab-LOC-N4.mp4,Ab-SBJ-N3-JUMP-INTR-Ab-LOC-N4.mp3,153556,2006.09.19,2026-05-09_20h53.02.263,BrocantoHPilot1WOSession2,2025.2.4,Win32,59.88023952,,,,,,,,,,,,,,,,,,,,,,,,,,,,,,,,,,,,,,,,,,,,,,,,,,,,,,,,,,,,,,,,,0,38,38,38,1,,,,,,,,,,,,,,,,,,,,
,,,,,,,,,,,,3348.1537,2,Aa-SBJ-N4-GO-INTR-Aa-LOC-N5.mp4,Aa-SBJ-N4-GO-INTR-Aa-LOC-N5.mp3,3353.7495,mouse_continue,5.5963,,,,,,,2,Aa-SBJ-N4-GO-INTR-Aa-LOC-N5.mp4,Aa-SBJ-N4-GO-INTR-Aa-LOC-N5.mp3,153556,2006.09.19,2026-05-09_20h53.02.263,BrocantoHPilot1WOSession2,2025.2.4,Win32,59.88023952,,,,,,,,,,,,,,,,,,,,,,,,,,,,,,,,,,,,,,,,,,,,,,,,,,,,,,,,,,,,,,,,,0,39,39,39,1,,,,,,,,,,,,,,,,,,,,
,,,,,,,,,,,,3353.7518,2,OBJ-N5-SBJ-N2-PUSH-TR-Ab-LOC-N4.mp4,OBJ-N5-SBJ-N2-PUSH-TR-Ab-LOC-N4.mp3,3359.3976,mouse_continue,5.6465,,,,,,,2,OBJ-N5-SBJ-N2-PUSH-TR-Ab-LOC-N4.mp4,OBJ-N5-SBJ-N2-PUSH-TR-Ab-LOC-N4.mp3,153556,2006.09.19,2026-05-09_20h53.02.263,BrocantoHPilot1WOSession2,2025.2.4,Win32,59.88023952,,,,,,,,,,,,,,,,,,,,,,,,,,,,,,,,,,,,,,,,,,,,,,,,,,,,,,,,,,,,,,,,,0,40,40,40,1,,,,,,,,,,,,,,,,,,,,
,,,,,,,,,,,,3359.3992,2,OBJ-N5-SBJ-N4-REVEAL-TR.mp4,OBJ-N5-SBJ-N4-REVEAL-TR.mp3,3365.3788,mouse_continue,5.9799,,,,,,,2,OBJ-N5-SBJ-N4-REVEAL-TR.mp4,OBJ-N5-SBJ-N4-REVEAL-TR.mp3,153556,2006.09.19,2026-05-09_20h53.02.263,BrocantoHPilot1WOSession2,2025.2.4,Win32,59.88023952,,,,,,,,,,,,,,,,,,,,,,,,,,,,,,,,,,,,,,,,,,,,,,,,,,,,,,,,,,,,,,,,,0,41,41,41,1,,,,,,,,,,,,,,,,,,,,
,,,,,,,,,,,,,,,,,,,,,,,,,2,,,153556,2006.09.19,2026-05-09_20h53.02.263,BrocantoHPilot1WOSession2,2025.2.4,Win32,59.88023952,4173.276,2,1,1,18.0288,1,16.9315,18.0288,4193.5155,,,,,,SBJ-N3-REVEAL-INTR-LOC-N5.mp3,SBJ-N3-REVEAL-INTR-LOC-N5.mp4,SBJ-N3-JUMP-INTR-LOC-N5.mp4,,,,,,,,,,,,,,,,,,,,,,,,,,,,,,,,,,,,,,,,,,,,,,,,,,,,,0,0,0,0,1,,,,,,,,,,,,,,,
,,,,,,,,,,,,,,,,,,,,,,,,,2,,,153556,2006.09.19,2026-05-09_20h53.02.263,BrocantoHPilot1WOSession2,2025.2.4,Win32,59.88023952,4193.5163,2,2,2,16.6015,1,17.0322,16.6015,4212.2426,,,,,,OBJ-N5-SBJ-N4-PUSH-TR-LOC-N2.mp3,OBJ-N5-SBJ-N4-PUSH-TR-LOC-N2.mp4,OBJ-N4-SBJ-N5-REVEAL-TR-LOC-N2.mp4,,,,,,,,,,,,,,,,,,,,,,,,,,,,,,,,,,,,,,,,,,,,,,,,,,,,,0,1,1,1,1,,,,,,,,,,,,,,,
,,,,,,,,,,,,,,,,,,,,,,,,,2,,,153556,2006.09.19,2026-05-09_20h53.02.263,BrocantoHPilot1WOSession2,2025.2.4,Win32,59.88023952,4212.2435,2,1,1,19.8032,1,18.3052,19.8032,4234.4183,,,,,,OBJ-N5-SBJ-N4-HIDE-TR-LOC-N3.mp3,OBJ-N5-SBJ-N4-HIDE-TR-LOC-N3.mp4,OBJ-N5-SBJ-N3-HIDE-TR-LOC-N4.mp4,,,,,,,,,,,,,,,,,,,,,,,,,,,,,,,,,,,,,,,,,,,,,,,,,,,,,0,2,2,2,1,,,,,,,,,,,,,,,
,,,,,,,,,,,,,,,,,,,,,,,,,2,,,153556,2006.09.19,2026-05-09_20h53.02.263,BrocantoHPilot1WOSession2,2025.2.4,Win32,59.88023952,4234.4192,2,1,1,17.4666,1,16.496,17.4666,4255.1277,,,,,,SBJ-N1-REVEAL-INTR-LOC-N2.mp3,SBJ-N1-REVEAL-INTR-LOC-N2.mp4,SBJ-N1-HIDE-INTR-LOC-N2.mp4,,,,,,,,,,,,,,,,,,,,,,,,,,,,,,,,,,,,,,,,,,,,,,,,,,,,,0,3,3,3,1,,,,,,,,,,,,,,,
,,,,,,,,,,,,,,,,,,,,,,,,,2,,,153556,2006.09.19,2026-05-09_20h53.02.263,BrocantoHPilot1WOSession2,2025.2.4,Win32,59.88023952,4255.1287,2,1,1,15.3093,1,15.0176,15.3093,4272.139,,,,,,OBJ-N5-SBJ-N4-REVEAL-TR.mp3,OBJ-N5-SBJ-N4-REVEAL-TR.mp4,OBJ-N4-SBJ-N5-PUSH-TR.mp4,,,,,,,,,,,,,,,,,,,,,,,,,,,,,,,,,,,,,,,,,,,,,,,,,,,,,0,4,4,4,1,,,,,,,,,,,,,,,
,,,,,,,,,,,,,,,,,,,,,,,,,2,,,153556,2006.09.19,2026-05-09_20h53.02.263,BrocantoHPilot1WOSession2,2025.2.4,Win32,59.88023952,4272.14,2,1,1,18.0322,1,17.8744,18.0322,4292.0991,,,,,,SBJ-N2-GO-INTR.mp3,SBJ-N2-GO-INTR.mp4,SBJ-N2-REVEAL-INTR.mp4,,,,,,,,,,,,,,,,,,,,,,,,,,,,,,,,,,,,,,,,,,,,,,,,,,,,,0,5,5,5,1,,,,,,,,,,,,,,,
,,,,,,,,,,,,,,,,,,,,,,,,,2,,,153556,2006.09.19,2026-05-09_20h53.02.263,BrocantoHPilot1WOSession2,2025.2.4,Win32,59.88023952,4292.1004,2,2,2,14.5392,1,14.1156,14.5392,4309.8312,,,,,,SBJ-N5-JUMP-INTR.mp3,SBJ-N5-JUMP-INTR.mp4,SBJ-N5-HIDE-INTR.mp4,,,,,,,,,,,,,,,,,,,,,,,,,,,,,,,,,,,,,,,,,,,,,,,,,,,,,0,6,6,6,1,,,,,,,,,,,,,,,
,,,,,,,,,,,,,,,,,,,,,,,,,2,,,153556,2006.09.19,2026-05-09_20h53.02.263,BrocantoHPilot1WOSession2,2025.2.4,Win32,59.88023952,4309.8321,2,1,1,17.068,1,16.5725,17.068,4329.1584,,,,,,OBJ-N5-SBJ-N1-PUSH-TR-LOC-N2.mp3,OBJ-N5-SBJ-N1-PUSH-TR-LOC-N2.mp4,OBJ-N5-SBJ-N2-PUSH-TR-LOC-N1.mp4,,,,,,,,,,,,,,,,,,,,,,,,,,,,,,,,,,,,,,,,,,,,,,,,,,,,,0,7,7,7,1,,,,,,,,,,,,,,,
,,,,,,,,,,,,,,,,,,,,,,,,,2,,,153556,2006.09.19,2026-05-09_20h53.02.263,BrocantoHPilot1WOSession2,2025.2.4,Win32,59.88023952,4329.1594,2,2,2,13.0062,1,13.757,13.0062,4344.2975,,,,,,SBJ-N1-REVEAL-INTR-LOC-N3.mp3,SBJ-N1-REVEAL-INTR-LOC-N3.mp4,SBJ-N3-JUMP-INTR-LOC-N1.mp4,,,,,,,,,,,,,,,,,,,,,,,,,,,,,,,,,,,,,,,,,,,,,,,,,,,,,0,8,8,8,1,,,,,,,,,,,,,,,
,,,,,,,,,,,,,,,,,,,,,,,,,2,,,153556,2006.09.19,2026-05-09_20h53.02.263,BrocantoHPilot1WOSession2,2025.2.4,Win32,59.88023952,4344.2985,2,2,2,26.6288,1,18.3894,26.6288,4373.2044,,,,,,Ab-OBJ-N5-SBJ-N1-REVEAL-TR.mp3,Ab-OBJ-N5-SBJ-N1-REVEAL-TR.mp4,Aa-OBJ-N5-SBJ-N1-HIDE-TR.mp4,,,,,,,,,,,,,,,,,,,,,,,,,,,,,,,,,,,,,,,,,,,,,,,,,,,,,0,9,9,9,1,,,,,,,,,,,,,,,
,,,,,,,,,,,,,,,,,,,,,,,,,2,,,153556,2006.09.19,2026-05-09_20h53.02.263,BrocantoHPilot1WOSession2,2025.2.4,Win32,59.88023952,4373.2051,2,1,1,19.9853,1,17.6949,19.9853,4395.4691,,,,,,Ab-SBJ-N2-HIDE-INTR.mp3,Ab-SBJ-N2-HIDE-INTR.mp4,Aa-SBJ-N2-HIDE-INTR.mp4,,,,,,,,,,,,,,,,,,,,,,,,,,,,,,,,,,,,,,,,,,,,,,,,,,,,,0,10,10,10,1,,,,,,,,,,,,,,,
,,,,,,,,,,,,,,,,,,,,,,,,,2,,,153556,2006.09.19,2026-05-09_20h53.02.263,BrocantoHPilot1WOSession2,2025.2.4,Win32,59.88023952,4395.4699,2,2,2,24.5848,1,23.9672,24.5848,4421.906,,,,,,OBJ-N5-SBJ-N1-HIDE-TR-LOC-N2.mp3,OBJ-N5-SBJ-N1-HIDE-TR-LOC-N2.mp4,OBJ-N2-SBJ-N1-HIDE-TR-LOC-N5.mp4,,,,,,,,,,,,,,,,,,,,,,,,,,,,,,,,,,,,,,,,,,,,,,,,,,,,,0,11,11,11,1,,,,,,,,,,,,,,,
,,,,,,,,,,,,,,,,,,,,,,,,,2,,,153556,2006.09.19,2026-05-09_20h53.02.263,BrocantoHPilot1WOSession2,2025.2.4,Win32,59.88023952,4421.9068,2,1,1,27.6277,1,19.9655,27.6277,4451.4946,,,,,,OBJ-N5-Ab-SBJ-N1-HIDE-TR.mp3,OBJ-N5-Ab-SBJ-N1-HIDE-TR.mp4,Aa-OBJ-N1-SBJ-N5-HIDE-TR.mp4,,,,,,,,,,,,,,,,,,,,,,,,,,,,,,,,,,,,,,,,,,,,,,,,,,,,,0,12,12,12,1,,,,,,,,,,,,,,,
,,,,,,,,,,,,,,,,,,,,,,,,,2,,,153556,2006.09.19,2026-05-09_20h53.02.263,BrocantoHPilot1WOSession2,2025.2.4,Win32,59.88023952,4451.4954,2,1,1,53.2744,1,51.5879,53.2744,4506.793,,,,,,OBJ-N5-Ab-SBJ-N1-REVEAL-TR.mp3,OBJ-N5-Ab-SBJ-N1-REVEAL-TR.mp4,OBJ-N5-Aa-SBJ-N1-PUSH-TR.mp4,,,,,,,,,,,,,,,,,,,,,,,,,,,,,,,,,,,,,,,,,,,,,,,,,,,,,0,13,13,13,1,,,,,,,,,,,,,,,
,,,,,,,,,,,,,,,,,,,,,,,,,2,,,153556,2006.09.19,2026-05-09_20h53.02.263,BrocantoHPilot1WOSession2,2025.2.4,Win32,59.88023952,4506.7947,2,2,2,33.0119,1,32.8852,33.0119,4542.1977,,,,,,OBJ-N5-SBJ-N4-PUSH-TR-LOC-N1.mp3,OBJ-N5-SBJ-N4-PUSH-TR-LOC-N1.mp4,OBJ-N4-SBJ-N5-HIDE-TR-LOC-N1.mp4,,,,,,,,,,,,,,,,,,,,,,,,,,,,,,,,,,,,,,,,,,,,,,,,,,,,,0,14,14,14,1,,,,,,,,,,,,,,,
,,,,,,,,,,,,,,,,,,,,,,,,,2,,,153556,2006.09.19,2026-05-09_20h53.02.263,BrocantoHPilot1WOSession2,2025.2.4,Win32,59.88023952,4542.199,2,2,2,15.9221,1,15.4609,15.9221,4560.5247,,,,,,Ab-SBJ-N2-GO-INTR.mp3,Ab-SBJ-N2-GO-INTR.mp4,Aa-SBJ-N2-GO-INTR.mp4,,,,,,,,,,,,,,,,,,,,,,,,,,,,,,,,,,,,,,,,,,,,,,,,,,,,,0,15,15,15,1,,,,,,,,,,,,,,,
,,,,,,,,,,,,,,,,,,,,,,,,,2,,,153556,2006.09.19,2026-05-09_20h53.02.263,BrocantoHPilot1WOSession2,2025.2.4,Win32,59.88023952,4560.5256,2,2,2,15.4273,1,15.7152,15.4273,4578.0521,,,,,,SBJ-N5-HIDE-INTR.mp3,SBJ-N5-HIDE-INTR.mp4,SBJ-N5-REVEAL-INTR.mp4,,,,,,,,,,,,,,,,,,,,,,,,,,,,,,,,,,,,,,,,,,,,,,,,,,,,,0,16,16,16,1,,,,,,,,,,,,,,,
,,,,,,,,,,,,,,,,,,,,,,,,,2,,,153556,2006.09.19,2026-05-09_20h53.02.263,BrocantoHPilot1WOSession2,2025.2.4,Win32,59.88023952,4578.053,2,2,2,15.867,1,14.3571,15.867,4596.2792,,,,,,SBJ-N1-JUMP-INTR-LOC-N3.mp3,SBJ-N1-JUMP-INTR-LOC-N3.mp4,SBJ-N3-JUMP-INTR-LOC-N1.mp4,,,,,,,,,,,,,,,,,,,,,,,,,,,,,,,,,,,,,,,,,,,,,,,,,,,,,0,17,17,17,1,,,,,,,,,,,,,,,
,,,,,,,,,,,,,,,,,,,,,,,,,2,,,153556,2006.09.19,2026-05-09_20h53.02.263,BrocantoHPilot1WOSession2,2025.2.4,Win32,59.88023952,4596.2801,2,2,2,25.7374,1,19.2846,25.7374,4623.9365,,,,,,SBJ-N5-GO-INTR-LOC-N2.mp3,SBJ-N5-GO-INTR-LOC-N2.mp4,SBJ-N2-HIDE-INTR-LOC-N5.mp4,,,,,,,,,,,,,,,,,,,,,,,,,,,,,,,,,,,,,,,,,,,,,,,,,,,,,0,18,18,18,1,,,,,,,,,,,,,,,
,,,,,,,,,,,,,,,,,,,,,,,,,2,,,153556,2006.09.19,2026-05-09_20h53.02.263,BrocantoHPilot1WOSession2,2025.2.4,Win32,59.88023952,4623.9374,2,2,2,22.0661,1,21.0788,22.0661,4647.8997,,,,,,SBJ-N3-HIDE-INTR-LOC-N5.mp3,SBJ-N3-HIDE-INTR-LOC-N5.mp4,SBJ-N5-HIDE-INTR-LOC-N3.mp4,,,,,,,,,,,,,,,,,,,,,,,,,,,,,,,,,,,,,,,,,,,,,,,,,,,,,0,19,19,19,1,,,,,,,,,,,,,,,
,,,,,,,,,,,,,,,,,,,,,,,,,2,,,153556,2006.09.19,2026-05-09_20h53.02.263,BrocantoHPilot1WOSession2,2025.2.4,Win32,59.88023952,4647.9006,2,2,2,18.1927,1,16.9666,18.1927,4669.1713,,,,,,OBJ-N5-SBJ-N3-PUSH-TR-LOC-N1.mp3,OBJ-N5-SBJ-N3-PUSH-TR-LOC-N1.mp4,OBJ-N5-SBJ-N3-REVEAL-TR-LOC-N1.mp4,,,,,,,,,,,,,,,,,,,,,,,,,,,,,,,,,,,,,,,,,,,,,,,,,,,,,0,20,20,20,1,,,,,,,,,,,,,,,
,,,,,,,,,,,,,,,,,,,,,,,,,2,,,153556,2006.09.19,2026-05-09_20h53.02.263,BrocantoHPilot1WOSession2,2025.2.4,Win32,59.88023952,4669.1722,2,1,2,20.7456,0,19.6701,20.7456,4691.9022,,,,,,Ab-OBJ-N5-SBJ-N1-REVEAL-TR.mp3,Ab-OBJ-N5-SBJ-N1-REVEAL-TR.mp4,OBJ-N1-Aa-SBJ-N5-REVEAL-TR.mp4,,,,,,,,,,,,,,,,,,,,,,,,,,,,,,,,,,,,,,,,,,,,,,,,,,,,,0,21,21,21,1,,,,,,,,,,,,,,,
,,,,,,,,,,,,,,,,,,,,,,,,,2,,,153556,2006.09.19,2026-05-09_20h53.02.263,BrocantoHPilot1WOSession2,2025.2.4,Win32,59.88023952,4691.903,2,1,1,40.9417,1,26.2686,40.9417,4734.9326,,,,,,OBJ-N5-SBJ-N1-PUSH-TR-Ab-LOC-N3.mp3,OBJ-N5-SBJ-N1-PUSH-TR-Ab-LOC-N3.mp4,OBJ-N5-SBJ-N1-REVEAL-TR-Aa-LOC-N3.mp4,,,,,,,,,,,,,,,,,,,,,,,,,,,,,,,,,,,,,,,,,,,,,,,,,,,,,0,22,22,22,1,,,,,,,,,,,,,,,
,,,,,,,,,,,,,,,,,,,,,,,,,2,,,153556,2006.09.19,2026-05-09_20h53.02.263,BrocantoHPilot1WOSession2,2025.2.4,Win32,59.88023952,4734.934,2,1,1,17.8659,1,17.7939,17.8659,4755.292,,,,,,Ab-SBJ-N2-REVEAL-INTR-Ab-LOC-N4.mp3,Ab-SBJ-N2-REVEAL-INTR-Ab-LOC-N4.mp4,Ab-SBJ-N4-REVEAL-INTR-Aa-LOC-N2.mp4,,,,,,,,,,,,,,,,,,,,,,,,,,,,,,,,,,,,,,,,,,,,,,,,,,,,,0,23,23,23,1,,,,,,,,,,,,,,,
,,,,,,,,,,,,,,,,,,,,,,,,,2,,,153556,2006.09.19,2026-05-09_20h53.02.263,BrocantoHPilot1WOSession2,2025.2.4,Win32,59.88023952,4755.2928,2,2,2,21.8303,1,18.4493,21.8303,4779.4837,,,,,,OBJ-N5-Ab-SBJ-N1-REVEAL-TR-Ab-LOC-N3.mp3,OBJ-N5-Ab-SBJ-N1-REVEAL-TR-Ab-LOC-N3.mp4,OBJ-N5-Ab-SBJ-N1-REVEAL-TR-Aa-LOC-N3.mp4,,,,,,,,,,,,,,,,,,,,,,,,,,,,,,,,,,,,,,,,,,,,,,,,,,,,,0,24,24,24,1,,,,,,,,,,,,,,,
,,,,,,,,,,,,,,,,,,,,,,,,,2,,,153556,2006.09.19,2026-05-09_20h53.02.263,BrocantoHPilot1WOSession2,2025.2.4,Win32,59.88023952,4779.4845,2,2,2,16.365,1,16.6121,16.365,4797.828,,,,,,Ab-SBJ-N4-REVEAL-INTR-LOC-N3.mp3,Ab-SBJ-N4-REVEAL-INTR-LOC-N3.mp4,Aa-SBJ-N4-JUMP-INTR-LOC-N3.mp4,,,,,,,,,,,,,,,,,,,,,,,,,,,,,,,,,,,,,,,,,,,,,,,,,,,,,0,25,25,25,1,,,,,,,,,,,,,,,
,,,,,,,,,,,,,,,,,,,,,,,,,2,,,153556,2006.09.19,2026-05-09_20h53.02.263,BrocantoHPilot1WOSession2,2025.2.4,Win32,59.88023952,4797.8294,2,1,1,24.5069,1,26.3846,24.5069,4825.9507,,,,,,Ab-SBJ-N5-REVEAL-INTR-Ab-LOC-N4.mp3,Ab-SBJ-N5-REVEAL-INTR-Ab-LOC-N4.mp4,Ab-SBJ-N4-REVEAL-INTR-Aa-LOC-N5.mp4,,,,,,,,,,,,,,,,,,,,,,,,,,,,,,,,,,,,,,,,,,,,,,,,,,,,,0,26,26,26,1,,,,,,,,,,,,,,,
,,,,,,,,,,,,,,,,,,,,,,,,,2,,,153556,2006.09.19,2026-05-09_20h53.02.263,BrocantoHPilot1WOSession2,2025.2.4,Win32,59.88023952,4825.9512,2,1,1,13.7044,1,,13.7044,4841.5462,,,,,,Ab-OBJ-N5-SBJ-N3-PUSH-TR.mp3,Ab-OBJ-N5-SBJ-N3-PUSH-TR.mp4,Aa-OBJ-N5-SBJ-N3-PUSH-TR.mp4,,,,,,,,,,,,,,,,,,,,,,,,,,,,,,,,,,,,,,,,,,,,,,,,,,,,,0,27,27,27,1,,,,,,,,,,,,,,,
,,,,,,,,,,,,,,,,,,,,,,,,,2,,,153556,2006.09.19,2026-05-09_20h53.02.263,BrocantoHPilot1WOSession2,2025.2.4,Win32,59.88023952,4841.5469,2,2,2,13.614,1,12.9765,13.614,4857.3575,,,,,,Ab-SBJ-N4-JUMP-INTR.mp3,Ab-SBJ-N4-JUMP-INTR.mp4,Aa-SBJ-N4-GO-INTR.mp4,,,,,,,,,,,,,,,,,,,,,,,,,,,,,,,,,,,,,,,,,,,,,,,,,,,,,0,28,28,28,1,,,,,,,,,,,,,,,
,,,,,,,,,,,,,,,,,,,,,,,,,2,,,153556,2006.09.19,2026-05-09_20h53.02.263,BrocantoHPilot1WOSession2,2025.2.4,Win32,59.88023952,4857.3585,2,1,1,36.1031,1,35.7049,36.1031,4895.3279,,,,,,Ab-OBJ-N5-SBJ-N4-HIDE-TR-LOC-N3.mp3,Ab-OBJ-N5-SBJ-N4-HIDE-TR-LOC-N3.mp4,OBJ-N3-SBJ-N4-HIDE-TR-Aa-LOC-N5.mp4,,,,,,,,,,,,,,,,,,,,,,,,,,,,,,,,,,,,,,,,,,,,,,,,,,,,,0,29,29,29,1,,,,,,,,,,,,,,,
,,,,,,,,,,,,,,,,,,,,,,,,,2,,,153556,2006.09.19,2026-05-09_20h53.02.263,BrocantoHPilot1WOSession2,2025.2.4,Win32,59.88023952,4895.3292,2,2,2,15.6788,1,16.3228,15.6788,4912.8713,,,,,,Ab-OBJ-N5-SBJ-N4-REVEAL-TR.mp3,Ab-OBJ-N5-SBJ-N4-REVEAL-TR.mp4,Aa-OBJ-N5-SBJ-N4-REVEAL-TR.mp4,,,,,,,,,,,,,,,,,,,,,,,,,,,,,,,,,,,,,,,,,,,,,,,,,,,,,0,30,30,30,1,,,,,,,,,,,,,,,
,,,,,,,,,,,,,,,,,,,,,,,,,2,,,153556,2006.09.19,2026-05-09_20h53.02.263,BrocantoHPilot1WOSession2,2025.2.4,Win32,59.88023952,4912.8718,2,1,1,17.4878,1,18.8193,17.4878,4932.9822,,,,,,Ab-OBJ-N5-Ab-SBJ-N2-HIDE-TR-LOC-N4.mp3,Ab-OBJ-N5-Ab-SBJ-N2-HIDE-TR-LOC-N4.mp4,Ab-OBJ-N5-Aa-SBJ-N2-REVEAL-TR-LOC-N4.mp4,,,,,,,,,,,,,,,,,,,,,,,,,,,,,,,,,,,,,,,,,,,,,,,,,,,,,0,31,31,31,1,,,,,,,,,,,,,,,
,,,,,,,,,,,,,,,,,,,,,,,,,2,,,153556,2006.09.19,2026-05-09_20h53.02.263,BrocantoHPilot1WOSession2,2025.2.4,Win32,59.88023952,4932.9834,2,2,2,16.959,1,17.0308,16.959,4952.2915,,,,,,Ab-SBJ-N4-GO-INTR.mp3,Ab-SBJ-N4-GO-INTR.mp4,Aa-SBJ-N4-GO-INTR.mp4,,,,,,,,,,,,,,,,,,,,,,,,,,,,,,,,,,,,,,,,,,,,,,,,,,,,,0,32,32,32,1,,,,,,,,,,,,,,,
,,,,,,,,,,,,,,,,,,,,,,,,,2,,,153556,2006.09.19,2026-05-09_20h53.02.263,BrocantoHPilot1WOSession2,2025.2.4,Win32,59.88023952,4952.2925,2,1,1,18.3961,1,17.0321,18.3961,4972.8851,,,,,,Ab-OBJ-N5-Ab-SBJ-N1-PUSH-TR.mp3,Ab-OBJ-N5-Ab-SBJ-N1-PUSH-TR.mp4,Ab-OBJ-N1-Aa-SBJ-N5-PUSH-TR.mp4,,,,,,,,,,,,,,,,,,,,,,,,,,,,,,,,,,,,,,,,,,,,,,,,,,,,,0,33,33,33,1,,,,,,,,,,,,,,,
,,,,,,,,,,,,,,,,,,,,,,,,,2,,,153556,2006.09.19,2026-05-09_20h53.02.263,BrocantoHPilot1WOSession2,2025.2.4,Win32,59.88023952,4972.8865,2,2,2,16.9166,1,16.4797,16.9166,4991.9121,,,,,,Ab-SBJ-N5-HIDE-INTR.mp3,Ab-SBJ-N5-HIDE-INTR.mp4,Aa-SBJ-N5-REVEAL-INTR.mp4,,,,,,,,,,,,,,,,,,,,,,,,,,,,,,,,,,,,,,,,,,,,,,,,,,,,,0,34,34,34,1,,,,,,,,,,,,,,,
,,,,,,,,,,,,,,,,,,,,,,,,,2,,,153556,2006.09.19,2026-05-09_20h53.02.263,BrocantoHPilot1WOSession2,2025.2.4,Win32,59.88023952,4991.913,2,2,2,40.4234,1,38.9275,40.4234,5039.3463,,,,,,Ab-OBJ-N5-SBJ-N2-REVEAL-TR-Ab-LOC-N3.mp3,Ab-OBJ-N5-SBJ-N2-REVEAL-TR-Ab-LOC-N3.mp4,Ab-OBJ-N3-SBJ-N2-HIDE-TR-Ab-LOC-N5.mp4,,,,,,,,,,,,,,,,,,,,,,,,,,,,,,,,,,,,,,,,,,,,,,,,,,,,,0,35,35,35,1,,,,,,,,,,,,,,,
,,,,,,,,,,,,,,,,,,,,,,,,,2,,,153556,2006.09.19,2026-05-09_20h53.02.263,BrocantoHPilot1WOSession2,2025.2.4,Win32,59.88023952,5039.3488,2,1,1,24.2226,1,22.9002,24.2226,5065.7039,,,,,,Ab-SBJ-N5-HIDE-INTR.mp3,Ab-SBJ-N5-HIDE-INTR.mp4,Ab-SBJ-N5-GO-INTR.mp4,,,,,,,,,,,,,,,,,,,,,,,,,,,,,,,,,,,,,,,,,,,,,,,,,,,,,0,36,36,36,1,,,,,,,,,,,,,,,
,,,,,,,,,,,,,,,,,,,,,,,,,2,,,153556,2006.09.19,2026-05-09_20h53.02.263,BrocantoHPilot1WOSession2,2025.2.4,Win32,59.88023952,5065.7048,2,2,2,16.0003,1,15.3364,16.0003,5083.9477,,,,,,Ab-SBJ-N4-JUMP-INTR-LOC-N3.mp3,Ab-SBJ-N4-JUMP-INTR-LOC-N3.mp4,SBJ-N3-JUMP-INTR-Ab-LOC-N4.mp4,,,,,,,,,,,,,,,,,,,,,,,,,,,,,,,,,,,,,,,,,,,,,,,,,,,,,0,37,37,37,1,,,,,,,,,,,,,,,
,,,,,,,,,,,,,,,,,,,,,,,,,2,,,153556,2006.09.19,2026-05-09_20h53.02.263,BrocantoHPilot1WOSession2,2025.2.4,Win32,59.88023952,5083.9486,2,2,2,32.1533,1,24.9966,32.1533,5117.8689,,,,,,Ab-SBJ-N4-GO-INTR-Ab-LOC-N3.mp3,Ab-SBJ-N4-GO-INTR-Ab-LOC-N3.mp4,Ab-SBJ-N3-GO-INTR-Aa-LOC-N4.mp4,,,,,,,,,,,,,,,,,,,,,,,,,,,,,,,,,,,,,,,,,,,,,,,,,,,,,0,38,38,38,1,,,,,,,,,,,,,,,
,,,,,,,,,,,,,,,,,,,,,,,,,2,,,153556,2006.09.19,2026-05-09_20h53.02.263,BrocantoHPilot1WOSession2,2025.2.4,Win32,59.88023952,5117.8699,2,2,2,22.7868,1,21.0453,22.7868,5149.2587,,,,,,Ab-SBJ-N2-HIDE-INTR-Aa-LOC-N1.mp3,Ab-SBJ-N2-HIDE-INTR-Aa-LOC-N1.mp4,Ab-SBJ-N2-HIDE-INTR-Ab-LOC-N1.mp4,,,,,,,,,,,,,,,,,,,,,,,,,,,,,,,,,,,,,,,,,,,,,,,,,,,,,0,39,39,39,1,,,,,,,,,,,,,,,
,,,,,,,,,,,,,,,,,,,,,,,,,2,,,153556,2006.09.19,2026-05-09_20h53.02.263,BrocantoHPilot1WOSession2,2025.2.4,Win32,59.88023952,5149.2596,2,2,2,16.0268,1,16.6717,16.0268,5167.0029,,,,,,Ab-OBJ-N5-SBJ-N1-PUSH-TR-LOC-N4.mp3,Ab-OBJ-N5-SBJ-N1-PUSH-TR-LOC-N4.mp4,OBJ-N1-Ab-SBJ-N5-HIDE-TR-LOC-N4.mp4,,,,,,,,,,,,,,,,,,,,,,,,,,,,,,,,,,,,,,,,,,,,,,,,,,,,,0,40,40,40,1,,,,,,,,,,,,,,,
,,,,,,,,,,,,,,,,,,,,,,,,,2,,,153556,2006.09.19,2026-05-09_20h53.02.263,BrocantoHPilot1WOSession2,2025.2.4,Win32,59.88023952,5167.0038,2,2,2,14.0625,1,,14.0625,5183.2474,,,,,,Ab-OBJ-N5-Ab-SBJ-N3-PUSH-TR.mp3,Ab-OBJ-N5-Ab-SBJ-N3-PUSH-TR.mp4,Ab-OBJ-N3-Ab-SBJ-N5-PUSH-TR.mp4,,,,,,,,,,,,,,,,,,,,,,,,,,,,,,,,,,,,,,,,,,,,,,,,,,,,,0,41,41,41,1,,,,,,,,,,,,,,,
,,,,,,,,,,,,,,,,,,,,,,,,,2,,,153556,2006.09.19,2026-05-09_20h53.02.263,BrocantoHPilot1WOSession2,2025.2.4,Win32,59.88023952,,,,,,,,,,,,,,,SBJ.N4 REVEAL-INTR LOC.N5,,,5197.6802,2,SBJ-N4-REVEAL-INTR-LOC-N5.mp4,N4|REVEAL|N5,HIDE|Aa|PUSH|N2|N5|N4|REVEAL,dabi|girda|timó,zsübe|gyék|vánta|murak|timó|dabi|girda,1,7.1251,158.9537,dabi girda timó,5361.3923,,,,,,SBJ-N4-REVEAL-INTR-LOC-N5.mp4,N4|REVEAL|N5,HIDE|Aa|PUSH|N2|N5|N4|REVEAL,dabi girda timó,dabi|girda|timó,zsübe|gyék|vánta|murak|timó|dabi|girda,,,,,,,,,,,,,,,,,,,,,,,,,,,,,,,,,,,0,0,0,0,1,,,,,,,,,,
,,,,,,,,,,,,,,,,,,,,,,,,,2,,,153556,2006.09.19,2026-05-09_20h53.02.263,BrocantoHPilot1WOSession2,2025.2.4,Win32,59.88023952,,,,,,,,,,,,,,,OBJ.N5 SBJ.N4 HIDE-TR LOC.N3,,,5361.9047,2,OBJ-N5-SBJ-N4-HIDE-TR-LOC-N3.mp4,N5|N4|HIDE|N3,N3|N2|N4|HIDE|N5|N1|JUMP|Ab,timó|dabi|zsübe|zilép,zilép|murak|dabi|zsübe|timó|pekli|bonip|zsot,0,7.402,14.9756,timó dabi zsübe,5381.0659,,,,,,OBJ-N5-SBJ-N4-HIDE-TR-LOC-N3.mp4,N5|N4|HIDE|N3,N3|N2|N4|HIDE|N5|N1|JUMP|Ab,timó dabi zsübe zilép,timó|dabi|zsübe|zilép,zilép|murak|dabi|zsübe|timó|pekli|bonip|zsot,,,,,,,,,,,,,,,,,,,,,,,,,,,,,,,,,,,0,1,1,1,1,,,,,,,,,,
,,,,,,,,,,,,,,,,,,,,,,,,,2,,,153556,2006.09.19,2026-05-09_20h53.02.263,BrocantoHPilot1WOSession2,2025.2.4,Win32,59.88023952,,,,,,,,,,,,,,,SBJ.N3 REVEAL-INTR LOC.N4,,,5381.5808,2,SBJ-N3-REVEAL-INTR-LOC-N4.mp4,N3|REVEAL|N4,JUMP|Aa|GO|REVEAL|N3|N5|N4,zilép|girda|dabi,bonip|gyék|kávler|girda|zilép|timó|dabi,1,7.5168,23.2671,zilép girda dabi,5430.888,,,,,,SBJ-N3-REVEAL-INTR-LOC-N4.mp4,N3|REVEAL|N4,JUMP|Aa|GO|REVEAL|N3|N5|N4,zilép girda dabi,zilép|girda|dabi,bonip|gyék|kávler|girda|zilép|timó|dabi,,,,,,,,,,,,,,,,,,,,,,,,,,,,,,,,,,,0,2,2,2,1,,,,,,,,,,
,,,,,,,,,,,,,,,,,,,,,,,,,2,,,153556,2006.09.19,2026-05-09_20h53.02.263,BrocantoHPilot1WOSession2,2025.2.4,Win32,59.88023952,,,,,,,,,,,,,,,OBJ.N5 SBJ.N1 REVEAL-TR LOC.N4,,,5431.3974,2,OBJ-N5-SBJ-N1-REVEAL-TR-LOC-N4.mp4,N5|N1|REVEAL|N4,Aa|PUSH|REVEAL|N5|N4|GO|N1|N3,timó|pekli|girda|dabi,gyék|vánta|girda|timó|dabi|kávler|pekli|zilép,0,8.2162,18.9465,timó pekli girda,5456.3586,,,,,,OBJ-N5-SBJ-N1-REVEAL-TR-LOC-N4.mp4,N5|N1|REVEAL|N4,Aa|PUSH|REVEAL|N5|N4|GO|N1|N3,timó pekli girda dabi,timó|pekli|girda|dabi,gyék|vánta|girda|timó|dabi|kávler|pekli|zilép,,,,,,,,,,,,,,,,,,,,,,,,,,,,,,,,,,,0,3,3,3,1,,,,,,,,,,
,,,,,,,,,,,,,,,,,,,,,,,,,2,,,153556,2006.09.19,2026-05-09_20h53.02.263,BrocantoHPilot1WOSession2,2025.2.4,Win32,59.88023952,,,,,,,,,,,,,,,SBJ.N3 JUMP-INTR,,,5456.872,2,SBJ-N3-JUMP-INTR.mp4,N3|JUMP,REVEAL|Aa|HIDE|JUMP|N2|N3,zilép|bonip,girda|gyék|zsübe|bonip|murak|zilép,1,7.0993,12.2635,zilép bonip,5473.567,,,,,,SBJ-N3-JUMP-INTR.mp4,N3|JUMP,REVEAL|Aa|HIDE|JUMP|N2|N3,zilép bonip,zilép|bonip,girda|gyék|zsübe|bonip|murak|zilép,,,,,,,,,,,,,,,,,,,,,,,,,,,,,,,,,,,0,4,4,4,1,,,,,,,,,,
,,,,,,,,,,,,,,,,,,,,,,,,,2,,,153556,2006.09.19,2026-05-09_20h53.02.263,BrocantoHPilot1WOSession2,2025.2.4,Win32,59.88023952,,,,,,,,,,,,,,,OBJ.N5 Ab SBJ.N3 PUSH-TR,,,5474.0716,2,OBJ-N5-Ab-SBJ-N3-PUSH-TR.mp4,N5|Ab|N3|PUSH,Ab|N5|GO|N3|HIDE|Aa|N2|PUSH,timó|zsot|zilép|vánta,zsot|timó|kávler|zilép|zsübe|gyék|murak|vánta,0,5.2415,75.0881,timó zilép vánta,5554.8923,,,,,,OBJ-N5-Ab-SBJ-N3-PUSH-TR.mp4,N5|Ab|N3|PUSH,Ab|N5|GO|N3|HIDE|Aa|N2|PUSH,timó zsot zilép vánta,timó|zsot|zilép|vánta,zsot|timó|kávler|zilép|zsübe|gyék|murak|vánta,,,,,,,,,,,,,,,,,,,,,,,,,,,,,,,,,,,0,5,5,5,1,,,,,,,,,,
,,,,,,,,,,,,,,,,,,,,,,,,,2,,,153556,2006.09.19,2026-05-09_20h53.02.263,BrocantoHPilot1WOSession2,2025.2.4,Win32,59.88023952,,,,,,,,,,,,,,,Ab SBJ.N4 HIDE-INTR,,,5555.4053,2,Ab-SBJ-N4-HIDE-INTR.mp4,Ab|N4|HIDE,Ab|JUMP|N4|HIDE|GO|N2|REVEAL,zsot|dabi|zsübe,zsot|bonip|dabi|zsübe|kávler|murak|girda,1,6.3023,27.8944,zsot dabi zsübe,5587.6456,,,,,,Ab-SBJ-N4-HIDE-INTR.mp4,Ab|N4|HIDE,Ab|JUMP|N4|HIDE|GO|N2|REVEAL,zsot dabi zsübe,zsot|dabi|zsübe,zsot|bonip|dabi|zsübe|kávler|murak|girda,,,,,,,,,,,,,,,,,,,,,,,,,,,,,,,,,,,0,6,6,6,1,,,,,,,,,,
,,,,,,,,,,,,,,,,,,,,,,,,,2,,,153556,2006.09.19,2026-05-09_20h53.02.263,BrocantoHPilot1WOSession2,2025.2.4,Win32,59.88023952,,,,,,,,,,,,,,,SBJ.N2 REVEAL-INTR LOC.N3,,,5588.1496,2,SBJ-N2-REVEAL-INTR-LOC-N3.mp4,N2|REVEAL|N3,N3|JUMP|PUSH|N2|REVEAL|Ab|Aa,murak|girda|zilép,zilép|bonip|vánta|murak|girda|zsot|gyék,1,7.7413,51.9244,murak girda zilép,5643.883,,,,,,SBJ-N2-REVEAL-INTR-LOC-N3.mp4,N2|REVEAL|N3,N3|JUMP|PUSH|N2|REVEAL|Ab|Aa,murak girda zilép,murak|girda|zilép,zilép|bonip|vánta|murak|girda|zsot|gyék,,,,,,,,,,,,,,,,,,,,,,,,,,,,,,,,,,,0,7,7,7,1,,,,,,,,,,
,,,,,,,,,,,,,,,,,,,,,,,,,2,,,153556,2006.09.19,2026-05-09_20h53.02.263,BrocantoHPilot1WOSession2,2025.2.4,Win32,59.88023952,,,,,,,,,,,,,,,OBJ.N5 SBJ.N3 PUSH-TR,,,5644.3916,2,OBJ-N5-SBJ-N3-PUSH-TR.mp4,N5|N3|PUSH,JUMP|N3|PUSH|N4|HIDE|N5|N1,timó|zilép|vánta,bonip|zilép|vánta|dabi|zsübe|timó|pekli,1,8.4569,16.6742,timó zilép vánta,5665.2328,,,,,,OBJ-N5-SBJ-N3-PUSH-TR.mp4,N5|N3|PUSH,JUMP|N3|PUSH|N4|HIDE|N5|N1,timó zilép vánta,timó|zilép|vánta,bonip|zilép|vánta|dabi|zsübe|timó|pekli,,,,,,,,,,,,,,,,,,,,,,,,,,,,,,,,,,,0,8,8,8,1,,,,,,,,,,
,,,,,,,,,,,,,,,,,,,,,,,,,2,,,153556,2006.09.19,2026-05-09_20h53.02.263,BrocantoHPilot1WOSession2,2025.2.4,Win32,59.88023952,,,,,,,,,,,,,,,OBJ.N5 SBJ.N1 HIDE-TR LOC.N4,,,5665.7347,2,OBJ-N5-SBJ-N1-HIDE-TR-LOC-N4.mp4,N5|N1|HIDE|N4,GO|N3|N2|N4|HIDE|JUMP|N1|N5,timó|pekli|zsübe|dabi,kávler|zilép|murak|dabi|zsübe|bonip|pekli|timó,1,7.1716,32.2282,timó pekli zsübe dabi,5703.0073,,,,,,OBJ-N5-SBJ-N1-HIDE-TR-LOC-N4.mp4,N5|N1|HIDE|N4,GO|N3|N2|N4|HIDE|JUMP|N1|N5,timó pekli zsübe dabi,timó|pekli|zsübe|dabi,kávler|zilép|murak|dabi|zsübe|bonip|pekli|timó,,,,,,,,,,,,,,,,,,,,,,,,,,,,,,,,,,,0,9,9,9,1,,,,,,,,,,
,,,,,,,,,,,,,,,,,,,,,,,,,2,,,153556,2006.09.19,2026-05-09_20h53.02.263,BrocantoHPilot1WOSession2,2025.2.4,Win32,59.88023952,,,,,,,,,,,,,,,OBJ.N5 SBJ.N2 REVEAL-TR LOC.N1,,,5703.534,2,OBJ-N5-SBJ-N2-REVEAL-TR-LOC-N1.mp4,N5|N2|REVEAL|N1,N1|PUSH|HIDE|REVEAL|N4|N5|Aa|N2,timó|murak|girda|pekli,pekli|vánta|zsübe|girda|dabi|timó|gyék|murak,1,8.2841,37.6985,timó murak girda pekli,5745.9458,,,,,,OBJ-N5-SBJ-N2-REVEAL-TR-LOC-N1.mp4,N5|N2|REVEAL|N1,N1|PUSH|HIDE|REVEAL|N4|N5|Aa|N2,timó murak girda pekli,timó|murak|girda|pekli,pekli|vánta|zsübe|girda|dabi|timó|gyék|murak,,,,,,,,,,,,,,,,,,,,,,,,,,,,,,,,,,,0,10,10,10,1,,,,,,,,,,
,,,,,,,,,,,,,,,,,,,,,,,,,2,,,153556,2006.09.19,2026-05-09_20h53.02.263,BrocantoHPilot1WOSession2,2025.2.4,Win32,59.88023952,,,,,,,,,,,,,,,Ab OBJ.N5 SBJ.N1 PUSH-TR,,,5746.4575,2,Ab-OBJ-N5-SBJ-N1-PUSH-TR.mp4,Ab|N5|N1|PUSH,Ab|N1|HIDE|Aa|N4|REVEAL|PUSH|N5,zsot|timó|pekli|vánta,zsot|pekli|zsübe|gyék|dabi|girda|vánta|timó,0,5.5634,12.4928,timó pekli vánta,5764.1985,,,,,,Ab-OBJ-N5-SBJ-N1-PUSH-TR.mp4,Ab|N5|N1|PUSH,Ab|N1|HIDE|Aa|N4|REVEAL|PUSH|N5,zsot timó pekli vánta,zsot|timó|pekli|vánta,zsot|pekli|zsübe|gyék|dabi|girda|vánta|timó,,,,,,,,,,,,,,,,,,,,,,,,,,,,,,,,,,,0,11,11,11,1,,,,,,,,,,
,,,,,,,,,,,,,,,,,,,,,,,,,2,,,153556,2006.09.19,2026-05-09_20h53.02.263,BrocantoHPilot1WOSession2,2025.2.4,Win32,59.88023952,,,,,,,,,,,,,,,SBJ.N2 JUMP-INTR,,,5764.7018,2,SBJ-N2-JUMP-INTR.mp4,N2|JUMP,N4|HIDE|N2|Aa|GO|JUMP,murak|bonip,dabi|zsübe|murak|gyék|kávler|bonip,1,6.2024,12.011,murak bonip,5780.4222,,,,,,SBJ-N2-JUMP-INTR.mp4,N2|JUMP,N4|HIDE|N2|Aa|GO|JUMP,murak bonip,murak|bonip,dabi|zsübe|murak|gyék|kávler|bonip,,,,,,,,,,,,,,,,,,,,,,,,,,,,,,,,,,,0,12,12,12,1,,,,,,,,,,
,,,,,,,,,,,,,,,,,,,,,,,,,2,,,153556,2006.09.19,2026-05-09_20h53.02.263,BrocantoHPilot1WOSession2,2025.2.4,Win32,59.88023952,,,,,,,,,,,,,,,Ab SBJ.N1 GO-INTR,,,5780.9284,2,Ab-SBJ-N1-GO-INTR.mp4,Ab|N1|GO,N4|N2|Ab|HIDE|GO|N3|N1,zsot|pekli|kávler,dabi|murak|zsot|zsübe|kávler|zilép|pekli,1,6.1758,14.7853,zsot pekli kávler,5798.9851,,,,,,Ab-SBJ-N1-GO-INTR.mp4,Ab|N1|GO,N4|N2|Ab|HIDE|GO|N3|N1,zsot pekli kávler,zsot|pekli|kávler,dabi|murak|zsot|zsübe|kávler|zilép|pekli,,,,,,,,,,,,,,,,,,,,,,,,,,,,,,,,,,,0,13,13,13,1,,,,,,,,,,
,,,,,,,,,,,,,,,,,,,,,,,,,2,,,153556,2006.09.19,2026-05-09_20h53.02.263,BrocantoHPilot1WOSession2,2025.2.4,Win32,59.88023952,,,,,,,,,,,,,,,OBJ.N5 Ab SBJ.N3 HIDE-TR,,,5799.4896,2,OBJ-N5-Ab-SBJ-N3-HIDE-TR.mp4,N5|Ab|N3|HIDE,N5|HIDE|JUMP|Ab|N1|PUSH|N3|GO,timó|zsot|zilép|zsübe,timó|zsübe|bonip|zsot|pekli|vánta|zilép|kávler,1,8.3769,22.2427,timó zsot zilép zsübe,5832.5254,,,,,,OBJ-N5-Ab-SBJ-N3-HIDE-TR.mp4,N5|Ab|N3|HIDE,N5|HIDE|JUMP|Ab|N1|PUSH|N3|GO,timó zsot zilép zsübe,timó|zsot|zilép|zsübe,timó|zsübe|bonip|zsot|pekli|vánta|zilép|kávler,,,,,,,,,,,,,,,,,,,,,,,,,,,,,,,,,,,0,14,14,14,1,,,,,,,,,,
,,,,,,,,,,,,,,,,,,,,,,,,,2,,,153556,2006.09.19,2026-05-09_20h53.02.263,BrocantoHPilot1WOSession2,2025.2.4,Win32,59.88023952,,,,,,,,,,,,,,,OBJ.N5 SBJ.N2 REVEAL-TR LOC.N4,,,5833.0288,2,OBJ-N5-SBJ-N2-REVEAL-TR-LOC-N4.mp4,N5|N2|REVEAL|N4,PUSH|N5|Aa|N4|HIDE|REVEAL|GO|N2,timó|murak|girda|dabi,vánta|timó|gyék|dabi|zsübe|girda|kávler|murak,1,6.2644,50.6312,timó murak girda dabi,5887.741,,,,,,OBJ-N5-SBJ-N2-REVEAL-TR-LOC-N4.mp4,N5|N2|REVEAL|N4,PUSH|N5|Aa|N4|HIDE|REVEAL|GO|N2,timó murak girda dabi,timó|murak|girda|dabi,vánta|timó|gyék|dabi|zsübe|girda|kávler|murak,,,,,,,,,,,,,,,,,,,,,,,,,,,,,,,,,,,0,15,15,15,1,,,,,,,,,,
,,,,,,,,,,,,,,,,,,,,,,,,,2,,,153556,2006.09.19,2026-05-09_20h53.02.263,BrocantoHPilot1WOSession2,2025.2.4,Win32,59.88023952,,,,,,,,,,,,,,,Ab SBJ.N5 JUMP-INTR,,,5888.2593,2,Ab-SBJ-N5-JUMP-INTR.mp4,Ab|N5|JUMP,JUMP|N3|Aa|N2|N5|PUSH|Ab,zsot|timó|bonip,bonip|zilép|gyék|murak|timó|vánta|zsot,1,5.2977,17.627,zsot timó bonip,5921.0009,,,,,,Ab-SBJ-N5-JUMP-INTR.mp4,Ab|N5|JUMP,JUMP|N3|Aa|N2|N5|PUSH|Ab,zsot timó bonip,zsot|timó|bonip,bonip|zilép|gyék|murak|timó|vánta|zsot,,,,,,,,,,,,,,,,,,,,,,,,,,,,,,,,,,,0,16,16,16,1,,,,,,,,,,
,,,,,,,,,,,,,,,,,,,,,,,,,2,,,153556,2006.09.19,2026-05-09_20h53.02.263,BrocantoHPilot1WOSession2,2025.2.4,Win32,59.88023952,,,,,,,,,,,,,,,SBJ.N3 HIDE-INTR LOC.N5,,,5921.5287,2,SBJ-N3-HIDE-INTR-LOC-N5.mp4,N3|HIDE|N5,N5|HIDE|N3|PUSH|GO|JUMP|Ab,zilép|zsübe|timó,timó|zsübe|zilép|vánta|kávler|bonip|zsot,1,6.1159,18.9119,zilép zsübe timó,5944.2418,,,,,,SBJ-N3-HIDE-INTR-LOC-N5.mp4,N3|HIDE|N5,N5|HIDE|N3|PUSH|GO|JUMP|Ab,zilép zsübe timó,zilép|zsübe|timó,timó|zsübe|zilép|vánta|kávler|bonip|zsot,,,,,,,,,,,,,,,,,,,,,,,,,,,,,,,,,,,0,17,17,17,1,,,,,,,,,,
,,,,,,,,,,,,,,,,,,,,,,,,,2,,,153556,2006.09.19,2026-05-09_20h53.02.263,BrocantoHPilot1WOSession2,2025.2.4,Win32,59.88023952,,,,,,,,,,,,,,,SBJ.N3 GO-INTR LOC.N4,,,5944.7457,2,SBJ-N3-GO-INTR-LOC-N4.mp4,N3|GO|N4,N3|Ab|GO|N1|N5|N4|N2,zilép|kávler|dabi,zilép|zsot|kávler|pekli|timó|dabi|murak,1,7.6576,22.0835,zilép kávler dabi,5970.2394,,,,,,SBJ-N3-GO-INTR-LOC-N4.mp4,N3|GO|N4,N3|Ab|GO|N1|N5|N4|N2,zilép kávler dabi,zilép|kávler|dabi,zilép|zsot|kávler|pekli|timó|dabi|murak,,,,,,,,,,,,,,,,,,,,,,,,,,,,,,,,,,,0,18,18,18,1,,,,,,,,,,
,,,,,,,,,,,,,,,,,,,,,,,,,2,,,153556,2006.09.19,2026-05-09_20h53.02.263,BrocantoHPilot1WOSession2,2025.2.4,Win32,59.88023952,,,,,,,,,,,,,,,SBJ.N4 JUMP-INTR LOC.N3,,,5970.7648,2,SBJ-N4-JUMP-INTR-LOC-N3.mp4,N4|JUMP|N3,JUMP|N2|N3|HIDE|GO|N5|N4,dabi|bonip|zilép,bonip|murak|zilép|zsübe|kávler|timó|dabi,1,5.7975,14.4611,dabi bonip zilép,5989.0874,,,,,,SBJ-N4-JUMP-INTR-LOC-N3.mp4,N4|JUMP|N3,JUMP|N2|N3|HIDE|GO|N5|N4,dabi bonip zilép,dabi|bonip|zilép,bonip|murak|zilép|zsübe|kávler|timó|dabi,,,,,,,,,,,,,,,,,,,,,,,,,,,,,,,,,,,0,19,19,19,1,,,,,,,,,,
,,,,,,,,,,,,,,,,,,,,,,,,,2,,,153556,2006.09.19,2026-05-09_20h53.02.263,BrocantoHPilot1WOSession2,2025.2.4,Win32,59.88023952,,,,,,,,,,,,,,,OBJ.N5 SBJ.N1 PUSH-TR LOC.N3,,,5989.608,2,OBJ-N5-SBJ-N1-PUSH-TR-LOC-N3.mp4,N5|N1|PUSH|N3,N3|PUSH|N5|N4|GO|N1|REVEAL|Aa,timó|pekli|vánta|zilép,zilép|vánta|timó|dabi|kávler|pekli|girda|gyék,0,6.4637,13.295,timó vánta pekli,6008.2027,,,,,,OBJ-N5-SBJ-N1-PUSH-TR-LOC-N3.mp4,N5|N1|PUSH|N3,N3|PUSH|N5|N4|GO|N1|REVEAL|Aa,timó pekli vánta zilép,timó|pekli|vánta|zilép,zilép|vánta|timó|dabi|kávler|pekli|girda|gyék,,,,,,,,,,,,,,,,,,,,,,,,,,,,,,,,,,,0,20,20,20,1,,,,,,,,,,
,,,,,,,,,,,,,,,,,,,,,,,,,2,,,153556,2006.09.19,2026-05-09_20h53.02.263,BrocantoHPilot1WOSession2,2025.2.4,Win32,59.88023952,,,,,,,,,,,,,,,OBJ.N5 Ab SBJ.N1 REVEAL-TR,,,6008.7351,2,OBJ-N5-Ab-SBJ-N1-REVEAL-TR.mp4,N5|Ab|N1|REVEAL,Aa|N1|JUMP|N5|Ab|N2|REVEAL|GO,timó|zsot|pekli|girda,gyék|pekli|bonip|timó|zsot|murak|girda|kávler,1,8.3298,16.6269,timó zsot pekli girda,6029.6306,,,,,,OBJ-N5-Ab-SBJ-N1-REVEAL-TR.mp4,N5|Ab|N1|REVEAL,Aa|N1|JUMP|N5|Ab|N2|REVEAL|GO,timó zsot pekli girda,timó|zsot|pekli|girda,gyék|pekli|bonip|timó|zsot|murak|girda|kávler,,,,,,,,,,,,,,,,,,,,,,,,,,,,,,,,,,,0,21,21,21,1,,,,,,,,,,
,,,,,,,,,,,,,,,,,,,,,,,,,2,,,153556,2006.09.19,2026-05-09_20h53.02.263,BrocantoHPilot1WOSession2,2025.2.4,Win32,59.88023952,,,,,,,,,,,,,,,Ab OBJ.N5 Ab SBJ.N1 REVEAL-TR LOC.N2,,,6030.1611,2,Ab-OBJ-N5-Ab-SBJ-N1-REVEAL-TR-LOC-N2.mp4,Ab|N5|Ab|N1|REVEAL|N2,Ab|PUSH|N4|JUMP|REVEAL|N1|N5|N2|N3|Ab,zsot|timó|zsot|pekli|girda|murak,zsot|vánta|dabi|bonip|girda|pekli|timó|murak|zilép|zsot,1,6.1312,61.4796,zsot timó zsot pekli girda murak,6097.6705,,,,,,Ab-OBJ-N5-Ab-SBJ-N1-REVEAL-TR-LOC-N2.mp4,Ab|N5|Ab|N1|REVEAL|N2,Ab|PUSH|N4|JUMP|REVEAL|N1|N5|N2|N3|Ab,zsot timó zsot pekli girda murak,zsot|timó|zsot|pekli|girda|murak,zsot|vánta|dabi|bonip|girda|pekli|timó|murak|zilép|zsot,,,,,,,,,,,,,,,,,,,,,,,,,,,,,,,,,,,0,22,22,22,1,,,,,,,,,,
,,,,,,,,,,,,,,,,,,,,,,,,,2,,,153556,2006.09.19,2026-05-09_20h53.02.263,BrocantoHPilot1WOSession2,2025.2.4,Win32,59.88023952,,,,,,,,,,,,,,,SBJ.N1 REVEAL-INTR LOC.N5,,,6098.2049,2,SBJ-N1-REVEAL-INTR-LOC-N5.mp4,N1|REVEAL|N5,GO|N5|REVEAL|Aa|PUSH|Ab|N1,pekli|girda|timó,kávler|timó|girda|gyék|vánta|zsot|pekli,1,7.6631,21.4249,pekli girda timó,6122.7151,,,,,,SBJ-N1-REVEAL-INTR-LOC-N5.mp4,N1|REVEAL|N5,GO|N5|REVEAL|Aa|PUSH|Ab|N1,pekli girda timó,pekli|girda|timó,kávler|timó|girda|gyék|vánta|zsot|pekli,,,,,,,,,,,,,,,,,,,,,,,,,,,,,,,,,,,0,23,23,23,1,,,,,,,,,,
,,,,,,,,,,,,,,,,,,,,,,,,,2,,,153556,2006.09.19,2026-05-09_20h53.02.263,BrocantoHPilot1WOSession2,2025.2.4,Win32,59.88023952,,,,,,,,,,,,,,,OBJ.N5 SBJ.N1 HIDE-TR Ab LOC.N4,,,6123.2462,2,OBJ-N5-SBJ-N1-HIDE-TR-Ab-LOC-N4.mp4,N5|N1|HIDE|Ab|N4,N1|N5|GO|PUSH|HIDE|Ab|N2|N4|N3,timó|pekli|zsübe|zsot|dabi,pekli|timó|kávler|vánta|zsübe|zsot|murak|dabi|zilép,0,7.6501,30.3225,timó pekli zsübe dabi,6157.8222,,,,,,OBJ-N5-SBJ-N1-HIDE-TR-Ab-LOC-N4.mp4,N5|N1|HIDE|Ab|N4,N1|N5|GO|PUSH|HIDE|Ab|N2|N4|N3,timó pekli zsübe zsot dabi,timó|pekli|zsübe|zsot|dabi,pekli|timó|kávler|vánta|zsübe|zsot|murak|dabi|zilép,,,,,,,,,,,,,,,,,,,,,,,,,,,,,,,,,,,0,24,24,24,1,,,,,,,,,,
,,,,,,,,,,,,,,,,,,,,,,,,,2,,,153556,2006.09.19,2026-05-09_20h53.02.263,BrocantoHPilot1WOSession2,2025.2.4,Win32,59.88023952,,,,,,,,,,,,,,,Ab SBJ.N1 REVEAL-INTR LOC.N5,,,6158.3345,2,Ab-SBJ-N1-REVEAL-INTR-LOC-N5.mp4,Ab|N1|REVEAL|N5,GO|REVEAL|HIDE|Aa|N4|N5|N1|Ab,zsot|pekli|girda|timó,kávler|girda|zsübe|gyék|dabi|timó|pekli|zsot,1,7.5299,19.4922,zsot pekli girda timó,6181.5259,,,,,,Ab-SBJ-N1-REVEAL-INTR-LOC-N5.mp4,Ab|N1|REVEAL|N5,GO|REVEAL|HIDE|Aa|N4|N5|N1|Ab,zsot pekli girda timó,zsot|pekli|girda|timó,kávler|girda|zsübe|gyék|dabi|timó|pekli|zsot,,,,,,,,,,,,,,,,,,,,,,,,,,,,,,,,,,,0,25,25,25,1,,,,,,,,,,
,,,,,,,,,,,,,,,,,,,,,,,,,2,,,153556,2006.09.19,2026-05-09_20h53.02.263,BrocantoHPilot1WOSession2,2025.2.4,Win32,59.88023952,,,,,,,,,,,,,,,OBJ.N5 Ab SBJ.N4 REVEAL-TR Ab LOC.N1,,,6182.063,2,OBJ-N5-Ab-SBJ-N4-REVEAL-TR-Ab-LOC-N1.mp4,N5|Ab|N4|REVEAL|Ab|N1,PUSH|REVEAL|N2|Aa|Ab|N4|Ab|N5|N1|GO,timó|zsot|dabi|girda|zsot|pekli,vánta|girda|murak|gyék|zsot|dabi|zsot|timó|pekli|kávler,1,5.2549,38.9488,timó zsot dabi girda zsot pekli,6224.2526,,,,,,OBJ-N5-Ab-SBJ-N4-REVEAL-TR-Ab-LOC-N1.mp4,N5|Ab|N4|REVEAL|Ab|N1,PUSH|REVEAL|N2|Aa|Ab|N4|Ab|N5|N1|GO,timó zsot dabi girda zsot pekli,timó|zsot|dabi|girda|zsot|pekli,vánta|girda|murak|gyék|zsot|dabi|zsot|timó|pekli|kávler,,,,,,,,,,,,,,,,,,,,,,,,,,,,,,,,,,,0,26,26,26,1,,,,,,,,,,
,,,,,,,,,,,,,,,,,,,,,,,,,2,,,153556,2006.09.19,2026-05-09_20h53.02.263,BrocantoHPilot1WOSession2,2025.2.4,Win32,59.88023952,,,,,,,,,,,,,,,Ab SBJ.N2 REVEAL-INTR LOC.N3,,,6224.7618,2,Ab-SBJ-N2-REVEAL-INTR-LOC-N3.mp4,Ab|N2|REVEAL|N3,Ab|HIDE|GO|REVEAL|N4|N3|Aa|N2,zsot|murak|girda|zilép,zsot|zsübe|kávler|girda|dabi|zilép|gyék|murak,1,7.2635,19.6739,zsot murak girda zilép,6252.8559,,,,,,Ab-SBJ-N2-REVEAL-INTR-LOC-N3.mp4,Ab|N2|REVEAL|N3,Ab|HIDE|GO|REVEAL|N4|N3|Aa|N2,zsot murak girda zilép,zsot|murak|girda|zilép,zsot|zsübe|kávler|girda|dabi|zilép|gyék|murak,,,,,,,,,,,,,,,,,,,,,,,,,,,,,,,,,,,0,27,27,27,1,,,,,,,,,,
,,,,,,,,,,,,,,,,,,,,,,,,,2,,,153556,2006.09.19,2026-05-09_20h53.02.263,BrocantoHPilot1WOSession2,2025.2.4,Win32,59.88023952,,,,,,,,,,,,,,,OBJ.N5 SBJ.N1 PUSH-TR,,,6253.3857,2,OBJ-N5-SBJ-N1-PUSH-TR.mp4,N5|N1|PUSH,Ab|PUSH|N5|N1|Aa|HIDE|N3,timó|pekli|vánta,zsot|vánta|timó|pekli|gyék|zsübe|zilép,1,7.7966,17.5931,timó pekli vánta,6274.3132,,,,,,OBJ-N5-SBJ-N1-PUSH-TR.mp4,N5|N1|PUSH,Ab|PUSH|N5|N1|Aa|HIDE|N3,timó pekli vánta,timó|pekli|vánta,zsot|vánta|timó|pekli|gyék|zsübe|zilép,,,,,,,,,,,,,,,,,,,,,,,,,,,,,,,,,,,0,28,28,28,1,,,,,,,,,,
,,,,,,,,,,,,,,,,,,,,,,,,,2,,,153556,2006.09.19,2026-05-09_20h53.02.263,BrocantoHPilot1WOSession2,2025.2.4,Win32,59.88023952,,,,,,,,,,,,,,,SBJ.N2 GO-INTR,,,6274.8441,2,SBJ-N2-GO-INTR.mp4,N2|GO,N2|JUMP|PUSH|REVEAL|GO|N3,murak|kávler,murak|bonip|vánta|girda|kávler|zilép,1,6.5313,8.9303,murak kávler,6287.5643,,,,,,SBJ-N2-GO-INTR.mp4,N2|GO,N2|JUMP|PUSH|REVEAL|GO|N3,murak kávler,murak|kávler,murak|bonip|vánta|girda|kávler|zilép,,,,,,,,,,,,,,,,,,,,,,,,,,,,,,,,,,,0,29,29,29,1,,,,,,,,,,
,,,,,,,,,,,,,,,,,,,,,,,,,2,,,153556,2006.09.19,2026-05-09_20h53.02.263,BrocantoHPilot1WOSession2,2025.2.4,Win32,59.88023952,,,,,,,,,,,,,,,OBJ.N5 SBJ.N3 HIDE-TR LOC.N1,,,6288.0737,2,OBJ-N5-SBJ-N3-HIDE-TR-LOC-N1.mp4,N5|N3|HIDE|N1,HIDE|GO|N1|JUMP|N5|N2|N3|REVEAL,timó|zilép|zsübe|pekli,zsübe|kávler|pekli|bonip|timó|murak|zilép|girda,1,6.7303,24.4583,timó zilép zsübe pekli,6315.8022,,,,,,OBJ-N5-SBJ-N3-HIDE-TR-LOC-N1.mp4,N5|N3|HIDE|N1,HIDE|GO|N1|JUMP|N5|N2|N3|REVEAL,timó zilép zsübe pekli,timó|zilép|zsübe|pekli,zsübe|kávler|pekli|bonip|timó|murak|zilép|girda,,,,,,,,,,,,,,,,,,,,,,,,,,,,,,,,,,,0,30,30,30,1,,,,,,,,,,
,,,,,,,,,,,,,,,,,,,,,,,,,2,,,153556,2006.09.19,2026-05-09_20h53.02.263,BrocantoHPilot1WOSession2,2025.2.4,Win32,59.88023952,,,,,,,,,,,,,,,Ab OBJ.N5 Aa SBJ.N5 REVEAL-TR,,,6316.3312,2,Ab-OBJ-N5-Aa-SBJ-N5-REVEAL-TR.mp4,Ab|N5|Aa|N5|REVEAL,REVEAL|Aa|HIDE|N3|N4|N2|Ab|N5|N5,zsot|timó|gyék|timó|girda,girda|gyék|zsübe|zilép|dabi|murak|zsot|timó|timó,1,5.4801,22.0585,zsot timó gyék timó girda,6342.1728,,,,,,Ab-OBJ-N5-Aa-SBJ-N5-REVEAL-TR.mp4,Ab|N5|Aa|N5|REVEAL,REVEAL|Aa|HIDE|N3|N4|N2|Ab|N5|N5,zsot timó gyék timó girda,zsot|timó|gyék|timó|girda,girda|gyék|zsübe|zilép|dabi|murak|zsot|timó|timó,,,,,,,,,,,,,,,,,,,,,,,,,,,,,,,,,,,0,31,31,31,1,,,,,,,,,,
,,,,,,,,,,,,,,,,,,,,,,,,,2,,,153556,2006.09.19,2026-05-09_20h53.02.263,BrocantoHPilot1WOSession2,2025.2.4,Win32,59.88023952,,,,,,,,,,,,,,,Ab SBJ.N1 HIDE-INTR,,,6342.6887,2,Ab-SBJ-N1-HIDE-INTR.mp4,Ab|N1|HIDE,Ab|HIDE|Aa|N2|N3|N1|N5,zsot|pekli|zsübe,zsot|zsübe|gyék|murak|zilép|pekli|timó,1,5.7974,10.9622,zsot pekli zsübe,6356.426,,,,,,Ab-SBJ-N1-HIDE-INTR.mp4,Ab|N1|HIDE,Ab|HIDE|Aa|N2|N3|N1|N5,zsot pekli zsübe,zsot|pekli|zsübe,zsot|zsübe|gyék|murak|zilép|pekli|timó,,,,,,,,,,,,,,,,,,,,,,,,,,,,,,,,,,,0,32,32,32,1,,,,,,,,,,
,,,,,,,,,,,,,,,,,,,,,,,,,2,,,153556,2006.09.19,2026-05-09_20h53.02.263,BrocantoHPilot1WOSession2,2025.2.4,Win32,59.88023952,,,,,,,,,,,,,,,OBJ.N5 SBJ.N4 PUSH-TR,,,6356.951,2,OBJ-N5-SBJ-N4-PUSH-TR.mp4,N5|N4|PUSH,N4|JUMP|Aa|PUSH|GO|N1|N5,timó|dabi|vánta,dabi|bonip|gyék|vánta|kávler|pekli|timó,1,5.2973,21.0587,timó dabi vánta,6380.9879,,,,,,OBJ-N5-SBJ-N4-PUSH-TR.mp4,N5|N4|PUSH,N4|JUMP|Aa|PUSH|GO|N1|N5,timó dabi vánta,timó|dabi|vánta,dabi|bonip|gyék|vánta|kávler|pekli|timó,,,,,,,,,,,,,,,,,,,,,,,,,,,,,,,,,,,0,33,33,33,1,,,,,,,,,,
,,,,,,,,,,,,,,,,,,,,,,,,,2,,,153556,2006.09.19,2026-05-09_20h53.02.263,BrocantoHPilot1WOSession2,2025.2.4,Win32,59.88023952,,,,,,,,,,,,,,,Ab OBJ.N5 Ab SBJ.N3 HIDE-TR Ab LOC.N1,,,6381.5086,2,Ab-OBJ-N5-Ab-SBJ-N3-HIDE-TR-Ab-LOC-N1.mp4,Ab|N5|Ab|N3|HIDE|Ab|N1,N3|Ab|N1|REVEAL|PUSH|N5|GO|Ab|HIDE|JUMP|Ab,zsot|timó|zsot|zilép|zsübe|zsot|pekli,zilép|zsot|pekli|girda|vánta|timó|kávler|zsot|zsübe|bonip|zsot,1,6.6946,76.1418,zsot timó zsot zilép zsübe zsot pekli,6460.8726,,,,,,Ab-OBJ-N5-Ab-SBJ-N3-HIDE-TR-Ab-LOC-N1.mp4,Ab|N5|Ab|N3|HIDE|Ab|N1,N3|Ab|N1|REVEAL|PUSH|N5|GO|Ab|HIDE|JUMP|Ab,zsot timó zsot zilép zsübe zsot pekli,zsot|timó|zsot|zilép|zsübe|zsot|pekli,zilép|zsot|pekli|girda|vánta|timó|kávler|zsot|zsübe|bonip|zsot,,,,,,,,,,,,,,,,,,,,,,,,,,,,,,,,,,,0,34,34,34,1,,,,,,,,,,
,,,,,,,,,,,,,,,,,,,,,,,,,2,,,153556,2006.09.19,2026-05-09_20h53.02.263,BrocantoHPilot1WOSession2,2025.2.4,Win32,59.88023952,,,,,,,,,,,,,,,Ab SBJ.N3 JUMP-INTR,,,6461.3986,2,Ab-SBJ-N3-JUMP-INTR.mp4,Ab|N3|JUMP,PUSH|REVEAL|N3|N1|JUMP|Ab|Aa,zsot|zilép|bonip,vánta|girda|zilép|pekli|bonip|zsot|gyék,1,6.0639,9.9959,zsot zilép bonip,6474.1142,,,,,,Ab-SBJ-N3-JUMP-INTR.mp4,Ab|N3|JUMP,PUSH|REVEAL|N3|N1|JUMP|Ab|Aa,zsot zilép bonip,zsot|zilép|bonip,vánta|girda|zilép|pekli|bonip|zsot|gyék,,,,,,,,,,,,,,,,,,,,,,,,,,,,,,,,,,,0,35,35,35,1,,,,,,,,,,
,,,,,,,,,,,,,,,,,,,,,,,,,2,,,153556,2006.09.19,2026-05-09_20h53.02.263,BrocantoHPilot1WOSession2,2025.2.4,Win32,59.88023952,,,,,,,,,,,,,,,SBJ.N5 GO-INTR,,,6474.6274,2,SBJ-N5-GO-INTR.mp4,N5|GO,Ab|N2|JUMP|N4|N5|GO,timó|kávler,zsot|murak|bonip|dabi|timó|kávler,0,6.464,9.6626,timó bonip,6488.9079,,,,,,SBJ-N5-GO-INTR.mp4,N5|GO,Ab|N2|JUMP|N4|N5|GO,timó kávler,timó|kávler,zsot|murak|bonip|dabi|timó|kávler,,,,,,,,,,,,,,,,,,,,,,,,,,,,,,,,,,,0,36,36,36,1,,,,,,,,,,
,,,,,,,,,,,,,,,,,,,,,,,,,2,,,153556,2006.09.19,2026-05-09_20h53.02.263,BrocantoHPilot1WOSession2,2025.2.4,Win32,59.88023952,,,,,,,,,,,,,,,Aa SBJ.N2 HIDE-INTR Ab LOC.N5,,,6489.439,2,Aa-SBJ-N2-HIDE-INTR-Ab-LOC-N5.mp4,Aa|N2|HIDE|Ab|N5,N4|Aa|PUSH|JUMP|Ab|N2|N5|N3|HIDE,gyék|murak|zsübe|zsot|timó,dabi|gyék|vánta|bonip|zsot|murak|timó|zilép|zsübe,1,8.7289,37.22,gyék murak zsübe zsot timó,6530.0131,,,,,,Aa-SBJ-N2-HIDE-INTR-Ab-LOC-N5.mp4,Aa|N2|HIDE|Ab|N5,N4|Aa|PUSH|JUMP|Ab|N2|N5|N3|HIDE,gyék murak zsübe zsot timó,gyék|murak|zsübe|zsot|timó,dabi|gyék|vánta|bonip|zsot|murak|timó|zilép|zsübe,,,,,,,,,,,,,,,,,,,,,,,,,,,,,,,,,,,0,37,37,37,1,,,,,,,,,,
,,,,,,,,,,,,,,,,,,,,,,,,,2,,,153556,2006.09.19,2026-05-09_20h53.02.263,BrocantoHPilot1WOSession2,2025.2.4,Win32,59.88023952,,,,,,,,,,,,,,,Ab SBJ.N1 JUMP-INTR Aa LOC.N4,,,6530.525,2,Ab-SBJ-N1-JUMP-INTR-Aa-LOC-N4.mp4,Ab|N1|JUMP|Aa|N4,Aa|N1|N3|JUMP|Ab|GO|N4|N2|REVEAL,zsot|pekli|bonip|gyék|dabi,gyék|pekli|zilép|bonip|zsot|kávler|dabi|murak|girda,1,8.0824,29.2898,zsot pekli bonip gyék dabi,6562.9445,,,,,,Ab-SBJ-N1-JUMP-INTR-Aa-LOC-N4.mp4,Ab|N1|JUMP|Aa|N4,Aa|N1|N3|JUMP|Ab|GO|N4|N2|REVEAL,zsot pekli bonip gyék dabi,zsot|pekli|bonip|gyék|dabi,gyék|pekli|zilép|bonip|zsot|kávler|dabi|murak|girda,,,,,,,,,,,,,,,,,,,,,,,,,,,,,,,,,,,0,38,38,38,1,,,,,,,,,,
,,,,,,,,,,,,,,,,,,,,,,,,,2,,,153556,2006.09.19,2026-05-09_20h53.02.263,BrocantoHPilot1WOSession2,2025.2.4,Win32,59.88023952,,,,,,,,,,,,,,,Aa SBJ.N1 JUMP-INTR LOC.N4,,,6563.4475,2,Aa-SBJ-N1-JUMP-INTR-LOC-N4.mp4,Aa|N1|JUMP|N4,GO|N4|N1|Ab|HIDE|JUMP|Aa|PUSH,gyék|pekli|bonip|dabi,kávler|dabi|pekli|zsot|zsübe|bonip|gyék|vánta,1,5.7052,24.657,gyék pekli bonip dabi,6597.1187,,,,,,Aa-SBJ-N1-JUMP-INTR-LOC-N4.mp4,Aa|N1|JUMP|N4,GO|N4|N1|Ab|HIDE|JUMP|Aa|PUSH,gyék pekli bonip dabi,gyék|pekli|bonip|dabi,kávler|dabi|pekli|zsot|zsübe|bonip|gyék|vánta,,,,,,,,,,,,,,,,,,,,,,,,,,,,,,,,,,,0,39,39,39,1,,,,,,,,,,
,,,,,,,,,,,,,,,,,,,,,,,,,2,,,153556,2006.09.19,2026-05-09_20h53.02.263,BrocantoHPilot1WOSession2,2025.2.4,Win32,59.88023952,,,,,,,,,,,,,,,OBJ.N5 SBJ.N4 PUSH-TR Ab LOC.N3,,,6597.6526,2,OBJ-N5-SBJ-N4-PUSH-TR-Ab-LOC-N3.mp4,N5|N4|PUSH|Ab|N3,Ab|Aa|N3|GO|HIDE|N4|PUSH|N5|N2,timó|dabi|vánta|zsot|zilép,zsot|gyék|zilép|kávler|zsübe|dabi|vánta|timó|murak,1,5.5736,32.6426,timó dabi vánta zsot zilép,6633.9543,,,,,,OBJ-N5-SBJ-N4-PUSH-TR-Ab-LOC-N3.mp4,N5|N4|PUSH|Ab|N3,Ab|Aa|N3|GO|HIDE|N4|PUSH|N5|N2,timó dabi vánta zsot zilép,timó|dabi|vánta|zsot|zilép,zsot|gyék|zilép|kávler|zsübe|dabi|vánta|timó|murak,,,,,,,,,,,,,,,,,,,,,,,,,,,,,,,,,,,0,40,40,40,1,,,,,,,,,,
,,,,,,,,,,,,,,,,,,,,,,,,,2,,,153556,2006.09.19,2026-05-09_20h53.02.263,BrocantoHPilot1WOSession2,2025.2.4,Win32,59.88023952,,,,,,,,,,,,,,,Ab OBJ.N5 Ab SBJ.N1 REVEAL-TR,,,6634.4566,2,Ab-OBJ-N5-Ab-SBJ-N1-REVEAL-TR.mp4,Ab|N5|Ab|N1|REVEAL,Aa|JUMP|PUSH|Ab|REVEAL|N1|Ab|N5|HIDE,zsot|timó|zsot|pekli|girda,gyék|bonip|vánta|zsot|girda|pekli|zsot|timó|zsübe,1,8.8871,18.2262,zsot timó zsot pekli girda,6657.8172,,,,,,Ab-OBJ-N5-Ab-SBJ-N1-REVEAL-TR.mp4,Ab|N5|Ab|N1|REVEAL,Aa|JUMP|PUSH|Ab|REVEAL|N1|Ab|N5|HIDE,zsot timó zsot pekli girda,zsot|timó|zsot|pekli|girda,gyék|bonip|vánta|zsot|girda|pekli|zsot|timó|zsübe,,,,,,,,,,,,,,,,,,,,,,,,,,,,,,,,,,,0,41,41,41,1,,,,,,,,,,
,,,,,,,,,,,,,,,,,,,,,,,,,2,,,153556,2006.09.19,2026-05-09_20h53.02.263,BrocantoHPilot1WOSession2,2025.2.4,Win32,59.88023952,,,,,,,,,,,,,,,,,,,,,,,,,,,,,,,,,,,,,,,,,6925.3131,chunkTest_s2,0,2,GO-N3.mp3,2,13.7169,2,2,8.4245,20.1655,6946.4877,,,,,,GO-N3.mp3,2,,,,,,,,,,,,,,,,,,,,,0,0,0,9,1,,,,,
,,,,,,,,,,,,,,,,,,,,,,,,,2,,,153556,2006.09.19,2026-05-09_20h53.02.263,BrocantoHPilot1WOSession2,2025.2.4,Win32,59.88023952,,,,,,,,,,,,,,,,,,,,,,,,,,,,,,,,,,,,,,,,,6947.0014,chunkTest_s2,1,2,PUSH-N2.mp3,6,0.7666,2,1,2.3931,4.0053,6953.3338,,,,,,PUSH-N2.mp3,6,,,,,,,,,,,,,,,,,,,,,0,1,1,16,1,,,,,
,,,,,,,,,,,,,,,,,,,,,,,,,2,,,153556,2006.09.19,2026-05-09_20h53.02.263,BrocantoHPilot1WOSession2,2025.2.4,Win32,59.88023952,,,,,,,,,,,,,,,,,,,,,,,,,,,,,,,,,,,,,,,,,6953.8488,chunkTest_s2,2,2,N4-N1.mp3,0,0.8817,2,1,2.7617,4.8895,6961.1561,,,,,,N4-N1.mp3,0,,,,,,,,,,,,,,,,,,,,,0,2,2,18,1,,,,,
,,,,,,,,,,,,,,,,,,,,,,,,,2,,,153556,2006.09.19,2026-05-09_20h53.02.263,BrocantoHPilot1WOSession2,2025.2.4,Win32,59.88023952,,,,,,,,,,,,,,,,,,,,,,,,,,,,,,,,,,,,,,,,,6961.662,chunkTest_s2,3,2,REVEAL-GO.mp3,0,9.7772,3,1,11.789,12.2221,6975.1949,,,,,,REVEAL-GO.mp3,0,,,,,,,,,,,,,,,,,,,,,0,3,3,19,1,,,,,
,,,,,,,,,,,,,,,,,,,,,,,,,2,,,153556,2006.09.19,2026-05-09_20h53.02.263,BrocantoHPilot1WOSession2,2025.2.4,Win32,59.88023952,,,,,,,,,,,,,,,,,,,,,,,,,,,,,,,,,,,,,,,,,6975.7076,chunkTest_s2,4,2,JUMP-N2.mp3,3,212.1483,3,3,172.6053,215.9504,7192.4787,,,,,,JUMP-N2.mp3,3,,,,,,,,,,,,,,,,,,,,,0,4,4,10,1,,,,,
,,,,,,,,,,,,,,,,,,,,,,,,,2,,,153556,2006.09.19,2026-05-09_20h53.02.263,BrocantoHPilot1WOSession2,2025.2.4,Win32,59.88023952,,,,,,,,,,,,,,,,,,,,,,,,,,,,,,,,,,,,,,,,,7192.9829,chunkTest_s2,5,2,N2-N4.mp3,0,2.6998,2,1,4.3177,5.7777,7199.8226,,,,,,N2-N4.mp3,0,,,,,,,,,,,,,,,,,,,,,0,5,5,5,1,,,,,
,,,,,,,,,,,,,,,,,,,,,,,,,2,,,153556,2006.09.19,2026-05-09_20h53.02.263,BrocantoHPilot1WOSession2,2025.2.4,Win32,59.88023952,,,,,,,,,,,,,,,,,,,,,,,,,,,,,,,,,,,,,,,,,7200.3307,chunkTest_s2,6,2,N1-N5.mp3,0,2.6132,3,1,4.3431,5.8669,7207.2278,,,,,,N1-N5.mp3,0,,,,,,,,,,,,,,,,,,,,,0,6,6,0,1,,,,,
,,,,,,,,,,,,,,,,,,,,,,,,,2,,,153556,2006.09.19,2026-05-09_20h53.02.263,BrocantoHPilot1WOSession2,2025.2.4,Win32,59.88023952,,,,,,,,,,,,,,,,,,,,,,,,,,,,,,,,,,,,,,,,,7207.745,chunkTest_s2,7,2,N3-HIDE.mp3,16,0.8128,6,1,2.4765,3.1198,7212.9717,,,,,,N3-HIDE.mp3,16,,,,,,,,,,,,,,,,,,,,,0,7,7,8,1,,,,,
,,,,,,,,,,,,,,,,,,,,,,,,,2,,,153556,2006.09.19,2026-05-09_20h53.02.263,BrocantoHPilot1WOSession2,2025.2.4,Win32,59.88023952,,,,,,,,,,,,,,,,,,,,,,,,,,,,,,,,,,,,,,,,,7213.476,chunkTest_s2,8,2,JUMP-N4.mp3,2,4.4366,2,1,6.2513,7.4728,7222.1024,,,,,,JUMP-N4.mp3,2,,,,,,,,,,,,,,,,,,,,,0,8,8,13,1,,,,,
,,,,,,,,,,,,,,,,,,,,,,,,,2,,,153556,2006.09.19,2026-05-09_20h53.02.263,BrocantoHPilot1WOSession2,2025.2.4,Win32,59.88023952,,,,,,,,,,,,,,,,,,,,,,,,,,,,,,,,,,,,,,,,,7222.6078,chunkTest_s2,9,2,N2-REVEAL.mp3,16,20.0527,6,2,21.7285,24.2493,7247.7926,,,,,,N2-REVEAL.mp3,16,,,,,,,,,,,,,,,,,,,,,0,9,9,14,1,,,,,
,,,,,,,,,,,,,,,,,,,,,,,,,2,,,153556,2006.09.19,2026-05-09_20h53.02.263,BrocantoHPilot1WOSession2,2025.2.4,Win32,59.88023952,,,,,,,,,,,,,,,,,,,,,,,,,,,,,,,,,,,,,,,,,7248.2991,chunkTest_s2,10,2,JUMP-REVEAL.mp3,0,11.4454,3,4,14.5483,16.8316,7266.2366,,,,,,JUMP-REVEAL.mp3,0,,,,,,,,,,,,,,,,,,,,,0,10,10,7,1,,,,,
,,,,,,,,,,,,,,,,,,,,,,,,,2,,,153556,2006.09.19,2026-05-09_20h53.02.263,BrocantoHPilot1WOSession2,2025.2.4,Win32,59.88023952,,,,,,,,,,,,,,,,,,,,,,,,,,,,,,,,,,,,,,,,,7266.7422,chunkTest_s2,11,2,PUSH-HIDE.mp3,0,159.552,3,1,161.3626,163.0751,7430.8972,,,,,,PUSH-HIDE.mp3,0,,,,,,,,,,,,,,,,,,,,,0,11,11,1,1,,,,,
,,,,,,,,,,,,,,,,,,,,,,,,,2,,,153556,2006.09.19,2026-05-09_20h53.02.263,BrocantoHPilot1WOSession2,2025.2.4,Win32,59.88023952,,,,,,,,,,,,,,,,,,,,,,,,,,,,,,,,,,,,,,,,,7431.4021,chunkTest_s2,12,2,HIDE-GO.mp3,0,21.5479,4,7,24.6412,25.7318,7458.385,,,,,,HIDE-GO.mp3,0,,,,,,,,,,,,,,,,,,,,,0,12,12,17,1,,,,,
,,,,,,,,,,,,,,,,,,,,,,,,,2,,,153556,2006.09.19,2026-05-09_20h53.02.263,BrocantoHPilot1WOSession2,2025.2.4,Win32,59.88023952,,,,,,,,,,,,,,,,,,,,,,,,,,,,,,,,,,,,,,,,,7458.8925,chunkTest_s2,13,2,GO-N1.mp3,1,57.2795,4,2,59.2825,60.5268,7520.302,,,,,,GO-N1.mp3,1,,,,,,,,,,,,,,,,,,,,,0,13,13,11,1,,,,,
,,,,,,,,,,,,,,,,,,,,,,,,,2,,,153556,2006.09.19,2026-05-09_20h53.02.263,BrocantoHPilot1WOSession2,2025.2.4,Win32,59.88023952,,,,,,,,,,,,,,,,,,,,,,,,,,,,,,,,,,,,,,,,,7520.8077,chunkTest_s2,14,2,N3-N5.mp3,0,38.1232,3,3,40.2027,40.5159,7562.6605,,,,,,N3-N5.mp3,0,,,,,,,,,,,,,,,,,,,,,0,14,14,6,1,,,,,
,,,,,,,,,,,,,,,,,,,,,,,,,2,,,153556,2006.09.19,2026-05-09_20h53.02.263,BrocantoHPilot1WOSession2,2025.2.4,Win32,59.88023952,,,,,,,,,,,,,,,,,,,,,,,,,,,,,,,,,,,,,,,,,7563.1746,chunkTest_s2,15,2,N3-GO.mp3,6,1.5226,4,1,3.782,4.425,7568.2609,,,,,,N3-GO.mp3,6,,,,,,,,,,,,,,,,,,,,,0,15,15,12,1,,,,,
,,,,,,,,,,,,,,,,,,,,,,,,,2,,,153556,2006.09.19,2026-05-09_20h53.02.263,BrocantoHPilot1WOSession2,2025.2.4,Win32,59.88023952,,,,,,,,,,,,,,,,,,,,,,,,,,,,,,,,,,,,,,,,,7568.7774,chunkTest_s2,16,2,N1-N4.mp3,0,121.1568,5,2,122.8243,122.9759,7692.6966,,,,,,N1-N4.mp3,0,,,,,,,,,,,,,,,,,,,,,0,16,16,3,1,,,,,
,,,,,,,,,,,,,,,,,,,,,,,,,2,,,153556,2006.09.19,2026-05-09_20h53.02.263,BrocantoHPilot1WOSession2,2025.2.4,Win32,59.88023952,,,,,,,,,,,,,,,,,,,,,,,,,,,,,,,,,,,,,,,,,7693.1978,chunkTest_s2,17,2,PUSH-N4.mp3,6,1.1791,1,1,2.5864,4.3947,7698.5078,,,,,,PUSH-N4.mp3,6,,,,,,,,,,,,,,,,,,,,,0,17,17,15,1,,,,,
,,,,,,,,,,,,,,,,,,,,,,,,,2,,,153556,2006.09.19,2026-05-09_20h53.02.263,BrocantoHPilot1WOSession2,2025.2.4,Win32,59.88023952,,,,,,,,,,,,,,,,,,,,,,,,,,,,,,,,,,,,,,,,,7699.0118,chunkTest_s2,18,2,HIDE-HIDE.mp3,0,0.4832,1,1,2.3127,3.5183,7703.4114,,,,,,HIDE-HIDE.mp3,0,,,,,,,,,,,,,,,,,,,,,0,18,18,2,1,,,,,
,,,,,,,,,,,,,,,,,,,,,,,,,2,,,153556,2006.09.19,2026-05-09_20h53.02.263,BrocantoHPilot1WOSession2,2025.2.4,Win32,59.88023952,,,,,,,,,,,,,,,,,,,,,,,,,,,,,,,,,,,,,,,,,7703.9265,chunkTest_s2,19,2,HIDE-Aa.mp3,1,0.5599,1,1,3.6385,4.0464,7709.2756,,,,,,HIDE-Aa.mp3,1,,,,,,,,,,,,,,,,,,,,,0,19,19,4,1,,,,,
,,,,,,,,,,,,,,,,,,,,,,,,,2,,,153556,2006.09.19,2026-05-09_20h53.02.263,BrocantoHPilot1WOSession2,2025.2.4,Win32,59.88023952,,,,,,,,,,,,,,,,,,,,,,,,,,,,,,,,,,,,,,,,,7711.0118,GJTest_s2,0,2,Ab-SBJ-N2-GO-INTR-LOC-N4.mp3,0,19.2274,6,2,22.791,23.0044,7743.7393,,,,,,Ab-SBJ-N2-GO-INTR-LOC-N4.mp3,0,,,,,,,,,,,,,,,,,,,,,,,,,,0,0,0,8,1
,,,,,,,,,,,,,,,,,,,,,,,,,2,,,153556,2006.09.19,2026-05-09_20h53.02.263,BrocantoHPilot1WOSession2,2025.2.4,Win32,59.88023952,,,,,,,,,,,,,,,,,,,,,,,,,,,,,,,,,,,,,,,,,7744.249,GJTest_s2,1,2,Aa-SBJ-N4-JUMP-INTR.mp3,0,1.1222,6,1,3.1268,3.8821,7749.0958,,,,,,Aa-SBJ-N4-JUMP-INTR.mp3,0,,,,,,,,,,,,,,,,,,,,,,,,,,0,1,1,6,1
,,,,,,,,,,,,,,,,,,,,,,,,,2,,,153556,2006.09.19,2026-05-09_20h53.02.263,BrocantoHPilot1WOSession2,2025.2.4,Win32,59.88023952,,,,,,,,,,,,,,,,,,,,,,,,,,,,,,,,,,,,,,,,,7749.6104,GJTest_s2,2,2,Aa-SBJ-N1-HIDE-INTR-Ab-LOC-N5.mp3,0,0.5225,6,1,4.0037,4.4775,7755.7298,,,,,,Aa-SBJ-N1-HIDE-INTR-Ab-LOC-N5.mp3,0,,,,,,,,,,,,,,,,,,,,,,,,,,0,2,2,7,1
,,,,,,,,,,,,,,,,,,,,,,,,,2,,,153556,2006.09.19,2026-05-09_20h53.02.263,BrocantoHPilot1WOSession2,2025.2.4,Win32,59.88023952,,,,,,,,,,,,,,,,,,,,,,,,,,,,,,,,,,,,,,,,,7756.2425,GJTest_s2,3,2,OBJ-N5-SBJ-N2-Ab-HIDE-TR-Ab-LOC-N1-LOC-N3.mp3,,2.3767,4,1,11.9918,12.7591,7769.958,,,,,,OBJ-N5-SBJ-N2-Ab-HIDE-TR-Ab-LOC-N1-LOC-N3.mp3,,,,,,,,,,,,,,,,,,,,,,,,,,,0,3,3,15,1
,,,,,,,,,,,,,,,,,,,,,,,,,2,,,153556,2006.09.19,2026-05-09_20h53.02.263,BrocantoHPilot1WOSession2,2025.2.4,Win32,59.88023952,,,,,,,,,,,,,,,,,,,,,,,,,,,,,,,,,,,,,,,,,7770.4714,GJTest_s2,4,2,OBJ-N5-Ab-SBJ-N2-HIDE-TR-Ab-LOC-N1.mp3,0,64.7294,3,1,68.5611,69.4823,7840.5949,,,,,,OBJ-N5-Ab-SBJ-N2-HIDE-TR-Ab-LOC-N1.mp3,0,,,,,,,,,,,,,,,,,,,,,,,,,,0,4,4,5,1
,,,,,,,,,,,,,,,,,,,,,,,,,2,,,153556,2006.09.19,2026-05-09_20h53.02.263,BrocantoHPilot1WOSession2,2025.2.4,Win32,59.88023952,,,,,,,,,,,,,,,,,,,,,,,,,,,,,,,,,,,,,,,,,7841.0974,GJTest_s2,5,2,OBJ-N5-SBJ-N1-PUSH-TR.mp3,5,1.6877,6,1,4.4433,4.7972,7847.0162,,,,,,OBJ-N5-SBJ-N1-PUSH-TR.mp3,5,,,,,,,,,,,,,,,,,,,,,,,,,,0,5,5,4,1
,,,,,,,,,,,,,,,,,,,,,,,,,2,,,153556,2006.09.19,2026-05-09_20h53.02.263,BrocantoHPilot1WOSession2,2025.2.4,Win32,59.88023952,,,,,,,,,,,,,,,,,,,,,,,,,,,,,,,,,,,,,,,,,7847.5286,GJTest_s2,6,2,OBJ-N4-Ab-SBJ-N3-REVEAL-TR-Aa-LOC-N5-LOC-N1.mp3,,0.926,5,1,5.3914,5.541,7854.1233,,,,,,OBJ-N4-Ab-SBJ-N3-REVEAL-TR-Aa-LOC-N5-LOC-N1.mp3,,,,,,,,,,,,,,,,,,,,,,,,,,,0,6,6,19,1
,,,,,,,,,,,,,,,,,,,,,,,,,2,,,153556,2006.09.19,2026-05-09_20h53.02.263,BrocantoHPilot1WOSession2,2025.2.4,Win32,59.88023952,,,,,,,,,,,,,,,,,,,,,,,,,,,,,,,,,,,,,,,,,7854.6266,GJTest_s2,7,2,OBJ-N5-SBJ-N1-HIDE-TR-LOC-N2.mp3,6,251.5442,3,6,254.4301,254.8366,8110.3926,,,,,,OBJ-N5-SBJ-N1-HIDE-TR-LOC-N2.mp3,6,,,,,,,,,,,,,,,,,,,,,,,,,,0,7,7,2,1
,,,,,,,,,,,,,,,,,,,,,,,,,2,,,153556,2006.09.19,2026-05-09_20h53.02.263,BrocantoHPilot1WOSession2,2025.2.4,Win32,59.88023952,,,,,,,,,,,,,,,,,,,,,,,,,,,,,,,,,,,,,,,,,8110.9064,GJTest_s2,8,2,SBJ-N1-PUSH-TR.mp3,,0.7478,6,1,2.6354,3.0698,8114.6387,,,,,,SBJ-N1-PUSH-TR.mp3,,,,,,,,,,,,,,,,,,,,,,,,,,,0,8,8,14,1
,,,,,,,,,,,,,,,,,,,,,,,,,2,,,153556,2006.09.19,2026-05-09_20h53.02.263,BrocantoHPilot1WOSession2,2025.2.4,Win32,59.88023952,,,,,,,,,,,,,,,,,,,,,,,,,,,,,,,,,,,,,,,,,8115.1544,GJTest_s2,9,2,OBJ-N1-SBJ-N5-JUMP-INTR.mp3,,1.2595,6,1,3.6037,4.7288,8120.5231,,,,,,OBJ-N1-SBJ-N5-JUMP-INTR.mp3,,,,,,,,,,,,,,,,,,,,,,,,,,,0,9,9,13,1
,,,,,,,,,,,,,,,,,,,,,,,,,2,,,153556,2006.09.19,2026-05-09_20h53.02.263,BrocantoHPilot1WOSession2,2025.2.4,Win32,59.88023952,,,,,,,,,,,,,,,,,,,,,,,,,,,,,,,,,,,,,,,,,8121.0361,GJTest_s2,10,2,Ab-OBJ-N4-SBJ-N3-REVEAL-TR-Aa-LOC-N5.mp3,0,39.1337,4,2,43.0745,43.3429,8165.3352,,,,,,Ab-OBJ-N4-SBJ-N3-REVEAL-TR-Aa-LOC-N5.mp3,0,,,,,,,,,,,,,,,,,,,,,,,,,,0,10,10,9,1
,,,,,,,,,,,,,,,,,,,,,,,,,2,,,153556,2006.09.19,2026-05-09_20h53.02.263,BrocantoHPilot1WOSession2,2025.2.4,Win32,59.88023952,,,,,,,,,,,,,,,,,,,,,,,,,,,,,,,,,,,,,,,,,8165.8382,GJTest_s2,11,2,SBJ-N5-JUMP-INTR.mp3,4,0.9299,6,1,2.6095,3.2643,8169.8256,,,,,,SBJ-N5-JUMP-INTR.mp3,4,,,,,,,,,,,,,,,,,,,,,,,,,,0,11,11,3,1
,,,,,,,,,,,,,,,,,,,,,,,,,2,,,153556,2006.09.19,2026-05-09_20h53.02.263,BrocantoHPilot1WOSession2,2025.2.4,Win32,59.88023952,,,,,,,,,,,,,,,,,,,,,,,,,,,,,,,,,,,,,,,,,8170.335,GJTest_s2,12,2,OBJ-N1-SBJ-N4-JUMP-INTR-Aa.mp3,,0.3207,4,1,3.2663,3.706,8175.0294,,,,,,OBJ-N1-SBJ-N4-JUMP-INTR-Aa.mp3,,,,,,,,,,,,,,,,,,,,,,,,,,,0,12,12,16,1
,,,,,,,,,,,,,,,,,,,,,,,,,2,,,153556,2006.09.19,2026-05-09_20h53.02.263,BrocantoHPilot1WOSession2,2025.2.4,Win32,59.88023952,,,,,,,,,,,,,,,,,,,,,,,,,,,,,,,,,,,,,,,,,8175.5343,GJTest_s2,13,2,OBJ-N1-SBJ-N2-Ab-GO-INTR-LOC-N4.mp3,,0.457,3,1,4.3403,5.0681,8181.7314,,,,,,OBJ-N1-SBJ-N2-Ab-GO-INTR-LOC-N4.mp3,,,,,,,,,,,,,,,,,,,,,,,,,,,0,13,13,18,1
,,,,,,,,,,,,,,,,,,,,,,,,,2,,,153556,2006.09.19,2026-05-09_20h53.02.263,BrocantoHPilot1WOSession2,2025.2.4,Win32,59.88023952,,,,,,,,,,,,,,,,,,,,,,,,,,,,,,,,,,,,,,,,,8182.2483,GJTest_s2,14,2,JUMP-INTR-LOC-N1.mp3,,0.709,1,1,2.593,4.2773,8187.7373,,,,,,JUMP-INTR-LOC-N1.mp3,,,,,,,,,,,,,,,,,,,,,,,,,,,0,14,14,10,1
,,,,,,,,,,,,,,,,,,,,,,,,,2,,,153556,2006.09.19,2026-05-09_20h53.02.263,BrocantoHPilot1WOSession2,2025.2.4,Win32,59.88023952,,,,,,,,,,,,,,,,,,,,,,,,,,,,,,,,,,,,,,,,,8188.2469,GJTest_s2,15,2,SBJ-N1-Aa-HIDE-INTR-Ab-LOC-N5-LOC-N2.mp3,,7.3916,3,1,11.2235,11.368,8200.7291,,,,,,SBJ-N1-Aa-HIDE-INTR-Ab-LOC-N5-LOC-N2.mp3,,,,,,,,,,,,,,,,,,,,,,,,,,,0,15,15,17,1
,,,,,,,,,,,,,,,,,,,,,,,,,2,,,153556,2006.09.19,2026-05-09_20h53.02.263,BrocantoHPilot1WOSession2,2025.2.4,Win32,59.88023952,,,,,,,,,,,,,,,,,,,,,,,,,,,,,,,,,,,,,,,,,8201.2424,GJTest_s2,16,2,OBJ-N5-SBJ-N1-HIDE-TR-LOC-N2-LOC-N3.mp3,,12.0486,4,1,15.9178,16.1723,8218.3265,,,,,,OBJ-N5-SBJ-N1-HIDE-TR-LOC-N2-LOC-N3.mp3,,,,,,,,,,,,,,,,,,,,,,,,,,,0,16,16,12,1
,,,,,,,,,,,,,,,,,,,,,,,,,2,,,153556,2006.09.19,2026-05-09_20h53.02.263,BrocantoHPilot1WOSession2,2025.2.4,Win32,59.88023952,,,,,,,,,,,,,,,,,,,,,,,,,,,,,,,,,,,,,,,,,8218.837,GJTest_s2,17,2,OBJ-N5-SBJ-N2-HIDE-TR-Ab.mp3,,0.6866,1,1,3.2881,7.2151,8226.8153,,,,,,OBJ-N5-SBJ-N2-HIDE-TR-Ab.mp3,,,,,,,,,,,,,,,,,,,,,,,,,,,0,17,17,11,1
,,,,,,,,,,,,,,,,,,,,,,,,,2,,,153556,2006.09.19,2026-05-09_20h53.02.263,BrocantoHPilot1WOSession2,2025.2.4,Win32,59.88023952,,,,,,,,,,,,,,,,,,,,,,,,,,,,,,,,,,,,,,,,,8227.3173,GJTest_s2,18,2,Ab-OBJ-N5-SBJ-N2-HIDE-TR.mp3,3,16.6227,6,1,19.0953,21.9175,8250.7516,,,,,,Ab-OBJ-N5-SBJ-N2-HIDE-TR.mp3,3,,,,,,,,,,,,,,,,,,,,,,,,,,0,18,18,1,1
,,,,,,,,,,,,,,,,,,,,,,,,,2,,,153556,2006.09.19,2026-05-09_20h53.02.263,BrocantoHPilot1WOSession2,2025.2.4,Win32,59.88023952,,,,,,,,,,,,,,,,,,,,,,,,,,,,,,,,,,,,,,,,,8251.2587,GJTest_s2,19,2,SBJ-N2-JUMP-INTR-LOC-N1.mp3,1,0.7956,6,1,3.8724,5.2706,8257.2617,,,,,,SBJ-N2-JUMP-INTR-LOC-N1.mp3,1,,,,,,,,,,,,,,,,,,,,,,,,,,0,19,19,0,1
