wordLearning.exposure.itemIdx,wordLearning.exposure.pass,wordLearning.exposure.image,wordLearning.exposure.audio,wordLearning.test.started,wordLearning.test.targetIdx,wordLearning.test.targetImage,wordLearning.test.optionOrder,wordLearning.test.responseIdx,wordLearning.test.correct,wordLearning.test.streakAfter,wordLearning.test.masteredSnapshot,passiveTrial.started,passive.sessionIndex,passive.movie,passive.sound,passiveTrial.stopped,passiveSelfPaceKey.keys,passiveSelfPaceKey.rt,passiveSelfPaceKey.duration,passiveTrials_s1.thisRepN,passiveTrials_s1.thisTrialN,passiveTrials_s1.thisN,passiveTrials_s1.thisIndex,passiveTrials_s1.ran,sessionIndex,passiveMovie,passiveSound,participant,születési dátum (ÉÉÉÉ.HH.NN),date,expName,psychopyVersion,OS,frameRate,comprehensionTrial.started,comprehension.sessionIndex,comprehension.correctPosition,comprehension.response,comprehension.rt,comprehension.correct,comprehension.t_sentenceAudioEnd,comprehension.t_lastChoiceClick,comprehensionTrial.stopped,comprehensionTrials_s1.thisRepN,comprehensionTrials_s1.thisTrialN,comprehensionTrials_s1.thisN,comprehensionTrials_s1.thisIndex,comprehensionTrials_s1.ran,sentence,video_correct,video_incorrect,productionTrial.started,production.sessionIndex,production.video,production.correct_words,production.all_words,production.correct_words_form,production.all_words_form,production.correct,production.t_firstVideoEnd,production.t_lastWordClick,production.response,productionTrial.stopped,productionTrials_s1.thisRepN,productionTrials_s1.thisTrialN,productionTrials_s1.thisN,productionTrials_s1.thisIndex,productionTrials_s1.ran,video,correct_words,all_words,sentence_form,correct_words_form,all_words_form,familiarityTrial.started,familiarity.testName,familiarity.thisN,familiarity.sessionIndex,familiarity.audio,familiarity.previous_encounters,familiarity.playAttemptTime,familiarity.rating,familiarity.playClickCount,familiarity.t_audioEnd,familiarity.t_lastLikertClick,familiarityTrial.stopped,chunkTest_s1.thisRepN,chunkTest_s1.thisTrialN,chunkTest_s1.thisN,chunkTest_s1.thisIndex,chunkTest_s1.ran,audio,previous_encounters,GJTest_s1.thisRepN,GJTest_s1.thisTrialN,GJTest_s1.thisN,GJTest_s1.thisIndex,GJTest_s1.ran,passiveTrials_s2.thisRepN,passiveTrials_s2.thisTrialN,passiveTrials_s2.thisN,passiveTrials_s2.thisIndex,passiveTrials_s2.ran,comprehensionTrials_s2.thisRepN,comprehensionTrials_s2.thisTrialN,comprehensionTrials_s2.thisN,comprehensionTrials_s2.thisIndex,comprehensionTrials_s2.ran,productionTrials_s2.thisRepN,productionTrials_s2.thisTrialN,productionTrials_s2.thisN,productionTrials_s2.thisIndex,productionTrials_s2.ran,chunkTest_s2.thisRepN,chunkTest_s2.thisTrialN,chunkTest_s2.thisN,chunkTest_s2.thisIndex,chunkTest_s2.ran,GJTest_s2.thisRepN,GJTest_s2.thisTrialN,GJTest_s2.thisN,GJTest_s2.thisIndex,GJTest_s2.ran
2,2,Aa-N1.png,N1.mp3,287.1059,5,N4.png,"4,0,3,5",5,1,5,1111111,311.487,1,SBJ-N1-GO-INTR.mp4,SBJ-N1-GO-INTR.mp3,318.8278,mouse_continue,7.341,,0,0,0,0,1,1,SBJ-N1-GO-INTR.mp4,SBJ-N1-GO-INTR.mp3,348650,2001.04.20.,2026-04-18_09h38.52.342,BrocantoHPilot1WOSession2,2025.2.4,Win32,142.8571429,,,,,,,,,,,,,,,,,,,,,,,,,,,,,,,,,,,,,,,,,,,,,,,,,,,,,,,,,,,,,,,,,,,,,,,,,,,,,,,,,,,,,,,,,
,,,,,,,,,,,,318.8283,1,OBJ-N5-SBJ-N3-REVEAL-TR.mp4,OBJ-N5-SBJ-N3-REVEAL-TR.mp3,351.8003,mouse_continue,32.9721,,0,1,1,1,1,1,OBJ-N5-SBJ-N3-REVEAL-TR.mp4,OBJ-N5-SBJ-N3-REVEAL-TR.mp3,348650,2001.04.20.,2026-04-18_09h38.52.342,BrocantoHPilot1WOSession2,2025.2.4,Win32,142.8571429,,,,,,,,,,,,,,,,,,,,,,,,,,,,,,,,,,,,,,,,,,,,,,,,,,,,,,,,,,,,,,,,,,,,,,,,,,,,,,,,,,,,,,,,,
,,,,,,,,,,,,351.8007,1,OBJ-N5-SBJ-N2-PUSH-TR.mp4,OBJ-N5-SBJ-N2-PUSH-TR.mp3,359.0866,mouse_continue,7.2859,,0,2,2,2,1,1,OBJ-N5-SBJ-N2-PUSH-TR.mp4,OBJ-N5-SBJ-N2-PUSH-TR.mp3,348650,2001.04.20.,2026-04-18_09h38.52.342,BrocantoHPilot1WOSession2,2025.2.4,Win32,142.8571429,,,,,,,,,,,,,,,,,,,,,,,,,,,,,,,,,,,,,,,,,,,,,,,,,,,,,,,,,,,,,,,,,,,,,,,,,,,,,,,,,,,,,,,,,
,,,,,,,,,,,,359.0871,1,SBJ-N1-GO-INTR.mp4,SBJ-N1-GO-INTR.mp3,364.6858,mouse_continue,5.5988,,0,3,3,3,1,1,SBJ-N1-GO-INTR.mp4,SBJ-N1-GO-INTR.mp3,348650,2001.04.20.,2026-04-18_09h38.52.342,BrocantoHPilot1WOSession2,2025.2.4,Win32,142.8571429,,,,,,,,,,,,,,,,,,,,,,,,,,,,,,,,,,,,,,,,,,,,,,,,,,,,,,,,,,,,,,,,,,,,,,,,,,,,,,,,,,,,,,,,,
,,,,,,,,,,,,364.6862,1,OBJ-N5-SBJ-N4-HIDE-TR.mp4,OBJ-N5-SBJ-N4-HIDE-TR.mp3,371.4019,mouse_continue,6.7157,,0,4,4,4,1,1,OBJ-N5-SBJ-N4-HIDE-TR.mp4,OBJ-N5-SBJ-N4-HIDE-TR.mp3,348650,2001.04.20.,2026-04-18_09h38.52.342,BrocantoHPilot1WOSession2,2025.2.4,Win32,142.8571429,,,,,,,,,,,,,,,,,,,,,,,,,,,,,,,,,,,,,,,,,,,,,,,,,,,,,,,,,,,,,,,,,,,,,,,,,,,,,,,,,,,,,,,,,
,,,,,,,,,,,,371.4023,1,SBJ-N2-HIDE-INTR.mp4,SBJ-N2-HIDE-INTR.mp3,377.168,mouse_continue,5.7657,,0,5,5,5,1,1,SBJ-N2-HIDE-INTR.mp4,SBJ-N2-HIDE-INTR.mp3,348650,2001.04.20.,2026-04-18_09h38.52.342,BrocantoHPilot1WOSession2,2025.2.4,Win32,142.8571429,,,,,,,,,,,,,,,,,,,,,,,,,,,,,,,,,,,,,,,,,,,,,,,,,,,,,,,,,,,,,,,,,,,,,,,,,,,,,,,,,,,,,,,,,
,,,,,,,,,,,,377.1684,1,OBJ-N5-SBJ-N3-REVEAL-TR.mp4,OBJ-N5-SBJ-N3-REVEAL-TR.mp3,386.3914,mouse_continue,9.223,,0,6,6,6,1,1,OBJ-N5-SBJ-N3-REVEAL-TR.mp4,OBJ-N5-SBJ-N3-REVEAL-TR.mp3,348650,2001.04.20.,2026-04-18_09h38.52.342,BrocantoHPilot1WOSession2,2025.2.4,Win32,142.8571429,,,,,,,,,,,,,,,,,,,,,,,,,,,,,,,,,,,,,,,,,,,,,,,,,,,,,,,,,,,,,,,,,,,,,,,,,,,,,,,,,,,,,,,,,
,,,,,,,,,,,,386.3918,1,SBJ-N3-JUMP-INTR.mp4,SBJ-N3-JUMP-INTR.mp3,394.8247,mouse_continue,8.433,,0,7,7,7,1,1,SBJ-N3-JUMP-INTR.mp4,SBJ-N3-JUMP-INTR.mp3,348650,2001.04.20.,2026-04-18_09h38.52.342,BrocantoHPilot1WOSession2,2025.2.4,Win32,142.8571429,,,,,,,,,,,,,,,,,,,,,,,,,,,,,,,,,,,,,,,,,,,,,,,,,,,,,,,,,,,,,,,,,,,,,,,,,,,,,,,,,,,,,,,,,
,,,,,,,,,,,,394.825,1,SBJ-N5-REVEAL-INTR.mp4,SBJ-N5-REVEAL-INTR.mp3,400.8677,mouse_continue,6.0427,,0,8,8,8,1,1,SBJ-N5-REVEAL-INTR.mp4,SBJ-N5-REVEAL-INTR.mp3,348650,2001.04.20.,2026-04-18_09h38.52.342,BrocantoHPilot1WOSession2,2025.2.4,Win32,142.8571429,,,,,,,,,,,,,,,,,,,,,,,,,,,,,,,,,,,,,,,,,,,,,,,,,,,,,,,,,,,,,,,,,,,,,,,,,,,,,,,,,,,,,,,,,
,,,,,,,,,,,,400.8681,1,OBJ-N5-SBJ-N4-HIDE-TR.mp4,OBJ-N5-SBJ-N4-HIDE-TR.mp3,409.598,mouse_continue,8.7301,,0,9,9,9,1,1,OBJ-N5-SBJ-N4-HIDE-TR.mp4,OBJ-N5-SBJ-N4-HIDE-TR.mp3,348650,2001.04.20.,2026-04-18_09h38.52.342,BrocantoHPilot1WOSession2,2025.2.4,Win32,142.8571429,,,,,,,,,,,,,,,,,,,,,,,,,,,,,,,,,,,,,,,,,,,,,,,,,,,,,,,,,,,,,,,,,,,,,,,,,,,,,,,,,,,,,,,,,
,,,,,,,,,,,,409.5983,1,SBJ-N3-JUMP-INTR.mp4,SBJ-N3-JUMP-INTR.mp3,414.9186,mouse_continue,5.3203,,0,10,10,10,1,1,SBJ-N3-JUMP-INTR.mp4,SBJ-N3-JUMP-INTR.mp3,348650,2001.04.20.,2026-04-18_09h38.52.342,BrocantoHPilot1WOSession2,2025.2.4,Win32,142.8571429,,,,,,,,,,,,,,,,,,,,,,,,,,,,,,,,,,,,,,,,,,,,,,,,,,,,,,,,,,,,,,,,,,,,,,,,,,,,,,,,,,,,,,,,,
,,,,,,,,,,,,414.919,1,OBJ-N5-SBJ-N2-PUSH-TR.mp4,OBJ-N5-SBJ-N2-PUSH-TR.mp3,424.6569,mouse_continue,9.7379,,0,11,11,11,1,1,OBJ-N5-SBJ-N2-PUSH-TR.mp4,OBJ-N5-SBJ-N2-PUSH-TR.mp3,348650,2001.04.20.,2026-04-18_09h38.52.342,BrocantoHPilot1WOSession2,2025.2.4,Win32,142.8571429,,,,,,,,,,,,,,,,,,,,,,,,,,,,,,,,,,,,,,,,,,,,,,,,,,,,,,,,,,,,,,,,,,,,,,,,,,,,,,,,,,,,,,,,,
,,,,,,,,,,,,424.6573,1,OBJ-N5-SBJ-N1-HIDE-TR.mp4,OBJ-N5-SBJ-N1-HIDE-TR.mp3,433.152,mouse_continue,8.4948,,0,12,12,12,1,1,OBJ-N5-SBJ-N1-HIDE-TR.mp4,OBJ-N5-SBJ-N1-HIDE-TR.mp3,348650,2001.04.20.,2026-04-18_09h38.52.342,BrocantoHPilot1WOSession2,2025.2.4,Win32,142.8571429,,,,,,,,,,,,,,,,,,,,,,,,,,,,,,,,,,,,,,,,,,,,,,,,,,,,,,,,,,,,,,,,,,,,,,,,,,,,,,,,,,,,,,,,,
,,,,,,,,,,,,433.1525,1,SBJ-N2-HIDE-INTR.mp4,SBJ-N2-HIDE-INTR.mp3,438.8824,mouse_continue,5.73,,0,13,13,13,1,1,SBJ-N2-HIDE-INTR.mp4,SBJ-N2-HIDE-INTR.mp3,348650,2001.04.20.,2026-04-18_09h38.52.342,BrocantoHPilot1WOSession2,2025.2.4,Win32,142.8571429,,,,,,,,,,,,,,,,,,,,,,,,,,,,,,,,,,,,,,,,,,,,,,,,,,,,,,,,,,,,,,,,,,,,,,,,,,,,,,,,,,,,,,,,,
,,,,,,,,,,,,438.8828,1,OBJ-N5-SBJ-N2-PUSH-TR.mp4,OBJ-N5-SBJ-N2-PUSH-TR.mp3,444.2447,mouse_continue,5.3619,,0,14,14,14,1,1,OBJ-N5-SBJ-N2-PUSH-TR.mp4,OBJ-N5-SBJ-N2-PUSH-TR.mp3,348650,2001.04.20.,2026-04-18_09h38.52.342,BrocantoHPilot1WOSession2,2025.2.4,Win32,142.8571429,,,,,,,,,,,,,,,,,,,,,,,,,,,,,,,,,,,,,,,,,,,,,,,,,,,,,,,,,,,,,,,,,,,,,,,,,,,,,,,,,,,,,,,,,
,,,,,,,,,,,,444.245,1,SBJ-N3-GO-INTR.mp4,SBJ-N3-GO-INTR.mp3,449.5722,mouse_continue,5.3273,,0,15,15,15,1,1,SBJ-N3-GO-INTR.mp4,SBJ-N3-GO-INTR.mp3,348650,2001.04.20.,2026-04-18_09h38.52.342,BrocantoHPilot1WOSession2,2025.2.4,Win32,142.8571429,,,,,,,,,,,,,,,,,,,,,,,,,,,,,,,,,,,,,,,,,,,,,,,,,,,,,,,,,,,,,,,,,,,,,,,,,,,,,,,,,,,,,,,,,
,,,,,,,,,,,,449.5727,1,SBJ-N4-REVEAL-INTR.mp4,SBJ-N4-REVEAL-INTR.mp3,454.866,mouse_continue,5.2934,,0,16,16,16,1,1,SBJ-N4-REVEAL-INTR.mp4,SBJ-N4-REVEAL-INTR.mp3,348650,2001.04.20.,2026-04-18_09h38.52.342,BrocantoHPilot1WOSession2,2025.2.4,Win32,142.8571429,,,,,,,,,,,,,,,,,,,,,,,,,,,,,,,,,,,,,,,,,,,,,,,,,,,,,,,,,,,,,,,,,,,,,,,,,,,,,,,,,,,,,,,,,
,,,,,,,,,,,,454.8664,1,OBJ-N5-SBJ-N3-REVEAL-TR.mp4,OBJ-N5-SBJ-N3-REVEAL-TR.mp3,462.0411,mouse_continue,7.1749,,0,17,17,17,1,1,OBJ-N5-SBJ-N3-REVEAL-TR.mp4,OBJ-N5-SBJ-N3-REVEAL-TR.mp3,348650,2001.04.20.,2026-04-18_09h38.52.342,BrocantoHPilot1WOSession2,2025.2.4,Win32,142.8571429,,,,,,,,,,,,,,,,,,,,,,,,,,,,,,,,,,,,,,,,,,,,,,,,,,,,,,,,,,,,,,,,,,,,,,,,,,,,,,,,,,,,,,,,,
,,,,,,,,,,,,462.0414,1,SBJ-N5-JUMP-INTR.mp4,SBJ-N5-JUMP-INTR.mp3,467.341,mouse_continue,5.2996,,0,18,18,18,1,1,SBJ-N5-JUMP-INTR.mp4,SBJ-N5-JUMP-INTR.mp3,348650,2001.04.20.,2026-04-18_09h38.52.342,BrocantoHPilot1WOSession2,2025.2.4,Win32,142.8571429,,,,,,,,,,,,,,,,,,,,,,,,,,,,,,,,,,,,,,,,,,,,,,,,,,,,,,,,,,,,,,,,,,,,,,,,,,,,,,,,,,,,,,,,,
,,,,,,,,,,,,467.3414,1,SBJ-N3-GO-INTR.mp4,SBJ-N3-GO-INTR.mp3,472.87,mouse_continue,5.5286,,0,19,19,19,1,1,SBJ-N3-GO-INTR.mp4,SBJ-N3-GO-INTR.mp3,348650,2001.04.20.,2026-04-18_09h38.52.342,BrocantoHPilot1WOSession2,2025.2.4,Win32,142.8571429,,,,,,,,,,,,,,,,,,,,,,,,,,,,,,,,,,,,,,,,,,,,,,,,,,,,,,,,,,,,,,,,,,,,,,,,,,,,,,,,,,,,,,,,,
,,,,,,,,,,,,472.8702,1,OBJ-N5-SBJ-N3-REVEAL-TR.mp4,OBJ-N5-SBJ-N3-REVEAL-TR.mp3,478.4269,mouse_continue,5.5567,,0,20,20,20,1,1,OBJ-N5-SBJ-N3-REVEAL-TR.mp4,OBJ-N5-SBJ-N3-REVEAL-TR.mp3,348650,2001.04.20.,2026-04-18_09h38.52.342,BrocantoHPilot1WOSession2,2025.2.4,Win32,142.8571429,,,,,,,,,,,,,,,,,,,,,,,,,,,,,,,,,,,,,,,,,,,,,,,,,,,,,,,,,,,,,,,,,,,,,,,,,,,,,,,,,,,,,,,,,
,,,,,,,,,,,,478.4272,1,OBJ-N5-SBJ-N1-REVEAL-TR.mp4,OBJ-N5-SBJ-N1-REVEAL-TR.mp3,483.9488,mouse_continue,5.5217,,0,21,21,21,1,1,OBJ-N5-SBJ-N1-REVEAL-TR.mp4,OBJ-N5-SBJ-N1-REVEAL-TR.mp3,348650,2001.04.20.,2026-04-18_09h38.52.342,BrocantoHPilot1WOSession2,2025.2.4,Win32,142.8571429,,,,,,,,,,,,,,,,,,,,,,,,,,,,,,,,,,,,,,,,,,,,,,,,,,,,,,,,,,,,,,,,,,,,,,,,,,,,,,,,,,,,,,,,,
,,,,,,,,,,,,483.9493,1,OBJ-N5-SBJ-N2-PUSH-TR-LOC-N4.mp4,OBJ-N5-SBJ-N2-PUSH-TR-LOC-N4.mp3,504.9112,mouse_continue,20.9619,,0,22,22,22,1,1,OBJ-N5-SBJ-N2-PUSH-TR-LOC-N4.mp4,OBJ-N5-SBJ-N2-PUSH-TR-LOC-N4.mp3,348650,2001.04.20.,2026-04-18_09h38.52.342,BrocantoHPilot1WOSession2,2025.2.4,Win32,142.8571429,,,,,,,,,,,,,,,,,,,,,,,,,,,,,,,,,,,,,,,,,,,,,,,,,,,,,,,,,,,,,,,,,,,,,,,,,,,,,,,,,,,,,,,,,
,,,,,,,,,,,,504.9116,1,SBJ-N4-REVEAL-INTR-LOC-N5.mp4,SBJ-N4-REVEAL-INTR-LOC-N5.mp3,510.2873,mouse_continue,5.3759,,0,23,23,23,1,1,SBJ-N4-REVEAL-INTR-LOC-N5.mp4,SBJ-N4-REVEAL-INTR-LOC-N5.mp3,348650,2001.04.20.,2026-04-18_09h38.52.342,BrocantoHPilot1WOSession2,2025.2.4,Win32,142.8571429,,,,,,,,,,,,,,,,,,,,,,,,,,,,,,,,,,,,,,,,,,,,,,,,,,,,,,,,,,,,,,,,,,,,,,,,,,,,,,,,,,,,,,,,,
,,,,,,,,,,,,510.2877,1,OBJ-N5-SBJ-N1-HIDE-TR-LOC-N2.mp4,OBJ-N5-SBJ-N1-HIDE-TR-LOC-N2.mp3,523.2416,mouse_continue,12.9539,,0,24,24,24,1,1,OBJ-N5-SBJ-N1-HIDE-TR-LOC-N2.mp4,OBJ-N5-SBJ-N1-HIDE-TR-LOC-N2.mp3,348650,2001.04.20.,2026-04-18_09h38.52.342,BrocantoHPilot1WOSession2,2025.2.4,Win32,142.8571429,,,,,,,,,,,,,,,,,,,,,,,,,,,,,,,,,,,,,,,,,,,,,,,,,,,,,,,,,,,,,,,,,,,,,,,,,,,,,,,,,,,,,,,,,
,,,,,,,,,,,,523.2419,1,SBJ-N2-REVEAL-INTR-LOC-N5.mp4,SBJ-N2-REVEAL-INTR-LOC-N5.mp3,528.979,mouse_continue,5.7371,,0,25,25,25,1,1,SBJ-N2-REVEAL-INTR-LOC-N5.mp4,SBJ-N2-REVEAL-INTR-LOC-N5.mp3,348650,2001.04.20.,2026-04-18_09h38.52.342,BrocantoHPilot1WOSession2,2025.2.4,Win32,142.8571429,,,,,,,,,,,,,,,,,,,,,,,,,,,,,,,,,,,,,,,,,,,,,,,,,,,,,,,,,,,,,,,,,,,,,,,,,,,,,,,,,,,,,,,,,
,,,,,,,,,,,,528.9794,1,OBJ-N5-SBJ-N1-PUSH-TR-LOC-N2.mp4,OBJ-N5-SBJ-N1-PUSH-TR-LOC-N2.mp3,535.2868,mouse_continue,6.3075,,0,26,26,26,1,1,OBJ-N5-SBJ-N1-PUSH-TR-LOC-N2.mp4,OBJ-N5-SBJ-N1-PUSH-TR-LOC-N2.mp3,348650,2001.04.20.,2026-04-18_09h38.52.342,BrocantoHPilot1WOSession2,2025.2.4,Win32,142.8571429,,,,,,,,,,,,,,,,,,,,,,,,,,,,,,,,,,,,,,,,,,,,,,,,,,,,,,,,,,,,,,,,,,,,,,,,,,,,,,,,,,,,,,,,,
,,,,,,,,,,,,535.2872,1,SBJ-N3-REVEAL-INTR-LOC-N4.mp4,SBJ-N3-REVEAL-INTR-LOC-N4.mp3,540.7673,mouse_continue,5.4802,,0,27,27,27,1,1,SBJ-N3-REVEAL-INTR-LOC-N4.mp4,SBJ-N3-REVEAL-INTR-LOC-N4.mp3,348650,2001.04.20.,2026-04-18_09h38.52.342,BrocantoHPilot1WOSession2,2025.2.4,Win32,142.8571429,,,,,,,,,,,,,,,,,,,,,,,,,,,,,,,,,,,,,,,,,,,,,,,,,,,,,,,,,,,,,,,,,,,,,,,,,,,,,,,,,,,,,,,,,
,,,,,,,,,,,,540.7678,1,OBJ-N5-SBJ-N4-HIDE-TR-LOC-N3.mp4,OBJ-N5-SBJ-N4-HIDE-TR-LOC-N3.mp3,547.1359,mouse_continue,6.3681,,0,28,28,28,1,1,OBJ-N5-SBJ-N4-HIDE-TR-LOC-N3.mp4,OBJ-N5-SBJ-N4-HIDE-TR-LOC-N3.mp3,348650,2001.04.20.,2026-04-18_09h38.52.342,BrocantoHPilot1WOSession2,2025.2.4,Win32,142.8571429,,,,,,,,,,,,,,,,,,,,,,,,,,,,,,,,,,,,,,,,,,,,,,,,,,,,,,,,,,,,,,,,,,,,,,,,,,,,,,,,,,,,,,,,,
,,,,,,,,,,,,547.1362,1,OBJ-N5-SBJ-N3-REVEAL-TR-LOC-N4.mp4,OBJ-N5-SBJ-N3-REVEAL-TR-LOC-N4.mp3,552.9852,mouse_continue,5.8491,,0,29,29,29,1,1,OBJ-N5-SBJ-N3-REVEAL-TR-LOC-N4.mp4,OBJ-N5-SBJ-N3-REVEAL-TR-LOC-N4.mp3,348650,2001.04.20.,2026-04-18_09h38.52.342,BrocantoHPilot1WOSession2,2025.2.4,Win32,142.8571429,,,,,,,,,,,,,,,,,,,,,,,,,,,,,,,,,,,,,,,,,,,,,,,,,,,,,,,,,,,,,,,,,,,,,,,,,,,,,,,,,,,,,,,,,
,,,,,,,,,,,,552.9856,1,OBJ-N5-SBJ-N2-PUSH-TR-LOC-N4.mp4,OBJ-N5-SBJ-N2-PUSH-TR-LOC-N4.mp3,558.8537,mouse_continue,5.8682,,0,30,30,30,1,1,OBJ-N5-SBJ-N2-PUSH-TR-LOC-N4.mp4,OBJ-N5-SBJ-N2-PUSH-TR-LOC-N4.mp3,348650,2001.04.20.,2026-04-18_09h38.52.342,BrocantoHPilot1WOSession2,2025.2.4,Win32,142.8571429,,,,,,,,,,,,,,,,,,,,,,,,,,,,,,,,,,,,,,,,,,,,,,,,,,,,,,,,,,,,,,,,,,,,,,,,,,,,,,,,,,,,,,,,,
,,,,,,,,,,,,558.8541,1,OBJ-N5-SBJ-N1-REVEAL-TR.mp4,OBJ-N5-SBJ-N1-REVEAL-TR.mp3,564.223,mouse_continue,5.3691,,0,31,31,31,1,1,OBJ-N5-SBJ-N1-REVEAL-TR.mp4,OBJ-N5-SBJ-N1-REVEAL-TR.mp3,348650,2001.04.20.,2026-04-18_09h38.52.342,BrocantoHPilot1WOSession2,2025.2.4,Win32,142.8571429,,,,,,,,,,,,,,,,,,,,,,,,,,,,,,,,,,,,,,,,,,,,,,,,,,,,,,,,,,,,,,,,,,,,,,,,,,,,,,,,,,,,,,,,,
,,,,,,,,,,,,564.2234,1,OBJ-N5-SBJ-N4-HIDE-TR-LOC-N2.mp4,OBJ-N5-SBJ-N4-HIDE-TR-LOC-N2.mp3,570.0168,mouse_continue,5.7934,,0,32,32,32,1,1,OBJ-N5-SBJ-N4-HIDE-TR-LOC-N2.mp4,OBJ-N5-SBJ-N4-HIDE-TR-LOC-N2.mp3,348650,2001.04.20.,2026-04-18_09h38.52.342,BrocantoHPilot1WOSession2,2025.2.4,Win32,142.8571429,,,,,,,,,,,,,,,,,,,,,,,,,,,,,,,,,,,,,,,,,,,,,,,,,,,,,,,,,,,,,,,,,,,,,,,,,,,,,,,,,,,,,,,,,
,,,,,,,,,,,,570.0171,1,SBJ-N5-JUMP-INTR.mp4,SBJ-N5-JUMP-INTR.mp3,575.3992,mouse_continue,5.382,,0,33,33,33,1,1,SBJ-N5-JUMP-INTR.mp4,SBJ-N5-JUMP-INTR.mp3,348650,2001.04.20.,2026-04-18_09h38.52.342,BrocantoHPilot1WOSession2,2025.2.4,Win32,142.8571429,,,,,,,,,,,,,,,,,,,,,,,,,,,,,,,,,,,,,,,,,,,,,,,,,,,,,,,,,,,,,,,,,,,,,,,,,,,,,,,,,,,,,,,,,
,,,,,,,,,,,,575.3995,1,Aa-SBJ-N5-HIDE-INTR.mp4,Aa-SBJ-N5-HIDE-INTR.mp3,580.9421,mouse_continue,5.5426,,0,34,34,34,1,1,Aa-SBJ-N5-HIDE-INTR.mp4,Aa-SBJ-N5-HIDE-INTR.mp3,348650,2001.04.20.,2026-04-18_09h38.52.342,BrocantoHPilot1WOSession2,2025.2.4,Win32,142.8571429,,,,,,,,,,,,,,,,,,,,,,,,,,,,,,,,,,,,,,,,,,,,,,,,,,,,,,,,,,,,,,,,,,,,,,,,,,,,,,,,,,,,,,,,,
,,,,,,,,,,,,580.9425,1,SBJ-N5-GO-INTR-LOC-N3.mp4,SBJ-N5-GO-INTR-LOC-N3.mp3,586.6525,mouse_continue,5.7101,,0,35,35,35,1,1,SBJ-N5-GO-INTR-LOC-N3.mp4,SBJ-N5-GO-INTR-LOC-N3.mp3,348650,2001.04.20.,2026-04-18_09h38.52.342,BrocantoHPilot1WOSession2,2025.2.4,Win32,142.8571429,,,,,,,,,,,,,,,,,,,,,,,,,,,,,,,,,,,,,,,,,,,,,,,,,,,,,,,,,,,,,,,,,,,,,,,,,,,,,,,,,,,,,,,,,
,,,,,,,,,,,,586.6529,1,SBJ-N2-JUMP-INTR-LOC-N1.mp4,SBJ-N2-JUMP-INTR-LOC-N1.mp3,592.2502,mouse_continue,5.5973,,0,36,36,36,1,1,SBJ-N2-JUMP-INTR-LOC-N1.mp4,SBJ-N2-JUMP-INTR-LOC-N1.mp3,348650,2001.04.20.,2026-04-18_09h38.52.342,BrocantoHPilot1WOSession2,2025.2.4,Win32,142.8571429,,,,,,,,,,,,,,,,,,,,,,,,,,,,,,,,,,,,,,,,,,,,,,,,,,,,,,,,,,,,,,,,,,,,,,,,,,,,,,,,,,,,,,,,,
,,,,,,,,,,,,592.2505,1,SBJ-N3-GO-INTR-LOC-N2.mp4,SBJ-N3-GO-INTR-LOC-N2.mp3,597.7244,mouse_continue,5.4739,,0,37,37,37,1,1,SBJ-N3-GO-INTR-LOC-N2.mp4,SBJ-N3-GO-INTR-LOC-N2.mp3,348650,2001.04.20.,2026-04-18_09h38.52.342,BrocantoHPilot1WOSession2,2025.2.4,Win32,142.8571429,,,,,,,,,,,,,,,,,,,,,,,,,,,,,,,,,,,,,,,,,,,,,,,,,,,,,,,,,,,,,,,,,,,,,,,,,,,,,,,,,,,,,,,,,
,,,,,,,,,,,,597.7248,1,SBJ-N5-HIDE-INTR-LOC-N3.mp4,SBJ-N5-HIDE-INTR-LOC-N3.mp3,604.8155,mouse_continue,7.0908,,0,38,38,38,1,1,SBJ-N5-HIDE-INTR-LOC-N3.mp4,SBJ-N5-HIDE-INTR-LOC-N3.mp3,348650,2001.04.20.,2026-04-18_09h38.52.342,BrocantoHPilot1WOSession2,2025.2.4,Win32,142.8571429,,,,,,,,,,,,,,,,,,,,,,,,,,,,,,,,,,,,,,,,,,,,,,,,,,,,,,,,,,,,,,,,,,,,,,,,,,,,,,,,,,,,,,,,,
,,,,,,,,,,,,604.816,1,SBJ-N1-HIDE-INTR-LOC-N3.mp4,SBJ-N1-HIDE-INTR-LOC-N3.mp3,612.0464,mouse_continue,7.2303,,0,39,39,39,1,1,SBJ-N1-HIDE-INTR-LOC-N3.mp4,SBJ-N1-HIDE-INTR-LOC-N3.mp3,348650,2001.04.20.,2026-04-18_09h38.52.342,BrocantoHPilot1WOSession2,2025.2.4,Win32,142.8571429,,,,,,,,,,,,,,,,,,,,,,,,,,,,,,,,,,,,,,,,,,,,,,,,,,,,,,,,,,,,,,,,,,,,,,,,,,,,,,,,,,,,,,,,,
,,,,,,,,,,,,612.0467,1,OBJ-N5-SBJ-N4-HIDE-TR.mp4,OBJ-N5-SBJ-N4-HIDE-TR.mp3,617.6379,mouse_continue,5.5913,,0,40,40,40,1,1,OBJ-N5-SBJ-N4-HIDE-TR.mp4,OBJ-N5-SBJ-N4-HIDE-TR.mp3,348650,2001.04.20.,2026-04-18_09h38.52.342,BrocantoHPilot1WOSession2,2025.2.4,Win32,142.8571429,,,,,,,,,,,,,,,,,,,,,,,,,,,,,,,,,,,,,,,,,,,,,,,,,,,,,,,,,,,,,,,,,,,,,,,,,,,,,,,,,,,,,,,,,
,,,,,,,,,,,,617.6383,1,OBJ-N5-SBJ-N1-HIDE-TR-LOC-N2.mp4,OBJ-N5-SBJ-N1-HIDE-TR-LOC-N2.mp3,623.2364,mouse_continue,5.5981,,0,41,41,41,1,1,OBJ-N5-SBJ-N1-HIDE-TR-LOC-N2.mp4,OBJ-N5-SBJ-N1-HIDE-TR-LOC-N2.mp3,348650,2001.04.20.,2026-04-18_09h38.52.342,BrocantoHPilot1WOSession2,2025.2.4,Win32,142.8571429,,,,,,,,,,,,,,,,,,,,,,,,,,,,,,,,,,,,,,,,,,,,,,,,,,,,,,,,,,,,,,,,,,,,,,,,,,,,,,,,,,,,,,,,,
,,,,,,,,,,,,,,,,,,,,,,,,,1,,,348650,2001.04.20.,2026-04-18_09h38.52.342,BrocantoHPilot1WOSession2,2025.2.4,Win32,142.8571429,639.3799,1,2,2,54.2405,1,50.6447,54.2405,695.4263,0,0,0,0,1,OBJ-N5-SBJ-N2-HIDE-TR.mp3,OBJ-N5-SBJ-N2-HIDE-TR.mp4,OBJ-N5-SBJ-N2-REVEAL-TR.mp4,,,,,,,,,,,,,,,,,,,,,,,,,,,,,,,,,,,,,,,,,,,,,,,,,,,,,,,,,,,,,,,,,,,,,,,,
,,,,,,,,,,,,,,,,,,,,,,,,,1,,,348650,2001.04.20.,2026-04-18_09h38.52.342,BrocantoHPilot1WOSession2,2025.2.4,Win32,142.8571429,695.4267,1,1,1,21.1101,1,20.888,21.1101,718.1814,0,1,1,1,1,SBJ-N5-HIDE-INTR.mp3,SBJ-N5-HIDE-INTR.mp4,SBJ-N5-GO-INTR.mp4,,,,,,,,,,,,,,,,,,,,,,,,,,,,,,,,,,,,,,,,,,,,,,,,,,,,,,,,,,,,,,,,,,,,,,,,
,,,,,,,,,,,,,,,,,,,,,,,,,1,,,348650,2001.04.20.,2026-04-18_09h38.52.342,BrocantoHPilot1WOSession2,2025.2.4,Win32,142.8571429,718.1816,1,2,2,11.8443,1,12.2402,11.8443,731.7331,0,2,2,2,1,SBJ-N5-JUMP-INTR.mp3,SBJ-N5-JUMP-INTR.mp4,SBJ-N5-HIDE-INTR.mp4,,,,,,,,,,,,,,,,,,,,,,,,,,,,,,,,,,,,,,,,,,,,,,,,,,,,,,,,,,,,,,,,,,,,,,,,
,,,,,,,,,,,,,,,,,,,,,,,,,1,,,348650,2001.04.20.,2026-04-18_09h38.52.342,BrocantoHPilot1WOSession2,2025.2.4,Win32,142.8571429,731.7333,1,2,2,24.4358,1,23.5119,24.4358,758.0098,0,3,3,3,1,OBJ-N5-SBJ-N3-REVEAL-TR.mp3,OBJ-N5-SBJ-N3-REVEAL-TR.mp4,OBJ-N3-SBJ-N5-PUSH-TR.mp4,,,,,,,,,,,,,,,,,,,,,,,,,,,,,,,,,,,,,,,,,,,,,,,,,,,,,,,,,,,,,,,,,,,,,,,,
,,,,,,,,,,,,,,,,,,,,,,,,,1,,,348650,2001.04.20.,2026-04-18_09h38.52.342,BrocantoHPilot1WOSession2,2025.2.4,Win32,142.8571429,758.0101,1,2,2,29.3134,1,25.8387,29.3134,789.1001,0,4,4,4,1,OBJ-N5-SBJ-N3-PUSH-TR.mp3,OBJ-N5-SBJ-N3-PUSH-TR.mp4,OBJ-N3-SBJ-N5-PUSH-TR.mp4,,,,,,,,,,,,,,,,,,,,,,,,,,,,,,,,,,,,,,,,,,,,,,,,,,,,,,,,,,,,,,,,,,,,,,,,
,,,,,,,,,,,,,,,,,,,,,,,,,1,,,348650,2001.04.20.,2026-04-18_09h38.52.342,BrocantoHPilot1WOSession2,2025.2.4,Win32,142.8571429,789.1004,1,1,1,15.2343,1,15.0185,15.2343,805.9024,0,5,5,5,1,SBJ-N1-HIDE-INTR.mp3,SBJ-N1-HIDE-INTR.mp4,SBJ-N1-REVEAL-INTR.mp4,,,,,,,,,,,,,,,,,,,,,,,,,,,,,,,,,,,,,,,,,,,,,,,,,,,,,,,,,,,,,,,,,,,,,,,,
,,,,,,,,,,,,,,,,,,,,,,,,,1,,,348650,2001.04.20.,2026-04-18_09h38.52.342,BrocantoHPilot1WOSession2,2025.2.4,Win32,142.8571429,805.9028,1,2,2,15.2199,1,14.8033,15.2199,822.8715,0,6,6,6,1,OBJ-N5-SBJ-N4-HIDE-TR.mp3,OBJ-N5-SBJ-N4-HIDE-TR.mp4,OBJ-N4-SBJ-N5-REVEAL-TR.mp4,,,,,,,,,,,,,,,,,,,,,,,,,,,,,,,,,,,,,,,,,,,,,,,,,,,,,,,,,,,,,,,,,,,,,,,,
,,,,,,,,,,,,,,,,,,,,,,,,,1,,,348650,2001.04.20.,2026-04-18_09h38.52.342,BrocantoHPilot1WOSession2,2025.2.4,Win32,142.8571429,822.8718,1,2,2,16.045,1,16.0727,16.045,840.4379,0,7,7,7,1,SBJ-N2-REVEAL-INTR.mp3,SBJ-N2-REVEAL-INTR.mp4,SBJ-N2-HIDE-INTR.mp4,,,,,,,,,,,,,,,,,,,,,,,,,,,,,,,,,,,,,,,,,,,,,,,,,,,,,,,,,,,,,,,,,,,,,,,,
,,,,,,,,,,,,,,,,,,,,,,,,,1,,,348650,2001.04.20.,2026-04-18_09h38.52.342,BrocantoHPilot1WOSession2,2025.2.4,Win32,142.8571429,840.4382,1,2,2,25.2485,1,21.442,25.2485,867.2287,0,8,8,8,1,OBJ-N5-SBJ-N4-PUSH-TR.mp3,OBJ-N5-SBJ-N4-PUSH-TR.mp4,OBJ-N4-SBJ-N5-PUSH-TR.mp4,,,,,,,,,,,,,,,,,,,,,,,,,,,,,,,,,,,,,,,,,,,,,,,,,,,,,,,,,,,,,,,,,,,,,,,,
,,,,,,,,,,,,,,,,,,,,,,,,,1,,,348650,2001.04.20.,2026-04-18_09h38.52.342,BrocantoHPilot1WOSession2,2025.2.4,Win32,142.8571429,867.2289,1,2,2,19.2819,1,19.3758,19.2819,887.9972,0,9,9,9,1,SBJ-N1-GO-INTR.mp3,SBJ-N1-GO-INTR.mp4,SBJ-N1-HIDE-INTR.mp4,,,,,,,,,,,,,,,,,,,,,,,,,,,,,,,,,,,,,,,,,,,,,,,,,,,,,,,,,,,,,,,,,,,,,,,,
,,,,,,,,,,,,,,,,,,,,,,,,,1,,,348650,2001.04.20.,2026-04-18_09h38.52.342,BrocantoHPilot1WOSession2,2025.2.4,Win32,142.8571429,887.9975,1,1,1,15.2548,1,15.5674,15.2548,905.1824,0,10,10,10,1,SBJ-N4-REVEAL-INTR.mp3,SBJ-N4-REVEAL-INTR.mp4,SBJ-N4-JUMP-INTR.mp4,,,,,,,,,,,,,,,,,,,,,,,,,,,,,,,,,,,,,,,,,,,,,,,,,,,,,,,,,,,,,,,,,,,,,,,,
,,,,,,,,,,,,,,,,,,,,,,,,,1,,,348650,2001.04.20.,2026-04-18_09h38.52.342,BrocantoHPilot1WOSession2,2025.2.4,Win32,142.8571429,905.1827,1,2,2,25.2059,1,16.9194,25.2059,932.2988,0,11,11,11,1,OBJ-N5-SBJ-N4-REVEAL-TR.mp3,OBJ-N5-SBJ-N4-REVEAL-TR.mp4,OBJ-N4-SBJ-N5-PUSH-TR.mp4,,,,,,,,,,,,,,,,,,,,,,,,,,,,,,,,,,,,,,,,,,,,,,,,,,,,,,,,,,,,,,,,,,,,,,,,
,,,,,,,,,,,,,,,,,,,,,,,,,1,,,348650,2001.04.20.,2026-04-18_09h38.52.342,BrocantoHPilot1WOSession2,2025.2.4,Win32,142.8571429,932.2991,1,2,2,13.6139,1,13.6556,13.6139,947.5662,0,12,12,12,1,SBJ-N3-JUMP-INTR.mp3,SBJ-N3-JUMP-INTR.mp4,SBJ-N3-GO-INTR.mp4,,,,,,,,,,,,,,,,,,,,,,,,,,,,,,,,,,,,,,,,,,,,,,,,,,,,,,,,,,,,,,,,,,,,,,,,
,,,,,,,,,,,,,,,,,,,,,,,,,1,,,348650,2001.04.20.,2026-04-18_09h38.52.342,BrocantoHPilot1WOSession2,2025.2.4,Win32,142.8571429,947.5665,1,2,2,12.9747,1,13.211,12.9747,962.1389,0,13,13,13,1,OBJ-N5-SBJ-N4-PUSH-TR.mp3,OBJ-N5-SBJ-N4-PUSH-TR.mp4,OBJ-N4-SBJ-N5-PUSH-TR.mp4,,,,,,,,,,,,,,,,,,,,,,,,,,,,,,,,,,,,,,,,,,,,,,,,,,,,,,,,,,,,,,,,,,,,,,,,
,,,,,,,,,,,,,,,,,,,,,,,,,1,,,348650,2001.04.20.,2026-04-18_09h38.52.342,BrocantoHPilot1WOSession2,2025.2.4,Win32,142.8571429,962.1391,1,1,1,19.61,1,19.7211,19.61,983.3797,0,14,14,14,1,OBJ-N5-SBJ-N4-REVEAL-TR.mp3,OBJ-N5-SBJ-N4-REVEAL-TR.mp4,OBJ-N4-SBJ-N5-HIDE-TR.mp4,,,,,,,,,,,,,,,,,,,,,,,,,,,,,,,,,,,,,,,,,,,,,,,,,,,,,,,,,,,,,,,,,,,,,,,,
,,,,,,,,,,,,,,,,,,,,,,,,,1,,,348650,2001.04.20.,2026-04-18_09h38.52.342,BrocantoHPilot1WOSession2,2025.2.4,Win32,142.8571429,983.3801,1,1,1,13.0929,1,13.1623,13.0929,998.0983,0,15,15,15,1,SBJ-N5-GO-INTR.mp3,SBJ-N5-GO-INTR.mp4,SBJ-N5-HIDE-INTR.mp4,,,,,,,,,,,,,,,,,,,,,,,,,,,,,,,,,,,,,,,,,,,,,,,,,,,,,,,,,,,,,,,,,,,,,,,,
,,,,,,,,,,,,,,,,,,,,,,,,,1,,,348650,2001.04.20.,2026-04-18_09h38.52.342,BrocantoHPilot1WOSession2,2025.2.4,Win32,142.8571429,998.0986,1,2,2,14.7322,1,14.8016,14.7322,1014.4076,0,16,16,16,1,SBJ-N1-HIDE-INTR.mp3,SBJ-N1-HIDE-INTR.mp4,SBJ-N1-REVEAL-INTR.mp4,,,,,,,,,,,,,,,,,,,,,,,,,,,,,,,,,,,,,,,,,,,,,,,,,,,,,,,,,,,,,,,,,,,,,,,,
,,,,,,,,,,,,,,,,,,,,,,,,,1,,,348650,2001.04.20.,2026-04-18_09h38.52.342,BrocantoHPilot1WOSession2,2025.2.4,Win32,142.8571429,1014.4078,1,2,2,30.6525,1,20.6432,30.6525,1046.5814,0,17,17,17,1,OBJ-N5-SBJ-N3-HIDE-TR.mp3,OBJ-N5-SBJ-N3-HIDE-TR.mp4,OBJ-N3-SBJ-N5-HIDE-TR.mp4,,,,,,,,,,,,,,,,,,,,,,,,,,,,,,,,,,,,,,,,,,,,,,,,,,,,,,,,,,,,,,,,,,,,,,,,
,,,,,,,,,,,,,,,,,,,,,,,,,1,,,348650,2001.04.20.,2026-04-18_09h38.52.342,BrocantoHPilot1WOSession2,2025.2.4,Win32,142.8571429,1046.5817,1,1,1,13.621,1,13.7321,13.621,1061.6335,0,18,18,18,1,SBJ-N5-REVEAL-INTR.mp3,SBJ-N5-REVEAL-INTR.mp4,SBJ-N5-JUMP-INTR.mp4,,,,,,,,,,,,,,,,,,,,,,,,,,,,,,,,,,,,,,,,,,,,,,,,,,,,,,,,,,,,,,,,,,,,,,,,
,,,,,,,,,,,,,,,,,,,,,,,,,1,,,348650,2001.04.20.,2026-04-18_09h38.52.342,BrocantoHPilot1WOSession2,2025.2.4,Win32,142.8571429,1061.6337,1,2,2,12.7804,1,13.2736,12.7804,1076.3034,0,19,19,19,1,SBJ-N5-GO-INTR.mp3,SBJ-N5-GO-INTR.mp4,SBJ-N5-JUMP-INTR.mp4,,,,,,,,,,,,,,,,,,,,,,,,,,,,,,,,,,,,,,,,,,,,,,,,,,,,,,,,,,,,,,,,,,,,,,,,
,,,,,,,,,,,,,,,,,,,,,,,,,1,,,348650,2001.04.20.,2026-04-18_09h38.52.342,BrocantoHPilot1WOSession2,2025.2.4,Win32,142.8571429,1076.3036,1,2,2,24.8614,1,24.382,24.8614,1102.6983,0,20,20,20,1,OBJ-N5-SBJ-N1-HIDE-TR.mp3,OBJ-N5-SBJ-N1-HIDE-TR.mp4,OBJ-N1-SBJ-N5-REVEAL-TR.mp4,,,,,,,,,,,,,,,,,,,,,,,,,,,,,,,,,,,,,,,,,,,,,,,,,,,,,,,,,,,,,,,,,,,,,,,,
,,,,,,,,,,,,,,,,,,,,,,,,,1,,,348650,2001.04.20.,2026-04-18_09h38.52.342,BrocantoHPilot1WOSession2,2025.2.4,Win32,142.8571429,1102.6989,1,1,1,42.6964,1,,42.6964,1147.4723,0,21,21,21,1,OBJ-N5-SBJ-N4-REVEAL-TR.mp3,OBJ-N5-SBJ-N4-REVEAL-TR.mp4,OBJ-N4-SBJ-N5-REVEAL-TR.mp4,,,,,,,,,,,,,,,,,,,,,,,,,,,,,,,,,,,,,,,,,,,,,,,,,,,,,,,,,,,,,,,,,,,,,,,,
,,,,,,,,,,,,,,,,,,,,,,,,,1,,,348650,2001.04.20.,2026-04-18_09h38.52.342,BrocantoHPilot1WOSession2,2025.2.4,Win32,142.8571429,1147.4725,1,2,2,36.7804,1,36.7178,36.7804,1185.7516,0,22,22,22,1,SBJ-N2-REVEAL-INTR-LOC-N4.mp3,SBJ-N2-REVEAL-INTR-LOC-N4.mp4,SBJ-N4-JUMP-INTR-LOC-N2.mp4,,,,,,,,,,,,,,,,,,,,,,,,,,,,,,,,,,,,,,,,,,,,,,,,,,,,,,,,,,,,,,,,,,,,,,,,
,,,,,,,,,,,,,,,,,,,,,,,,,1,,,348650,2001.04.20.,2026-04-18_09h38.52.342,BrocantoHPilot1WOSession2,2025.2.4,Win32,142.8571429,1185.7518,1,2,2,30.3191,1,,30.3191,1217.8769,0,23,23,23,1,OBJ-N5-SBJ-N4-PUSH-TR-LOC-N2.mp3,OBJ-N5-SBJ-N4-PUSH-TR-LOC-N2.mp4,OBJ-N4-SBJ-N5-PUSH-TR-LOC-N2.mp4,,,,,,,,,,,,,,,,,,,,,,,,,,,,,,,,,,,,,,,,,,,,,,,,,,,,,,,,,,,,,,,,,,,,,,,,
,,,,,,,,,,,,,,,,,,,,,,,,,1,,,348650,2001.04.20.,2026-04-18_09h38.52.342,BrocantoHPilot1WOSession2,2025.2.4,Win32,142.8571429,1217.8773,1,1,1,22.4027,1,22.727,22.4027,1241.7919,0,24,24,24,1,OBJ-N5-SBJ-N4-HIDE-TR-LOC-N2.mp3,OBJ-N5-SBJ-N4-HIDE-TR-LOC-N2.mp4,OBJ-N5-SBJ-N2-REVEAL-TR-LOC-N4.mp4,,,,,,,,,,,,,,,,,,,,,,,,,,,,,,,,,,,,,,,,,,,,,,,,,,,,,,,,,,,,,,,,,,,,,,,,
,,,,,,,,,,,,,,,,,,,,,,,,,1,,,348650,2001.04.20.,2026-04-18_09h38.52.342,BrocantoHPilot1WOSession2,2025.2.4,Win32,142.8571429,1241.7922,1,2,2,34.0646,1,,34.0646,1277.3624,0,25,25,25,1,SBJ-N2-REVEAL-INTR-LOC-N4.mp3,SBJ-N2-REVEAL-INTR-LOC-N4.mp4,SBJ-N4-REVEAL-INTR-LOC-N2.mp4,,,,,,,,,,,,,,,,,,,,,,,,,,,,,,,,,,,,,,,,,,,,,,,,,,,,,,,,,,,,,,,,,,,,,,,,
,,,,,,,,,,,,,,,,,,,,,,,,,1,,,348650,2001.04.20.,2026-04-18_09h38.52.342,BrocantoHPilot1WOSession2,2025.2.4,Win32,142.8571429,1277.3627,1,2,2,15.2618,1,14.3656,15.2618,1294.7283,0,26,26,26,1,SBJ-N5-REVEAL-INTR-LOC-N4.mp3,SBJ-N5-REVEAL-INTR-LOC-N4.mp4,SBJ-N4-JUMP-INTR-LOC-N5.mp4,,,,,,,,,,,,,,,,,,,,,,,,,,,,,,,,,,,,,,,,,,,,,,,,,,,,,,,,,,,,,,,,,,,,,,,,
,,,,,,,,,,,,,,,,,,,,,,,,,1,,,348650,2001.04.20.,2026-04-18_09h38.52.342,BrocantoHPilot1WOSession2,2025.2.4,Win32,142.8571429,1294.7285,1,2,2,72.286,1,,72.286,1368.6122,0,27,27,27,1,OBJ-N5-SBJ-N4-REVEAL-TR-LOC-N1.mp3,OBJ-N5-SBJ-N4-REVEAL-TR-LOC-N1.mp4,OBJ-N4-SBJ-N5-REVEAL-TR-LOC-N1.mp4,,,,,,,,,,,,,,,,,,,,,,,,,,,,,,,,,,,,,,,,,,,,,,,,,,,,,,,,,,,,,,,,,,,,,,,,
,,,,,,,,,,,,,,,,,,,,,,,,,1,,,348650,2001.04.20.,2026-04-18_09h38.52.342,BrocantoHPilot1WOSession2,2025.2.4,Win32,142.8571429,1368.6125,1,2,2,22.1591,1,,22.1591,1392.291,0,28,28,28,1,OBJ-N5-SBJ-N1-HIDE-TR-LOC-N2.mp3,OBJ-N5-SBJ-N1-HIDE-TR-LOC-N2.mp4,OBJ-N1-SBJ-N5-REVEAL-TR-LOC-N2.mp4,,,,,,,,,,,,,,,,,,,,,,,,,,,,,,,,,,,,,,,,,,,,,,,,,,,,,,,,,,,,,,,,,,,,,,,,
,,,,,,,,,,,,,,,,,,,,,,,,,1,,,348650,2001.04.20.,2026-04-18_09h38.52.342,BrocantoHPilot1WOSession2,2025.2.4,Win32,142.8571429,1392.2913,1,2,2,45.4476,1,45.8226,45.4476,1439.26,0,29,29,29,1,OBJ-N5-SBJ-N2-PUSH-TR-LOC-N4.mp3,OBJ-N5-SBJ-N2-PUSH-TR-LOC-N4.mp4,OBJ-N2-SBJ-N5-PUSH-TR-LOC-N4.mp4,,,,,,,,,,,,,,,,,,,,,,,,,,,,,,,,,,,,,,,,,,,,,,,,,,,,,,,,,,,,,,,,,,,,,,,,
,,,,,,,,,,,,,,,,,,,,,,,,,1,,,348650,2001.04.20.,2026-04-18_09h38.52.342,BrocantoHPilot1WOSession2,2025.2.4,Win32,142.8571429,1439.2603,1,1,1,33.271,1,19.7,33.271,1474.6151,0,30,30,30,1,OBJ-N5-SBJ-N1-REVEAL-TR-LOC-N3.mp3,OBJ-N5-SBJ-N1-REVEAL-TR-LOC-N3.mp4,OBJ-N3-SBJ-N1-HIDE-TR-LOC-N5.mp4,,,,,,,,,,,,,,,,,,,,,,,,,,,,,,,,,,,,,,,,,,,,,,,,,,,,,,,,,,,,,,,,,,,,,,,,
,,,,,,,,,,,,,,,,,,,,,,,,,1,,,348650,2001.04.20.,2026-04-18_09h38.52.342,BrocantoHPilot1WOSession2,2025.2.4,Win32,142.8571429,1474.6153,1,2,2,15.7741,1,,15.7741,1491.7995,0,31,31,31,1,SBJ-N3-GO-INTR.mp3,SBJ-N3-GO-INTR.mp4,SBJ-N3-HIDE-INTR.mp4,,,,,,,,,,,,,,,,,,,,,,,,,,,,,,,,,,,,,,,,,,,,,,,,,,,,,,,,,,,,,,,,,,,,,,,,
,,,,,,,,,,,,,,,,,,,,,,,,,1,,,348650,2001.04.20.,2026-04-18_09h38.52.342,BrocantoHPilot1WOSession2,2025.2.4,Win32,142.8571429,1491.7997,1,1,1,25.2554,1,,25.2554,1518.5693,0,32,32,32,1,OBJ-N5-SBJ-N3-PUSH-TR-LOC-N4.mp3,OBJ-N5-SBJ-N3-PUSH-TR-LOC-N4.mp4,OBJ-N4-SBJ-N3-PUSH-TR-LOC-N5.mp4,,,,,,,,,,,,,,,,,,,,,,,,,,,,,,,,,,,,,,,,,,,,,,,,,,,,,,,,,,,,,,,,,,,,,,,,
,,,,,,,,,,,,,,,,,,,,,,,,,1,,,348650,2001.04.20.,2026-04-18_09h38.52.342,BrocantoHPilot1WOSession2,2025.2.4,Win32,142.8571429,1518.5696,1,1,1,15.5534,1,15.4633,15.5534,1536.4136,0,33,33,33,1,OBJ-N5-Ab-SBJ-N1-HIDE-TR.mp3,OBJ-N5-Ab-SBJ-N1-HIDE-TR.mp4,OBJ-N5-Aa-SBJ-N1-PUSH-TR.mp4,,,,,,,,,,,,,,,,,,,,,,,,,,,,,,,,,,,,,,,,,,,,,,,,,,,,,,,,,,,,,,,,,,,,,,,,
,,,,,,,,,,,,,,,,,,,,,,,,,1,,,348650,2001.04.20.,2026-04-18_09h38.52.342,BrocantoHPilot1WOSession2,2025.2.4,Win32,142.8571429,1536.4138,1,2,2,22.0897,1,20.3323,22.0897,1559.9677,0,34,34,34,1,SBJ-N1-JUMP-INTR.mp3,SBJ-N1-JUMP-INTR.mp4,SBJ-N1-GO-INTR.mp4,,,,,,,,,,,,,,,,,,,,,,,,,,,,,,,,,,,,,,,,,,,,,,,,,,,,,,,,,,,,,,,,,,,,,,,,
,,,,,,,,,,,,,,,,,,,,,,,,,1,,,348650,2001.04.20.,2026-04-18_09h38.52.342,BrocantoHPilot1WOSession2,2025.2.4,Win32,142.8571429,1559.9679,1,2,2,16.9078,1,16.0185,16.9078,1578.5968,0,35,35,35,1,SBJ-N2-HIDE-INTR-LOC-N3.mp3,SBJ-N2-HIDE-INTR-LOC-N3.mp4,SBJ-N3-GO-INTR-LOC-N2.mp4,,,,,,,,,,,,,,,,,,,,,,,,,,,,,,,,,,,,,,,,,,,,,,,,,,,,,,,,,,,,,,,,,,,,,,,,
,,,,,,,,,,,,,,,,,,,,,,,,,1,,,348650,2001.04.20.,2026-04-18_09h38.52.342,BrocantoHPilot1WOSession2,2025.2.4,Win32,142.8571429,1578.597,1,2,2,29.5481,1,,29.5481,1609.7009,0,36,36,36,1,SBJ-N4-HIDE-INTR-LOC-N5.mp3,SBJ-N4-HIDE-INTR-LOC-N5.mp4,SBJ-N5-HIDE-INTR-LOC-N4.mp4,,,,,,,,,,,,,,,,,,,,,,,,,,,,,,,,,,,,,,,,,,,,,,,,,,,,,,,,,,,,,,,,,,,,,,,,
,,,,,,,,,,,,,,,,,,,,,,,,,1,,,348650,2001.04.20.,2026-04-18_09h38.52.342,BrocantoHPilot1WOSession2,2025.2.4,Win32,142.8571429,1609.7012,1,1,1,14.8659,1,,14.8659,1626.1421,0,37,37,37,1,SBJ-N5-GO-INTR-LOC-N4.mp3,SBJ-N5-GO-INTR-LOC-N4.mp4,SBJ-N4-REVEAL-INTR-LOC-N5.mp4,,,,,,,,,,,,,,,,,,,,,,,,,,,,,,,,,,,,,,,,,,,,,,,,,,,,,,,,,,,,,,,,,,,,,,,,
,,,,,,,,,,,,,,,,,,,,,,,,,1,,,348650,2001.04.20.,2026-04-18_09h38.52.342,BrocantoHPilot1WOSession2,2025.2.4,Win32,142.8571429,1626.1424,1,2,2,13.6973,1,,13.6973,1641.4303,0,38,38,38,1,SBJ-N3-JUMP-INTR-LOC-N2.mp3,SBJ-N3-JUMP-INTR-LOC-N2.mp4,SBJ-N2-JUMP-INTR-LOC-N3.mp4,,,,,,,,,,,,,,,,,,,,,,,,,,,,,,,,,,,,,,,,,,,,,,,,,,,,,,,,,,,,,,,,,,,,,,,,
,,,,,,,,,,,,,,,,,,,,,,,,,1,,,348650,2001.04.20.,2026-04-18_09h38.52.342,BrocantoHPilot1WOSession2,2025.2.4,Win32,142.8571429,1641.4305,1,1,1,20.1433,1,20.4767,20.1433,1663.2963,0,39,39,39,1,SBJ-N4-JUMP-INTR-LOC-N1.mp3,SBJ-N4-JUMP-INTR-LOC-N1.mp4,SBJ-N1-REVEAL-INTR-LOC-N4.mp4,,,,,,,,,,,,,,,,,,,,,,,,,,,,,,,,,,,,,,,,,,,,,,,,,,,,,,,,,,,,,,,,,,,,,,,,
,,,,,,,,,,,,,,,,,,,,,,,,,1,,,348650,2001.04.20.,2026-04-18_09h38.52.342,BrocantoHPilot1WOSession2,2025.2.4,Win32,142.8571429,1663.2966,1,2,1,28.8187,0,25.1304,28.8187,1693.8866,0,40,40,40,1,Ab-OBJ-N5-SBJ-N2-HIDE-TR.mp3,Ab-OBJ-N5-SBJ-N2-HIDE-TR.mp4,OBJ-N2-Aa-SBJ-N5-HIDE-TR.mp4,,,,,,,,,,,,,,,,,,,,,,,,,,,,,,,,,,,,,,,,,,,,,,,,,,,,,,,,,,,,,,,,,,,,,,,,
,,,,,,,,,,,,,,,,,,,,,,,,,1,,,348650,2001.04.20.,2026-04-18_09h38.52.342,BrocantoHPilot1WOSession2,2025.2.4,Win32,142.8571429,1693.8869,1,1,1,58.9365,1,47.0603,58.9365,1754.414,0,41,41,41,1,OBJ-N5-SBJ-N3-REVEAL-TR-LOC-N4.mp3,OBJ-N5-SBJ-N3-REVEAL-TR-LOC-N4.mp4,OBJ-N4-SBJ-N3-REVEAL-TR-LOC-N5.mp4,,,,,,,,,,,,,,,,,,,,,,,,,,,,,,,,,,,,,,,,,,,,,,,,,,,,,,,,,,,,,,,,,,,,,,,,
,,,,,,,,,,,,,,,,,,,,,,,,,1,,,348650,2001.04.20.,2026-04-18_09h38.52.342,BrocantoHPilot1WOSession2,2025.2.4,Win32,142.8571429,,,,,,,,,,,,,,,OBJ.N5 SBJ.N4 HIDE-TR,,,1771.1826,1,OBJ-N5-SBJ-N4-HIDE-TR.mp4,N5|N4|HIDE,JUMP|N5|N4|HIDE|Ab|N2|REVEAL,timó|dabi|zsübe,bonip|timó|dabi|zsübe|zsot|murak|girda,1,11.6268,17.6142,timó dabi zsübe,1802.1501,0,0,0,0,1,OBJ-N5-SBJ-N4-HIDE-TR.mp4,N5|N4|HIDE,JUMP|N5|N4|HIDE|Ab|N2|REVEAL,timó dabi zsübe,timó|dabi|zsübe,bonip|timó|dabi|zsübe|zsot|murak|girda,,,,,,,,,,,,,,,,,,,,,,,,,,,,,,,,,,,,,,,,,,,,,,,,,
,,,,,,,,,,,,,,,,,,,,,,,,,1,,,348650,2001.04.20.,2026-04-18_09h38.52.342,BrocantoHPilot1WOSession2,2025.2.4,Win32,142.8571429,,,,,,,,,,,,,,,SBJ.N3 JUMP-INTR,,,1802.6543,1,SBJ-N3-JUMP-INTR.mp4,N3|JUMP,N2|N1|Aa|JUMP|Ab|N3,zilép|bonip,murak|pekli|gyék|bonip|zsot|zilép,1,7.7307,9.7252,zilép bonip,1815.153,0,1,1,1,1,SBJ-N3-JUMP-INTR.mp4,N3|JUMP,N2|N1|Aa|JUMP|Ab|N3,zilép bonip,zilép|bonip,murak|pekli|gyék|bonip|zsot|zilép,,,,,,,,,,,,,,,,,,,,,,,,,,,,,,,,,,,,,,,,,,,,,,,,,
,,,,,,,,,,,,,,,,,,,,,,,,,1,,,348650,2001.04.20.,2026-04-18_09h38.52.342,BrocantoHPilot1WOSession2,2025.2.4,Win32,142.8571429,,,,,,,,,,,,,,,SBJ.N4 GO-INTR,,,1815.6571,1,SBJ-N4-GO-INTR.mp4,N4|GO,N4|REVEAL|N2|N1|GO|JUMP,dabi|kávler,dabi|girda|murak|pekli|kávler|bonip,1,6.9181,9.12,dabi kávler,1827.3154,0,2,2,2,1,SBJ-N4-GO-INTR.mp4,N4|GO,N4|REVEAL|N2|N1|GO|JUMP,dabi kávler,dabi|kávler,dabi|girda|murak|pekli|kávler|bonip,,,,,,,,,,,,,,,,,,,,,,,,,,,,,,,,,,,,,,,,,,,,,,,,,
,,,,,,,,,,,,,,,,,,,,,,,,,1,,,348650,2001.04.20.,2026-04-18_09h38.52.342,BrocantoHPilot1WOSession2,2025.2.4,Win32,142.8571429,,,,,,,,,,,,,,,OBJ.N5 SBJ.N4 PUSH-TR,,,1827.8196,1,OBJ-N5-SBJ-N4-PUSH-TR.mp4,N5|N4|PUSH,N2|GO|N1|JUMP|N5|PUSH|N4,timó|dabi|vánta,murak|kávler|pekli|bonip|timó|vánta|dabi,1,5.7165,10.3704,timó dabi vánta,1840.3931,0,3,3,3,1,OBJ-N5-SBJ-N4-PUSH-TR.mp4,N5|N4|PUSH,N2|GO|N1|JUMP|N5|PUSH|N4,timó dabi vánta,timó|dabi|vánta,murak|kávler|pekli|bonip|timó|vánta|dabi,,,,,,,,,,,,,,,,,,,,,,,,,,,,,,,,,,,,,,,,,,,,,,,,,
,,,,,,,,,,,,,,,,,,,,,,,,,1,,,348650,2001.04.20.,2026-04-18_09h38.52.342,BrocantoHPilot1WOSession2,2025.2.4,Win32,142.8571429,,,,,,,,,,,,,,,OBJ.N5 SBJ.N3 REVEAL-TR,,,1840.8991,1,OBJ-N5-SBJ-N3-REVEAL-TR.mp4,N5|N3|REVEAL,REVEAL|Ab|PUSH|N3|N5|Aa|N1,timó|zilép|girda,girda|zsot|vánta|zilép|timó|gyék|pekli,1,7.1195,13.607,timó zilép girda,1857.912,0,4,4,4,1,OBJ-N5-SBJ-N3-REVEAL-TR.mp4,N5|N3|REVEAL,REVEAL|Ab|PUSH|N3|N5|Aa|N1,timó zilép girda,timó|zilép|girda,girda|zsot|vánta|zilép|timó|gyék|pekli,,,,,,,,,,,,,,,,,,,,,,,,,,,,,,,,,,,,,,,,,,,,,,,,,
,,,,,,,,,,,,,,,,,,,,,,,,,1,,,348650,2001.04.20.,2026-04-18_09h38.52.342,BrocantoHPilot1WOSession2,2025.2.4,Win32,142.8571429,,,,,,,,,,,,,,,SBJ.N4 HIDE-INTR,,,1858.4168,1,SBJ-N4-HIDE-INTR.mp4,N4|HIDE,Ab|GO|HIDE|N4|Aa|JUMP,dabi|zsübe,zsot|kávler|zsübe|dabi|gyék|bonip,1,6.4379,8.8642,dabi zsübe,1869.6789,0,5,5,5,1,SBJ-N4-HIDE-INTR.mp4,N4|HIDE,Ab|GO|HIDE|N4|Aa|JUMP,dabi zsübe,dabi|zsübe,zsot|kávler|zsübe|dabi|gyék|bonip,,,,,,,,,,,,,,,,,,,,,,,,,,,,,,,,,,,,,,,,,,,,,,,,,
,,,,,,,,,,,,,,,,,,,,,,,,,1,,,348650,2001.04.20.,2026-04-18_09h38.52.342,BrocantoHPilot1WOSession2,2025.2.4,Win32,142.8571429,,,,,,,,,,,,,,,OBJ.N5 SBJ.N4 PUSH-TR,,,1870.1843,1,OBJ-N5-SBJ-N4-PUSH-TR.mp4,N5|N4|PUSH,N5|Aa|N3|Ab|PUSH|N1|N4,timó|dabi|vánta,timó|gyék|zilép|zsot|vánta|pekli|dabi,1,4.8472,7.7645,timó dabi vánta,1881.4728,0,6,6,6,1,OBJ-N5-SBJ-N4-PUSH-TR.mp4,N5|N4|PUSH,N5|Aa|N3|Ab|PUSH|N1|N4,timó dabi vánta,timó|dabi|vánta,timó|gyék|zilép|zsot|vánta|pekli|dabi,,,,,,,,,,,,,,,,,,,,,,,,,,,,,,,,,,,,,,,,,,,,,,,,,
,,,,,,,,,,,,,,,,,,,,,,,,,1,,,348650,2001.04.20.,2026-04-18_09h38.52.342,BrocantoHPilot1WOSession2,2025.2.4,Win32,142.8571429,,,,,,,,,,,,,,,SBJ.N3 REVEAL-INTR,,,1881.9776,1,SBJ-N3-REVEAL-INTR.mp4,N3|REVEAL,N1|N4|HIDE|N5|REVEAL|N3,zilép|girda,pekli|dabi|zsübe|timó|girda|zilép,1,3.6326,5.0843,zilép girda,1888.9477,0,7,7,7,1,SBJ-N3-REVEAL-INTR.mp4,N3|REVEAL,N1|N4|HIDE|N5|REVEAL|N3,zilép girda,zilép|girda,pekli|dabi|zsübe|timó|girda|zilép,,,,,,,,,,,,,,,,,,,,,,,,,,,,,,,,,,,,,,,,,,,,,,,,,
,,,,,,,,,,,,,,,,,,,,,,,,,1,,,348650,2001.04.20.,2026-04-18_09h38.52.342,BrocantoHPilot1WOSession2,2025.2.4,Win32,142.8571429,,,,,,,,,,,,,,,OBJ.N5 SBJ.N4 REVEAL-TR,,,1889.4515,1,OBJ-N5-SBJ-N4-REVEAL-TR.mp4,N5|N4|REVEAL,Ab|JUMP|N2|REVEAL|N5|PUSH|N4,timó|dabi|girda,zsot|bonip|murak|girda|timó|vánta|dabi,1,5.9387,9.1894,timó dabi girda,1902.8539,0,8,8,8,1,OBJ-N5-SBJ-N4-REVEAL-TR.mp4,N5|N4|REVEAL,Ab|JUMP|N2|REVEAL|N5|PUSH|N4,timó dabi girda,timó|dabi|girda,zsot|bonip|murak|girda|timó|vánta|dabi,,,,,,,,,,,,,,,,,,,,,,,,,,,,,,,,,,,,,,,,,,,,,,,,,
,,,,,,,,,,,,,,,,,,,,,,,,,1,,,348650,2001.04.20.,2026-04-18_09h38.52.342,BrocantoHPilot1WOSession2,2025.2.4,Win32,142.8571429,,,,,,,,,,,,,,,SBJ.N3 JUMP-INTR,,,1903.3574,1,SBJ-N3-JUMP-INTR.mp4,N3|JUMP,JUMP|PUSH|Aa|N3|Ab|GO,zilép|bonip,bonip|vánta|gyék|zilép|zsot|kávler,1,5.8006,10.0933,zilép bonip,1918.2444,0,9,9,9,1,SBJ-N3-JUMP-INTR.mp4,N3|JUMP,JUMP|PUSH|Aa|N3|Ab|GO,zilép bonip,zilép|bonip,bonip|vánta|gyék|zilép|zsot|kávler,,,,,,,,,,,,,,,,,,,,,,,,,,,,,,,,,,,,,,,,,,,,,,,,,
,,,,,,,,,,,,,,,,,,,,,,,,,1,,,348650,2001.04.20.,2026-04-18_09h38.52.342,BrocantoHPilot1WOSession2,2025.2.4,Win32,142.8571429,,,,,,,,,,,,,,,OBJ.N5 SBJ.N4 HIDE-TR,,,1918.7497,1,OBJ-N5-SBJ-N4-HIDE-TR.mp4,N5|N4|HIDE,N4|N3|REVEAL|N5|HIDE|Aa|N1,timó|dabi|zsübe,dabi|zilép|girda|timó|zsübe|gyék|pekli,1,6.7236,11.3704,timó dabi zsübe,1932.5399,0,10,10,10,1,OBJ-N5-SBJ-N4-HIDE-TR.mp4,N5|N4|HIDE,N4|N3|REVEAL|N5|HIDE|Aa|N1,timó dabi zsübe,timó|dabi|zsübe,dabi|zilép|girda|timó|zsübe|gyék|pekli,,,,,,,,,,,,,,,,,,,,,,,,,,,,,,,,,,,,,,,,,,,,,,,,,
,,,,,,,,,,,,,,,,,,,,,,,,,1,,,348650,2001.04.20.,2026-04-18_09h38.52.342,BrocantoHPilot1WOSession2,2025.2.4,Win32,142.8571429,,,,,,,,,,,,,,,SBJ.N2 REVEAL-INTR,,,1933.0445,1,SBJ-N2-REVEAL-INTR.mp4,N2|REVEAL,HIDE|N2|GO|REVEAL|PUSH|N5,murak|girda,zsübe|murak|kávler|girda|vánta|timó,1,7.2584,9.5088,murak girda,1944.8219,0,11,11,11,1,SBJ-N2-REVEAL-INTR.mp4,N2|REVEAL,HIDE|N2|GO|REVEAL|PUSH|N5,murak girda,murak|girda,zsübe|murak|kávler|girda|vánta|timó,,,,,,,,,,,,,,,,,,,,,,,,,,,,,,,,,,,,,,,,,,,,,,,,,
,,,,,,,,,,,,,,,,,,,,,,,,,1,,,348650,2001.04.20.,2026-04-18_09h38.52.342,BrocantoHPilot1WOSession2,2025.2.4,Win32,142.8571429,,,,,,,,,,,,,,,OBJ.N5 SBJ.N4 HIDE-TR,,,1945.3251,1,OBJ-N5-SBJ-N4-HIDE-TR.mp4,N5|N4|HIDE,Ab|HIDE|N4|N3|N2|GO|N5,timó|dabi|zsübe,zsot|zsübe|dabi|zilép|murak|kávler|timó,1,6.1897,9.7669,timó dabi zsübe,1958.3166,0,12,12,12,1,OBJ-N5-SBJ-N4-HIDE-TR.mp4,N5|N4|HIDE,Ab|HIDE|N4|N3|N2|GO|N5,timó dabi zsübe,timó|dabi|zsübe,zsot|zsübe|dabi|zilép|murak|kávler|timó,,,,,,,,,,,,,,,,,,,,,,,,,,,,,,,,,,,,,,,,,,,,,,,,,
,,,,,,,,,,,,,,,,,,,,,,,,,1,,,348650,2001.04.20.,2026-04-18_09h38.52.342,BrocantoHPilot1WOSession2,2025.2.4,Win32,142.8571429,,,,,,,,,,,,,,,SBJ.N1 GO-INTR,,,1958.8211,1,SBJ-N1-GO-INTR.mp4,N1|GO,HIDE|N2|N1|GO|REVEAL|N3,pekli|kávler,zsübe|murak|pekli|kávler|girda|zilép,1,8.2725,23.6242,pekli kávler,1985.5167,0,13,13,13,1,SBJ-N1-GO-INTR.mp4,N1|GO,HIDE|N2|N1|GO|REVEAL|N3,pekli kávler,pekli|kávler,zsübe|murak|pekli|kávler|girda|zilép,,,,,,,,,,,,,,,,,,,,,,,,,,,,,,,,,,,,,,,,,,,,,,,,,
,,,,,,,,,,,,,,,,,,,,,,,,,1,,,348650,2001.04.20.,2026-04-18_09h38.52.342,BrocantoHPilot1WOSession2,2025.2.4,Win32,142.8571429,,,,,,,,,,,,,,,OBJ.N5 SBJ.N3 REVEAL-TR,,,1986.0217,1,OBJ-N5-SBJ-N3-REVEAL-TR.mp4,N5|N3|REVEAL,N5|N4|REVEAL|N3|PUSH|GO|N2,timó|zilép|girda,timó|dabi|girda|zilép|vánta|kávler|murak,1,6.557,10.273,timó zilép girda,1998.1038,0,14,14,14,1,OBJ-N5-SBJ-N3-REVEAL-TR.mp4,N5|N3|REVEAL,N5|N4|REVEAL|N3|PUSH|GO|N2,timó zilép girda,timó|zilép|girda,timó|dabi|girda|zilép|vánta|kávler|murak,,,,,,,,,,,,,,,,,,,,,,,,,,,,,,,,,,,,,,,,,,,,,,,,,
,,,,,,,,,,,,,,,,,,,,,,,,,1,,,348650,2001.04.20.,2026-04-18_09h38.52.342,BrocantoHPilot1WOSession2,2025.2.4,Win32,142.8571429,,,,,,,,,,,,,,,SBJ.N3 JUMP-INTR,,,1998.6079,1,SBJ-N3-JUMP-INTR.mp4,N3|JUMP,JUMP|N2|REVEAL|N5|N3|N4,zilép|bonip,bonip|murak|girda|timó|zilép|dabi,1,5.6607,8.3488,zilép bonip,2010.0368,0,15,15,15,1,SBJ-N3-JUMP-INTR.mp4,N3|JUMP,JUMP|N2|REVEAL|N5|N3|N4,zilép bonip,zilép|bonip,bonip|murak|girda|timó|zilép|dabi,,,,,,,,,,,,,,,,,,,,,,,,,,,,,,,,,,,,,,,,,,,,,,,,,
,,,,,,,,,,,,,,,,,,,,,,,,,1,,,348650,2001.04.20.,2026-04-18_09h38.52.342,BrocantoHPilot1WOSession2,2025.2.4,Win32,142.8571429,,,,,,,,,,,,,,,SBJ.N4 HIDE-INTR,,,2010.5412,1,SBJ-N4-HIDE-INTR.mp4,N4|HIDE,GO|N4|Ab|N1|N2|HIDE,dabi|zsübe,kávler|dabi|zsot|pekli|murak|zsübe,1,7.2584,9.642,dabi zsübe,2031.777,0,16,16,16,1,SBJ-N4-HIDE-INTR.mp4,N4|HIDE,GO|N4|Ab|N1|N2|HIDE,dabi zsübe,dabi|zsübe,kávler|dabi|zsot|pekli|murak|zsübe,,,,,,,,,,,,,,,,,,,,,,,,,,,,,,,,,,,,,,,,,,,,,,,,,
,,,,,,,,,,,,,,,,,,,,,,,,,1,,,348650,2001.04.20.,2026-04-18_09h38.52.342,BrocantoHPilot1WOSession2,2025.2.4,Win32,142.8571429,,,,,,,,,,,,,,,OBJ.N5 SBJ.N2 PUSH-TR,,,2032.2821,1,OBJ-N5-SBJ-N2-PUSH-TR.mp4,N5|N2|PUSH,PUSH|N4|Ab|N1|N2|HIDE|N5,timó|murak|vánta,vánta|dabi|zsot|pekli|murak|zsübe|timó,1,7.2931,10.8703,timó murak vánta,2045.3084,0,17,17,17,1,OBJ-N5-SBJ-N2-PUSH-TR.mp4,N5|N2|PUSH,PUSH|N4|Ab|N1|N2|HIDE|N5,timó murak vánta,timó|murak|vánta,vánta|dabi|zsot|pekli|murak|zsübe|timó,,,,,,,,,,,,,,,,,,,,,,,,,,,,,,,,,,,,,,,,,,,,,,,,,
,,,,,,,,,,,,,,,,,,,,,,,,,1,,,348650,2001.04.20.,2026-04-18_09h38.52.342,BrocantoHPilot1WOSession2,2025.2.4,Win32,142.8571429,,,,,,,,,,,,,,,SBJ.N5 REVEAL-INTR,,,2045.8131,1,SBJ-N5-REVEAL-INTR.mp4,N5|REVEAL,PUSH|N5|GO|REVEAL|JUMP|N4,timó|girda,vánta|timó|kávler|girda|bonip|dabi,1,11.3079,13.3778,timó girda,2062.1448,0,18,18,18,1,SBJ-N5-REVEAL-INTR.mp4,N5|REVEAL,PUSH|N5|GO|REVEAL|JUMP|N4,timó girda,timó|girda,vánta|timó|kávler|girda|bonip|dabi,,,,,,,,,,,,,,,,,,,,,,,,,,,,,,,,,,,,,,,,,,,,,,,,,
,,,,,,,,,,,,,,,,,,,,,,,,,1,,,348650,2001.04.20.,2026-04-18_09h38.52.342,BrocantoHPilot1WOSession2,2025.2.4,Win32,142.8571429,,,,,,,,,,,,,,,SBJ.N3 HIDE-INTR,,,2062.6501,1,SBJ-N3-HIDE-INTR.mp4,N3|HIDE,N2|N3|N5|HIDE|N1|N4,zilép|zsübe,murak|zilép|timó|zsübe|pekli|dabi,1,6.5788,9.7451,zilép zsübe,2075.1897,0,19,19,19,1,SBJ-N3-HIDE-INTR.mp4,N3|HIDE,N2|N3|N5|HIDE|N1|N4,zilép zsübe,zilép|zsübe,murak|zilép|timó|zsübe|pekli|dabi,,,,,,,,,,,,,,,,,,,,,,,,,,,,,,,,,,,,,,,,,,,,,,,,,
,,,,,,,,,,,,,,,,,,,,,,,,,1,,,348650,2001.04.20.,2026-04-18_09h38.52.342,BrocantoHPilot1WOSession2,2025.2.4,Win32,142.8571429,,,,,,,,,,,,,,,OBJ.N5 SBJ.N2 PUSH-TR,,,2075.6948,1,OBJ-N5-SBJ-N2-PUSH-TR.mp4,N5|N2|PUSH,JUMP|N1|N2|N3|PUSH|Ab|N5,timó|murak|vánta,bonip|pekli|murak|zilép|vánta|zsot|timó,1,5.4663,7.7029,timó murak vánta,2086.1301,0,20,20,20,1,OBJ-N5-SBJ-N2-PUSH-TR.mp4,N5|N2|PUSH,JUMP|N1|N2|N3|PUSH|Ab|N5,timó murak vánta,timó|murak|vánta,bonip|pekli|murak|zilép|vánta|zsot|timó,,,,,,,,,,,,,,,,,,,,,,,,,,,,,,,,,,,,,,,,,,,,,,,,,
,,,,,,,,,,,,,,,,,,,,,,,,,1,,,348650,2001.04.20.,2026-04-18_09h38.52.342,BrocantoHPilot1WOSession2,2025.2.4,Win32,142.8571429,,,,,,,,,,,,,,,OBJ.N5 SBJ.N1 PUSH-TR,,,2086.6347,1,OBJ-N5-SBJ-N1-PUSH-TR.mp4,N5|N1|PUSH,JUMP|GO|PUSH|N1|Ab|Aa|N5,timó|pekli|vánta,bonip|kávler|vánta|pekli|zsot|gyék|timó,1,4.9463,10.1071,timó pekli vánta,2099.2928,0,21,21,21,1,OBJ-N5-SBJ-N1-PUSH-TR.mp4,N5|N1|PUSH,JUMP|GO|PUSH|N1|Ab|Aa|N5,timó pekli vánta,timó|pekli|vánta,bonip|kávler|vánta|pekli|zsot|gyék|timó,,,,,,,,,,,,,,,,,,,,,,,,,,,,,,,,,,,,,,,,,,,,,,,,,
,,,,,,,,,,,,,,,,,,,,,,,,,1,,,348650,2001.04.20.,2026-04-18_09h38.52.342,BrocantoHPilot1WOSession2,2025.2.4,Win32,142.8571429,,,,,,,,,,,,,,,OBJ.N5 SBJ.N2 HIDE-TR LOC.N3,,,2099.7974,1,OBJ-N5-SBJ-N2-HIDE-TR-LOC-N3.mp4,N5|N2|HIDE|N3,Aa|N5|N2|HIDE|N4|N1|GO|N3,timó|murak|zsübe|zilép,gyék|timó|murak|zsübe|dabi|pekli|kávler|zilép,1,5.9118,18.1983,timó murak zsübe zilép,2129.2002,0,22,22,22,1,OBJ-N5-SBJ-N2-HIDE-TR-LOC-N3.mp4,N5|N2|HIDE|N3,Aa|N5|N2|HIDE|N4|N1|GO|N3,timó murak zsübe zilép,timó|murak|zsübe|zilép,gyék|timó|murak|zsübe|dabi|pekli|kávler|zilép,,,,,,,,,,,,,,,,,,,,,,,,,,,,,,,,,,,,,,,,,,,,,,,,,
,,,,,,,,,,,,,,,,,,,,,,,,,1,,,348650,2001.04.20.,2026-04-18_09h38.52.342,BrocantoHPilot1WOSession2,2025.2.4,Win32,142.8571429,,,,,,,,,,,,,,,SBJ.N4 REVEAL-INTR LOC.N3,,,2129.7069,1,SBJ-N4-REVEAL-INTR-LOC-N3.mp4,N4|REVEAL|N3,N2|N3|Aa|N5|PUSH|REVEAL|N4,dabi|girda|zilép,murak|zilép|gyék|timó|vánta|girda|dabi,1,5.9942,10.253,dabi girda zilép,2141.852,0,23,23,23,1,SBJ-N4-REVEAL-INTR-LOC-N3.mp4,N4|REVEAL|N3,N2|N3|Aa|N5|PUSH|REVEAL|N4,dabi girda zilép,dabi|girda|zilép,murak|zilép|gyék|timó|vánta|girda|dabi,,,,,,,,,,,,,,,,,,,,,,,,,,,,,,,,,,,,,,,,,,,,,,,,,
,,,,,,,,,,,,,,,,,,,,,,,,,1,,,348650,2001.04.20.,2026-04-18_09h38.52.342,BrocantoHPilot1WOSession2,2025.2.4,Win32,142.8571429,,,,,,,,,,,,,,,SBJ.N4 REVEAL-INTR LOC.N3,,,2142.3554,1,SBJ-N4-REVEAL-INTR-LOC-N3.mp4,N4|REVEAL|N3,HIDE|PUSH|Ab|N3|REVEAL|GO|N4,dabi|girda|zilép,zsübe|vánta|zsot|zilép|girda|kávler|dabi,1,5.3205,9.0714,dabi girda zilép,2154.2415,0,24,24,24,1,SBJ-N4-REVEAL-INTR-LOC-N3.mp4,N4|REVEAL|N3,HIDE|PUSH|Ab|N3|REVEAL|GO|N4,dabi girda zilép,dabi|girda|zilép,zsübe|vánta|zsot|zilép|girda|kávler|dabi,,,,,,,,,,,,,,,,,,,,,,,,,,,,,,,,,,,,,,,,,,,,,,,,,
,,,,,,,,,,,,,,,,,,,,,,,,,1,,,348650,2001.04.20.,2026-04-18_09h38.52.342,BrocantoHPilot1WOSession2,2025.2.4,Win32,142.8571429,,,,,,,,,,,,,,,OBJ.N5 SBJ.N1 PUSH-TR LOC.N2,,,2154.7472,1,OBJ-N5-SBJ-N1-PUSH-TR-LOC-N2.mp4,N5|N1|PUSH|N2,N1|N2|HIDE|PUSH|N5|GO|REVEAL|N3,timó|pekli|vánta|murak,pekli|murak|zsübe|vánta|timó|kávler|girda|zilép,1,5.0426,15.0444,timó pekli vánta murak,2171.762,0,25,25,25,1,OBJ-N5-SBJ-N1-PUSH-TR-LOC-N2.mp4,N5|N1|PUSH|N2,N1|N2|HIDE|PUSH|N5|GO|REVEAL|N3,timó pekli vánta murak,timó|pekli|vánta|murak,pekli|murak|zsübe|vánta|timó|kávler|girda|zilép,,,,,,,,,,,,,,,,,,,,,,,,,,,,,,,,,,,,,,,,,,,,,,,,,
,,,,,,,,,,,,,,,,,,,,,,,,,1,,,348650,2001.04.20.,2026-04-18_09h38.52.342,BrocantoHPilot1WOSession2,2025.2.4,Win32,142.8571429,,,,,,,,,,,,,,,OBJ.N5 SBJ.N1 REVEAL-TR LOC.N3,,,2172.2657,1,OBJ-N5-SBJ-N1-REVEAL-TR-LOC-N3.mp4,N5|N1|REVEAL|N3,N5|N3|GO|N2|HIDE|N1|JUMP|REVEAL,timó|pekli|girda|zilép,timó|zilép|kávler|murak|zsübe|pekli|bonip|girda,1,7.0088,23.942,timó pekli girda zilép,2198.456,0,26,26,26,1,OBJ-N5-SBJ-N1-REVEAL-TR-LOC-N3.mp4,N5|N1|REVEAL|N3,N5|N3|GO|N2|HIDE|N1|JUMP|REVEAL,timó pekli girda zilép,timó|pekli|girda|zilép,timó|zilép|kávler|murak|zsübe|pekli|bonip|girda,,,,,,,,,,,,,,,,,,,,,,,,,,,,,,,,,,,,,,,,,,,,,,,,,
,,,,,,,,,,,,,,,,,,,,,,,,,1,,,348650,2001.04.20.,2026-04-18_09h38.52.342,BrocantoHPilot1WOSession2,2025.2.4,Win32,142.8571429,,,,,,,,,,,,,,,SBJ.N1 REVEAL-INTR LOC.N5,,,2198.9586,1,SBJ-N1-REVEAL-INTR-LOC-N5.mp4,N1|REVEAL|N5,N1|REVEAL|Ab|N4|N5|HIDE|N3,pekli|girda|timó,pekli|girda|zsot|dabi|timó|zsübe|zilép,1,7.1682,10.6205,pekli girda timó,2211.4775,0,27,27,27,1,SBJ-N1-REVEAL-INTR-LOC-N5.mp4,N1|REVEAL|N5,N1|REVEAL|Ab|N4|N5|HIDE|N3,pekli girda timó,pekli|girda|timó,pekli|girda|zsot|dabi|timó|zsübe|zilép,,,,,,,,,,,,,,,,,,,,,,,,,,,,,,,,,,,,,,,,,,,,,,,,,
,,,,,,,,,,,,,,,,,,,,,,,,,1,,,348650,2001.04.20.,2026-04-18_09h38.52.342,BrocantoHPilot1WOSession2,2025.2.4,Win32,142.8571429,,,,,,,,,,,,,,,OBJ.N5 SBJ.N2 PUSH-TR LOC.N3,,,2211.9823,1,OBJ-N5-SBJ-N2-PUSH-TR-LOC-N3.mp4,N5|N2|PUSH|N3,GO|N1|REVEAL|N2|N5|Ab|PUSH|N3,timó|murak|vánta|zilép,kávler|pekli|girda|murak|timó|zsot|vánta|zilép,1,4.4185,12.3149,timó murak vánta zilép,2226.6413,0,28,28,28,1,OBJ-N5-SBJ-N2-PUSH-TR-LOC-N3.mp4,N5|N2|PUSH|N3,GO|N1|REVEAL|N2|N5|Ab|PUSH|N3,timó murak vánta zilép,timó|murak|vánta|zilép,kávler|pekli|girda|murak|timó|zsot|vánta|zilép,,,,,,,,,,,,,,,,,,,,,,,,,,,,,,,,,,,,,,,,,,,,,,,,,
,,,,,,,,,,,,,,,,,,,,,,,,,1,,,348650,2001.04.20.,2026-04-18_09h38.52.342,BrocantoHPilot1WOSession2,2025.2.4,Win32,142.8571429,,,,,,,,,,,,,,,OBJ.N5 SBJ.N1 HIDE-TR LOC.N2,,,2227.1454,1,OBJ-N5-SBJ-N1-HIDE-TR-LOC-N2.mp4,N5|N1|HIDE|N2,HIDE|N2|PUSH|N4|N1|JUMP|Ab|N5,timó|pekli|zsübe|murak,zsübe|murak|vánta|dabi|pekli|bonip|zsot|timó,1,5.7442,16.316,timó pekli zsübe murak,2245.8114,0,29,29,29,1,OBJ-N5-SBJ-N1-HIDE-TR-LOC-N2.mp4,N5|N1|HIDE|N2,HIDE|N2|PUSH|N4|N1|JUMP|Ab|N5,timó pekli zsübe murak,timó|pekli|zsübe|murak,zsübe|murak|vánta|dabi|pekli|bonip|zsot|timó,,,,,,,,,,,,,,,,,,,,,,,,,,,,,,,,,,,,,,,,,,,,,,,,,
,,,,,,,,,,,,,,,,,,,,,,,,,1,,,348650,2001.04.20.,2026-04-18_09h38.52.342,BrocantoHPilot1WOSession2,2025.2.4,Win32,142.8571429,,,,,,,,,,,,,,,OBJ.N5 SBJ.N2 PUSH-TR LOC.N4,,,2246.3163,1,OBJ-N5-SBJ-N2-PUSH-TR-LOC-N4.mp4,N5|N2|PUSH|N4,N5|N4|REVEAL|N1|N2|GO|PUSH|N3,timó|murak|vánta|dabi,timó|dabi|girda|pekli|murak|kávler|vánta|zilép,1,4.6189,14.8712,timó murak vánta dabi,2267.1576,0,30,30,30,1,OBJ-N5-SBJ-N2-PUSH-TR-LOC-N4.mp4,N5|N2|PUSH|N4,N5|N4|REVEAL|N1|N2|GO|PUSH|N3,timó murak vánta dabi,timó|murak|vánta|dabi,timó|dabi|girda|pekli|murak|kávler|vánta|zilép,,,,,,,,,,,,,,,,,,,,,,,,,,,,,,,,,,,,,,,,,,,,,,,,,
,,,,,,,,,,,,,,,,,,,,,,,,,1,,,348650,2001.04.20.,2026-04-18_09h38.52.342,BrocantoHPilot1WOSession2,2025.2.4,Win32,142.8571429,,,,,,,,,,,,,,,OBJ.N5 SBJ.N3 REVEAL-TR,,,2267.6613,1,OBJ-N5-SBJ-N3-REVEAL-TR.mp4,N5|N3|REVEAL,GO|Aa|REVEAL|N3|N5|N1|JUMP,timó|zilép|girda,kávler|gyék|girda|zilép|timó|pekli|bonip,1,6.6194,14.253,timó zilép girda,2293.253,0,31,31,31,1,OBJ-N5-SBJ-N3-REVEAL-TR.mp4,N5|N3|REVEAL,GO|Aa|REVEAL|N3|N5|N1|JUMP,timó zilép girda,timó|zilép|girda,kávler|gyék|girda|zilép|timó|pekli|bonip,,,,,,,,,,,,,,,,,,,,,,,,,,,,,,,,,,,,,,,,,,,,,,,,,
,,,,,,,,,,,,,,,,,,,,,,,,,1,,,348650,2001.04.20.,2026-04-18_09h38.52.342,BrocantoHPilot1WOSession2,2025.2.4,Win32,142.8571429,,,,,,,,,,,,,,,OBJ.N5 SBJ.N3 HIDE-TR LOC.N4,,,2293.7575,1,OBJ-N5-SBJ-N3-HIDE-TR-LOC-N4.mp4,N5|N3|HIDE|N4,N4|N2|JUMP|REVEAL|N3|HIDE|N5|Ab,timó|zilép|zsübe|dabi,dabi|murak|bonip|girda|zilép|zsübe|timó|zsot,1,5.7512,15.677,timó zilép zsübe dabi,2311.7138,0,32,32,32,1,OBJ-N5-SBJ-N3-HIDE-TR-LOC-N4.mp4,N5|N3|HIDE|N4,N4|N2|JUMP|REVEAL|N3|HIDE|N5|Ab,timó zilép zsübe dabi,timó|zilép|zsübe|dabi,dabi|murak|bonip|girda|zilép|zsübe|timó|zsot,,,,,,,,,,,,,,,,,,,,,,,,,,,,,,,,,,,,,,,,,,,,,,,,,
,,,,,,,,,,,,,,,,,,,,,,,,,1,,,348650,2001.04.20.,2026-04-18_09h38.52.342,BrocantoHPilot1WOSession2,2025.2.4,Win32,142.8571429,,,,,,,,,,,,,,,Aa SBJ.N5 JUMP-INTR,,,2312.22,1,Aa-SBJ-N5-JUMP-INTR.mp4,Aa|N5|JUMP,JUMP|N4|GO|N1|Aa|Ab|N5,gyék|timó|bonip,bonip|dabi|kávler|pekli|gyék|zsot|timó,1,4.8076,29.7704,gyék timó bonip,2345.1325,0,33,33,33,1,Aa-SBJ-N5-JUMP-INTR.mp4,Aa|N5|JUMP,JUMP|N4|GO|N1|Aa|Ab|N5,gyék timó bonip,gyék|timó|bonip,bonip|dabi|kávler|pekli|gyék|zsot|timó,,,,,,,,,,,,,,,,,,,,,,,,,,,,,,,,,,,,,,,,,,,,,,,,,
,,,,,,,,,,,,,,,,,,,,,,,,,1,,,348650,2001.04.20.,2026-04-18_09h38.52.342,BrocantoHPilot1WOSession2,2025.2.4,Win32,142.8571429,,,,,,,,,,,,,,,SBJ.N3 HIDE-INTR,,,2345.6373,1,SBJ-N3-HIDE-INTR.mp4,N3|HIDE,HIDE|Aa|REVEAL|GO|N2|N3,zilép|zsübe,zsübe|gyék|girda|kávler|murak|zilép,1,5.8136,11.3774,zilép zsübe,2358.8714,0,34,34,34,1,SBJ-N3-HIDE-INTR.mp4,N3|HIDE,HIDE|Aa|REVEAL|GO|N2|N3,zilép zsübe,zilép|zsübe,zsübe|gyék|girda|kávler|murak|zilép,,,,,,,,,,,,,,,,,,,,,,,,,,,,,,,,,,,,,,,,,,,,,,,,,
,,,,,,,,,,,,,,,,,,,,,,,,,1,,,348650,2001.04.20.,2026-04-18_09h38.52.342,BrocantoHPilot1WOSession2,2025.2.4,Win32,142.8571429,,,,,,,,,,,,,,,SBJ.N3 GO-INTR LOC.N2,,,2359.3764,1,SBJ-N3-GO-INTR-LOC-N2.mp4,N3|GO|N2,GO|PUSH|N3|Ab|N1|HIDE|N2,zilép|kávler|murak,kávler|vánta|zilép|zsot|pekli|zsübe|murak,1,5.5427,10.4814,zilép kávler murak,2373.2918,0,35,35,35,1,SBJ-N3-GO-INTR-LOC-N2.mp4,N3|GO|N2,GO|PUSH|N3|Ab|N1|HIDE|N2,zilép kávler murak,zilép|kávler|murak,kávler|vánta|zilép|zsot|pekli|zsübe|murak,,,,,,,,,,,,,,,,,,,,,,,,,,,,,,,,,,,,,,,,,,,,,,,,,
,,,,,,,,,,,,,,,,,,,,,,,,,1,,,348650,2001.04.20.,2026-04-18_09h38.52.342,BrocantoHPilot1WOSession2,2025.2.4,Win32,142.8571429,,,,,,,,,,,,,,,SBJ.N1 HIDE-INTR LOC.N5,,,2373.7963,1,SBJ-N1-HIDE-INTR-LOC-N5.mp4,N1|HIDE|N5,Ab|PUSH|Aa|N5|N1|REVEAL|HIDE,pekli|zsübe|timó,zsot|vánta|gyék|timó|pekli|girda|zsübe,1,4.62,15.6075,pekli zsübe timó,2391.6431,0,36,36,36,1,SBJ-N1-HIDE-INTR-LOC-N5.mp4,N1|HIDE|N5,Ab|PUSH|Aa|N5|N1|REVEAL|HIDE,pekli zsübe timó,pekli|zsübe|timó,zsot|vánta|gyék|timó|pekli|girda|zsübe,,,,,,,,,,,,,,,,,,,,,,,,,,,,,,,,,,,,,,,,,,,,,,,,,
,,,,,,,,,,,,,,,,,,,,,,,,,1,,,348650,2001.04.20.,2026-04-18_09h38.52.342,BrocantoHPilot1WOSession2,2025.2.4,Win32,142.8571429,,,,,,,,,,,,,,,SBJ.N1 JUMP-INTR LOC.N5,,,2392.1477,1,SBJ-N1-JUMP-INTR-LOC-N5.mp4,N1|JUMP|N5,PUSH|N2|N1|N5|GO|JUMP|Aa,pekli|bonip|timó,vánta|murak|pekli|timó|kávler|bonip|gyék,1,4.8353,9.9198,pekli bonip timó,2404.1955,0,37,37,37,1,SBJ-N1-JUMP-INTR-LOC-N5.mp4,N1|JUMP|N5,PUSH|N2|N1|N5|GO|JUMP|Aa,pekli bonip timó,pekli|bonip|timó,vánta|murak|pekli|timó|kávler|bonip|gyék,,,,,,,,,,,,,,,,,,,,,,,,,,,,,,,,,,,,,,,,,,,,,,,,,
,,,,,,,,,,,,,,,,,,,,,,,,,1,,,348650,2001.04.20.,2026-04-18_09h38.52.342,BrocantoHPilot1WOSession2,2025.2.4,Win32,142.8571429,,,,,,,,,,,,,,,SBJ.N5 GO-INTR LOC.N3,,,2404.6991,1,SBJ-N5-GO-INTR-LOC-N3.mp4,N5|GO|N3,N5|N4|N3|PUSH|GO|HIDE|Aa,timó|kávler|zilép,timó|dabi|zilép|vánta|kávler|zsübe|gyék,1,6.7594,12.6137,timó kávler zilép,2419.0868,0,38,38,38,1,SBJ-N5-GO-INTR-LOC-N3.mp4,N5|GO|N3,N5|N4|N3|PUSH|GO|HIDE|Aa,timó kávler zilép,timó|kávler|zilép,timó|dabi|zilép|vánta|kávler|zsübe|gyék,,,,,,,,,,,,,,,,,,,,,,,,,,,,,,,,,,,,,,,,,,,,,,,,,
,,,,,,,,,,,,,,,,,,,,,,,,,1,,,348650,2001.04.20.,2026-04-18_09h38.52.342,BrocantoHPilot1WOSession2,2025.2.4,Win32,142.8571429,,,,,,,,,,,,,,,SBJ.N5 HIDE-INTR LOC.N2,,,2419.5913,1,SBJ-N5-HIDE-INTR-LOC-N2.mp4,N5|HIDE|N2,HIDE|N2|JUMP|N5|Aa|N3|Ab,timó|zsübe|murak,zsübe|murak|bonip|timó|gyék|zilép|zsot,1,6.6761,10.2393,timó zsübe murak,2431.5909,0,39,39,39,1,SBJ-N5-HIDE-INTR-LOC-N2.mp4,N5|HIDE|N2,HIDE|N2|JUMP|N5|Aa|N3|Ab,timó zsübe murak,timó|zsübe|murak,zsübe|murak|bonip|timó|gyék|zilép|zsot,,,,,,,,,,,,,,,,,,,,,,,,,,,,,,,,,,,,,,,,,,,,,,,,,
,,,,,,,,,,,,,,,,,,,,,,,,,1,,,348650,2001.04.20.,2026-04-18_09h38.52.342,BrocantoHPilot1WOSession2,2025.2.4,Win32,142.8571429,,,,,,,,,,,,,,,OBJ.N5 SBJ.N3 HIDE-TR LOC.N2,,,2432.0942,1,OBJ-N5-SBJ-N3-HIDE-TR-LOC-N2.mp4,N5|N3|HIDE|N2,Aa|Ab|PUSH|REVEAL|N3|HIDE|N2|N5,timó|zilép|zsübe|murak,gyék|zsot|vánta|girda|zilép|zsübe|murak|timó,1,4.5436,20.1294,timó zilép zsübe murak,2454.0812,0,40,40,40,1,OBJ-N5-SBJ-N3-HIDE-TR-LOC-N2.mp4,N5|N3|HIDE|N2,Aa|Ab|PUSH|REVEAL|N3|HIDE|N2|N5,timó zilép zsübe murak,timó|zilép|zsübe|murak,gyék|zsot|vánta|girda|zilép|zsübe|murak|timó,,,,,,,,,,,,,,,,,,,,,,,,,,,,,,,,,,,,,,,,,,,,,,,,,
,,,,,,,,,,,,,,,,,,,,,,,,,1,,,348650,2001.04.20.,2026-04-18_09h38.52.342,BrocantoHPilot1WOSession2,2025.2.4,Win32,142.8571429,,,,,,,,,,,,,,,Ab OBJ.N5 SBJ.N2 HIDE-TR,,,2454.5854,1,Ab-OBJ-N5-SBJ-N2-HIDE-TR.mp4,Ab|N5|N2|HIDE,N1|N5|N4|Ab|HIDE|REVEAL|N2|PUSH,zsot|timó|murak|zsübe,pekli|timó|dabi|zsot|zsübe|girda|murak|vánta,0,6.4387,9.8561,timó murak zsübe,2474.5099,0,41,41,41,1,Ab-OBJ-N5-SBJ-N2-HIDE-TR.mp4,Ab|N5|N2|HIDE,N1|N5|N4|Ab|HIDE|REVEAL|N2|PUSH,zsot timó murak zsübe,zsot|timó|murak|zsübe,pekli|timó|dabi|zsot|zsübe|girda|murak|vánta,,,,,,,,,,,,,,,,,,,,,,,,,,,,,,,,,,,,,,,,,,,,,,,,,
,,,,,,,,,,,,,,,,,,,,,,,,,1,,,348650,2001.04.20.,2026-04-18_09h38.52.342,BrocantoHPilot1WOSession2,2025.2.4,Win32,142.8571429,,,,,,,,,,,,,,,,,,,,,,,,,,,,,,,,,,,,,,,,,2491.005,chunkTest_s1,0,1,REVEAL-N4.mp3,6,4.5531,1,1,6.2138,10.9135,2502.6369,0,0,0,2,1,REVEAL-N4.mp3,6,,,,,,,,,,,,,,,,,,,,,,,,,,,,,,
,,,,,,,,,,,,,,,,,,,,,,,,,1,,,348650,2001.04.20.,2026-04-18_09h38.52.342,BrocantoHPilot1WOSession2,2025.2.4,Win32,142.8571429,,,,,,,,,,,,,,,,,,,,,,,,,,,,,,,,,,,,,,,,,2503.1379,chunkTest_s1,1,1,HIDE-N1.mp3,2,0.6808,1,1,2.3464,3.6974,2507.3209,0,1,1,4,1,HIDE-N1.mp3,2,,,,,,,,,,,,,,,,,,,,,,,,,,,,,,
,,,,,,,,,,,,,,,,,,,,,,,,,1,,,348650,2001.04.20.,2026-04-18_09h38.52.342,BrocantoHPilot1WOSession2,2025.2.4,Win32,142.8571429,,,,,,,,,,,,,,,,,,,,,,,,,,,,,,,,,,,,,,,,,2507.8264,chunkTest_s1,2,1,JUMP-N5.mp3,1,0.5141,1,1,2.511,3.4037,2512.2248,0,2,2,0,1,JUMP-N5.mp3,1,,,,,,,,,,,,,,,,,,,,,,,,,,,,,,
,,,,,,,,,,,,,,,,,,,,,,,,,1,,,348650,2001.04.20.,2026-04-18_09h38.52.342,BrocantoHPilot1WOSession2,2025.2.4,Win32,142.8571429,,,,,,,,,,,,,,,,,,,,,,,,,,,,,,,,,,,,,,,,,2512.7302,chunkTest_s1,3,1,N5-Ab.mp3,3,6.1429,1,4,2.3154,14.9755,2528.3411,0,3,3,19,1,N5-Ab.mp3,3,,,,,,,,,,,,,,,,,,,,,,,,,,,,,,
,,,,,,,,,,,,,,,,,,,,,,,,,1,,,348650,2001.04.20.,2026-04-18_09h38.52.342,BrocantoHPilot1WOSession2,2025.2.4,Win32,142.8571429,,,,,,,,,,,,,,,,,,,,,,,,,,,,,,,,,,,,,,,,,2528.845,chunkTest_s1,4,1,REVEAL-N3.mp3,7,0.5326,1,1,2.5303,4.1761,2533.5937,0,4,4,13,1,REVEAL-N3.mp3,7,,,,,,,,,,,,,,,,,,,,,,,,,,,,,,
,,,,,,,,,,,,,,,,,,,,,,,,,1,,,348650,2001.04.20.,2026-04-18_09h38.52.342,BrocantoHPilot1WOSession2,2025.2.4,Win32,142.8571429,,,,,,,,,,,,,,,,,,,,,,,,,,,,,,,,,,,,,,,,,2534.0962,chunkTest_s1,5,1,N4-N5.mp3,0,0.407,1,1,2.1327,24.5574,2559.4851,0,5,5,15,1,N4-N5.mp3,0,,,,,,,,,,,,,,,,,,,,,,,,,,,,,,
,,,,,,,,,,,,,,,,,,,,,,,,,1,,,348650,2001.04.20.,2026-04-18_09h38.52.342,BrocantoHPilot1WOSession2,2025.2.4,Win32,142.8571429,,,,,,,,,,,,,,,,,,,,,,,,,,,,,,,,,,,,,,,,,2559.9908,chunkTest_s1,6,1,N4-N2.mp3,0,0.5198,2,1,2.3216,5.4422,2566.0103,0,6,6,8,1,N4-N2.mp3,0,,,,,,,,,,,,,,,,,,,,,,,,,,,,,,
,,,,,,,,,,,,,,,,,,,,,,,,,1,,,348650,2001.04.20.,2026-04-18_09h38.52.342,BrocantoHPilot1WOSession2,2025.2.4,Win32,142.8571429,,,,,,,,,,,,,,,,,,,,,,,,,,,,,,,,,,,,,,,,,2566.5131,chunkTest_s1,7,1,GO-PUSH.mp3,0,0.6914,1,1,2.6122,20.7399,2588.0358,0,7,7,17,1,GO-PUSH.mp3,0,,,,,,,,,,,,,,,,,,,,,,,,,,,,,,
,,,,,,,,,,,,,,,,,,,,,,,,,1,,,348650,2001.04.20.,2026-04-18_09h38.52.342,BrocantoHPilot1WOSession2,2025.2.4,Win32,142.8571429,,,,,,,,,,,,,,,,,,,,,,,,,,,,,,,,,,,,,,,,,2588.539,chunkTest_s1,8,1,N1-JUMP.mp3,3,1.7403,6,1,3.3995,6.1546,2595.3919,0,8,8,5,1,N1-JUMP.mp3,3,,,,,,,,,,,,,,,,,,,,,,,,,,,,,,
,,,,,,,,,,,,,,,,,,,,,,,,,1,,,348650,2001.04.20.,2026-04-18_09h38.52.342,BrocantoHPilot1WOSession2,2025.2.4,Win32,142.8571429,,,,,,,,,,,,,,,,,,,,,,,,,,,,,,,,,,,,,,,,,2595.8948,chunkTest_s1,9,1,N1-GO.mp3,4,0.5506,6,1,2.6148,3.4822,2600.2084,0,9,9,9,1,N1-GO.mp3,4,,,,,,,,,,,,,,,,,,,,,,,,,,,,,,
,,,,,,,,,,,,,,,,,,,,,,,,,1,,,348650,2001.04.20.,2026-04-18_09h38.52.342,BrocantoHPilot1WOSession2,2025.2.4,Win32,142.8571429,,,,,,,,,,,,,,,,,,,,,,,,,,,,,,,,,,,,,,,,,2600.7153,chunkTest_s1,10,1,N2-HIDE.mp3,8,0.8742,6,1,2.5327,3.725,2605.0597,0,10,10,11,1,N2-HIDE.mp3,8,,,,,,,,,,,,,,,,,,,,,,,,,,,,,,
,,,,,,,,,,,,,,,,,,,,,,,,,1,,,348650,2001.04.20.,2026-04-18_09h38.52.342,BrocantoHPilot1WOSession2,2025.2.4,Win32,142.8571429,,,,,,,,,,,,,,,,,,,,,,,,,,,,,,,,,,,,,,,,,2605.5635,chunkTest_s1,11,1,PUSH-PUSH.mp3,0,0.5542,1,1,2.2545,3.3454,2609.4526,0,11,11,16,1,PUSH-PUSH.mp3,0,,,,,,,,,,,,,,,,,,,,,,,,,,,,,,
,,,,,,,,,,,,,,,,,,,,,,,,,1,,,348650,2001.04.20.,2026-04-18_09h38.52.342,BrocantoHPilot1WOSession2,2025.2.4,Win32,142.8571429,,,,,,,,,,,,,,,,,,,,,,,,,,,,,,,,,,,,,,,,,2609.9535,chunkTest_s1,12,1,HIDE-JUMP.mp3,0,0.5977,1,1,2.2579,5.1322,2615.6155,0,12,12,14,1,HIDE-JUMP.mp3,0,,,,,,,,,,,,,,,,,,,,,,,,,,,,,,
,,,,,,,,,,,,,,,,,,,,,,,,,1,,,348650,2001.04.20.,2026-04-18_09h38.52.342,BrocantoHPilot1WOSession2,2025.2.4,Win32,142.8571429,,,,,,,,,,,,,,,,,,,,,,,,,,,,,,,,,,,,,,,,,2616.1215,chunkTest_s1,13,1,N2-N3.mp3,0,1.9158,1,2,5.1393,6.5409,2623.4426,0,13,13,3,1,N2-N3.mp3,0,,,,,,,,,,,,,,,,,,,,,,,,,,,,,,
,,,,,,,,,,,,,,,,,,,,,,,,,1,,,348650,2001.04.20.,2026-04-18_09h38.52.342,BrocantoHPilot1WOSession2,2025.2.4,Win32,142.8571429,,,,,,,,,,,,,,,,,,,,,,,,,,,,,,,,,,,,,,,,,2623.9497,chunkTest_s1,14,1,N4-Aa.mp3,0,0.6435,1,1,2.3737,5.2759,2629.7281,0,14,14,6,1,N4-Aa.mp3,0,,,,,,,,,,,,,,,,,,,,,,,,,,,,,,
,,,,,,,,,,,,,,,,,,,,,,,,,1,,,348650,2001.04.20.,2026-04-18_09h38.52.342,BrocantoHPilot1WOSession2,2025.2.4,Win32,142.8571429,,,,,,,,,,,,,,,,,,,,,,,,,,,,,,,,,,,,,,,,,2630.2289,chunkTest_s1,15,1,GO-N4.mp3,2,0.3024,1,1,2.2255,2.2887,2633.2229,0,15,15,12,1,GO-N4.mp3,2,,,,,,,,,,,,,,,,,,,,,,,,,,,,,,
,,,,,,,,,,,,,,,,,,,,,,,,,1,,,348650,2001.04.20.,2026-04-18_09h38.52.342,BrocantoHPilot1WOSession2,2025.2.4,Win32,142.8571429,,,,,,,,,,,,,,,,,,,,,,,,,,,,,,,,,,,,,,,,,2633.7297,chunkTest_s1,16,1,N4-N4.mp3,0,0.3682,1,1,1.9828,2.4026,2636.6044,0,16,16,1,1,N4-N4.mp3,0,,,,,,,,,,,,,,,,,,,,,,,,,,,,,,
,,,,,,,,,,,,,,,,,,,,,,,,,1,,,348650,2001.04.20.,2026-04-18_09h38.52.342,BrocantoHPilot1WOSession2,2025.2.4,Win32,142.8571429,,,,,,,,,,,,,,,,,,,,,,,,,,,,,,,,,,,,,,,,,2637.1055,chunkTest_s1,17,1,N1-N2.mp3,0,0.3142,1,1,2.0168,3.4945,2641.3218,0,17,17,18,1,N1-N2.mp3,0,,,,,,,,,,,,,,,,,,,,,,,,,,,,,,
,,,,,,,,,,,,,,,,,,,,,,,,,1,,,348650,2001.04.20.,2026-04-18_09h38.52.342,BrocantoHPilot1WOSession2,2025.2.4,Win32,142.8571429,,,,,,,,,,,,,,,,,,,,,,,,,,,,,,,,,,,,,,,,,2641.8288,chunkTest_s1,18,1,N5-N3.mp3,19,0.2615,1,1,1.9448,6.1838,2648.703,0,18,18,10,1,N5-N3.mp3,19,,,,,,,,,,,,,,,,,,,,,,,,,,,,,,
,,,,,,,,,,,,,,,,,,,,,,,,,1,,,348650,2001.04.20.,2026-04-18_09h38.52.342,BrocantoHPilot1WOSession2,2025.2.4,Win32,142.8571429,,,,,,,,,,,,,,,,,,,,,,,,,,,,,,,,,,,,,,,,,2649.2053,chunkTest_s1,19,1,N1-N1.mp3,0,0.7661,1,1,2.6382,3.0612,2652.7416,0,19,19,7,1,N1-N1.mp3,0,,,,,,,,,,,,,,,,,,,,,,,,,,,,,,
,,,,,,,,,,,,,,,,,,,,,,,,,1,,,348650,2001.04.20.,2026-04-18_09h38.52.342,BrocantoHPilot1WOSession2,2025.2.4,Win32,142.8571429,,,,,,,,,,,,,,,,,,,,,,,,,,,,,,,,,,,,,,,,,2666.7865,GJTest_s1,0,1,OBJ-N5-SBJ-N4-PUSH-TR.mp3,5,1.9197,6,1,4.3197,5.8738,2673.2104,,,,,,OBJ-N5-SBJ-N4-PUSH-TR.mp3,5,0,0,0,4,1,,,,,,,,,,,,,,,,,,,,,,,,,
,,,,,,,,,,,,,,,,,,,,,,,,,1,,,348650,2001.04.20.,2026-04-18_09h38.52.342,BrocantoHPilot1WOSession2,2025.2.4,Win32,142.8571429,,,,,,,,,,,,,,,,,,,,,,,,,,,,,,,,,,,,,,,,,2673.7108,GJTest_s1,1,1,OBJ-N1-SBJ-N4-Ab-JUMP-INTR.mp3,,0.8932,1,1,3.5553,17.2025,2691.4524,,,,,,OBJ-N1-SBJ-N4-Ab-JUMP-INTR.mp3,,0,1,1,15,1,,,,,,,,,,,,,,,,,,,,,,,,,
,,,,,,,,,,,,,,,,,,,,,,,,,1,,,348650,2001.04.20.,2026-04-18_09h38.52.342,BrocantoHPilot1WOSession2,2025.2.4,Win32,142.8571429,,,,,,,,,,,,,,,,,,,,,,,,,,,,,,,,,,,,,,,,,2691.9579,GJTest_s1,2,1,Ab-SBJ-N5-JUMP-INTR.mp3,0,4.0281,6,2,2.4447,7.6637,2700.4046,,,,,,Ab-SBJ-N5-JUMP-INTR.mp3,0,0,2,2,9,1,,,,,,,,,,,,,,,,,,,,,,,,,
,,,,,,,,,,,,,,,,,,,,,,,,,1,,,348650,2001.04.20.,2026-04-18_09h38.52.342,BrocantoHPilot1WOSession2,2025.2.4,Win32,142.8571429,,,,,,,,,,,,,,,,,,,,,,,,,,,,,,,,,,,,,,,,,2700.9114,GJTest_s1,3,1,Ab-SBJ-N4-JUMP-INTR.mp3,0,0.8696,6,1,2.747,4.2019,2705.671,,,,,,Ab-SBJ-N4-JUMP-INTR.mp3,0,0,3,3,5,1,,,,,,,,,,,,,,,,,,,,,,,,,
,,,,,,,,,,,,,,,,,,,,,,,,,1,,,348650,2001.04.20.,2026-04-18_09h38.52.342,BrocantoHPilot1WOSession2,2025.2.4,Win32,142.8571429,,,,,,,,,,,,,,,,,,,,,,,,,,,,,,,,,,,,,,,,,2706.1764,GJTest_s1,4,1,OBJ-N5-Ab-SBJ-N1-PUSH-TR.mp3,1,0.33,6,1,3.0714,6.9165,2713.647,,,,,,OBJ-N5-Ab-SBJ-N1-PUSH-TR.mp3,1,0,4,4,1,1,,,,,,,,,,,,,,,,,,,,,,,,,
,,,,,,,,,,,,,,,,,,,,,,,,,1,,,348650,2001.04.20.,2026-04-18_09h38.52.342,BrocantoHPilot1WOSession2,2025.2.4,Win32,142.8571429,,,,,,,,,,,,,,,,,,,,,,,,,,,,,,,,,,,,,,,,,2714.1505,GJTest_s1,5,1,OBJ-N1-SBJ-N2-Ab-GO-INTR.mp3,,0.3132,1,1,3.5125,6.8779,2721.5331,,,,,,OBJ-N1-SBJ-N2-Ab-GO-INTR.mp3,,0,5,5,17,1,,,,,,,,,,,,,,,,,,,,,,,,,
,,,,,,,,,,,,,,,,,,,,,,,,,1,,,348650,2001.04.20.,2026-04-18_09h38.52.342,BrocantoHPilot1WOSession2,2025.2.4,Win32,142.8571429,,,,,,,,,,,,,,,,,,,,,,,,,,,,,,,,,,,,,,,,,2722.0342,GJTest_s1,6,1,OBJ-N1-SBJ-N3-JUMP-INTR.mp3,,0.3223,4,1,2.8669,13.6901,2736.1682,,,,,,OBJ-N1-SBJ-N3-JUMP-INTR.mp3,,0,6,6,10,1,,,,,,,,,,,,,,,,,,,,,,,,,
,,,,,,,,,,,,,,,,,,,,,,,,,1,,,348650,2001.04.20.,2026-04-18_09h38.52.342,BrocantoHPilot1WOSession2,2025.2.4,Win32,142.8571429,,,,,,,,,,,,,,,,,,,,,,,,,,,,,,,,,,,,,,,,,2736.6695,GJTest_s1,7,1,HIDE-TR-LOC-N4.mp3,,0.4913,1,1,2.8954,5.6259,2742.7771,,,,,,HIDE-TR-LOC-N4.mp3,,0,7,7,13,1,,,,,,,,,,,,,,,,,,,,,,,,,
,,,,,,,,,,,,,,,,,,,,,,,,,1,,,348650,2001.04.20.,2026-04-18_09h38.52.342,BrocantoHPilot1WOSession2,2025.2.4,Win32,142.8571429,,,,,,,,,,,,,,,,,,,,,,,,,,,,,,,,,,,,,,,,,2743.282,GJTest_s1,8,1,SBJ-N4-REVEAL-INTR-LOC-N3-LOC-N1.mp3,,0.4127,6,1,3.6348,5.0702,2748.896,,,,,,SBJ-N4-REVEAL-INTR-LOC-N3-LOC-N1.mp3,,0,8,8,12,1,,,,,,,,,,,,,,,,,,,,,,,,,
,,,,,,,,,,,,,,,,,,,,,,,,,1,,,348650,2001.04.20.,2026-04-18_09h38.52.342,BrocantoHPilot1WOSession2,2025.2.4,Win32,142.8571429,,,,,,,,,,,,,,,,,,,,,,,,,,,,,,,,,,,,,,,,,2749.4015,GJTest_s1,9,1,OBJ-N5-SBJ-N3-HIDE-TR-LOC-N4.mp3,2,0.2663,6,1,3.27,6.6294,2756.4873,,,,,,OBJ-N5-SBJ-N3-HIDE-TR-LOC-N4.mp3,2,0,9,9,3,1,,,,,,,,,,,,,,,,,,,,,,,,,
,,,,,,,,,,,,,,,,,,,,,,,,,1,,,348650,2001.04.20.,2026-04-18_09h38.52.342,BrocantoHPilot1WOSession2,2025.2.4,Win32,142.8571429,,,,,,,,,,,,,,,,,,,,,,,,,,,,,,,,,,,,,,,,,2756.9934,GJTest_s1,10,1,SBJ-N4-PUSH-TR.mp3,,0.2794,3,1,1.9381,7.4646,2765.0028,,,,,,SBJ-N4-PUSH-TR.mp3,,0,10,10,14,1,,,,,,,,,,,,,,,,,,,,,,,,,
,,,,,,,,,,,,,,,,,,,,,,,,,1,,,348650,2001.04.20.,2026-04-18_09h38.52.342,BrocantoHPilot1WOSession2,2025.2.4,Win32,142.8571429,,,,,,,,,,,,,,,,,,,,,,,,,,,,,,,,,,,,,,,,,2765.5093,GJTest_s1,11,1,OBJ-N4-Ab-SBJ-N2-PUSH-TR.mp3,0,0.3843,6,1,3.0599,4.5663,2770.6063,,,,,,OBJ-N4-Ab-SBJ-N2-PUSH-TR.mp3,0,0,11,11,6,1,,,,,,,,,,,,,,,,,,,,,,,,,
,,,,,,,,,,,,,,,,,,,,,,,,,1,,,348650,2001.04.20.,2026-04-18_09h38.52.342,BrocantoHPilot1WOSession2,2025.2.4,Win32,142.8571429,,,,,,,,,,,,,,,,,,,,,,,,,,,,,,,,,,,,,,,,,2771.1077,GJTest_s1,12,1,Ab-SBJ-N1-PUSH-TR.mp3,,1.442,3,1,3.8471,8.6322,2780.1868,,,,,,Ab-SBJ-N1-PUSH-TR.mp3,,0,12,12,11,1,,,,,,,,,,,,,,,,,,,,,,,,,
,,,,,,,,,,,,,,,,,,,,,,,,,1,,,348650,2001.04.20.,2026-04-18_09h38.52.342,BrocantoHPilot1WOSession2,2025.2.4,Win32,142.8571429,,,,,,,,,,,,,,,,,,,,,,,,,,,,,,,,,,,,,,,,,2780.6932,GJTest_s1,13,1,SBJ-N4-REVEAL-INTR-LOC-N3.mp3,4,0.4549,6,1,2.8585,8.7443,2790.1722,,,,,,SBJ-N4-REVEAL-INTR-LOC-N3.mp3,4,0,13,13,2,1,,,,,,,,,,,,,,,,,,,,,,,,,
,,,,,,,,,,,,,,,,,,,,,,,,,1,,,348650,2001.04.20.,2026-04-18_09h38.52.342,BrocantoHPilot1WOSession2,2025.2.4,Win32,142.8571429,,,,,,,,,,,,,,,,,,,,,,,,,,,,,,,,,,,,,,,,,2790.6747,GJTest_s1,14,1,OBJ-N1-SBJ-N5-Ab-JUMP-INTR.mp3,,0.3438,3,1,4.0166,7.7808,2799.4087,,,,,,OBJ-N1-SBJ-N5-Ab-JUMP-INTR.mp3,,0,14,14,19,1,,,,,,,,,,,,,,,,,,,,,,,,,
,,,,,,,,,,,,,,,,,,,,,,,,,1,,,348650,2001.04.20.,2026-04-18_09h38.52.342,BrocantoHPilot1WOSession2,2025.2.4,Win32,142.8571429,,,,,,,,,,,,,,,,,,,,,,,,,,,,,,,,,,,,,,,,,2799.9128,GJTest_s1,15,1,OBJ-N2-Aa-SBJ-N3-PUSH-TR.mp3,0,0.3531,6,1,3.4315,12.7225,2813.2282,,,,,,OBJ-N2-Aa-SBJ-N3-PUSH-TR.mp3,0,0,15,15,8,1,,,,,,,,,,,,,,,,,,,,,,,,,
,,,,,,,,,,,,,,,,,,,,,,,,,1,,,348650,2001.04.20.,2026-04-18_09h38.52.342,BrocantoHPilot1WOSession2,2025.2.4,Win32,142.8571429,,,,,,,,,,,,,,,,,,,,,,,,,,,,,,,,,,,,,,,,,2813.7285,GJTest_s1,16,1,SBJ-N3-JUMP-INTR.mp3,6,0.2682,6,1,2.0742,7.0359,2821.6094,,,,,,SBJ-N3-JUMP-INTR.mp3,6,0,16,16,0,1,,,,,,,,,,,,,,,,,,,,,,,,,
,,,,,,,,,,,,,,,,,,,,,,,,,1,,,348650,2001.04.20.,2026-04-18_09h38.52.342,BrocantoHPilot1WOSession2,2025.2.4,Win32,142.8571429,,,,,,,,,,,,,,,,,,,,,,,,,,,,,,,,,,,,,,,,,2822.1123,GJTest_s1,17,1,SBJ-N3-Aa-PUSH-TR.mp3,,0.4933,1,1,3.3775,4.7068,2827.4213,,,,,,SBJ-N3-Aa-PUSH-TR.mp3,,0,17,17,18,1,,,,,,,,,,,,,,,,,,,,,,,,,
,,,,,,,,,,,,,,,,,,,,,,,,,1,,,348650,2001.04.20.,2026-04-18_09h38.52.342,BrocantoHPilot1WOSession2,2025.2.4,Win32,142.8571429,,,,,,,,,,,,,,,,,,,,,,,,,,,,,,,,,,,,,,,,,2827.9261,GJTest_s1,18,1,Ab-SBJ-N2-GO-INTR.mp3,0,0.4623,6,1,2.7186,4.4795,2833.2213,,,,,,Ab-SBJ-N2-GO-INTR.mp3,0,0,18,18,7,1,,,,,,,,,,,,,,,,,,,,,,,,,
,,,,,,,,,,,,,,,,,,,,,,,,,1,,,348650,2001.04.20.,2026-04-18_09h38.52.342,BrocantoHPilot1WOSession2,2025.2.4,Win32,142.8571429,,,,,,,,,,,,,,,,,,,,,,,,,,,,,,,,,,,,,,,,,2833.7261,GJTest_s1,19,1,SBJ-N2-Ab-PUSH-TR.mp3,,0.3823,1,1,2.7111,6.056,2840.4156,,,,,,SBJ-N2-Ab-PUSH-TR.mp3,,0,19,19,16,1,,,,,,,,,,,,,,,,,,,,,,,,,
,,,,,,,,,,,,2853.6411,2,OBJ-N5-SBJ-N4-PUSH-TR-LOC-N1.mp4,OBJ-N5-SBJ-N4-PUSH-TR-LOC-N1.mp3,2859.3913,mouse_continue,5.7505,,,,,,,2,OBJ-N5-SBJ-N4-PUSH-TR-LOC-N1.mp4,OBJ-N5-SBJ-N4-PUSH-TR-LOC-N1.mp3,348650,2001.04.20.,2026-04-18_09h38.52.342,BrocantoHPilot1WOSession2,2025.2.4,Win32,142.8571429,,,,,,,,,,,,,,,,,,,,,,,,,,,,,,,,,,,,,,,,,,,,,,,,,,,,,,,,,,,,,,,,,0,0,0,0,1,,,,,,,,,,,,,,,,,,,,
,,,,,,,,,,,,2859.3916,2,SBJ-N3-REVEAL-INTR-LOC-N2.mp4,SBJ-N3-REVEAL-INTR-LOC-N2.mp3,2864.712,mouse_continue,5.3204,,,,,,,2,SBJ-N3-REVEAL-INTR-LOC-N2.mp4,SBJ-N3-REVEAL-INTR-LOC-N2.mp3,348650,2001.04.20.,2026-04-18_09h38.52.342,BrocantoHPilot1WOSession2,2025.2.4,Win32,142.8571429,,,,,,,,,,,,,,,,,,,,,,,,,,,,,,,,,,,,,,,,,,,,,,,,,,,,,,,,,,,,,,,,,0,1,1,1,1,,,,,,,,,,,,,,,,,,,,
,,,,,,,,,,,,2864.7124,2,OBJ-N5-SBJ-N4-REVEAL-TR-LOC-N1.mp4,OBJ-N5-SBJ-N4-REVEAL-TR-LOC-N1.mp3,2870.5535,mouse_continue,5.8413,,,,,,,2,OBJ-N5-SBJ-N4-REVEAL-TR-LOC-N1.mp4,OBJ-N5-SBJ-N4-REVEAL-TR-LOC-N1.mp3,348650,2001.04.20.,2026-04-18_09h38.52.342,BrocantoHPilot1WOSession2,2025.2.4,Win32,142.8571429,,,,,,,,,,,,,,,,,,,,,,,,,,,,,,,,,,,,,,,,,,,,,,,,,,,,,,,,,,,,,,,,,0,2,2,2,1,,,,,,,,,,,,,,,,,,,,
,,,,,,,,,,,,2870.5539,2,SBJ-N5-REVEAL-INTR-LOC-N3.mp4,SBJ-N5-REVEAL-INTR-LOC-N3.mp3,2876.1527,mouse_continue,5.5989,,,,,,,2,SBJ-N5-REVEAL-INTR-LOC-N3.mp4,SBJ-N5-REVEAL-INTR-LOC-N3.mp3,348650,2001.04.20.,2026-04-18_09h38.52.342,BrocantoHPilot1WOSession2,2025.2.4,Win32,142.8571429,,,,,,,,,,,,,,,,,,,,,,,,,,,,,,,,,,,,,,,,,,,,,,,,,,,,,,,,,,,,,,,,,0,3,3,3,1,,,,,,,,,,,,,,,,,,,,
,,,,,,,,,,,,2876.1532,2,Ab-SBJ-N1-GO-INTR.mp4,Ab-SBJ-N1-GO-INTR.mp3,2881.7227,mouse_continue,5.5697,,,,,,,2,Ab-SBJ-N1-GO-INTR.mp4,Ab-SBJ-N1-GO-INTR.mp3,348650,2001.04.20.,2026-04-18_09h38.52.342,BrocantoHPilot1WOSession2,2025.2.4,Win32,142.8571429,,,,,,,,,,,,,,,,,,,,,,,,,,,,,,,,,,,,,,,,,,,,,,,,,,,,,,,,,,,,,,,,,0,4,4,4,1,,,,,,,,,,,,,,,,,,,,
,,,,,,,,,,,,2881.723,2,Ab-OBJ-N5-SBJ-N2-HIDE-TR.mp4,Ab-OBJ-N5-SBJ-N2-HIDE-TR.mp3,2889.148,mouse_continue,7.4251,,,,,,,2,Ab-OBJ-N5-SBJ-N2-HIDE-TR.mp4,Ab-OBJ-N5-SBJ-N2-HIDE-TR.mp3,348650,2001.04.20.,2026-04-18_09h38.52.342,BrocantoHPilot1WOSession2,2025.2.4,Win32,142.8571429,,,,,,,,,,,,,,,,,,,,,,,,,,,,,,,,,,,,,,,,,,,,,,,,,,,,,,,,,,,,,,,,,0,5,5,5,1,,,,,,,,,,,,,,,,,,,,
,,,,,,,,,,,,2889.1484,2,Ab-SBJ-N3-HIDE-INTR.mp4,Ab-SBJ-N3-HIDE-INTR.mp3,2894.657,mouse_continue,5.5088,,,,,,,2,Ab-SBJ-N3-HIDE-INTR.mp4,Ab-SBJ-N3-HIDE-INTR.mp3,348650,2001.04.20.,2026-04-18_09h38.52.342,BrocantoHPilot1WOSession2,2025.2.4,Win32,142.8571429,,,,,,,,,,,,,,,,,,,,,,,,,,,,,,,,,,,,,,,,,,,,,,,,,,,,,,,,,,,,,,,,,0,6,6,6,1,,,,,,,,,,,,,,,,,,,,
,,,,,,,,,,,,2894.6574,2,OBJ-N5-SBJ-N4-PUSH-TR-LOC-N1.mp4,OBJ-N5-SBJ-N4-PUSH-TR-LOC-N1.mp3,2899.9907,mouse_continue,5.3334,,,,,,,2,OBJ-N5-SBJ-N4-PUSH-TR-LOC-N1.mp4,OBJ-N5-SBJ-N4-PUSH-TR-LOC-N1.mp3,348650,2001.04.20.,2026-04-18_09h38.52.342,BrocantoHPilot1WOSession2,2025.2.4,Win32,142.8571429,,,,,,,,,,,,,,,,,,,,,,,,,,,,,,,,,,,,,,,,,,,,,,,,,,,,,,,,,,,,,,,,,0,7,7,7,1,,,,,,,,,,,,,,,,,,,,
,,,,,,,,,,,,2899.9909,2,OBJ-N5-SBJ-N4-REVEAL-TR.mp4,OBJ-N5-SBJ-N4-REVEAL-TR.mp3,2905.6385,mouse_continue,5.6476,,,,,,,2,OBJ-N5-SBJ-N4-REVEAL-TR.mp4,OBJ-N5-SBJ-N4-REVEAL-TR.mp3,348650,2001.04.20.,2026-04-18_09h38.52.342,BrocantoHPilot1WOSession2,2025.2.4,Win32,142.8571429,,,,,,,,,,,,,,,,,,,,,,,,,,,,,,,,,,,,,,,,,,,,,,,,,,,,,,,,,,,,,,,,,0,8,8,8,1,,,,,,,,,,,,,,,,,,,,
,,,,,,,,,,,,2905.6389,2,SBJ-N5-REVEAL-INTR-LOC-N4.mp4,SBJ-N5-REVEAL-INTR-LOC-N4.mp3,2911.3344,mouse_continue,5.6955,,,,,,,2,SBJ-N5-REVEAL-INTR-LOC-N4.mp4,SBJ-N5-REVEAL-INTR-LOC-N4.mp3,348650,2001.04.20.,2026-04-18_09h38.52.342,BrocantoHPilot1WOSession2,2025.2.4,Win32,142.8571429,,,,,,,,,,,,,,,,,,,,,,,,,,,,,,,,,,,,,,,,,,,,,,,,,,,,,,,,,,,,,,,,,0,9,9,9,1,,,,,,,,,,,,,,,,,,,,
,,,,,,,,,,,,2911.3347,2,SBJ-N5-GO-INTR.mp4,SBJ-N5-GO-INTR.mp3,2916.8556,mouse_continue,5.521,,,,,,,2,SBJ-N5-GO-INTR.mp4,SBJ-N5-GO-INTR.mp3,348650,2001.04.20.,2026-04-18_09h38.52.342,BrocantoHPilot1WOSession2,2025.2.4,Win32,142.8571429,,,,,,,,,,,,,,,,,,,,,,,,,,,,,,,,,,,,,,,,,,,,,,,,,,,,,,,,,,,,,,,,,0,10,10,10,1,,,,,,,,,,,,,,,,,,,,
,,,,,,,,,,,,2916.8559,2,OBJ-N5-SBJ-N3-HIDE-TR.mp4,OBJ-N5-SBJ-N3-HIDE-TR.mp3,2922.6139,mouse_continue,5.758,,,,,,,2,OBJ-N5-SBJ-N3-HIDE-TR.mp4,OBJ-N5-SBJ-N3-HIDE-TR.mp3,348650,2001.04.20.,2026-04-18_09h38.52.342,BrocantoHPilot1WOSession2,2025.2.4,Win32,142.8571429,,,,,,,,,,,,,,,,,,,,,,,,,,,,,,,,,,,,,,,,,,,,,,,,,,,,,,,,,,,,,,,,,0,11,11,11,1,,,,,,,,,,,,,,,,,,,,
,,,,,,,,,,,,2922.6142,2,OBJ-N5-SBJ-N4-HIDE-TR-LOC-N1.mp4,OBJ-N5-SBJ-N4-HIDE-TR-LOC-N1.mp3,2928.254,mouse_continue,5.6397,,,,,,,2,OBJ-N5-SBJ-N4-HIDE-TR-LOC-N1.mp4,OBJ-N5-SBJ-N4-HIDE-TR-LOC-N1.mp3,348650,2001.04.20.,2026-04-18_09h38.52.342,BrocantoHPilot1WOSession2,2025.2.4,Win32,142.8571429,,,,,,,,,,,,,,,,,,,,,,,,,,,,,,,,,,,,,,,,,,,,,,,,,,,,,,,,,,,,,,,,,0,12,12,12,1,,,,,,,,,,,,,,,,,,,,
,,,,,,,,,,,,2928.2544,2,OBJ-N5-SBJ-N3-PUSH-TR-LOC-N1.mp4,OBJ-N5-SBJ-N3-PUSH-TR-LOC-N1.mp3,2933.8178,mouse_continue,5.5635,,,,,,,2,OBJ-N5-SBJ-N3-PUSH-TR-LOC-N1.mp4,OBJ-N5-SBJ-N3-PUSH-TR-LOC-N1.mp3,348650,2001.04.20.,2026-04-18_09h38.52.342,BrocantoHPilot1WOSession2,2025.2.4,Win32,142.8571429,,,,,,,,,,,,,,,,,,,,,,,,,,,,,,,,,,,,,,,,,,,,,,,,,,,,,,,,,,,,,,,,,0,13,13,13,1,,,,,,,,,,,,,,,,,,,,
,,,,,,,,,,,,2933.8181,2,OBJ-N5-Ab-SBJ-N2-REVEAL-TR.mp4,OBJ-N5-Ab-SBJ-N2-REVEAL-TR.mp3,2939.2503,mouse_continue,5.4322,,,,,,,2,OBJ-N5-Ab-SBJ-N2-REVEAL-TR.mp4,OBJ-N5-Ab-SBJ-N2-REVEAL-TR.mp3,348650,2001.04.20.,2026-04-18_09h38.52.342,BrocantoHPilot1WOSession2,2025.2.4,Win32,142.8571429,,,,,,,,,,,,,,,,,,,,,,,,,,,,,,,,,,,,,,,,,,,,,,,,,,,,,,,,,,,,,,,,,0,14,14,14,1,,,,,,,,,,,,,,,,,,,,
,,,,,,,,,,,,2939.2506,2,SBJ-N4-JUMP-INTR.mp4,SBJ-N4-JUMP-INTR.mp3,2944.5494,mouse_continue,5.2987,,,,,,,2,SBJ-N4-JUMP-INTR.mp4,SBJ-N4-JUMP-INTR.mp3,348650,2001.04.20.,2026-04-18_09h38.52.342,BrocantoHPilot1WOSession2,2025.2.4,Win32,142.8571429,,,,,,,,,,,,,,,,,,,,,,,,,,,,,,,,,,,,,,,,,,,,,,,,,,,,,,,,,,,,,,,,,0,15,15,15,1,,,,,,,,,,,,,,,,,,,,
,,,,,,,,,,,,2944.5496,2,Ab-SBJ-N4-JUMP-INTR.mp4,Ab-SBJ-N4-JUMP-INTR.mp3,2949.7935,mouse_continue,5.2439,,,,,,,2,Ab-SBJ-N4-JUMP-INTR.mp4,Ab-SBJ-N4-JUMP-INTR.mp3,348650,2001.04.20.,2026-04-18_09h38.52.342,BrocantoHPilot1WOSession2,2025.2.4,Win32,142.8571429,,,,,,,,,,,,,,,,,,,,,,,,,,,,,,,,,,,,,,,,,,,,,,,,,,,,,,,,,,,,,,,,,0,16,16,16,1,,,,,,,,,,,,,,,,,,,,
,,,,,,,,,,,,2949.7939,2,SBJ-N4-GO-INTR-LOC-N1.mp4,SBJ-N4-GO-INTR-LOC-N1.mp3,2955.2045,mouse_continue,5.4107,,,,,,,2,SBJ-N4-GO-INTR-LOC-N1.mp4,SBJ-N4-GO-INTR-LOC-N1.mp3,348650,2001.04.20.,2026-04-18_09h38.52.342,BrocantoHPilot1WOSession2,2025.2.4,Win32,142.8571429,,,,,,,,,,,,,,,,,,,,,,,,,,,,,,,,,,,,,,,,,,,,,,,,,,,,,,,,,,,,,,,,,0,17,17,17,1,,,,,,,,,,,,,,,,,,,,
,,,,,,,,,,,,2955.2047,2,SBJ-N3-HIDE-INTR-LOC-N5.mp4,SBJ-N3-HIDE-INTR-LOC-N5.mp3,2961.7685,mouse_continue,6.5638,,,,,,,2,SBJ-N3-HIDE-INTR-LOC-N5.mp4,SBJ-N3-HIDE-INTR-LOC-N5.mp3,348650,2001.04.20.,2026-04-18_09h38.52.342,BrocantoHPilot1WOSession2,2025.2.4,Win32,142.8571429,,,,,,,,,,,,,,,,,,,,,,,,,,,,,,,,,,,,,,,,,,,,,,,,,,,,,,,,,,,,,,,,,0,18,18,18,1,,,,,,,,,,,,,,,,,,,,
,,,,,,,,,,,,2961.7689,2,SBJ-N1-JUMP-INTR-LOC-N2.mp4,SBJ-N1-JUMP-INTR-LOC-N2.mp3,2967.0127,mouse_continue,5.2439,,,,,,,2,SBJ-N1-JUMP-INTR-LOC-N2.mp4,SBJ-N1-JUMP-INTR-LOC-N2.mp3,348650,2001.04.20.,2026-04-18_09h38.52.342,BrocantoHPilot1WOSession2,2025.2.4,Win32,142.8571429,,,,,,,,,,,,,,,,,,,,,,,,,,,,,,,,,,,,,,,,,,,,,,,,,,,,,,,,,,,,,,,,,0,19,19,19,1,,,,,,,,,,,,,,,,,,,,
,,,,,,,,,,,,2967.013,2,OBJ-N5-Ab-SBJ-N4-REVEAL-TR.mp4,OBJ-N5-Ab-SBJ-N4-REVEAL-TR.mp3,2972.9654,mouse_continue,5.9524,,,,,,,2,OBJ-N5-Ab-SBJ-N4-REVEAL-TR.mp4,OBJ-N5-Ab-SBJ-N4-REVEAL-TR.mp3,348650,2001.04.20.,2026-04-18_09h38.52.342,BrocantoHPilot1WOSession2,2025.2.4,Win32,142.8571429,,,,,,,,,,,,,,,,,,,,,,,,,,,,,,,,,,,,,,,,,,,,,,,,,,,,,,,,,,,,,,,,,0,20,20,20,1,,,,,,,,,,,,,,,,,,,,
,,,,,,,,,,,,2972.9657,2,OBJ-N5-SBJ-N3-HIDE-TR-LOC-N2.mp4,OBJ-N5-SBJ-N3-HIDE-TR-LOC-N2.mp3,2978.3277,mouse_continue,5.362,,,,,,,2,OBJ-N5-SBJ-N3-HIDE-TR-LOC-N2.mp4,OBJ-N5-SBJ-N3-HIDE-TR-LOC-N2.mp3,348650,2001.04.20.,2026-04-18_09h38.52.342,BrocantoHPilot1WOSession2,2025.2.4,Win32,142.8571429,,,,,,,,,,,,,,,,,,,,,,,,,,,,,,,,,,,,,,,,,,,,,,,,,,,,,,,,,,,,,,,,,0,21,21,21,1,,,,,,,,,,,,,,,,,,,,
,,,,,,,,,,,,2978.3281,2,Ab-SBJ-N5-REVEAL-INTR-Ab-LOC-N4.mp4,Ab-SBJ-N5-REVEAL-INTR-Ab-LOC-N4.mp3,2983.6979,mouse_continue,5.3697,,,,,,,2,Ab-SBJ-N5-REVEAL-INTR-Ab-LOC-N4.mp4,Ab-SBJ-N5-REVEAL-INTR-Ab-LOC-N4.mp3,348650,2001.04.20.,2026-04-18_09h38.52.342,BrocantoHPilot1WOSession2,2025.2.4,Win32,142.8571429,,,,,,,,,,,,,,,,,,,,,,,,,,,,,,,,,,,,,,,,,,,,,,,,,,,,,,,,,,,,,,,,,0,22,22,22,1,,,,,,,,,,,,,,,,,,,,
,,,,,,,,,,,,2983.6982,2,OBJ-N5-Ab-SBJ-N4-PUSH-TR-Ab-LOC-N2.mp4,OBJ-N5-Ab-SBJ-N4-PUSH-TR-Ab-LOC-N2.mp3,2989.2955,mouse_continue,5.5973,,,,,,,2,OBJ-N5-Ab-SBJ-N4-PUSH-TR-Ab-LOC-N2.mp4,OBJ-N5-Ab-SBJ-N4-PUSH-TR-Ab-LOC-N2.mp3,348650,2001.04.20.,2026-04-18_09h38.52.342,BrocantoHPilot1WOSession2,2025.2.4,Win32,142.8571429,,,,,,,,,,,,,,,,,,,,,,,,,,,,,,,,,,,,,,,,,,,,,,,,,,,,,,,,,,,,,,,,,0,23,23,23,1,,,,,,,,,,,,,,,,,,,,
,,,,,,,,,,,,2989.2958,2,OBJ-N5-Ab-SBJ-N2-REVEAL-TR-LOC-N4.mp4,OBJ-N5-Ab-SBJ-N2-REVEAL-TR-LOC-N4.mp3,2995.1726,mouse_continue,5.8768,,,,,,,2,OBJ-N5-Ab-SBJ-N2-REVEAL-TR-LOC-N4.mp4,OBJ-N5-Ab-SBJ-N2-REVEAL-TR-LOC-N4.mp3,348650,2001.04.20.,2026-04-18_09h38.52.342,BrocantoHPilot1WOSession2,2025.2.4,Win32,142.8571429,,,,,,,,,,,,,,,,,,,,,,,,,,,,,,,,,,,,,,,,,,,,,,,,,,,,,,,,,,,,,,,,,0,24,24,24,1,,,,,,,,,,,,,,,,,,,,
,,,,,,,,,,,,2995.173,2,SBJ-N5-REVEAL-INTR-LOC-N3.mp4,SBJ-N5-REVEAL-INTR-LOC-N3.mp3,3000.7502,mouse_continue,5.5773,,,,,,,2,SBJ-N5-REVEAL-INTR-LOC-N3.mp4,SBJ-N5-REVEAL-INTR-LOC-N3.mp3,348650,2001.04.20.,2026-04-18_09h38.52.342,BrocantoHPilot1WOSession2,2025.2.4,Win32,142.8571429,,,,,,,,,,,,,,,,,,,,,,,,,,,,,,,,,,,,,,,,,,,,,,,,,,,,,,,,,,,,,,,,,0,25,25,25,1,,,,,,,,,,,,,,,,,,,,
,,,,,,,,,,,,3000.7506,2,OBJ-N5-SBJ-N1-PUSH-TR.mp4,OBJ-N5-SBJ-N1-PUSH-TR.mp3,3006.2021,mouse_continue,5.4515,,,,,,,2,OBJ-N5-SBJ-N1-PUSH-TR.mp4,OBJ-N5-SBJ-N1-PUSH-TR.mp3,348650,2001.04.20.,2026-04-18_09h38.52.342,BrocantoHPilot1WOSession2,2025.2.4,Win32,142.8571429,,,,,,,,,,,,,,,,,,,,,,,,,,,,,,,,,,,,,,,,,,,,,,,,,,,,,,,,,,,,,,,,,0,26,26,26,1,,,,,,,,,,,,,,,,,,,,
,,,,,,,,,,,,3006.2025,2,SBJ-N1-GO-INTR.mp4,SBJ-N1-GO-INTR.mp3,3011.7805,mouse_continue,5.5781,,,,,,,2,SBJ-N1-GO-INTR.mp4,SBJ-N1-GO-INTR.mp3,348650,2001.04.20.,2026-04-18_09h38.52.342,BrocantoHPilot1WOSession2,2025.2.4,Win32,142.8571429,,,,,,,,,,,,,,,,,,,,,,,,,,,,,,,,,,,,,,,,,,,,,,,,,,,,,,,,,,,,,,,,,0,27,27,27,1,,,,,,,,,,,,,,,,,,,,
,,,,,,,,,,,,3011.7808,2,OBJ-N5-SBJ-N1-REVEAL-TR-LOC-N2.mp4,OBJ-N5-SBJ-N1-REVEAL-TR-LOC-N2.mp3,3017.2532,mouse_continue,5.4724,,,,,,,2,OBJ-N5-SBJ-N1-REVEAL-TR-LOC-N2.mp4,OBJ-N5-SBJ-N1-REVEAL-TR-LOC-N2.mp3,348650,2001.04.20.,2026-04-18_09h38.52.342,BrocantoHPilot1WOSession2,2025.2.4,Win32,142.8571429,,,,,,,,,,,,,,,,,,,,,,,,,,,,,,,,,,,,,,,,,,,,,,,,,,,,,,,,,,,,,,,,,0,28,28,28,1,,,,,,,,,,,,,,,,,,,,
,,,,,,,,,,,,3017.2535,2,Ab-SBJ-N4-REVEAL-INTR-Ab-LOC-N5.mp4,Ab-SBJ-N4-REVEAL-INTR-Ab-LOC-N5.mp3,3022.8316,mouse_continue,5.5781,,,,,,,2,Ab-SBJ-N4-REVEAL-INTR-Ab-LOC-N5.mp4,Ab-SBJ-N4-REVEAL-INTR-Ab-LOC-N5.mp3,348650,2001.04.20.,2026-04-18_09h38.52.342,BrocantoHPilot1WOSession2,2025.2.4,Win32,142.8571429,,,,,,,,,,,,,,,,,,,,,,,,,,,,,,,,,,,,,,,,,,,,,,,,,,,,,,,,,,,,,,,,,0,29,29,29,1,,,,,,,,,,,,,,,,,,,,
,,,,,,,,,,,,3022.832,2,OBJ-N5-SBJ-N4-HIDE-TR-Ab-LOC-N1.mp4,OBJ-N5-SBJ-N4-HIDE-TR-Ab-LOC-N1.mp3,3028.5612,mouse_continue,5.7294,,,,,,,2,OBJ-N5-SBJ-N4-HIDE-TR-Ab-LOC-N1.mp4,OBJ-N5-SBJ-N4-HIDE-TR-Ab-LOC-N1.mp3,348650,2001.04.20.,2026-04-18_09h38.52.342,BrocantoHPilot1WOSession2,2025.2.4,Win32,142.8571429,,,,,,,,,,,,,,,,,,,,,,,,,,,,,,,,,,,,,,,,,,,,,,,,,,,,,,,,,,,,,,,,,0,30,30,30,1,,,,,,,,,,,,,,,,,,,,
,,,,,,,,,,,,3028.5617,2,OBJ-N5-Ab-SBJ-N2-REVEAL-TR.mp4,OBJ-N5-Ab-SBJ-N2-REVEAL-TR.mp3,3033.9097,mouse_continue,5.3482,,,,,,,2,OBJ-N5-Ab-SBJ-N2-REVEAL-TR.mp4,OBJ-N5-Ab-SBJ-N2-REVEAL-TR.mp3,348650,2001.04.20.,2026-04-18_09h38.52.342,BrocantoHPilot1WOSession2,2025.2.4,Win32,142.8571429,,,,,,,,,,,,,,,,,,,,,,,,,,,,,,,,,,,,,,,,,,,,,,,,,,,,,,,,,,,,,,,,,0,31,31,31,1,,,,,,,,,,,,,,,,,,,,
,,,,,,,,,,,,3033.9102,2,Ab-SBJ-N1-HIDE-INTR.mp4,Ab-SBJ-N1-HIDE-INTR.mp3,3039.2659,mouse_continue,5.3558,,,,,,,2,Ab-SBJ-N1-HIDE-INTR.mp4,Ab-SBJ-N1-HIDE-INTR.mp3,348650,2001.04.20.,2026-04-18_09h38.52.342,BrocantoHPilot1WOSession2,2025.2.4,Win32,142.8571429,,,,,,,,,,,,,,,,,,,,,,,,,,,,,,,,,,,,,,,,,,,,,,,,,,,,,,,,,,,,,,,,,0,32,32,32,1,,,,,,,,,,,,,,,,,,,,
,,,,,,,,,,,,3039.2662,2,OBJ-N5-SBJ-N4-HIDE-TR-LOC-N2.mp4,OBJ-N5-SBJ-N4-HIDE-TR-LOC-N2.mp3,3044.7324,mouse_continue,5.4662,,,,,,,2,OBJ-N5-SBJ-N4-HIDE-TR-LOC-N2.mp4,OBJ-N5-SBJ-N4-HIDE-TR-LOC-N2.mp3,348650,2001.04.20.,2026-04-18_09h38.52.342,BrocantoHPilot1WOSession2,2025.2.4,Win32,142.8571429,,,,,,,,,,,,,,,,,,,,,,,,,,,,,,,,,,,,,,,,,,,,,,,,,,,,,,,,,,,,,,,,,0,33,33,33,1,,,,,,,,,,,,,,,,,,,,
,,,,,,,,,,,,3044.7327,2,SBJ-N4-JUMP-INTR.mp4,SBJ-N4-JUMP-INTR.mp3,3050.0939,mouse_continue,5.3612,,,,,,,2,SBJ-N4-JUMP-INTR.mp4,SBJ-N4-JUMP-INTR.mp3,348650,2001.04.20.,2026-04-18_09h38.52.342,BrocantoHPilot1WOSession2,2025.2.4,Win32,142.8571429,,,,,,,,,,,,,,,,,,,,,,,,,,,,,,,,,,,,,,,,,,,,,,,,,,,,,,,,,,,,,,,,,0,34,34,34,1,,,,,,,,,,,,,,,,,,,,
,,,,,,,,,,,,3050.0943,2,OBJ-N5-SBJ-N1-PUSH-TR.mp4,OBJ-N5-SBJ-N1-PUSH-TR.mp3,3055.5882,mouse_continue,5.494,,,,,,,2,OBJ-N5-SBJ-N1-PUSH-TR.mp4,OBJ-N5-SBJ-N1-PUSH-TR.mp3,348650,2001.04.20.,2026-04-18_09h38.52.342,BrocantoHPilot1WOSession2,2025.2.4,Win32,142.8571429,,,,,,,,,,,,,,,,,,,,,,,,,,,,,,,,,,,,,,,,,,,,,,,,,,,,,,,,,,,,,,,,,0,35,35,35,1,,,,,,,,,,,,,,,,,,,,
,,,,,,,,,,,,3055.5884,2,Ab-SBJ-N4-GO-INTR.mp4,Ab-SBJ-N4-GO-INTR.mp3,3060.9722,mouse_continue,5.3838,,,,,,,2,Ab-SBJ-N4-GO-INTR.mp4,Ab-SBJ-N4-GO-INTR.mp3,348650,2001.04.20.,2026-04-18_09h38.52.342,BrocantoHPilot1WOSession2,2025.2.4,Win32,142.8571429,,,,,,,,,,,,,,,,,,,,,,,,,,,,,,,,,,,,,,,,,,,,,,,,,,,,,,,,,,,,,,,,,0,36,36,36,1,,,,,,,,,,,,,,,,,,,,
,,,,,,,,,,,,3060.9725,2,Ab-SBJ-N2-HIDE-INTR-LOC-N1.mp4,Ab-SBJ-N2-HIDE-INTR-LOC-N1.mp3,3066.41,mouse_continue,5.4375,,,,,,,2,Ab-SBJ-N2-HIDE-INTR-LOC-N1.mp4,Ab-SBJ-N2-HIDE-INTR-LOC-N1.mp3,348650,2001.04.20.,2026-04-18_09h38.52.342,BrocantoHPilot1WOSession2,2025.2.4,Win32,142.8571429,,,,,,,,,,,,,,,,,,,,,,,,,,,,,,,,,,,,,,,,,,,,,,,,,,,,,,,,,,,,,,,,,0,37,37,37,1,,,,,,,,,,,,,,,,,,,,
,,,,,,,,,,,,3066.4104,2,Ab-SBJ-N3-JUMP-INTR-Ab-LOC-N4.mp4,Ab-SBJ-N3-JUMP-INTR-Ab-LOC-N4.mp3,3077.621,mouse_continue,11.2106,,,,,,,2,Ab-SBJ-N3-JUMP-INTR-Ab-LOC-N4.mp4,Ab-SBJ-N3-JUMP-INTR-Ab-LOC-N4.mp3,348650,2001.04.20.,2026-04-18_09h38.52.342,BrocantoHPilot1WOSession2,2025.2.4,Win32,142.8571429,,,,,,,,,,,,,,,,,,,,,,,,,,,,,,,,,,,,,,,,,,,,,,,,,,,,,,,,,,,,,,,,,0,38,38,38,1,,,,,,,,,,,,,,,,,,,,
,,,,,,,,,,,,3077.6212,2,Aa-SBJ-N4-GO-INTR-Aa-LOC-N5.mp4,Aa-SBJ-N4-GO-INTR-Aa-LOC-N5.mp3,3083.2194,mouse_continue,5.5982,,,,,,,2,Aa-SBJ-N4-GO-INTR-Aa-LOC-N5.mp4,Aa-SBJ-N4-GO-INTR-Aa-LOC-N5.mp3,348650,2001.04.20.,2026-04-18_09h38.52.342,BrocantoHPilot1WOSession2,2025.2.4,Win32,142.8571429,,,,,,,,,,,,,,,,,,,,,,,,,,,,,,,,,,,,,,,,,,,,,,,,,,,,,,,,,,,,,,,,,0,39,39,39,1,,,,,,,,,,,,,,,,,,,,
,,,,,,,,,,,,3083.2198,2,OBJ-N5-SBJ-N2-PUSH-TR-Ab-LOC-N4.mp4,OBJ-N5-SBJ-N2-PUSH-TR-Ab-LOC-N4.mp3,3088.554,mouse_continue,5.3341,,,,,,,2,OBJ-N5-SBJ-N2-PUSH-TR-Ab-LOC-N4.mp4,OBJ-N5-SBJ-N2-PUSH-TR-Ab-LOC-N4.mp3,348650,2001.04.20.,2026-04-18_09h38.52.342,BrocantoHPilot1WOSession2,2025.2.4,Win32,142.8571429,,,,,,,,,,,,,,,,,,,,,,,,,,,,,,,,,,,,,,,,,,,,,,,,,,,,,,,,,,,,,,,,,0,40,40,40,1,,,,,,,,,,,,,,,,,,,,
,,,,,,,,,,,,3088.5543,2,OBJ-N5-SBJ-N4-REVEAL-TR.mp4,OBJ-N5-SBJ-N4-REVEAL-TR.mp3,3094.7705,mouse_continue,6.2163,,,,,,,2,OBJ-N5-SBJ-N4-REVEAL-TR.mp4,OBJ-N5-SBJ-N4-REVEAL-TR.mp3,348650,2001.04.20.,2026-04-18_09h38.52.342,BrocantoHPilot1WOSession2,2025.2.4,Win32,142.8571429,,,,,,,,,,,,,,,,,,,,,,,,,,,,,,,,,,,,,,,,,,,,,,,,,,,,,,,,,,,,,,,,,0,41,41,41,1,,,,,,,,,,,,,,,,,,,,
,,,,,,,,,,,,,,,,,,,,,,,,,2,,,348650,2001.04.20.,2026-04-18_09h38.52.342,BrocantoHPilot1WOSession2,2025.2.4,Win32,142.8571429,3101.2247,2,2,2,22.226,1,22.7331,22.226,3125.5275,,,,,,SBJ-N3-REVEAL-INTR-LOC-N5.mp3,SBJ-N3-REVEAL-INTR-LOC-N5.mp4,SBJ-N3-JUMP-INTR-LOC-N5.mp4,,,,,,,,,,,,,,,,,,,,,,,,,,,,,,,,,,,,,,,,,,,,,,,,,,,,,0,0,0,0,1,,,,,,,,,,,,,,,
,,,,,,,,,,,,,,,,,,,,,,,,,2,,,348650,2001.04.20.,2026-04-18_09h38.52.342,BrocantoHPilot1WOSession2,2025.2.4,Win32,142.8571429,3125.5278,2,1,1,13.2407,1,14.1712,13.2407,3140.8296,,,,,,OBJ-N5-SBJ-N4-PUSH-TR-LOC-N2.mp3,OBJ-N5-SBJ-N4-PUSH-TR-LOC-N2.mp4,OBJ-N4-SBJ-N5-REVEAL-TR-LOC-N2.mp4,,,,,,,,,,,,,,,,,,,,,,,,,,,,,,,,,,,,,,,,,,,,,,,,,,,,,0,1,1,1,1,,,,,,,,,,,,,,,
,,,,,,,,,,,,,,,,,,,,,,,,,2,,,348650,2001.04.20.,2026-04-18_09h38.52.342,BrocantoHPilot1WOSession2,2025.2.4,Win32,142.8571429,3140.8298,2,1,1,27.2489,1,,27.2489,3169.6069,,,,,,OBJ-N5-SBJ-N4-HIDE-TR-LOC-N3.mp3,OBJ-N5-SBJ-N4-HIDE-TR-LOC-N3.mp4,OBJ-N5-SBJ-N3-HIDE-TR-LOC-N4.mp4,,,,,,,,,,,,,,,,,,,,,,,,,,,,,,,,,,,,,,,,,,,,,,,,,,,,,0,2,2,2,1,,,,,,,,,,,,,,,
,,,,,,,,,,,,,,,,,,,,,,,,,2,,,348650,2001.04.20.,2026-04-18_09h38.52.342,BrocantoHPilot1WOSession2,2025.2.4,Win32,142.8571429,3169.6072,2,1,1,14.878,1,15.3434,14.878,3185.9856,,,,,,SBJ-N1-REVEAL-INTR-LOC-N2.mp3,SBJ-N1-REVEAL-INTR-LOC-N2.mp4,SBJ-N1-HIDE-INTR-LOC-N2.mp4,,,,,,,,,,,,,,,,,,,,,,,,,,,,,,,,,,,,,,,,,,,,,,,,,,,,,0,3,3,3,1,,,,,,,,,,,,,,,
,,,,,,,,,,,,,,,,,,,,,,,,,2,,,348650,2001.04.20.,2026-04-18_09h38.52.342,BrocantoHPilot1WOSession2,2025.2.4,Win32,142.8571429,3185.9858,2,1,1,14.5654,1,14.8849,14.5654,3202.0864,,,,,,OBJ-N5-SBJ-N4-REVEAL-TR.mp3,OBJ-N5-SBJ-N4-REVEAL-TR.mp4,OBJ-N4-SBJ-N5-PUSH-TR.mp4,,,,,,,,,,,,,,,,,,,,,,,,,,,,,,,,,,,,,,,,,,,,,,,,,,,,,0,4,4,4,1,,,,,,,,,,,,,,,
,,,,,,,,,,,,,,,,,,,,,,,,,2,,,348650,2001.04.20.,2026-04-18_09h38.52.342,BrocantoHPilot1WOSession2,2025.2.4,Win32,142.8571429,3202.0867,2,2,2,15.1628,1,15.6144,15.1628,3218.993,,,,,,SBJ-N2-GO-INTR.mp3,SBJ-N2-GO-INTR.mp4,SBJ-N2-REVEAL-INTR.mp4,,,,,,,,,,,,,,,,,,,,,,,,,,,,,,,,,,,,,,,,,,,,,,,,,,,,,0,5,5,5,1,,,,,,,,,,,,,,,
,,,,,,,,,,,,,,,,,,,,,,,,,2,,,348650,2001.04.20.,2026-04-18_09h38.52.342,BrocantoHPilot1WOSession2,2025.2.4,Win32,142.8571429,3218.9933,2,1,1,11.8027,1,11.622,11.8027,3232.4751,,,,,,SBJ-N5-JUMP-INTR.mp3,SBJ-N5-JUMP-INTR.mp4,SBJ-N5-HIDE-INTR.mp4,,,,,,,,,,,,,,,,,,,,,,,,,,,,,,,,,,,,,,,,,,,,,,,,,,,,,0,6,6,6,1,,,,,,,,,,,,,,,
,,,,,,,,,,,,,,,,,,,,,,,,,2,,,348650,2001.04.20.,2026-04-18_09h38.52.342,BrocantoHPilot1WOSession2,2025.2.4,Win32,142.8571429,3232.4754,2,1,1,15.1421,1,,15.1421,3249.1525,,,,,,OBJ-N5-SBJ-N1-PUSH-TR-LOC-N2.mp3,OBJ-N5-SBJ-N1-PUSH-TR-LOC-N2.mp4,OBJ-N5-SBJ-N2-PUSH-TR-LOC-N1.mp4,,,,,,,,,,,,,,,,,,,,,,,,,,,,,,,,,,,,,,,,,,,,,,,,,,,,,0,7,7,7,1,,,,,,,,,,,,,,,
,,,,,,,,,,,,,,,,,,,,,,,,,2,,,348650,2001.04.20.,2026-04-18_09h38.52.342,BrocantoHPilot1WOSession2,2025.2.4,Win32,142.8571429,3249.1528,2,2,2,12.5165,1,,12.5165,3263.1557,,,,,,SBJ-N1-REVEAL-INTR-LOC-N3.mp3,SBJ-N1-REVEAL-INTR-LOC-N3.mp4,SBJ-N3-JUMP-INTR-LOC-N1.mp4,,,,,,,,,,,,,,,,,,,,,,,,,,,,,,,,,,,,,,,,,,,,,,,,,,,,,0,8,8,8,1,,,,,,,,,,,,,,,
,,,,,,,,,,,,,,,,,,,,,,,,,2,,,348650,2001.04.20.,2026-04-18_09h38.52.342,BrocantoHPilot1WOSession2,2025.2.4,Win32,142.8571429,3263.156,2,2,2,30.3677,1,28.527,30.3677,3295.1213,,,,,,Ab-OBJ-N5-SBJ-N1-REVEAL-TR.mp3,Ab-OBJ-N5-SBJ-N1-REVEAL-TR.mp4,Aa-OBJ-N5-SBJ-N1-HIDE-TR.mp4,,,,,,,,,,,,,,,,,,,,,,,,,,,,,,,,,,,,,,,,,,,,,,,,,,,,,0,9,9,9,1,,,,,,,,,,,,,,,
,,,,,,,,,,,,,,,,,,,,,,,,,2,,,348650,2001.04.20.,2026-04-18_09h38.52.342,BrocantoHPilot1WOSession2,2025.2.4,Win32,142.8571429,3295.1215,2,1,1,15.4892,1,15.8713,15.4892,3312.3126,,,,,,Ab-SBJ-N2-HIDE-INTR.mp3,Ab-SBJ-N2-HIDE-INTR.mp4,Aa-SBJ-N2-HIDE-INTR.mp4,,,,,,,,,,,,,,,,,,,,,,,,,,,,,,,,,,,,,,,,,,,,,,,,,,,,,0,10,10,10,1,,,,,,,,,,,,,,,
,,,,,,,,,,,,,,,,,,,,,,,,,2,,,348650,2001.04.20.,2026-04-18_09h38.52.342,BrocantoHPilot1WOSession2,2025.2.4,Win32,142.8571429,3312.3128,2,1,1,28.27,1,16.3714,28.27,3342.2361,,,,,,OBJ-N5-SBJ-N1-HIDE-TR-LOC-N2.mp3,OBJ-N5-SBJ-N1-HIDE-TR-LOC-N2.mp4,OBJ-N2-SBJ-N1-HIDE-TR-LOC-N5.mp4,,,,,,,,,,,,,,,,,,,,,,,,,,,,,,,,,,,,,,,,,,,,,,,,,,,,,0,11,11,11,1,,,,,,,,,,,,,,,
,,,,,,,,,,,,,,,,,,,,,,,,,2,,,348650,2001.04.20.,2026-04-18_09h38.52.342,BrocantoHPilot1WOSession2,2025.2.4,Win32,142.8571429,3342.2363,2,2,2,42.6218,1,24.3315,42.6218,3387.2607,,,,,,OBJ-N5-Ab-SBJ-N1-HIDE-TR.mp3,OBJ-N5-Ab-SBJ-N1-HIDE-TR.mp4,Aa-OBJ-N1-SBJ-N5-HIDE-TR.mp4,,,,,,,,,,,,,,,,,,,,,,,,,,,,,,,,,,,,,,,,,,,,,,,,,,,,,0,12,12,12,1,,,,,,,,,,,,,,,
,,,,,,,,,,,,,,,,,,,,,,,,,2,,,348650,2001.04.20.,2026-04-18_09h38.52.342,BrocantoHPilot1WOSession2,2025.2.4,Win32,142.8571429,3387.2609,2,2,2,15.1205,1,15.2802,15.1205,3404.0416,,,,,,OBJ-N5-Ab-SBJ-N1-REVEAL-TR.mp3,OBJ-N5-Ab-SBJ-N1-REVEAL-TR.mp4,OBJ-N5-Aa-SBJ-N1-PUSH-TR.mp4,,,,,,,,,,,,,,,,,,,,,,,,,,,,,,,,,,,,,,,,,,,,,,,,,,,,,0,13,13,13,1,,,,,,,,,,,,,,,
,,,,,,,,,,,,,,,,,,,,,,,,,2,,,348650,2001.04.20.,2026-04-18_09h38.52.342,BrocantoHPilot1WOSession2,2025.2.4,Win32,142.8571429,3404.0419,2,2,2,18.9553,1,19.122,18.9553,3424.4489,,,,,,OBJ-N5-SBJ-N4-PUSH-TR-LOC-N1.mp3,OBJ-N5-SBJ-N4-PUSH-TR-LOC-N1.mp4,OBJ-N4-SBJ-N5-HIDE-TR-LOC-N1.mp4,,,,,,,,,,,,,,,,,,,,,,,,,,,,,,,,,,,,,,,,,,,,,,,,,,,,,0,14,14,14,1,,,,,,,,,,,,,,,
,,,,,,,,,,,,,,,,,,,,,,,,,2,,,348650,2001.04.20.,2026-04-18_09h38.52.342,BrocantoHPilot1WOSession2,2025.2.4,Win32,142.8571429,3424.4491,2,1,1,11.9504,1,,11.9504,3437.9173,,,,,,Ab-SBJ-N2-GO-INTR.mp3,Ab-SBJ-N2-GO-INTR.mp4,Aa-SBJ-N2-GO-INTR.mp4,,,,,,,,,,,,,,,,,,,,,,,,,,,,,,,,,,,,,,,,,,,,,,,,,,,,,0,15,15,15,1,,,,,,,,,,,,,,,
,,,,,,,,,,,,,,,,,,,,,,,,,2,,,348650,2001.04.20.,2026-04-18_09h38.52.342,BrocantoHPilot1WOSession2,2025.2.4,Win32,142.8571429,3437.9175,2,1,1,14.5725,1,14.2112,14.5725,3454.7682,,,,,,SBJ-N5-HIDE-INTR.mp3,SBJ-N5-HIDE-INTR.mp4,SBJ-N5-REVEAL-INTR.mp4,,,,,,,,,,,,,,,,,,,,,,,,,,,,,,,,,,,,,,,,,,,,,,,,,,,,,0,16,16,16,1,,,,,,,,,,,,,,,
,,,,,,,,,,,,,,,,,,,,,,,,,2,,,348650,2001.04.20.,2026-04-18_09h38.52.342,BrocantoHPilot1WOSession2,2025.2.4,Win32,142.8571429,3454.7685,2,1,1,14.3641,1,13.6833,14.3641,3470.7441,,,,,,SBJ-N1-JUMP-INTR-LOC-N3.mp3,SBJ-N1-JUMP-INTR-LOC-N3.mp4,SBJ-N3-JUMP-INTR-LOC-N1.mp4,,,,,,,,,,,,,,,,,,,,,,,,,,,,,,,,,,,,,,,,,,,,,,,,,,,,,0,17,17,17,1,,,,,,,,,,,,,,,
,,,,,,,,,,,,,,,,,,,,,,,,,2,,,348650,2001.04.20.,2026-04-18_09h38.52.342,BrocantoHPilot1WOSession2,2025.2.4,Win32,142.8571429,3470.7443,2,1,1,14.7407,1,15.1853,14.7407,3487.1019,,,,,,SBJ-N5-GO-INTR-LOC-N2.mp3,SBJ-N5-GO-INTR-LOC-N2.mp4,SBJ-N2-HIDE-INTR-LOC-N5.mp4,,,,,,,,,,,,,,,,,,,,,,,,,,,,,,,,,,,,,,,,,,,,,,,,,,,,,0,18,18,18,1,,,,,,,,,,,,,,,
,,,,,,,,,,,,,,,,,,,,,,,,,2,,,348650,2001.04.20.,2026-04-18_09h38.52.342,BrocantoHPilot1WOSession2,2025.2.4,Win32,142.8571429,3487.1021,2,1,1,21.2128,1,,21.2128,3509.8292,,,,,,SBJ-N3-HIDE-INTR-LOC-N5.mp3,SBJ-N3-HIDE-INTR-LOC-N5.mp4,SBJ-N5-HIDE-INTR-LOC-N3.mp4,,,,,,,,,,,,,,,,,,,,,,,,,,,,,,,,,,,,,,,,,,,,,,,,,,,,,0,19,19,19,1,,,,,,,,,,,,,,,
,,,,,,,,,,,,,,,,,,,,,,,,,2,,,348650,2001.04.20.,2026-04-18_09h38.52.342,BrocantoHPilot1WOSession2,2025.2.4,Win32,142.8571429,3509.8294,2,2,2,15.6144,1,15.1282,15.6144,3527.0136,,,,,,OBJ-N5-SBJ-N3-PUSH-TR-LOC-N1.mp3,OBJ-N5-SBJ-N3-PUSH-TR-LOC-N1.mp4,OBJ-N5-SBJ-N3-REVEAL-TR-LOC-N1.mp4,,,,,,,,,,,,,,,,,,,,,,,,,,,,,,,,,,,,,,,,,,,,,,,,,,,,,0,20,20,20,1,,,,,,,,,,,,,,,
,,,,,,,,,,,,,,,,,,,,,,,,,2,,,348650,2001.04.20.,2026-04-18_09h38.52.342,BrocantoHPilot1WOSession2,2025.2.4,Win32,142.8571429,3527.0139,2,1,1,31.2638,1,23.9288,31.2638,3560.5698,,,,,,Ab-OBJ-N5-SBJ-N1-REVEAL-TR.mp3,Ab-OBJ-N5-SBJ-N1-REVEAL-TR.mp4,OBJ-N1-Aa-SBJ-N5-REVEAL-TR.mp4,,,,,,,,,,,,,,,,,,,,,,,,,,,,,,,,,,,,,,,,,,,,,,,,,,,,,0,21,21,21,1,,,,,,,,,,,,,,,
,,,,,,,,,,,,,,,,,,,,,,,,,2,,,348650,2001.04.20.,2026-04-18_09h38.52.342,BrocantoHPilot1WOSession2,2025.2.4,Win32,142.8571429,3560.5701,2,1,1,12.7385,1,,12.7385,3574.9417,,,,,,OBJ-N5-SBJ-N1-PUSH-TR-Ab-LOC-N3.mp3,OBJ-N5-SBJ-N1-PUSH-TR-Ab-LOC-N3.mp4,OBJ-N5-SBJ-N1-REVEAL-TR-Aa-LOC-N3.mp4,,,,,,,,,,,,,,,,,,,,,,,,,,,,,,,,,,,,,,,,,,,,,,,,,,,,,0,22,22,22,1,,,,,,,,,,,,,,,
,,,,,,,,,,,,,,,,,,,,,,,,,2,,,348650,2001.04.20.,2026-04-18_09h38.52.342,BrocantoHPilot1WOSession2,2025.2.4,Win32,142.8571429,3574.9419,2,1,1,14.2662,1,,14.2662,3590.9031,,,,,,Ab-SBJ-N2-REVEAL-INTR-Ab-LOC-N4.mp3,Ab-SBJ-N2-REVEAL-INTR-Ab-LOC-N4.mp4,Ab-SBJ-N4-REVEAL-INTR-Aa-LOC-N2.mp4,,,,,,,,,,,,,,,,,,,,,,,,,,,,,,,,,,,,,,,,,,,,,,,,,,,,,0,23,23,23,1,,,,,,,,,,,,,,,
,,,,,,,,,,,,,,,,,,,,,,,,,2,,,348650,2001.04.20.,2026-04-18_09h38.52.342,BrocantoHPilot1WOSession2,2025.2.4,Win32,142.8571429,3590.9034,2,1,2,43.815,0,26.6098,43.815,3637.0871,,,,,,OBJ-N5-Ab-SBJ-N1-REVEAL-TR-Ab-LOC-N3.mp3,OBJ-N5-Ab-SBJ-N1-REVEAL-TR-Ab-LOC-N3.mp4,OBJ-N5-Ab-SBJ-N1-REVEAL-TR-Aa-LOC-N3.mp4,,,,,,,,,,,,,,,,,,,,,,,,,,,,,,,,,,,,,,,,,,,,,,,,,,,,,0,24,24,24,1,,,,,,,,,,,,,,,
,,,,,,,,,,,,,,,,,,,,,,,,,2,,,348650,2001.04.20.,2026-04-18_09h38.52.342,BrocantoHPilot1WOSession2,2025.2.4,Win32,142.8571429,3637.0873,2,1,1,18.3319,1,16.3799,18.3319,3656.9804,,,,,,Ab-SBJ-N4-REVEAL-INTR-LOC-N3.mp3,Ab-SBJ-N4-REVEAL-INTR-LOC-N3.mp4,Aa-SBJ-N4-JUMP-INTR-LOC-N3.mp4,,,,,,,,,,,,,,,,,,,,,,,,,,,,,,,,,,,,,,,,,,,,,,,,,,,,,0,25,25,25,1,,,,,,,,,,,,,,,
,,,,,,,,,,,,,,,,,,,,,,,,,2,,,348650,2001.04.20.,2026-04-18_09h38.52.342,BrocantoHPilot1WOSession2,2025.2.4,Win32,142.8571429,3656.9806,2,2,2,30.9041,1,22.4214,30.9041,3689.557,,,,,,Ab-SBJ-N5-REVEAL-INTR-Ab-LOC-N4.mp3,Ab-SBJ-N5-REVEAL-INTR-Ab-LOC-N4.mp4,Ab-SBJ-N4-REVEAL-INTR-Aa-LOC-N5.mp4,,,,,,,,,,,,,,,,,,,,,,,,,,,,,,,,,,,,,,,,,,,,,,,,,,,,,0,26,26,26,1,,,,,,,,,,,,,,,
,,,,,,,,,,,,,,,,,,,,,,,,,2,,,348650,2001.04.20.,2026-04-18_09h38.52.342,BrocantoHPilot1WOSession2,2025.2.4,Win32,142.8571429,3689.5573,2,1,1,18.7417,1,,18.7417,3709.8402,,,,,,Ab-OBJ-N5-SBJ-N3-PUSH-TR.mp3,Ab-OBJ-N5-SBJ-N3-PUSH-TR.mp4,Aa-OBJ-N5-SBJ-N3-PUSH-TR.mp4,,,,,,,,,,,,,,,,,,,,,,,,,,,,,,,,,,,,,,,,,,,,,,,,,,,,,0,27,27,27,1,,,,,,,,,,,,,,,
,,,,,,,,,,,,,,,,,,,,,,,,,2,,,348650,2001.04.20.,2026-04-18_09h38.52.342,BrocantoHPilot1WOSession2,2025.2.4,Win32,142.8571429,3709.8404,2,2,2,12.8351,1,12.7311,12.8351,3724.3913,,,,,,Ab-SBJ-N4-JUMP-INTR.mp3,Ab-SBJ-N4-JUMP-INTR.mp4,Aa-SBJ-N4-GO-INTR.mp4,,,,,,,,,,,,,,,,,,,,,,,,,,,,,,,,,,,,,,,,,,,,,,,,,,,,,0,28,28,28,1,,,,,,,,,,,,,,,
,,,,,,,,,,,,,,,,,,,,,,,,,2,,,348650,2001.04.20.,2026-04-18_09h38.52.342,BrocantoHPilot1WOSession2,2025.2.4,Win32,142.8571429,3724.3915,2,1,1,17.8371,1,,17.8371,3743.9166,,,,,,Ab-OBJ-N5-SBJ-N4-HIDE-TR-LOC-N3.mp3,Ab-OBJ-N5-SBJ-N4-HIDE-TR-LOC-N3.mp4,OBJ-N3-SBJ-N4-HIDE-TR-Aa-LOC-N5.mp4,,,,,,,,,,,,,,,,,,,,,,,,,,,,,,,,,,,,,,,,,,,,,,,,,,,,,0,29,29,29,1,,,,,,,,,,,,,,,
,,,,,,,,,,,,,,,,,,,,,,,,,2,,,348650,2001.04.20.,2026-04-18_09h38.52.342,BrocantoHPilot1WOSession2,2025.2.4,Win32,142.8571429,3743.9168,2,2,2,25.2485,1,15.8713,25.2485,3770.7906,,,,,,Ab-OBJ-N5-SBJ-N4-REVEAL-TR.mp3,Ab-OBJ-N5-SBJ-N4-REVEAL-TR.mp4,Aa-OBJ-N5-SBJ-N4-REVEAL-TR.mp4,,,,,,,,,,,,,,,,,,,,,,,,,,,,,,,,,,,,,,,,,,,,,,,,,,,,,0,30,30,30,1,,,,,,,,,,,,,,,
,,,,,,,,,,,,,,,,,,,,,,,,,2,,,348650,2001.04.20.,2026-04-18_09h38.52.342,BrocantoHPilot1WOSession2,2025.2.4,Win32,142.8571429,3770.7909,2,1,1,17.3785,1,17.1494,17.3785,3789.7185,,,,,,Ab-OBJ-N5-Ab-SBJ-N2-HIDE-TR-LOC-N4.mp3,Ab-OBJ-N5-Ab-SBJ-N2-HIDE-TR-LOC-N4.mp4,Ab-OBJ-N5-Aa-SBJ-N2-REVEAL-TR-LOC-N4.mp4,,,,,,,,,,,,,,,,,,,,,,,,,,,,,,,,,,,,,,,,,,,,,,,,,,,,,0,31,31,31,1,,,,,,,,,,,,,,,
,,,,,,,,,,,,,,,,,,,,,,,,,2,,,348650,2001.04.20.,2026-04-18_09h38.52.342,BrocantoHPilot1WOSession2,2025.2.4,Win32,142.8571429,3789.7189,2,1,1,13.6208,1,,13.6208,3804.9581,,,,,,Ab-SBJ-N4-GO-INTR.mp3,Ab-SBJ-N4-GO-INTR.mp4,Aa-SBJ-N4-GO-INTR.mp4,,,,,,,,,,,,,,,,,,,,,,,,,,,,,,,,,,,,,,,,,,,,,,,,,,,,,0,32,32,32,1,,,,,,,,,,,,,,,
,,,,,,,,,,,,,,,,,,,,,,,,,2,,,348650,2001.04.20.,2026-04-18_09h38.52.342,BrocantoHPilot1WOSession2,2025.2.4,Win32,142.8571429,3804.9583,2,1,1,13.7389,1,,13.7389,3820.5935,,,,,,Ab-OBJ-N5-Ab-SBJ-N1-PUSH-TR.mp3,Ab-OBJ-N5-Ab-SBJ-N1-PUSH-TR.mp4,Ab-OBJ-N1-Aa-SBJ-N5-PUSH-TR.mp4,,,,,,,,,,,,,,,,,,,,,,,,,,,,,,,,,,,,,,,,,,,,,,,,,,,,,0,33,33,33,1,,,,,,,,,,,,,,,
,,,,,,,,,,,,,,,,,,,,,,,,,2,,,348650,2001.04.20.,2026-04-18_09h38.52.342,BrocantoHPilot1WOSession2,2025.2.4,Win32,142.8571429,3820.5937,2,2,2,15.8714,1,15.2393,15.8714,3838.1253,,,,,,Ab-SBJ-N5-HIDE-INTR.mp3,Ab-SBJ-N5-HIDE-INTR.mp4,Aa-SBJ-N5-REVEAL-INTR.mp4,,,,,,,,,,,,,,,,,,,,,,,,,,,,,,,,,,,,,,,,,,,,,,,,,,,,,0,34,34,34,1,,,,,,,,,,,,,,,
,,,,,,,,,,,,,,,,,,,,,,,,,2,,,348650,2001.04.20.,2026-04-18_09h38.52.342,BrocantoHPilot1WOSession2,2025.2.4,Win32,142.8571429,3838.1255,2,1,1,31.6379,1,,31.6379,3871.2508,,,,,,Ab-OBJ-N5-SBJ-N2-REVEAL-TR-Ab-LOC-N3.mp3,Ab-OBJ-N5-SBJ-N2-REVEAL-TR-Ab-LOC-N3.mp4,Ab-OBJ-N3-SBJ-N2-HIDE-TR-Ab-LOC-N5.mp4,,,,,,,,,,,,,,,,,,,,,,,,,,,,,,,,,,,,,,,,,,,,,,,,,,,,,0,35,35,35,1,,,,,,,,,,,,,,,
,,,,,,,,,,,,,,,,,,,,,,,,,2,,,348650,2001.04.20.,2026-04-18_09h38.52.342,BrocantoHPilot1WOSession2,2025.2.4,Win32,142.8571429,3871.251,2,2,2,26.8182,1,22.6576,26.8182,3899.7779,,,,,,Ab-SBJ-N5-HIDE-INTR.mp3,Ab-SBJ-N5-HIDE-INTR.mp4,Ab-SBJ-N5-GO-INTR.mp4,,,,,,,,,,,,,,,,,,,,,,,,,,,,,,,,,,,,,,,,,,,,,,,,,,,,,0,36,36,36,1,,,,,,,,,,,,,,,
,,,,,,,,,,,,,,,,,,,,,,,,,2,,,348650,2001.04.20.,2026-04-18_09h38.52.342,BrocantoHPilot1WOSession2,2025.2.4,Win32,142.8571429,3899.7782,2,2,2,15.024,1,14.1558,15.024,3916.4276,,,,,,Ab-SBJ-N4-JUMP-INTR-LOC-N3.mp3,Ab-SBJ-N4-JUMP-INTR-LOC-N3.mp4,SBJ-N3-JUMP-INTR-Ab-LOC-N4.mp4,,,,,,,,,,,,,,,,,,,,,,,,,,,,,,,,,,,,,,,,,,,,,,,,,,,,,0,37,37,37,1,,,,,,,,,,,,,,,
,,,,,,,,,,,,,,,,,,,,,,,,,2,,,348650,2001.04.20.,2026-04-18_09h38.52.342,BrocantoHPilot1WOSession2,2025.2.4,Win32,142.8571429,3916.4279,2,1,1,13.1014,1,,13.1014,3930.9794,,,,,,Ab-SBJ-N4-GO-INTR-Ab-LOC-N3.mp3,Ab-SBJ-N4-GO-INTR-Ab-LOC-N3.mp4,Ab-SBJ-N3-GO-INTR-Aa-LOC-N4.mp4,,,,,,,,,,,,,,,,,,,,,,,,,,,,,,,,,,,,,,,,,,,,,,,,,,,,,0,38,38,38,1,,,,,,,,,,,,,,,
,,,,,,,,,,,,,,,,,,,,,,,,,2,,,348650,2001.04.20.,2026-04-18_09h38.52.342,BrocantoHPilot1WOSession2,2025.2.4,Win32,142.8571429,3930.9797,2,2,2,16.1631,1,15.3365,16.1631,3948.7125,,,,,,Ab-SBJ-N2-HIDE-INTR-Aa-LOC-N1.mp3,Ab-SBJ-N2-HIDE-INTR-Aa-LOC-N1.mp4,Ab-SBJ-N2-HIDE-INTR-Ab-LOC-N1.mp4,,,,,,,,,,,,,,,,,,,,,,,,,,,,,,,,,,,,,,,,,,,,,,,,,,,,,0,39,39,39,1,,,,,,,,,,,,,,,
,,,,,,,,,,,,,,,,,,,,,,,,,2,,,348650,2001.04.20.,2026-04-18_09h38.52.342,BrocantoHPilot1WOSession2,2025.2.4,Win32,142.8571429,3948.7129,2,2,1,13.7111,0,14.0862,13.7111,3966.1403,,,,,,Ab-OBJ-N5-SBJ-N1-PUSH-TR-LOC-N4.mp3,Ab-OBJ-N5-SBJ-N1-PUSH-TR-LOC-N4.mp4,OBJ-N1-Ab-SBJ-N5-HIDE-TR-LOC-N4.mp4,,,,,,,,,,,,,,,,,,,,,,,,,,,,,,,,,,,,,,,,,,,,,,,,,,,,,0,40,40,40,1,,,,,,,,,,,,,,,
,,,,,,,,,,,,,,,,,,,,,,,,,2,,,348650,2001.04.20.,2026-04-18_09h38.52.342,BrocantoHPilot1WOSession2,2025.2.4,Win32,142.8571429,3966.1405,2,2,2,24.8542,1,19.5334,24.8542,3992.5836,,,,,,Ab-OBJ-N5-Ab-SBJ-N3-PUSH-TR.mp3,Ab-OBJ-N5-Ab-SBJ-N3-PUSH-TR.mp4,Ab-OBJ-N3-Ab-SBJ-N5-PUSH-TR.mp4,,,,,,,,,,,,,,,,,,,,,,,,,,,,,,,,,,,,,,,,,,,,,,,,,,,,,0,41,41,41,1,,,,,,,,,,,,,,,
,,,,,,,,,,,,,,,,,,,,,,,,,2,,,348650,2001.04.20.,2026-04-18_09h38.52.342,BrocantoHPilot1WOSession2,2025.2.4,Win32,142.8571429,,,,,,,,,,,,,,,SBJ.N4 REVEAL-INTR LOC.N5,,,3996.4253,2,SBJ-N4-REVEAL-INTR-LOC-N5.mp4,N4|REVEAL|N5,HIDE|Aa|PUSH|N2|N5|N4|REVEAL,dabi|girda|timó,zsübe|gyék|vánta|murak|timó|dabi|girda,1,5.7368,16.3642,dabi girda timó,4015.3009,,,,,,SBJ-N4-REVEAL-INTR-LOC-N5.mp4,N4|REVEAL|N5,HIDE|Aa|PUSH|N2|N5|N4|REVEAL,dabi girda timó,dabi|girda|timó,zsübe|gyék|vánta|murak|timó|dabi|girda,,,,,,,,,,,,,,,,,,,,,,,,,,,,,,,,,,,0,0,0,0,1,,,,,,,,,,
,,,,,,,,,,,,,,,,,,,,,,,,,2,,,348650,2001.04.20.,2026-04-18_09h38.52.342,BrocantoHPilot1WOSession2,2025.2.4,Win32,142.8571429,,,,,,,,,,,,,,,OBJ.N5 SBJ.N4 HIDE-TR LOC.N3,,,4015.8043,2,OBJ-N5-SBJ-N4-HIDE-TR-LOC-N3.mp4,N5|N4|HIDE|N3,N3|N2|N4|HIDE|N5|N1|JUMP|Ab,timó|dabi|zsübe|zilép,zilép|murak|dabi|zsübe|timó|pekli|bonip|zsot,1,5.7868,18.8374,timó dabi zsübe zilép,4037.7912,,,,,,OBJ-N5-SBJ-N4-HIDE-TR-LOC-N3.mp4,N5|N4|HIDE|N3,N3|N2|N4|HIDE|N5|N1|JUMP|Ab,timó dabi zsübe zilép,timó|dabi|zsübe|zilép,zilép|murak|dabi|zsübe|timó|pekli|bonip|zsot,,,,,,,,,,,,,,,,,,,,,,,,,,,,,,,,,,,0,1,1,1,1,,,,,,,,,,
,,,,,,,,,,,,,,,,,,,,,,,,,2,,,348650,2001.04.20.,2026-04-18_09h38.52.342,BrocantoHPilot1WOSession2,2025.2.4,Win32,142.8571429,,,,,,,,,,,,,,,SBJ.N3 REVEAL-INTR LOC.N4,,,4038.2954,2,SBJ-N3-REVEAL-INTR-LOC-N4.mp4,N3|REVEAL|N4,JUMP|Aa|GO|REVEAL|N3|N5|N4,zilép|girda|dabi,bonip|gyék|kávler|girda|zilép|timó|dabi,1,6.022,13.093,zilép girda dabi,4053.2052,,,,,,SBJ-N3-REVEAL-INTR-LOC-N4.mp4,N3|REVEAL|N4,JUMP|Aa|GO|REVEAL|N3|N5|N4,zilép girda dabi,zilép|girda|dabi,bonip|gyék|kávler|girda|zilép|timó|dabi,,,,,,,,,,,,,,,,,,,,,,,,,,,,,,,,,,,0,2,2,2,1,,,,,,,,,,
,,,,,,,,,,,,,,,,,,,,,,,,,2,,,348650,2001.04.20.,2026-04-18_09h38.52.342,BrocantoHPilot1WOSession2,2025.2.4,Win32,142.8571429,,,,,,,,,,,,,,,OBJ.N5 SBJ.N1 REVEAL-TR LOC.N4,,,4053.7086,2,OBJ-N5-SBJ-N1-REVEAL-TR-LOC-N4.mp4,N5|N1|REVEAL|N4,Aa|PUSH|REVEAL|N5|N4|GO|N1|N3,timó|pekli|girda|dabi,gyék|vánta|girda|timó|dabi|kávler|pekli|zilép,1,6.5857,24.3734,timó pekli girda dabi,4081.4486,,,,,,OBJ-N5-SBJ-N1-REVEAL-TR-LOC-N4.mp4,N5|N1|REVEAL|N4,Aa|PUSH|REVEAL|N5|N4|GO|N1|N3,timó pekli girda dabi,timó|pekli|girda|dabi,gyék|vánta|girda|timó|dabi|kávler|pekli|zilép,,,,,,,,,,,,,,,,,,,,,,,,,,,,,,,,,,,0,3,3,3,1,,,,,,,,,,
,,,,,,,,,,,,,,,,,,,,,,,,,2,,,348650,2001.04.20.,2026-04-18_09h38.52.342,BrocantoHPilot1WOSession2,2025.2.4,Win32,142.8571429,,,,,,,,,,,,,,,SBJ.N3 JUMP-INTR,,,4081.9511,2,SBJ-N3-JUMP-INTR.mp4,N3|JUMP,REVEAL|Aa|HIDE|JUMP|N2|N3,zilép|bonip,girda|gyék|zsübe|bonip|murak|zilép,1,5.5715,9.6767,zilép bonip,4093.4702,,,,,,SBJ-N3-JUMP-INTR.mp4,N3|JUMP,REVEAL|Aa|HIDE|JUMP|N2|N3,zilép bonip,zilép|bonip,girda|gyék|zsübe|bonip|murak|zilép,,,,,,,,,,,,,,,,,,,,,,,,,,,,,,,,,,,0,4,4,4,1,,,,,,,,,,
,,,,,,,,,,,,,,,,,,,,,,,,,2,,,348650,2001.04.20.,2026-04-18_09h38.52.342,BrocantoHPilot1WOSession2,2025.2.4,Win32,142.8571429,,,,,,,,,,,,,,,OBJ.N5 Ab SBJ.N3 PUSH-TR,,,4093.9747,2,OBJ-N5-Ab-SBJ-N3-PUSH-TR.mp4,N5|Ab|N3|PUSH,Ab|N5|GO|N3|HIDE|Aa|N2|PUSH,timó|zsot|zilép|vánta,zsot|timó|kávler|zilép|zsübe|gyék|murak|vánta,1,4.6397,23.2204,timó zsot zilép vánta,4119.6293,,,,,,OBJ-N5-Ab-SBJ-N3-PUSH-TR.mp4,N5|Ab|N3|PUSH,Ab|N5|GO|N3|HIDE|Aa|N2|PUSH,timó zsot zilép vánta,timó|zsot|zilép|vánta,zsot|timó|kávler|zilép|zsübe|gyék|murak|vánta,,,,,,,,,,,,,,,,,,,,,,,,,,,,,,,,,,,0,5,5,5,1,,,,,,,,,,
,,,,,,,,,,,,,,,,,,,,,,,,,2,,,348650,2001.04.20.,2026-04-18_09h38.52.342,BrocantoHPilot1WOSession2,2025.2.4,Win32,142.8571429,,,,,,,,,,,,,,,Ab SBJ.N4 HIDE-INTR,,,4120.1333,2,Ab-SBJ-N4-HIDE-INTR.mp4,Ab|N4|HIDE,Ab|JUMP|N4|HIDE|GO|N2|REVEAL,zsot|dabi|zsübe,zsot|bonip|dabi|zsübe|kávler|murak|girda,1,5.5914,10.148,zsot dabi zsübe,4132.1108,,,,,,Ab-SBJ-N4-HIDE-INTR.mp4,Ab|N4|HIDE,Ab|JUMP|N4|HIDE|GO|N2|REVEAL,zsot dabi zsübe,zsot|dabi|zsübe,zsot|bonip|dabi|zsübe|kávler|murak|girda,,,,,,,,,,,,,,,,,,,,,,,,,,,,,,,,,,,0,6,6,6,1,,,,,,,,,,
,,,,,,,,,,,,,,,,,,,,,,,,,2,,,348650,2001.04.20.,2026-04-18_09h38.52.342,BrocantoHPilot1WOSession2,2025.2.4,Win32,142.8571429,,,,,,,,,,,,,,,SBJ.N2 REVEAL-INTR LOC.N3,,,4132.6153,2,SBJ-N2-REVEAL-INTR-LOC-N3.mp4,N2|REVEAL|N3,N3|JUMP|PUSH|N2|REVEAL|Ab|Aa,murak|girda|zilép,zilép|bonip|vánta|murak|girda|zsot|gyék,1,6.6194,12.1521,murak girda zilép,4147.7328,,,,,,SBJ-N2-REVEAL-INTR-LOC-N3.mp4,N2|REVEAL|N3,N3|JUMP|PUSH|N2|REVEAL|Ab|Aa,murak girda zilép,murak|girda|zilép,zilép|bonip|vánta|murak|girda|zsot|gyék,,,,,,,,,,,,,,,,,,,,,,,,,,,,,,,,,,,0,7,7,7,1,,,,,,,,,,
,,,,,,,,,,,,,,,,,,,,,,,,,2,,,348650,2001.04.20.,2026-04-18_09h38.52.342,BrocantoHPilot1WOSession2,2025.2.4,Win32,142.8571429,,,,,,,,,,,,,,,OBJ.N5 SBJ.N3 PUSH-TR,,,4148.2368,2,OBJ-N5-SBJ-N3-PUSH-TR.mp4,N5|N3|PUSH,JUMP|N3|PUSH|N4|HIDE|N5|N1,timó|zilép|vánta,bonip|zilép|vánta|dabi|zsübe|timó|pekli,1,3.6187,22.0672,timó zilép vánta,4173.8492,,,,,,OBJ-N5-SBJ-N3-PUSH-TR.mp4,N5|N3|PUSH,JUMP|N3|PUSH|N4|HIDE|N5|N1,timó zilép vánta,timó|zilép|vánta,bonip|zilép|vánta|dabi|zsübe|timó|pekli,,,,,,,,,,,,,,,,,,,,,,,,,,,,,,,,,,,0,8,8,8,1,,,,,,,,,,
,,,,,,,,,,,,,,,,,,,,,,,,,2,,,348650,2001.04.20.,2026-04-18_09h38.52.342,BrocantoHPilot1WOSession2,2025.2.4,Win32,142.8571429,,,,,,,,,,,,,,,OBJ.N5 SBJ.N1 HIDE-TR LOC.N4,,,4174.3538,2,OBJ-N5-SBJ-N1-HIDE-TR-LOC-N4.mp4,N5|N1|HIDE|N4,GO|N3|N2|N4|HIDE|JUMP|N1|N5,timó|pekli|zsübe|dabi,kávler|zilép|murak|dabi|zsübe|bonip|pekli|timó,1,9.3213,31.6388,timó pekli zsübe dabi,4208.7048,,,,,,OBJ-N5-SBJ-N1-HIDE-TR-LOC-N4.mp4,N5|N1|HIDE|N4,GO|N3|N2|N4|HIDE|JUMP|N1|N5,timó pekli zsübe dabi,timó|pekli|zsübe|dabi,kávler|zilép|murak|dabi|zsübe|bonip|pekli|timó,,,,,,,,,,,,,,,,,,,,,,,,,,,,,,,,,,,0,9,9,9,1,,,,,,,,,,
,,,,,,,,,,,,,,,,,,,,,,,,,2,,,348650,2001.04.20.,2026-04-18_09h38.52.342,BrocantoHPilot1WOSession2,2025.2.4,Win32,142.8571429,,,,,,,,,,,,,,,OBJ.N5 SBJ.N2 REVEAL-TR LOC.N1,,,4209.2088,2,OBJ-N5-SBJ-N2-REVEAL-TR-LOC-N1.mp4,N5|N2|REVEAL|N1,N1|PUSH|HIDE|REVEAL|N4|N5|Aa|N2,timó|murak|girda|pekli,pekli|vánta|zsübe|girda|dabi|timó|gyék|murak,1,6.7572,11.0301,timó murak girda pekli,4222.1871,,,,,,OBJ-N5-SBJ-N2-REVEAL-TR-LOC-N1.mp4,N5|N2|REVEAL|N1,N1|PUSH|HIDE|REVEAL|N4|N5|Aa|N2,timó murak girda pekli,timó|murak|girda|pekli,pekli|vánta|zsübe|girda|dabi|timó|gyék|murak,,,,,,,,,,,,,,,,,,,,,,,,,,,,,,,,,,,0,10,10,10,1,,,,,,,,,,
,,,,,,,,,,,,,,,,,,,,,,,,,2,,,348650,2001.04.20.,2026-04-18_09h38.52.342,BrocantoHPilot1WOSession2,2025.2.4,Win32,142.8571429,,,,,,,,,,,,,,,Ab OBJ.N5 SBJ.N1 PUSH-TR,,,4222.6911,2,Ab-OBJ-N5-SBJ-N1-PUSH-TR.mp4,Ab|N5|N1|PUSH,Ab|N1|HIDE|Aa|N4|REVEAL|PUSH|N5,zsot|timó|pekli|vánta,zsot|pekli|zsübe|gyék|dabi|girda|vánta|timó,1,4.7925,15.6213,zsot timó pekli vánta,4240.8858,,,,,,Ab-OBJ-N5-SBJ-N1-PUSH-TR.mp4,Ab|N5|N1|PUSH,Ab|N1|HIDE|Aa|N4|REVEAL|PUSH|N5,zsot timó pekli vánta,zsot|timó|pekli|vánta,zsot|pekli|zsübe|gyék|dabi|girda|vánta|timó,,,,,,,,,,,,,,,,,,,,,,,,,,,,,,,,,,,0,11,11,11,1,,,,,,,,,,
,,,,,,,,,,,,,,,,,,,,,,,,,2,,,348650,2001.04.20.,2026-04-18_09h38.52.342,BrocantoHPilot1WOSession2,2025.2.4,Win32,142.8571429,,,,,,,,,,,,,,,SBJ.N2 JUMP-INTR,,,4241.3897,2,SBJ-N2-JUMP-INTR.mp4,N2|JUMP,N4|HIDE|N2|Aa|GO|JUMP,murak|bonip,dabi|zsübe|murak|gyék|kávler|bonip,1,4.8829,6.8763,murak bonip,4251.0464,,,,,,SBJ-N2-JUMP-INTR.mp4,N2|JUMP,N4|HIDE|N2|Aa|GO|JUMP,murak bonip,murak|bonip,dabi|zsübe|murak|gyék|kávler|bonip,,,,,,,,,,,,,,,,,,,,,,,,,,,,,,,,,,,0,12,12,12,1,,,,,,,,,,
,,,,,,,,,,,,,,,,,,,,,,,,,2,,,348650,2001.04.20.,2026-04-18_09h38.52.342,BrocantoHPilot1WOSession2,2025.2.4,Win32,142.8571429,,,,,,,,,,,,,,,Ab SBJ.N1 GO-INTR,,,4251.5517,2,Ab-SBJ-N1-GO-INTR.mp4,Ab|N1|GO,N4|N2|Ab|HIDE|GO|N3|N1,zsot|pekli|kávler,dabi|murak|zsot|zsübe|kávler|zilép|pekli,1,4.8203,9.627,zsot pekli kávler,4262.9459,,,,,,Ab-SBJ-N1-GO-INTR.mp4,Ab|N1|GO,N4|N2|Ab|HIDE|GO|N3|N1,zsot pekli kávler,zsot|pekli|kávler,dabi|murak|zsot|zsübe|kávler|zilép|pekli,,,,,,,,,,,,,,,,,,,,,,,,,,,,,,,,,,,0,13,13,13,1,,,,,,,,,,
,,,,,,,,,,,,,,,,,,,,,,,,,2,,,348650,2001.04.20.,2026-04-18_09h38.52.342,BrocantoHPilot1WOSession2,2025.2.4,Win32,142.8571429,,,,,,,,,,,,,,,OBJ.N5 Ab SBJ.N3 HIDE-TR,,,4263.4503,2,OBJ-N5-Ab-SBJ-N3-HIDE-TR.mp4,N5|Ab|N3|HIDE,N5|HIDE|JUMP|Ab|N1|PUSH|N3|GO,timó|zsot|zilép|zsübe,timó|zsübe|bonip|zsot|pekli|vánta|zilép|kávler,1,6.589,12.2526,timó zsot zilép zsübe,4278.4497,,,,,,OBJ-N5-Ab-SBJ-N3-HIDE-TR.mp4,N5|Ab|N3|HIDE,N5|HIDE|JUMP|Ab|N1|PUSH|N3|GO,timó zsot zilép zsübe,timó|zsot|zilép|zsübe,timó|zsübe|bonip|zsot|pekli|vánta|zilép|kávler,,,,,,,,,,,,,,,,,,,,,,,,,,,,,,,,,,,0,14,14,14,1,,,,,,,,,,
,,,,,,,,,,,,,,,,,,,,,,,,,2,,,348650,2001.04.20.,2026-04-18_09h38.52.342,BrocantoHPilot1WOSession2,2025.2.4,Win32,142.8571429,,,,,,,,,,,,,,,OBJ.N5 SBJ.N2 REVEAL-TR LOC.N4,,,4278.9537,2,OBJ-N5-SBJ-N2-REVEAL-TR-LOC-N4.mp4,N5|N2|REVEAL|N4,PUSH|N5|Aa|N4|HIDE|REVEAL|GO|N2,timó|murak|girda|dabi,vánta|timó|gyék|dabi|zsübe|girda|kávler|murak,1,5.5775,30.1873,timó murak girda dabi,4310.986,,,,,,OBJ-N5-SBJ-N2-REVEAL-TR-LOC-N4.mp4,N5|N2|REVEAL|N4,PUSH|N5|Aa|N4|HIDE|REVEAL|GO|N2,timó murak girda dabi,timó|murak|girda|dabi,vánta|timó|gyék|dabi|zsübe|girda|kávler|murak,,,,,,,,,,,,,,,,,,,,,,,,,,,,,,,,,,,0,15,15,15,1,,,,,,,,,,
,,,,,,,,,,,,,,,,,,,,,,,,,2,,,348650,2001.04.20.,2026-04-18_09h38.52.342,BrocantoHPilot1WOSession2,2025.2.4,Win32,142.8571429,,,,,,,,,,,,,,,Ab SBJ.N5 JUMP-INTR,,,4311.4888,2,Ab-SBJ-N5-JUMP-INTR.mp4,Ab|N5|JUMP,JUMP|N3|Aa|N2|N5|PUSH|Ab,zsot|timó|bonip,bonip|zilép|gyék|murak|timó|vánta|zsot,1,4.6131,7.5303,zsot timó bonip,4321.05,,,,,,Ab-SBJ-N5-JUMP-INTR.mp4,Ab|N5|JUMP,JUMP|N3|Aa|N2|N5|PUSH|Ab,zsot timó bonip,zsot|timó|bonip,bonip|zilép|gyék|murak|timó|vánta|zsot,,,,,,,,,,,,,,,,,,,,,,,,,,,,,,,,,,,0,16,16,16,1,,,,,,,,,,
,,,,,,,,,,,,,,,,,,,,,,,,,2,,,348650,2001.04.20.,2026-04-18_09h38.52.342,BrocantoHPilot1WOSession2,2025.2.4,Win32,142.8571429,,,,,,,,,,,,,,,SBJ.N3 HIDE-INTR LOC.N5,,,4321.5536,2,SBJ-N3-HIDE-INTR-LOC-N5.mp4,N3|HIDE|N5,N5|HIDE|N3|PUSH|GO|JUMP|Ab,zilép|zsübe|timó,timó|zsübe|zilép|vánta|kávler|bonip|zsot,1,5.7661,17.7613,zilép zsübe timó,4341.1992,,,,,,SBJ-N3-HIDE-INTR-LOC-N5.mp4,N3|HIDE|N5,N5|HIDE|N3|PUSH|GO|JUMP|Ab,zilép zsübe timó,zilép|zsübe|timó,timó|zsübe|zilép|vánta|kávler|bonip|zsot,,,,,,,,,,,,,,,,,,,,,,,,,,,,,,,,,,,0,17,17,17,1,,,,,,,,,,
,,,,,,,,,,,,,,,,,,,,,,,,,2,,,348650,2001.04.20.,2026-04-18_09h38.52.342,BrocantoHPilot1WOSession2,2025.2.4,Win32,142.8571429,,,,,,,,,,,,,,,SBJ.N3 GO-INTR LOC.N4,,,4341.704,2,SBJ-N3-GO-INTR-LOC-N4.mp4,N3|GO|N4,N3|Ab|GO|N1|N5|N4|N2,zilép|kávler|dabi,zilép|zsot|kávler|pekli|timó|dabi|murak,1,6.7026,10.0992,zilép kávler dabi,4353.9524,,,,,,SBJ-N3-GO-INTR-LOC-N4.mp4,N3|GO|N4,N3|Ab|GO|N1|N5|N4|N2,zilép kávler dabi,zilép|kávler|dabi,zilép|zsot|kávler|pekli|timó|dabi|murak,,,,,,,,,,,,,,,,,,,,,,,,,,,,,,,,,,,0,18,18,18,1,,,,,,,,,,
,,,,,,,,,,,,,,,,,,,,,,,,,2,,,348650,2001.04.20.,2026-04-18_09h38.52.342,BrocantoHPilot1WOSession2,2025.2.4,Win32,142.8571429,,,,,,,,,,,,,,,SBJ.N4 JUMP-INTR LOC.N3,,,4354.4567,2,SBJ-N4-JUMP-INTR-LOC-N3.mp4,N4|JUMP|N3,JUMP|N2|N3|HIDE|GO|N5|N4,dabi|bonip|zilép,bonip|murak|zilép|zsübe|kávler|timó|dabi,1,5.4386,10.148,dabi bonip zilép,4366.5247,,,,,,SBJ-N4-JUMP-INTR-LOC-N3.mp4,N4|JUMP|N3,JUMP|N2|N3|HIDE|GO|N5|N4,dabi bonip zilép,dabi|bonip|zilép,bonip|murak|zilép|zsübe|kávler|timó|dabi,,,,,,,,,,,,,,,,,,,,,,,,,,,,,,,,,,,0,19,19,19,1,,,,,,,,,,
,,,,,,,,,,,,,,,,,,,,,,,,,2,,,348650,2001.04.20.,2026-04-18_09h38.52.342,BrocantoHPilot1WOSession2,2025.2.4,Win32,142.8571429,,,,,,,,,,,,,,,OBJ.N5 SBJ.N1 PUSH-TR LOC.N3,,,4367.0291,2,OBJ-N5-SBJ-N1-PUSH-TR-LOC-N3.mp4,N5|N1|PUSH|N3,N3|PUSH|N5|N4|GO|N1|REVEAL|Aa,timó|pekli|vánta|zilép,zilép|vánta|timó|dabi|kávler|pekli|girda|gyék,1,5.0287,17.4482,timó pekli vánta zilép,4386.4185,,,,,,OBJ-N5-SBJ-N1-PUSH-TR-LOC-N3.mp4,N5|N1|PUSH|N3,N3|PUSH|N5|N4|GO|N1|REVEAL|Aa,timó pekli vánta zilép,timó|pekli|vánta|zilép,zilép|vánta|timó|dabi|kávler|pekli|girda|gyék,,,,,,,,,,,,,,,,,,,,,,,,,,,,,,,,,,,0,20,20,20,1,,,,,,,,,,
,,,,,,,,,,,,,,,,,,,,,,,,,2,,,348650,2001.04.20.,2026-04-18_09h38.52.342,BrocantoHPilot1WOSession2,2025.2.4,Win32,142.8571429,,,,,,,,,,,,,,,OBJ.N5 Ab SBJ.N1 REVEAL-TR,,,4386.9224,2,OBJ-N5-Ab-SBJ-N1-REVEAL-TR.mp4,N5|Ab|N1|REVEAL,Aa|N1|JUMP|N5|Ab|N2|REVEAL|GO,timó|zsot|pekli|girda,gyék|pekli|bonip|timó|zsot|murak|girda|kávler,1,6.0428,26.1099,timó zsot pekli girda,4415.3069,,,,,,OBJ-N5-Ab-SBJ-N1-REVEAL-TR.mp4,N5|Ab|N1|REVEAL,Aa|N1|JUMP|N5|Ab|N2|REVEAL|GO,timó zsot pekli girda,timó|zsot|pekli|girda,gyék|pekli|bonip|timó|zsot|murak|girda|kávler,,,,,,,,,,,,,,,,,,,,,,,,,,,,,,,,,,,0,21,21,21,1,,,,,,,,,,
,,,,,,,,,,,,,,,,,,,,,,,,,2,,,348650,2001.04.20.,2026-04-18_09h38.52.342,BrocantoHPilot1WOSession2,2025.2.4,Win32,142.8571429,,,,,,,,,,,,,,,Ab OBJ.N5 Ab SBJ.N1 REVEAL-TR LOC.N2,,,4415.8109,2,Ab-OBJ-N5-Ab-SBJ-N1-REVEAL-TR-LOC-N2.mp4,Ab|N5|Ab|N1|REVEAL|N2,Ab|PUSH|N4|JUMP|REVEAL|N1|N5|N2|N3|Ab,zsot|timó|zsot|pekli|girda|murak,zsot|vánta|dabi|bonip|girda|pekli|timó|murak|zilép|zsot,1,5.5635,44.6487,zsot timó zsot pekli girda murak,4462.3585,,,,,,Ab-OBJ-N5-Ab-SBJ-N1-REVEAL-TR-LOC-N2.mp4,Ab|N5|Ab|N1|REVEAL|N2,Ab|PUSH|N4|JUMP|REVEAL|N1|N5|N2|N3|Ab,zsot timó zsot pekli girda murak,zsot|timó|zsot|pekli|girda|murak,zsot|vánta|dabi|bonip|girda|pekli|timó|murak|zilép|zsot,,,,,,,,,,,,,,,,,,,,,,,,,,,,,,,,,,,0,22,22,22,1,,,,,,,,,,
,,,,,,,,,,,,,,,,,,,,,,,,,2,,,348650,2001.04.20.,2026-04-18_09h38.52.342,BrocantoHPilot1WOSession2,2025.2.4,Win32,142.8571429,,,,,,,,,,,,,,,SBJ.N1 REVEAL-INTR LOC.N5,,,4462.864,2,SBJ-N1-REVEAL-INTR-LOC-N5.mp4,N1|REVEAL|N5,GO|N5|REVEAL|Aa|PUSH|Ab|N1,pekli|girda|timó,kávler|timó|girda|gyék|vánta|zsot|pekli,1,6.7724,20.831,pekli girda timó,4485.5802,,,,,,SBJ-N1-REVEAL-INTR-LOC-N5.mp4,N1|REVEAL|N5,GO|N5|REVEAL|Aa|PUSH|Ab|N1,pekli girda timó,pekli|girda|timó,kávler|timó|girda|gyék|vánta|zsot|pekli,,,,,,,,,,,,,,,,,,,,,,,,,,,,,,,,,,,0,23,23,23,1,,,,,,,,,,
,,,,,,,,,,,,,,,,,,,,,,,,,2,,,348650,2001.04.20.,2026-04-18_09h38.52.342,BrocantoHPilot1WOSession2,2025.2.4,Win32,142.8571429,,,,,,,,,,,,,,,OBJ.N5 SBJ.N1 HIDE-TR Ab LOC.N4,,,4486.0836,2,OBJ-N5-SBJ-N1-HIDE-TR-Ab-LOC-N4.mp4,N5|N1|HIDE|Ab|N4,N1|N5|GO|PUSH|HIDE|Ab|N2|N4|N3,timó|pekli|zsübe|zsot|dabi,pekli|timó|kávler|vánta|zsübe|zsot|murak|dabi|zilép,0,7.2248,22.6785,timó pekli zsübe dabi,4510.603,,,,,,OBJ-N5-SBJ-N1-HIDE-TR-Ab-LOC-N4.mp4,N5|N1|HIDE|Ab|N4,N1|N5|GO|PUSH|HIDE|Ab|N2|N4|N3,timó pekli zsübe zsot dabi,timó|pekli|zsübe|zsot|dabi,pekli|timó|kávler|vánta|zsübe|zsot|murak|dabi|zilép,,,,,,,,,,,,,,,,,,,,,,,,,,,,,,,,,,,0,24,24,24,1,,,,,,,,,,
,,,,,,,,,,,,,,,,,,,,,,,,,2,,,348650,2001.04.20.,2026-04-18_09h38.52.342,BrocantoHPilot1WOSession2,2025.2.4,Win32,142.8571429,,,,,,,,,,,,,,,Ab SBJ.N1 REVEAL-INTR LOC.N5,,,4511.1101,2,Ab-SBJ-N1-REVEAL-INTR-LOC-N5.mp4,Ab|N1|REVEAL|N5,GO|REVEAL|HIDE|Aa|N4|N5|N1|Ab,zsot|pekli|girda|timó,kávler|girda|zsübe|gyék|dabi|timó|pekli|zsot,1,6.8971,22.1437,zsot pekli girda timó,4535.3686,,,,,,Ab-SBJ-N1-REVEAL-INTR-LOC-N5.mp4,Ab|N1|REVEAL|N5,GO|REVEAL|HIDE|Aa|N4|N5|N1|Ab,zsot pekli girda timó,zsot|pekli|girda|timó,kávler|girda|zsübe|gyék|dabi|timó|pekli|zsot,,,,,,,,,,,,,,,,,,,,,,,,,,,,,,,,,,,0,25,25,25,1,,,,,,,,,,
,,,,,,,,,,,,,,,,,,,,,,,,,2,,,348650,2001.04.20.,2026-04-18_09h38.52.342,BrocantoHPilot1WOSession2,2025.2.4,Win32,142.8571429,,,,,,,,,,,,,,,OBJ.N5 Ab SBJ.N4 REVEAL-TR Ab LOC.N1,,,4535.8727,2,OBJ-N5-Ab-SBJ-N4-REVEAL-TR-Ab-LOC-N1.mp4,N5|Ab|N4|REVEAL|Ab|N1,PUSH|REVEAL|N2|Aa|Ab|N4|Ab|N5|N1|GO,timó|zsot|dabi|girda|zsot|pekli,vánta|girda|murak|gyék|zsot|dabi|zsot|timó|pekli|kávler,1,5.7372,30.3122,timó zsot dabi girda zsot pekli,4568.4473,,,,,,OBJ-N5-Ab-SBJ-N4-REVEAL-TR-Ab-LOC-N1.mp4,N5|Ab|N4|REVEAL|Ab|N1,PUSH|REVEAL|N2|Aa|Ab|N4|Ab|N5|N1|GO,timó zsot dabi girda zsot pekli,timó|zsot|dabi|girda|zsot|pekli,vánta|girda|murak|gyék|zsot|dabi|zsot|timó|pekli|kávler,,,,,,,,,,,,,,,,,,,,,,,,,,,,,,,,,,,0,26,26,26,1,,,,,,,,,,
,,,,,,,,,,,,,,,,,,,,,,,,,2,,,348650,2001.04.20.,2026-04-18_09h38.52.342,BrocantoHPilot1WOSession2,2025.2.4,Win32,142.8571429,,,,,,,,,,,,,,,Ab SBJ.N2 REVEAL-INTR LOC.N3,,,4568.9494,2,Ab-SBJ-N2-REVEAL-INTR-LOC-N3.mp4,Ab|N2|REVEAL|N3,Ab|HIDE|GO|REVEAL|N4|N3|Aa|N2,zsot|murak|girda|zilép,zsot|zsübe|kávler|girda|dabi|zilép|gyék|murak,1,7.0222,23.5746,zsot murak girda zilép,4594.7642,,,,,,Ab-SBJ-N2-REVEAL-INTR-LOC-N3.mp4,Ab|N2|REVEAL|N3,Ab|HIDE|GO|REVEAL|N4|N3|Aa|N2,zsot murak girda zilép,zsot|murak|girda|zilép,zsot|zsübe|kávler|girda|dabi|zilép|gyék|murak,,,,,,,,,,,,,,,,,,,,,,,,,,,,,,,,,,,0,27,27,27,1,,,,,,,,,,
,,,,,,,,,,,,,,,,,,,,,,,,,2,,,348650,2001.04.20.,2026-04-18_09h38.52.342,BrocantoHPilot1WOSession2,2025.2.4,Win32,142.8571429,,,,,,,,,,,,,,,OBJ.N5 SBJ.N1 PUSH-TR,,,4595.2679,2,OBJ-N5-SBJ-N1-PUSH-TR.mp4,N5|N1|PUSH,Ab|PUSH|N5|N1|Aa|HIDE|N3,timó|pekli|vánta,zsot|vánta|timó|pekli|gyék|zsübe|zilép,1,4.9524,16.8588,timó pekli vánta,4613.9979,,,,,,OBJ-N5-SBJ-N1-PUSH-TR.mp4,N5|N1|PUSH,Ab|PUSH|N5|N1|Aa|HIDE|N3,timó pekli vánta,timó|pekli|vánta,zsot|vánta|timó|pekli|gyék|zsübe|zilép,,,,,,,,,,,,,,,,,,,,,,,,,,,,,,,,,,,0,28,28,28,1,,,,,,,,,,
,,,,,,,,,,,,,,,,,,,,,,,,,2,,,348650,2001.04.20.,2026-04-18_09h38.52.342,BrocantoHPilot1WOSession2,2025.2.4,Win32,142.8571429,,,,,,,,,,,,,,,SBJ.N2 GO-INTR,,,4614.5014,2,SBJ-N2-GO-INTR.mp4,N2|GO,N2|JUMP|PUSH|REVEAL|GO|N3,murak|kávler,murak|bonip|vánta|girda|kávler|zilép,1,5.7451,8.3915,murak kávler,4624.8053,,,,,,SBJ-N2-GO-INTR.mp4,N2|GO,N2|JUMP|PUSH|REVEAL|GO|N3,murak kávler,murak|kávler,murak|bonip|vánta|girda|kávler|zilép,,,,,,,,,,,,,,,,,,,,,,,,,,,,,,,,,,,0,29,29,29,1,,,,,,,,,,
,,,,,,,,,,,,,,,,,,,,,,,,,2,,,348650,2001.04.20.,2026-04-18_09h38.52.342,BrocantoHPilot1WOSession2,2025.2.4,Win32,142.8571429,,,,,,,,,,,,,,,OBJ.N5 SBJ.N3 HIDE-TR LOC.N1,,,4625.3093,2,OBJ-N5-SBJ-N3-HIDE-TR-LOC-N1.mp4,N5|N3|HIDE|N1,HIDE|GO|N1|JUMP|N5|N2|N3|REVEAL,timó|zilép|zsübe|pekli,zsübe|kávler|pekli|bonip|timó|murak|zilép|girda,1,6.5708,21.9017,timó zilép zsübe pekli,4675.4209,,,,,,OBJ-N5-SBJ-N3-HIDE-TR-LOC-N1.mp4,N5|N3|HIDE|N1,HIDE|GO|N1|JUMP|N5|N2|N3|REVEAL,timó zilép zsübe pekli,timó|zilép|zsübe|pekli,zsübe|kávler|pekli|bonip|timó|murak|zilép|girda,,,,,,,,,,,,,,,,,,,,,,,,,,,,,,,,,,,0,30,30,30,1,,,,,,,,,,
,,,,,,,,,,,,,,,,,,,,,,,,,2,,,348650,2001.04.20.,2026-04-18_09h38.52.342,BrocantoHPilot1WOSession2,2025.2.4,Win32,142.8571429,,,,,,,,,,,,,,,Ab OBJ.N5 Aa SBJ.N5 REVEAL-TR,,,4675.9248,2,Ab-OBJ-N5-Aa-SBJ-N5-REVEAL-TR.mp4,Ab|N5|Aa|N5|REVEAL,REVEAL|Aa|HIDE|N3|N4|N2|Ab|N5|N5,zsot|timó|gyék|timó|girda,girda|gyék|zsübe|zilép|dabi|murak|zsot|timó|timó,1,8.1822,46.7685,zsot timó gyék timó girda,4725.4005,,,,,,Ab-OBJ-N5-Aa-SBJ-N5-REVEAL-TR.mp4,Ab|N5|Aa|N5|REVEAL,REVEAL|Aa|HIDE|N3|N4|N2|Ab|N5|N5,zsot timó gyék timó girda,zsot|timó|gyék|timó|girda,girda|gyék|zsübe|zilép|dabi|murak|zsot|timó|timó,,,,,,,,,,,,,,,,,,,,,,,,,,,,,,,,,,,0,31,31,31,1,,,,,,,,,,
,,,,,,,,,,,,,,,,,,,,,,,,,2,,,348650,2001.04.20.,2026-04-18_09h38.52.342,BrocantoHPilot1WOSession2,2025.2.4,Win32,142.8571429,,,,,,,,,,,,,,,Ab SBJ.N1 HIDE-INTR,,,4725.9014,2,Ab-SBJ-N1-HIDE-INTR.mp4,Ab|N1|HIDE,Ab|HIDE|Aa|N2|N3|N1|N5,zsot|pekli|zsübe,zsot|zsübe|gyék|murak|zilép|pekli|timó,1,6.0707,9.0713,zsot pekli zsübe,4736.7396,,,,,,Ab-SBJ-N1-HIDE-INTR.mp4,Ab|N1|HIDE,Ab|HIDE|Aa|N2|N3|N1|N5,zsot pekli zsübe,zsot|pekli|zsübe,zsot|zsübe|gyék|murak|zilép|pekli|timó,,,,,,,,,,,,,,,,,,,,,,,,,,,,,,,,,,,0,32,32,32,1,,,,,,,,,,
,,,,,,,,,,,,,,,,,,,,,,,,,2,,,348650,2001.04.20.,2026-04-18_09h38.52.342,BrocantoHPilot1WOSession2,2025.2.4,Win32,142.8571429,,,,,,,,,,,,,,,OBJ.N5 SBJ.N4 PUSH-TR,,,4737.2442,2,OBJ-N5-SBJ-N4-PUSH-TR.mp4,N5|N4|PUSH,N4|JUMP|Aa|PUSH|GO|N1|N5,timó|dabi|vánta,dabi|bonip|gyék|vánta|kávler|pekli|timó,1,4.7717,15.538,timó dabi vánta,4754.6744,,,,,,OBJ-N5-SBJ-N4-PUSH-TR.mp4,N5|N4|PUSH,N4|JUMP|Aa|PUSH|GO|N1|N5,timó dabi vánta,timó|dabi|vánta,dabi|bonip|gyék|vánta|kávler|pekli|timó,,,,,,,,,,,,,,,,,,,,,,,,,,,,,,,,,,,0,33,33,33,1,,,,,,,,,,
,,,,,,,,,,,,,,,,,,,,,,,,,2,,,348650,2001.04.20.,2026-04-18_09h38.52.342,BrocantoHPilot1WOSession2,2025.2.4,Win32,142.8571429,,,,,,,,,,,,,,,Ab OBJ.N5 Ab SBJ.N3 HIDE-TR Ab LOC.N1,,,4755.1789,2,Ab-OBJ-N5-Ab-SBJ-N3-HIDE-TR-Ab-LOC-N1.mp4,Ab|N5|Ab|N3|HIDE|Ab|N1,N3|Ab|N1|REVEAL|PUSH|N5|GO|Ab|HIDE|JUMP|Ab,zsot|timó|zsot|zilép|zsübe|zsot|pekli,zilép|zsot|pekli|girda|vánta|timó|kávler|zsot|zsübe|bonip|zsot,0,5.112,6.0638,zsot pekli bonip,4763.334,,,,,,Ab-OBJ-N5-Ab-SBJ-N3-HIDE-TR-Ab-LOC-N1.mp4,Ab|N5|Ab|N3|HIDE|Ab|N1,N3|Ab|N1|REVEAL|PUSH|N5|GO|Ab|HIDE|JUMP|Ab,zsot timó zsot zilép zsübe zsot pekli,zsot|timó|zsot|zilép|zsübe|zsot|pekli,zilép|zsot|pekli|girda|vánta|timó|kávler|zsot|zsübe|bonip|zsot,,,,,,,,,,,,,,,,,,,,,,,,,,,,,,,,,,,0,34,34,34,1,,,,,,,,,,
,,,,,,,,,,,,,,,,,,,,,,,,,2,,,348650,2001.04.20.,2026-04-18_09h38.52.342,BrocantoHPilot1WOSession2,2025.2.4,Win32,142.8571429,,,,,,,,,,,,,,,Ab SBJ.N3 JUMP-INTR,,,4763.8494,2,Ab-SBJ-N3-JUMP-INTR.mp4,Ab|N3|JUMP,PUSH|REVEAL|N3|N1|JUMP|Ab|Aa,zsot|zilép|bonip,vánta|girda|zilép|pekli|bonip|zsot|gyék,1,6.0004,10.1054,zsot zilép bonip,4775.7727,,,,,,Ab-SBJ-N3-JUMP-INTR.mp4,Ab|N3|JUMP,PUSH|REVEAL|N3|N1|JUMP|Ab|Aa,zsot zilép bonip,zsot|zilép|bonip,vánta|girda|zilép|pekli|bonip|zsot|gyék,,,,,,,,,,,,,,,,,,,,,,,,,,,,,,,,,,,0,35,35,35,1,,,,,,,,,,
,,,,,,,,,,,,,,,,,,,,,,,,,2,,,348650,2001.04.20.,2026-04-18_09h38.52.342,BrocantoHPilot1WOSession2,2025.2.4,Win32,142.8571429,,,,,,,,,,,,,,,SBJ.N5 GO-INTR,,,4776.2738,2,SBJ-N5-GO-INTR.mp4,N5|GO,Ab|N2|JUMP|N4|N5|GO,timó|kávler,zsot|murak|bonip|dabi|timó|kávler,1,5.8425,8.0308,timó kávler,4786.4447,,,,,,SBJ-N5-GO-INTR.mp4,N5|GO,Ab|N2|JUMP|N4|N5|GO,timó kávler,timó|kávler,zsot|murak|bonip|dabi|timó|kávler,,,,,,,,,,,,,,,,,,,,,,,,,,,,,,,,,,,0,36,36,36,1,,,,,,,,,,
,,,,,,,,,,,,,,,,,,,,,,,,,2,,,348650,2001.04.20.,2026-04-18_09h38.52.342,BrocantoHPilot1WOSession2,2025.2.4,Win32,142.8571429,,,,,,,,,,,,,,,Aa SBJ.N2 HIDE-INTR Ab LOC.N5,,,4786.9499,2,Aa-SBJ-N2-HIDE-INTR-Ab-LOC-N5.mp4,Aa|N2|HIDE|Ab|N5,N4|Aa|PUSH|JUMP|Ab|N2|N5|N3|HIDE,gyék|murak|zsübe|zsot|timó,dabi|gyék|vánta|bonip|zsot|murak|timó|zilép|zsübe,0,6.7166,14.5656,gyék murak zsübe zsot dabi,4803.4879,,,,,,Aa-SBJ-N2-HIDE-INTR-Ab-LOC-N5.mp4,Aa|N2|HIDE|Ab|N5,N4|Aa|PUSH|JUMP|Ab|N2|N5|N3|HIDE,gyék murak zsübe zsot timó,gyék|murak|zsübe|zsot|timó,dabi|gyék|vánta|bonip|zsot|murak|timó|zilép|zsübe,,,,,,,,,,,,,,,,,,,,,,,,,,,,,,,,,,,0,37,37,37,1,,,,,,,,,,
,,,,,,,,,,,,,,,,,,,,,,,,,2,,,348650,2001.04.20.,2026-04-18_09h38.52.342,BrocantoHPilot1WOSession2,2025.2.4,Win32,142.8571429,,,,,,,,,,,,,,,Ab SBJ.N1 JUMP-INTR Aa LOC.N4,,,4803.9884,2,Ab-SBJ-N1-JUMP-INTR-Aa-LOC-N4.mp4,Ab|N1|JUMP|Aa|N4,Aa|N1|N3|JUMP|Ab|GO|N4|N2|REVEAL,zsot|pekli|bonip|gyék|dabi,gyék|pekli|zilép|bonip|zsot|kávler|dabi|murak|girda,1,5.5706,29.4717,zsot pekli bonip gyék dabi,4835.7979,,,,,,Ab-SBJ-N1-JUMP-INTR-Aa-LOC-N4.mp4,Ab|N1|JUMP|Aa|N4,Aa|N1|N3|JUMP|Ab|GO|N4|N2|REVEAL,zsot pekli bonip gyék dabi,zsot|pekli|bonip|gyék|dabi,gyék|pekli|zilép|bonip|zsot|kávler|dabi|murak|girda,,,,,,,,,,,,,,,,,,,,,,,,,,,,,,,,,,,0,38,38,38,1,,,,,,,,,,
,,,,,,,,,,,,,,,,,,,,,,,,,2,,,348650,2001.04.20.,2026-04-18_09h38.52.342,BrocantoHPilot1WOSession2,2025.2.4,Win32,142.8571429,,,,,,,,,,,,,,,Aa SBJ.N1 JUMP-INTR LOC.N4,,,4836.3013,2,Aa-SBJ-N1-JUMP-INTR-LOC-N4.mp4,Aa|N1|JUMP|N4,GO|N4|N1|Ab|HIDE|JUMP|Aa|PUSH,gyék|pekli|bonip|dabi,kávler|dabi|pekli|zsot|zsübe|bonip|gyék|vánta,1,4.6616,37.6193,gyék pekli bonip dabi,4876.3967,,,,,,Aa-SBJ-N1-JUMP-INTR-LOC-N4.mp4,Aa|N1|JUMP|N4,GO|N4|N1|Ab|HIDE|JUMP|Aa|PUSH,gyék pekli bonip dabi,gyék|pekli|bonip|dabi,kávler|dabi|pekli|zsot|zsübe|bonip|gyék|vánta,,,,,,,,,,,,,,,,,,,,,,,,,,,,,,,,,,,0,39,39,39,1,,,,,,,,,,
,,,,,,,,,,,,,,,,,,,,,,,,,2,,,348650,2001.04.20.,2026-04-18_09h38.52.342,BrocantoHPilot1WOSession2,2025.2.4,Win32,142.8571429,,,,,,,,,,,,,,,OBJ.N5 SBJ.N4 PUSH-TR Ab LOC.N3,,,4876.9007,2,OBJ-N5-SBJ-N4-PUSH-TR-Ab-LOC-N3.mp4,N5|N4|PUSH|Ab|N3,Ab|Aa|N3|GO|HIDE|N4|PUSH|N5|N2,timó|dabi|vánta|zsot|zilép,zsot|gyék|zilép|kávler|zsübe|dabi|vánta|timó|murak,0,4.987,12.461,vánta zsot kávler,4891.2512,,,,,,OBJ-N5-SBJ-N4-PUSH-TR-Ab-LOC-N3.mp4,N5|N4|PUSH|Ab|N3,Ab|Aa|N3|GO|HIDE|N4|PUSH|N5|N2,timó dabi vánta zsot zilép,timó|dabi|vánta|zsot|zilép,zsot|gyék|zilép|kávler|zsübe|dabi|vánta|timó|murak,,,,,,,,,,,,,,,,,,,,,,,,,,,,,,,,,,,0,40,40,40,1,,,,,,,,,,
,,,,,,,,,,,,,,,,,,,,,,,,,2,,,348650,2001.04.20.,2026-04-18_09h38.52.342,BrocantoHPilot1WOSession2,2025.2.4,Win32,142.8571429,,,,,,,,,,,,,,,Ab OBJ.N5 Ab SBJ.N1 REVEAL-TR,,,4891.7581,2,Ab-OBJ-N5-Ab-SBJ-N1-REVEAL-TR.mp4,Ab|N5|Ab|N1|REVEAL,Aa|JUMP|PUSH|Ab|REVEAL|N1|Ab|N5|HIDE,zsot|timó|zsot|pekli|girda,gyék|bonip|vánta|zsot|girda|pekli|zsot|timó|zsübe,0,5.897,6.8625,girda vánta,4900.2771,,,,,,Ab-OBJ-N5-Ab-SBJ-N1-REVEAL-TR.mp4,Ab|N5|Ab|N1|REVEAL,Aa|JUMP|PUSH|Ab|REVEAL|N1|Ab|N5|HIDE,zsot timó zsot pekli girda,zsot|timó|zsot|pekli|girda,gyék|bonip|vánta|zsot|girda|pekli|zsot|timó|zsübe,,,,,,,,,,,,,,,,,,,,,,,,,,,,,,,,,,,0,41,41,41,1,,,,,,,,,,
,,,,,,,,,,,,,,,,,,,,,,,,,2,,,348650,2001.04.20.,2026-04-18_09h38.52.342,BrocantoHPilot1WOSession2,2025.2.4,Win32,142.8571429,,,,,,,,,,,,,,,,,,,,,,,,,,,,,,,,,,,,,,,,,4905.3733,chunkTest_s2,0,2,N3-HIDE.mp3,16,5.7649,6,3,5.5048,8.6143,4914.422,,,,,,N3-HIDE.mp3,16,,,,,,,,,,,,,,,,,,,,,0,0,0,8,1,,,,,
,,,,,,,,,,,,,,,,,,,,,,,,,2,,,348650,2001.04.20.,2026-04-18_09h38.52.342,BrocantoHPilot1WOSession2,2025.2.4,Win32,142.8571429,,,,,,,,,,,,,,,,,,,,,,,,,,,,,,,,,,,,,,,,,4914.923,chunkTest_s2,1,2,PUSH-HIDE.mp3,0,0.2556,1,1,2.0556,3.0147,4918.3566,,,,,,PUSH-HIDE.mp3,0,,,,,,,,,,,,,,,,,,,,,0,1,1,1,1,,,,,
,,,,,,,,,,,,,,,,,,,,,,,,,2,,,348650,2001.04.20.,2026-04-18_09h38.52.342,BrocantoHPilot1WOSession2,2025.2.4,Win32,142.8571429,,,,,,,,,,,,,,,,,,,,,,,,,,,,,,,,,,,,,,,,,4918.8613,chunkTest_s2,2,2,JUMP-REVEAL.mp3,0,2.0022,1,4,5.0034,6.5794,4925.8538,,,,,,JUMP-REVEAL.mp3,0,,,,,,,,,,,,,,,,,,,,,0,2,2,7,1,,,,,
,,,,,,,,,,,,,,,,,,,,,,,,,2,,,348650,2001.04.20.,2026-04-18_09h38.52.342,BrocantoHPilot1WOSession2,2025.2.4,Win32,142.8571429,,,,,,,,,,,,,,,,,,,,,,,,,,,,,,,,,,,,,,,,,4926.3561,chunkTest_s2,3,2,N3-N5.mp3,0,0.2437,1,1,2.5464,3.8033,4930.623,,,,,,N3-N5.mp3,0,,,,,,,,,,,,,,,,,,,,,0,3,3,6,1,,,,,
,,,,,,,,,,,,,,,,,,,,,,,,,2,,,348650,2001.04.20.,2026-04-18_09h38.52.342,BrocantoHPilot1WOSession2,2025.2.4,Win32,142.8571429,,,,,,,,,,,,,,,,,,,,,,,,,,,,,,,,,,,,,,,,,4931.128,chunkTest_s2,4,2,N4-N1.mp3,0,0.2838,1,1,2.1614,2.668,4934.426,,,,,,N4-N1.mp3,0,,,,,,,,,,,,,,,,,,,,,0,4,4,18,1,,,,,
,,,,,,,,,,,,,,,,,,,,,,,,,2,,,348650,2001.04.20.,2026-04-18_09h38.52.342,BrocantoHPilot1WOSession2,2025.2.4,Win32,142.8571429,,,,,,,,,,,,,,,,,,,,,,,,,,,,,,,,,,,,,,,,,4934.9275,chunkTest_s2,5,2,N1-N5.mp3,0,0.2555,1,1,1.9879,3.3709,4938.771,,,,,,N1-N5.mp3,0,,,,,,,,,,,,,,,,,,,,,0,5,5,0,1,,,,,
,,,,,,,,,,,,,,,,,,,,,,,,,2,,,348650,2001.04.20.,2026-04-18_09h38.52.342,BrocantoHPilot1WOSession2,2025.2.4,Win32,142.8571429,,,,,,,,,,,,,,,,,,,,,,,,,,,,,,,,,,,,,,,,,4939.2757,chunkTest_s2,6,2,HIDE-Aa.mp3,1,0.3284,1,1,3.4033,4.5426,4944.4115,,,,,,HIDE-Aa.mp3,1,,,,,,,,,,,,,,,,,,,,,0,6,6,4,1,,,,,
,,,,,,,,,,,,,,,,,,,,,,,,,2,,,348650,2001.04.20.,2026-04-18_09h38.52.342,BrocantoHPilot1WOSession2,2025.2.4,Win32,142.8571429,,,,,,,,,,,,,,,,,,,,,,,,,,,,,,,,,,,,,,,,,4944.9158,chunkTest_s2,7,2,REVEAL-GO.mp3,0,0.2474,1,1,2.2443,2.9811,4948.4275,,,,,,REVEAL-GO.mp3,0,,,,,,,,,,,,,,,,,,,,,0,7,7,19,1,,,,,
,,,,,,,,,,,,,,,,,,,,,,,,,2,,,348650,2001.04.20.,2026-04-18_09h38.52.342,BrocantoHPilot1WOSession2,2025.2.4,Win32,142.8571429,,,,,,,,,,,,,,,,,,,,,,,,,,,,,,,,,,,,,,,,,4948.9306,chunkTest_s2,8,2,GO-N1.mp3,1,0.2227,1,1,2.5163,3.1061,4952.9223,,,,,,GO-N1.mp3,1,,,,,,,,,,,,,,,,,,,,,0,8,8,11,1,,,,,
,,,,,,,,,,,,,,,,,,,,,,,,,2,,,348650,2001.04.20.,2026-04-18_09h38.52.342,BrocantoHPilot1WOSession2,2025.2.4,Win32,142.8571429,,,,,,,,,,,,,,,,,,,,,,,,,,,,,,,,,,,,,,,,,4953.4247,chunkTest_s2,9,2,JUMP-N2.mp3,3,0.2214,1,1,2.0222,2.1011,4955.9534,,,,,,JUMP-N2.mp3,3,,,,,,,,,,,,,,,,,,,,,0,9,9,10,1,,,,,
,,,,,,,,,,,,,,,,,,,,,,,,,2,,,348650,2001.04.20.,2026-04-18_09h38.52.342,BrocantoHPilot1WOSession2,2025.2.4,Win32,142.8571429,,,,,,,,,,,,,,,,,,,,,,,,,,,,,,,,,,,,,,,,,4956.4601,chunkTest_s2,10,2,JUMP-N4.mp3,2,0.2391,1,1,2.0424,2.6223,4959.6267,,,,,,JUMP-N4.mp3,2,,,,,,,,,,,,,,,,,,,,,0,10,10,13,1,,,,,
,,,,,,,,,,,,,,,,,,,,,,,,,2,,,348650,2001.04.20.,2026-04-18_09h38.52.342,BrocantoHPilot1WOSession2,2025.2.4,Win32,142.8571429,,,,,,,,,,,,,,,,,,,,,,,,,,,,,,,,,,,,,,,,,4960.1276,chunkTest_s2,11,2,N2-REVEAL.mp3,16,0.2225,6,1,1.8834,3.7813,4964.4951,,,,,,N2-REVEAL.mp3,16,,,,,,,,,,,,,,,,,,,,,0,11,11,14,1,,,,,
,,,,,,,,,,,,,,,,,,,,,,,,,2,,,348650,2001.04.20.,2026-04-18_09h38.52.342,BrocantoHPilot1WOSession2,2025.2.4,Win32,142.8571429,,,,,,,,,,,,,,,,,,,,,,,,,,,,,,,,,,,,,,,,,4964.9968,chunkTest_s2,12,2,GO-N3.mp3,2,0.2026,1,1,2.2679,3.1222,4968.6875,,,,,,GO-N3.mp3,2,,,,,,,,,,,,,,,,,,,,,0,12,12,9,1,,,,,
,,,,,,,,,,,,,,,,,,,,,,,,,2,,,348650,2001.04.20.,2026-04-18_09h38.52.342,BrocantoHPilot1WOSession2,2025.2.4,Win32,142.8571429,,,,,,,,,,,,,,,,,,,,,,,,,,,,,,,,,,,,,,,,,4969.1922,chunkTest_s2,13,2,N1-N4.mp3,0,0.9881,1,1,2.6504,3.3951,4973.1342,,,,,,N1-N4.mp3,0,,,,,,,,,,,,,,,,,,,,,0,13,13,3,1,,,,,
,,,,,,,,,,,,,,,,,,,,,,,,,2,,,348650,2001.04.20.,2026-04-18_09h38.52.342,BrocantoHPilot1WOSession2,2025.2.4,Win32,142.8571429,,,,,,,,,,,,,,,,,,,,,,,,,,,,,,,,,,,,,,,,,4973.6383,chunkTest_s2,14,2,HIDE-GO.mp3,0,0.248,1,1,3.3232,4.1557,4978.3392,,,,,,HIDE-GO.mp3,0,,,,,,,,,,,,,,,,,,,,,0,14,14,17,1,,,,,
,,,,,,,,,,,,,,,,,,,,,,,,,2,,,348650,2001.04.20.,2026-04-18_09h38.52.342,BrocantoHPilot1WOSession2,2025.2.4,Win32,142.8571429,,,,,,,,,,,,,,,,,,,,,,,,,,,,,,,,,,,,,,,,,4978.8402,chunkTest_s2,15,2,PUSH-N2.mp3,6,0.4258,1,1,2.0377,3.6475,4983.2962,,,,,,PUSH-N2.mp3,6,,,,,,,,,,,,,,,,,,,,,0,15,15,16,1,,,,,
,,,,,,,,,,,,,,,,,,,,,,,,,2,,,348650,2001.04.20.,2026-04-18_09h38.52.342,BrocantoHPilot1WOSession2,2025.2.4,Win32,142.8571429,,,,,,,,,,,,,,,,,,,,,,,,,,,,,,,,,,,,,,,,,4983.7995,chunkTest_s2,16,2,N3-GO.mp3,6,0.3563,6,1,2.6146,3.278,4987.6413,,,,,,N3-GO.mp3,6,,,,,,,,,,,,,,,,,,,,,0,16,16,12,1,,,,,
,,,,,,,,,,,,,,,,,,,,,,,,,2,,,348650,2001.04.20.,2026-04-18_09h38.52.342,BrocantoHPilot1WOSession2,2025.2.4,Win32,142.8571429,,,,,,,,,,,,,,,,,,,,,,,,,,,,,,,,,,,,,,,,,4988.1478,chunkTest_s2,17,2,HIDE-HIDE.mp3,0,0.1614,1,1,1.8978,2.7807,4991.3375,,,,,,HIDE-HIDE.mp3,0,,,,,,,,,,,,,,,,,,,,,0,17,17,2,1,,,,,
,,,,,,,,,,,,,,,,,,,,,,,,,2,,,348650,2001.04.20.,2026-04-18_09h38.52.342,BrocantoHPilot1WOSession2,2025.2.4,Win32,142.8571429,,,,,,,,,,,,,,,,,,,,,,,,,,,,,,,,,,,,,,,,,4991.843,chunkTest_s2,18,2,N2-N4.mp3,0,0.2285,1,1,1.8381,3.3062,4996.0662,,,,,,N2-N4.mp3,0,,,,,,,,,,,,,,,,,,,,,0,18,18,5,1,,,,,
,,,,,,,,,,,,,,,,,,,,,,,,,2,,,348650,2001.04.20.,2026-04-18_09h38.52.342,BrocantoHPilot1WOSession2,2025.2.4,Win32,142.8571429,,,,,,,,,,,,,,,,,,,,,,,,,,,,,,,,,,,,,,,,,4996.5751,chunkTest_s2,19,2,PUSH-N4.mp3,6,0.364,1,1,1.7611,2.09,4999.0532,,,,,,PUSH-N4.mp3,6,,,,,,,,,,,,,,,,,,,,,0,19,19,15,1,,,,,
,,,,,,,,,,,,,,,,,,,,,,,,,2,,,348650,2001.04.20.,2026-04-18_09h38.52.342,BrocantoHPilot1WOSession2,2025.2.4,Win32,142.8571429,,,,,,,,,,,,,,,,,,,,,,,,,,,,,,,,,,,,,,,,,5000.2344,GJTest_s2,0,2,OBJ-N5-SBJ-N1-PUSH-TR.mp3,5,1.0547,6,1,3.797,8.5621,5009.7449,,,,,,OBJ-N5-SBJ-N1-PUSH-TR.mp3,5,,,,,,,,,,,,,,,,,,,,,,,,,,0,0,0,4,1
,,,,,,,,,,,,,,,,,,,,,,,,,2,,,348650,2001.04.20.,2026-04-18_09h38.52.342,BrocantoHPilot1WOSession2,2025.2.4,Win32,142.8571429,,,,,,,,,,,,,,,,,,,,,,,,,,,,,,,,,,,,,,,,,5010.25,GJTest_s2,1,2,SBJ-N1-Aa-HIDE-INTR-Ab-LOC-N5-LOC-N2.mp3,,0.5262,1,1,4.347,6.0744,5016.7209,,,,,,SBJ-N1-Aa-HIDE-INTR-Ab-LOC-N5-LOC-N2.mp3,,,,,,,,,,,,,,,,,,,,,,,,,,,0,1,1,17,1
,,,,,,,,,,,,,,,,,,,,,,,,,2,,,348650,2001.04.20.,2026-04-18_09h38.52.342,BrocantoHPilot1WOSession2,2025.2.4,Win32,142.8571429,,,,,,,,,,,,,,,,,,,,,,,,,,,,,,,,,,,,,,,,,5017.2238,GJTest_s2,2,2,OBJ-N5-SBJ-N1-HIDE-TR-LOC-N2.mp3,6,0.2969,6,1,3.1806,4.6453,5022.3502,,,,,,OBJ-N5-SBJ-N1-HIDE-TR-LOC-N2.mp3,6,,,,,,,,,,,,,,,,,,,,,,,,,,0,2,2,2,1
,,,,,,,,,,,,,,,,,,,,,,,,,2,,,348650,2001.04.20.,2026-04-18_09h38.52.342,BrocantoHPilot1WOSession2,2025.2.4,Win32,142.8571429,,,,,,,,,,,,,,,,,,,,,,,,,,,,,,,,,,,,,,,,,5022.857,GJTest_s2,3,2,Ab-OBJ-N4-SBJ-N3-REVEAL-TR-Aa-LOC-N5.mp3,0,0.2187,6,1,4.1596,6.8737,5030.4854,,,,,,Ab-OBJ-N4-SBJ-N3-REVEAL-TR-Aa-LOC-N5.mp3,0,,,,,,,,,,,,,,,,,,,,,,,,,,0,3,3,9,1
,,,,,,,,,,,,,,,,,,,,,,,,,2,,,348650,2001.04.20.,2026-04-18_09h38.52.342,BrocantoHPilot1WOSession2,2025.2.4,Win32,142.8571429,,,,,,,,,,,,,,,,,,,,,,,,,,,,,,,,,,,,,,,,,5030.9907,GJTest_s2,4,2,Aa-SBJ-N1-HIDE-INTR-Ab-LOC-N5.mp3,0,0.3897,6,1,3.8723,4.7582,5036.1725,,,,,,Aa-SBJ-N1-HIDE-INTR-Ab-LOC-N5.mp3,0,,,,,,,,,,,,,,,,,,,,,,,,,,0,4,4,7,1
,,,,,,,,,,,,,,,,,,,,,,,,,2,,,348650,2001.04.20.,2026-04-18_09h38.52.342,BrocantoHPilot1WOSession2,2025.2.4,Win32,142.8571429,,,,,,,,,,,,,,,,,,,,,,,,,,,,,,,,,,,,,,,,,5036.6795,GJTest_s2,5,2,Ab-OBJ-N5-SBJ-N2-HIDE-TR.mp3,3,0.2451,6,1,2.7204,4.2466,5041.505,,,,,,Ab-OBJ-N5-SBJ-N2-HIDE-TR.mp3,3,,,,,,,,,,,,,,,,,,,,,,,,,,0,5,5,1,1
,,,,,,,,,,,,,,,,,,,,,,,,,2,,,348650,2001.04.20.,2026-04-18_09h38.52.342,BrocantoHPilot1WOSession2,2025.2.4,Win32,142.8571429,,,,,,,,,,,,,,,,,,,,,,,,,,,,,,,,,,,,,,,,,5042.0071,GJTest_s2,6,2,OBJ-N5-SBJ-N2-Ab-HIDE-TR-Ab-LOC-N1-LOC-N3.mp3,,0.2719,1,1,9.8729,11.9965,5054.5437,,,,,,OBJ-N5-SBJ-N2-Ab-HIDE-TR-Ab-LOC-N1-LOC-N3.mp3,,,,,,,,,,,,,,,,,,,,,,,,,,,0,6,6,15,1
,,,,,,,,,,,,,,,,,,,,,,,,,2,,,348650,2001.04.20.,2026-04-18_09h38.52.342,BrocantoHPilot1WOSession2,2025.2.4,Win32,142.8571429,,,,,,,,,,,,,,,,,,,,,,,,,,,,,,,,,,,,,,,,,5055.0449,GJTest_s2,7,2,OBJ-N1-SBJ-N5-JUMP-INTR.mp3,,0.2546,1,1,2.5868,5.8251,5061.7845,,,,,,OBJ-N1-SBJ-N5-JUMP-INTR.mp3,,,,,,,,,,,,,,,,,,,,,,,,,,,0,7,7,13,1
,,,,,,,,,,,,,,,,,,,,,,,,,2,,,348650,2001.04.20.,2026-04-18_09h38.52.342,BrocantoHPilot1WOSession2,2025.2.4,Win32,142.8571429,,,,,,,,,,,,,,,,,,,,,,,,,,,,,,,,,,,,,,,,,5062.2894,GJTest_s2,8,2,SBJ-N1-PUSH-TR.mp3,,0.3092,1,1,2.1878,3.1225,5066.2668,,,,,,SBJ-N1-PUSH-TR.mp3,,,,,,,,,,,,,,,,,,,,,,,,,,,0,8,8,14,1
,,,,,,,,,,,,,,,,,,,,,,,,,2,,,348650,2001.04.20.,2026-04-18_09h38.52.342,BrocantoHPilot1WOSession2,2025.2.4,Win32,142.8571429,,,,,,,,,,,,,,,,,,,,,,,,,,,,,,,,,,,,,,,,,5066.7696,GJTest_s2,9,2,OBJ-N5-SBJ-N1-HIDE-TR-LOC-N2-LOC-N3.mp3,,0.368,1,1,4.2351,5.9714,5073.282,,,,,,OBJ-N5-SBJ-N1-HIDE-TR-LOC-N2-LOC-N3.mp3,,,,,,,,,,,,,,,,,,,,,,,,,,,0,9,9,12,1
,,,,,,,,,,,,,,,,,,,,,,,,,2,,,348650,2001.04.20.,2026-04-18_09h38.52.342,BrocantoHPilot1WOSession2,2025.2.4,Win32,142.8571429,,,,,,,,,,,,,,,,,,,,,,,,,,,,,,,,,,,,,,,,,5073.7851,GJTest_s2,10,2,Aa-SBJ-N4-JUMP-INTR.mp3,0,0.2685,6,1,2.2615,4.1619,5078.7483,,,,,,Aa-SBJ-N4-JUMP-INTR.mp3,0,,,,,,,,,,,,,,,,,,,,,,,,,,0,10,10,6,1
,,,,,,,,,,,,,,,,,,,,,,,,,2,,,348650,2001.04.20.,2026-04-18_09h38.52.342,BrocantoHPilot1WOSession2,2025.2.4,Win32,142.8571429,,,,,,,,,,,,,,,,,,,,,,,,,,,,,,,,,,,,,,,,,5079.2517,GJTest_s2,11,2,OBJ-N5-Ab-SBJ-N2-HIDE-TR-Ab-LOC-N1.mp3,0,0.3509,6,1,4.168,6.8991,5086.6078,,,,,,OBJ-N5-Ab-SBJ-N2-HIDE-TR-Ab-LOC-N1.mp3,0,,,,,,,,,,,,,,,,,,,,,,,,,,0,11,11,5,1
,,,,,,,,,,,,,,,,,,,,,,,,,2,,,348650,2001.04.20.,2026-04-18_09h38.52.342,BrocantoHPilot1WOSession2,2025.2.4,Win32,142.8571429,,,,,,,,,,,,,,,,,,,,,,,,,,,,,,,,,,,,,,,,,5087.1145,GJTest_s2,12,2,OBJ-N1-SBJ-N2-Ab-GO-INTR-LOC-N4.mp3,,0.2801,6,1,4.1455,4.5791,5092.1986,,,,,,OBJ-N1-SBJ-N2-Ab-GO-INTR-LOC-N4.mp3,,,,,,,,,,,,,,,,,,,,,,,,,,,0,12,12,18,1
,,,,,,,,,,,,,,,,,,,,,,,,,2,,,348650,2001.04.20.,2026-04-18_09h38.52.342,BrocantoHPilot1WOSession2,2025.2.4,Win32,142.8571429,,,,,,,,,,,,,,,,,,,,,,,,,,,,,,,,,,,,,,,,,5092.699,GJTest_s2,13,2,OBJ-N4-Ab-SBJ-N3-REVEAL-TR-Aa-LOC-N5-LOC-N1.mp3,,0.2813,6,1,4.7486,4.9346,5098.3832,,,,,,OBJ-N4-Ab-SBJ-N3-REVEAL-TR-Aa-LOC-N5-LOC-N1.mp3,,,,,,,,,,,,,,,,,,,,,,,,,,,0,13,13,19,1
,,,,,,,,,,,,,,,,,,,,,,,,,2,,,348650,2001.04.20.,2026-04-18_09h38.52.342,BrocantoHPilot1WOSession2,2025.2.4,Win32,142.8571429,,,,,,,,,,,,,,,,,,,,,,,,,,,,,,,,,,,,,,,,,5098.8879,GJTest_s2,14,2,SBJ-N2-JUMP-INTR-LOC-N1.mp3,1,1.5367,6,3,4.6126,6.5749,5106.0614,,,,,,SBJ-N2-JUMP-INTR-LOC-N1.mp3,1,,,,,,,,,,,,,,,,,,,,,,,,,,0,14,14,0,1
,,,,,,,,,,,,,,,,,,,,,,,,,2,,,348650,2001.04.20.,2026-04-18_09h38.52.342,BrocantoHPilot1WOSession2,2025.2.4,Win32,142.8571429,,,,,,,,,,,,,,,,,,,,,,,,,,,,,,,,,,,,,,,,,5106.5634,GJTest_s2,15,2,OBJ-N5-SBJ-N2-HIDE-TR-Ab.mp3,,2.2271,1,1,4.8231,6.3269,5113.5626,,,,,,OBJ-N5-SBJ-N2-HIDE-TR-Ab.mp3,,,,,,,,,,,,,,,,,,,,,,,,,,,0,15,15,11,1
,,,,,,,,,,,,,,,,,,,,,,,,,2,,,348650,2001.04.20.,2026-04-18_09h38.52.342,BrocantoHPilot1WOSession2,2025.2.4,Win32,142.8571429,,,,,,,,,,,,,,,,,,,,,,,,,,,,,,,,,,,,,,,,,5114.065,GJTest_s2,16,2,SBJ-N5-JUMP-INTR.mp3,4,0.2894,6,1,1.9564,3.512,5118.7633,,,,,,SBJ-N5-JUMP-INTR.mp3,4,,,,,,,,,,,,,,,,,,,,,,,,,,0,16,16,3,1
,,,,,,,,,,,,,,,,,,,,,,,,,2,,,348650,2001.04.20.,2026-04-18_09h38.52.342,BrocantoHPilot1WOSession2,2025.2.4,Win32,142.8571429,,,,,,,,,,,,,,,,,,,,,,,,,,,,,,,,,,,,,,,,,5119.2676,GJTest_s2,17,2,JUMP-INTR-LOC-N1.mp3,,0.3317,1,1,2.2061,2.4179,5122.1347,,,,,,JUMP-INTR-LOC-N1.mp3,,,,,,,,,,,,,,,,,,,,,,,,,,,0,17,17,10,1
,,,,,,,,,,,,,,,,,,,,,,,,,2,,,348650,2001.04.20.,2026-04-18_09h38.52.342,BrocantoHPilot1WOSession2,2025.2.4,Win32,142.8571429,,,,,,,,,,,,,,,,,,,,,,,,,,,,,,,,,,,,,,,,,5122.6364,GJTest_s2,18,2,OBJ-N1-SBJ-N4-JUMP-INTR-Aa.mp3,,0.3273,1,1,3.2133,3.9621,5127.422,,,,,,OBJ-N1-SBJ-N4-JUMP-INTR-Aa.mp3,,,,,,,,,,,,,,,,,,,,,,,,,,,0,18,18,16,1
,,,,,,,,,,,,,,,,,,,,,,,,,2,,,348650,2001.04.20.,2026-04-18_09h38.52.342,BrocantoHPilot1WOSession2,2025.2.4,Win32,142.8571429,,,,,,,,,,,,,,,,,,,,,,,,,,,,,,,,,,,,,,,,,5127.9223,GJTest_s2,19,2,Ab-SBJ-N2-GO-INTR-LOC-N4.mp3,0,1.7239,6,1,5.283,5.7442,5134.2216,,,,,,Ab-SBJ-N2-GO-INTR-LOC-N4.mp3,0,,,,,,,,,,,,,,,,,,,,,,,,,,0,19,19,8,1
