wordLearning.exposure.itemIdx,wordLearning.exposure.pass,wordLearning.exposure.image,wordLearning.exposure.audio,wordLearning.test.started,wordLearning.test.targetIdx,wordLearning.test.targetImage,wordLearning.test.optionOrder,wordLearning.test.responseIdx,wordLearning.test.correct,wordLearning.test.streakAfter,wordLearning.test.masteredSnapshot,passiveTrial.started,passive.sessionIndex,passive.movie,passive.sound,passiveTrial.stopped,passiveSelfPaceKey.keys,passiveSelfPaceKey.rt,passiveSelfPaceKey.duration,passiveTrials_s1.thisRepN,passiveTrials_s1.thisTrialN,passiveTrials_s1.thisN,passiveTrials_s1.thisIndex,passiveTrials_s1.ran,sessionIndex,passiveMovie,passiveSound,participant,születési dátum (ÉÉÉÉ.HH.NN),date,expName,psychopyVersion,OS,frameRate,comprehensionTrial.started,comprehension.sessionIndex,comprehension.correctPosition,comprehension.response,comprehension.rt,comprehension.correct,comprehension.t_sentenceAudioEnd,comprehension.t_lastChoiceClick,comprehensionTrial.stopped,comprehensionTrials_s1.thisRepN,comprehensionTrials_s1.thisTrialN,comprehensionTrials_s1.thisN,comprehensionTrials_s1.thisIndex,comprehensionTrials_s1.ran,sentence,video_correct,video_incorrect,productionTrial.started,production.sessionIndex,production.video,production.correct_words,production.all_words,production.correct_words_form,production.all_words_form,production.correct,production.t_firstVideoEnd,production.t_lastWordClick,production.response,productionTrial.stopped,productionTrials_s1.thisRepN,productionTrials_s1.thisTrialN,productionTrials_s1.thisN,productionTrials_s1.thisIndex,productionTrials_s1.ran,video,correct_words,all_words,sentence_form,correct_words_form,all_words_form,familiarityTrial.started,familiarity.testName,familiarity.thisN,familiarity.sessionIndex,familiarity.audio,familiarity.previous_encounters,familiarity.playAttemptTime,familiarity.rating,familiarity.playClickCount,familiarity.t_audioEnd,familiarity.t_lastLikertClick,familiarityTrial.stopped,chunkTest_s1.thisRepN,chunkTest_s1.thisTrialN,chunkTest_s1.thisN,chunkTest_s1.thisIndex,chunkTest_s1.ran,audio,previous_encounters,GJTest_s1.thisRepN,GJTest_s1.thisTrialN,GJTest_s1.thisN,GJTest_s1.thisIndex,GJTest_s1.ran,passiveTrials_s2.thisRepN,passiveTrials_s2.thisTrialN,passiveTrials_s2.thisN,passiveTrials_s2.thisIndex,passiveTrials_s2.ran,comprehensionTrials_s2.thisRepN,comprehensionTrials_s2.thisTrialN,comprehensionTrials_s2.thisN,comprehensionTrials_s2.thisIndex,comprehensionTrials_s2.ran,productionTrials_s2.thisRepN,productionTrials_s2.thisTrialN,productionTrials_s2.thisN,productionTrials_s2.thisIndex,productionTrials_s2.ran,chunkTest_s2.thisRepN,chunkTest_s2.thisTrialN,chunkTest_s2.thisN,chunkTest_s2.thisIndex,chunkTest_s2.ran,GJTest_s2.thisRepN,GJTest_s2.thisTrialN,GJTest_s2.thisN,GJTest_s2.thisIndex,GJTest_s2.ran
1,2,Ab-2.png,Ab.mp3,497.093,1,Ab-2.png,"6,5,1,3",1,1,5,1111111,523.808,1,SBJ-N1-GO-INTR.mp4,SBJ-N1-GO-INTR.mp3,530.474,mouse_continue,6.665,,0,0,0,0,1,1,SBJ-N1-GO-INTR.mp4,SBJ-N1-GO-INTR.mp3,413753,1964.11.05,2026-04-26_19h31.32.620,BrocantoHPilot1WOSession2,2025.2.4,Win32,120.1923077,,,,,,,,,,,,,,,,,,,,,,,,,,,,,,,,,,,,,,,,,,,,,,,,,,,,,,,,,,,,,,,,,,,,,,,,,,,,,,,,,,,,,,,,,
,,,,,,,,,,,,530.474,1,OBJ-N5-SBJ-N3-REVEAL-TR.mp4,OBJ-N5-SBJ-N3-REVEAL-TR.mp3,537.448,mouse_continue,6.974,,0,1,1,1,1,1,OBJ-N5-SBJ-N3-REVEAL-TR.mp4,OBJ-N5-SBJ-N3-REVEAL-TR.mp3,413753,1964.11.05,2026-04-26_19h31.32.620,BrocantoHPilot1WOSession2,2025.2.4,Win32,120.1923077,,,,,,,,,,,,,,,,,,,,,,,,,,,,,,,,,,,,,,,,,,,,,,,,,,,,,,,,,,,,,,,,,,,,,,,,,,,,,,,,,,,,,,,,,
,,,,,,,,,,,,537.449,1,OBJ-N5-SBJ-N2-PUSH-TR.mp4,OBJ-N5-SBJ-N2-PUSH-TR.mp3,544.208,mouse_continue,6.759,,0,2,2,2,1,1,OBJ-N5-SBJ-N2-PUSH-TR.mp4,OBJ-N5-SBJ-N2-PUSH-TR.mp3,413753,1964.11.05,2026-04-26_19h31.32.620,BrocantoHPilot1WOSession2,2025.2.4,Win32,120.1923077,,,,,,,,,,,,,,,,,,,,,,,,,,,,,,,,,,,,,,,,,,,,,,,,,,,,,,,,,,,,,,,,,,,,,,,,,,,,,,,,,,,,,,,,,
,,,,,,,,,,,,544.209,1,SBJ-N1-GO-INTR.mp4,SBJ-N1-GO-INTR.mp3,550.787,mouse_continue,6.578,,0,3,3,3,1,1,SBJ-N1-GO-INTR.mp4,SBJ-N1-GO-INTR.mp3,413753,1964.11.05,2026-04-26_19h31.32.620,BrocantoHPilot1WOSession2,2025.2.4,Win32,120.1923077,,,,,,,,,,,,,,,,,,,,,,,,,,,,,,,,,,,,,,,,,,,,,,,,,,,,,,,,,,,,,,,,,,,,,,,,,,,,,,,,,,,,,,,,,
,,,,,,,,,,,,550.788,1,OBJ-N5-SBJ-N4-HIDE-TR.mp4,OBJ-N5-SBJ-N4-HIDE-TR.mp3,557.404,mouse_continue,6.616,,0,4,4,4,1,1,OBJ-N5-SBJ-N4-HIDE-TR.mp4,OBJ-N5-SBJ-N4-HIDE-TR.mp3,413753,1964.11.05,2026-04-26_19h31.32.620,BrocantoHPilot1WOSession2,2025.2.4,Win32,120.1923077,,,,,,,,,,,,,,,,,,,,,,,,,,,,,,,,,,,,,,,,,,,,,,,,,,,,,,,,,,,,,,,,,,,,,,,,,,,,,,,,,,,,,,,,,
,,,,,,,,,,,,557.406,1,SBJ-N2-HIDE-INTR.mp4,SBJ-N2-HIDE-INTR.mp3,563.614,mouse_continue,6.208,,0,5,5,5,1,1,SBJ-N2-HIDE-INTR.mp4,SBJ-N2-HIDE-INTR.mp3,413753,1964.11.05,2026-04-26_19h31.32.620,BrocantoHPilot1WOSession2,2025.2.4,Win32,120.1923077,,,,,,,,,,,,,,,,,,,,,,,,,,,,,,,,,,,,,,,,,,,,,,,,,,,,,,,,,,,,,,,,,,,,,,,,,,,,,,,,,,,,,,,,,
,,,,,,,,,,,,563.615,1,OBJ-N5-SBJ-N3-REVEAL-TR.mp4,OBJ-N5-SBJ-N3-REVEAL-TR.mp3,570.019,mouse_continue,6.404,,0,6,6,6,1,1,OBJ-N5-SBJ-N3-REVEAL-TR.mp4,OBJ-N5-SBJ-N3-REVEAL-TR.mp3,413753,1964.11.05,2026-04-26_19h31.32.620,BrocantoHPilot1WOSession2,2025.2.4,Win32,120.1923077,,,,,,,,,,,,,,,,,,,,,,,,,,,,,,,,,,,,,,,,,,,,,,,,,,,,,,,,,,,,,,,,,,,,,,,,,,,,,,,,,,,,,,,,,
,,,,,,,,,,,,570.02,1,SBJ-N3-JUMP-INTR.mp4,SBJ-N3-JUMP-INTR.mp3,576.139,mouse_continue,6.119,,0,7,7,7,1,1,SBJ-N3-JUMP-INTR.mp4,SBJ-N3-JUMP-INTR.mp3,413753,1964.11.05,2026-04-26_19h31.32.620,BrocantoHPilot1WOSession2,2025.2.4,Win32,120.1923077,,,,,,,,,,,,,,,,,,,,,,,,,,,,,,,,,,,,,,,,,,,,,,,,,,,,,,,,,,,,,,,,,,,,,,,,,,,,,,,,,,,,,,,,,
,,,,,,,,,,,,576.14,1,SBJ-N5-REVEAL-INTR.mp4,SBJ-N5-REVEAL-INTR.mp3,582.01,mouse_continue,5.87,,0,8,8,8,1,1,SBJ-N5-REVEAL-INTR.mp4,SBJ-N5-REVEAL-INTR.mp3,413753,1964.11.05,2026-04-26_19h31.32.620,BrocantoHPilot1WOSession2,2025.2.4,Win32,120.1923077,,,,,,,,,,,,,,,,,,,,,,,,,,,,,,,,,,,,,,,,,,,,,,,,,,,,,,,,,,,,,,,,,,,,,,,,,,,,,,,,,,,,,,,,,
,,,,,,,,,,,,582.011,1,OBJ-N5-SBJ-N4-HIDE-TR.mp4,OBJ-N5-SBJ-N4-HIDE-TR.mp3,587.707,mouse_continue,5.696,,0,9,9,9,1,1,OBJ-N5-SBJ-N4-HIDE-TR.mp4,OBJ-N5-SBJ-N4-HIDE-TR.mp3,413753,1964.11.05,2026-04-26_19h31.32.620,BrocantoHPilot1WOSession2,2025.2.4,Win32,120.1923077,,,,,,,,,,,,,,,,,,,,,,,,,,,,,,,,,,,,,,,,,,,,,,,,,,,,,,,,,,,,,,,,,,,,,,,,,,,,,,,,,,,,,,,,,
,,,,,,,,,,,,587.708,1,SBJ-N3-JUMP-INTR.mp4,SBJ-N3-JUMP-INTR.mp3,593.61,mouse_continue,5.902,,0,10,10,10,1,1,SBJ-N3-JUMP-INTR.mp4,SBJ-N3-JUMP-INTR.mp3,413753,1964.11.05,2026-04-26_19h31.32.620,BrocantoHPilot1WOSession2,2025.2.4,Win32,120.1923077,,,,,,,,,,,,,,,,,,,,,,,,,,,,,,,,,,,,,,,,,,,,,,,,,,,,,,,,,,,,,,,,,,,,,,,,,,,,,,,,,,,,,,,,,
,,,,,,,,,,,,593.612,1,OBJ-N5-SBJ-N2-PUSH-TR.mp4,OBJ-N5-SBJ-N2-PUSH-TR.mp3,599.453,mouse_continue,5.841,,0,11,11,11,1,1,OBJ-N5-SBJ-N2-PUSH-TR.mp4,OBJ-N5-SBJ-N2-PUSH-TR.mp3,413753,1964.11.05,2026-04-26_19h31.32.620,BrocantoHPilot1WOSession2,2025.2.4,Win32,120.1923077,,,,,,,,,,,,,,,,,,,,,,,,,,,,,,,,,,,,,,,,,,,,,,,,,,,,,,,,,,,,,,,,,,,,,,,,,,,,,,,,,,,,,,,,,
,,,,,,,,,,,,599.454,1,OBJ-N5-SBJ-N1-HIDE-TR.mp4,OBJ-N5-SBJ-N1-HIDE-TR.mp3,605.163,mouse_continue,5.709,,0,12,12,12,1,1,OBJ-N5-SBJ-N1-HIDE-TR.mp4,OBJ-N5-SBJ-N1-HIDE-TR.mp3,413753,1964.11.05,2026-04-26_19h31.32.620,BrocantoHPilot1WOSession2,2025.2.4,Win32,120.1923077,,,,,,,,,,,,,,,,,,,,,,,,,,,,,,,,,,,,,,,,,,,,,,,,,,,,,,,,,,,,,,,,,,,,,,,,,,,,,,,,,,,,,,,,,
,,,,,,,,,,,,605.164,1,SBJ-N2-HIDE-INTR.mp4,SBJ-N2-HIDE-INTR.mp3,611.071,mouse_continue,5.906,,0,13,13,13,1,1,SBJ-N2-HIDE-INTR.mp4,SBJ-N2-HIDE-INTR.mp3,413753,1964.11.05,2026-04-26_19h31.32.620,BrocantoHPilot1WOSession2,2025.2.4,Win32,120.1923077,,,,,,,,,,,,,,,,,,,,,,,,,,,,,,,,,,,,,,,,,,,,,,,,,,,,,,,,,,,,,,,,,,,,,,,,,,,,,,,,,,,,,,,,,
,,,,,,,,,,,,611.071,1,OBJ-N5-SBJ-N2-PUSH-TR.mp4,OBJ-N5-SBJ-N2-PUSH-TR.mp3,616.877,mouse_continue,5.806,,0,14,14,14,1,1,OBJ-N5-SBJ-N2-PUSH-TR.mp4,OBJ-N5-SBJ-N2-PUSH-TR.mp3,413753,1964.11.05,2026-04-26_19h31.32.620,BrocantoHPilot1WOSession2,2025.2.4,Win32,120.1923077,,,,,,,,,,,,,,,,,,,,,,,,,,,,,,,,,,,,,,,,,,,,,,,,,,,,,,,,,,,,,,,,,,,,,,,,,,,,,,,,,,,,,,,,,
,,,,,,,,,,,,616.877,1,SBJ-N3-GO-INTR.mp4,SBJ-N3-GO-INTR.mp3,622.933,mouse_continue,6.056,,0,15,15,15,1,1,SBJ-N3-GO-INTR.mp4,SBJ-N3-GO-INTR.mp3,413753,1964.11.05,2026-04-26_19h31.32.620,BrocantoHPilot1WOSession2,2025.2.4,Win32,120.1923077,,,,,,,,,,,,,,,,,,,,,,,,,,,,,,,,,,,,,,,,,,,,,,,,,,,,,,,,,,,,,,,,,,,,,,,,,,,,,,,,,,,,,,,,,
,,,,,,,,,,,,622.934,1,SBJ-N4-REVEAL-INTR.mp4,SBJ-N4-REVEAL-INTR.mp3,628.567,mouse_continue,5.633,,0,16,16,16,1,1,SBJ-N4-REVEAL-INTR.mp4,SBJ-N4-REVEAL-INTR.mp3,413753,1964.11.05,2026-04-26_19h31.32.620,BrocantoHPilot1WOSession2,2025.2.4,Win32,120.1923077,,,,,,,,,,,,,,,,,,,,,,,,,,,,,,,,,,,,,,,,,,,,,,,,,,,,,,,,,,,,,,,,,,,,,,,,,,,,,,,,,,,,,,,,,
,,,,,,,,,,,,628.569,1,OBJ-N5-SBJ-N3-REVEAL-TR.mp4,OBJ-N5-SBJ-N3-REVEAL-TR.mp3,634.109,mouse_continue,5.541,,0,17,17,17,1,1,OBJ-N5-SBJ-N3-REVEAL-TR.mp4,OBJ-N5-SBJ-N3-REVEAL-TR.mp3,413753,1964.11.05,2026-04-26_19h31.32.620,BrocantoHPilot1WOSession2,2025.2.4,Win32,120.1923077,,,,,,,,,,,,,,,,,,,,,,,,,,,,,,,,,,,,,,,,,,,,,,,,,,,,,,,,,,,,,,,,,,,,,,,,,,,,,,,,,,,,,,,,,
,,,,,,,,,,,,634.11,1,SBJ-N5-JUMP-INTR.mp4,SBJ-N5-JUMP-INTR.mp3,639.9,mouse_continue,5.791,,0,18,18,18,1,1,SBJ-N5-JUMP-INTR.mp4,SBJ-N5-JUMP-INTR.mp3,413753,1964.11.05,2026-04-26_19h31.32.620,BrocantoHPilot1WOSession2,2025.2.4,Win32,120.1923077,,,,,,,,,,,,,,,,,,,,,,,,,,,,,,,,,,,,,,,,,,,,,,,,,,,,,,,,,,,,,,,,,,,,,,,,,,,,,,,,,,,,,,,,,
,,,,,,,,,,,,639.901,1,SBJ-N3-GO-INTR.mp4,SBJ-N3-GO-INTR.mp3,645.667,mouse_continue,5.765,,0,19,19,19,1,1,SBJ-N3-GO-INTR.mp4,SBJ-N3-GO-INTR.mp3,413753,1964.11.05,2026-04-26_19h31.32.620,BrocantoHPilot1WOSession2,2025.2.4,Win32,120.1923077,,,,,,,,,,,,,,,,,,,,,,,,,,,,,,,,,,,,,,,,,,,,,,,,,,,,,,,,,,,,,,,,,,,,,,,,,,,,,,,,,,,,,,,,,
,,,,,,,,,,,,645.667,1,OBJ-N5-SBJ-N3-REVEAL-TR.mp4,OBJ-N5-SBJ-N3-REVEAL-TR.mp3,651.18,mouse_continue,5.513,,0,20,20,20,1,1,OBJ-N5-SBJ-N3-REVEAL-TR.mp4,OBJ-N5-SBJ-N3-REVEAL-TR.mp3,413753,1964.11.05,2026-04-26_19h31.32.620,BrocantoHPilot1WOSession2,2025.2.4,Win32,120.1923077,,,,,,,,,,,,,,,,,,,,,,,,,,,,,,,,,,,,,,,,,,,,,,,,,,,,,,,,,,,,,,,,,,,,,,,,,,,,,,,,,,,,,,,,,
,,,,,,,,,,,,651.181,1,OBJ-N5-SBJ-N1-REVEAL-TR.mp4,OBJ-N5-SBJ-N1-REVEAL-TR.mp3,657.695,mouse_continue,6.514,,0,21,21,21,1,1,OBJ-N5-SBJ-N1-REVEAL-TR.mp4,OBJ-N5-SBJ-N1-REVEAL-TR.mp3,413753,1964.11.05,2026-04-26_19h31.32.620,BrocantoHPilot1WOSession2,2025.2.4,Win32,120.1923077,,,,,,,,,,,,,,,,,,,,,,,,,,,,,,,,,,,,,,,,,,,,,,,,,,,,,,,,,,,,,,,,,,,,,,,,,,,,,,,,,,,,,,,,,
,,,,,,,,,,,,657.696,1,OBJ-N5-SBJ-N2-PUSH-TR-LOC-N4.mp4,OBJ-N5-SBJ-N2-PUSH-TR-LOC-N4.mp3,663.775,mouse_continue,6.079,,0,22,22,22,1,1,OBJ-N5-SBJ-N2-PUSH-TR-LOC-N4.mp4,OBJ-N5-SBJ-N2-PUSH-TR-LOC-N4.mp3,413753,1964.11.05,2026-04-26_19h31.32.620,BrocantoHPilot1WOSession2,2025.2.4,Win32,120.1923077,,,,,,,,,,,,,,,,,,,,,,,,,,,,,,,,,,,,,,,,,,,,,,,,,,,,,,,,,,,,,,,,,,,,,,,,,,,,,,,,,,,,,,,,,
,,,,,,,,,,,,663.776,1,SBJ-N4-REVEAL-INTR-LOC-N5.mp4,SBJ-N4-REVEAL-INTR-LOC-N5.mp3,669.466,mouse_continue,5.69,,0,23,23,23,1,1,SBJ-N4-REVEAL-INTR-LOC-N5.mp4,SBJ-N4-REVEAL-INTR-LOC-N5.mp3,413753,1964.11.05,2026-04-26_19h31.32.620,BrocantoHPilot1WOSession2,2025.2.4,Win32,120.1923077,,,,,,,,,,,,,,,,,,,,,,,,,,,,,,,,,,,,,,,,,,,,,,,,,,,,,,,,,,,,,,,,,,,,,,,,,,,,,,,,,,,,,,,,,
,,,,,,,,,,,,669.466,1,OBJ-N5-SBJ-N1-HIDE-TR-LOC-N2.mp4,OBJ-N5-SBJ-N1-HIDE-TR-LOC-N2.mp3,675.383,mouse_continue,5.916,,0,24,24,24,1,1,OBJ-N5-SBJ-N1-HIDE-TR-LOC-N2.mp4,OBJ-N5-SBJ-N1-HIDE-TR-LOC-N2.mp3,413753,1964.11.05,2026-04-26_19h31.32.620,BrocantoHPilot1WOSession2,2025.2.4,Win32,120.1923077,,,,,,,,,,,,,,,,,,,,,,,,,,,,,,,,,,,,,,,,,,,,,,,,,,,,,,,,,,,,,,,,,,,,,,,,,,,,,,,,,,,,,,,,,
,,,,,,,,,,,,675.383,1,SBJ-N2-REVEAL-INTR-LOC-N5.mp4,SBJ-N2-REVEAL-INTR-LOC-N5.mp3,681.357,mouse_continue,5.974,,0,25,25,25,1,1,SBJ-N2-REVEAL-INTR-LOC-N5.mp4,SBJ-N2-REVEAL-INTR-LOC-N5.mp3,413753,1964.11.05,2026-04-26_19h31.32.620,BrocantoHPilot1WOSession2,2025.2.4,Win32,120.1923077,,,,,,,,,,,,,,,,,,,,,,,,,,,,,,,,,,,,,,,,,,,,,,,,,,,,,,,,,,,,,,,,,,,,,,,,,,,,,,,,,,,,,,,,,
,,,,,,,,,,,,681.359,1,OBJ-N5-SBJ-N1-PUSH-TR-LOC-N2.mp4,OBJ-N5-SBJ-N1-PUSH-TR-LOC-N2.mp3,687.599,mouse_continue,6.241,,0,26,26,26,1,1,OBJ-N5-SBJ-N1-PUSH-TR-LOC-N2.mp4,OBJ-N5-SBJ-N1-PUSH-TR-LOC-N2.mp3,413753,1964.11.05,2026-04-26_19h31.32.620,BrocantoHPilot1WOSession2,2025.2.4,Win32,120.1923077,,,,,,,,,,,,,,,,,,,,,,,,,,,,,,,,,,,,,,,,,,,,,,,,,,,,,,,,,,,,,,,,,,,,,,,,,,,,,,,,,,,,,,,,,
,,,,,,,,,,,,687.6,1,SBJ-N3-REVEAL-INTR-LOC-N4.mp4,SBJ-N3-REVEAL-INTR-LOC-N4.mp3,693.387,mouse_continue,5.786,,0,27,27,27,1,1,SBJ-N3-REVEAL-INTR-LOC-N4.mp4,SBJ-N3-REVEAL-INTR-LOC-N4.mp3,413753,1964.11.05,2026-04-26_19h31.32.620,BrocantoHPilot1WOSession2,2025.2.4,Win32,120.1923077,,,,,,,,,,,,,,,,,,,,,,,,,,,,,,,,,,,,,,,,,,,,,,,,,,,,,,,,,,,,,,,,,,,,,,,,,,,,,,,,,,,,,,,,,
,,,,,,,,,,,,693.388,1,OBJ-N5-SBJ-N4-HIDE-TR-LOC-N3.mp4,OBJ-N5-SBJ-N4-HIDE-TR-LOC-N3.mp3,700.641,mouse_continue,7.252,,0,28,28,28,1,1,OBJ-N5-SBJ-N4-HIDE-TR-LOC-N3.mp4,OBJ-N5-SBJ-N4-HIDE-TR-LOC-N3.mp3,413753,1964.11.05,2026-04-26_19h31.32.620,BrocantoHPilot1WOSession2,2025.2.4,Win32,120.1923077,,,,,,,,,,,,,,,,,,,,,,,,,,,,,,,,,,,,,,,,,,,,,,,,,,,,,,,,,,,,,,,,,,,,,,,,,,,,,,,,,,,,,,,,,
,,,,,,,,,,,,700.642,1,OBJ-N5-SBJ-N3-REVEAL-TR-LOC-N4.mp4,OBJ-N5-SBJ-N3-REVEAL-TR-LOC-N4.mp3,706.69,mouse_continue,6.048,,0,29,29,29,1,1,OBJ-N5-SBJ-N3-REVEAL-TR-LOC-N4.mp4,OBJ-N5-SBJ-N3-REVEAL-TR-LOC-N4.mp3,413753,1964.11.05,2026-04-26_19h31.32.620,BrocantoHPilot1WOSession2,2025.2.4,Win32,120.1923077,,,,,,,,,,,,,,,,,,,,,,,,,,,,,,,,,,,,,,,,,,,,,,,,,,,,,,,,,,,,,,,,,,,,,,,,,,,,,,,,,,,,,,,,,
,,,,,,,,,,,,706.691,1,OBJ-N5-SBJ-N2-PUSH-TR-LOC-N4.mp4,OBJ-N5-SBJ-N2-PUSH-TR-LOC-N4.mp3,712.615,mouse_continue,5.924,,0,30,30,30,1,1,OBJ-N5-SBJ-N2-PUSH-TR-LOC-N4.mp4,OBJ-N5-SBJ-N2-PUSH-TR-LOC-N4.mp3,413753,1964.11.05,2026-04-26_19h31.32.620,BrocantoHPilot1WOSession2,2025.2.4,Win32,120.1923077,,,,,,,,,,,,,,,,,,,,,,,,,,,,,,,,,,,,,,,,,,,,,,,,,,,,,,,,,,,,,,,,,,,,,,,,,,,,,,,,,,,,,,,,,
,,,,,,,,,,,,712.615,1,OBJ-N5-SBJ-N1-REVEAL-TR.mp4,OBJ-N5-SBJ-N1-REVEAL-TR.mp3,718.431,mouse_continue,5.816,,0,31,31,31,1,1,OBJ-N5-SBJ-N1-REVEAL-TR.mp4,OBJ-N5-SBJ-N1-REVEAL-TR.mp3,413753,1964.11.05,2026-04-26_19h31.32.620,BrocantoHPilot1WOSession2,2025.2.4,Win32,120.1923077,,,,,,,,,,,,,,,,,,,,,,,,,,,,,,,,,,,,,,,,,,,,,,,,,,,,,,,,,,,,,,,,,,,,,,,,,,,,,,,,,,,,,,,,,
,,,,,,,,,,,,718.432,1,OBJ-N5-SBJ-N4-HIDE-TR-LOC-N2.mp4,OBJ-N5-SBJ-N4-HIDE-TR-LOC-N2.mp3,724.427,mouse_continue,5.994,,0,32,32,32,1,1,OBJ-N5-SBJ-N4-HIDE-TR-LOC-N2.mp4,OBJ-N5-SBJ-N4-HIDE-TR-LOC-N2.mp3,413753,1964.11.05,2026-04-26_19h31.32.620,BrocantoHPilot1WOSession2,2025.2.4,Win32,120.1923077,,,,,,,,,,,,,,,,,,,,,,,,,,,,,,,,,,,,,,,,,,,,,,,,,,,,,,,,,,,,,,,,,,,,,,,,,,,,,,,,,,,,,,,,,
,,,,,,,,,,,,724.429,1,SBJ-N5-JUMP-INTR.mp4,SBJ-N5-JUMP-INTR.mp3,730.106,mouse_continue,5.678,,0,33,33,33,1,1,SBJ-N5-JUMP-INTR.mp4,SBJ-N5-JUMP-INTR.mp3,413753,1964.11.05,2026-04-26_19h31.32.620,BrocantoHPilot1WOSession2,2025.2.4,Win32,120.1923077,,,,,,,,,,,,,,,,,,,,,,,,,,,,,,,,,,,,,,,,,,,,,,,,,,,,,,,,,,,,,,,,,,,,,,,,,,,,,,,,,,,,,,,,,
,,,,,,,,,,,,730.107,1,Aa-SBJ-N5-HIDE-INTR.mp4,Aa-SBJ-N5-HIDE-INTR.mp3,735.894,mouse_continue,5.787,,0,34,34,34,1,1,Aa-SBJ-N5-HIDE-INTR.mp4,Aa-SBJ-N5-HIDE-INTR.mp3,413753,1964.11.05,2026-04-26_19h31.32.620,BrocantoHPilot1WOSession2,2025.2.4,Win32,120.1923077,,,,,,,,,,,,,,,,,,,,,,,,,,,,,,,,,,,,,,,,,,,,,,,,,,,,,,,,,,,,,,,,,,,,,,,,,,,,,,,,,,,,,,,,,
,,,,,,,,,,,,735.895,1,SBJ-N5-GO-INTR-LOC-N3.mp4,SBJ-N5-GO-INTR-LOC-N3.mp3,741.955,mouse_continue,6.06,,0,35,35,35,1,1,SBJ-N5-GO-INTR-LOC-N3.mp4,SBJ-N5-GO-INTR-LOC-N3.mp3,413753,1964.11.05,2026-04-26_19h31.32.620,BrocantoHPilot1WOSession2,2025.2.4,Win32,120.1923077,,,,,,,,,,,,,,,,,,,,,,,,,,,,,,,,,,,,,,,,,,,,,,,,,,,,,,,,,,,,,,,,,,,,,,,,,,,,,,,,,,,,,,,,,
,,,,,,,,,,,,741.956,1,SBJ-N2-JUMP-INTR-LOC-N1.mp4,SBJ-N2-JUMP-INTR-LOC-N1.mp3,747.755,mouse_continue,5.799,,0,36,36,36,1,1,SBJ-N2-JUMP-INTR-LOC-N1.mp4,SBJ-N2-JUMP-INTR-LOC-N1.mp3,413753,1964.11.05,2026-04-26_19h31.32.620,BrocantoHPilot1WOSession2,2025.2.4,Win32,120.1923077,,,,,,,,,,,,,,,,,,,,,,,,,,,,,,,,,,,,,,,,,,,,,,,,,,,,,,,,,,,,,,,,,,,,,,,,,,,,,,,,,,,,,,,,,
,,,,,,,,,,,,747.756,1,SBJ-N3-GO-INTR-LOC-N2.mp4,SBJ-N3-GO-INTR-LOC-N2.mp3,754.973,mouse_continue,7.216,,0,37,37,37,1,1,SBJ-N3-GO-INTR-LOC-N2.mp4,SBJ-N3-GO-INTR-LOC-N2.mp3,413753,1964.11.05,2026-04-26_19h31.32.620,BrocantoHPilot1WOSession2,2025.2.4,Win32,120.1923077,,,,,,,,,,,,,,,,,,,,,,,,,,,,,,,,,,,,,,,,,,,,,,,,,,,,,,,,,,,,,,,,,,,,,,,,,,,,,,,,,,,,,,,,,
,,,,,,,,,,,,754.973,1,SBJ-N5-HIDE-INTR-LOC-N3.mp4,SBJ-N5-HIDE-INTR-LOC-N3.mp3,760.72,mouse_continue,5.746,,0,38,38,38,1,1,SBJ-N5-HIDE-INTR-LOC-N3.mp4,SBJ-N5-HIDE-INTR-LOC-N3.mp3,413753,1964.11.05,2026-04-26_19h31.32.620,BrocantoHPilot1WOSession2,2025.2.4,Win32,120.1923077,,,,,,,,,,,,,,,,,,,,,,,,,,,,,,,,,,,,,,,,,,,,,,,,,,,,,,,,,,,,,,,,,,,,,,,,,,,,,,,,,,,,,,,,,
,,,,,,,,,,,,760.722,1,SBJ-N1-HIDE-INTR-LOC-N3.mp4,SBJ-N1-HIDE-INTR-LOC-N3.mp3,766.425,mouse_continue,5.703,,0,39,39,39,1,1,SBJ-N1-HIDE-INTR-LOC-N3.mp4,SBJ-N1-HIDE-INTR-LOC-N3.mp3,413753,1964.11.05,2026-04-26_19h31.32.620,BrocantoHPilot1WOSession2,2025.2.4,Win32,120.1923077,,,,,,,,,,,,,,,,,,,,,,,,,,,,,,,,,,,,,,,,,,,,,,,,,,,,,,,,,,,,,,,,,,,,,,,,,,,,,,,,,,,,,,,,,
,,,,,,,,,,,,766.426,1,OBJ-N5-SBJ-N4-HIDE-TR.mp4,OBJ-N5-SBJ-N4-HIDE-TR.mp3,771.53,mouse_continue,5.104,,0,40,40,40,1,1,OBJ-N5-SBJ-N4-HIDE-TR.mp4,OBJ-N5-SBJ-N4-HIDE-TR.mp3,413753,1964.11.05,2026-04-26_19h31.32.620,BrocantoHPilot1WOSession2,2025.2.4,Win32,120.1923077,,,,,,,,,,,,,,,,,,,,,,,,,,,,,,,,,,,,,,,,,,,,,,,,,,,,,,,,,,,,,,,,,,,,,,,,,,,,,,,,,,,,,,,,,
,,,,,,,,,,,,771.531,1,OBJ-N5-SBJ-N1-HIDE-TR-LOC-N2.mp4,OBJ-N5-SBJ-N1-HIDE-TR-LOC-N2.mp3,777.363,mouse_continue,5.831,,0,41,41,41,1,1,OBJ-N5-SBJ-N1-HIDE-TR-LOC-N2.mp4,OBJ-N5-SBJ-N1-HIDE-TR-LOC-N2.mp3,413753,1964.11.05,2026-04-26_19h31.32.620,BrocantoHPilot1WOSession2,2025.2.4,Win32,120.1923077,,,,,,,,,,,,,,,,,,,,,,,,,,,,,,,,,,,,,,,,,,,,,,,,,,,,,,,,,,,,,,,,,,,,,,,,,,,,,,,,,,,,,,,,,
,,,,,,,,,,,,,,,,,,,,,,,,,1,,,413753,1964.11.05,2026-04-26_19h31.32.620,BrocantoHPilot1WOSession2,2025.2.4,Win32,120.1923077,796.115,1,1,1,51.903,1,35.751,51.903,850.745,0,0,0,0,1,OBJ-N5-SBJ-N2-HIDE-TR.mp3,OBJ-N5-SBJ-N2-HIDE-TR.mp4,OBJ-N5-SBJ-N2-REVEAL-TR.mp4,,,,,,,,,,,,,,,,,,,,,,,,,,,,,,,,,,,,,,,,,,,,,,,,,,,,,,,,,,,,,,,,,,,,,,,,
,,,,,,,,,,,,,,,,,,,,,,,,,1,,,413753,1964.11.05,2026-04-26_19h31.32.620,BrocantoHPilot1WOSession2,2025.2.4,Win32,120.1923077,850.746,1,2,2,39.439,1,23.206,39.439,893.055,0,1,1,1,1,SBJ-N5-HIDE-INTR.mp3,SBJ-N5-HIDE-INTR.mp4,SBJ-N5-GO-INTR.mp4,,,,,,,,,,,,,,,,,,,,,,,,,,,,,,,,,,,,,,,,,,,,,,,,,,,,,,,,,,,,,,,,,,,,,,,,
,,,,,,,,,,,,,,,,,,,,,,,,,1,,,413753,1964.11.05,2026-04-26_19h31.32.620,BrocantoHPilot1WOSession2,2025.2.4,Win32,120.1923077,893.056,1,1,1,18.372,1,16.735,18.372,914.166,0,2,2,2,1,SBJ-N5-JUMP-INTR.mp3,SBJ-N5-JUMP-INTR.mp4,SBJ-N5-HIDE-INTR.mp4,,,,,,,,,,,,,,,,,,,,,,,,,,,,,,,,,,,,,,,,,,,,,,,,,,,,,,,,,,,,,,,,,,,,,,,,
,,,,,,,,,,,,,,,,,,,,,,,,,1,,,413753,1964.11.05,2026-04-26_19h31.32.620,BrocantoHPilot1WOSession2,2025.2.4,Win32,120.1923077,914.167,1,1,2,33.825,0,17.169,33.825,950.841,0,3,3,3,1,OBJ-N5-SBJ-N3-REVEAL-TR.mp3,OBJ-N5-SBJ-N3-REVEAL-TR.mp4,OBJ-N3-SBJ-N5-PUSH-TR.mp4,,,,,,,,,,,,,,,,,,,,,,,,,,,,,,,,,,,,,,,,,,,,,,,,,,,,,,,,,,,,,,,,,,,,,,,,
,,,,,,,,,,,,,,,,,,,,,,,,,1,,,413753,1964.11.05,2026-04-26_19h31.32.620,BrocantoHPilot1WOSession2,2025.2.4,Win32,120.1923077,950.842,1,2,1,32.116,0,18.424,32.116,985.307,0,4,4,4,1,OBJ-N5-SBJ-N3-PUSH-TR.mp3,OBJ-N5-SBJ-N3-PUSH-TR.mp4,OBJ-N3-SBJ-N5-PUSH-TR.mp4,,,,,,,,,,,,,,,,,,,,,,,,,,,,,,,,,,,,,,,,,,,,,,,,,,,,,,,,,,,,,,,,,,,,,,,,
,,,,,,,,,,,,,,,,,,,,,,,,,1,,,413753,1964.11.05,2026-04-26_19h31.32.620,BrocantoHPilot1WOSession2,2025.2.4,Win32,120.1923077,985.308,1,2,2,37.498,1,21.383,37.498,1025.302,0,5,5,5,1,SBJ-N1-HIDE-INTR.mp3,SBJ-N1-HIDE-INTR.mp4,SBJ-N1-REVEAL-INTR.mp4,,,,,,,,,,,,,,,,,,,,,,,,,,,,,,,,,,,,,,,,,,,,,,,,,,,,,,,,,,,,,,,,,,,,,,,,
,,,,,,,,,,,,,,,,,,,,,,,,,1,,,413753,1964.11.05,2026-04-26_19h31.32.620,BrocantoHPilot1WOSession2,2025.2.4,Win32,120.1923077,1025.303,1,2,2,36.886,1,19.345,36.886,1064.788,0,6,6,6,1,OBJ-N5-SBJ-N4-HIDE-TR.mp3,OBJ-N5-SBJ-N4-HIDE-TR.mp4,OBJ-N4-SBJ-N5-REVEAL-TR.mp4,,,,,,,,,,,,,,,,,,,,,,,,,,,,,,,,,,,,,,,,,,,,,,,,,,,,,,,,,,,,,,,,,,,,,,,,
,,,,,,,,,,,,,,,,,,,,,,,,,1,,,413753,1964.11.05,2026-04-26_19h31.32.620,BrocantoHPilot1WOSession2,2025.2.4,Win32,120.1923077,1064.789,1,1,1,23.605,1,20.042,23.605,1090.739,0,7,7,7,1,SBJ-N2-REVEAL-INTR.mp3,SBJ-N2-REVEAL-INTR.mp4,SBJ-N2-HIDE-INTR.mp4,,,,,,,,,,,,,,,,,,,,,,,,,,,,,,,,,,,,,,,,,,,,,,,,,,,,,,,,,,,,,,,,,,,,,,,,
,,,,,,,,,,,,,,,,,,,,,,,,,1,,,413753,1964.11.05,2026-04-26_19h31.32.620,BrocantoHPilot1WOSession2,2025.2.4,Win32,120.1923077,1090.74,1,2,1,26.539,0,16.678,26.539,1120.064,0,8,8,8,1,OBJ-N5-SBJ-N4-PUSH-TR.mp3,OBJ-N5-SBJ-N4-PUSH-TR.mp4,OBJ-N4-SBJ-N5-PUSH-TR.mp4,,,,,,,,,,,,,,,,,,,,,,,,,,,,,,,,,,,,,,,,,,,,,,,,,,,,,,,,,,,,,,,,,,,,,,,,
,,,,,,,,,,,,,,,,,,,,,,,,,1,,,413753,1964.11.05,2026-04-26_19h31.32.620,BrocantoHPilot1WOSession2,2025.2.4,Win32,120.1923077,1120.065,1,2,2,21.872,1,17.055,21.872,1144.441,0,9,9,9,1,SBJ-N1-GO-INTR.mp3,SBJ-N1-GO-INTR.mp4,SBJ-N1-HIDE-INTR.mp4,,,,,,,,,,,,,,,,,,,,,,,,,,,,,,,,,,,,,,,,,,,,,,,,,,,,,,,,,,,,,,,,,,,,,,,,
,,,,,,,,,,,,,,,,,,,,,,,,,1,,,413753,1964.11.05,2026-04-26_19h31.32.620,BrocantoHPilot1WOSession2,2025.2.4,Win32,120.1923077,1144.442,1,2,2,35.553,1,16.996,35.553,1182.518,0,10,10,10,1,SBJ-N4-REVEAL-INTR.mp3,SBJ-N4-REVEAL-INTR.mp4,SBJ-N4-JUMP-INTR.mp4,,,,,,,,,,,,,,,,,,,,,,,,,,,,,,,,,,,,,,,,,,,,,,,,,,,,,,,,,,,,,,,,,,,,,,,,
,,,,,,,,,,,,,,,,,,,,,,,,,1,,,413753,1964.11.05,2026-04-26_19h31.32.620,BrocantoHPilot1WOSession2,2025.2.4,Win32,120.1923077,1182.519,1,1,2,20.032,0,18.249,20.032,1205.066,0,11,11,11,1,OBJ-N5-SBJ-N4-REVEAL-TR.mp3,OBJ-N5-SBJ-N4-REVEAL-TR.mp4,OBJ-N4-SBJ-N5-PUSH-TR.mp4,,,,,,,,,,,,,,,,,,,,,,,,,,,,,,,,,,,,,,,,,,,,,,,,,,,,,,,,,,,,,,,,,,,,,,,,
,,,,,,,,,,,,,,,,,,,,,,,,,1,,,413753,1964.11.05,2026-04-26_19h31.32.620,BrocantoHPilot1WOSession2,2025.2.4,Win32,120.1923077,1205.067,1,2,2,20.115,1,17.344,20.115,1227.766,0,12,12,12,1,SBJ-N3-JUMP-INTR.mp3,SBJ-N3-JUMP-INTR.mp4,SBJ-N3-GO-INTR.mp4,,,,,,,,,,,,,,,,,,,,,,,,,,,,,,,,,,,,,,,,,,,,,,,,,,,,,,,,,,,,,,,,,,,,,,,,
,,,,,,,,,,,,,,,,,,,,,,,,,1,,,413753,1964.11.05,2026-04-26_19h31.32.620,BrocantoHPilot1WOSession2,2025.2.4,Win32,120.1923077,1227.767,1,1,2,29.7,0,17.075,29.7,1260.189,0,13,13,13,1,OBJ-N5-SBJ-N4-PUSH-TR.mp3,OBJ-N5-SBJ-N4-PUSH-TR.mp4,OBJ-N4-SBJ-N5-PUSH-TR.mp4,,,,,,,,,,,,,,,,,,,,,,,,,,,,,,,,,,,,,,,,,,,,,,,,,,,,,,,,,,,,,,,,,,,,,,,,
,,,,,,,,,,,,,,,,,,,,,,,,,1,,,413753,1964.11.05,2026-04-26_19h31.32.620,BrocantoHPilot1WOSession2,2025.2.4,Win32,120.1923077,1260.19,1,1,2,28.606,0,19.676,28.606,1291.285,0,14,14,14,1,OBJ-N5-SBJ-N4-REVEAL-TR.mp3,OBJ-N5-SBJ-N4-REVEAL-TR.mp4,OBJ-N4-SBJ-N5-HIDE-TR.mp4,,,,,,,,,,,,,,,,,,,,,,,,,,,,,,,,,,,,,,,,,,,,,,,,,,,,,,,,,,,,,,,,,,,,,,,,
,,,,,,,,,,,,,,,,,,,,,,,,,1,,,413753,1964.11.05,2026-04-26_19h31.32.620,BrocantoHPilot1WOSession2,2025.2.4,Win32,120.1923077,1291.286,1,2,2,31.995,1,17.654,31.995,1325.575,0,15,15,15,1,SBJ-N5-GO-INTR.mp3,SBJ-N5-GO-INTR.mp4,SBJ-N5-HIDE-INTR.mp4,,,,,,,,,,,,,,,,,,,,,,,,,,,,,,,,,,,,,,,,,,,,,,,,,,,,,,,,,,,,,,,,,,,,,,,,
,,,,,,,,,,,,,,,,,,,,,,,,,1,,,413753,1964.11.05,2026-04-26_19h31.32.620,BrocantoHPilot1WOSession2,2025.2.4,Win32,120.1923077,1325.576,1,2,2,29.213,1,26.754,29.213,1357.482,0,16,16,16,1,SBJ-N1-HIDE-INTR.mp3,SBJ-N1-HIDE-INTR.mp4,SBJ-N1-REVEAL-INTR.mp4,,,,,,,,,,,,,,,,,,,,,,,,,,,,,,,,,,,,,,,,,,,,,,,,,,,,,,,,,,,,,,,,,,,,,,,,
,,,,,,,,,,,,,,,,,,,,,,,,,1,,,413753,1964.11.05,2026-04-26_19h31.32.620,BrocantoHPilot1WOSession2,2025.2.4,Win32,120.1923077,1357.483,1,2,1,32.029,0,22.489,32.029,1391.77,0,17,17,17,1,OBJ-N5-SBJ-N3-HIDE-TR.mp3,OBJ-N5-SBJ-N3-HIDE-TR.mp4,OBJ-N3-SBJ-N5-HIDE-TR.mp4,,,,,,,,,,,,,,,,,,,,,,,,,,,,,,,,,,,,,,,,,,,,,,,,,,,,,,,,,,,,,,,,,,,,,,,,
,,,,,,,,,,,,,,,,,,,,,,,,,1,,,413753,1964.11.05,2026-04-26_19h31.32.620,BrocantoHPilot1WOSession2,2025.2.4,Win32,120.1923077,1391.771,1,2,2,36.244,1,20.924,36.244,1430.208,0,18,18,18,1,SBJ-N5-REVEAL-INTR.mp3,SBJ-N5-REVEAL-INTR.mp4,SBJ-N5-JUMP-INTR.mp4,,,,,,,,,,,,,,,,,,,,,,,,,,,,,,,,,,,,,,,,,,,,,,,,,,,,,,,,,,,,,,,,,,,,,,,,
,,,,,,,,,,,,,,,,,,,,,,,,,1,,,413753,1964.11.05,2026-04-26_19h31.32.620,BrocantoHPilot1WOSession2,2025.2.4,Win32,120.1923077,1430.209,1,2,2,31.428,1,18.487,31.428,1464.122,0,19,19,19,1,SBJ-N5-GO-INTR.mp3,SBJ-N5-GO-INTR.mp4,SBJ-N5-JUMP-INTR.mp4,,,,,,,,,,,,,,,,,,,,,,,,,,,,,,,,,,,,,,,,,,,,,,,,,,,,,,,,,,,,,,,,,,,,,,,,
,,,,,,,,,,,,,,,,,,,,,,,,,1,,,413753,1964.11.05,2026-04-26_19h31.32.620,BrocantoHPilot1WOSession2,2025.2.4,Win32,120.1923077,1464.122,1,1,1,27.08,1,19.592,27.08,1493.786,0,20,20,20,1,OBJ-N5-SBJ-N1-HIDE-TR.mp3,OBJ-N5-SBJ-N1-HIDE-TR.mp4,OBJ-N1-SBJ-N5-REVEAL-TR.mp4,,,,,,,,,,,,,,,,,,,,,,,,,,,,,,,,,,,,,,,,,,,,,,,,,,,,,,,,,,,,,,,,,,,,,,,,
,,,,,,,,,,,,,,,,,,,,,,,,,1,,,413753,1964.11.05,2026-04-26_19h31.32.620,BrocantoHPilot1WOSession2,2025.2.4,Win32,120.1923077,1493.787,1,1,2,42.983,0,27.056,42.983,1539.095,0,21,21,21,1,OBJ-N5-SBJ-N4-REVEAL-TR.mp3,OBJ-N5-SBJ-N4-REVEAL-TR.mp4,OBJ-N4-SBJ-N5-REVEAL-TR.mp4,,,,,,,,,,,,,,,,,,,,,,,,,,,,,,,,,,,,,,,,,,,,,,,,,,,,,,,,,,,,,,,,,,,,,,,,
,,,,,,,,,,,,,,,,,,,,,,,,,1,,,413753,1964.11.05,2026-04-26_19h31.32.620,BrocantoHPilot1WOSession2,2025.2.4,Win32,120.1923077,1539.097,1,2,2,37.012,1,20.872,37.012,1578.767,0,22,22,22,1,SBJ-N2-REVEAL-INTR-LOC-N4.mp3,SBJ-N2-REVEAL-INTR-LOC-N4.mp4,SBJ-N4-JUMP-INTR-LOC-N2.mp4,,,,,,,,,,,,,,,,,,,,,,,,,,,,,,,,,,,,,,,,,,,,,,,,,,,,,,,,,,,,,,,,,,,,,,,,
,,,,,,,,,,,,,,,,,,,,,,,,,1,,,413753,1964.11.05,2026-04-26_19h31.32.620,BrocantoHPilot1WOSession2,2025.2.4,Win32,120.1923077,1578.767,1,1,2,37.431,0,21.773,37.431,1618.533,0,23,23,23,1,OBJ-N5-SBJ-N4-PUSH-TR-LOC-N2.mp3,OBJ-N5-SBJ-N4-PUSH-TR-LOC-N2.mp4,OBJ-N4-SBJ-N5-PUSH-TR-LOC-N2.mp4,,,,,,,,,,,,,,,,,,,,,,,,,,,,,,,,,,,,,,,,,,,,,,,,,,,,,,,,,,,,,,,,,,,,,,,,
,,,,,,,,,,,,,,,,,,,,,,,,,1,,,413753,1964.11.05,2026-04-26_19h31.32.620,BrocantoHPilot1WOSession2,2025.2.4,Win32,120.1923077,1618.534,1,1,2,33.889,0,19.154,33.889,1654.741,0,24,24,24,1,OBJ-N5-SBJ-N4-HIDE-TR-LOC-N2.mp3,OBJ-N5-SBJ-N4-HIDE-TR-LOC-N2.mp4,OBJ-N5-SBJ-N2-REVEAL-TR-LOC-N4.mp4,,,,,,,,,,,,,,,,,,,,,,,,,,,,,,,,,,,,,,,,,,,,,,,,,,,,,,,,,,,,,,,,,,,,,,,,
,,,,,,,,,,,,,,,,,,,,,,,,,1,,,413753,1964.11.05,2026-04-26_19h31.32.620,BrocantoHPilot1WOSession2,2025.2.4,Win32,120.1923077,1654.742,1,1,1,27.28,1,19.147,27.28,1684.485,0,25,25,25,1,SBJ-N2-REVEAL-INTR-LOC-N4.mp3,SBJ-N2-REVEAL-INTR-LOC-N4.mp4,SBJ-N4-REVEAL-INTR-LOC-N2.mp4,,,,,,,,,,,,,,,,,,,,,,,,,,,,,,,,,,,,,,,,,,,,,,,,,,,,,,,,,,,,,,,,,,,,,,,,
,,,,,,,,,,,,,,,,,,,,,,,,,1,,,413753,1964.11.05,2026-04-26_19h31.32.620,BrocantoHPilot1WOSession2,2025.2.4,Win32,120.1923077,1684.485,1,2,2,32.26,1,17.953,32.26,1718.866,0,26,26,26,1,SBJ-N5-REVEAL-INTR-LOC-N4.mp3,SBJ-N5-REVEAL-INTR-LOC-N4.mp4,SBJ-N4-JUMP-INTR-LOC-N5.mp4,,,,,,,,,,,,,,,,,,,,,,,,,,,,,,,,,,,,,,,,,,,,,,,,,,,,,,,,,,,,,,,,,,,,,,,,
,,,,,,,,,,,,,,,,,,,,,,,,,1,,,413753,1964.11.05,2026-04-26_19h31.32.620,BrocantoHPilot1WOSession2,2025.2.4,Win32,120.1923077,1718.867,1,1,1,36.793,1,19.743,36.793,1758.009,0,27,27,27,1,OBJ-N5-SBJ-N4-REVEAL-TR-LOC-N1.mp3,OBJ-N5-SBJ-N4-REVEAL-TR-LOC-N1.mp4,OBJ-N4-SBJ-N5-REVEAL-TR-LOC-N1.mp4,,,,,,,,,,,,,,,,,,,,,,,,,,,,,,,,,,,,,,,,,,,,,,,,,,,,,,,,,,,,,,,,,,,,,,,,
,,,,,,,,,,,,,,,,,,,,,,,,,1,,,413753,1964.11.05,2026-04-26_19h31.32.620,BrocantoHPilot1WOSession2,2025.2.4,Win32,120.1923077,1758.01,1,1,1,37.808,1,18.2,37.808,1797.866,0,28,28,28,1,OBJ-N5-SBJ-N1-HIDE-TR-LOC-N2.mp3,OBJ-N5-SBJ-N1-HIDE-TR-LOC-N2.mp4,OBJ-N1-SBJ-N5-REVEAL-TR-LOC-N2.mp4,,,,,,,,,,,,,,,,,,,,,,,,,,,,,,,,,,,,,,,,,,,,,,,,,,,,,,,,,,,,,,,,,,,,,,,,
,,,,,,,,,,,,,,,,,,,,,,,,,1,,,413753,1964.11.05,2026-04-26_19h31.32.620,BrocantoHPilot1WOSession2,2025.2.4,Win32,120.1923077,1797.868,1,2,1,42.941,0,25.584,42.941,1842.791,0,29,29,29,1,OBJ-N5-SBJ-N2-PUSH-TR-LOC-N4.mp3,OBJ-N5-SBJ-N2-PUSH-TR-LOC-N4.mp4,OBJ-N2-SBJ-N5-PUSH-TR-LOC-N4.mp4,,,,,,,,,,,,,,,,,,,,,,,,,,,,,,,,,,,,,,,,,,,,,,,,,,,,,,,,,,,,,,,,,,,,,,,,
,,,,,,,,,,,,,,,,,,,,,,,,,1,,,413753,1964.11.05,2026-04-26_19h31.32.620,BrocantoHPilot1WOSession2,2025.2.4,Win32,120.1923077,1842.792,1,2,2,36.657,1,19.999,36.657,1881.697,0,30,30,30,1,OBJ-N5-SBJ-N1-REVEAL-TR-LOC-N3.mp3,OBJ-N5-SBJ-N1-REVEAL-TR-LOC-N3.mp4,OBJ-N3-SBJ-N1-HIDE-TR-LOC-N5.mp4,,,,,,,,,,,,,,,,,,,,,,,,,,,,,,,,,,,,,,,,,,,,,,,,,,,,,,,,,,,,,,,,,,,,,,,,
,,,,,,,,,,,,,,,,,,,,,,,,,1,,,413753,1964.11.05,2026-04-26_19h31.32.620,BrocantoHPilot1WOSession2,2025.2.4,Win32,120.1923077,1881.698,1,1,1,18.709,1,17.456,18.709,1902.689,0,31,31,31,1,SBJ-N3-GO-INTR.mp3,SBJ-N3-GO-INTR.mp4,SBJ-N3-HIDE-INTR.mp4,,,,,,,,,,,,,,,,,,,,,,,,,,,,,,,,,,,,,,,,,,,,,,,,,,,,,,,,,,,,,,,,,,,,,,,,
,,,,,,,,,,,,,,,,,,,,,,,,,1,,,413753,1964.11.05,2026-04-26_19h31.32.620,BrocantoHPilot1WOSession2,2025.2.4,Win32,120.1923077,1902.69,1,1,1,32.441,1,18.633,32.441,1938.342,0,32,32,32,1,OBJ-N5-SBJ-N3-PUSH-TR-LOC-N4.mp3,OBJ-N5-SBJ-N3-PUSH-TR-LOC-N4.mp4,OBJ-N4-SBJ-N3-PUSH-TR-LOC-N5.mp4,,,,,,,,,,,,,,,,,,,,,,,,,,,,,,,,,,,,,,,,,,,,,,,,,,,,,,,,,,,,,,,,,,,,,,,,
,,,,,,,,,,,,,,,,,,,,,,,,,1,,,413753,1964.11.05,2026-04-26_19h31.32.620,BrocantoHPilot1WOSession2,2025.2.4,Win32,120.1923077,1938.343,1,2,1,37.179,0,22.905,37.179,1977.798,0,33,33,33,1,OBJ-N5-Ab-SBJ-N1-HIDE-TR.mp3,OBJ-N5-Ab-SBJ-N1-HIDE-TR.mp4,OBJ-N5-Aa-SBJ-N1-PUSH-TR.mp4,,,,,,,,,,,,,,,,,,,,,,,,,,,,,,,,,,,,,,,,,,,,,,,,,,,,,,,,,,,,,,,,,,,,,,,,
,,,,,,,,,,,,,,,,,,,,,,,,,1,,,413753,1964.11.05,2026-04-26_19h31.32.620,BrocantoHPilot1WOSession2,2025.2.4,Win32,120.1923077,1977.799,1,1,1,24.397,1,17.474,24.397,2004.551,0,34,34,34,1,SBJ-N1-JUMP-INTR.mp3,SBJ-N1-JUMP-INTR.mp4,SBJ-N1-GO-INTR.mp4,,,,,,,,,,,,,,,,,,,,,,,,,,,,,,,,,,,,,,,,,,,,,,,,,,,,,,,,,,,,,,,,,,,,,,,,
,,,,,,,,,,,,,,,,,,,,,,,,,1,,,413753,1964.11.05,2026-04-26_19h31.32.620,BrocantoHPilot1WOSession2,2025.2.4,Win32,120.1923077,2004.552,1,1,1,29.269,1,19.827,29.269,2035.883,0,35,35,35,1,SBJ-N2-HIDE-INTR-LOC-N3.mp3,SBJ-N2-HIDE-INTR-LOC-N3.mp4,SBJ-N3-GO-INTR-LOC-N2.mp4,,,,,,,,,,,,,,,,,,,,,,,,,,,,,,,,,,,,,,,,,,,,,,,,,,,,,,,,,,,,,,,,,,,,,,,,
,,,,,,,,,,,,,,,,,,,,,,,,,1,,,413753,1964.11.05,2026-04-26_19h31.32.620,BrocantoHPilot1WOSession2,2025.2.4,Win32,120.1923077,2035.884,1,2,2,37.667,1,20.755,37.667,2076.043,0,36,36,36,1,SBJ-N4-HIDE-INTR-LOC-N5.mp3,SBJ-N4-HIDE-INTR-LOC-N5.mp4,SBJ-N5-HIDE-INTR-LOC-N4.mp4,,,,,,,,,,,,,,,,,,,,,,,,,,,,,,,,,,,,,,,,,,,,,,,,,,,,,,,,,,,,,,,,,,,,,,,,
,,,,,,,,,,,,,,,,,,,,,,,,,1,,,413753,1964.11.05,2026-04-26_19h31.32.620,BrocantoHPilot1WOSession2,2025.2.4,Win32,120.1923077,2076.044,1,2,2,49.357,1,33.731,49.357,2128.272,0,37,37,37,1,SBJ-N5-GO-INTR-LOC-N4.mp3,SBJ-N5-GO-INTR-LOC-N4.mp4,SBJ-N4-REVEAL-INTR-LOC-N5.mp4,,,,,,,,,,,,,,,,,,,,,,,,,,,,,,,,,,,,,,,,,,,,,,,,,,,,,,,,,,,,,,,,,,,,,,,,
,,,,,,,,,,,,,,,,,,,,,,,,,1,,,413753,1964.11.05,2026-04-26_19h31.32.620,BrocantoHPilot1WOSession2,2025.2.4,Win32,120.1923077,2128.273,1,2,2,31.559,1,17.969,31.559,2162.23,0,38,38,38,1,SBJ-N3-JUMP-INTR-LOC-N2.mp3,SBJ-N3-JUMP-INTR-LOC-N2.mp4,SBJ-N2-JUMP-INTR-LOC-N3.mp4,,,,,,,,,,,,,,,,,,,,,,,,,,,,,,,,,,,,,,,,,,,,,,,,,,,,,,,,,,,,,,,,,,,,,,,,
,,,,,,,,,,,,,,,,,,,,,,,,,1,,,413753,1964.11.05,2026-04-26_19h31.32.620,BrocantoHPilot1WOSession2,2025.2.4,Win32,120.1923077,2162.231,1,1,1,24.447,1,16.901,24.447,2189.093,0,39,39,39,1,SBJ-N4-JUMP-INTR-LOC-N1.mp3,SBJ-N4-JUMP-INTR-LOC-N1.mp4,SBJ-N1-REVEAL-INTR-LOC-N4.mp4,,,,,,,,,,,,,,,,,,,,,,,,,,,,,,,,,,,,,,,,,,,,,,,,,,,,,,,,,,,,,,,,,,,,,,,,
,,,,,,,,,,,,,,,,,,,,,,,,,1,,,413753,1964.11.05,2026-04-26_19h31.32.620,BrocantoHPilot1WOSession2,2025.2.4,Win32,120.1923077,2189.094,1,2,1,44.436,0,26.841,44.436,2235.741,0,40,40,40,1,Ab-OBJ-N5-SBJ-N2-HIDE-TR.mp3,Ab-OBJ-N5-SBJ-N2-HIDE-TR.mp4,OBJ-N2-Aa-SBJ-N5-HIDE-TR.mp4,,,,,,,,,,,,,,,,,,,,,,,,,,,,,,,,,,,,,,,,,,,,,,,,,,,,,,,,,,,,,,,,,,,,,,,,
,,,,,,,,,,,,,,,,,,,,,,,,,1,,,413753,1964.11.05,2026-04-26_19h31.32.620,BrocantoHPilot1WOSession2,2025.2.4,Win32,120.1923077,2235.742,1,2,2,54.288,1,37.829,54.288,2292.561,0,41,41,41,1,OBJ-N5-SBJ-N3-REVEAL-TR-LOC-N4.mp3,OBJ-N5-SBJ-N3-REVEAL-TR-LOC-N4.mp4,OBJ-N4-SBJ-N3-REVEAL-TR-LOC-N5.mp4,,,,,,,,,,,,,,,,,,,,,,,,,,,,,,,,,,,,,,,,,,,,,,,,,,,,,,,,,,,,,,,,,,,,,,,,
,,,,,,,,,,,,,,,,,,,,,,,,,1,,,413753,1964.11.05,2026-04-26_19h31.32.620,BrocantoHPilot1WOSession2,2025.2.4,Win32,120.1923077,,,,,,,,,,,,,,,OBJ.N5 SBJ.N4 HIDE-TR,,,2326.213,1,OBJ-N5-SBJ-N4-HIDE-TR.mp4,N5|N4|HIDE,JUMP|N5|N4|HIDE|Ab|N2|REVEAL,timó|dabi|zsübe,bonip|timó|dabi|zsübe|zsot|murak|girda,0,11.674,38.615,dabi zsübe girda,2380.955,0,0,0,0,1,OBJ-N5-SBJ-N4-HIDE-TR.mp4,N5|N4|HIDE,JUMP|N5|N4|HIDE|Ab|N2|REVEAL,timó dabi zsübe,timó|dabi|zsübe,bonip|timó|dabi|zsübe|zsot|murak|girda,,,,,,,,,,,,,,,,,,,,,,,,,,,,,,,,,,,,,,,,,,,,,,,,,
,,,,,,,,,,,,,,,,,,,,,,,,,1,,,413753,1964.11.05,2026-04-26_19h31.32.620,BrocantoHPilot1WOSession2,2025.2.4,Win32,120.1923077,,,,,,,,,,,,,,,SBJ.N3 JUMP-INTR,,,2381.496,1,SBJ-N3-JUMP-INTR.mp4,N3|JUMP,N2|N1|Aa|JUMP|Ab|N3,zilép|bonip,murak|pekli|gyék|bonip|zsot|zilép,1,7.522,15.78,zilép bonip,2410.515,0,1,1,1,1,SBJ-N3-JUMP-INTR.mp4,N3|JUMP,N2|N1|Aa|JUMP|Ab|N3,zilép bonip,zilép|bonip,murak|pekli|gyék|bonip|zsot|zilép,,,,,,,,,,,,,,,,,,,,,,,,,,,,,,,,,,,,,,,,,,,,,,,,,
,,,,,,,,,,,,,,,,,,,,,,,,,1,,,413753,1964.11.05,2026-04-26_19h31.32.620,BrocantoHPilot1WOSession2,2025.2.4,Win32,120.1923077,,,,,,,,,,,,,,,SBJ.N4 GO-INTR,,,2411.02,1,SBJ-N4-GO-INTR.mp4,N4|GO,N4|REVEAL|N2|N1|GO|JUMP,dabi|kávler,dabi|girda|murak|pekli|kávler|bonip,1,7.516,17.249,dabi kávler,2437.49,0,2,2,2,1,SBJ-N4-GO-INTR.mp4,N4|GO,N4|REVEAL|N2|N1|GO|JUMP,dabi kávler,dabi|kávler,dabi|girda|murak|pekli|kávler|bonip,,,,,,,,,,,,,,,,,,,,,,,,,,,,,,,,,,,,,,,,,,,,,,,,,
,,,,,,,,,,,,,,,,,,,,,,,,,1,,,413753,1964.11.05,2026-04-26_19h31.32.620,BrocantoHPilot1WOSession2,2025.2.4,Win32,120.1923077,,,,,,,,,,,,,,,OBJ.N5 SBJ.N4 PUSH-TR,,,2437.992,1,OBJ-N5-SBJ-N4-PUSH-TR.mp4,N5|N4|PUSH,N2|GO|N1|JUMP|N5|PUSH|N4,timó|dabi|vánta,murak|kávler|pekli|bonip|timó|vánta|dabi,0,9.125,36.474,dabi timó vánta,2481.881,0,3,3,3,1,OBJ-N5-SBJ-N4-PUSH-TR.mp4,N5|N4|PUSH,N2|GO|N1|JUMP|N5|PUSH|N4,timó dabi vánta,timó|dabi|vánta,murak|kávler|pekli|bonip|timó|vánta|dabi,,,,,,,,,,,,,,,,,,,,,,,,,,,,,,,,,,,,,,,,,,,,,,,,,
,,,,,,,,,,,,,,,,,,,,,,,,,1,,,413753,1964.11.05,2026-04-26_19h31.32.620,BrocantoHPilot1WOSession2,2025.2.4,Win32,120.1923077,,,,,,,,,,,,,,,OBJ.N5 SBJ.N3 REVEAL-TR,,,2482.397,1,OBJ-N5-SBJ-N3-REVEAL-TR.mp4,N5|N3|REVEAL,REVEAL|Ab|PUSH|N3|N5|Aa|N1,timó|zilép|girda,girda|zsot|vánta|zilép|timó|gyék|pekli,0,7.236,49.843,zilép timó vánta,2537.631,0,4,4,4,1,OBJ-N5-SBJ-N3-REVEAL-TR.mp4,N5|N3|REVEAL,REVEAL|Ab|PUSH|N3|N5|Aa|N1,timó zilép girda,timó|zilép|girda,girda|zsot|vánta|zilép|timó|gyék|pekli,,,,,,,,,,,,,,,,,,,,,,,,,,,,,,,,,,,,,,,,,,,,,,,,,
,,,,,,,,,,,,,,,,,,,,,,,,,1,,,413753,1964.11.05,2026-04-26_19h31.32.620,BrocantoHPilot1WOSession2,2025.2.4,Win32,120.1923077,,,,,,,,,,,,,,,SBJ.N4 HIDE-INTR,,,2538.167,1,SBJ-N4-HIDE-INTR.mp4,N4|HIDE,Ab|GO|HIDE|N4|Aa|JUMP,dabi|zsübe,zsot|kávler|zsübe|dabi|gyék|bonip,1,7.522,11.323,dabi zsübe,2557.07,0,5,5,5,1,SBJ-N4-HIDE-INTR.mp4,N4|HIDE,Ab|GO|HIDE|N4|Aa|JUMP,dabi zsübe,dabi|zsübe,zsot|kávler|zsübe|dabi|gyék|bonip,,,,,,,,,,,,,,,,,,,,,,,,,,,,,,,,,,,,,,,,,,,,,,,,,
,,,,,,,,,,,,,,,,,,,,,,,,,1,,,413753,1964.11.05,2026-04-26_19h31.32.620,BrocantoHPilot1WOSession2,2025.2.4,Win32,120.1923077,,,,,,,,,,,,,,,OBJ.N5 SBJ.N4 PUSH-TR,,,2557.677,1,OBJ-N5-SBJ-N4-PUSH-TR.mp4,N5|N4|PUSH,N5|Aa|N3|Ab|PUSH|N1|N4,timó|dabi|vánta,timó|gyék|zilép|zsot|vánta|pekli|dabi,1,6.519,31.141,timó dabi vánta,2594.545,0,6,6,6,1,OBJ-N5-SBJ-N4-PUSH-TR.mp4,N5|N4|PUSH,N5|Aa|N3|Ab|PUSH|N1|N4,timó dabi vánta,timó|dabi|vánta,timó|gyék|zilép|zsot|vánta|pekli|dabi,,,,,,,,,,,,,,,,,,,,,,,,,,,,,,,,,,,,,,,,,,,,,,,,,
,,,,,,,,,,,,,,,,,,,,,,,,,1,,,413753,1964.11.05,2026-04-26_19h31.32.620,BrocantoHPilot1WOSession2,2025.2.4,Win32,120.1923077,,,,,,,,,,,,,,,SBJ.N3 REVEAL-INTR,,,2595.083,1,SBJ-N3-REVEAL-INTR.mp4,N3|REVEAL,N1|N4|HIDE|N5|REVEAL|N3,zilép|girda,pekli|dabi|zsübe|timó|girda|zilép,0,4.412,9.303,zilép zsübe,2610.526,0,7,7,7,1,SBJ-N3-REVEAL-INTR.mp4,N3|REVEAL,N1|N4|HIDE|N5|REVEAL|N3,zilép girda,zilép|girda,pekli|dabi|zsübe|timó|girda|zilép,,,,,,,,,,,,,,,,,,,,,,,,,,,,,,,,,,,,,,,,,,,,,,,,,
,,,,,,,,,,,,,,,,,,,,,,,,,1,,,413753,1964.11.05,2026-04-26_19h31.32.620,BrocantoHPilot1WOSession2,2025.2.4,Win32,120.1923077,,,,,,,,,,,,,,,OBJ.N5 SBJ.N4 REVEAL-TR,,,2611.048,1,OBJ-N5-SBJ-N4-REVEAL-TR.mp4,N5|N4|REVEAL,Ab|JUMP|N2|REVEAL|N5|PUSH|N4,timó|dabi|girda,zsot|bonip|murak|girda|timó|vánta|dabi,0,7.63,26.446,dabi bonip timó,2642.883,0,8,8,8,1,OBJ-N5-SBJ-N4-REVEAL-TR.mp4,N5|N4|REVEAL,Ab|JUMP|N2|REVEAL|N5|PUSH|N4,timó dabi girda,timó|dabi|girda,zsot|bonip|murak|girda|timó|vánta|dabi,,,,,,,,,,,,,,,,,,,,,,,,,,,,,,,,,,,,,,,,,,,,,,,,,
,,,,,,,,,,,,,,,,,,,,,,,,,1,,,413753,1964.11.05,2026-04-26_19h31.32.620,BrocantoHPilot1WOSession2,2025.2.4,Win32,120.1923077,,,,,,,,,,,,,,,SBJ.N3 JUMP-INTR,,,2643.482,1,SBJ-N3-JUMP-INTR.mp4,N3|JUMP,JUMP|PUSH|Aa|N3|Ab|GO,zilép|bonip,bonip|vánta|gyék|zilép|zsot|kávler,0,6.489,11.77,zilép kávler,2661.183,0,9,9,9,1,SBJ-N3-JUMP-INTR.mp4,N3|JUMP,JUMP|PUSH|Aa|N3|Ab|GO,zilép bonip,zilép|bonip,bonip|vánta|gyék|zilép|zsot|kávler,,,,,,,,,,,,,,,,,,,,,,,,,,,,,,,,,,,,,,,,,,,,,,,,,
,,,,,,,,,,,,,,,,,,,,,,,,,1,,,413753,1964.11.05,2026-04-26_19h31.32.620,BrocantoHPilot1WOSession2,2025.2.4,Win32,120.1923077,,,,,,,,,,,,,,,OBJ.N5 SBJ.N4 HIDE-TR,,,2661.745,1,OBJ-N5-SBJ-N4-HIDE-TR.mp4,N5|N4|HIDE,N4|N3|REVEAL|N5|HIDE|Aa|N1,timó|dabi|zsübe,dabi|zilép|girda|timó|zsübe|gyék|pekli,0,6.893,63.89,dabi zsübe timó,2730.234,0,10,10,10,1,OBJ-N5-SBJ-N4-HIDE-TR.mp4,N5|N4|HIDE,N4|N3|REVEAL|N5|HIDE|Aa|N1,timó dabi zsübe,timó|dabi|zsübe,dabi|zilép|girda|timó|zsübe|gyék|pekli,,,,,,,,,,,,,,,,,,,,,,,,,,,,,,,,,,,,,,,,,,,,,,,,,
,,,,,,,,,,,,,,,,,,,,,,,,,1,,,413753,1964.11.05,2026-04-26_19h31.32.620,BrocantoHPilot1WOSession2,2025.2.4,Win32,120.1923077,,,,,,,,,,,,,,,SBJ.N2 REVEAL-INTR,,,2730.785,1,SBJ-N2-REVEAL-INTR.mp4,N2|REVEAL,HIDE|N2|GO|REVEAL|PUSH|N5,murak|girda,zsübe|murak|kávler|girda|vánta|timó,1,7.732,18.281,murak girda,2757.73,0,11,11,11,1,SBJ-N2-REVEAL-INTR.mp4,N2|REVEAL,HIDE|N2|GO|REVEAL|PUSH|N5,murak girda,murak|girda,zsübe|murak|kávler|girda|vánta|timó,,,,,,,,,,,,,,,,,,,,,,,,,,,,,,,,,,,,,,,,,,,,,,,,,
,,,,,,,,,,,,,,,,,,,,,,,,,1,,,413753,1964.11.05,2026-04-26_19h31.32.620,BrocantoHPilot1WOSession2,2025.2.4,Win32,120.1923077,,,,,,,,,,,,,,,OBJ.N5 SBJ.N4 HIDE-TR,,,2758.284,1,OBJ-N5-SBJ-N4-HIDE-TR.mp4,N5|N4|HIDE,Ab|HIDE|N4|N3|N2|GO|N5,timó|dabi|zsübe,zsot|zsübe|dabi|zilép|murak|kávler|timó,0,9.889,37.98,timó zsübe dabi,2801.048,0,12,12,12,1,OBJ-N5-SBJ-N4-HIDE-TR.mp4,N5|N4|HIDE,Ab|HIDE|N4|N3|N2|GO|N5,timó dabi zsübe,timó|dabi|zsübe,zsot|zsübe|dabi|zilép|murak|kávler|timó,,,,,,,,,,,,,,,,,,,,,,,,,,,,,,,,,,,,,,,,,,,,,,,,,
,,,,,,,,,,,,,,,,,,,,,,,,,1,,,413753,1964.11.05,2026-04-26_19h31.32.620,BrocantoHPilot1WOSession2,2025.2.4,Win32,120.1923077,,,,,,,,,,,,,,,SBJ.N1 GO-INTR,,,2801.561,1,SBJ-N1-GO-INTR.mp4,N1|GO,HIDE|N2|N1|GO|REVEAL|N3,pekli|kávler,zsübe|murak|pekli|kávler|girda|zilép,1,7.445,27.961,pekli kávler,2834.853,0,13,13,13,1,SBJ-N1-GO-INTR.mp4,N1|GO,HIDE|N2|N1|GO|REVEAL|N3,pekli kávler,pekli|kávler,zsübe|murak|pekli|kávler|girda|zilép,,,,,,,,,,,,,,,,,,,,,,,,,,,,,,,,,,,,,,,,,,,,,,,,,
,,,,,,,,,,,,,,,,,,,,,,,,,1,,,413753,1964.11.05,2026-04-26_19h31.32.620,BrocantoHPilot1WOSession2,2025.2.4,Win32,120.1923077,,,,,,,,,,,,,,,OBJ.N5 SBJ.N3 REVEAL-TR,,,2835.379,1,OBJ-N5-SBJ-N3-REVEAL-TR.mp4,N5|N3|REVEAL,N5|N4|REVEAL|N3|PUSH|GO|N2,timó|zilép|girda,timó|dabi|girda|zilép|vánta|kávler|murak,0,7.117,17.842,zilép timó girda,2858.817,0,14,14,14,1,OBJ-N5-SBJ-N3-REVEAL-TR.mp4,N5|N3|REVEAL,N5|N4|REVEAL|N3|PUSH|GO|N2,timó zilép girda,timó|zilép|girda,timó|dabi|girda|zilép|vánta|kávler|murak,,,,,,,,,,,,,,,,,,,,,,,,,,,,,,,,,,,,,,,,,,,,,,,,,
,,,,,,,,,,,,,,,,,,,,,,,,,1,,,413753,1964.11.05,2026-04-26_19h31.32.620,BrocantoHPilot1WOSession2,2025.2.4,Win32,120.1923077,,,,,,,,,,,,,,,SBJ.N3 JUMP-INTR,,,2859.333,1,SBJ-N3-JUMP-INTR.mp4,N3|JUMP,JUMP|N2|REVEAL|N5|N3|N4,zilép|bonip,bonip|murak|girda|timó|zilép|dabi,1,6.83,12.554,zilép bonip,2877.085,0,15,15,15,1,SBJ-N3-JUMP-INTR.mp4,N3|JUMP,JUMP|N2|REVEAL|N5|N3|N4,zilép bonip,zilép|bonip,bonip|murak|girda|timó|zilép|dabi,,,,,,,,,,,,,,,,,,,,,,,,,,,,,,,,,,,,,,,,,,,,,,,,,
,,,,,,,,,,,,,,,,,,,,,,,,,1,,,413753,1964.11.05,2026-04-26_19h31.32.620,BrocantoHPilot1WOSession2,2025.2.4,Win32,120.1923077,,,,,,,,,,,,,,,SBJ.N4 HIDE-INTR,,,2877.622,1,SBJ-N4-HIDE-INTR.mp4,N4|HIDE,GO|N4|Ab|N1|N2|HIDE,dabi|zsübe,kávler|dabi|zsot|pekli|murak|zsübe,1,8.841,13.658,dabi zsübe,2895.754,0,16,16,16,1,SBJ-N4-HIDE-INTR.mp4,N4|HIDE,GO|N4|Ab|N1|N2|HIDE,dabi zsübe,dabi|zsübe,kávler|dabi|zsot|pekli|murak|zsübe,,,,,,,,,,,,,,,,,,,,,,,,,,,,,,,,,,,,,,,,,,,,,,,,,
,,,,,,,,,,,,,,,,,,,,,,,,,1,,,413753,1964.11.05,2026-04-26_19h31.32.620,BrocantoHPilot1WOSession2,2025.2.4,Win32,120.1923077,,,,,,,,,,,,,,,OBJ.N5 SBJ.N2 PUSH-TR,,,2896.313,1,OBJ-N5-SBJ-N2-PUSH-TR.mp4,N5|N2|PUSH,PUSH|N4|Ab|N1|N2|HIDE|N5,timó|murak|vánta,vánta|dabi|zsot|pekli|murak|zsübe|timó,0,5.983,25.899,murak timó vánta,2928.002,0,17,17,17,1,OBJ-N5-SBJ-N2-PUSH-TR.mp4,N5|N2|PUSH,PUSH|N4|Ab|N1|N2|HIDE|N5,timó murak vánta,timó|murak|vánta,vánta|dabi|zsot|pekli|murak|zsübe|timó,,,,,,,,,,,,,,,,,,,,,,,,,,,,,,,,,,,,,,,,,,,,,,,,,
,,,,,,,,,,,,,,,,,,,,,,,,,1,,,413753,1964.11.05,2026-04-26_19h31.32.620,BrocantoHPilot1WOSession2,2025.2.4,Win32,120.1923077,,,,,,,,,,,,,,,SBJ.N5 REVEAL-INTR,,,2928.517,1,SBJ-N5-REVEAL-INTR.mp4,N5|REVEAL,PUSH|N5|GO|REVEAL|JUMP|N4,timó|girda,vánta|timó|kávler|girda|bonip|dabi,0,11.719,17.72,timó bonip,2949.583,0,18,18,18,1,SBJ-N5-REVEAL-INTR.mp4,N5|REVEAL,PUSH|N5|GO|REVEAL|JUMP|N4,timó girda,timó|girda,vánta|timó|kávler|girda|bonip|dabi,,,,,,,,,,,,,,,,,,,,,,,,,,,,,,,,,,,,,,,,,,,,,,,,,
,,,,,,,,,,,,,,,,,,,,,,,,,1,,,413753,1964.11.05,2026-04-26_19h31.32.620,BrocantoHPilot1WOSession2,2025.2.4,Win32,120.1923077,,,,,,,,,,,,,,,SBJ.N3 HIDE-INTR,,,2950.085,1,SBJ-N3-HIDE-INTR.mp4,N3|HIDE,N2|N3|N5|HIDE|N1|N4,zilép|zsübe,murak|zilép|timó|zsübe|pekli|dabi,1,6.842,9.908,zilép zsübe,2964.051,0,19,19,19,1,SBJ-N3-HIDE-INTR.mp4,N3|HIDE,N2|N3|N5|HIDE|N1|N4,zilép zsübe,zilép|zsübe,murak|zilép|timó|zsübe|pekli|dabi,,,,,,,,,,,,,,,,,,,,,,,,,,,,,,,,,,,,,,,,,,,,,,,,,
,,,,,,,,,,,,,,,,,,,,,,,,,1,,,413753,1964.11.05,2026-04-26_19h31.32.620,BrocantoHPilot1WOSession2,2025.2.4,Win32,120.1923077,,,,,,,,,,,,,,,OBJ.N5 SBJ.N2 PUSH-TR,,,2964.571,1,OBJ-N5-SBJ-N2-PUSH-TR.mp4,N5|N2|PUSH,JUMP|N1|N2|N3|PUSH|Ab|N5,timó|murak|vánta,bonip|pekli|murak|zilép|vánta|zsot|timó,1,5.797,16.904,timó murak vánta,2985.528,0,20,20,20,1,OBJ-N5-SBJ-N2-PUSH-TR.mp4,N5|N2|PUSH,JUMP|N1|N2|N3|PUSH|Ab|N5,timó murak vánta,timó|murak|vánta,bonip|pekli|murak|zilép|vánta|zsot|timó,,,,,,,,,,,,,,,,,,,,,,,,,,,,,,,,,,,,,,,,,,,,,,,,,
,,,,,,,,,,,,,,,,,,,,,,,,,1,,,413753,1964.11.05,2026-04-26_19h31.32.620,BrocantoHPilot1WOSession2,2025.2.4,Win32,120.1923077,,,,,,,,,,,,,,,OBJ.N5 SBJ.N1 PUSH-TR,,,2986.039,1,OBJ-N5-SBJ-N1-PUSH-TR.mp4,N5|N1|PUSH,JUMP|GO|PUSH|N1|Ab|Aa|N5,timó|pekli|vánta,bonip|kávler|vánta|pekli|zsot|gyék|timó,0,6.204,31.306,timó pekli kávler,3021.933,0,21,21,21,1,OBJ-N5-SBJ-N1-PUSH-TR.mp4,N5|N1|PUSH,JUMP|GO|PUSH|N1|Ab|Aa|N5,timó pekli vánta,timó|pekli|vánta,bonip|kávler|vánta|pekli|zsot|gyék|timó,,,,,,,,,,,,,,,,,,,,,,,,,,,,,,,,,,,,,,,,,,,,,,,,,
,,,,,,,,,,,,,,,,,,,,,,,,,1,,,413753,1964.11.05,2026-04-26_19h31.32.620,BrocantoHPilot1WOSession2,2025.2.4,Win32,120.1923077,,,,,,,,,,,,,,,OBJ.N5 SBJ.N2 HIDE-TR LOC.N3,,,3022.504,1,OBJ-N5-SBJ-N2-HIDE-TR-LOC-N3.mp4,N5|N2|HIDE|N3,Aa|N5|N2|HIDE|N4|N1|GO|N3,timó|murak|zsübe|zilép,gyék|timó|murak|zsübe|dabi|pekli|kávler|zilép,0,9.229,26.428,timó murak zsübe,3058.926,0,22,22,22,1,OBJ-N5-SBJ-N2-HIDE-TR-LOC-N3.mp4,N5|N2|HIDE|N3,Aa|N5|N2|HIDE|N4|N1|GO|N3,timó murak zsübe zilép,timó|murak|zsübe|zilép,gyék|timó|murak|zsübe|dabi|pekli|kávler|zilép,,,,,,,,,,,,,,,,,,,,,,,,,,,,,,,,,,,,,,,,,,,,,,,,,
,,,,,,,,,,,,,,,,,,,,,,,,,1,,,413753,1964.11.05,2026-04-26_19h31.32.620,BrocantoHPilot1WOSession2,2025.2.4,Win32,120.1923077,,,,,,,,,,,,,,,SBJ.N4 REVEAL-INTR LOC.N3,,,3059.465,1,SBJ-N4-REVEAL-INTR-LOC-N3.mp4,N4|REVEAL|N3,N2|N3|Aa|N5|PUSH|REVEAL|N4,dabi|girda|zilép,murak|zilép|gyék|timó|vánta|girda|dabi,0,8.309,23.825,zilép girda dabi,3092.189,0,23,23,23,1,SBJ-N4-REVEAL-INTR-LOC-N3.mp4,N4|REVEAL|N3,N2|N3|Aa|N5|PUSH|REVEAL|N4,dabi girda zilép,dabi|girda|zilép,murak|zilép|gyék|timó|vánta|girda|dabi,,,,,,,,,,,,,,,,,,,,,,,,,,,,,,,,,,,,,,,,,,,,,,,,,
,,,,,,,,,,,,,,,,,,,,,,,,,1,,,413753,1964.11.05,2026-04-26_19h31.32.620,BrocantoHPilot1WOSession2,2025.2.4,Win32,120.1923077,,,,,,,,,,,,,,,SBJ.N4 REVEAL-INTR LOC.N3,,,3092.729,1,SBJ-N4-REVEAL-INTR-LOC-N3.mp4,N4|REVEAL|N3,HIDE|PUSH|Ab|N3|REVEAL|GO|N4,dabi|girda|zilép,zsübe|vánta|zsot|zilép|girda|kávler|dabi,1,7.917,12.456,dabi girda zilép,3109.013,0,24,24,24,1,SBJ-N4-REVEAL-INTR-LOC-N3.mp4,N4|REVEAL|N3,HIDE|PUSH|Ab|N3|REVEAL|GO|N4,dabi girda zilép,dabi|girda|zilép,zsübe|vánta|zsot|zilép|girda|kávler|dabi,,,,,,,,,,,,,,,,,,,,,,,,,,,,,,,,,,,,,,,,,,,,,,,,,
,,,,,,,,,,,,,,,,,,,,,,,,,1,,,413753,1964.11.05,2026-04-26_19h31.32.620,BrocantoHPilot1WOSession2,2025.2.4,Win32,120.1923077,,,,,,,,,,,,,,,OBJ.N5 SBJ.N1 PUSH-TR LOC.N2,,,3109.618,1,OBJ-N5-SBJ-N1-PUSH-TR-LOC-N2.mp4,N5|N1|PUSH|N2,N1|N2|HIDE|PUSH|N5|GO|REVEAL|N3,timó|pekli|vánta|murak,pekli|murak|zsübe|vánta|timó|kávler|girda|zilép,1,6.604,55.761,timó pekli vánta murak,3171.589,0,25,25,25,1,OBJ-N5-SBJ-N1-PUSH-TR-LOC-N2.mp4,N5|N1|PUSH|N2,N1|N2|HIDE|PUSH|N5|GO|REVEAL|N3,timó pekli vánta murak,timó|pekli|vánta|murak,pekli|murak|zsübe|vánta|timó|kávler|girda|zilép,,,,,,,,,,,,,,,,,,,,,,,,,,,,,,,,,,,,,,,,,,,,,,,,,
,,,,,,,,,,,,,,,,,,,,,,,,,1,,,413753,1964.11.05,2026-04-26_19h31.32.620,BrocantoHPilot1WOSession2,2025.2.4,Win32,120.1923077,,,,,,,,,,,,,,,OBJ.N5 SBJ.N1 REVEAL-TR LOC.N3,,,3172.147,1,OBJ-N5-SBJ-N1-REVEAL-TR-LOC-N3.mp4,N5|N1|REVEAL|N3,N5|N3|GO|N2|HIDE|N1|JUMP|REVEAL,timó|pekli|girda|zilép,timó|zilép|kávler|murak|zsübe|pekli|bonip|girda,0,7.79,43.539,timó pekli bonip zilép,3222.646,0,26,26,26,1,OBJ-N5-SBJ-N1-REVEAL-TR-LOC-N3.mp4,N5|N1|REVEAL|N3,N5|N3|GO|N2|HIDE|N1|JUMP|REVEAL,timó pekli girda zilép,timó|pekli|girda|zilép,timó|zilép|kávler|murak|zsübe|pekli|bonip|girda,,,,,,,,,,,,,,,,,,,,,,,,,,,,,,,,,,,,,,,,,,,,,,,,,
,,,,,,,,,,,,,,,,,,,,,,,,,1,,,413753,1964.11.05,2026-04-26_19h31.32.620,BrocantoHPilot1WOSession2,2025.2.4,Win32,120.1923077,,,,,,,,,,,,,,,SBJ.N1 REVEAL-INTR LOC.N5,,,3223.215,1,SBJ-N1-REVEAL-INTR-LOC-N5.mp4,N1|REVEAL|N5,N1|REVEAL|Ab|N4|N5|HIDE|N3,pekli|girda|timó,pekli|girda|zsot|dabi|timó|zsübe|zilép,1,8.362,32.884,pekli girda timó,3264.009,0,27,27,27,1,SBJ-N1-REVEAL-INTR-LOC-N5.mp4,N1|REVEAL|N5,N1|REVEAL|Ab|N4|N5|HIDE|N3,pekli girda timó,pekli|girda|timó,pekli|girda|zsot|dabi|timó|zsübe|zilép,,,,,,,,,,,,,,,,,,,,,,,,,,,,,,,,,,,,,,,,,,,,,,,,,
,,,,,,,,,,,,,,,,,,,,,,,,,1,,,413753,1964.11.05,2026-04-26_19h31.32.620,BrocantoHPilot1WOSession2,2025.2.4,Win32,120.1923077,,,,,,,,,,,,,,,OBJ.N5 SBJ.N2 PUSH-TR LOC.N3,,,3264.558,1,OBJ-N5-SBJ-N2-PUSH-TR-LOC-N3.mp4,N5|N2|PUSH|N3,GO|N1|REVEAL|N2|N5|Ab|PUSH|N3,timó|murak|vánta|zilép,kávler|pekli|girda|murak|timó|zsot|vánta|zilép,0,6.202,45.8,timó kávler murak zilép,3319.95,0,28,28,28,1,OBJ-N5-SBJ-N2-PUSH-TR-LOC-N3.mp4,N5|N2|PUSH|N3,GO|N1|REVEAL|N2|N5|Ab|PUSH|N3,timó murak vánta zilép,timó|murak|vánta|zilép,kávler|pekli|girda|murak|timó|zsot|vánta|zilép,,,,,,,,,,,,,,,,,,,,,,,,,,,,,,,,,,,,,,,,,,,,,,,,,
,,,,,,,,,,,,,,,,,,,,,,,,,1,,,413753,1964.11.05,2026-04-26_19h31.32.620,BrocantoHPilot1WOSession2,2025.2.4,Win32,120.1923077,,,,,,,,,,,,,,,OBJ.N5 SBJ.N1 HIDE-TR LOC.N2,,,3320.52,1,OBJ-N5-SBJ-N1-HIDE-TR-LOC-N2.mp4,N5|N1|HIDE|N2,HIDE|N2|PUSH|N4|N1|JUMP|Ab|N5,timó|pekli|zsübe|murak,zsübe|murak|vánta|dabi|pekli|bonip|zsot|timó,0,7.197,49.587,timó zsübe pekli murak,3376.907,0,29,29,29,1,OBJ-N5-SBJ-N1-HIDE-TR-LOC-N2.mp4,N5|N1|HIDE|N2,HIDE|N2|PUSH|N4|N1|JUMP|Ab|N5,timó pekli zsübe murak,timó|pekli|zsübe|murak,zsübe|murak|vánta|dabi|pekli|bonip|zsot|timó,,,,,,,,,,,,,,,,,,,,,,,,,,,,,,,,,,,,,,,,,,,,,,,,,
,,,,,,,,,,,,,,,,,,,,,,,,,1,,,413753,1964.11.05,2026-04-26_19h31.32.620,BrocantoHPilot1WOSession2,2025.2.4,Win32,120.1923077,,,,,,,,,,,,,,,OBJ.N5 SBJ.N2 PUSH-TR LOC.N4,,,3377.457,1,OBJ-N5-SBJ-N2-PUSH-TR-LOC-N4.mp4,N5|N2|PUSH|N4,N5|N4|REVEAL|N1|N2|GO|PUSH|N3,timó|murak|vánta|dabi,timó|dabi|girda|pekli|murak|kávler|vánta|zilép,0,7.443,42.058,timó vánta murak dabi,3428.998,0,30,30,30,1,OBJ-N5-SBJ-N2-PUSH-TR-LOC-N4.mp4,N5|N2|PUSH|N4,N5|N4|REVEAL|N1|N2|GO|PUSH|N3,timó murak vánta dabi,timó|murak|vánta|dabi,timó|dabi|girda|pekli|murak|kávler|vánta|zilép,,,,,,,,,,,,,,,,,,,,,,,,,,,,,,,,,,,,,,,,,,,,,,,,,
,,,,,,,,,,,,,,,,,,,,,,,,,1,,,413753,1964.11.05,2026-04-26_19h31.32.620,BrocantoHPilot1WOSession2,2025.2.4,Win32,120.1923077,,,,,,,,,,,,,,,OBJ.N5 SBJ.N3 REVEAL-TR,,,3429.509,1,OBJ-N5-SBJ-N3-REVEAL-TR.mp4,N5|N3|REVEAL,GO|Aa|REVEAL|N3|N5|N1|JUMP,timó|zilép|girda,kávler|gyék|girda|zilép|timó|pekli|bonip,0,8.004,28.837,timó girda zilép,3464.429,0,31,31,31,1,OBJ-N5-SBJ-N3-REVEAL-TR.mp4,N5|N3|REVEAL,GO|Aa|REVEAL|N3|N5|N1|JUMP,timó zilép girda,timó|zilép|girda,kávler|gyék|girda|zilép|timó|pekli|bonip,,,,,,,,,,,,,,,,,,,,,,,,,,,,,,,,,,,,,,,,,,,,,,,,,
,,,,,,,,,,,,,,,,,,,,,,,,,1,,,413753,1964.11.05,2026-04-26_19h31.32.620,BrocantoHPilot1WOSession2,2025.2.4,Win32,120.1923077,,,,,,,,,,,,,,,OBJ.N5 SBJ.N3 HIDE-TR LOC.N4,,,3465.04,1,OBJ-N5-SBJ-N3-HIDE-TR-LOC-N4.mp4,N5|N3|HIDE|N4,N4|N2|JUMP|REVEAL|N3|HIDE|N5|Ab,timó|zilép|zsübe|dabi,dabi|murak|bonip|girda|zilép|zsübe|timó|zsot,0,7.647,55.014,timó zsübe zilép dabi,3525.928,0,32,32,32,1,OBJ-N5-SBJ-N3-HIDE-TR-LOC-N4.mp4,N5|N3|HIDE|N4,N4|N2|JUMP|REVEAL|N3|HIDE|N5|Ab,timó zilép zsübe dabi,timó|zilép|zsübe|dabi,dabi|murak|bonip|girda|zilép|zsübe|timó|zsot,,,,,,,,,,,,,,,,,,,,,,,,,,,,,,,,,,,,,,,,,,,,,,,,,
,,,,,,,,,,,,,,,,,,,,,,,,,1,,,413753,1964.11.05,2026-04-26_19h31.32.620,BrocantoHPilot1WOSession2,2025.2.4,Win32,120.1923077,,,,,,,,,,,,,,,Aa SBJ.N5 JUMP-INTR,,,3526.466,1,Aa-SBJ-N5-JUMP-INTR.mp4,Aa|N5|JUMP,JUMP|N4|GO|N1|Aa|Ab|N5,gyék|timó|bonip,bonip|dabi|kávler|pekli|gyék|zsot|timó,0,5.303,12.402,timó bonip,3544.202,0,33,33,33,1,Aa-SBJ-N5-JUMP-INTR.mp4,Aa|N5|JUMP,JUMP|N4|GO|N1|Aa|Ab|N5,gyék timó bonip,gyék|timó|bonip,bonip|dabi|kávler|pekli|gyék|zsot|timó,,,,,,,,,,,,,,,,,,,,,,,,,,,,,,,,,,,,,,,,,,,,,,,,,
,,,,,,,,,,,,,,,,,,,,,,,,,1,,,413753,1964.11.05,2026-04-26_19h31.32.620,BrocantoHPilot1WOSession2,2025.2.4,Win32,120.1923077,,,,,,,,,,,,,,,SBJ.N3 HIDE-INTR,,,3544.744,1,SBJ-N3-HIDE-INTR.mp4,N3|HIDE,HIDE|Aa|REVEAL|GO|N2|N3,zilép|zsübe,zsübe|gyék|girda|kávler|murak|zilép,1,8.091,17.558,zilép zsübe,3567.09,0,34,34,34,1,SBJ-N3-HIDE-INTR.mp4,N3|HIDE,HIDE|Aa|REVEAL|GO|N2|N3,zilép zsübe,zilép|zsübe,zsübe|gyék|girda|kávler|murak|zilép,,,,,,,,,,,,,,,,,,,,,,,,,,,,,,,,,,,,,,,,,,,,,,,,,
,,,,,,,,,,,,,,,,,,,,,,,,,1,,,413753,1964.11.05,2026-04-26_19h31.32.620,BrocantoHPilot1WOSession2,2025.2.4,Win32,120.1923077,,,,,,,,,,,,,,,SBJ.N3 GO-INTR LOC.N2,,,3567.657,1,SBJ-N3-GO-INTR-LOC-N2.mp4,N3|GO|N2,GO|PUSH|N3|Ab|N1|HIDE|N2,zilép|kávler|murak,kávler|vánta|zilép|zsot|pekli|zsübe|murak,0,6.811,21.152,zilép vánta murak,3593.917,0,35,35,35,1,SBJ-N3-GO-INTR-LOC-N2.mp4,N3|GO|N2,GO|PUSH|N3|Ab|N1|HIDE|N2,zilép kávler murak,zilép|kávler|murak,kávler|vánta|zilép|zsot|pekli|zsübe|murak,,,,,,,,,,,,,,,,,,,,,,,,,,,,,,,,,,,,,,,,,,,,,,,,,
,,,,,,,,,,,,,,,,,,,,,,,,,1,,,413753,1964.11.05,2026-04-26_19h31.32.620,BrocantoHPilot1WOSession2,2025.2.4,Win32,120.1923077,,,,,,,,,,,,,,,SBJ.N1 HIDE-INTR LOC.N5,,,3594.524,1,SBJ-N1-HIDE-INTR-LOC-N5.mp4,N1|HIDE|N5,Ab|PUSH|Aa|N5|N1|REVEAL|HIDE,pekli|zsübe|timó,zsot|vánta|gyék|timó|pekli|girda|zsübe,0,7.268,36.483,timó zsübe pekli,3636.865,0,36,36,36,1,SBJ-N1-HIDE-INTR-LOC-N5.mp4,N1|HIDE|N5,Ab|PUSH|Aa|N5|N1|REVEAL|HIDE,pekli zsübe timó,pekli|zsübe|timó,zsot|vánta|gyék|timó|pekli|girda|zsübe,,,,,,,,,,,,,,,,,,,,,,,,,,,,,,,,,,,,,,,,,,,,,,,,,
,,,,,,,,,,,,,,,,,,,,,,,,,1,,,413753,1964.11.05,2026-04-26_19h31.32.620,BrocantoHPilot1WOSession2,2025.2.4,Win32,120.1923077,,,,,,,,,,,,,,,SBJ.N1 JUMP-INTR LOC.N5,,,3637.484,1,SBJ-N1-JUMP-INTR-LOC-N5.mp4,N1|JUMP|N5,PUSH|N2|N1|N5|GO|JUMP|Aa,pekli|bonip|timó,vánta|murak|pekli|timó|kávler|bonip|gyék,0,9.356,25.773,pekli kávler timó,3667.599,0,37,37,37,1,SBJ-N1-JUMP-INTR-LOC-N5.mp4,N1|JUMP|N5,PUSH|N2|N1|N5|GO|JUMP|Aa,pekli bonip timó,pekli|bonip|timó,vánta|murak|pekli|timó|kávler|bonip|gyék,,,,,,,,,,,,,,,,,,,,,,,,,,,,,,,,,,,,,,,,,,,,,,,,,
,,,,,,,,,,,,,,,,,,,,,,,,,1,,,413753,1964.11.05,2026-04-26_19h31.32.620,BrocantoHPilot1WOSession2,2025.2.4,Win32,120.1923077,,,,,,,,,,,,,,,SBJ.N5 GO-INTR LOC.N3,,,3668.138,1,SBJ-N5-GO-INTR-LOC-N3.mp4,N5|GO|N3,N5|N4|N3|PUSH|GO|HIDE|Aa,timó|kávler|zilép,timó|dabi|zilép|vánta|kávler|zsübe|gyék,0,8.145,34.652,timó vánta zilép,3707.321,0,38,38,38,1,SBJ-N5-GO-INTR-LOC-N3.mp4,N5|GO|N3,N5|N4|N3|PUSH|GO|HIDE|Aa,timó kávler zilép,timó|kávler|zilép,timó|dabi|zilép|vánta|kávler|zsübe|gyék,,,,,,,,,,,,,,,,,,,,,,,,,,,,,,,,,,,,,,,,,,,,,,,,,
,,,,,,,,,,,,,,,,,,,,,,,,,1,,,413753,1964.11.05,2026-04-26_19h31.32.620,BrocantoHPilot1WOSession2,2025.2.4,Win32,120.1923077,,,,,,,,,,,,,,,SBJ.N5 HIDE-INTR LOC.N2,,,3707.869,1,SBJ-N5-HIDE-INTR-LOC-N2.mp4,N5|HIDE|N2,HIDE|N2|JUMP|N5|Aa|N3|Ab,timó|zsübe|murak,zsübe|murak|bonip|timó|gyék|zilép|zsot,0,11.304,38.128,murak timó zsübe,3751.852,0,39,39,39,1,SBJ-N5-HIDE-INTR-LOC-N2.mp4,N5|HIDE|N2,HIDE|N2|JUMP|N5|Aa|N3|Ab,timó zsübe murak,timó|zsübe|murak,zsübe|murak|bonip|timó|gyék|zilép|zsot,,,,,,,,,,,,,,,,,,,,,,,,,,,,,,,,,,,,,,,,,,,,,,,,,
,,,,,,,,,,,,,,,,,,,,,,,,,1,,,413753,1964.11.05,2026-04-26_19h31.32.620,BrocantoHPilot1WOSession2,2025.2.4,Win32,120.1923077,,,,,,,,,,,,,,,OBJ.N5 SBJ.N3 HIDE-TR LOC.N2,,,3752.394,1,OBJ-N5-SBJ-N3-HIDE-TR-LOC-N2.mp4,N5|N3|HIDE|N2,Aa|Ab|PUSH|REVEAL|N3|HIDE|N2|N5,timó|zilép|zsübe|murak,gyék|zsot|vánta|girda|zilép|zsübe|murak|timó,0,8.611,32.668,timó zsübe zilép murak,3796.355,0,40,40,40,1,OBJ-N5-SBJ-N3-HIDE-TR-LOC-N2.mp4,N5|N3|HIDE|N2,Aa|Ab|PUSH|REVEAL|N3|HIDE|N2|N5,timó zilép zsübe murak,timó|zilép|zsübe|murak,gyék|zsot|vánta|girda|zilép|zsübe|murak|timó,,,,,,,,,,,,,,,,,,,,,,,,,,,,,,,,,,,,,,,,,,,,,,,,,
,,,,,,,,,,,,,,,,,,,,,,,,,1,,,413753,1964.11.05,2026-04-26_19h31.32.620,BrocantoHPilot1WOSession2,2025.2.4,Win32,120.1923077,,,,,,,,,,,,,,,Ab OBJ.N5 SBJ.N2 HIDE-TR,,,3796.93,1,Ab-OBJ-N5-SBJ-N2-HIDE-TR.mp4,Ab|N5|N2|HIDE,N1|N5|N4|Ab|HIDE|REVEAL|N2|PUSH,zsot|timó|murak|zsübe,pekli|timó|dabi|zsot|zsübe|girda|murak|vánta,0,8.231,27.047,timó zsübe murak,3829.576,0,41,41,41,1,Ab-OBJ-N5-SBJ-N2-HIDE-TR.mp4,Ab|N5|N2|HIDE,N1|N5|N4|Ab|HIDE|REVEAL|N2|PUSH,zsot timó murak zsübe,zsot|timó|murak|zsübe,pekli|timó|dabi|zsot|zsübe|girda|murak|vánta,,,,,,,,,,,,,,,,,,,,,,,,,,,,,,,,,,,,,,,,,,,,,,,,,
,,,,,,,,,,,,,,,,,,,,,,,,,1,,,413753,1964.11.05,2026-04-26_19h31.32.620,BrocantoHPilot1WOSession2,2025.2.4,Win32,120.1923077,,,,,,,,,,,,,,,,,,,,,,,,,,,,,,,,,,,,,,,,,3856.38,chunkTest_s1,0,1,N2-HIDE.mp3,8,3.097,6,1,4.823,7.029,3865.406,0,0,0,11,1,N2-HIDE.mp3,8,,,,,,,,,,,,,,,,,,,,,,,,,,,,,,
,,,,,,,,,,,,,,,,,,,,,,,,,1,,,413753,1964.11.05,2026-04-26_19h31.32.620,BrocantoHPilot1WOSession2,2025.2.4,Win32,120.1923077,,,,,,,,,,,,,,,,,,,,,,,,,,,,,,,,,,,,,,,,,3865.978,chunkTest_s1,1,1,N4-N4.mp3,0,2.098,1,1,3.748,5.264,3872.604,0,1,1,1,1,N4-N4.mp3,0,,,,,,,,,,,,,,,,,,,,,,,,,,,,,,
,,,,,,,,,,,,,,,,,,,,,,,,,1,,,413753,1964.11.05,2026-04-26_19h31.32.620,BrocantoHPilot1WOSession2,2025.2.4,Win32,120.1923077,,,,,,,,,,,,,,,,,,,,,,,,,,,,,,,,,,,,,,,,,3873.224,chunkTest_s1,2,1,N5-N3.mp3,19,1.935,6,1,3.609,5.803,3880.376,0,2,2,10,1,N5-N3.mp3,19,,,,,,,,,,,,,,,,,,,,,,,,,,,,,,
,,,,,,,,,,,,,,,,,,,,,,,,,1,,,413753,1964.11.05,2026-04-26_19h31.32.620,BrocantoHPilot1WOSession2,2025.2.4,Win32,120.1923077,,,,,,,,,,,,,,,,,,,,,,,,,,,,,,,,,,,,,,,,,3880.892,chunkTest_s1,3,1,JUMP-N5.mp3,1,1.843,3,1,3.836,6.032,3887.955,0,3,3,0,1,JUMP-N5.mp3,1,,,,,,,,,,,,,,,,,,,,,,,,,,,,,,
,,,,,,,,,,,,,,,,,,,,,,,,,1,,,413753,1964.11.05,2026-04-26_19h31.32.620,BrocantoHPilot1WOSession2,2025.2.4,Win32,120.1923077,,,,,,,,,,,,,,,,,,,,,,,,,,,,,,,,,,,,,,,,,3888.544,chunkTest_s1,4,1,N4-N2.mp3,0,14.652,6,3,5.081,18.239,3908.278,0,4,4,8,1,N4-N2.mp3,0,,,,,,,,,,,,,,,,,,,,,,,,,,,,,,
,,,,,,,,,,,,,,,,,,,,,,,,,1,,,413753,1964.11.05,2026-04-26_19h31.32.620,BrocantoHPilot1WOSession2,2025.2.4,Win32,120.1923077,,,,,,,,,,,,,,,,,,,,,,,,,,,,,,,,,,,,,,,,,3908.817,chunkTest_s1,5,1,HIDE-JUMP.mp3,0,1.457,6,1,3.174,5.57,3915.953,0,5,5,14,1,HIDE-JUMP.mp3,0,,,,,,,,,,,,,,,,,,,,,,,,,,,,,,
,,,,,,,,,,,,,,,,,,,,,,,,,1,,,413753,1964.11.05,2026-04-26_19h31.32.620,BrocantoHPilot1WOSession2,2025.2.4,Win32,120.1923077,,,,,,,,,,,,,,,,,,,,,,,,,,,,,,,,,,,,,,,,,3916.48,chunkTest_s1,6,1,REVEAL-N4.mp3,6,1.794,6,1,3.457,6.086,3923.571,0,6,6,2,1,REVEAL-N4.mp3,6,,,,,,,,,,,,,,,,,,,,,,,,,,,,,,
,,,,,,,,,,,,,,,,,,,,,,,,,1,,,413753,1964.11.05,2026-04-26_19h31.32.620,BrocantoHPilot1WOSession2,2025.2.4,Win32,120.1923077,,,,,,,,,,,,,,,,,,,,,,,,,,,,,,,,,,,,,,,,,3924.14,chunkTest_s1,7,1,PUSH-PUSH.mp3,0,1.586,1,1,3.326,4.848,3930.169,0,7,7,16,1,PUSH-PUSH.mp3,0,,,,,,,,,,,,,,,,,,,,,,,,,,,,,,
,,,,,,,,,,,,,,,,,,,,,,,,,1,,,413753,1964.11.05,2026-04-26_19h31.32.620,BrocantoHPilot1WOSession2,2025.2.4,Win32,120.1923077,,,,,,,,,,,,,,,,,,,,,,,,,,,,,,,,,,,,,,,,,3930.7,chunkTest_s1,8,1,N2-N3.mp3,0,2,6,1,5.234,10.232,3942.128,0,8,8,3,1,N2-N3.mp3,0,,,,,,,,,,,,,,,,,,,,,,,,,,,,,,
,,,,,,,,,,,,,,,,,,,,,,,,,1,,,413753,1964.11.05,2026-04-26_19h31.32.620,BrocantoHPilot1WOSession2,2025.2.4,Win32,120.1923077,,,,,,,,,,,,,,,,,,,,,,,,,,,,,,,,,,,,,,,,,3942.632,chunkTest_s1,9,1,N1-N2.mp3,0,1.967,6,1,3.642,5.702,3949.652,0,9,9,18,1,N1-N2.mp3,0,,,,,,,,,,,,,,,,,,,,,,,,,,,,,,
,,,,,,,,,,,,,,,,,,,,,,,,,1,,,413753,1964.11.05,2026-04-26_19h31.32.620,BrocantoHPilot1WOSession2,2025.2.4,Win32,120.1923077,,,,,,,,,,,,,,,,,,,,,,,,,,,,,,,,,,,,,,,,,3950.313,chunkTest_s1,10,1,N4-Aa.mp3,0,1.803,6,1,3.585,7.211,3958.927,0,10,10,6,1,N4-Aa.mp3,0,,,,,,,,,,,,,,,,,,,,,,,,,,,,,,
,,,,,,,,,,,,,,,,,,,,,,,,,1,,,413753,1964.11.05,2026-04-26_19h31.32.620,BrocantoHPilot1WOSession2,2025.2.4,Win32,120.1923077,,,,,,,,,,,,,,,,,,,,,,,,,,,,,,,,,,,,,,,,,3959.488,chunkTest_s1,11,1,N5-Ab.mp3,3,1.693,6,1,3.191,5.16,3966.129,0,11,11,19,1,N5-Ab.mp3,3,,,,,,,,,,,,,,,,,,,,,,,,,,,,,,
,,,,,,,,,,,,,,,,,,,,,,,,,1,,,413753,1964.11.05,2026-04-26_19h31.32.620,BrocantoHPilot1WOSession2,2025.2.4,Win32,120.1923077,,,,,,,,,,,,,,,,,,,,,,,,,,,,,,,,,,,,,,,,,3966.638,chunkTest_s1,12,1,N1-JUMP.mp3,3,1.502,6,1,3.193,4.468,3972.444,0,12,12,5,1,N1-JUMP.mp3,3,,,,,,,,,,,,,,,,,,,,,,,,,,,,,,
,,,,,,,,,,,,,,,,,,,,,,,,,1,,,413753,1964.11.05,2026-04-26_19h31.32.620,BrocantoHPilot1WOSession2,2025.2.4,Win32,120.1923077,,,,,,,,,,,,,,,,,,,,,,,,,,,,,,,,,,,,,,,,,3972.948,chunkTest_s1,13,1,N4-N5.mp3,0,1.683,6,1,3.3,4.684,3978.935,0,13,13,15,1,N4-N5.mp3,0,,,,,,,,,,,,,,,,,,,,,,,,,,,,,,
,,,,,,,,,,,,,,,,,,,,,,,,,1,,,413753,1964.11.05,2026-04-26_19h31.32.620,BrocantoHPilot1WOSession2,2025.2.4,Win32,120.1923077,,,,,,,,,,,,,,,,,,,,,,,,,,,,,,,,,,,,,,,,,3979.44,chunkTest_s1,14,1,GO-N4.mp3,2,1.359,6,1,3.308,5.104,3985.451,0,14,14,12,1,GO-N4.mp3,2,,,,,,,,,,,,,,,,,,,,,,,,,,,,,,
,,,,,,,,,,,,,,,,,,,,,,,,,1,,,413753,1964.11.05,2026-04-26_19h31.32.620,BrocantoHPilot1WOSession2,2025.2.4,Win32,120.1923077,,,,,,,,,,,,,,,,,,,,,,,,,,,,,,,,,,,,,,,,,3985.957,chunkTest_s1,15,1,N1-N1.mp3,0,1.224,1,1,3.157,4.002,3991.051,0,15,15,7,1,N1-N1.mp3,0,,,,,,,,,,,,,,,,,,,,,,,,,,,,,,
,,,,,,,,,,,,,,,,,,,,,,,,,1,,,413753,1964.11.05,2026-04-26_19h31.32.620,BrocantoHPilot1WOSession2,2025.2.4,Win32,120.1923077,,,,,,,,,,,,,,,,,,,,,,,,,,,,,,,,,,,,,,,,,3991.599,chunkTest_s1,16,1,HIDE-N1.mp3,2,1.881,6,1,3.606,7.156,3999.684,0,16,16,4,1,HIDE-N1.mp3,2,,,,,,,,,,,,,,,,,,,,,,,,,,,,,,
,,,,,,,,,,,,,,,,,,,,,,,,,1,,,413753,1964.11.05,2026-04-26_19h31.32.620,BrocantoHPilot1WOSession2,2025.2.4,Win32,120.1923077,,,,,,,,,,,,,,,,,,,,,,,,,,,,,,,,,,,,,,,,,4000.356,chunkTest_s1,17,1,N1-GO.mp3,4,1.518,6,1,3.584,6.933,4008.052,0,17,17,9,1,N1-GO.mp3,4,,,,,,,,,,,,,,,,,,,,,,,,,,,,,,
,,,,,,,,,,,,,,,,,,,,,,,,,1,,,413753,1964.11.05,2026-04-26_19h31.32.620,BrocantoHPilot1WOSession2,2025.2.4,Win32,120.1923077,,,,,,,,,,,,,,,,,,,,,,,,,,,,,,,,,,,,,,,,,4008.627,chunkTest_s1,18,1,GO-PUSH.mp3,0,1.695,1,1,3.67,6.096,4017.633,0,18,18,17,1,GO-PUSH.mp3,0,,,,,,,,,,,,,,,,,,,,,,,,,,,,,,
,,,,,,,,,,,,,,,,,,,,,,,,,1,,,413753,1964.11.05,2026-04-26_19h31.32.620,BrocantoHPilot1WOSession2,2025.2.4,Win32,120.1923077,,,,,,,,,,,,,,,,,,,,,,,,,,,,,,,,,,,,,,,,,4018.218,chunkTest_s1,19,1,REVEAL-N3.mp3,7,1.378,6,1,3.395,4.862,4024.364,0,19,19,13,1,REVEAL-N3.mp3,7,,,,,,,,,,,,,,,,,,,,,,,,,,,,,,
,,,,,,,,,,,,,,,,,,,,,,,,,1,,,413753,1964.11.05,2026-04-26_19h31.32.620,BrocantoHPilot1WOSession2,2025.2.4,Win32,120.1923077,,,,,,,,,,,,,,,,,,,,,,,,,,,,,,,,,,,,,,,,,4050.207,GJTest_s1,0,1,SBJ-N4-REVEAL-INTR-LOC-N3-LOC-N1.mp3,,2.382,6,1,5.63,7.082,4058.607,,,,,,SBJ-N4-REVEAL-INTR-LOC-N3-LOC-N1.mp3,,0,0,0,12,1,,,,,,,,,,,,,,,,,,,,,,,,,
,,,,,,,,,,,,,,,,,,,,,,,,,1,,,413753,1964.11.05,2026-04-26_19h31.32.620,BrocantoHPilot1WOSession2,2025.2.4,Win32,120.1923077,,,,,,,,,,,,,,,,,,,,,,,,,,,,,,,,,,,,,,,,,4059.141,GJTest_s1,1,1,SBJ-N2-Ab-PUSH-TR.mp3,,2.457,6,1,4.837,7.667,4067.967,,,,,,SBJ-N2-Ab-PUSH-TR.mp3,,0,1,1,16,1,,,,,,,,,,,,,,,,,,,,,,,,,
,,,,,,,,,,,,,,,,,,,,,,,,,1,,,413753,1964.11.05,2026-04-26_19h31.32.620,BrocantoHPilot1WOSession2,2025.2.4,Win32,120.1923077,,,,,,,,,,,,,,,,,,,,,,,,,,,,,,,,,,,,,,,,,4068.549,GJTest_s1,2,1,OBJ-N2-Aa-SBJ-N3-PUSH-TR.mp3,0,2.48,6,1,5.6,8.321,4077.757,,,,,,OBJ-N2-Aa-SBJ-N3-PUSH-TR.mp3,0,0,2,2,8,1,,,,,,,,,,,,,,,,,,,,,,,,,
,,,,,,,,,,,,,,,,,,,,,,,,,1,,,413753,1964.11.05,2026-04-26_19h31.32.620,BrocantoHPilot1WOSession2,2025.2.4,Win32,120.1923077,,,,,,,,,,,,,,,,,,,,,,,,,,,,,,,,,,,,,,,,,4078.274,GJTest_s1,3,1,Ab-SBJ-N2-GO-INTR.mp3,0,1.612,6,1,3.895,6.153,4085.555,,,,,,Ab-SBJ-N2-GO-INTR.mp3,0,0,3,3,7,1,,,,,,,,,,,,,,,,,,,,,,,,,
,,,,,,,,,,,,,,,,,,,,,,,,,1,,,413753,1964.11.05,2026-04-26_19h31.32.620,BrocantoHPilot1WOSession2,2025.2.4,Win32,120.1923077,,,,,,,,,,,,,,,,,,,,,,,,,,,,,,,,,,,,,,,,,4086.189,GJTest_s1,4,1,SBJ-N3-Aa-PUSH-TR.mp3,,19.222,3,2,4.597,27.58,4114.955,,,,,,SBJ-N3-Aa-PUSH-TR.mp3,,0,4,4,18,1,,,,,,,,,,,,,,,,,,,,,,,,,
,,,,,,,,,,,,,,,,,,,,,,,,,1,,,413753,1964.11.05,2026-04-26_19h31.32.620,BrocantoHPilot1WOSession2,2025.2.4,Win32,120.1923077,,,,,,,,,,,,,,,,,,,,,,,,,,,,,,,,,,,,,,,,,4115.536,GJTest_s1,5,1,OBJ-N1-SBJ-N5-Ab-JUMP-INTR.mp3,,1.349,6,1,5.026,6.86,4123.749,,,,,,OBJ-N1-SBJ-N5-Ab-JUMP-INTR.mp3,,0,5,5,19,1,,,,,,,,,,,,,,,,,,,,,,,,,
,,,,,,,,,,,,,,,,,,,,,,,,,1,,,413753,1964.11.05,2026-04-26_19h31.32.620,BrocantoHPilot1WOSession2,2025.2.4,Win32,120.1923077,,,,,,,,,,,,,,,,,,,,,,,,,,,,,,,,,,,,,,,,,4124.341,GJTest_s1,6,1,OBJ-N5-SBJ-N4-PUSH-TR.mp3,5,1.469,6,1,3.887,4.762,4130.459,,,,,,OBJ-N5-SBJ-N4-PUSH-TR.mp3,5,0,6,6,4,1,,,,,,,,,,,,,,,,,,,,,,,,,
,,,,,,,,,,,,,,,,,,,,,,,,,1,,,413753,1964.11.05,2026-04-26_19h31.32.620,BrocantoHPilot1WOSession2,2025.2.4,Win32,120.1923077,,,,,,,,,,,,,,,,,,,,,,,,,,,,,,,,,,,,,,,,,4130.989,GJTest_s1,7,1,OBJ-N5-Ab-SBJ-N1-PUSH-TR.mp3,1,1.588,6,1,4.446,5.912,4138.1,,,,,,OBJ-N5-Ab-SBJ-N1-PUSH-TR.mp3,1,0,7,7,1,1,,,,,,,,,,,,,,,,,,,,,,,,,
,,,,,,,,,,,,,,,,,,,,,,,,,1,,,413753,1964.11.05,2026-04-26_19h31.32.620,BrocantoHPilot1WOSession2,2025.2.4,Win32,120.1923077,,,,,,,,,,,,,,,,,,,,,,,,,,,,,,,,,,,,,,,,,4138.602,GJTest_s1,8,1,OBJ-N1-SBJ-N4-Ab-JUMP-INTR.mp3,,1.46,6,1,4.058,5.174,4144.821,,,,,,OBJ-N1-SBJ-N4-Ab-JUMP-INTR.mp3,,0,8,8,15,1,,,,,,,,,,,,,,,,,,,,,,,,,
,,,,,,,,,,,,,,,,,,,,,,,,,1,,,413753,1964.11.05,2026-04-26_19h31.32.620,BrocantoHPilot1WOSession2,2025.2.4,Win32,120.1923077,,,,,,,,,,,,,,,,,,,,,,,,,,,,,,,,,,,,,,,,,4145.447,GJTest_s1,9,1,OBJ-N5-SBJ-N3-HIDE-TR-LOC-N4.mp3,2,1.315,4,1,4.321,7.321,4154.581,,,,,,OBJ-N5-SBJ-N3-HIDE-TR-LOC-N4.mp3,2,0,9,9,3,1,,,,,,,,,,,,,,,,,,,,,,,,,
,,,,,,,,,,,,,,,,,,,,,,,,,1,,,413753,1964.11.05,2026-04-26_19h31.32.620,BrocantoHPilot1WOSession2,2025.2.4,Win32,120.1923077,,,,,,,,,,,,,,,,,,,,,,,,,,,,,,,,,,,,,,,,,4155.201,GJTest_s1,10,1,OBJ-N1-SBJ-N2-Ab-GO-INTR.mp3,,6.091,6,2,5.199,8.825,4165.355,,,,,,OBJ-N1-SBJ-N2-Ab-GO-INTR.mp3,,0,10,10,17,1,,,,,,,,,,,,,,,,,,,,,,,,,
,,,,,,,,,,,,,,,,,,,,,,,,,1,,,413753,1964.11.05,2026-04-26_19h31.32.620,BrocantoHPilot1WOSession2,2025.2.4,Win32,120.1923077,,,,,,,,,,,,,,,,,,,,,,,,,,,,,,,,,,,,,,,,,4165.902,GJTest_s1,11,1,OBJ-N1-SBJ-N3-JUMP-INTR.mp3,,1.257,6,1,3.843,5.165,4172.105,,,,,,OBJ-N1-SBJ-N3-JUMP-INTR.mp3,,0,11,11,10,1,,,,,,,,,,,,,,,,,,,,,,,,,
,,,,,,,,,,,,,,,,,,,,,,,,,1,,,413753,1964.11.05,2026-04-26_19h31.32.620,BrocantoHPilot1WOSession2,2025.2.4,Win32,120.1923077,,,,,,,,,,,,,,,,,,,,,,,,,,,,,,,,,,,,,,,,,4172.729,GJTest_s1,12,1,Ab-SBJ-N1-PUSH-TR.mp3,,1.475,6,1,3.882,5.424,4179.578,,,,,,Ab-SBJ-N1-PUSH-TR.mp3,,0,12,12,11,1,,,,,,,,,,,,,,,,,,,,,,,,,
,,,,,,,,,,,,,,,,,,,,,,,,,1,,,413753,1964.11.05,2026-04-26_19h31.32.620,BrocantoHPilot1WOSession2,2025.2.4,Win32,120.1923077,,,,,,,,,,,,,,,,,,,,,,,,,,,,,,,,,,,,,,,,,4180.098,GJTest_s1,13,1,OBJ-N4-Ab-SBJ-N2-PUSH-TR.mp3,0,1.646,6,1,4.336,5.27,4186.728,,,,,,OBJ-N4-Ab-SBJ-N2-PUSH-TR.mp3,0,0,13,13,6,1,,,,,,,,,,,,,,,,,,,,,,,,,
,,,,,,,,,,,,,,,,,,,,,,,,,1,,,413753,1964.11.05,2026-04-26_19h31.32.620,BrocantoHPilot1WOSession2,2025.2.4,Win32,120.1923077,,,,,,,,,,,,,,,,,,,,,,,,,,,,,,,,,,,,,,,,,4187.304,GJTest_s1,14,1,Ab-SBJ-N5-JUMP-INTR.mp3,0,16.188,6,2,3.95,20.705,4208.888,,,,,,Ab-SBJ-N5-JUMP-INTR.mp3,0,0,14,14,9,1,,,,,,,,,,,,,,,,,,,,,,,,,
,,,,,,,,,,,,,,,,,,,,,,,,,1,,,413753,1964.11.05,2026-04-26_19h31.32.620,BrocantoHPilot1WOSession2,2025.2.4,Win32,120.1923077,,,,,,,,,,,,,,,,,,,,,,,,,,,,,,,,,,,,,,,,,4209.411,GJTest_s1,15,1,SBJ-N4-REVEAL-INTR-LOC-N3.mp3,4,7.205,6,2,4.18,11.788,4222.102,,,,,,SBJ-N4-REVEAL-INTR-LOC-N3.mp3,4,0,15,15,2,1,,,,,,,,,,,,,,,,,,,,,,,,,
,,,,,,,,,,,,,,,,,,,,,,,,,1,,,413753,1964.11.05,2026-04-26_19h31.32.620,BrocantoHPilot1WOSession2,2025.2.4,Win32,120.1923077,,,,,,,,,,,,,,,,,,,,,,,,,,,,,,,,,,,,,,,,,4222.623,GJTest_s1,16,1,HIDE-TR-LOC-N4.mp3,,1.568,3,1,4.035,7.026,4230.998,,,,,,HIDE-TR-LOC-N4.mp3,,0,16,16,13,1,,,,,,,,,,,,,,,,,,,,,,,,,
,,,,,,,,,,,,,,,,,,,,,,,,,1,,,413753,1964.11.05,2026-04-26_19h31.32.620,BrocantoHPilot1WOSession2,2025.2.4,Win32,120.1923077,,,,,,,,,,,,,,,,,,,,,,,,,,,,,,,,,,,,,,,,,4231.56,GJTest_s1,17,1,Ab-SBJ-N4-JUMP-INTR.mp3,0,1.482,6,1,3.38,5.963,4238.369,,,,,,Ab-SBJ-N4-JUMP-INTR.mp3,0,0,17,17,5,1,,,,,,,,,,,,,,,,,,,,,,,,,
,,,,,,,,,,,,,,,,,,,,,,,,,1,,,413753,1964.11.05,2026-04-26_19h31.32.620,BrocantoHPilot1WOSession2,2025.2.4,Win32,120.1923077,,,,,,,,,,,,,,,,,,,,,,,,,,,,,,,,,,,,,,,,,4238.933,GJTest_s1,18,1,SBJ-N3-JUMP-INTR.mp3,6,1.475,6,1,3.325,6.976,4247.059,,,,,,SBJ-N3-JUMP-INTR.mp3,6,0,18,18,0,1,,,,,,,,,,,,,,,,,,,,,,,,,
,,,,,,,,,,,,,,,,,,,,,,,,,1,,,413753,1964.11.05,2026-04-26_19h31.32.620,BrocantoHPilot1WOSession2,2025.2.4,Win32,120.1923077,,,,,,,,,,,,,,,,,,,,,,,,,,,,,,,,,,,,,,,,,4247.595,GJTest_s1,19,1,SBJ-N4-PUSH-TR.mp3,,1.737,6,1,3.411,23.794,4272.968,,,,,,SBJ-N4-PUSH-TR.mp3,,0,19,19,14,1,,,,,,,,,,,,,,,,,,,,,,,,,
,,,,,,,,,,,,4274.676,2,OBJ-N5-SBJ-N4-PUSH-TR-LOC-N1.mp4,OBJ-N5-SBJ-N4-PUSH-TR-LOC-N1.mp3,4311.585,mouse_continue,36.908,,,,,,,2,OBJ-N5-SBJ-N4-PUSH-TR-LOC-N1.mp4,OBJ-N5-SBJ-N4-PUSH-TR-LOC-N1.mp3,413753,1964.11.05,2026-04-26_19h31.32.620,BrocantoHPilot1WOSession2,2025.2.4,Win32,120.1923077,,,,,,,,,,,,,,,,,,,,,,,,,,,,,,,,,,,,,,,,,,,,,,,,,,,,,,,,,,,,,,,,,0,0,0,0,1,,,,,,,,,,,,,,,,,,,,
,,,,,,,,,,,,4311.586,2,SBJ-N3-REVEAL-INTR-LOC-N2.mp4,SBJ-N3-REVEAL-INTR-LOC-N2.mp3,4319.021,mouse_continue,7.435,,,,,,,2,SBJ-N3-REVEAL-INTR-LOC-N2.mp4,SBJ-N3-REVEAL-INTR-LOC-N2.mp3,413753,1964.11.05,2026-04-26_19h31.32.620,BrocantoHPilot1WOSession2,2025.2.4,Win32,120.1923077,,,,,,,,,,,,,,,,,,,,,,,,,,,,,,,,,,,,,,,,,,,,,,,,,,,,,,,,,,,,,,,,,0,1,1,1,1,,,,,,,,,,,,,,,,,,,,
,,,,,,,,,,,,4319.022,2,OBJ-N5-SBJ-N4-REVEAL-TR-LOC-N1.mp4,OBJ-N5-SBJ-N4-REVEAL-TR-LOC-N1.mp3,4325.972,mouse_continue,6.95,,,,,,,2,OBJ-N5-SBJ-N4-REVEAL-TR-LOC-N1.mp4,OBJ-N5-SBJ-N4-REVEAL-TR-LOC-N1.mp3,413753,1964.11.05,2026-04-26_19h31.32.620,BrocantoHPilot1WOSession2,2025.2.4,Win32,120.1923077,,,,,,,,,,,,,,,,,,,,,,,,,,,,,,,,,,,,,,,,,,,,,,,,,,,,,,,,,,,,,,,,,0,2,2,2,1,,,,,,,,,,,,,,,,,,,,
,,,,,,,,,,,,4325.973,2,SBJ-N5-REVEAL-INTR-LOC-N3.mp4,SBJ-N5-REVEAL-INTR-LOC-N3.mp3,4332.045,mouse_continue,6.072,,,,,,,2,SBJ-N5-REVEAL-INTR-LOC-N3.mp4,SBJ-N5-REVEAL-INTR-LOC-N3.mp3,413753,1964.11.05,2026-04-26_19h31.32.620,BrocantoHPilot1WOSession2,2025.2.4,Win32,120.1923077,,,,,,,,,,,,,,,,,,,,,,,,,,,,,,,,,,,,,,,,,,,,,,,,,,,,,,,,,,,,,,,,,0,3,3,3,1,,,,,,,,,,,,,,,,,,,,
,,,,,,,,,,,,4332.046,2,Ab-SBJ-N1-GO-INTR.mp4,Ab-SBJ-N1-GO-INTR.mp3,4338.142,mouse_continue,6.096,,,,,,,2,Ab-SBJ-N1-GO-INTR.mp4,Ab-SBJ-N1-GO-INTR.mp3,413753,1964.11.05,2026-04-26_19h31.32.620,BrocantoHPilot1WOSession2,2025.2.4,Win32,120.1923077,,,,,,,,,,,,,,,,,,,,,,,,,,,,,,,,,,,,,,,,,,,,,,,,,,,,,,,,,,,,,,,,,0,4,4,4,1,,,,,,,,,,,,,,,,,,,,
,,,,,,,,,,,,4338.143,2,Ab-OBJ-N5-SBJ-N2-HIDE-TR.mp4,Ab-OBJ-N5-SBJ-N2-HIDE-TR.mp3,4344.583,mouse_continue,6.441,,,,,,,2,Ab-OBJ-N5-SBJ-N2-HIDE-TR.mp4,Ab-OBJ-N5-SBJ-N2-HIDE-TR.mp3,413753,1964.11.05,2026-04-26_19h31.32.620,BrocantoHPilot1WOSession2,2025.2.4,Win32,120.1923077,,,,,,,,,,,,,,,,,,,,,,,,,,,,,,,,,,,,,,,,,,,,,,,,,,,,,,,,,,,,,,,,,0,5,5,5,1,,,,,,,,,,,,,,,,,,,,
,,,,,,,,,,,,4344.584,2,Ab-SBJ-N3-HIDE-INTR.mp4,Ab-SBJ-N3-HIDE-INTR.mp3,4350.891,mouse_continue,6.307,,,,,,,2,Ab-SBJ-N3-HIDE-INTR.mp4,Ab-SBJ-N3-HIDE-INTR.mp3,413753,1964.11.05,2026-04-26_19h31.32.620,BrocantoHPilot1WOSession2,2025.2.4,Win32,120.1923077,,,,,,,,,,,,,,,,,,,,,,,,,,,,,,,,,,,,,,,,,,,,,,,,,,,,,,,,,,,,,,,,,0,6,6,6,1,,,,,,,,,,,,,,,,,,,,
,,,,,,,,,,,,4350.892,2,OBJ-N5-SBJ-N4-PUSH-TR-LOC-N1.mp4,OBJ-N5-SBJ-N4-PUSH-TR-LOC-N1.mp3,4356.765,mouse_continue,5.874,,,,,,,2,OBJ-N5-SBJ-N4-PUSH-TR-LOC-N1.mp4,OBJ-N5-SBJ-N4-PUSH-TR-LOC-N1.mp3,413753,1964.11.05,2026-04-26_19h31.32.620,BrocantoHPilot1WOSession2,2025.2.4,Win32,120.1923077,,,,,,,,,,,,,,,,,,,,,,,,,,,,,,,,,,,,,,,,,,,,,,,,,,,,,,,,,,,,,,,,,0,7,7,7,1,,,,,,,,,,,,,,,,,,,,
,,,,,,,,,,,,4356.765,2,OBJ-N5-SBJ-N4-REVEAL-TR.mp4,OBJ-N5-SBJ-N4-REVEAL-TR.mp3,4362.516,mouse_continue,5.751,,,,,,,2,OBJ-N5-SBJ-N4-REVEAL-TR.mp4,OBJ-N5-SBJ-N4-REVEAL-TR.mp3,413753,1964.11.05,2026-04-26_19h31.32.620,BrocantoHPilot1WOSession2,2025.2.4,Win32,120.1923077,,,,,,,,,,,,,,,,,,,,,,,,,,,,,,,,,,,,,,,,,,,,,,,,,,,,,,,,,,,,,,,,,0,8,8,8,1,,,,,,,,,,,,,,,,,,,,
,,,,,,,,,,,,4362.517,2,SBJ-N5-REVEAL-INTR-LOC-N4.mp4,SBJ-N5-REVEAL-INTR-LOC-N4.mp3,4368.406,mouse_continue,5.889,,,,,,,2,SBJ-N5-REVEAL-INTR-LOC-N4.mp4,SBJ-N5-REVEAL-INTR-LOC-N4.mp3,413753,1964.11.05,2026-04-26_19h31.32.620,BrocantoHPilot1WOSession2,2025.2.4,Win32,120.1923077,,,,,,,,,,,,,,,,,,,,,,,,,,,,,,,,,,,,,,,,,,,,,,,,,,,,,,,,,,,,,,,,,0,9,9,9,1,,,,,,,,,,,,,,,,,,,,
,,,,,,,,,,,,4368.407,2,SBJ-N5-GO-INTR.mp4,SBJ-N5-GO-INTR.mp3,4374.334,mouse_continue,5.927,,,,,,,2,SBJ-N5-GO-INTR.mp4,SBJ-N5-GO-INTR.mp3,413753,1964.11.05,2026-04-26_19h31.32.620,BrocantoHPilot1WOSession2,2025.2.4,Win32,120.1923077,,,,,,,,,,,,,,,,,,,,,,,,,,,,,,,,,,,,,,,,,,,,,,,,,,,,,,,,,,,,,,,,,0,10,10,10,1,,,,,,,,,,,,,,,,,,,,
,,,,,,,,,,,,4374.335,2,OBJ-N5-SBJ-N3-HIDE-TR.mp4,OBJ-N5-SBJ-N3-HIDE-TR.mp3,4381.994,mouse_continue,7.658,,,,,,,2,OBJ-N5-SBJ-N3-HIDE-TR.mp4,OBJ-N5-SBJ-N3-HIDE-TR.mp3,413753,1964.11.05,2026-04-26_19h31.32.620,BrocantoHPilot1WOSession2,2025.2.4,Win32,120.1923077,,,,,,,,,,,,,,,,,,,,,,,,,,,,,,,,,,,,,,,,,,,,,,,,,,,,,,,,,,,,,,,,,0,11,11,11,1,,,,,,,,,,,,,,,,,,,,
,,,,,,,,,,,,4381.994,2,OBJ-N5-SBJ-N4-HIDE-TR-LOC-N1.mp4,OBJ-N5-SBJ-N4-HIDE-TR-LOC-N1.mp3,4388.344,mouse_continue,6.349,,,,,,,2,OBJ-N5-SBJ-N4-HIDE-TR-LOC-N1.mp4,OBJ-N5-SBJ-N4-HIDE-TR-LOC-N1.mp3,413753,1964.11.05,2026-04-26_19h31.32.620,BrocantoHPilot1WOSession2,2025.2.4,Win32,120.1923077,,,,,,,,,,,,,,,,,,,,,,,,,,,,,,,,,,,,,,,,,,,,,,,,,,,,,,,,,,,,,,,,,0,12,12,12,1,,,,,,,,,,,,,,,,,,,,
,,,,,,,,,,,,4388.345,2,OBJ-N5-SBJ-N3-PUSH-TR-LOC-N1.mp4,OBJ-N5-SBJ-N3-PUSH-TR-LOC-N1.mp3,4394.86,mouse_continue,6.515,,,,,,,2,OBJ-N5-SBJ-N3-PUSH-TR-LOC-N1.mp4,OBJ-N5-SBJ-N3-PUSH-TR-LOC-N1.mp3,413753,1964.11.05,2026-04-26_19h31.32.620,BrocantoHPilot1WOSession2,2025.2.4,Win32,120.1923077,,,,,,,,,,,,,,,,,,,,,,,,,,,,,,,,,,,,,,,,,,,,,,,,,,,,,,,,,,,,,,,,,0,13,13,13,1,,,,,,,,,,,,,,,,,,,,
,,,,,,,,,,,,4394.861,2,OBJ-N5-Ab-SBJ-N2-REVEAL-TR.mp4,OBJ-N5-Ab-SBJ-N2-REVEAL-TR.mp3,4400.908,mouse_continue,6.047,,,,,,,2,OBJ-N5-Ab-SBJ-N2-REVEAL-TR.mp4,OBJ-N5-Ab-SBJ-N2-REVEAL-TR.mp3,413753,1964.11.05,2026-04-26_19h31.32.620,BrocantoHPilot1WOSession2,2025.2.4,Win32,120.1923077,,,,,,,,,,,,,,,,,,,,,,,,,,,,,,,,,,,,,,,,,,,,,,,,,,,,,,,,,,,,,,,,,0,14,14,14,1,,,,,,,,,,,,,,,,,,,,
,,,,,,,,,,,,4400.909,2,SBJ-N4-JUMP-INTR.mp4,SBJ-N4-JUMP-INTR.mp3,4406.704,mouse_continue,5.795,,,,,,,2,SBJ-N4-JUMP-INTR.mp4,SBJ-N4-JUMP-INTR.mp3,413753,1964.11.05,2026-04-26_19h31.32.620,BrocantoHPilot1WOSession2,2025.2.4,Win32,120.1923077,,,,,,,,,,,,,,,,,,,,,,,,,,,,,,,,,,,,,,,,,,,,,,,,,,,,,,,,,,,,,,,,,0,15,15,15,1,,,,,,,,,,,,,,,,,,,,
,,,,,,,,,,,,4406.705,2,Ab-SBJ-N4-JUMP-INTR.mp4,Ab-SBJ-N4-JUMP-INTR.mp3,4412.508,mouse_continue,5.804,,,,,,,2,Ab-SBJ-N4-JUMP-INTR.mp4,Ab-SBJ-N4-JUMP-INTR.mp3,413753,1964.11.05,2026-04-26_19h31.32.620,BrocantoHPilot1WOSession2,2025.2.4,Win32,120.1923077,,,,,,,,,,,,,,,,,,,,,,,,,,,,,,,,,,,,,,,,,,,,,,,,,,,,,,,,,,,,,,,,,0,16,16,16,1,,,,,,,,,,,,,,,,,,,,
,,,,,,,,,,,,4412.51,2,SBJ-N4-GO-INTR-LOC-N1.mp4,SBJ-N4-GO-INTR-LOC-N1.mp3,4418.295,mouse_continue,5.785,,,,,,,2,SBJ-N4-GO-INTR-LOC-N1.mp4,SBJ-N4-GO-INTR-LOC-N1.mp3,413753,1964.11.05,2026-04-26_19h31.32.620,BrocantoHPilot1WOSession2,2025.2.4,Win32,120.1923077,,,,,,,,,,,,,,,,,,,,,,,,,,,,,,,,,,,,,,,,,,,,,,,,,,,,,,,,,,,,,,,,,0,17,17,17,1,,,,,,,,,,,,,,,,,,,,
,,,,,,,,,,,,4418.296,2,SBJ-N3-HIDE-INTR-LOC-N5.mp4,SBJ-N3-HIDE-INTR-LOC-N5.mp3,4424.995,mouse_continue,6.698,,,,,,,2,SBJ-N3-HIDE-INTR-LOC-N5.mp4,SBJ-N3-HIDE-INTR-LOC-N5.mp3,413753,1964.11.05,2026-04-26_19h31.32.620,BrocantoHPilot1WOSession2,2025.2.4,Win32,120.1923077,,,,,,,,,,,,,,,,,,,,,,,,,,,,,,,,,,,,,,,,,,,,,,,,,,,,,,,,,,,,,,,,,0,18,18,18,1,,,,,,,,,,,,,,,,,,,,
,,,,,,,,,,,,4424.995,2,SBJ-N1-JUMP-INTR-LOC-N2.mp4,SBJ-N1-JUMP-INTR-LOC-N2.mp3,4430.946,mouse_continue,5.951,,,,,,,2,SBJ-N1-JUMP-INTR-LOC-N2.mp4,SBJ-N1-JUMP-INTR-LOC-N2.mp3,413753,1964.11.05,2026-04-26_19h31.32.620,BrocantoHPilot1WOSession2,2025.2.4,Win32,120.1923077,,,,,,,,,,,,,,,,,,,,,,,,,,,,,,,,,,,,,,,,,,,,,,,,,,,,,,,,,,,,,,,,,0,19,19,19,1,,,,,,,,,,,,,,,,,,,,
,,,,,,,,,,,,4430.947,2,OBJ-N5-Ab-SBJ-N4-REVEAL-TR.mp4,OBJ-N5-Ab-SBJ-N4-REVEAL-TR.mp3,4436.969,mouse_continue,6.023,,,,,,,2,OBJ-N5-Ab-SBJ-N4-REVEAL-TR.mp4,OBJ-N5-Ab-SBJ-N4-REVEAL-TR.mp3,413753,1964.11.05,2026-04-26_19h31.32.620,BrocantoHPilot1WOSession2,2025.2.4,Win32,120.1923077,,,,,,,,,,,,,,,,,,,,,,,,,,,,,,,,,,,,,,,,,,,,,,,,,,,,,,,,,,,,,,,,,0,20,20,20,1,,,,,,,,,,,,,,,,,,,,
,,,,,,,,,,,,4436.969,2,OBJ-N5-SBJ-N3-HIDE-TR-LOC-N2.mp4,OBJ-N5-SBJ-N3-HIDE-TR-LOC-N2.mp3,4444.009,mouse_continue,7.04,,,,,,,2,OBJ-N5-SBJ-N3-HIDE-TR-LOC-N2.mp4,OBJ-N5-SBJ-N3-HIDE-TR-LOC-N2.mp3,413753,1964.11.05,2026-04-26_19h31.32.620,BrocantoHPilot1WOSession2,2025.2.4,Win32,120.1923077,,,,,,,,,,,,,,,,,,,,,,,,,,,,,,,,,,,,,,,,,,,,,,,,,,,,,,,,,,,,,,,,,0,21,21,21,1,,,,,,,,,,,,,,,,,,,,
,,,,,,,,,,,,4444.01,2,Ab-SBJ-N5-REVEAL-INTR-Ab-LOC-N4.mp4,Ab-SBJ-N5-REVEAL-INTR-Ab-LOC-N4.mp3,4452.186,mouse_continue,8.176,,,,,,,2,Ab-SBJ-N5-REVEAL-INTR-Ab-LOC-N4.mp4,Ab-SBJ-N5-REVEAL-INTR-Ab-LOC-N4.mp3,413753,1964.11.05,2026-04-26_19h31.32.620,BrocantoHPilot1WOSession2,2025.2.4,Win32,120.1923077,,,,,,,,,,,,,,,,,,,,,,,,,,,,,,,,,,,,,,,,,,,,,,,,,,,,,,,,,,,,,,,,,0,22,22,22,1,,,,,,,,,,,,,,,,,,,,
,,,,,,,,,,,,4452.187,2,OBJ-N5-Ab-SBJ-N4-PUSH-TR-Ab-LOC-N2.mp4,OBJ-N5-Ab-SBJ-N4-PUSH-TR-Ab-LOC-N2.mp3,4458.167,mouse_continue,5.979,,,,,,,2,OBJ-N5-Ab-SBJ-N4-PUSH-TR-Ab-LOC-N2.mp4,OBJ-N5-Ab-SBJ-N4-PUSH-TR-Ab-LOC-N2.mp3,413753,1964.11.05,2026-04-26_19h31.32.620,BrocantoHPilot1WOSession2,2025.2.4,Win32,120.1923077,,,,,,,,,,,,,,,,,,,,,,,,,,,,,,,,,,,,,,,,,,,,,,,,,,,,,,,,,,,,,,,,,0,23,23,23,1,,,,,,,,,,,,,,,,,,,,
,,,,,,,,,,,,4458.167,2,OBJ-N5-Ab-SBJ-N2-REVEAL-TR-LOC-N4.mp4,OBJ-N5-Ab-SBJ-N2-REVEAL-TR-LOC-N4.mp3,4464.787,mouse_continue,6.62,,,,,,,2,OBJ-N5-Ab-SBJ-N2-REVEAL-TR-LOC-N4.mp4,OBJ-N5-Ab-SBJ-N2-REVEAL-TR-LOC-N4.mp3,413753,1964.11.05,2026-04-26_19h31.32.620,BrocantoHPilot1WOSession2,2025.2.4,Win32,120.1923077,,,,,,,,,,,,,,,,,,,,,,,,,,,,,,,,,,,,,,,,,,,,,,,,,,,,,,,,,,,,,,,,,0,24,24,24,1,,,,,,,,,,,,,,,,,,,,
,,,,,,,,,,,,4464.788,2,SBJ-N5-REVEAL-INTR-LOC-N3.mp4,SBJ-N5-REVEAL-INTR-LOC-N3.mp3,4471.568,mouse_continue,6.781,,,,,,,2,SBJ-N5-REVEAL-INTR-LOC-N3.mp4,SBJ-N5-REVEAL-INTR-LOC-N3.mp3,413753,1964.11.05,2026-04-26_19h31.32.620,BrocantoHPilot1WOSession2,2025.2.4,Win32,120.1923077,,,,,,,,,,,,,,,,,,,,,,,,,,,,,,,,,,,,,,,,,,,,,,,,,,,,,,,,,,,,,,,,,0,25,25,25,1,,,,,,,,,,,,,,,,,,,,
,,,,,,,,,,,,4471.569,2,OBJ-N5-SBJ-N1-PUSH-TR.mp4,OBJ-N5-SBJ-N1-PUSH-TR.mp3,4479.829,mouse_continue,8.26,,,,,,,2,OBJ-N5-SBJ-N1-PUSH-TR.mp4,OBJ-N5-SBJ-N1-PUSH-TR.mp3,413753,1964.11.05,2026-04-26_19h31.32.620,BrocantoHPilot1WOSession2,2025.2.4,Win32,120.1923077,,,,,,,,,,,,,,,,,,,,,,,,,,,,,,,,,,,,,,,,,,,,,,,,,,,,,,,,,,,,,,,,,0,26,26,26,1,,,,,,,,,,,,,,,,,,,,
,,,,,,,,,,,,4479.83,2,SBJ-N1-GO-INTR.mp4,SBJ-N1-GO-INTR.mp3,4487.053,mouse_continue,7.222,,,,,,,2,SBJ-N1-GO-INTR.mp4,SBJ-N1-GO-INTR.mp3,413753,1964.11.05,2026-04-26_19h31.32.620,BrocantoHPilot1WOSession2,2025.2.4,Win32,120.1923077,,,,,,,,,,,,,,,,,,,,,,,,,,,,,,,,,,,,,,,,,,,,,,,,,,,,,,,,,,,,,,,,,0,27,27,27,1,,,,,,,,,,,,,,,,,,,,
,,,,,,,,,,,,4487.053,2,OBJ-N5-SBJ-N1-REVEAL-TR-LOC-N2.mp4,OBJ-N5-SBJ-N1-REVEAL-TR-LOC-N2.mp3,4493.555,mouse_continue,6.501,,,,,,,2,OBJ-N5-SBJ-N1-REVEAL-TR-LOC-N2.mp4,OBJ-N5-SBJ-N1-REVEAL-TR-LOC-N2.mp3,413753,1964.11.05,2026-04-26_19h31.32.620,BrocantoHPilot1WOSession2,2025.2.4,Win32,120.1923077,,,,,,,,,,,,,,,,,,,,,,,,,,,,,,,,,,,,,,,,,,,,,,,,,,,,,,,,,,,,,,,,,0,28,28,28,1,,,,,,,,,,,,,,,,,,,,
,,,,,,,,,,,,4493.556,2,Ab-SBJ-N4-REVEAL-INTR-Ab-LOC-N5.mp4,Ab-SBJ-N4-REVEAL-INTR-Ab-LOC-N5.mp3,4501.435,mouse_continue,7.88,,,,,,,2,Ab-SBJ-N4-REVEAL-INTR-Ab-LOC-N5.mp4,Ab-SBJ-N4-REVEAL-INTR-Ab-LOC-N5.mp3,413753,1964.11.05,2026-04-26_19h31.32.620,BrocantoHPilot1WOSession2,2025.2.4,Win32,120.1923077,,,,,,,,,,,,,,,,,,,,,,,,,,,,,,,,,,,,,,,,,,,,,,,,,,,,,,,,,,,,,,,,,0,29,29,29,1,,,,,,,,,,,,,,,,,,,,
,,,,,,,,,,,,4501.436,2,OBJ-N5-SBJ-N4-HIDE-TR-Ab-LOC-N1.mp4,OBJ-N5-SBJ-N4-HIDE-TR-Ab-LOC-N1.mp3,4507.851,mouse_continue,6.413,,,,,,,2,OBJ-N5-SBJ-N4-HIDE-TR-Ab-LOC-N1.mp4,OBJ-N5-SBJ-N4-HIDE-TR-Ab-LOC-N1.mp3,413753,1964.11.05,2026-04-26_19h31.32.620,BrocantoHPilot1WOSession2,2025.2.4,Win32,120.1923077,,,,,,,,,,,,,,,,,,,,,,,,,,,,,,,,,,,,,,,,,,,,,,,,,,,,,,,,,,,,,,,,,0,30,30,30,1,,,,,,,,,,,,,,,,,,,,
,,,,,,,,,,,,4507.852,2,OBJ-N5-Ab-SBJ-N2-REVEAL-TR.mp4,OBJ-N5-Ab-SBJ-N2-REVEAL-TR.mp3,4513.947,mouse_continue,6.094,,,,,,,2,OBJ-N5-Ab-SBJ-N2-REVEAL-TR.mp4,OBJ-N5-Ab-SBJ-N2-REVEAL-TR.mp3,413753,1964.11.05,2026-04-26_19h31.32.620,BrocantoHPilot1WOSession2,2025.2.4,Win32,120.1923077,,,,,,,,,,,,,,,,,,,,,,,,,,,,,,,,,,,,,,,,,,,,,,,,,,,,,,,,,,,,,,,,,0,31,31,31,1,,,,,,,,,,,,,,,,,,,,
,,,,,,,,,,,,4513.947,2,Ab-SBJ-N1-HIDE-INTR.mp4,Ab-SBJ-N1-HIDE-INTR.mp3,4520.503,mouse_continue,6.556,,,,,,,2,Ab-SBJ-N1-HIDE-INTR.mp4,Ab-SBJ-N1-HIDE-INTR.mp3,413753,1964.11.05,2026-04-26_19h31.32.620,BrocantoHPilot1WOSession2,2025.2.4,Win32,120.1923077,,,,,,,,,,,,,,,,,,,,,,,,,,,,,,,,,,,,,,,,,,,,,,,,,,,,,,,,,,,,,,,,,0,32,32,32,1,,,,,,,,,,,,,,,,,,,,
,,,,,,,,,,,,4520.504,2,OBJ-N5-SBJ-N4-HIDE-TR-LOC-N2.mp4,OBJ-N5-SBJ-N4-HIDE-TR-LOC-N2.mp3,4526.756,mouse_continue,6.252,,,,,,,2,OBJ-N5-SBJ-N4-HIDE-TR-LOC-N2.mp4,OBJ-N5-SBJ-N4-HIDE-TR-LOC-N2.mp3,413753,1964.11.05,2026-04-26_19h31.32.620,BrocantoHPilot1WOSession2,2025.2.4,Win32,120.1923077,,,,,,,,,,,,,,,,,,,,,,,,,,,,,,,,,,,,,,,,,,,,,,,,,,,,,,,,,,,,,,,,,0,33,33,33,1,,,,,,,,,,,,,,,,,,,,
,,,,,,,,,,,,4526.757,2,SBJ-N4-JUMP-INTR.mp4,SBJ-N4-JUMP-INTR.mp3,4532.606,mouse_continue,5.848,,,,,,,2,SBJ-N4-JUMP-INTR.mp4,SBJ-N4-JUMP-INTR.mp3,413753,1964.11.05,2026-04-26_19h31.32.620,BrocantoHPilot1WOSession2,2025.2.4,Win32,120.1923077,,,,,,,,,,,,,,,,,,,,,,,,,,,,,,,,,,,,,,,,,,,,,,,,,,,,,,,,,,,,,,,,,0,34,34,34,1,,,,,,,,,,,,,,,,,,,,
,,,,,,,,,,,,4532.606,2,OBJ-N5-SBJ-N1-PUSH-TR.mp4,OBJ-N5-SBJ-N1-PUSH-TR.mp3,4538.604,mouse_continue,5.998,,,,,,,2,OBJ-N5-SBJ-N1-PUSH-TR.mp4,OBJ-N5-SBJ-N1-PUSH-TR.mp3,413753,1964.11.05,2026-04-26_19h31.32.620,BrocantoHPilot1WOSession2,2025.2.4,Win32,120.1923077,,,,,,,,,,,,,,,,,,,,,,,,,,,,,,,,,,,,,,,,,,,,,,,,,,,,,,,,,,,,,,,,,0,35,35,35,1,,,,,,,,,,,,,,,,,,,,
,,,,,,,,,,,,4538.605,2,Ab-SBJ-N4-GO-INTR.mp4,Ab-SBJ-N4-GO-INTR.mp3,4544.824,mouse_continue,6.219,,,,,,,2,Ab-SBJ-N4-GO-INTR.mp4,Ab-SBJ-N4-GO-INTR.mp3,413753,1964.11.05,2026-04-26_19h31.32.620,BrocantoHPilot1WOSession2,2025.2.4,Win32,120.1923077,,,,,,,,,,,,,,,,,,,,,,,,,,,,,,,,,,,,,,,,,,,,,,,,,,,,,,,,,,,,,,,,,0,36,36,36,1,,,,,,,,,,,,,,,,,,,,
,,,,,,,,,,,,4544.825,2,Ab-SBJ-N2-HIDE-INTR-LOC-N1.mp4,Ab-SBJ-N2-HIDE-INTR-LOC-N1.mp3,4550.697,mouse_continue,5.872,,,,,,,2,Ab-SBJ-N2-HIDE-INTR-LOC-N1.mp4,Ab-SBJ-N2-HIDE-INTR-LOC-N1.mp3,413753,1964.11.05,2026-04-26_19h31.32.620,BrocantoHPilot1WOSession2,2025.2.4,Win32,120.1923077,,,,,,,,,,,,,,,,,,,,,,,,,,,,,,,,,,,,,,,,,,,,,,,,,,,,,,,,,,,,,,,,,0,37,37,37,1,,,,,,,,,,,,,,,,,,,,
,,,,,,,,,,,,4550.698,2,Ab-SBJ-N3-JUMP-INTR-Ab-LOC-N4.mp4,Ab-SBJ-N3-JUMP-INTR-Ab-LOC-N4.mp3,4557.739,mouse_continue,7.04,,,,,,,2,Ab-SBJ-N3-JUMP-INTR-Ab-LOC-N4.mp4,Ab-SBJ-N3-JUMP-INTR-Ab-LOC-N4.mp3,413753,1964.11.05,2026-04-26_19h31.32.620,BrocantoHPilot1WOSession2,2025.2.4,Win32,120.1923077,,,,,,,,,,,,,,,,,,,,,,,,,,,,,,,,,,,,,,,,,,,,,,,,,,,,,,,,,,,,,,,,,0,38,38,38,1,,,,,,,,,,,,,,,,,,,,
,,,,,,,,,,,,4557.739,2,Aa-SBJ-N4-GO-INTR-Aa-LOC-N5.mp4,Aa-SBJ-N4-GO-INTR-Aa-LOC-N5.mp3,4564.481,mouse_continue,6.742,,,,,,,2,Aa-SBJ-N4-GO-INTR-Aa-LOC-N5.mp4,Aa-SBJ-N4-GO-INTR-Aa-LOC-N5.mp3,413753,1964.11.05,2026-04-26_19h31.32.620,BrocantoHPilot1WOSession2,2025.2.4,Win32,120.1923077,,,,,,,,,,,,,,,,,,,,,,,,,,,,,,,,,,,,,,,,,,,,,,,,,,,,,,,,,,,,,,,,,0,39,39,39,1,,,,,,,,,,,,,,,,,,,,
,,,,,,,,,,,,4564.482,2,OBJ-N5-SBJ-N2-PUSH-TR-Ab-LOC-N4.mp4,OBJ-N5-SBJ-N2-PUSH-TR-Ab-LOC-N4.mp3,4572.351,mouse_continue,7.868,,,,,,,2,OBJ-N5-SBJ-N2-PUSH-TR-Ab-LOC-N4.mp4,OBJ-N5-SBJ-N2-PUSH-TR-Ab-LOC-N4.mp3,413753,1964.11.05,2026-04-26_19h31.32.620,BrocantoHPilot1WOSession2,2025.2.4,Win32,120.1923077,,,,,,,,,,,,,,,,,,,,,,,,,,,,,,,,,,,,,,,,,,,,,,,,,,,,,,,,,,,,,,,,,0,40,40,40,1,,,,,,,,,,,,,,,,,,,,
,,,,,,,,,,,,4572.352,2,OBJ-N5-SBJ-N4-REVEAL-TR.mp4,OBJ-N5-SBJ-N4-REVEAL-TR.mp3,4578.214,mouse_continue,5.861,,,,,,,2,OBJ-N5-SBJ-N4-REVEAL-TR.mp4,OBJ-N5-SBJ-N4-REVEAL-TR.mp3,413753,1964.11.05,2026-04-26_19h31.32.620,BrocantoHPilot1WOSession2,2025.2.4,Win32,120.1923077,,,,,,,,,,,,,,,,,,,,,,,,,,,,,,,,,,,,,,,,,,,,,,,,,,,,,,,,,,,,,,,,,0,41,41,41,1,,,,,,,,,,,,,,,,,,,,
,,,,,,,,,,,,,,,,,,,,,,,,,2,,,413753,1964.11.05,2026-04-26_19h31.32.620,BrocantoHPilot1WOSession2,2025.2.4,Win32,120.1923077,4596.441,2,2,2,36.17,1,21.38,36.17,4636.277,,,,,,SBJ-N3-REVEAL-INTR-LOC-N5.mp3,SBJ-N3-REVEAL-INTR-LOC-N5.mp4,SBJ-N3-JUMP-INTR-LOC-N5.mp4,,,,,,,,,,,,,,,,,,,,,,,,,,,,,,,,,,,,,,,,,,,,,,,,,,,,,0,0,0,0,1,,,,,,,,,,,,,,,
,,,,,,,,,,,,,,,,,,,,,,,,,2,,,413753,1964.11.05,2026-04-26_19h31.32.620,BrocantoHPilot1WOSession2,2025.2.4,Win32,120.1923077,4636.278,2,2,1,37.568,0,20.867,37.568,4676.682,,,,,,OBJ-N5-SBJ-N4-PUSH-TR-LOC-N2.mp3,OBJ-N5-SBJ-N4-PUSH-TR-LOC-N2.mp4,OBJ-N4-SBJ-N5-REVEAL-TR-LOC-N2.mp4,,,,,,,,,,,,,,,,,,,,,,,,,,,,,,,,,,,,,,,,,,,,,,,,,,,,,0,1,1,1,1,,,,,,,,,,,,,,,
,,,,,,,,,,,,,,,,,,,,,,,,,2,,,413753,1964.11.05,2026-04-26_19h31.32.620,BrocantoHPilot1WOSession2,2025.2.4,Win32,120.1923077,4676.682,2,2,2,40.361,1,20.969,40.361,4719.41,,,,,,OBJ-N5-SBJ-N4-HIDE-TR-LOC-N3.mp3,OBJ-N5-SBJ-N4-HIDE-TR-LOC-N3.mp4,OBJ-N5-SBJ-N3-HIDE-TR-LOC-N4.mp4,,,,,,,,,,,,,,,,,,,,,,,,,,,,,,,,,,,,,,,,,,,,,,,,,,,,,0,2,2,2,1,,,,,,,,,,,,,,,
,,,,,,,,,,,,,,,,,,,,,,,,,2,,,413753,1964.11.05,2026-04-26_19h31.32.620,BrocantoHPilot1WOSession2,2025.2.4,Win32,120.1923077,4719.41,2,1,2,20.757,0,17.624,20.757,4743.011,,,,,,SBJ-N1-REVEAL-INTR-LOC-N2.mp3,SBJ-N1-REVEAL-INTR-LOC-N2.mp4,SBJ-N1-HIDE-INTR-LOC-N2.mp4,,,,,,,,,,,,,,,,,,,,,,,,,,,,,,,,,,,,,,,,,,,,,,,,,,,,,0,3,3,3,1,,,,,,,,,,,,,,,
,,,,,,,,,,,,,,,,,,,,,,,,,2,,,413753,1964.11.05,2026-04-26_19h31.32.620,BrocantoHPilot1WOSession2,2025.2.4,Win32,120.1923077,4743.012,2,1,1,29.672,1,16.955,29.672,4775.138,,,,,,OBJ-N5-SBJ-N4-REVEAL-TR.mp3,OBJ-N5-SBJ-N4-REVEAL-TR.mp4,OBJ-N4-SBJ-N5-PUSH-TR.mp4,,,,,,,,,,,,,,,,,,,,,,,,,,,,,,,,,,,,,,,,,,,,,,,,,,,,,0,4,4,4,1,,,,,,,,,,,,,,,
,,,,,,,,,,,,,,,,,,,,,,,,,2,,,413753,1964.11.05,2026-04-26_19h31.32.620,BrocantoHPilot1WOSession2,2025.2.4,Win32,120.1923077,4775.139,2,2,2,30.069,1,29.423,30.069,4807.728,,,,,,SBJ-N2-GO-INTR.mp3,SBJ-N2-GO-INTR.mp4,SBJ-N2-REVEAL-INTR.mp4,,,,,,,,,,,,,,,,,,,,,,,,,,,,,,,,,,,,,,,,,,,,,,,,,,,,,0,5,5,5,1,,,,,,,,,,,,,,,
,,,,,,,,,,,,,,,,,,,,,,,,,2,,,413753,1964.11.05,2026-04-26_19h31.32.620,BrocantoHPilot1WOSession2,2025.2.4,Win32,120.1923077,4807.729,2,1,1,17.117,1,16.361,17.117,4827.137,,,,,,SBJ-N5-JUMP-INTR.mp3,SBJ-N5-JUMP-INTR.mp4,SBJ-N5-HIDE-INTR.mp4,,,,,,,,,,,,,,,,,,,,,,,,,,,,,,,,,,,,,,,,,,,,,,,,,,,,,0,6,6,6,1,,,,,,,,,,,,,,,
,,,,,,,,,,,,,,,,,,,,,,,,,2,,,413753,1964.11.05,2026-04-26_19h31.32.620,BrocantoHPilot1WOSession2,2025.2.4,Win32,120.1923077,4827.137,2,1,2,19.478,0,17.019,19.478,4849.191,,,,,,OBJ-N5-SBJ-N1-PUSH-TR-LOC-N2.mp3,OBJ-N5-SBJ-N1-PUSH-TR-LOC-N2.mp4,OBJ-N5-SBJ-N2-PUSH-TR-LOC-N1.mp4,,,,,,,,,,,,,,,,,,,,,,,,,,,,,,,,,,,,,,,,,,,,,,,,,,,,,0,7,7,7,1,,,,,,,,,,,,,,,
,,,,,,,,,,,,,,,,,,,,,,,,,2,,,413753,1964.11.05,2026-04-26_19h31.32.620,BrocantoHPilot1WOSession2,2025.2.4,Win32,120.1923077,4849.191,2,1,1,25.664,1,17.134,25.664,4877.342,,,,,,SBJ-N1-REVEAL-INTR-LOC-N3.mp3,SBJ-N1-REVEAL-INTR-LOC-N3.mp4,SBJ-N3-JUMP-INTR-LOC-N1.mp4,,,,,,,,,,,,,,,,,,,,,,,,,,,,,,,,,,,,,,,,,,,,,,,,,,,,,0,8,8,8,1,,,,,,,,,,,,,,,
,,,,,,,,,,,,,,,,,,,,,,,,,2,,,413753,1964.11.05,2026-04-26_19h31.32.620,BrocantoHPilot1WOSession2,2025.2.4,Win32,120.1923077,4877.343,2,1,2,41.153,0,20.161,41.153,4920.866,,,,,,Ab-OBJ-N5-SBJ-N1-REVEAL-TR.mp3,Ab-OBJ-N5-SBJ-N1-REVEAL-TR.mp4,Aa-OBJ-N5-SBJ-N1-HIDE-TR.mp4,,,,,,,,,,,,,,,,,,,,,,,,,,,,,,,,,,,,,,,,,,,,,,,,,,,,,0,9,9,9,1,,,,,,,,,,,,,,,
,,,,,,,,,,,,,,,,,,,,,,,,,2,,,413753,1964.11.05,2026-04-26_19h31.32.620,BrocantoHPilot1WOSession2,2025.2.4,Win32,120.1923077,4920.867,2,2,1,37.723,0,18.261,37.723,4961.608,,,,,,Ab-SBJ-N2-HIDE-INTR.mp3,Ab-SBJ-N2-HIDE-INTR.mp4,Aa-SBJ-N2-HIDE-INTR.mp4,,,,,,,,,,,,,,,,,,,,,,,,,,,,,,,,,,,,,,,,,,,,,,,,,,,,,0,10,10,10,1,,,,,,,,,,,,,,,
,,,,,,,,,,,,,,,,,,,,,,,,,2,,,413753,1964.11.05,2026-04-26_19h31.32.620,BrocantoHPilot1WOSession2,2025.2.4,Win32,120.1923077,4961.608,2,1,1,31.255,1,20.427,31.255,4995.599,,,,,,OBJ-N5-SBJ-N1-HIDE-TR-LOC-N2.mp3,OBJ-N5-SBJ-N1-HIDE-TR-LOC-N2.mp4,OBJ-N2-SBJ-N1-HIDE-TR-LOC-N5.mp4,,,,,,,,,,,,,,,,,,,,,,,,,,,,,,,,,,,,,,,,,,,,,,,,,,,,,0,11,11,11,1,,,,,,,,,,,,,,,
,,,,,,,,,,,,,,,,,,,,,,,,,2,,,413753,1964.11.05,2026-04-26_19h31.32.620,BrocantoHPilot1WOSession2,2025.2.4,Win32,120.1923077,4995.6,2,2,1,28.753,0,19.469,28.753,5026.559,,,,,,OBJ-N5-Ab-SBJ-N1-HIDE-TR.mp3,OBJ-N5-Ab-SBJ-N1-HIDE-TR.mp4,Aa-OBJ-N1-SBJ-N5-HIDE-TR.mp4,,,,,,,,,,,,,,,,,,,,,,,,,,,,,,,,,,,,,,,,,,,,,,,,,,,,,0,12,12,12,1,,,,,,,,,,,,,,,
,,,,,,,,,,,,,,,,,,,,,,,,,2,,,413753,1964.11.05,2026-04-26_19h31.32.620,BrocantoHPilot1WOSession2,2025.2.4,Win32,120.1923077,5026.56,2,1,2,34.265,0,19.398,34.265,5063.185,,,,,,OBJ-N5-Ab-SBJ-N1-REVEAL-TR.mp3,OBJ-N5-Ab-SBJ-N1-REVEAL-TR.mp4,OBJ-N5-Aa-SBJ-N1-PUSH-TR.mp4,,,,,,,,,,,,,,,,,,,,,,,,,,,,,,,,,,,,,,,,,,,,,,,,,,,,,0,13,13,13,1,,,,,,,,,,,,,,,
,,,,,,,,,,,,,,,,,,,,,,,,,2,,,413753,1964.11.05,2026-04-26_19h31.32.620,BrocantoHPilot1WOSession2,2025.2.4,Win32,120.1923077,5063.186,2,1,2,32.463,0,16.788,32.463,5098.187,,,,,,OBJ-N5-SBJ-N4-PUSH-TR-LOC-N1.mp3,OBJ-N5-SBJ-N4-PUSH-TR-LOC-N1.mp4,OBJ-N4-SBJ-N5-HIDE-TR-LOC-N1.mp4,,,,,,,,,,,,,,,,,,,,,,,,,,,,,,,,,,,,,,,,,,,,,,,,,,,,,0,14,14,14,1,,,,,,,,,,,,,,,
,,,,,,,,,,,,,,,,,,,,,,,,,2,,,413753,1964.11.05,2026-04-26_19h31.32.620,BrocantoHPilot1WOSession2,2025.2.4,Win32,120.1923077,5098.188,2,2,2,196.361,1,189.149,196.361,5297.965,,,,,,Ab-SBJ-N2-GO-INTR.mp3,Ab-SBJ-N2-GO-INTR.mp4,Aa-SBJ-N2-GO-INTR.mp4,,,,,,,,,,,,,,,,,,,,,,,,,,,,,,,,,,,,,,,,,,,,,,,,,,,,,0,15,15,15,1,,,,,,,,,,,,,,,
,,,,,,,,,,,,,,,,,,,,,,,,,2,,,413753,1964.11.05,2026-04-26_19h31.32.620,BrocantoHPilot1WOSession2,2025.2.4,Win32,120.1923077,5297.966,2,2,2,59.926,1,59.427,59.926,5360.202,,,,,,SBJ-N5-HIDE-INTR.mp3,SBJ-N5-HIDE-INTR.mp4,SBJ-N5-REVEAL-INTR.mp4,,,,,,,,,,,,,,,,,,,,,,,,,,,,,,,,,,,,,,,,,,,,,,,,,,,,,0,16,16,16,1,,,,,,,,,,,,,,,
,,,,,,,,,,,,,,,,,,,,,,,,,2,,,413753,1964.11.05,2026-04-26_19h31.32.620,BrocantoHPilot1WOSession2,2025.2.4,Win32,120.1923077,5360.202,2,1,1,19.796,1,16.03,19.796,5382.756,,,,,,SBJ-N1-JUMP-INTR-LOC-N3.mp3,SBJ-N1-JUMP-INTR-LOC-N3.mp4,SBJ-N3-JUMP-INTR-LOC-N1.mp4,,,,,,,,,,,,,,,,,,,,,,,,,,,,,,,,,,,,,,,,,,,,,,,,,,,,,0,17,17,17,1,,,,,,,,,,,,,,,
,,,,,,,,,,,,,,,,,,,,,,,,,2,,,413753,1964.11.05,2026-04-26_19h31.32.620,BrocantoHPilot1WOSession2,2025.2.4,Win32,120.1923077,5382.758,2,1,1,25.433,1,17.425,25.433,5410.951,,,,,,SBJ-N5-GO-INTR-LOC-N2.mp3,SBJ-N5-GO-INTR-LOC-N2.mp4,SBJ-N2-HIDE-INTR-LOC-N5.mp4,,,,,,,,,,,,,,,,,,,,,,,,,,,,,,,,,,,,,,,,,,,,,,,,,,,,,0,18,18,18,1,,,,,,,,,,,,,,,
,,,,,,,,,,,,,,,,,,,,,,,,,2,,,413753,1964.11.05,2026-04-26_19h31.32.620,BrocantoHPilot1WOSession2,2025.2.4,Win32,120.1923077,5410.952,2,2,1,37.494,0,29.027,37.494,5450.681,,,,,,SBJ-N3-HIDE-INTR-LOC-N5.mp3,SBJ-N3-HIDE-INTR-LOC-N5.mp4,SBJ-N5-HIDE-INTR-LOC-N3.mp4,,,,,,,,,,,,,,,,,,,,,,,,,,,,,,,,,,,,,,,,,,,,,,,,,,,,,0,19,19,19,1,,,,,,,,,,,,,,,
,,,,,,,,,,,,,,,,,,,,,,,,,2,,,413753,1964.11.05,2026-04-26_19h31.32.620,BrocantoHPilot1WOSession2,2025.2.4,Win32,120.1923077,5450.681,2,1,1,32.214,1,19.074,32.214,5486.389,,,,,,OBJ-N5-SBJ-N3-PUSH-TR-LOC-N1.mp3,OBJ-N5-SBJ-N3-PUSH-TR-LOC-N1.mp4,OBJ-N5-SBJ-N3-REVEAL-TR-LOC-N1.mp4,,,,,,,,,,,,,,,,,,,,,,,,,,,,,,,,,,,,,,,,,,,,,,,,,,,,,0,20,20,20,1,,,,,,,,,,,,,,,
,,,,,,,,,,,,,,,,,,,,,,,,,2,,,413753,1964.11.05,2026-04-26_19h31.32.620,BrocantoHPilot1WOSession2,2025.2.4,Win32,120.1923077,5486.39,2,1,1,40.822,1,32.132,40.822,5529.754,,,,,,Ab-OBJ-N5-SBJ-N1-REVEAL-TR.mp3,Ab-OBJ-N5-SBJ-N1-REVEAL-TR.mp4,OBJ-N1-Aa-SBJ-N5-REVEAL-TR.mp4,,,,,,,,,,,,,,,,,,,,,,,,,,,,,,,,,,,,,,,,,,,,,,,,,,,,,0,21,21,21,1,,,,,,,,,,,,,,,
,,,,,,,,,,,,,,,,,,,,,,,,,2,,,413753,1964.11.05,2026-04-26_19h31.32.620,BrocantoHPilot1WOSession2,2025.2.4,Win32,120.1923077,5529.755,2,1,1,32.573,1,18.857,32.573,5564.44,,,,,,OBJ-N5-SBJ-N1-PUSH-TR-Ab-LOC-N3.mp3,OBJ-N5-SBJ-N1-PUSH-TR-Ab-LOC-N3.mp4,OBJ-N5-SBJ-N1-REVEAL-TR-Aa-LOC-N3.mp4,,,,,,,,,,,,,,,,,,,,,,,,,,,,,,,,,,,,,,,,,,,,,,,,,,,,,0,22,22,22,1,,,,,,,,,,,,,,,
,,,,,,,,,,,,,,,,,,,,,,,,,2,,,413753,1964.11.05,2026-04-26_19h31.32.620,BrocantoHPilot1WOSession2,2025.2.4,Win32,120.1923077,5564.441,2,1,2,29.144,0,27.878,29.144,5596.153,,,,,,Ab-SBJ-N2-REVEAL-INTR-Ab-LOC-N4.mp3,Ab-SBJ-N2-REVEAL-INTR-Ab-LOC-N4.mp4,Ab-SBJ-N4-REVEAL-INTR-Aa-LOC-N2.mp4,,,,,,,,,,,,,,,,,,,,,,,,,,,,,,,,,,,,,,,,,,,,,,,,,,,,,0,23,23,23,1,,,,,,,,,,,,,,,
,,,,,,,,,,,,,,,,,,,,,,,,,2,,,413753,1964.11.05,2026-04-26_19h31.32.620,BrocantoHPilot1WOSession2,2025.2.4,Win32,120.1923077,5596.154,2,2,1,25.831,0,19.563,25.831,5624.572,,,,,,OBJ-N5-Ab-SBJ-N1-REVEAL-TR-Ab-LOC-N3.mp3,OBJ-N5-Ab-SBJ-N1-REVEAL-TR-Ab-LOC-N3.mp4,OBJ-N5-Ab-SBJ-N1-REVEAL-TR-Aa-LOC-N3.mp4,,,,,,,,,,,,,,,,,,,,,,,,,,,,,,,,,,,,,,,,,,,,,,,,,,,,,0,24,24,24,1,,,,,,,,,,,,,,,
,,,,,,,,,,,,,,,,,,,,,,,,,2,,,413753,1964.11.05,2026-04-26_19h31.32.620,BrocantoHPilot1WOSession2,2025.2.4,Win32,120.1923077,5624.574,2,2,2,35.235,1,20.014,35.235,5662.115,,,,,,Ab-SBJ-N4-REVEAL-INTR-LOC-N3.mp3,Ab-SBJ-N4-REVEAL-INTR-LOC-N3.mp4,Aa-SBJ-N4-JUMP-INTR-LOC-N3.mp4,,,,,,,,,,,,,,,,,,,,,,,,,,,,,,,,,,,,,,,,,,,,,,,,,,,,,0,25,25,25,1,,,,,,,,,,,,,,,
,,,,,,,,,,,,,,,,,,,,,,,,,2,,,413753,1964.11.05,2026-04-26_19h31.32.620,BrocantoHPilot1WOSession2,2025.2.4,Win32,120.1923077,5662.115,2,1,1,37.151,1,22.268,37.151,5702.047,,,,,,Ab-SBJ-N5-REVEAL-INTR-Ab-LOC-N4.mp3,Ab-SBJ-N5-REVEAL-INTR-Ab-LOC-N4.mp4,Ab-SBJ-N4-REVEAL-INTR-Aa-LOC-N5.mp4,,,,,,,,,,,,,,,,,,,,,,,,,,,,,,,,,,,,,,,,,,,,,,,,,,,,,0,26,26,26,1,,,,,,,,,,,,,,,
,,,,,,,,,,,,,,,,,,,,,,,,,2,,,413753,1964.11.05,2026-04-26_19h31.32.620,BrocantoHPilot1WOSession2,2025.2.4,Win32,120.1923077,5702.048,2,2,2,30.919,1,16.842,30.919,5735.825,,,,,,Ab-OBJ-N5-SBJ-N3-PUSH-TR.mp3,Ab-OBJ-N5-SBJ-N3-PUSH-TR.mp4,Aa-OBJ-N5-SBJ-N3-PUSH-TR.mp4,,,,,,,,,,,,,,,,,,,,,,,,,,,,,,,,,,,,,,,,,,,,,,,,,,,,,0,27,27,27,1,,,,,,,,,,,,,,,
,,,,,,,,,,,,,,,,,,,,,,,,,2,,,413753,1964.11.05,2026-04-26_19h31.32.620,BrocantoHPilot1WOSession2,2025.2.4,Win32,120.1923077,5735.826,2,2,1,21.516,0,16.209,21.516,5759.692,,,,,,Ab-SBJ-N4-JUMP-INTR.mp3,Ab-SBJ-N4-JUMP-INTR.mp4,Aa-SBJ-N4-GO-INTR.mp4,,,,,,,,,,,,,,,,,,,,,,,,,,,,,,,,,,,,,,,,,,,,,,,,,,,,,0,28,28,28,1,,,,,,,,,,,,,,,
,,,,,,,,,,,,,,,,,,,,,,,,,2,,,413753,1964.11.05,2026-04-26_19h31.32.620,BrocantoHPilot1WOSession2,2025.2.4,Win32,120.1923077,5759.694,2,1,1,25.311,1,20.748,25.311,5787.647,,,,,,Ab-OBJ-N5-SBJ-N4-HIDE-TR-LOC-N3.mp3,Ab-OBJ-N5-SBJ-N4-HIDE-TR-LOC-N3.mp4,OBJ-N3-SBJ-N4-HIDE-TR-Aa-LOC-N5.mp4,,,,,,,,,,,,,,,,,,,,,,,,,,,,,,,,,,,,,,,,,,,,,,,,,,,,,0,29,29,29,1,,,,,,,,,,,,,,,
,,,,,,,,,,,,,,,,,,,,,,,,,2,,,413753,1964.11.05,2026-04-26_19h31.32.620,BrocantoHPilot1WOSession2,2025.2.4,Win32,120.1923077,5787.649,2,2,2,29.27,1,18.988,29.27,5819.743,,,,,,Ab-OBJ-N5-SBJ-N4-REVEAL-TR.mp3,Ab-OBJ-N5-SBJ-N4-REVEAL-TR.mp4,Aa-OBJ-N5-SBJ-N4-REVEAL-TR.mp4,,,,,,,,,,,,,,,,,,,,,,,,,,,,,,,,,,,,,,,,,,,,,,,,,,,,,0,30,30,30,1,,,,,,,,,,,,,,,
,,,,,,,,,,,,,,,,,,,,,,,,,2,,,413753,1964.11.05,2026-04-26_19h31.32.620,BrocantoHPilot1WOSession2,2025.2.4,Win32,120.1923077,5819.744,2,1,1,25.165,1,21.95,25.165,5847.286,,,,,,Ab-OBJ-N5-Ab-SBJ-N2-HIDE-TR-LOC-N4.mp3,Ab-OBJ-N5-Ab-SBJ-N2-HIDE-TR-LOC-N4.mp4,Ab-OBJ-N5-Aa-SBJ-N2-REVEAL-TR-LOC-N4.mp4,,,,,,,,,,,,,,,,,,,,,,,,,,,,,,,,,,,,,,,,,,,,,,,,,,,,,0,31,31,31,1,,,,,,,,,,,,,,,
,,,,,,,,,,,,,,,,,,,,,,,,,2,,,413753,1964.11.05,2026-04-26_19h31.32.620,BrocantoHPilot1WOSession2,2025.2.4,Win32,120.1923077,5847.288,2,2,2,20.114,1,18.281,20.114,5869.818,,,,,,Ab-SBJ-N4-GO-INTR.mp3,Ab-SBJ-N4-GO-INTR.mp4,Aa-SBJ-N4-GO-INTR.mp4,,,,,,,,,,,,,,,,,,,,,,,,,,,,,,,,,,,,,,,,,,,,,,,,,,,,,0,32,32,32,1,,,,,,,,,,,,,,,
,,,,,,,,,,,,,,,,,,,,,,,,,2,,,413753,1964.11.05,2026-04-26_19h31.32.620,BrocantoHPilot1WOSession2,2025.2.4,Win32,120.1923077,5869.819,2,2,2,20.674,1,18.924,20.674,5893.581,,,,,,Ab-OBJ-N5-Ab-SBJ-N1-PUSH-TR.mp3,Ab-OBJ-N5-Ab-SBJ-N1-PUSH-TR.mp4,Ab-OBJ-N1-Aa-SBJ-N5-PUSH-TR.mp4,,,,,,,,,,,,,,,,,,,,,,,,,,,,,,,,,,,,,,,,,,,,,,,,,,,,,0,33,33,33,1,,,,,,,,,,,,,,,
,,,,,,,,,,,,,,,,,,,,,,,,,2,,,413753,1964.11.05,2026-04-26_19h31.32.620,BrocantoHPilot1WOSession2,2025.2.4,Win32,120.1923077,5893.582,2,1,1,31.729,1,22.164,31.729,5927.654,,,,,,Ab-SBJ-N5-HIDE-INTR.mp3,Ab-SBJ-N5-HIDE-INTR.mp4,Aa-SBJ-N5-REVEAL-INTR.mp4,,,,,,,,,,,,,,,,,,,,,,,,,,,,,,,,,,,,,,,,,,,,,,,,,,,,,0,34,34,34,1,,,,,,,,,,,,,,,
,,,,,,,,,,,,,,,,,,,,,,,,,2,,,413753,1964.11.05,2026-04-26_19h31.32.620,BrocantoHPilot1WOSession2,2025.2.4,Win32,120.1923077,5927.654,2,2,1,24.511,0,23.159,24.511,5954.457,,,,,,Ab-OBJ-N5-SBJ-N2-REVEAL-TR-Ab-LOC-N3.mp3,Ab-OBJ-N5-SBJ-N2-REVEAL-TR-Ab-LOC-N3.mp4,Ab-OBJ-N3-SBJ-N2-HIDE-TR-Ab-LOC-N5.mp4,,,,,,,,,,,,,,,,,,,,,,,,,,,,,,,,,,,,,,,,,,,,,,,,,,,,,0,35,35,35,1,,,,,,,,,,,,,,,
,,,,,,,,,,,,,,,,,,,,,,,,,2,,,413753,1964.11.05,2026-04-26_19h31.32.620,BrocantoHPilot1WOSession2,2025.2.4,Win32,120.1923077,5954.458,2,1,1,20.291,1,18.893,20.291,5977.434,,,,,,Ab-SBJ-N5-HIDE-INTR.mp3,Ab-SBJ-N5-HIDE-INTR.mp4,Ab-SBJ-N5-GO-INTR.mp4,,,,,,,,,,,,,,,,,,,,,,,,,,,,,,,,,,,,,,,,,,,,,,,,,,,,,0,36,36,36,1,,,,,,,,,,,,,,,
,,,,,,,,,,,,,,,,,,,,,,,,,2,,,413753,1964.11.05,2026-04-26_19h31.32.620,BrocantoHPilot1WOSession2,2025.2.4,Win32,120.1923077,5977.435,2,1,1,26.405,1,18.28,26.405,6006.294,,,,,,Ab-SBJ-N4-JUMP-INTR-LOC-N3.mp3,Ab-SBJ-N4-JUMP-INTR-LOC-N3.mp4,SBJ-N3-JUMP-INTR-Ab-LOC-N4.mp4,,,,,,,,,,,,,,,,,,,,,,,,,,,,,,,,,,,,,,,,,,,,,,,,,,,,,0,37,37,37,1,,,,,,,,,,,,,,,
,,,,,,,,,,,,,,,,,,,,,,,,,2,,,413753,1964.11.05,2026-04-26_19h31.32.620,BrocantoHPilot1WOSession2,2025.2.4,Win32,120.1923077,6006.295,2,2,2,34.872,1,20.186,34.872,6043.72,,,,,,Ab-SBJ-N4-GO-INTR-Ab-LOC-N3.mp3,Ab-SBJ-N4-GO-INTR-Ab-LOC-N3.mp4,Ab-SBJ-N3-GO-INTR-Aa-LOC-N4.mp4,,,,,,,,,,,,,,,,,,,,,,,,,,,,,,,,,,,,,,,,,,,,,,,,,,,,,0,38,38,38,1,,,,,,,,,,,,,,,
,,,,,,,,,,,,,,,,,,,,,,,,,2,,,413753,1964.11.05,2026-04-26_19h31.32.620,BrocantoHPilot1WOSession2,2025.2.4,Win32,120.1923077,6043.721,2,1,2,39.118,0,26.185,39.118,6085.415,,,,,,Ab-SBJ-N2-HIDE-INTR-Aa-LOC-N1.mp3,Ab-SBJ-N2-HIDE-INTR-Aa-LOC-N1.mp4,Ab-SBJ-N2-HIDE-INTR-Ab-LOC-N1.mp4,,,,,,,,,,,,,,,,,,,,,,,,,,,,,,,,,,,,,,,,,,,,,,,,,,,,,0,39,39,39,1,,,,,,,,,,,,,,,
,,,,,,,,,,,,,,,,,,,,,,,,,2,,,413753,1964.11.05,2026-04-26_19h31.32.620,BrocantoHPilot1WOSession2,2025.2.4,Win32,120.1923077,6085.415,2,1,2,18.672,0,17.789,18.672,6106.183,,,,,,Ab-OBJ-N5-SBJ-N1-PUSH-TR-LOC-N4.mp3,Ab-OBJ-N5-SBJ-N1-PUSH-TR-LOC-N4.mp4,OBJ-N1-Ab-SBJ-N5-HIDE-TR-LOC-N4.mp4,,,,,,,,,,,,,,,,,,,,,,,,,,,,,,,,,,,,,,,,,,,,,,,,,,,,,0,40,40,40,1,,,,,,,,,,,,,,,
,,,,,,,,,,,,,,,,,,,,,,,,,2,,,413753,1964.11.05,2026-04-26_19h31.32.620,BrocantoHPilot1WOSession2,2025.2.4,Win32,120.1923077,6106.184,2,1,1,20.917,1,20.37,20.917,6129.962,,,,,,Ab-OBJ-N5-Ab-SBJ-N3-PUSH-TR.mp3,Ab-OBJ-N5-Ab-SBJ-N3-PUSH-TR.mp4,Ab-OBJ-N3-Ab-SBJ-N5-PUSH-TR.mp4,,,,,,,,,,,,,,,,,,,,,,,,,,,,,,,,,,,,,,,,,,,,,,,,,,,,,0,41,41,41,1,,,,,,,,,,,,,,,
,,,,,,,,,,,,,,,,,,,,,,,,,2,,,413753,1964.11.05,2026-04-26_19h31.32.620,BrocantoHPilot1WOSession2,2025.2.4,Win32,120.1923077,,,,,,,,,,,,,,,SBJ.N4 REVEAL-INTR LOC.N5,,,6157.14,2,SBJ-N4-REVEAL-INTR-LOC-N5.mp4,N4|REVEAL|N5,HIDE|Aa|PUSH|N2|N5|N4|REVEAL,dabi|girda|timó,zsübe|gyék|vánta|murak|timó|dabi|girda,0,7.58,14.346,dabi zsübe timó,6178.801,,,,,,SBJ-N4-REVEAL-INTR-LOC-N5.mp4,N4|REVEAL|N5,HIDE|Aa|PUSH|N2|N5|N4|REVEAL,dabi girda timó,dabi|girda|timó,zsübe|gyék|vánta|murak|timó|dabi|girda,,,,,,,,,,,,,,,,,,,,,,,,,,,,,,,,,,,0,0,0,0,1,,,,,,,,,,
,,,,,,,,,,,,,,,,,,,,,,,,,2,,,413753,1964.11.05,2026-04-26_19h31.32.620,BrocantoHPilot1WOSession2,2025.2.4,Win32,120.1923077,,,,,,,,,,,,,,,OBJ.N5 SBJ.N4 HIDE-TR LOC.N3,,,6179.316,2,OBJ-N5-SBJ-N4-HIDE-TR-LOC-N3.mp4,N5|N4|HIDE|N3,N3|N2|N4|HIDE|N5|N1|JUMP|Ab,timó|dabi|zsübe|zilép,zilép|murak|dabi|zsübe|timó|pekli|bonip|zsot,0,7.056,53.368,zsot timó zsübe dabi zilép,6240.968,,,,,,OBJ-N5-SBJ-N4-HIDE-TR-LOC-N3.mp4,N5|N4|HIDE|N3,N3|N2|N4|HIDE|N5|N1|JUMP|Ab,timó dabi zsübe zilép,timó|dabi|zsübe|zilép,zilép|murak|dabi|zsübe|timó|pekli|bonip|zsot,,,,,,,,,,,,,,,,,,,,,,,,,,,,,,,,,,,0,1,1,1,1,,,,,,,,,,
,,,,,,,,,,,,,,,,,,,,,,,,,2,,,413753,1964.11.05,2026-04-26_19h31.32.620,BrocantoHPilot1WOSession2,2025.2.4,Win32,120.1923077,,,,,,,,,,,,,,,SBJ.N3 REVEAL-INTR LOC.N4,,,6241.571,2,SBJ-N3-REVEAL-INTR-LOC-N4.mp4,N3|REVEAL|N4,JUMP|Aa|GO|REVEAL|N3|N5|N4,zilép|girda|dabi,bonip|gyék|kávler|girda|zilép|timó|dabi,1,7.362,29.212,zilép girda dabi,6286.122,,,,,,SBJ-N3-REVEAL-INTR-LOC-N4.mp4,N3|REVEAL|N4,JUMP|Aa|GO|REVEAL|N3|N5|N4,zilép girda dabi,zilép|girda|dabi,bonip|gyék|kávler|girda|zilép|timó|dabi,,,,,,,,,,,,,,,,,,,,,,,,,,,,,,,,,,,0,2,2,2,1,,,,,,,,,,
,,,,,,,,,,,,,,,,,,,,,,,,,2,,,413753,1964.11.05,2026-04-26_19h31.32.620,BrocantoHPilot1WOSession2,2025.2.4,Win32,120.1923077,,,,,,,,,,,,,,,OBJ.N5 SBJ.N1 REVEAL-TR LOC.N4,,,6286.7,2,OBJ-N5-SBJ-N1-REVEAL-TR-LOC-N4.mp4,N5|N1|REVEAL|N4,Aa|PUSH|REVEAL|N5|N4|GO|N1|N3,timó|pekli|girda|dabi,gyék|vánta|girda|timó|dabi|kávler|pekli|zilép,0,11.107,61.289,timó girda pekli dabi,6356.289,,,,,,OBJ-N5-SBJ-N1-REVEAL-TR-LOC-N4.mp4,N5|N1|REVEAL|N4,Aa|PUSH|REVEAL|N5|N4|GO|N1|N3,timó pekli girda dabi,timó|pekli|girda|dabi,gyék|vánta|girda|timó|dabi|kávler|pekli|zilép,,,,,,,,,,,,,,,,,,,,,,,,,,,,,,,,,,,0,3,3,3,1,,,,,,,,,,
,,,,,,,,,,,,,,,,,,,,,,,,,2,,,413753,1964.11.05,2026-04-26_19h31.32.620,BrocantoHPilot1WOSession2,2025.2.4,Win32,120.1923077,,,,,,,,,,,,,,,SBJ.N3 JUMP-INTR,,,6356.795,2,SBJ-N3-JUMP-INTR.mp4,N3|JUMP,REVEAL|Aa|HIDE|JUMP|N2|N3,zilép|bonip,girda|gyék|zsübe|bonip|murak|zilép,1,11.385,16.252,zilép bonip,6378.335,,,,,,SBJ-N3-JUMP-INTR.mp4,N3|JUMP,REVEAL|Aa|HIDE|JUMP|N2|N3,zilép bonip,zilép|bonip,girda|gyék|zsübe|bonip|murak|zilép,,,,,,,,,,,,,,,,,,,,,,,,,,,,,,,,,,,0,4,4,4,1,,,,,,,,,,
,,,,,,,,,,,,,,,,,,,,,,,,,2,,,413753,1964.11.05,2026-04-26_19h31.32.620,BrocantoHPilot1WOSession2,2025.2.4,Win32,120.1923077,,,,,,,,,,,,,,,OBJ.N5 Ab SBJ.N3 PUSH-TR,,,6378.896,2,OBJ-N5-Ab-SBJ-N3-PUSH-TR.mp4,N5|Ab|N3|PUSH,Ab|N5|GO|N3|HIDE|Aa|N2|PUSH,timó|zsot|zilép|vánta,zsot|timó|kávler|zilép|zsübe|gyék|murak|vánta,0,5.899,15.737,zsot zilép vánta,6401.082,,,,,,OBJ-N5-Ab-SBJ-N3-PUSH-TR.mp4,N5|Ab|N3|PUSH,Ab|N5|GO|N3|HIDE|Aa|N2|PUSH,timó zsot zilép vánta,timó|zsot|zilép|vánta,zsot|timó|kávler|zilép|zsübe|gyék|murak|vánta,,,,,,,,,,,,,,,,,,,,,,,,,,,,,,,,,,,0,5,5,5,1,,,,,,,,,,
,,,,,,,,,,,,,,,,,,,,,,,,,2,,,413753,1964.11.05,2026-04-26_19h31.32.620,BrocantoHPilot1WOSession2,2025.2.4,Win32,120.1923077,,,,,,,,,,,,,,,Ab SBJ.N4 HIDE-INTR,,,6401.645,2,Ab-SBJ-N4-HIDE-INTR.mp4,Ab|N4|HIDE,Ab|JUMP|N4|HIDE|GO|N2|REVEAL,zsot|dabi|zsübe,zsot|bonip|dabi|zsübe|kávler|murak|girda,1,9.275,19.616,zsot dabi zsübe,6431.096,,,,,,Ab-SBJ-N4-HIDE-INTR.mp4,Ab|N4|HIDE,Ab|JUMP|N4|HIDE|GO|N2|REVEAL,zsot dabi zsübe,zsot|dabi|zsübe,zsot|bonip|dabi|zsübe|kávler|murak|girda,,,,,,,,,,,,,,,,,,,,,,,,,,,,,,,,,,,0,6,6,6,1,,,,,,,,,,
,,,,,,,,,,,,,,,,,,,,,,,,,2,,,413753,1964.11.05,2026-04-26_19h31.32.620,BrocantoHPilot1WOSession2,2025.2.4,Win32,120.1923077,,,,,,,,,,,,,,,SBJ.N2 REVEAL-INTR LOC.N3,,,6431.671,2,SBJ-N2-REVEAL-INTR-LOC-N3.mp4,N2|REVEAL|N3,N3|JUMP|PUSH|N2|REVEAL|Ab|Aa,murak|girda|zilép,zilép|bonip|vánta|murak|girda|zsot|gyék,0,11.532,30.621,murak vánta zilép,6467.352,,,,,,SBJ-N2-REVEAL-INTR-LOC-N3.mp4,N2|REVEAL|N3,N3|JUMP|PUSH|N2|REVEAL|Ab|Aa,murak girda zilép,murak|girda|zilép,zilép|bonip|vánta|murak|girda|zsot|gyék,,,,,,,,,,,,,,,,,,,,,,,,,,,,,,,,,,,0,7,7,7,1,,,,,,,,,,
,,,,,,,,,,,,,,,,,,,,,,,,,2,,,413753,1964.11.05,2026-04-26_19h31.32.620,BrocantoHPilot1WOSession2,2025.2.4,Win32,120.1923077,,,,,,,,,,,,,,,OBJ.N5 SBJ.N3 PUSH-TR,,,6467.906,2,OBJ-N5-SBJ-N3-PUSH-TR.mp4,N5|N3|PUSH,JUMP|N3|PUSH|N4|HIDE|N5|N1,timó|zilép|vánta,bonip|zilép|vánta|dabi|zsübe|timó|pekli,0,6.537,41.99,timó vánta zilép,6514.727,,,,,,OBJ-N5-SBJ-N3-PUSH-TR.mp4,N5|N3|PUSH,JUMP|N3|PUSH|N4|HIDE|N5|N1,timó zilép vánta,timó|zilép|vánta,bonip|zilép|vánta|dabi|zsübe|timó|pekli,,,,,,,,,,,,,,,,,,,,,,,,,,,,,,,,,,,0,8,8,8,1,,,,,,,,,,
,,,,,,,,,,,,,,,,,,,,,,,,,2,,,413753,1964.11.05,2026-04-26_19h31.32.620,BrocantoHPilot1WOSession2,2025.2.4,Win32,120.1923077,,,,,,,,,,,,,,,OBJ.N5 SBJ.N1 HIDE-TR LOC.N4,,,6515.316,2,OBJ-N5-SBJ-N1-HIDE-TR-LOC-N4.mp4,N5|N1|HIDE|N4,GO|N3|N2|N4|HIDE|JUMP|N1|N5,timó|pekli|zsübe|dabi,kávler|zilép|murak|dabi|zsübe|bonip|pekli|timó,0,13.344,30.352,timó zsübe pekli dabi,6551.302,,,,,,OBJ-N5-SBJ-N1-HIDE-TR-LOC-N4.mp4,N5|N1|HIDE|N4,GO|N3|N2|N4|HIDE|JUMP|N1|N5,timó pekli zsübe dabi,timó|pekli|zsübe|dabi,kávler|zilép|murak|dabi|zsübe|bonip|pekli|timó,,,,,,,,,,,,,,,,,,,,,,,,,,,,,,,,,,,0,9,9,9,1,,,,,,,,,,
,,,,,,,,,,,,,,,,,,,,,,,,,2,,,413753,1964.11.05,2026-04-26_19h31.32.620,BrocantoHPilot1WOSession2,2025.2.4,Win32,120.1923077,,,,,,,,,,,,,,,OBJ.N5 SBJ.N2 REVEAL-TR LOC.N1,,,6551.857,2,OBJ-N5-SBJ-N2-REVEAL-TR-LOC-N1.mp4,N5|N2|REVEAL|N1,N1|PUSH|HIDE|REVEAL|N4|N5|Aa|N2,timó|murak|girda|pekli,pekli|vánta|zsübe|girda|dabi|timó|gyék|murak,0,11.813,75.132,murak timó girda pekli,6633.865,,,,,,OBJ-N5-SBJ-N2-REVEAL-TR-LOC-N1.mp4,N5|N2|REVEAL|N1,N1|PUSH|HIDE|REVEAL|N4|N5|Aa|N2,timó murak girda pekli,timó|murak|girda|pekli,pekli|vánta|zsübe|girda|dabi|timó|gyék|murak,,,,,,,,,,,,,,,,,,,,,,,,,,,,,,,,,,,0,10,10,10,1,,,,,,,,,,
,,,,,,,,,,,,,,,,,,,,,,,,,2,,,413753,1964.11.05,2026-04-26_19h31.32.620,BrocantoHPilot1WOSession2,2025.2.4,Win32,120.1923077,,,,,,,,,,,,,,,Ab OBJ.N5 SBJ.N1 PUSH-TR,,,6634.504,2,Ab-OBJ-N5-SBJ-N1-PUSH-TR.mp4,Ab|N5|N1|PUSH,Ab|N1|HIDE|Aa|N4|REVEAL|PUSH|N5,zsot|timó|pekli|vánta,zsot|pekli|zsübe|gyék|dabi|girda|vánta|timó,0,6.544,19.86,zsot timó vánta pekli,6660.794,,,,,,Ab-OBJ-N5-SBJ-N1-PUSH-TR.mp4,Ab|N5|N1|PUSH,Ab|N1|HIDE|Aa|N4|REVEAL|PUSH|N5,zsot timó pekli vánta,zsot|timó|pekli|vánta,zsot|pekli|zsübe|gyék|dabi|girda|vánta|timó,,,,,,,,,,,,,,,,,,,,,,,,,,,,,,,,,,,0,11,11,11,1,,,,,,,,,,
,,,,,,,,,,,,,,,,,,,,,,,,,2,,,413753,1964.11.05,2026-04-26_19h31.32.620,BrocantoHPilot1WOSession2,2025.2.4,Win32,120.1923077,,,,,,,,,,,,,,,SBJ.N2 JUMP-INTR,,,6661.302,2,SBJ-N2-JUMP-INTR.mp4,N2|JUMP,N4|HIDE|N2|Aa|GO|JUMP,murak|bonip,dabi|zsübe|murak|gyék|kávler|bonip,1,13.794,16.969,murak bonip,6682.893,,,,,,SBJ-N2-JUMP-INTR.mp4,N2|JUMP,N4|HIDE|N2|Aa|GO|JUMP,murak bonip,murak|bonip,dabi|zsübe|murak|gyék|kávler|bonip,,,,,,,,,,,,,,,,,,,,,,,,,,,,,,,,,,,0,12,12,12,1,,,,,,,,,,
,,,,,,,,,,,,,,,,,,,,,,,,,2,,,413753,1964.11.05,2026-04-26_19h31.32.620,BrocantoHPilot1WOSession2,2025.2.4,Win32,120.1923077,,,,,,,,,,,,,,,Ab SBJ.N1 GO-INTR,,,6683.425,2,Ab-SBJ-N1-GO-INTR.mp4,Ab|N1|GO,N4|N2|Ab|HIDE|GO|N3|N1,zsot|pekli|kávler,dabi|murak|zsot|zsübe|kávler|zilép|pekli,0,6.012,14.188,pekli kávler,6704.061,,,,,,Ab-SBJ-N1-GO-INTR.mp4,Ab|N1|GO,N4|N2|Ab|HIDE|GO|N3|N1,zsot pekli kávler,zsot|pekli|kávler,dabi|murak|zsot|zsübe|kávler|zilép|pekli,,,,,,,,,,,,,,,,,,,,,,,,,,,,,,,,,,,0,13,13,13,1,,,,,,,,,,
,,,,,,,,,,,,,,,,,,,,,,,,,2,,,413753,1964.11.05,2026-04-26_19h31.32.620,BrocantoHPilot1WOSession2,2025.2.4,Win32,120.1923077,,,,,,,,,,,,,,,OBJ.N5 Ab SBJ.N3 HIDE-TR,,,6704.696,2,OBJ-N5-Ab-SBJ-N3-HIDE-TR.mp4,N5|Ab|N3|HIDE,N5|HIDE|JUMP|Ab|N1|PUSH|N3|GO,timó|zsot|zilép|zsübe,timó|zsübe|bonip|zsot|pekli|vánta|zilép|kávler,1,9.874,80.84,timó zsot zilép zsübe,6791.593,,,,,,OBJ-N5-Ab-SBJ-N3-HIDE-TR.mp4,N5|Ab|N3|HIDE,N5|HIDE|JUMP|Ab|N1|PUSH|N3|GO,timó zsot zilép zsübe,timó|zsot|zilép|zsübe,timó|zsübe|bonip|zsot|pekli|vánta|zilép|kávler,,,,,,,,,,,,,,,,,,,,,,,,,,,,,,,,,,,0,14,14,14,1,,,,,,,,,,
,,,,,,,,,,,,,,,,,,,,,,,,,2,,,413753,1964.11.05,2026-04-26_19h31.32.620,BrocantoHPilot1WOSession2,2025.2.4,Win32,120.1923077,,,,,,,,,,,,,,,OBJ.N5 SBJ.N2 REVEAL-TR LOC.N4,,,6792.159,2,OBJ-N5-SBJ-N2-REVEAL-TR-LOC-N4.mp4,N5|N2|REVEAL|N4,PUSH|N5|Aa|N4|HIDE|REVEAL|GO|N2,timó|murak|girda|dabi,vánta|timó|gyék|dabi|zsübe|girda|kávler|murak,1,7.714,304.925,timó murak girda dabi,7106.476,,,,,,OBJ-N5-SBJ-N2-REVEAL-TR-LOC-N4.mp4,N5|N2|REVEAL|N4,PUSH|N5|Aa|N4|HIDE|REVEAL|GO|N2,timó murak girda dabi,timó|murak|girda|dabi,vánta|timó|gyék|dabi|zsübe|girda|kávler|murak,,,,,,,,,,,,,,,,,,,,,,,,,,,,,,,,,,,0,15,15,15,1,,,,,,,,,,
,,,,,,,,,,,,,,,,,,,,,,,,,2,,,413753,1964.11.05,2026-04-26_19h31.32.620,BrocantoHPilot1WOSession2,2025.2.4,Win32,120.1923077,,,,,,,,,,,,,,,Ab SBJ.N5 JUMP-INTR,,,7107.039,2,Ab-SBJ-N5-JUMP-INTR.mp4,Ab|N5|JUMP,JUMP|N3|Aa|N2|N5|PUSH|Ab,zsot|timó|bonip,bonip|zilép|gyék|murak|timó|vánta|zsot,1,9.194,24.08,zsot timó bonip,7135.382,,,,,,Ab-SBJ-N5-JUMP-INTR.mp4,Ab|N5|JUMP,JUMP|N3|Aa|N2|N5|PUSH|Ab,zsot timó bonip,zsot|timó|bonip,bonip|zilép|gyék|murak|timó|vánta|zsot,,,,,,,,,,,,,,,,,,,,,,,,,,,,,,,,,,,0,16,16,16,1,,,,,,,,,,
,,,,,,,,,,,,,,,,,,,,,,,,,2,,,413753,1964.11.05,2026-04-26_19h31.32.620,BrocantoHPilot1WOSession2,2025.2.4,Win32,120.1923077,,,,,,,,,,,,,,,SBJ.N3 HIDE-INTR LOC.N5,,,7136.085,2,SBJ-N3-HIDE-INTR-LOC-N5.mp4,N3|HIDE|N5,N5|HIDE|N3|PUSH|GO|JUMP|Ab,zilép|zsübe|timó,timó|zsübe|zilép|vánta|kávler|bonip|zsot,0,7.039,52.154,timó zilép zsübe,7205.772,,,,,,SBJ-N3-HIDE-INTR-LOC-N5.mp4,N3|HIDE|N5,N5|HIDE|N3|PUSH|GO|JUMP|Ab,zilép zsübe timó,zilép|zsübe|timó,timó|zsübe|zilép|vánta|kávler|bonip|zsot,,,,,,,,,,,,,,,,,,,,,,,,,,,,,,,,,,,0,17,17,17,1,,,,,,,,,,
,,,,,,,,,,,,,,,,,,,,,,,,,2,,,413753,1964.11.05,2026-04-26_19h31.32.620,BrocantoHPilot1WOSession2,2025.2.4,Win32,120.1923077,,,,,,,,,,,,,,,SBJ.N3 GO-INTR LOC.N4,,,7206.323,2,SBJ-N3-GO-INTR-LOC-N4.mp4,N3|GO|N4,N3|Ab|GO|N1|N5|N4|N2,zilép|kávler|dabi,zilép|zsot|kávler|pekli|timó|dabi|murak,0,8.241,33.124,zilép dabi kávler,7244.873,,,,,,SBJ-N3-GO-INTR-LOC-N4.mp4,N3|GO|N4,N3|Ab|GO|N1|N5|N4|N2,zilép kávler dabi,zilép|kávler|dabi,zilép|zsot|kávler|pekli|timó|dabi|murak,,,,,,,,,,,,,,,,,,,,,,,,,,,,,,,,,,,0,18,18,18,1,,,,,,,,,,
,,,,,,,,,,,,,,,,,,,,,,,,,2,,,413753,1964.11.05,2026-04-26_19h31.32.620,BrocantoHPilot1WOSession2,2025.2.4,Win32,120.1923077,,,,,,,,,,,,,,,SBJ.N4 JUMP-INTR LOC.N3,,,7245.461,2,SBJ-N4-JUMP-INTR-LOC-N3.mp4,N4|JUMP|N3,JUMP|N2|N3|HIDE|GO|N5|N4,dabi|bonip|zilép,bonip|murak|zilép|zsübe|kávler|timó|dabi,0,8.262,29.36,dabi kávler zilép,7279.962,,,,,,SBJ-N4-JUMP-INTR-LOC-N3.mp4,N4|JUMP|N3,JUMP|N2|N3|HIDE|GO|N5|N4,dabi bonip zilép,dabi|bonip|zilép,bonip|murak|zilép|zsübe|kávler|timó|dabi,,,,,,,,,,,,,,,,,,,,,,,,,,,,,,,,,,,0,19,19,19,1,,,,,,,,,,
,,,,,,,,,,,,,,,,,,,,,,,,,2,,,413753,1964.11.05,2026-04-26_19h31.32.620,BrocantoHPilot1WOSession2,2025.2.4,Win32,120.1923077,,,,,,,,,,,,,,,OBJ.N5 SBJ.N1 PUSH-TR LOC.N3,,,7280.521,2,OBJ-N5-SBJ-N1-PUSH-TR-LOC-N3.mp4,N5|N1|PUSH|N3,N3|PUSH|N5|N4|GO|N1|REVEAL|Aa,timó|pekli|vánta|zilép,zilép|vánta|timó|dabi|kávler|pekli|girda|gyék,1,6.159,57.199,timó pekli vánta zilép,7362.519,,,,,,OBJ-N5-SBJ-N1-PUSH-TR-LOC-N3.mp4,N5|N1|PUSH|N3,N3|PUSH|N5|N4|GO|N1|REVEAL|Aa,timó pekli vánta zilép,timó|pekli|vánta|zilép,zilép|vánta|timó|dabi|kávler|pekli|girda|gyék,,,,,,,,,,,,,,,,,,,,,,,,,,,,,,,,,,,0,20,20,20,1,,,,,,,,,,
,,,,,,,,,,,,,,,,,,,,,,,,,2,,,413753,1964.11.05,2026-04-26_19h31.32.620,BrocantoHPilot1WOSession2,2025.2.4,Win32,120.1923077,,,,,,,,,,,,,,,OBJ.N5 Ab SBJ.N1 REVEAL-TR,,,7363.179,2,OBJ-N5-Ab-SBJ-N1-REVEAL-TR.mp4,N5|Ab|N1|REVEAL,Aa|N1|JUMP|N5|Ab|N2|REVEAL|GO,timó|zsot|pekli|girda,gyék|pekli|bonip|timó|zsot|murak|girda|kávler,0,7.091,32.663,timó girda zsot pekli,7403.168,,,,,,OBJ-N5-Ab-SBJ-N1-REVEAL-TR.mp4,N5|Ab|N1|REVEAL,Aa|N1|JUMP|N5|Ab|N2|REVEAL|GO,timó zsot pekli girda,timó|zsot|pekli|girda,gyék|pekli|bonip|timó|zsot|murak|girda|kávler,,,,,,,,,,,,,,,,,,,,,,,,,,,,,,,,,,,0,21,21,21,1,,,,,,,,,,
,,,,,,,,,,,,,,,,,,,,,,,,,2,,,413753,1964.11.05,2026-04-26_19h31.32.620,BrocantoHPilot1WOSession2,2025.2.4,Win32,120.1923077,,,,,,,,,,,,,,,Ab OBJ.N5 Ab SBJ.N1 REVEAL-TR LOC.N2,,,7403.703,2,Ab-OBJ-N5-Ab-SBJ-N1-REVEAL-TR-LOC-N2.mp4,Ab|N5|Ab|N1|REVEAL|N2,Ab|PUSH|N4|JUMP|REVEAL|N1|N5|N2|N3|Ab,zsot|timó|zsot|pekli|girda|murak,zsot|vánta|dabi|bonip|girda|pekli|timó|murak|zilép|zsot,0,7.131,110.87,murak zsot timó zsot pekli girda,7521.569,,,,,,Ab-OBJ-N5-Ab-SBJ-N1-REVEAL-TR-LOC-N2.mp4,Ab|N5|Ab|N1|REVEAL|N2,Ab|PUSH|N4|JUMP|REVEAL|N1|N5|N2|N3|Ab,zsot timó zsot pekli girda murak,zsot|timó|zsot|pekli|girda|murak,zsot|vánta|dabi|bonip|girda|pekli|timó|murak|zilép|zsot,,,,,,,,,,,,,,,,,,,,,,,,,,,,,,,,,,,0,22,22,22,1,,,,,,,,,,
,,,,,,,,,,,,,,,,,,,,,,,,,2,,,413753,1964.11.05,2026-04-26_19h31.32.620,BrocantoHPilot1WOSession2,2025.2.4,Win32,120.1923077,,,,,,,,,,,,,,,SBJ.N1 REVEAL-INTR LOC.N5,,,7522.149,2,SBJ-N1-REVEAL-INTR-LOC-N5.mp4,N1|REVEAL|N5,GO|N5|REVEAL|Aa|PUSH|Ab|N1,pekli|girda|timó,kávler|timó|girda|gyék|vánta|zsot|pekli,0,9.29,19.164,timó pekli girda,7546.23,,,,,,SBJ-N1-REVEAL-INTR-LOC-N5.mp4,N1|REVEAL|N5,GO|N5|REVEAL|Aa|PUSH|Ab|N1,pekli girda timó,pekli|girda|timó,kávler|timó|girda|gyék|vánta|zsot|pekli,,,,,,,,,,,,,,,,,,,,,,,,,,,,,,,,,,,0,23,23,23,1,,,,,,,,,,
,,,,,,,,,,,,,,,,,,,,,,,,,2,,,413753,1964.11.05,2026-04-26_19h31.32.620,BrocantoHPilot1WOSession2,2025.2.4,Win32,120.1923077,,,,,,,,,,,,,,,OBJ.N5 SBJ.N1 HIDE-TR Ab LOC.N4,,,7546.82,2,OBJ-N5-SBJ-N1-HIDE-TR-Ab-LOC-N4.mp4,N5|N1|HIDE|Ab|N4,N1|N5|GO|PUSH|HIDE|Ab|N2|N4|N3,timó|pekli|zsübe|zsot|dabi,pekli|timó|kávler|vánta|zsübe|zsot|murak|dabi|zilép,0,7.726,37.203,timó zsübe zsot pekli dabi,7596.423,,,,,,OBJ-N5-SBJ-N1-HIDE-TR-Ab-LOC-N4.mp4,N5|N1|HIDE|Ab|N4,N1|N5|GO|PUSH|HIDE|Ab|N2|N4|N3,timó pekli zsübe zsot dabi,timó|pekli|zsübe|zsot|dabi,pekli|timó|kávler|vánta|zsübe|zsot|murak|dabi|zilép,,,,,,,,,,,,,,,,,,,,,,,,,,,,,,,,,,,0,24,24,24,1,,,,,,,,,,
,,,,,,,,,,,,,,,,,,,,,,,,,2,,,413753,1964.11.05,2026-04-26_19h31.32.620,BrocantoHPilot1WOSession2,2025.2.4,Win32,120.1923077,,,,,,,,,,,,,,,Ab SBJ.N1 REVEAL-INTR LOC.N5,,,7597.034,2,Ab-SBJ-N1-REVEAL-INTR-LOC-N5.mp4,Ab|N1|REVEAL|N5,GO|REVEAL|HIDE|Aa|N4|N5|N1|Ab,zsot|pekli|girda|timó,kávler|girda|zsübe|gyék|dabi|timó|pekli|zsot,0,17.761,35.534,timó zsübe pekli zsot,7638.103,,,,,,Ab-SBJ-N1-REVEAL-INTR-LOC-N5.mp4,Ab|N1|REVEAL|N5,GO|REVEAL|HIDE|Aa|N4|N5|N1|Ab,zsot pekli girda timó,zsot|pekli|girda|timó,kávler|girda|zsübe|gyék|dabi|timó|pekli|zsot,,,,,,,,,,,,,,,,,,,,,,,,,,,,,,,,,,,0,25,25,25,1,,,,,,,,,,
,,,,,,,,,,,,,,,,,,,,,,,,,2,,,413753,1964.11.05,2026-04-26_19h31.32.620,BrocantoHPilot1WOSession2,2025.2.4,Win32,120.1923077,,,,,,,,,,,,,,,OBJ.N5 Ab SBJ.N4 REVEAL-TR Ab LOC.N1,,,7638.744,2,OBJ-N5-Ab-SBJ-N4-REVEAL-TR-Ab-LOC-N1.mp4,N5|Ab|N4|REVEAL|Ab|N1,PUSH|REVEAL|N2|Aa|Ab|N4|Ab|N5|N1|GO,timó|zsot|dabi|girda|zsot|pekli,vánta|girda|murak|gyék|zsot|dabi|zsot|timó|pekli|kávler,0,6.259,80.491,timó dabi zsot girda pekli zsot,7730.238,,,,,,OBJ-N5-Ab-SBJ-N4-REVEAL-TR-Ab-LOC-N1.mp4,N5|Ab|N4|REVEAL|Ab|N1,PUSH|REVEAL|N2|Aa|Ab|N4|Ab|N5|N1|GO,timó zsot dabi girda zsot pekli,timó|zsot|dabi|girda|zsot|pekli,vánta|girda|murak|gyék|zsot|dabi|zsot|timó|pekli|kávler,,,,,,,,,,,,,,,,,,,,,,,,,,,,,,,,,,,0,26,26,26,1,,,,,,,,,,
,,,,,,,,,,,,,,,,,,,,,,,,,2,,,413753,1964.11.05,2026-04-26_19h31.32.620,BrocantoHPilot1WOSession2,2025.2.4,Win32,120.1923077,,,,,,,,,,,,,,,Ab SBJ.N2 REVEAL-INTR LOC.N3,,,7730.823,2,Ab-SBJ-N2-REVEAL-INTR-LOC-N3.mp4,Ab|N2|REVEAL|N3,Ab|HIDE|GO|REVEAL|N4|N3|Aa|N2,zsot|murak|girda|zilép,zsot|zsübe|kávler|girda|dabi|zilép|gyék|murak,0,9.485,29.541,zsot murak zsübe zilép,7767.877,,,,,,Ab-SBJ-N2-REVEAL-INTR-LOC-N3.mp4,Ab|N2|REVEAL|N3,Ab|HIDE|GO|REVEAL|N4|N3|Aa|N2,zsot murak girda zilép,zsot|murak|girda|zilép,zsot|zsübe|kávler|girda|dabi|zilép|gyék|murak,,,,,,,,,,,,,,,,,,,,,,,,,,,,,,,,,,,0,27,27,27,1,,,,,,,,,,
,,,,,,,,,,,,,,,,,,,,,,,,,2,,,413753,1964.11.05,2026-04-26_19h31.32.620,BrocantoHPilot1WOSession2,2025.2.4,Win32,120.1923077,,,,,,,,,,,,,,,OBJ.N5 SBJ.N1 PUSH-TR,,,7768.472,2,OBJ-N5-SBJ-N1-PUSH-TR.mp4,N5|N1|PUSH,Ab|PUSH|N5|N1|Aa|HIDE|N3,timó|pekli|vánta,zsot|vánta|timó|pekli|gyék|zsübe|zilép,1,6.217,26.178,timó pekli vánta,7799.413,,,,,,OBJ-N5-SBJ-N1-PUSH-TR.mp4,N5|N1|PUSH,Ab|PUSH|N5|N1|Aa|HIDE|N3,timó pekli vánta,timó|pekli|vánta,zsot|vánta|timó|pekli|gyék|zsübe|zilép,,,,,,,,,,,,,,,,,,,,,,,,,,,,,,,,,,,0,28,28,28,1,,,,,,,,,,
,,,,,,,,,,,,,,,,,,,,,,,,,2,,,413753,1964.11.05,2026-04-26_19h31.32.620,BrocantoHPilot1WOSession2,2025.2.4,Win32,120.1923077,,,,,,,,,,,,,,,SBJ.N2 GO-INTR,,,7799.978,2,SBJ-N2-GO-INTR.mp4,N2|GO,N2|JUMP|PUSH|REVEAL|GO|N3,murak|kávler,murak|bonip|vánta|girda|kávler|zilép,0,9.935,16.193,murak bonip,7820.231,,,,,,SBJ-N2-GO-INTR.mp4,N2|GO,N2|JUMP|PUSH|REVEAL|GO|N3,murak kávler,murak|kávler,murak|bonip|vánta|girda|kávler|zilép,,,,,,,,,,,,,,,,,,,,,,,,,,,,,,,,,,,0,29,29,29,1,,,,,,,,,,
,,,,,,,,,,,,,,,,,,,,,,,,,2,,,413753,1964.11.05,2026-04-26_19h31.32.620,BrocantoHPilot1WOSession2,2025.2.4,Win32,120.1923077,,,,,,,,,,,,,,,OBJ.N5 SBJ.N3 HIDE-TR LOC.N1,,,7820.861,2,OBJ-N5-SBJ-N3-HIDE-TR-LOC-N1.mp4,N5|N3|HIDE|N1,HIDE|GO|N1|JUMP|N5|N2|N3|REVEAL,timó|zilép|zsübe|pekli,zsübe|kávler|pekli|bonip|timó|murak|zilép|girda,1,8.22,49.968,timó zilép zsübe pekli,7875.572,,,,,,OBJ-N5-SBJ-N3-HIDE-TR-LOC-N1.mp4,N5|N3|HIDE|N1,HIDE|GO|N1|JUMP|N5|N2|N3|REVEAL,timó zilép zsübe pekli,timó|zilép|zsübe|pekli,zsübe|kávler|pekli|bonip|timó|murak|zilép|girda,,,,,,,,,,,,,,,,,,,,,,,,,,,,,,,,,,,0,30,30,30,1,,,,,,,,,,
,,,,,,,,,,,,,,,,,,,,,,,,,2,,,413753,1964.11.05,2026-04-26_19h31.32.620,BrocantoHPilot1WOSession2,2025.2.4,Win32,120.1923077,,,,,,,,,,,,,,,Ab OBJ.N5 Aa SBJ.N5 REVEAL-TR,,,7876.11,2,Ab-OBJ-N5-Aa-SBJ-N5-REVEAL-TR.mp4,Ab|N5|Aa|N5|REVEAL,REVEAL|Aa|HIDE|N3|N4|N2|Ab|N5|N5,zsot|timó|gyék|timó|girda,girda|gyék|zsübe|zilép|dabi|murak|zsot|timó|timó,0,9.553,26.478,timó zsübe timó,7909.923,,,,,,Ab-OBJ-N5-Aa-SBJ-N5-REVEAL-TR.mp4,Ab|N5|Aa|N5|REVEAL,REVEAL|Aa|HIDE|N3|N4|N2|Ab|N5|N5,zsot timó gyék timó girda,zsot|timó|gyék|timó|girda,girda|gyék|zsübe|zilép|dabi|murak|zsot|timó|timó,,,,,,,,,,,,,,,,,,,,,,,,,,,,,,,,,,,0,31,31,31,1,,,,,,,,,,
,,,,,,,,,,,,,,,,,,,,,,,,,2,,,413753,1964.11.05,2026-04-26_19h31.32.620,BrocantoHPilot1WOSession2,2025.2.4,Win32,120.1923077,,,,,,,,,,,,,,,Ab SBJ.N1 HIDE-INTR,,,7910.588,2,Ab-SBJ-N1-HIDE-INTR.mp4,Ab|N1|HIDE,Ab|HIDE|Aa|N2|N3|N1|N5,zsot|pekli|zsübe,zsot|zsübe|gyék|murak|zilép|pekli|timó,1,6.744,12.631,zsot pekli zsübe,7927.89,,,,,,Ab-SBJ-N1-HIDE-INTR.mp4,Ab|N1|HIDE,Ab|HIDE|Aa|N2|N3|N1|N5,zsot pekli zsübe,zsot|pekli|zsübe,zsot|zsübe|gyék|murak|zilép|pekli|timó,,,,,,,,,,,,,,,,,,,,,,,,,,,,,,,,,,,0,32,32,32,1,,,,,,,,,,
,,,,,,,,,,,,,,,,,,,,,,,,,2,,,413753,1964.11.05,2026-04-26_19h31.32.620,BrocantoHPilot1WOSession2,2025.2.4,Win32,120.1923077,,,,,,,,,,,,,,,OBJ.N5 SBJ.N4 PUSH-TR,,,7928.467,2,OBJ-N5-SBJ-N4-PUSH-TR.mp4,N5|N4|PUSH,N4|JUMP|Aa|PUSH|GO|N1|N5,timó|dabi|vánta,dabi|bonip|gyék|vánta|kávler|pekli|timó,0,6.257,36.11,dabi bonip timó,7971.433,,,,,,OBJ-N5-SBJ-N4-PUSH-TR.mp4,N5|N4|PUSH,N4|JUMP|Aa|PUSH|GO|N1|N5,timó dabi vánta,timó|dabi|vánta,dabi|bonip|gyék|vánta|kávler|pekli|timó,,,,,,,,,,,,,,,,,,,,,,,,,,,,,,,,,,,0,33,33,33,1,,,,,,,,,,
,,,,,,,,,,,,,,,,,,,,,,,,,2,,,413753,1964.11.05,2026-04-26_19h31.32.620,BrocantoHPilot1WOSession2,2025.2.4,Win32,120.1923077,,,,,,,,,,,,,,,Ab OBJ.N5 Ab SBJ.N3 HIDE-TR Ab LOC.N1,,,7971.937,2,Ab-OBJ-N5-Ab-SBJ-N3-HIDE-TR-Ab-LOC-N1.mp4,Ab|N5|Ab|N3|HIDE|Ab|N1,N3|Ab|N1|REVEAL|PUSH|N5|GO|Ab|HIDE|JUMP|Ab,zsot|timó|zsot|zilép|zsübe|zsot|pekli,zilép|zsot|pekli|girda|vánta|timó|kávler|zsot|zsübe|bonip|zsot,0,7.879,122.627,zsot zilép zsot timó zsübe zsot pekli,8115.511,,,,,,Ab-OBJ-N5-Ab-SBJ-N3-HIDE-TR-Ab-LOC-N1.mp4,Ab|N5|Ab|N3|HIDE|Ab|N1,N3|Ab|N1|REVEAL|PUSH|N5|GO|Ab|HIDE|JUMP|Ab,zsot timó zsot zilép zsübe zsot pekli,zsot|timó|zsot|zilép|zsübe|zsot|pekli,zilép|zsot|pekli|girda|vánta|timó|kávler|zsot|zsübe|bonip|zsot,,,,,,,,,,,,,,,,,,,,,,,,,,,,,,,,,,,0,34,34,34,1,,,,,,,,,,
,,,,,,,,,,,,,,,,,,,,,,,,,2,,,413753,1964.11.05,2026-04-26_19h31.32.620,BrocantoHPilot1WOSession2,2025.2.4,Win32,120.1923077,,,,,,,,,,,,,,,Ab SBJ.N3 JUMP-INTR,,,8116.123,2,Ab-SBJ-N3-JUMP-INTR.mp4,Ab|N3|JUMP,PUSH|REVEAL|N3|N1|JUMP|Ab|Aa,zsot|zilép|bonip,vánta|girda|zilép|pekli|bonip|zsot|gyék,1,8.349,46.001,zsot zilép bonip,8168.987,,,,,,Ab-SBJ-N3-JUMP-INTR.mp4,Ab|N3|JUMP,PUSH|REVEAL|N3|N1|JUMP|Ab|Aa,zsot zilép bonip,zsot|zilép|bonip,vánta|girda|zilép|pekli|bonip|zsot|gyék,,,,,,,,,,,,,,,,,,,,,,,,,,,,,,,,,,,0,35,35,35,1,,,,,,,,,,
,,,,,,,,,,,,,,,,,,,,,,,,,2,,,413753,1964.11.05,2026-04-26_19h31.32.620,BrocantoHPilot1WOSession2,2025.2.4,Win32,120.1923077,,,,,,,,,,,,,,,SBJ.N5 GO-INTR,,,8169.557,2,SBJ-N5-GO-INTR.mp4,N5|GO,Ab|N2|JUMP|N4|N5|GO,timó|kávler,zsot|murak|bonip|dabi|timó|kávler,1,13.058,27.472,timó kávler,8202.505,,,,,,SBJ-N5-GO-INTR.mp4,N5|GO,Ab|N2|JUMP|N4|N5|GO,timó kávler,timó|kávler,zsot|murak|bonip|dabi|timó|kávler,,,,,,,,,,,,,,,,,,,,,,,,,,,,,,,,,,,0,36,36,36,1,,,,,,,,,,
,,,,,,,,,,,,,,,,,,,,,,,,,2,,,413753,1964.11.05,2026-04-26_19h31.32.620,BrocantoHPilot1WOSession2,2025.2.4,Win32,120.1923077,,,,,,,,,,,,,,,Aa SBJ.N2 HIDE-INTR Ab LOC.N5,,,8203.148,2,Aa-SBJ-N2-HIDE-INTR-Ab-LOC-N5.mp4,Aa|N2|HIDE|Ab|N5,N4|Aa|PUSH|JUMP|Ab|N2|N5|N3|HIDE,gyék|murak|zsübe|zsot|timó,dabi|gyék|vánta|bonip|zsot|murak|timó|zilép|zsübe,0,8.938,53.927,zsot timó murak zsübe,8263.871,,,,,,Aa-SBJ-N2-HIDE-INTR-Ab-LOC-N5.mp4,Aa|N2|HIDE|Ab|N5,N4|Aa|PUSH|JUMP|Ab|N2|N5|N3|HIDE,gyék murak zsübe zsot timó,gyék|murak|zsübe|zsot|timó,dabi|gyék|vánta|bonip|zsot|murak|timó|zilép|zsübe,,,,,,,,,,,,,,,,,,,,,,,,,,,,,,,,,,,0,37,37,37,1,,,,,,,,,,
,,,,,,,,,,,,,,,,,,,,,,,,,2,,,413753,1964.11.05,2026-04-26_19h31.32.620,BrocantoHPilot1WOSession2,2025.2.4,Win32,120.1923077,,,,,,,,,,,,,,,Ab SBJ.N1 JUMP-INTR Aa LOC.N4,,,8264.518,2,Ab-SBJ-N1-JUMP-INTR-Aa-LOC-N4.mp4,Ab|N1|JUMP|Aa|N4,Aa|N1|N3|JUMP|Ab|GO|N4|N2|REVEAL,zsot|pekli|bonip|gyék|dabi,gyék|pekli|zilép|bonip|zsot|kávler|dabi|murak|girda,0,10.44,34.791,zsot dabi pekli kávler,8306.029,,,,,,Ab-SBJ-N1-JUMP-INTR-Aa-LOC-N4.mp4,Ab|N1|JUMP|Aa|N4,Aa|N1|N3|JUMP|Ab|GO|N4|N2|REVEAL,zsot pekli bonip gyék dabi,zsot|pekli|bonip|gyék|dabi,gyék|pekli|zilép|bonip|zsot|kávler|dabi|murak|girda,,,,,,,,,,,,,,,,,,,,,,,,,,,,,,,,,,,0,38,38,38,1,,,,,,,,,,
,,,,,,,,,,,,,,,,,,,,,,,,,2,,,413753,1964.11.05,2026-04-26_19h31.32.620,BrocantoHPilot1WOSession2,2025.2.4,Win32,120.1923077,,,,,,,,,,,,,,,Aa SBJ.N1 JUMP-INTR LOC.N4,,,8306.62,2,Aa-SBJ-N1-JUMP-INTR-LOC-N4.mp4,Aa|N1|JUMP|N4,GO|N4|N1|Ab|HIDE|JUMP|Aa|PUSH,gyék|pekli|bonip|dabi,kávler|dabi|pekli|zsot|zsübe|bonip|gyék|vánta,0,6.296,23.162,zsot pekli vánta dabi,8335.987,,,,,,Aa-SBJ-N1-JUMP-INTR-LOC-N4.mp4,Aa|N1|JUMP|N4,GO|N4|N1|Ab|HIDE|JUMP|Aa|PUSH,gyék pekli bonip dabi,gyék|pekli|bonip|dabi,kávler|dabi|pekli|zsot|zsübe|bonip|gyék|vánta,,,,,,,,,,,,,,,,,,,,,,,,,,,,,,,,,,,0,39,39,39,1,,,,,,,,,,
,,,,,,,,,,,,,,,,,,,,,,,,,2,,,413753,1964.11.05,2026-04-26_19h31.32.620,BrocantoHPilot1WOSession2,2025.2.4,Win32,120.1923077,,,,,,,,,,,,,,,OBJ.N5 SBJ.N4 PUSH-TR Ab LOC.N3,,,8336.501,2,OBJ-N5-SBJ-N4-PUSH-TR-Ab-LOC-N3.mp4,N5|N4|PUSH|Ab|N3,Ab|Aa|N3|GO|HIDE|N4|PUSH|N5|N2,timó|dabi|vánta|zsot|zilép,zsot|gyék|zilép|kávler|zsübe|dabi|vánta|timó|murak,0,6.923,37.791,zsot zilép gyék timó dabi,8379.934,,,,,,OBJ-N5-SBJ-N4-PUSH-TR-Ab-LOC-N3.mp4,N5|N4|PUSH|Ab|N3,Ab|Aa|N3|GO|HIDE|N4|PUSH|N5|N2,timó dabi vánta zsot zilép,timó|dabi|vánta|zsot|zilép,zsot|gyék|zilép|kávler|zsübe|dabi|vánta|timó|murak,,,,,,,,,,,,,,,,,,,,,,,,,,,,,,,,,,,0,40,40,40,1,,,,,,,,,,
,,,,,,,,,,,,,,,,,,,,,,,,,2,,,413753,1964.11.05,2026-04-26_19h31.32.620,BrocantoHPilot1WOSession2,2025.2.4,Win32,120.1923077,,,,,,,,,,,,,,,Ab OBJ.N5 Ab SBJ.N1 REVEAL-TR,,,8380.519,2,Ab-OBJ-N5-Ab-SBJ-N1-REVEAL-TR.mp4,Ab|N5|Ab|N1|REVEAL,Aa|JUMP|PUSH|Ab|REVEAL|N1|Ab|N5|HIDE,zsot|timó|zsot|pekli|girda,gyék|bonip|vánta|zsot|girda|pekli|zsot|timó|zsübe,0,8.911,34.348,timó zsot pekli,8435.841,,,,,,Ab-OBJ-N5-Ab-SBJ-N1-REVEAL-TR.mp4,Ab|N5|Ab|N1|REVEAL,Aa|JUMP|PUSH|Ab|REVEAL|N1|Ab|N5|HIDE,zsot timó zsot pekli girda,zsot|timó|zsot|pekli|girda,gyék|bonip|vánta|zsot|girda|pekli|zsot|timó|zsübe,,,,,,,,,,,,,,,,,,,,,,,,,,,,,,,,,,,0,41,41,41,1,,,,,,,,,,
,,,,,,,,,,,,,,,,,,,,,,,,,2,,,413753,1964.11.05,2026-04-26_19h31.32.620,BrocantoHPilot1WOSession2,2025.2.4,Win32,120.1923077,,,,,,,,,,,,,,,,,,,,,,,,,,,,,,,,,,,,,,,,,8464.374,chunkTest_s2,0,2,N3-N5.mp3,0,4.98,6,1,7.072,8.522,8476.361,,,,,,N3-N5.mp3,0,,,,,,,,,,,,,,,,,,,,,0,0,0,6,1,,,,,
,,,,,,,,,,,,,,,,,,,,,,,,,2,,,413753,1964.11.05,2026-04-26_19h31.32.620,BrocantoHPilot1WOSession2,2025.2.4,Win32,120.1923077,,,,,,,,,,,,,,,,,,,,,,,,,,,,,,,,,,,,,,,,,8476.888,chunkTest_s2,1,2,N3-HIDE.mp3,16,1.708,6,1,3.428,4.929,8483.717,,,,,,N3-HIDE.mp3,16,,,,,,,,,,,,,,,,,,,,,0,1,1,8,1,,,,,
,,,,,,,,,,,,,,,,,,,,,,,,,2,,,413753,1964.11.05,2026-04-26_19h31.32.620,BrocantoHPilot1WOSession2,2025.2.4,Win32,120.1923077,,,,,,,,,,,,,,,,,,,,,,,,,,,,,,,,,,,,,,,,,8484.269,chunkTest_s2,2,2,N1-N4.mp3,0,1.573,6,1,3.231,4.975,8490.775,,,,,,N1-N4.mp3,0,,,,,,,,,,,,,,,,,,,,,0,2,2,3,1,,,,,
,,,,,,,,,,,,,,,,,,,,,,,,,2,,,413753,1964.11.05,2026-04-26_19h31.32.620,BrocantoHPilot1WOSession2,2025.2.4,Win32,120.1923077,,,,,,,,,,,,,,,,,,,,,,,,,,,,,,,,,,,,,,,,,8491.326,chunkTest_s2,3,2,HIDE-HIDE.mp3,0,2.511,1,1,4.261,5.885,8498.232,,,,,,HIDE-HIDE.mp3,0,,,,,,,,,,,,,,,,,,,,,0,3,3,2,1,,,,,
,,,,,,,,,,,,,,,,,,,,,,,,,2,,,413753,1964.11.05,2026-04-26_19h31.32.620,BrocantoHPilot1WOSession2,2025.2.4,Win32,120.1923077,,,,,,,,,,,,,,,,,,,,,,,,,,,,,,,,,,,,,,,,,8498.838,chunkTest_s2,4,2,HIDE-GO.mp3,0,0.913,1,1,4.04,6.163,8506.138,,,,,,HIDE-GO.mp3,0,,,,,,,,,,,,,,,,,,,,,0,4,4,17,1,,,,,
,,,,,,,,,,,,,,,,,,,,,,,,,2,,,413753,1964.11.05,2026-04-26_19h31.32.620,BrocantoHPilot1WOSession2,2025.2.4,Win32,120.1923077,,,,,,,,,,,,,,,,,,,,,,,,,,,,,,,,,,,,,,,,,8506.753,chunkTest_s2,5,2,PUSH-N2.mp3,6,5.858,1,2,3.368,7.958,8515.713,,,,,,PUSH-N2.mp3,6,,,,,,,,,,,,,,,,,,,,,0,5,5,16,1,,,,,
,,,,,,,,,,,,,,,,,,,,,,,,,2,,,413753,1964.11.05,2026-04-26_19h31.32.620,BrocantoHPilot1WOSession2,2025.2.4,Win32,120.1923077,,,,,,,,,,,,,,,,,,,,,,,,,,,,,,,,,,,,,,,,,8516.368,chunkTest_s2,6,2,N3-GO.mp3,6,4.151,6,1,6.408,7.408,8525.032,,,,,,N3-GO.mp3,6,,,,,,,,,,,,,,,,,,,,,0,6,6,12,1,,,,,
,,,,,,,,,,,,,,,,,,,,,,,,,2,,,413753,1964.11.05,2026-04-26_19h31.32.620,BrocantoHPilot1WOSession2,2025.2.4,Win32,120.1923077,,,,,,,,,,,,,,,,,,,,,,,,,,,,,,,,,,,,,,,,,8525.621,chunkTest_s2,7,2,N2-REVEAL.mp3,16,1.831,6,1,3.648,5.856,8532.739,,,,,,N2-REVEAL.mp3,16,,,,,,,,,,,,,,,,,,,,,0,7,7,14,1,,,,,
,,,,,,,,,,,,,,,,,,,,,,,,,2,,,413753,1964.11.05,2026-04-26_19h31.32.620,BrocantoHPilot1WOSession2,2025.2.4,Win32,120.1923077,,,,,,,,,,,,,,,,,,,,,,,,,,,,,,,,,,,,,,,,,8533.323,chunkTest_s2,8,2,REVEAL-GO.mp3,0,1.762,6,1,3.837,4.504,8538.924,,,,,,REVEAL-GO.mp3,0,,,,,,,,,,,,,,,,,,,,,0,8,8,19,1,,,,,
,,,,,,,,,,,,,,,,,,,,,,,,,2,,,413753,1964.11.05,2026-04-26_19h31.32.620,BrocantoHPilot1WOSession2,2025.2.4,Win32,120.1923077,,,,,,,,,,,,,,,,,,,,,,,,,,,,,,,,,,,,,,,,,8539.523,chunkTest_s2,9,2,GO-N3.mp3,2,1.029,6,1,3.153,12.661,8553.098,,,,,,GO-N3.mp3,2,,,,,,,,,,,,,,,,,,,,,0,9,9,9,1,,,,,
,,,,,,,,,,,,,,,,,,,,,,,,,2,,,413753,1964.11.05,2026-04-26_19h31.32.620,BrocantoHPilot1WOSession2,2025.2.4,Win32,120.1923077,,,,,,,,,,,,,,,,,,,,,,,,,,,,,,,,,,,,,,,,,8553.697,chunkTest_s2,10,2,JUMP-N4.mp3,2,2.037,6,1,3.914,6.437,8561.12,,,,,,JUMP-N4.mp3,2,,,,,,,,,,,,,,,,,,,,,0,10,10,13,1,,,,,
,,,,,,,,,,,,,,,,,,,,,,,,,2,,,413753,1964.11.05,2026-04-26_19h31.32.620,BrocantoHPilot1WOSession2,2025.2.4,Win32,120.1923077,,,,,,,,,,,,,,,,,,,,,,,,,,,,,,,,,,,,,,,,,8561.811,chunkTest_s2,11,2,JUMP-REVEAL.mp3,0,4.682,1,3,7.749,12.249,8575.064,,,,,,JUMP-REVEAL.mp3,0,,,,,,,,,,,,,,,,,,,,,0,11,11,7,1,,,,,
,,,,,,,,,,,,,,,,,,,,,,,,,2,,,413753,1964.11.05,2026-04-26_19h31.32.620,BrocantoHPilot1WOSession2,2025.2.4,Win32,120.1923077,,,,,,,,,,,,,,,,,,,,,,,,,,,,,,,,,,,,,,,,,8575.614,chunkTest_s2,12,2,N2-N4.mp3,0,1.473,6,1,3.082,4.531,8581.546,,,,,,N2-N4.mp3,0,,,,,,,,,,,,,,,,,,,,,0,12,12,5,1,,,,,
,,,,,,,,,,,,,,,,,,,,,,,,,2,,,413753,1964.11.05,2026-04-26_19h31.32.620,BrocantoHPilot1WOSession2,2025.2.4,Win32,120.1923077,,,,,,,,,,,,,,,,,,,,,,,,,,,,,,,,,,,,,,,,,8582.157,chunkTest_s2,13,2,GO-N1.mp3,1,1.493,6,1,3.493,5.751,8589.01,,,,,,GO-N1.mp3,1,,,,,,,,,,,,,,,,,,,,,0,13,13,11,1,,,,,
,,,,,,,,,,,,,,,,,,,,,,,,,2,,,413753,1964.11.05,2026-04-26_19h31.32.620,BrocantoHPilot1WOSession2,2025.2.4,Win32,120.1923077,,,,,,,,,,,,,,,,,,,,,,,,,,,,,,,,,,,,,,,,,8589.539,chunkTest_s2,14,2,PUSH-HIDE.mp3,0,4.831,1,1,6.636,9.232,8600.104,,,,,,PUSH-HIDE.mp3,0,,,,,,,,,,,,,,,,,,,,,0,14,14,1,1,,,,,
,,,,,,,,,,,,,,,,,,,,,,,,,2,,,413753,1964.11.05,2026-04-26_19h31.32.620,BrocantoHPilot1WOSession2,2025.2.4,Win32,120.1923077,,,,,,,,,,,,,,,,,,,,,,,,,,,,,,,,,,,,,,,,,8600.645,chunkTest_s2,15,2,N4-N1.mp3,0,3.447,6,1,5.346,8.122,8610.002,,,,,,N4-N1.mp3,0,,,,,,,,,,,,,,,,,,,,,0,15,15,18,1,,,,,
,,,,,,,,,,,,,,,,,,,,,,,,,2,,,413753,1964.11.05,2026-04-26_19h31.32.620,BrocantoHPilot1WOSession2,2025.2.4,Win32,120.1923077,,,,,,,,,,,,,,,,,,,,,,,,,,,,,,,,,,,,,,,,,8610.695,chunkTest_s2,16,2,PUSH-N4.mp3,6,1.938,6,1,3.437,5.571,8617.278,,,,,,PUSH-N4.mp3,6,,,,,,,,,,,,,,,,,,,,,0,16,16,15,1,,,,,
,,,,,,,,,,,,,,,,,,,,,,,,,2,,,413753,1964.11.05,2026-04-26_19h31.32.620,BrocantoHPilot1WOSession2,2025.2.4,Win32,120.1923077,,,,,,,,,,,,,,,,,,,,,,,,,,,,,,,,,,,,,,,,,8617.964,chunkTest_s2,17,2,N1-N5.mp3,0,1.218,6,1,2.968,4.343,8623.435,,,,,,N1-N5.mp3,0,,,,,,,,,,,,,,,,,,,,,0,17,17,0,1,,,,,
,,,,,,,,,,,,,,,,,,,,,,,,,2,,,413753,1964.11.05,2026-04-26_19h31.32.620,BrocantoHPilot1WOSession2,2025.2.4,Win32,120.1923077,,,,,,,,,,,,,,,,,,,,,,,,,,,,,,,,,,,,,,,,,8624.052,chunkTest_s2,18,2,HIDE-Aa.mp3,1,1.497,6,1,4.637,8.176,8633.353,,,,,,HIDE-Aa.mp3,1,,,,,,,,,,,,,,,,,,,,,0,18,18,4,1,,,,,
,,,,,,,,,,,,,,,,,,,,,,,,,2,,,413753,1964.11.05,2026-04-26_19h31.32.620,BrocantoHPilot1WOSession2,2025.2.4,Win32,120.1923077,,,,,,,,,,,,,,,,,,,,,,,,,,,,,,,,,,,,,,,,,8633.965,chunkTest_s2,19,2,JUMP-N2.mp3,3,1.924,6,1,3.798,4.968,8640.265,,,,,,JUMP-N2.mp3,3,,,,,,,,,,,,,,,,,,,,,0,19,19,10,1,,,,,
,,,,,,,,,,,,,,,,,,,,,,,,,2,,,413753,1964.11.05,2026-04-26_19h31.32.620,BrocantoHPilot1WOSession2,2025.2.4,Win32,120.1923077,,,,,,,,,,,,,,,,,,,,,,,,,,,,,,,,,,,,,,,,,8666.189,GJTest_s2,0,2,OBJ-N5-Ab-SBJ-N2-HIDE-TR-Ab-LOC-N1.mp3,0,2.71,6,1,6.568,7.568,8675.634,,,,,,OBJ-N5-Ab-SBJ-N2-HIDE-TR-Ab-LOC-N1.mp3,0,,,,,,,,,,,,,,,,,,,,,,,,,,0,0,0,5,1
,,,,,,,,,,,,,,,,,,,,,,,,,2,,,413753,1964.11.05,2026-04-26_19h31.32.620,BrocantoHPilot1WOSession2,2025.2.4,Win32,120.1923077,,,,,,,,,,,,,,,,,,,,,,,,,,,,,,,,,,,,,,,,,8676.311,GJTest_s2,1,2,OBJ-N5-SBJ-N1-PUSH-TR.mp3,5,1.969,6,1,4.728,6.889,8684.433,,,,,,OBJ-N5-SBJ-N1-PUSH-TR.mp3,5,,,,,,,,,,,,,,,,,,,,,,,,,,0,1,1,4,1
,,,,,,,,,,,,,,,,,,,,,,,,,2,,,413753,1964.11.05,2026-04-26_19h31.32.620,BrocantoHPilot1WOSession2,2025.2.4,Win32,120.1923077,,,,,,,,,,,,,,,,,,,,,,,,,,,,,,,,,,,,,,,,,8684.985,GJTest_s2,2,2,SBJ-N1-PUSH-TR.mp3,,2.404,6,1,4.279,6.548,8692.65,,,,,,SBJ-N1-PUSH-TR.mp3,,,,,,,,,,,,,,,,,,,,,,,,,,,0,2,2,14,1
,,,,,,,,,,,,,,,,,,,,,,,,,2,,,413753,1964.11.05,2026-04-26_19h31.32.620,BrocantoHPilot1WOSession2,2025.2.4,Win32,120.1923077,,,,,,,,,,,,,,,,,,,,,,,,,,,,,,,,,,,,,,,,,8693.362,GJTest_s2,3,2,SBJ-N5-JUMP-INTR.mp3,4,2.09,6,1,3.838,6.047,8700.575,,,,,,SBJ-N5-JUMP-INTR.mp3,4,,,,,,,,,,,,,,,,,,,,,,,,,,0,3,3,3,1
,,,,,,,,,,,,,,,,,,,,,,,,,2,,,413753,1964.11.05,2026-04-26_19h31.32.620,BrocantoHPilot1WOSession2,2025.2.4,Win32,120.1923077,,,,,,,,,,,,,,,,,,,,,,,,,,,,,,,,,,,,,,,,,8701.111,GJTest_s2,4,2,JUMP-INTR-LOC-N1.mp3,,1.982,1,1,3.918,8.309,8710.292,,,,,,JUMP-INTR-LOC-N1.mp3,,,,,,,,,,,,,,,,,,,,,,,,,,,0,4,4,10,1
,,,,,,,,,,,,,,,,,,,,,,,,,2,,,413753,1964.11.05,2026-04-26_19h31.32.620,BrocantoHPilot1WOSession2,2025.2.4,Win32,120.1923077,,,,,,,,,,,,,,,,,,,,,,,,,,,,,,,,,,,,,,,,,8710.97,GJTest_s2,5,2,OBJ-N5-SBJ-N2-Ab-HIDE-TR-Ab-LOC-N1-LOC-N3.mp3,,4.703,6,3,14.352,16.602,8732.265,,,,,,OBJ-N5-SBJ-N2-Ab-HIDE-TR-Ab-LOC-N1-LOC-N3.mp3,,,,,,,,,,,,,,,,,,,,,,,,,,,0,5,5,15,1
,,,,,,,,,,,,,,,,,,,,,,,,,2,,,413753,1964.11.05,2026-04-26_19h31.32.620,BrocantoHPilot1WOSession2,2025.2.4,Win32,120.1923077,,,,,,,,,,,,,,,,,,,,,,,,,,,,,,,,,,,,,,,,,8732.957,GJTest_s2,6,2,OBJ-N1-SBJ-N4-JUMP-INTR-Aa.mp3,,18.954,6,2,9.798,11.738,8754.808,,,,,,OBJ-N1-SBJ-N4-JUMP-INTR-Aa.mp3,,,,,,,,,,,,,,,,,,,,,,,,,,,0,6,6,16,1
,,,,,,,,,,,,,,,,,,,,,,,,,2,,,413753,1964.11.05,2026-04-26_19h31.32.620,BrocantoHPilot1WOSession2,2025.2.4,Win32,120.1923077,,,,,,,,,,,,,,,,,,,,,,,,,,,,,,,,,,,,,,,,,8755.438,GJTest_s2,7,2,Ab-OBJ-N4-SBJ-N3-REVEAL-TR-Aa-LOC-N5.mp3,0,1.6,6,1,5.583,5.583,8762.032,,,,,,Ab-OBJ-N4-SBJ-N3-REVEAL-TR-Aa-LOC-N5.mp3,0,,,,,,,,,,,,,,,,,,,,,,,,,,0,7,7,9,1
,,,,,,,,,,,,,,,,,,,,,,,,,2,,,413753,1964.11.05,2026-04-26_19h31.32.620,BrocantoHPilot1WOSession2,2025.2.4,Win32,120.1923077,,,,,,,,,,,,,,,,,,,,,,,,,,,,,,,,,,,,,,,,,8762.687,GJTest_s2,8,2,Aa-SBJ-N1-HIDE-INTR-Ab-LOC-N5.mp3,0,1.924,6,1,5.433,6.203,8770.256,,,,,,Aa-SBJ-N1-HIDE-INTR-Ab-LOC-N5.mp3,0,,,,,,,,,,,,,,,,,,,,,,,,,,0,8,8,7,1
,,,,,,,,,,,,,,,,,,,,,,,,,2,,,413753,1964.11.05,2026-04-26_19h31.32.620,BrocantoHPilot1WOSession2,2025.2.4,Win32,120.1923077,,,,,,,,,,,,,,,,,,,,,,,,,,,,,,,,,,,,,,,,,8770.945,GJTest_s2,9,2,OBJ-N4-Ab-SBJ-N3-REVEAL-TR-Aa-LOC-N5-LOC-N1.mp3,,9.584,6,2,6.933,14.457,8789.105,,,,,,OBJ-N4-Ab-SBJ-N3-REVEAL-TR-Aa-LOC-N5-LOC-N1.mp3,,,,,,,,,,,,,,,,,,,,,,,,,,,0,9,9,19,1
,,,,,,,,,,,,,,,,,,,,,,,,,2,,,413753,1964.11.05,2026-04-26_19h31.32.620,BrocantoHPilot1WOSession2,2025.2.4,Win32,120.1923077,,,,,,,,,,,,,,,,,,,,,,,,,,,,,,,,,,,,,,,,,8789.685,GJTest_s2,10,2,Ab-SBJ-N2-GO-INTR-LOC-N4.mp3,0,1.884,6,1,5.543,6.575,8797.426,,,,,,Ab-SBJ-N2-GO-INTR-LOC-N4.mp3,0,,,,,,,,,,,,,,,,,,,,,,,,,,0,10,10,8,1
,,,,,,,,,,,,,,,,,,,,,,,,,2,,,413753,1964.11.05,2026-04-26_19h31.32.620,BrocantoHPilot1WOSession2,2025.2.4,Win32,120.1923077,,,,,,,,,,,,,,,,,,,,,,,,,,,,,,,,,,,,,,,,,8798.083,GJTest_s2,11,2,OBJ-N1-SBJ-N2-Ab-GO-INTR-LOC-N4.mp3,,2.315,6,1,6.187,6.912,8806.138,,,,,,OBJ-N1-SBJ-N2-Ab-GO-INTR-LOC-N4.mp3,,,,,,,,,,,,,,,,,,,,,,,,,,,0,11,11,18,1
,,,,,,,,,,,,,,,,,,,,,,,,,2,,,413753,1964.11.05,2026-04-26_19h31.32.620,BrocantoHPilot1WOSession2,2025.2.4,Win32,120.1923077,,,,,,,,,,,,,,,,,,,,,,,,,,,,,,,,,,,,,,,,,8806.806,GJTest_s2,12,2,OBJ-N1-SBJ-N5-JUMP-INTR.mp3,,2.351,6,1,4.772,5.845,8814.039,,,,,,OBJ-N1-SBJ-N5-JUMP-INTR.mp3,,,,,,,,,,,,,,,,,,,,,,,,,,,0,12,12,13,1
,,,,,,,,,,,,,,,,,,,,,,,,,2,,,413753,1964.11.05,2026-04-26_19h31.32.620,BrocantoHPilot1WOSession2,2025.2.4,Win32,120.1923077,,,,,,,,,,,,,,,,,,,,,,,,,,,,,,,,,,,,,,,,,8814.582,GJTest_s2,13,2,OBJ-N5-SBJ-N1-HIDE-TR-LOC-N2-LOC-N3.mp3,,6.679,6,1,10.629,11.795,8827.514,,,,,,OBJ-N5-SBJ-N1-HIDE-TR-LOC-N2-LOC-N3.mp3,,,,,,,,,,,,,,,,,,,,,,,,,,,0,13,13,12,1
,,,,,,,,,,,,,,,,,,,,,,,,,2,,,413753,1964.11.05,2026-04-26_19h31.32.620,BrocantoHPilot1WOSession2,2025.2.4,Win32,120.1923077,,,,,,,,,,,,,,,,,,,,,,,,,,,,,,,,,,,,,,,,,8828.19,GJTest_s2,14,2,Ab-OBJ-N5-SBJ-N2-HIDE-TR.mp3,3,1.86,6,1,4.37,5.254,8834.581,,,,,,Ab-OBJ-N5-SBJ-N2-HIDE-TR.mp3,3,,,,,,,,,,,,,,,,,,,,,,,,,,0,14,14,1,1
,,,,,,,,,,,,,,,,,,,,,,,,,2,,,413753,1964.11.05,2026-04-26_19h31.32.620,BrocantoHPilot1WOSession2,2025.2.4,Win32,120.1923077,,,,,,,,,,,,,,,,,,,,,,,,,,,,,,,,,,,,,,,,,8835.182,GJTest_s2,15,2,OBJ-N5-SBJ-N2-HIDE-TR-Ab.mp3,,1.694,6,1,4.302,5.676,8842.164,,,,,,OBJ-N5-SBJ-N2-HIDE-TR-Ab.mp3,,,,,,,,,,,,,,,,,,,,,,,,,,,0,15,15,11,1
,,,,,,,,,,,,,,,,,,,,,,,,,2,,,413753,1964.11.05,2026-04-26_19h31.32.620,BrocantoHPilot1WOSession2,2025.2.4,Win32,120.1923077,,,,,,,,,,,,,,,,,,,,,,,,,,,,,,,,,,,,,,,,,8842.748,GJTest_s2,16,2,OBJ-N5-SBJ-N1-HIDE-TR-LOC-N2.mp3,6,1.401,6,1,4.427,5.929,8849.788,,,,,,OBJ-N5-SBJ-N1-HIDE-TR-LOC-N2.mp3,6,,,,,,,,,,,,,,,,,,,,,,,,,,0,16,16,2,1
,,,,,,,,,,,,,,,,,,,,,,,,,2,,,413753,1964.11.05,2026-04-26_19h31.32.620,BrocantoHPilot1WOSession2,2025.2.4,Win32,120.1923077,,,,,,,,,,,,,,,,,,,,,,,,,,,,,,,,,,,,,,,,,8850.405,GJTest_s2,17,2,SBJ-N2-JUMP-INTR-LOC-N1.mp3,1,5.198,6,1,8.289,9.27,8860.812,,,,,,SBJ-N2-JUMP-INTR-LOC-N1.mp3,1,,,,,,,,,,,,,,,,,,,,,,,,,,0,17,17,0,1
,,,,,,,,,,,,,,,,,,,,,,,,,2,,,413753,1964.11.05,2026-04-26_19h31.32.620,BrocantoHPilot1WOSession2,2025.2.4,Win32,120.1923077,,,,,,,,,,,,,,,,,,,,,,,,,,,,,,,,,,,,,,,,,8861.496,GJTest_s2,18,2,SBJ-N1-Aa-HIDE-INTR-Ab-LOC-N5-LOC-N2.mp3,,3.571,6,1,7.416,8.279,8870.787,,,,,,SBJ-N1-Aa-HIDE-INTR-Ab-LOC-N5-LOC-N2.mp3,,,,,,,,,,,,,,,,,,,,,,,,,,,0,18,18,17,1
,,,,,,,,,,,,,,,,,,,,,,,,,2,,,413753,1964.11.05,2026-04-26_19h31.32.620,BrocantoHPilot1WOSession2,2025.2.4,Win32,120.1923077,,,,,,,,,,,,,,,,,,,,,,,,,,,,,,,,,,,,,,,,,8871.402,GJTest_s2,19,2,Aa-SBJ-N4-JUMP-INTR.mp3,0,1.512,6,1,3.557,4.804,8881.803,,,,,,Aa-SBJ-N4-JUMP-INTR.mp3,0,,,,,,,,,,,,,,,,,,,,,,,,,,0,19,19,6,1
