wordLearning.exposure.itemIdx,wordLearning.exposure.pass,wordLearning.exposure.image,wordLearning.exposure.audio,wordLearning.test.started,wordLearning.test.targetIdx,wordLearning.test.targetImage,wordLearning.test.optionOrder,wordLearning.test.responseIdx,wordLearning.test.correct,wordLearning.test.streakAfter,wordLearning.test.masteredSnapshot,passiveTrial.started,passive.sessionIndex,passive.movie,passive.sound,passiveTrial.stopped,passiveSelfPaceKey.keys,passiveSelfPaceKey.rt,passiveSelfPaceKey.duration,passiveTrials_s1.thisRepN,passiveTrials_s1.thisTrialN,passiveTrials_s1.thisN,passiveTrials_s1.thisIndex,passiveTrials_s1.ran,sessionIndex,passiveMovie,passiveSound,participant,születési dátum (ÉÉÉÉ.HH.NN),date,expName,psychopyVersion,OS,frameRate,comprehensionTrial.started,comprehension.sessionIndex,comprehension.correctPosition,comprehension.response,comprehension.rt,comprehension.correct,comprehension.t_sentenceAudioEnd,comprehension.t_lastChoiceClick,comprehensionTrial.stopped,comprehensionTrials_s1.thisRepN,comprehensionTrials_s1.thisTrialN,comprehensionTrials_s1.thisN,comprehensionTrials_s1.thisIndex,comprehensionTrials_s1.ran,sentence,video_correct,video_incorrect,productionTrial.started,production.sessionIndex,production.video,production.correct_words,production.all_words,production.correct_words_form,production.all_words_form,production.correct,production.t_firstVideoEnd,production.t_lastWordClick,production.response,productionTrial.stopped,productionTrials_s1.thisRepN,productionTrials_s1.thisTrialN,productionTrials_s1.thisN,productionTrials_s1.thisIndex,productionTrials_s1.ran,video,correct_words,all_words,sentence_form,correct_words_form,all_words_form,familiarityTrial.started,familiarity.testName,familiarity.thisN,familiarity.sessionIndex,familiarity.audio,familiarity.previous_encounters,familiarity.playAttemptTime,familiarity.rating,familiarity.playClickCount,familiarity.t_audioEnd,familiarity.t_lastLikertClick,familiarityTrial.stopped,chunkTest_s1.thisRepN,chunkTest_s1.thisTrialN,chunkTest_s1.thisN,chunkTest_s1.thisIndex,chunkTest_s1.ran,audio,previous_encounters,GJTest_s1.thisRepN,GJTest_s1.thisTrialN,GJTest_s1.thisN,GJTest_s1.thisIndex,GJTest_s1.ran,passiveTrials_s2.thisRepN,passiveTrials_s2.thisTrialN,passiveTrials_s2.thisN,passiveTrials_s2.thisIndex,passiveTrials_s2.ran,comprehensionTrials_s2.thisRepN,comprehensionTrials_s2.thisTrialN,comprehensionTrials_s2.thisN,comprehensionTrials_s2.thisIndex,comprehensionTrials_s2.ran,productionTrials_s2.thisRepN,productionTrials_s2.thisTrialN,productionTrials_s2.thisN,productionTrials_s2.thisIndex,productionTrials_s2.ran,chunkTest_s2.thisRepN,chunkTest_s2.thisTrialN,chunkTest_s2.thisN,chunkTest_s2.thisIndex,chunkTest_s2.ran,GJTest_s2.thisRepN,GJTest_s2.thisTrialN,GJTest_s2.thisN,GJTest_s2.thisIndex,GJTest_s2.ran
6,2,Ab-N5.png,N5.mp3,252.2766,1,Ab-2.png,"0,5,1,2",1,1,5,1111111,263.0433,1,SBJ-N1-GO-INTR.mp4,SBJ-N1-GO-INTR.mp3,269.778,mouse_continue,6.7375,,0,0,0,0,1,1,SBJ-N1-GO-INTR.mp4,SBJ-N1-GO-INTR.mp3,787823,19870324,2026-04-30_14h06.56.509,BrocantoHPilot1WOSession2,2025.2.4,Win32,59.88023952,,,,,,,,,,,,,,,,,,,,,,,,,,,,,,,,,,,,,,,,,,,,,,,,,,,,,,,,,,,,,,,,,,,,,,,,,,,,,,,,,,,,,,,,,
,,,,,,,,,,,,269.7832,1,OBJ-N5-SBJ-N3-REVEAL-TR.mp4,OBJ-N5-SBJ-N3-REVEAL-TR.mp3,275.6739,mouse_continue,5.8921,,0,1,1,1,1,1,OBJ-N5-SBJ-N3-REVEAL-TR.mp4,OBJ-N5-SBJ-N3-REVEAL-TR.mp3,787823,19870324,2026-04-30_14h06.56.509,BrocantoHPilot1WOSession2,2025.2.4,Win32,59.88023952,,,,,,,,,,,,,,,,,,,,,,,,,,,,,,,,,,,,,,,,,,,,,,,,,,,,,,,,,,,,,,,,,,,,,,,,,,,,,,,,,,,,,,,,,
,,,,,,,,,,,,275.6762,1,OBJ-N5-SBJ-N2-PUSH-TR.mp4,OBJ-N5-SBJ-N2-PUSH-TR.mp3,281.2902,mouse_continue,5.6153,,0,2,2,2,1,1,OBJ-N5-SBJ-N2-PUSH-TR.mp4,OBJ-N5-SBJ-N2-PUSH-TR.mp3,787823,19870324,2026-04-30_14h06.56.509,BrocantoHPilot1WOSession2,2025.2.4,Win32,59.88023952,,,,,,,,,,,,,,,,,,,,,,,,,,,,,,,,,,,,,,,,,,,,,,,,,,,,,,,,,,,,,,,,,,,,,,,,,,,,,,,,,,,,,,,,,
,,,,,,,,,,,,281.2946,1,SBJ-N1-GO-INTR.mp4,SBJ-N1-GO-INTR.mp3,287.5223,mouse_continue,6.228,,0,3,3,3,1,1,SBJ-N1-GO-INTR.mp4,SBJ-N1-GO-INTR.mp3,787823,19870324,2026-04-30_14h06.56.509,BrocantoHPilot1WOSession2,2025.2.4,Win32,59.88023952,,,,,,,,,,,,,,,,,,,,,,,,,,,,,,,,,,,,,,,,,,,,,,,,,,,,,,,,,,,,,,,,,,,,,,,,,,,,,,,,,,,,,,,,,
,,,,,,,,,,,,287.526,1,OBJ-N5-SBJ-N4-HIDE-TR.mp4,OBJ-N5-SBJ-N4-HIDE-TR.mp3,293.5442,mouse_continue,6.0187,,0,4,4,4,1,1,OBJ-N5-SBJ-N4-HIDE-TR.mp4,OBJ-N5-SBJ-N4-HIDE-TR.mp3,787823,19870324,2026-04-30_14h06.56.509,BrocantoHPilot1WOSession2,2025.2.4,Win32,59.88023952,,,,,,,,,,,,,,,,,,,,,,,,,,,,,,,,,,,,,,,,,,,,,,,,,,,,,,,,,,,,,,,,,,,,,,,,,,,,,,,,,,,,,,,,,
,,,,,,,,,,,,293.5468,1,SBJ-N2-HIDE-INTR.mp4,SBJ-N2-HIDE-INTR.mp3,298.9857,mouse_continue,5.4389,,0,5,5,5,1,1,SBJ-N2-HIDE-INTR.mp4,SBJ-N2-HIDE-INTR.mp3,787823,19870324,2026-04-30_14h06.56.509,BrocantoHPilot1WOSession2,2025.2.4,Win32,59.88023952,,,,,,,,,,,,,,,,,,,,,,,,,,,,,,,,,,,,,,,,,,,,,,,,,,,,,,,,,,,,,,,,,,,,,,,,,,,,,,,,,,,,,,,,,
,,,,,,,,,,,,298.9897,1,OBJ-N5-SBJ-N3-REVEAL-TR.mp4,OBJ-N5-SBJ-N3-REVEAL-TR.mp3,304.5506,mouse_continue,5.5626,,0,6,6,6,1,1,OBJ-N5-SBJ-N3-REVEAL-TR.mp4,OBJ-N5-SBJ-N3-REVEAL-TR.mp3,787823,19870324,2026-04-30_14h06.56.509,BrocantoHPilot1WOSession2,2025.2.4,Win32,59.88023952,,,,,,,,,,,,,,,,,,,,,,,,,,,,,,,,,,,,,,,,,,,,,,,,,,,,,,,,,,,,,,,,,,,,,,,,,,,,,,,,,,,,,,,,,
,,,,,,,,,,,,304.554,1,SBJ-N3-JUMP-INTR.mp4,SBJ-N3-JUMP-INTR.mp3,310.2664,mouse_continue,5.7134,,0,7,7,7,1,1,SBJ-N3-JUMP-INTR.mp4,SBJ-N3-JUMP-INTR.mp3,787823,19870324,2026-04-30_14h06.56.509,BrocantoHPilot1WOSession2,2025.2.4,Win32,59.88023952,,,,,,,,,,,,,,,,,,,,,,,,,,,,,,,,,,,,,,,,,,,,,,,,,,,,,,,,,,,,,,,,,,,,,,,,,,,,,,,,,,,,,,,,,
,,,,,,,,,,,,310.2699,1,SBJ-N5-REVEAL-INTR.mp4,SBJ-N5-REVEAL-INTR.mp3,316.5702,mouse_continue,6.3024,,0,8,8,8,1,1,SBJ-N5-REVEAL-INTR.mp4,SBJ-N5-REVEAL-INTR.mp3,787823,19870324,2026-04-30_14h06.56.509,BrocantoHPilot1WOSession2,2025.2.4,Win32,59.88023952,,,,,,,,,,,,,,,,,,,,,,,,,,,,,,,,,,,,,,,,,,,,,,,,,,,,,,,,,,,,,,,,,,,,,,,,,,,,,,,,,,,,,,,,,
,,,,,,,,,,,,316.5731,1,OBJ-N5-SBJ-N4-HIDE-TR.mp4,OBJ-N5-SBJ-N4-HIDE-TR.mp3,322.9806,mouse_continue,6.408,,0,9,9,9,1,1,OBJ-N5-SBJ-N4-HIDE-TR.mp4,OBJ-N5-SBJ-N4-HIDE-TR.mp3,787823,19870324,2026-04-30_14h06.56.509,BrocantoHPilot1WOSession2,2025.2.4,Win32,59.88023952,,,,,,,,,,,,,,,,,,,,,,,,,,,,,,,,,,,,,,,,,,,,,,,,,,,,,,,,,,,,,,,,,,,,,,,,,,,,,,,,,,,,,,,,,
,,,,,,,,,,,,322.9846,1,SBJ-N3-JUMP-INTR.mp4,SBJ-N3-JUMP-INTR.mp3,328.4291,mouse_continue,5.4448,,0,10,10,10,1,1,SBJ-N3-JUMP-INTR.mp4,SBJ-N3-JUMP-INTR.mp3,787823,19870324,2026-04-30_14h06.56.509,BrocantoHPilot1WOSession2,2025.2.4,Win32,59.88023952,,,,,,,,,,,,,,,,,,,,,,,,,,,,,,,,,,,,,,,,,,,,,,,,,,,,,,,,,,,,,,,,,,,,,,,,,,,,,,,,,,,,,,,,,
,,,,,,,,,,,,328.4338,1,OBJ-N5-SBJ-N2-PUSH-TR.mp4,OBJ-N5-SBJ-N2-PUSH-TR.mp3,334.1135,mouse_continue,5.6801,,0,11,11,11,1,1,OBJ-N5-SBJ-N2-PUSH-TR.mp4,OBJ-N5-SBJ-N2-PUSH-TR.mp3,787823,19870324,2026-04-30_14h06.56.509,BrocantoHPilot1WOSession2,2025.2.4,Win32,59.88023952,,,,,,,,,,,,,,,,,,,,,,,,,,,,,,,,,,,,,,,,,,,,,,,,,,,,,,,,,,,,,,,,,,,,,,,,,,,,,,,,,,,,,,,,,
,,,,,,,,,,,,334.1167,1,OBJ-N5-SBJ-N1-HIDE-TR.mp4,OBJ-N5-SBJ-N1-HIDE-TR.mp3,339.5838,mouse_continue,5.468,,0,12,12,12,1,1,OBJ-N5-SBJ-N1-HIDE-TR.mp4,OBJ-N5-SBJ-N1-HIDE-TR.mp3,787823,19870324,2026-04-30_14h06.56.509,BrocantoHPilot1WOSession2,2025.2.4,Win32,59.88023952,,,,,,,,,,,,,,,,,,,,,,,,,,,,,,,,,,,,,,,,,,,,,,,,,,,,,,,,,,,,,,,,,,,,,,,,,,,,,,,,,,,,,,,,,
,,,,,,,,,,,,339.5869,1,SBJ-N2-HIDE-INTR.mp4,SBJ-N2-HIDE-INTR.mp3,345.2478,mouse_continue,5.6618,,0,13,13,13,1,1,SBJ-N2-HIDE-INTR.mp4,SBJ-N2-HIDE-INTR.mp3,787823,19870324,2026-04-30_14h06.56.509,BrocantoHPilot1WOSession2,2025.2.4,Win32,59.88023952,,,,,,,,,,,,,,,,,,,,,,,,,,,,,,,,,,,,,,,,,,,,,,,,,,,,,,,,,,,,,,,,,,,,,,,,,,,,,,,,,,,,,,,,,
,,,,,,,,,,,,345.249,1,OBJ-N5-SBJ-N2-PUSH-TR.mp4,OBJ-N5-SBJ-N2-PUSH-TR.mp3,350.7479,mouse_continue,5.4989,,0,14,14,14,1,1,OBJ-N5-SBJ-N2-PUSH-TR.mp4,OBJ-N5-SBJ-N2-PUSH-TR.mp3,787823,19870324,2026-04-30_14h06.56.509,BrocantoHPilot1WOSession2,2025.2.4,Win32,59.88023952,,,,,,,,,,,,,,,,,,,,,,,,,,,,,,,,,,,,,,,,,,,,,,,,,,,,,,,,,,,,,,,,,,,,,,,,,,,,,,,,,,,,,,,,,
,,,,,,,,,,,,350.7514,1,SBJ-N3-GO-INTR.mp4,SBJ-N3-GO-INTR.mp3,356.6395,mouse_continue,5.8893,,0,15,15,15,1,1,SBJ-N3-GO-INTR.mp4,SBJ-N3-GO-INTR.mp3,787823,19870324,2026-04-30_14h06.56.509,BrocantoHPilot1WOSession2,2025.2.4,Win32,59.88023952,,,,,,,,,,,,,,,,,,,,,,,,,,,,,,,,,,,,,,,,,,,,,,,,,,,,,,,,,,,,,,,,,,,,,,,,,,,,,,,,,,,,,,,,,
,,,,,,,,,,,,356.6448,1,SBJ-N4-REVEAL-INTR.mp4,SBJ-N4-REVEAL-INTR.mp3,362.3112,mouse_continue,5.6676,,0,16,16,16,1,1,SBJ-N4-REVEAL-INTR.mp4,SBJ-N4-REVEAL-INTR.mp3,787823,19870324,2026-04-30_14h06.56.509,BrocantoHPilot1WOSession2,2025.2.4,Win32,59.88023952,,,,,,,,,,,,,,,,,,,,,,,,,,,,,,,,,,,,,,,,,,,,,,,,,,,,,,,,,,,,,,,,,,,,,,,,,,,,,,,,,,,,,,,,,
,,,,,,,,,,,,362.3137,1,OBJ-N5-SBJ-N3-REVEAL-TR.mp4,OBJ-N5-SBJ-N3-REVEAL-TR.mp3,368.1274,mouse_continue,5.8142,,0,17,17,17,1,1,OBJ-N5-SBJ-N3-REVEAL-TR.mp4,OBJ-N5-SBJ-N3-REVEAL-TR.mp3,787823,19870324,2026-04-30_14h06.56.509,BrocantoHPilot1WOSession2,2025.2.4,Win32,59.88023952,,,,,,,,,,,,,,,,,,,,,,,,,,,,,,,,,,,,,,,,,,,,,,,,,,,,,,,,,,,,,,,,,,,,,,,,,,,,,,,,,,,,,,,,,
,,,,,,,,,,,,368.1312,1,SBJ-N5-JUMP-INTR.mp4,SBJ-N5-JUMP-INTR.mp3,373.5246,mouse_continue,5.3944,,0,18,18,18,1,1,SBJ-N5-JUMP-INTR.mp4,SBJ-N5-JUMP-INTR.mp3,787823,19870324,2026-04-30_14h06.56.509,BrocantoHPilot1WOSession2,2025.2.4,Win32,59.88023952,,,,,,,,,,,,,,,,,,,,,,,,,,,,,,,,,,,,,,,,,,,,,,,,,,,,,,,,,,,,,,,,,,,,,,,,,,,,,,,,,,,,,,,,,
,,,,,,,,,,,,373.5273,1,SBJ-N3-GO-INTR.mp4,SBJ-N3-GO-INTR.mp3,379.5557,mouse_continue,6.0294,,0,19,19,19,1,1,SBJ-N3-GO-INTR.mp4,SBJ-N3-GO-INTR.mp3,787823,19870324,2026-04-30_14h06.56.509,BrocantoHPilot1WOSession2,2025.2.4,Win32,59.88023952,,,,,,,,,,,,,,,,,,,,,,,,,,,,,,,,,,,,,,,,,,,,,,,,,,,,,,,,,,,,,,,,,,,,,,,,,,,,,,,,,,,,,,,,,
,,,,,,,,,,,,379.5566,1,OBJ-N5-SBJ-N3-REVEAL-TR.mp4,OBJ-N5-SBJ-N3-REVEAL-TR.mp3,385.2712,mouse_continue,5.7147,,0,20,20,20,1,1,OBJ-N5-SBJ-N3-REVEAL-TR.mp4,OBJ-N5-SBJ-N3-REVEAL-TR.mp3,787823,19870324,2026-04-30_14h06.56.509,BrocantoHPilot1WOSession2,2025.2.4,Win32,59.88023952,,,,,,,,,,,,,,,,,,,,,,,,,,,,,,,,,,,,,,,,,,,,,,,,,,,,,,,,,,,,,,,,,,,,,,,,,,,,,,,,,,,,,,,,,
,,,,,,,,,,,,385.2721,1,OBJ-N5-SBJ-N1-REVEAL-TR.mp4,OBJ-N5-SBJ-N1-REVEAL-TR.mp3,390.87,mouse_continue,5.598,,0,21,21,21,1,1,OBJ-N5-SBJ-N1-REVEAL-TR.mp4,OBJ-N5-SBJ-N1-REVEAL-TR.mp3,787823,19870324,2026-04-30_14h06.56.509,BrocantoHPilot1WOSession2,2025.2.4,Win32,59.88023952,,,,,,,,,,,,,,,,,,,,,,,,,,,,,,,,,,,,,,,,,,,,,,,,,,,,,,,,,,,,,,,,,,,,,,,,,,,,,,,,,,,,,,,,,
,,,,,,,,,,,,390.8709,1,OBJ-N5-SBJ-N2-PUSH-TR-LOC-N4.mp4,OBJ-N5-SBJ-N2-PUSH-TR-LOC-N4.mp3,396.4535,mouse_continue,5.5827,,0,22,22,22,1,1,OBJ-N5-SBJ-N2-PUSH-TR-LOC-N4.mp4,OBJ-N5-SBJ-N2-PUSH-TR-LOC-N4.mp3,787823,19870324,2026-04-30_14h06.56.509,BrocantoHPilot1WOSession2,2025.2.4,Win32,59.88023952,,,,,,,,,,,,,,,,,,,,,,,,,,,,,,,,,,,,,,,,,,,,,,,,,,,,,,,,,,,,,,,,,,,,,,,,,,,,,,,,,,,,,,,,,
,,,,,,,,,,,,396.4561,1,SBJ-N4-REVEAL-INTR-LOC-N5.mp4,SBJ-N4-REVEAL-INTR-LOC-N5.mp3,401.9674,mouse_continue,5.5121,,0,23,23,23,1,1,SBJ-N4-REVEAL-INTR-LOC-N5.mp4,SBJ-N4-REVEAL-INTR-LOC-N5.mp3,787823,19870324,2026-04-30_14h06.56.509,BrocantoHPilot1WOSession2,2025.2.4,Win32,59.88023952,,,,,,,,,,,,,,,,,,,,,,,,,,,,,,,,,,,,,,,,,,,,,,,,,,,,,,,,,,,,,,,,,,,,,,,,,,,,,,,,,,,,,,,,,
,,,,,,,,,,,,401.9692,1,OBJ-N5-SBJ-N1-HIDE-TR-LOC-N2.mp4,OBJ-N5-SBJ-N1-HIDE-TR-LOC-N2.mp3,407.5499,mouse_continue,5.5812,,0,24,24,24,1,1,OBJ-N5-SBJ-N1-HIDE-TR-LOC-N2.mp4,OBJ-N5-SBJ-N1-HIDE-TR-LOC-N2.mp3,787823,19870324,2026-04-30_14h06.56.509,BrocantoHPilot1WOSession2,2025.2.4,Win32,59.88023952,,,,,,,,,,,,,,,,,,,,,,,,,,,,,,,,,,,,,,,,,,,,,,,,,,,,,,,,,,,,,,,,,,,,,,,,,,,,,,,,,,,,,,,,,
,,,,,,,,,,,,407.5523,1,SBJ-N2-REVEAL-INTR-LOC-N5.mp4,SBJ-N2-REVEAL-INTR-LOC-N5.mp3,413.175,mouse_continue,5.6229,,0,25,25,25,1,1,SBJ-N2-REVEAL-INTR-LOC-N5.mp4,SBJ-N2-REVEAL-INTR-LOC-N5.mp3,787823,19870324,2026-04-30_14h06.56.509,BrocantoHPilot1WOSession2,2025.2.4,Win32,59.88023952,,,,,,,,,,,,,,,,,,,,,,,,,,,,,,,,,,,,,,,,,,,,,,,,,,,,,,,,,,,,,,,,,,,,,,,,,,,,,,,,,,,,,,,,,
,,,,,,,,,,,,413.1791,1,OBJ-N5-SBJ-N1-PUSH-TR-LOC-N2.mp4,OBJ-N5-SBJ-N1-PUSH-TR-LOC-N2.mp3,418.7578,mouse_continue,5.5804,,0,26,26,26,1,1,OBJ-N5-SBJ-N1-PUSH-TR-LOC-N2.mp4,OBJ-N5-SBJ-N1-PUSH-TR-LOC-N2.mp3,787823,19870324,2026-04-30_14h06.56.509,BrocantoHPilot1WOSession2,2025.2.4,Win32,59.88023952,,,,,,,,,,,,,,,,,,,,,,,,,,,,,,,,,,,,,,,,,,,,,,,,,,,,,,,,,,,,,,,,,,,,,,,,,,,,,,,,,,,,,,,,,
,,,,,,,,,,,,418.7626,1,SBJ-N3-REVEAL-INTR-LOC-N4.mp4,SBJ-N3-REVEAL-INTR-LOC-N4.mp3,424.6118,mouse_continue,5.851,,0,27,27,27,1,1,SBJ-N3-REVEAL-INTR-LOC-N4.mp4,SBJ-N3-REVEAL-INTR-LOC-N4.mp3,787823,19870324,2026-04-30_14h06.56.509,BrocantoHPilot1WOSession2,2025.2.4,Win32,59.88023952,,,,,,,,,,,,,,,,,,,,,,,,,,,,,,,,,,,,,,,,,,,,,,,,,,,,,,,,,,,,,,,,,,,,,,,,,,,,,,,,,,,,,,,,,
,,,,,,,,,,,,424.6127,1,OBJ-N5-SBJ-N4-HIDE-TR-LOC-N3.mp4,OBJ-N5-SBJ-N4-HIDE-TR-LOC-N3.mp3,430.829,mouse_continue,6.2161,,0,28,28,28,1,1,OBJ-N5-SBJ-N4-HIDE-TR-LOC-N3.mp4,OBJ-N5-SBJ-N4-HIDE-TR-LOC-N3.mp3,787823,19870324,2026-04-30_14h06.56.509,BrocantoHPilot1WOSession2,2025.2.4,Win32,59.88023952,,,,,,,,,,,,,,,,,,,,,,,,,,,,,,,,,,,,,,,,,,,,,,,,,,,,,,,,,,,,,,,,,,,,,,,,,,,,,,,,,,,,,,,,,
,,,,,,,,,,,,430.8316,1,OBJ-N5-SBJ-N3-REVEAL-TR-LOC-N4.mp4,OBJ-N5-SBJ-N3-REVEAL-TR-LOC-N4.mp3,442.4683,mouse_continue,11.6375,,0,29,29,29,1,1,OBJ-N5-SBJ-N3-REVEAL-TR-LOC-N4.mp4,OBJ-N5-SBJ-N3-REVEAL-TR-LOC-N4.mp3,787823,19870324,2026-04-30_14h06.56.509,BrocantoHPilot1WOSession2,2025.2.4,Win32,59.88023952,,,,,,,,,,,,,,,,,,,,,,,,,,,,,,,,,,,,,,,,,,,,,,,,,,,,,,,,,,,,,,,,,,,,,,,,,,,,,,,,,,,,,,,,,
,,,,,,,,,,,,442.4724,1,OBJ-N5-SBJ-N2-PUSH-TR-LOC-N4.mp4,OBJ-N5-SBJ-N2-PUSH-TR-LOC-N4.mp3,451.9498,mouse_continue,9.4778,,0,30,30,30,1,1,OBJ-N5-SBJ-N2-PUSH-TR-LOC-N4.mp4,OBJ-N5-SBJ-N2-PUSH-TR-LOC-N4.mp3,787823,19870324,2026-04-30_14h06.56.509,BrocantoHPilot1WOSession2,2025.2.4,Win32,59.88023952,,,,,,,,,,,,,,,,,,,,,,,,,,,,,,,,,,,,,,,,,,,,,,,,,,,,,,,,,,,,,,,,,,,,,,,,,,,,,,,,,,,,,,,,,
,,,,,,,,,,,,451.9551,1,OBJ-N5-SBJ-N1-REVEAL-TR.mp4,OBJ-N5-SBJ-N1-REVEAL-TR.mp3,458.0319,mouse_continue,6.0773,,0,31,31,31,1,1,OBJ-N5-SBJ-N1-REVEAL-TR.mp4,OBJ-N5-SBJ-N1-REVEAL-TR.mp3,787823,19870324,2026-04-30_14h06.56.509,BrocantoHPilot1WOSession2,2025.2.4,Win32,59.88023952,,,,,,,,,,,,,,,,,,,,,,,,,,,,,,,,,,,,,,,,,,,,,,,,,,,,,,,,,,,,,,,,,,,,,,,,,,,,,,,,,,,,,,,,,
,,,,,,,,,,,,458.0367,1,OBJ-N5-SBJ-N4-HIDE-TR-LOC-N2.mp4,OBJ-N5-SBJ-N4-HIDE-TR-LOC-N2.mp3,464.0203,mouse_continue,5.9844,,0,32,32,32,1,1,OBJ-N5-SBJ-N4-HIDE-TR-LOC-N2.mp4,OBJ-N5-SBJ-N4-HIDE-TR-LOC-N2.mp3,787823,19870324,2026-04-30_14h06.56.509,BrocantoHPilot1WOSession2,2025.2.4,Win32,59.88023952,,,,,,,,,,,,,,,,,,,,,,,,,,,,,,,,,,,,,,,,,,,,,,,,,,,,,,,,,,,,,,,,,,,,,,,,,,,,,,,,,,,,,,,,,
,,,,,,,,,,,,464.024,1,SBJ-N5-JUMP-INTR.mp4,SBJ-N5-JUMP-INTR.mp3,469.3861,mouse_continue,5.3629,,0,33,33,33,1,1,SBJ-N5-JUMP-INTR.mp4,SBJ-N5-JUMP-INTR.mp3,787823,19870324,2026-04-30_14h06.56.509,BrocantoHPilot1WOSession2,2025.2.4,Win32,59.88023952,,,,,,,,,,,,,,,,,,,,,,,,,,,,,,,,,,,,,,,,,,,,,,,,,,,,,,,,,,,,,,,,,,,,,,,,,,,,,,,,,,,,,,,,,
,,,,,,,,,,,,469.3879,1,Aa-SBJ-N5-HIDE-INTR.mp4,Aa-SBJ-N5-HIDE-INTR.mp3,475.0436,mouse_continue,5.656,,0,34,34,34,1,1,Aa-SBJ-N5-HIDE-INTR.mp4,Aa-SBJ-N5-HIDE-INTR.mp3,787823,19870324,2026-04-30_14h06.56.509,BrocantoHPilot1WOSession2,2025.2.4,Win32,59.88023952,,,,,,,,,,,,,,,,,,,,,,,,,,,,,,,,,,,,,,,,,,,,,,,,,,,,,,,,,,,,,,,,,,,,,,,,,,,,,,,,,,,,,,,,,
,,,,,,,,,,,,475.0475,1,SBJ-N5-GO-INTR-LOC-N3.mp4,SBJ-N5-GO-INTR-LOC-N3.mp3,480.9596,mouse_continue,5.9124,,0,35,35,35,1,1,SBJ-N5-GO-INTR-LOC-N3.mp4,SBJ-N5-GO-INTR-LOC-N3.mp3,787823,19870324,2026-04-30_14h06.56.509,BrocantoHPilot1WOSession2,2025.2.4,Win32,59.88023952,,,,,,,,,,,,,,,,,,,,,,,,,,,,,,,,,,,,,,,,,,,,,,,,,,,,,,,,,,,,,,,,,,,,,,,,,,,,,,,,,,,,,,,,,
,,,,,,,,,,,,480.965,1,SBJ-N2-JUMP-INTR-LOC-N1.mp4,SBJ-N2-JUMP-INTR-LOC-N1.mp3,486.8308,mouse_continue,5.8666,,0,36,36,36,1,1,SBJ-N2-JUMP-INTR-LOC-N1.mp4,SBJ-N2-JUMP-INTR-LOC-N1.mp3,787823,19870324,2026-04-30_14h06.56.509,BrocantoHPilot1WOSession2,2025.2.4,Win32,59.88023952,,,,,,,,,,,,,,,,,,,,,,,,,,,,,,,,,,,,,,,,,,,,,,,,,,,,,,,,,,,,,,,,,,,,,,,,,,,,,,,,,,,,,,,,,
,,,,,,,,,,,,486.8325,1,SBJ-N3-GO-INTR-LOC-N2.mp4,SBJ-N3-GO-INTR-LOC-N2.mp3,493.2302,mouse_continue,6.3976,,0,37,37,37,1,1,SBJ-N3-GO-INTR-LOC-N2.mp4,SBJ-N3-GO-INTR-LOC-N2.mp3,787823,19870324,2026-04-30_14h06.56.509,BrocantoHPilot1WOSession2,2025.2.4,Win32,59.88023952,,,,,,,,,,,,,,,,,,,,,,,,,,,,,,,,,,,,,,,,,,,,,,,,,,,,,,,,,,,,,,,,,,,,,,,,,,,,,,,,,,,,,,,,,
,,,,,,,,,,,,493.2339,1,SBJ-N5-HIDE-INTR-LOC-N3.mp4,SBJ-N5-HIDE-INTR-LOC-N3.mp3,499.3123,mouse_continue,6.0792,,0,38,38,38,1,1,SBJ-N5-HIDE-INTR-LOC-N3.mp4,SBJ-N5-HIDE-INTR-LOC-N3.mp3,787823,19870324,2026-04-30_14h06.56.509,BrocantoHPilot1WOSession2,2025.2.4,Win32,59.88023952,,,,,,,,,,,,,,,,,,,,,,,,,,,,,,,,,,,,,,,,,,,,,,,,,,,,,,,,,,,,,,,,,,,,,,,,,,,,,,,,,,,,,,,,,
,,,,,,,,,,,,499.3146,1,SBJ-N1-HIDE-INTR-LOC-N3.mp4,SBJ-N1-HIDE-INTR-LOC-N3.mp3,504.8116,mouse_continue,5.4976,,0,39,39,39,1,1,SBJ-N1-HIDE-INTR-LOC-N3.mp4,SBJ-N1-HIDE-INTR-LOC-N3.mp3,787823,19870324,2026-04-30_14h06.56.509,BrocantoHPilot1WOSession2,2025.2.4,Win32,59.88023952,,,,,,,,,,,,,,,,,,,,,,,,,,,,,,,,,,,,,,,,,,,,,,,,,,,,,,,,,,,,,,,,,,,,,,,,,,,,,,,,,,,,,,,,,
,,,,,,,,,,,,504.8149,1,OBJ-N5-SBJ-N4-HIDE-TR.mp4,OBJ-N5-SBJ-N4-HIDE-TR.mp3,510.5025,mouse_continue,5.6884,,0,40,40,40,1,1,OBJ-N5-SBJ-N4-HIDE-TR.mp4,OBJ-N5-SBJ-N4-HIDE-TR.mp3,787823,19870324,2026-04-30_14h06.56.509,BrocantoHPilot1WOSession2,2025.2.4,Win32,59.88023952,,,,,,,,,,,,,,,,,,,,,,,,,,,,,,,,,,,,,,,,,,,,,,,,,,,,,,,,,,,,,,,,,,,,,,,,,,,,,,,,,,,,,,,,,
,,,,,,,,,,,,510.5061,1,OBJ-N5-SBJ-N1-HIDE-TR-LOC-N2.mp4,OBJ-N5-SBJ-N1-HIDE-TR-LOC-N2.mp3,516.1341,mouse_continue,5.6282,,0,41,41,41,1,1,OBJ-N5-SBJ-N1-HIDE-TR-LOC-N2.mp4,OBJ-N5-SBJ-N1-HIDE-TR-LOC-N2.mp3,787823,19870324,2026-04-30_14h06.56.509,BrocantoHPilot1WOSession2,2025.2.4,Win32,59.88023952,,,,,,,,,,,,,,,,,,,,,,,,,,,,,,,,,,,,,,,,,,,,,,,,,,,,,,,,,,,,,,,,,,,,,,,,,,,,,,,,,,,,,,,,,
,,,,,,,,,,,,,,,,,,,,,,,,,1,,,787823,19870324,2026-04-30_14h06.56.509,BrocantoHPilot1WOSession2,2025.2.4,Win32,59.88023952,523.1901,1,2,2,32.9519,1,20.7627,32.9519,558.7827,0,0,0,0,1,OBJ-N5-SBJ-N2-HIDE-TR.mp3,OBJ-N5-SBJ-N2-HIDE-TR.mp4,OBJ-N5-SBJ-N2-REVEAL-TR.mp4,,,,,,,,,,,,,,,,,,,,,,,,,,,,,,,,,,,,,,,,,,,,,,,,,,,,,,,,,,,,,,,,,,,,,,,,
,,,,,,,,,,,,,,,,,,,,,,,,,1,,,787823,19870324,2026-04-30_14h06.56.509,BrocantoHPilot1WOSession2,2025.2.4,Win32,59.88023952,558.7839,1,1,1,18.1782,1,17.4859,18.1782,579.2536,0,1,1,1,1,SBJ-N5-HIDE-INTR.mp3,SBJ-N5-HIDE-INTR.mp4,SBJ-N5-GO-INTR.mp4,,,,,,,,,,,,,,,,,,,,,,,,,,,,,,,,,,,,,,,,,,,,,,,,,,,,,,,,,,,,,,,,,,,,,,,,
,,,,,,,,,,,,,,,,,,,,,,,,,1,,,787823,19870324,2026-04-30_14h06.56.509,BrocantoHPilot1WOSession2,2025.2.4,Win32,59.88023952,579.2556,1,2,2,13.9943,1,13.8739,13.9943,595.5768,0,2,2,2,1,SBJ-N5-JUMP-INTR.mp3,SBJ-N5-JUMP-INTR.mp4,SBJ-N5-HIDE-INTR.mp4,,,,,,,,,,,,,,,,,,,,,,,,,,,,,,,,,,,,,,,,,,,,,,,,,,,,,,,,,,,,,,,,,,,,,,,,
,,,,,,,,,,,,,,,,,,,,,,,,,1,,,787823,19870324,2026-04-30_14h06.56.509,BrocantoHPilot1WOSession2,2025.2.4,Win32,59.88023952,595.5779,1,1,1,18.2539,1,17.8939,18.2539,615.8772,0,3,3,3,1,OBJ-N5-SBJ-N3-REVEAL-TR.mp3,OBJ-N5-SBJ-N3-REVEAL-TR.mp4,OBJ-N3-SBJ-N5-PUSH-TR.mp4,,,,,,,,,,,,,,,,,,,,,,,,,,,,,,,,,,,,,,,,,,,,,,,,,,,,,,,,,,,,,,,,,,,,,,,,
,,,,,,,,,,,,,,,,,,,,,,,,,1,,,787823,19870324,2026-04-30_14h06.56.509,BrocantoHPilot1WOSession2,2025.2.4,Win32,59.88023952,615.878,1,2,1,27.4076,0,14.071,27.4076,645.4526,0,4,4,4,1,OBJ-N5-SBJ-N3-PUSH-TR.mp3,OBJ-N5-SBJ-N3-PUSH-TR.mp4,OBJ-N3-SBJ-N5-PUSH-TR.mp4,,,,,,,,,,,,,,,,,,,,,,,,,,,,,,,,,,,,,,,,,,,,,,,,,,,,,,,,,,,,,,,,,,,,,,,,
,,,,,,,,,,,,,,,,,,,,,,,,,1,,,787823,19870324,2026-04-30_14h06.56.509,BrocantoHPilot1WOSession2,2025.2.4,Win32,59.88023952,645.4534,1,2,2,18.5882,1,18.5882,18.5882,666.1149,0,5,5,5,1,SBJ-N1-HIDE-INTR.mp3,SBJ-N1-HIDE-INTR.mp4,SBJ-N1-REVEAL-INTR.mp4,,,,,,,,,,,,,,,,,,,,,,,,,,,,,,,,,,,,,,,,,,,,,,,,,,,,,,,,,,,,,,,,,,,,,,,,
,,,,,,,,,,,,,,,,,,,,,,,,,1,,,787823,19870324,2026-04-30_14h06.56.509,BrocantoHPilot1WOSession2,2025.2.4,Win32,59.88023952,666.1165,1,2,2,28.5398,1,21.2731,28.5398,696.5915,0,6,6,6,1,OBJ-N5-SBJ-N4-HIDE-TR.mp3,OBJ-N5-SBJ-N4-HIDE-TR.mp4,OBJ-N4-SBJ-N5-REVEAL-TR.mp4,,,,,,,,,,,,,,,,,,,,,,,,,,,,,,,,,,,,,,,,,,,,,,,,,,,,,,,,,,,,,,,,,,,,,,,,
,,,,,,,,,,,,,,,,,,,,,,,,,1,,,787823,19870324,2026-04-30_14h06.56.509,BrocantoHPilot1WOSession2,2025.2.4,Win32,59.88023952,696.5936,1,1,1,19.3032,1,17.7713,19.3032,717.7861,0,7,7,7,1,SBJ-N2-REVEAL-INTR.mp3,SBJ-N2-REVEAL-INTR.mp4,SBJ-N2-HIDE-INTR.mp4,,,,,,,,,,,,,,,,,,,,,,,,,,,,,,,,,,,,,,,,,,,,,,,,,,,,,,,,,,,,,,,,,,,,,,,,
,,,,,,,,,,,,,,,,,,,,,,,,,1,,,787823,19870324,2026-04-30_14h06.56.509,BrocantoHPilot1WOSession2,2025.2.4,Win32,59.88023952,717.7874,1,1,2,34.3946,0,18.0823,34.3946,753.8947,0,8,8,8,1,OBJ-N5-SBJ-N4-PUSH-TR.mp3,OBJ-N5-SBJ-N4-PUSH-TR.mp4,OBJ-N4-SBJ-N5-PUSH-TR.mp4,,,,,,,,,,,,,,,,,,,,,,,,,,,,,,,,,,,,,,,,,,,,,,,,,,,,,,,,,,,,,,,,,,,,,,,,
,,,,,,,,,,,,,,,,,,,,,,,,,1,,,787823,19870324,2026-04-30_14h06.56.509,BrocantoHPilot1WOSession2,2025.2.4,Win32,59.88023952,753.8963,1,1,1,15.698,1,14.7721,15.698,771.49,0,9,9,9,1,SBJ-N1-GO-INTR.mp3,SBJ-N1-GO-INTR.mp4,SBJ-N1-HIDE-INTR.mp4,,,,,,,,,,,,,,,,,,,,,,,,,,,,,,,,,,,,,,,,,,,,,,,,,,,,,,,,,,,,,,,,,,,,,,,,
,,,,,,,,,,,,,,,,,,,,,,,,,1,,,787823,19870324,2026-04-30_14h06.56.509,BrocantoHPilot1WOSession2,2025.2.4,Win32,59.88023952,771.4915,1,2,2,16.3499,1,15.9075,16.3499,789.62,0,10,10,10,1,SBJ-N4-REVEAL-INTR.mp3,SBJ-N4-REVEAL-INTR.mp4,SBJ-N4-JUMP-INTR.mp4,,,,,,,,,,,,,,,,,,,,,,,,,,,,,,,,,,,,,,,,,,,,,,,,,,,,,,,,,,,,,,,,,,,,,,,,
,,,,,,,,,,,,,,,,,,,,,,,,,1,,,787823,19870324,2026-04-30_14h06.56.509,BrocantoHPilot1WOSession2,2025.2.4,Win32,59.88023952,789.6214,1,2,2,29.2269,1,15.8665,29.2269,820.9443,0,11,11,11,1,OBJ-N5-SBJ-N4-REVEAL-TR.mp3,OBJ-N5-SBJ-N4-REVEAL-TR.mp4,OBJ-N4-SBJ-N5-PUSH-TR.mp4,,,,,,,,,,,,,,,,,,,,,,,,,,,,,,,,,,,,,,,,,,,,,,,,,,,,,,,,,,,,,,,,,,,,,,,,
,,,,,,,,,,,,,,,,,,,,,,,,,1,,,787823,19870324,2026-04-30_14h06.56.509,BrocantoHPilot1WOSession2,2025.2.4,Win32,59.88023952,820.9454,1,2,2,14.7317,1,14.5633,14.7317,837.4911,0,12,12,12,1,SBJ-N3-JUMP-INTR.mp3,SBJ-N3-JUMP-INTR.mp4,SBJ-N3-GO-INTR.mp4,,,,,,,,,,,,,,,,,,,,,,,,,,,,,,,,,,,,,,,,,,,,,,,,,,,,,,,,,,,,,,,,,,,,,,,,
,,,,,,,,,,,,,,,,,,,,,,,,,1,,,787823,19870324,2026-04-30_14h06.56.509,BrocantoHPilot1WOSession2,2025.2.4,Win32,59.88023952,837.4925,1,2,1,44.9508,0,15.7267,44.9508,884.6281,0,13,13,13,1,OBJ-N5-SBJ-N4-PUSH-TR.mp3,OBJ-N5-SBJ-N4-PUSH-TR.mp4,OBJ-N4-SBJ-N5-PUSH-TR.mp4,,,,,,,,,,,,,,,,,,,,,,,,,,,,,,,,,,,,,,,,,,,,,,,,,,,,,,,,,,,,,,,,,,,,,,,,
,,,,,,,,,,,,,,,,,,,,,,,,,1,,,787823,19870324,2026-04-30_14h06.56.509,BrocantoHPilot1WOSession2,2025.2.4,Win32,59.88023952,884.6287,1,2,2,22.0131,1,20.7283,22.0131,908.999,0,14,14,14,1,OBJ-N5-SBJ-N4-REVEAL-TR.mp3,OBJ-N5-SBJ-N4-REVEAL-TR.mp4,OBJ-N4-SBJ-N5-HIDE-TR.mp4,,,,,,,,,,,,,,,,,,,,,,,,,,,,,,,,,,,,,,,,,,,,,,,,,,,,,,,,,,,,,,,,,,,,,,,,
,,,,,,,,,,,,,,,,,,,,,,,,,1,,,787823,19870324,2026-04-30_14h06.56.509,BrocantoHPilot1WOSession2,2025.2.4,Win32,59.88023952,909,1,1,1,13.1278,1,13.5105,13.1278,923.9534,0,15,15,15,1,SBJ-N5-GO-INTR.mp3,SBJ-N5-GO-INTR.mp4,SBJ-N5-HIDE-INTR.mp4,,,,,,,,,,,,,,,,,,,,,,,,,,,,,,,,,,,,,,,,,,,,,,,,,,,,,,,,,,,,,,,,,,,,,,,,
,,,,,,,,,,,,,,,,,,,,,,,,,1,,,787823,19870324,2026-04-30_14h06.56.509,BrocantoHPilot1WOSession2,2025.2.4,Win32,59.88023952,923.955,1,2,2,16.5354,1,15.8746,16.5354,942.2491,0,16,16,16,1,SBJ-N1-HIDE-INTR.mp3,SBJ-N1-HIDE-INTR.mp4,SBJ-N1-REVEAL-INTR.mp4,,,,,,,,,,,,,,,,,,,,,,,,,,,,,,,,,,,,,,,,,,,,,,,,,,,,,,,,,,,,,,,,,,,,,,,,
,,,,,,,,,,,,,,,,,,,,,,,,,1,,,787823,19870324,2026-04-30_14h06.56.509,BrocantoHPilot1WOSession2,2025.2.4,Win32,59.88023952,942.2504,1,1,2,22.6336,0,18.8403,22.6336,966.6944,0,17,17,17,1,OBJ-N5-SBJ-N3-HIDE-TR.mp3,OBJ-N5-SBJ-N3-HIDE-TR.mp4,OBJ-N3-SBJ-N5-HIDE-TR.mp4,,,,,,,,,,,,,,,,,,,,,,,,,,,,,,,,,,,,,,,,,,,,,,,,,,,,,,,,,,,,,,,,,,,,,,,,
,,,,,,,,,,,,,,,,,,,,,,,,,1,,,787823,19870324,2026-04-30_14h06.56.509,BrocantoHPilot1WOSession2,2025.2.4,Win32,59.88023952,966.696,1,1,1,16.8973,1,15.6482,16.8973,985.4299,0,18,18,18,1,SBJ-N5-REVEAL-INTR.mp3,SBJ-N5-REVEAL-INTR.mp4,SBJ-N5-JUMP-INTR.mp4,,,,,,,,,,,,,,,,,,,,,,,,,,,,,,,,,,,,,,,,,,,,,,,,,,,,,,,,,,,,,,,,,,,,,,,,
,,,,,,,,,,,,,,,,,,,,,,,,,1,,,787823,19870324,2026-04-30_14h06.56.509,BrocantoHPilot1WOSession2,2025.2.4,Win32,59.88023952,985.431,1,1,1,13.0797,1,13.3738,13.0797,1000.29,0,19,19,19,1,SBJ-N5-GO-INTR.mp3,SBJ-N5-GO-INTR.mp4,SBJ-N5-JUMP-INTR.mp4,,,,,,,,,,,,,,,,,,,,,,,,,,,,,,,,,,,,,,,,,,,,,,,,,,,,,,,,,,,,,,,,,,,,,,,,
,,,,,,,,,,,,,,,,,,,,,,,,,1,,,787823,19870324,2026-04-30_14h06.56.509,BrocantoHPilot1WOSession2,2025.2.4,Win32,59.88023952,1000.2908,1,2,2,31.0473,1,16.365,31.0473,1033.1288,0,20,20,20,1,OBJ-N5-SBJ-N1-HIDE-TR.mp3,OBJ-N5-SBJ-N1-HIDE-TR.mp4,OBJ-N1-SBJ-N5-REVEAL-TR.mp4,,,,,,,,,,,,,,,,,,,,,,,,,,,,,,,,,,,,,,,,,,,,,,,,,,,,,,,,,,,,,,,,,,,,,,,,
,,,,,,,,,,,,,,,,,,,,,,,,,1,,,787823,19870324,2026-04-30_14h06.56.509,BrocantoHPilot1WOSession2,2025.2.4,Win32,59.88023952,1033.1303,1,2,2,55.7297,1,26.1312,55.7297,1090.6305,0,21,21,21,1,OBJ-N5-SBJ-N4-REVEAL-TR.mp3,OBJ-N5-SBJ-N4-REVEAL-TR.mp4,OBJ-N4-SBJ-N5-REVEAL-TR.mp4,,,,,,,,,,,,,,,,,,,,,,,,,,,,,,,,,,,,,,,,,,,,,,,,,,,,,,,,,,,,,,,,,,,,,,,,
,,,,,,,,,,,,,,,,,,,,,,,,,1,,,787823,19870324,2026-04-30_14h06.56.509,BrocantoHPilot1WOSession2,2025.2.4,Win32,59.88023952,1090.632,1,1,1,28.9843,1,21.0135,28.9843,1121.4888,0,22,22,22,1,SBJ-N2-REVEAL-INTR-LOC-N4.mp3,SBJ-N2-REVEAL-INTR-LOC-N4.mp4,SBJ-N4-JUMP-INTR-LOC-N2.mp4,,,,,,,,,,,,,,,,,,,,,,,,,,,,,,,,,,,,,,,,,,,,,,,,,,,,,,,,,,,,,,,,,,,,,,,,
,,,,,,,,,,,,,,,,,,,,,,,,,1,,,787823,19870324,2026-04-30_14h06.56.509,BrocantoHPilot1WOSession2,2025.2.4,Win32,59.88023952,1121.4893,1,2,2,35.3645,1,27.5981,35.3645,1158.6469,0,23,23,23,1,OBJ-N5-SBJ-N4-PUSH-TR-LOC-N2.mp3,OBJ-N5-SBJ-N4-PUSH-TR-LOC-N2.mp4,OBJ-N4-SBJ-N5-PUSH-TR-LOC-N2.mp4,,,,,,,,,,,,,,,,,,,,,,,,,,,,,,,,,,,,,,,,,,,,,,,,,,,,,,,,,,,,,,,,,,,,,,,,
,,,,,,,,,,,,,,,,,,,,,,,,,1,,,787823,19870324,2026-04-30_14h06.56.509,BrocantoHPilot1WOSession2,2025.2.4,Win32,59.88023952,1158.6483,1,1,1,24.6828,1,22.7137,24.6828,1185.0907,0,24,24,24,1,OBJ-N5-SBJ-N4-HIDE-TR-LOC-N2.mp3,OBJ-N5-SBJ-N4-HIDE-TR-LOC-N2.mp4,OBJ-N5-SBJ-N2-REVEAL-TR-LOC-N4.mp4,,,,,,,,,,,,,,,,,,,,,,,,,,,,,,,,,,,,,,,,,,,,,,,,,,,,,,,,,,,,,,,,,,,,,,,,
,,,,,,,,,,,,,,,,,,,,,,,,,1,,,787823,19870324,2026-04-30_14h06.56.509,BrocantoHPilot1WOSession2,2025.2.4,Win32,59.88023952,1185.0929,1,2,2,24.1596,1,16.093,24.1596,1211.0344,0,25,25,25,1,SBJ-N2-REVEAL-INTR-LOC-N4.mp3,SBJ-N2-REVEAL-INTR-LOC-N4.mp4,SBJ-N4-REVEAL-INTR-LOC-N2.mp4,,,,,,,,,,,,,,,,,,,,,,,,,,,,,,,,,,,,,,,,,,,,,,,,,,,,,,,,,,,,,,,,,,,,,,,,
,,,,,,,,,,,,,,,,,,,,,,,,,1,,,787823,19870324,2026-04-30_14h06.56.509,BrocantoHPilot1WOSession2,2025.2.4,Win32,59.88023952,1211.0363,1,1,1,18.8515,1,17.4416,18.8515,1231.7369,0,26,26,26,1,SBJ-N5-REVEAL-INTR-LOC-N4.mp3,SBJ-N5-REVEAL-INTR-LOC-N4.mp4,SBJ-N4-JUMP-INTR-LOC-N5.mp4,,,,,,,,,,,,,,,,,,,,,,,,,,,,,,,,,,,,,,,,,,,,,,,,,,,,,,,,,,,,,,,,,,,,,,,,
,,,,,,,,,,,,,,,,,,,,,,,,,1,,,787823,19870324,2026-04-30_14h06.56.509,BrocantoHPilot1WOSession2,2025.2.4,Win32,59.88023952,1231.7381,1,2,2,31.7116,1,16.866,31.7116,1265.1878,0,27,27,27,1,OBJ-N5-SBJ-N4-REVEAL-TR-LOC-N1.mp3,OBJ-N5-SBJ-N4-REVEAL-TR-LOC-N1.mp4,OBJ-N4-SBJ-N5-REVEAL-TR-LOC-N1.mp4,,,,,,,,,,,,,,,,,,,,,,,,,,,,,,,,,,,,,,,,,,,,,,,,,,,,,,,,,,,,,,,,,,,,,,,,
,,,,,,,,,,,,,,,,,,,,,,,,,1,,,787823,19870324,2026-04-30_14h06.56.509,BrocantoHPilot1WOSession2,2025.2.4,Win32,59.88023952,1265.1893,1,1,1,26.4923,1,23.2228,26.4923,1293.7976,0,28,28,28,1,OBJ-N5-SBJ-N1-HIDE-TR-LOC-N2.mp3,OBJ-N5-SBJ-N1-HIDE-TR-LOC-N2.mp4,OBJ-N1-SBJ-N5-REVEAL-TR-LOC-N2.mp4,,,,,,,,,,,,,,,,,,,,,,,,,,,,,,,,,,,,,,,,,,,,,,,,,,,,,,,,,,,,,,,,,,,,,,,,
,,,,,,,,,,,,,,,,,,,,,,,,,1,,,787823,19870324,2026-04-30_14h06.56.509,BrocantoHPilot1WOSession2,2025.2.4,Win32,59.88023952,1293.7989,1,2,2,38.1097,1,15.2169,38.1097,1333.7565,0,29,29,29,1,OBJ-N5-SBJ-N2-PUSH-TR-LOC-N4.mp3,OBJ-N5-SBJ-N2-PUSH-TR-LOC-N4.mp4,OBJ-N2-SBJ-N5-PUSH-TR-LOC-N4.mp4,,,,,,,,,,,,,,,,,,,,,,,,,,,,,,,,,,,,,,,,,,,,,,,,,,,,,,,,,,,,,,,,,,,,,,,,
,,,,,,,,,,,,,,,,,,,,,,,,,1,,,787823,19870324,2026-04-30_14h06.56.509,BrocantoHPilot1WOSession2,2025.2.4,Win32,59.88023952,1333.7583,1,2,2,21.8797,1,17.2102,21.8797,1357.7985,0,30,30,30,1,OBJ-N5-SBJ-N1-REVEAL-TR-LOC-N3.mp3,OBJ-N5-SBJ-N1-REVEAL-TR-LOC-N3.mp4,OBJ-N3-SBJ-N1-HIDE-TR-LOC-N5.mp4,,,,,,,,,,,,,,,,,,,,,,,,,,,,,,,,,,,,,,,,,,,,,,,,,,,,,,,,,,,,,,,,,,,,,,,,
,,,,,,,,,,,,,,,,,,,,,,,,,1,,,787823,19870324,2026-04-30_14h06.56.509,BrocantoHPilot1WOSession2,2025.2.4,Win32,59.88023952,1357.7996,1,1,1,15.6715,1,15.1379,15.6715,1375.1987,0,31,31,31,1,SBJ-N3-GO-INTR.mp3,SBJ-N3-GO-INTR.mp4,SBJ-N3-HIDE-INTR.mp4,,,,,,,,,,,,,,,,,,,,,,,,,,,,,,,,,,,,,,,,,,,,,,,,,,,,,,,,,,,,,,,,,,,,,,,,
,,,,,,,,,,,,,,,,,,,,,,,,,1,,,787823,19870324,2026-04-30_14h06.56.509,BrocantoHPilot1WOSession2,2025.2.4,Win32,59.88023952,1375.2006,1,1,1,28.1426,1,15.0322,28.1426,1405.1379,0,32,32,32,1,OBJ-N5-SBJ-N3-PUSH-TR-LOC-N4.mp3,OBJ-N5-SBJ-N3-PUSH-TR-LOC-N4.mp4,OBJ-N4-SBJ-N3-PUSH-TR-LOC-N5.mp4,,,,,,,,,,,,,,,,,,,,,,,,,,,,,,,,,,,,,,,,,,,,,,,,,,,,,,,,,,,,,,,,,,,,,,,,
,,,,,,,,,,,,,,,,,,,,,,,,,1,,,787823,19870324,2026-04-30_14h06.56.509,BrocantoHPilot1WOSession2,2025.2.4,Win32,59.88023952,1405.1395,1,2,2,21.5595,1,15.1554,21.5595,1428.4489,0,33,33,33,1,OBJ-N5-Ab-SBJ-N1-HIDE-TR.mp3,OBJ-N5-Ab-SBJ-N1-HIDE-TR.mp4,OBJ-N5-Aa-SBJ-N1-PUSH-TR.mp4,,,,,,,,,,,,,,,,,,,,,,,,,,,,,,,,,,,,,,,,,,,,,,,,,,,,,,,,,,,,,,,,,,,,,,,,
,,,,,,,,,,,,,,,,,,,,,,,,,1,,,787823,19870324,2026-04-30_14h06.56.509,BrocantoHPilot1WOSession2,2025.2.4,Win32,59.88023952,1428.4503,1,2,2,13.8912,1,13.8726,13.8912,1444.2948,0,34,34,34,1,SBJ-N1-JUMP-INTR.mp3,SBJ-N1-JUMP-INTR.mp4,SBJ-N1-GO-INTR.mp4,,,,,,,,,,,,,,,,,,,,,,,,,,,,,,,,,,,,,,,,,,,,,,,,,,,,,,,,,,,,,,,,,,,,,,,,
,,,,,,,,,,,,,,,,,,,,,,,,,1,,,787823,19870324,2026-04-30_14h06.56.509,BrocantoHPilot1WOSession2,2025.2.4,Win32,59.88023952,1444.2963,1,1,1,19.3177,1,19.1426,19.3177,1465.3567,0,35,35,35,1,SBJ-N2-HIDE-INTR-LOC-N3.mp3,SBJ-N2-HIDE-INTR-LOC-N3.mp4,SBJ-N3-GO-INTR-LOC-N2.mp4,,,,,,,,,,,,,,,,,,,,,,,,,,,,,,,,,,,,,,,,,,,,,,,,,,,,,,,,,,,,,,,,,,,,,,,,
,,,,,,,,,,,,,,,,,,,,,,,,,1,,,787823,19870324,2026-04-30_14h06.56.509,BrocantoHPilot1WOSession2,2025.2.4,Win32,59.88023952,1465.358,1,1,2,27.6321,0,15.4252,27.6321,1494.8498,0,36,36,36,1,SBJ-N4-HIDE-INTR-LOC-N5.mp3,SBJ-N4-HIDE-INTR-LOC-N5.mp4,SBJ-N5-HIDE-INTR-LOC-N4.mp4,,,,,,,,,,,,,,,,,,,,,,,,,,,,,,,,,,,,,,,,,,,,,,,,,,,,,,,,,,,,,,,,,,,,,,,,
,,,,,,,,,,,,,,,,,,,,,,,,,1,,,787823,19870324,2026-04-30_14h06.56.509,BrocantoHPilot1WOSession2,2025.2.4,Win32,59.88023952,1494.8533,1,2,2,19.2991,1,17.3782,19.2991,1516.1115,0,37,37,37,1,SBJ-N5-GO-INTR-LOC-N4.mp3,SBJ-N5-GO-INTR-LOC-N4.mp4,SBJ-N4-REVEAL-INTR-LOC-N5.mp4,,,,,,,,,,,,,,,,,,,,,,,,,,,,,,,,,,,,,,,,,,,,,,,,,,,,,,,,,,,,,,,,,,,,,,,,
,,,,,,,,,,,,,,,,,,,,,,,,,1,,,787823,19870324,2026-04-30_14h06.56.509,BrocantoHPilot1WOSession2,2025.2.4,Win32,59.88023952,1516.1137,1,2,1,28.0719,0,15.9629,28.0719,1545.9548,0,38,38,38,1,SBJ-N3-JUMP-INTR-LOC-N2.mp3,SBJ-N3-JUMP-INTR-LOC-N2.mp4,SBJ-N2-JUMP-INTR-LOC-N3.mp4,,,,,,,,,,,,,,,,,,,,,,,,,,,,,,,,,,,,,,,,,,,,,,,,,,,,,,,,,,,,,,,,,,,,,,,,
,,,,,,,,,,,,,,,,,,,,,,,,,1,,,787823,19870324,2026-04-30_14h06.56.509,BrocantoHPilot1WOSession2,2025.2.4,Win32,59.88023952,1545.9571,1,2,2,17.0775,1,17.1522,17.0775,1564.6833,0,39,39,39,1,SBJ-N4-JUMP-INTR-LOC-N1.mp3,SBJ-N4-JUMP-INTR-LOC-N1.mp4,SBJ-N1-REVEAL-INTR-LOC-N4.mp4,,,,,,,,,,,,,,,,,,,,,,,,,,,,,,,,,,,,,,,,,,,,,,,,,,,,,,,,,,,,,,,,,,,,,,,,
,,,,,,,,,,,,,,,,,,,,,,,,,1,,,787823,19870324,2026-04-30_14h06.56.509,BrocantoHPilot1WOSession2,2025.2.4,Win32,59.88023952,1564.6845,1,2,2,38.8979,1,17.086,38.8979,1605.5565,0,40,40,40,1,Ab-OBJ-N5-SBJ-N2-HIDE-TR.mp3,Ab-OBJ-N5-SBJ-N2-HIDE-TR.mp4,OBJ-N2-Aa-SBJ-N5-HIDE-TR.mp4,,,,,,,,,,,,,,,,,,,,,,,,,,,,,,,,,,,,,,,,,,,,,,,,,,,,,,,,,,,,,,,,,,,,,,,,
,,,,,,,,,,,,,,,,,,,,,,,,,1,,,787823,19870324,2026-04-30_14h06.56.509,BrocantoHPilot1WOSession2,2025.2.4,Win32,59.88023952,1605.5581,1,1,2,20.4972,0,20.4198,20.4972,1627.7682,0,41,41,41,1,OBJ-N5-SBJ-N3-REVEAL-TR-LOC-N4.mp3,OBJ-N5-SBJ-N3-REVEAL-TR-LOC-N4.mp4,OBJ-N4-SBJ-N3-REVEAL-TR-LOC-N5.mp4,,,,,,,,,,,,,,,,,,,,,,,,,,,,,,,,,,,,,,,,,,,,,,,,,,,,,,,,,,,,,,,,,,,,,,,,
,,,,,,,,,,,,,,,,,,,,,,,,,1,,,787823,19870324,2026-04-30_14h06.56.509,BrocantoHPilot1WOSession2,2025.2.4,Win32,59.88023952,,,,,,,,,,,,,,,OBJ.N5 SBJ.N4 HIDE-TR,,,202912.7098,1,OBJ-N5-SBJ-N4-HIDE-TR.mp4,N5|N4|HIDE,JUMP|N5|N4|HIDE|Ab|N2|REVEAL,timó|dabi|zsübe,bonip|timó|dabi|zsübe|zsot|murak|girda,0,7.5189,36.3412,dabi zsübe timó,202962.8326,0,0,0,0,1,OBJ-N5-SBJ-N4-HIDE-TR.mp4,N5|N4|HIDE,JUMP|N5|N4|HIDE|Ab|N2|REVEAL,timó dabi zsübe,timó|dabi|zsübe,bonip|timó|dabi|zsübe|zsot|murak|girda,,,,,,,,,,,,,,,,,,,,,,,,,,,,,,,,,,,,,,,,,,,,,,,,,
,,,,,,,,,,,,,,,,,,,,,,,,,1,,,787823,19870324,2026-04-30_14h06.56.509,BrocantoHPilot1WOSession2,2025.2.4,Win32,59.88023952,,,,,,,,,,,,,,,SBJ.N3 JUMP-INTR,,,202963.3371,1,SBJ-N3-JUMP-INTR.mp4,N3|JUMP,N2|N1|Aa|JUMP|Ab|N3,zilép|bonip,murak|pekli|gyék|bonip|zsot|zilép,1,6.9826,18.828,zilép bonip,202993.0701,0,1,1,1,1,SBJ-N3-JUMP-INTR.mp4,N3|JUMP,N2|N1|Aa|JUMP|Ab|N3,zilép bonip,zilép|bonip,murak|pekli|gyék|bonip|zsot|zilép,,,,,,,,,,,,,,,,,,,,,,,,,,,,,,,,,,,,,,,,,,,,,,,,,
,,,,,,,,,,,,,,,,,,,,,,,,,1,,,787823,19870324,2026-04-30_14h06.56.509,BrocantoHPilot1WOSession2,2025.2.4,Win32,59.88023952,,,,,,,,,,,,,,,SBJ.N4 GO-INTR,,,202993.5778,1,SBJ-N4-GO-INTR.mp4,N4|GO,N4|REVEAL|N2|N1|GO|JUMP,dabi|kávler,dabi|girda|murak|pekli|kávler|bonip,1,6.1148,16.7621,dabi kávler,203014.7464,0,2,2,2,1,SBJ-N4-GO-INTR.mp4,N4|GO,N4|REVEAL|N2|N1|GO|JUMP,dabi kávler,dabi|kávler,dabi|girda|murak|pekli|kávler|bonip,,,,,,,,,,,,,,,,,,,,,,,,,,,,,,,,,,,,,,,,,,,,,,,,,
,,,,,,,,,,,,,,,,,,,,,,,,,1,,,787823,19870324,2026-04-30_14h06.56.509,BrocantoHPilot1WOSession2,2025.2.4,Win32,59.88023952,,,,,,,,,,,,,,,OBJ.N5 SBJ.N4 PUSH-TR,,,203015.258,1,OBJ-N5-SBJ-N4-PUSH-TR.mp4,N5|N4|PUSH,N2|GO|N1|JUMP|N5|PUSH|N4,timó|dabi|vánta,murak|kávler|pekli|bonip|timó|vánta|dabi,0,5.9046,18.9279,dabi timó vánta,203042.4008,0,3,3,3,1,OBJ-N5-SBJ-N4-PUSH-TR.mp4,N5|N4|PUSH,N2|GO|N1|JUMP|N5|PUSH|N4,timó dabi vánta,timó|dabi|vánta,murak|kávler|pekli|bonip|timó|vánta|dabi,,,,,,,,,,,,,,,,,,,,,,,,,,,,,,,,,,,,,,,,,,,,,,,,,
,,,,,,,,,,,,,,,,,,,,,,,,,1,,,787823,19870324,2026-04-30_14h06.56.509,BrocantoHPilot1WOSession2,2025.2.4,Win32,59.88023952,,,,,,,,,,,,,,,OBJ.N5 SBJ.N3 REVEAL-TR,,,203042.9183,1,OBJ-N5-SBJ-N3-REVEAL-TR.mp4,N5|N3|REVEAL,REVEAL|Ab|PUSH|N3|N5|Aa|N1,timó|zilép|girda,girda|zsot|vánta|zilép|timó|gyék|pekli,0,8.2044,26.3595,zilép timó girda,203076.4095,0,4,4,4,1,OBJ-N5-SBJ-N3-REVEAL-TR.mp4,N5|N3|REVEAL,REVEAL|Ab|PUSH|N3|N5|Aa|N1,timó zilép girda,timó|zilép|girda,girda|zsot|vánta|zilép|timó|gyék|pekli,,,,,,,,,,,,,,,,,,,,,,,,,,,,,,,,,,,,,,,,,,,,,,,,,
,,,,,,,,,,,,,,,,,,,,,,,,,1,,,787823,19870324,2026-04-30_14h06.56.509,BrocantoHPilot1WOSession2,2025.2.4,Win32,59.88023952,,,,,,,,,,,,,,,SBJ.N4 HIDE-INTR,,,203076.9242,1,SBJ-N4-HIDE-INTR.mp4,N4|HIDE,Ab|GO|HIDE|N4|Aa|JUMP,dabi|zsübe,zsot|kávler|zsübe|dabi|gyék|bonip,1,6.8152,10.9799,dabi zsübe,203094.722,0,5,5,5,1,SBJ-N4-HIDE-INTR.mp4,N4|HIDE,Ab|GO|HIDE|N4|Aa|JUMP,dabi zsübe,dabi|zsübe,zsot|kávler|zsübe|dabi|gyék|bonip,,,,,,,,,,,,,,,,,,,,,,,,,,,,,,,,,,,,,,,,,,,,,,,,,
,,,,,,,,,,,,,,,,,,,,,,,,,1,,,787823,19870324,2026-04-30_14h06.56.509,BrocantoHPilot1WOSession2,2025.2.4,Win32,59.88023952,,,,,,,,,,,,,,,OBJ.N5 SBJ.N4 PUSH-TR,,,203095.2423,1,OBJ-N5-SBJ-N4-PUSH-TR.mp4,N5|N4|PUSH,N5|Aa|N3|Ab|PUSH|N1|N4,timó|dabi|vánta,timó|gyék|zilép|zsot|vánta|pekli|dabi,0,5.4795,24.515,dabi timó vánta,203123.3345,0,6,6,6,1,OBJ-N5-SBJ-N4-PUSH-TR.mp4,N5|N4|PUSH,N5|Aa|N3|Ab|PUSH|N1|N4,timó dabi vánta,timó|dabi|vánta,timó|gyék|zilép|zsot|vánta|pekli|dabi,,,,,,,,,,,,,,,,,,,,,,,,,,,,,,,,,,,,,,,,,,,,,,,,,
,,,,,,,,,,,,,,,,,,,,,,,,,1,,,787823,19870324,2026-04-30_14h06.56.509,BrocantoHPilot1WOSession2,2025.2.4,Win32,59.88023952,,,,,,,,,,,,,,,SBJ.N3 REVEAL-INTR,,,203123.8496,1,SBJ-N3-REVEAL-INTR.mp4,N3|REVEAL,N1|N4|HIDE|N5|REVEAL|N3,zilép|girda,pekli|dabi|zsübe|timó|girda|zilép,1,4.0202,12.2617,zilép girda,203140.6656,0,7,7,7,1,SBJ-N3-REVEAL-INTR.mp4,N3|REVEAL,N1|N4|HIDE|N5|REVEAL|N3,zilép girda,zilép|girda,pekli|dabi|zsübe|timó|girda|zilép,,,,,,,,,,,,,,,,,,,,,,,,,,,,,,,,,,,,,,,,,,,,,,,,,
,,,,,,,,,,,,,,,,,,,,,,,,,1,,,787823,19870324,2026-04-30_14h06.56.509,BrocantoHPilot1WOSession2,2025.2.4,Win32,59.88023952,,,,,,,,,,,,,,,OBJ.N5 SBJ.N4 REVEAL-TR,,,203141.1815,1,OBJ-N5-SBJ-N4-REVEAL-TR.mp4,N5|N4|REVEAL,Ab|JUMP|N2|REVEAL|N5|PUSH|N4,timó|dabi|girda,zsot|bonip|murak|girda|timó|vánta|dabi,0,6.3751,19.2381,dabi girda timó,203164.9345,0,8,8,8,1,OBJ-N5-SBJ-N4-REVEAL-TR.mp4,N5|N4|REVEAL,Ab|JUMP|N2|REVEAL|N5|PUSH|N4,timó dabi girda,timó|dabi|girda,zsot|bonip|murak|girda|timó|vánta|dabi,,,,,,,,,,,,,,,,,,,,,,,,,,,,,,,,,,,,,,,,,,,,,,,,,
,,,,,,,,,,,,,,,,,,,,,,,,,1,,,787823,19870324,2026-04-30_14h06.56.509,BrocantoHPilot1WOSession2,2025.2.4,Win32,59.88023952,,,,,,,,,,,,,,,SBJ.N3 JUMP-INTR,,,203165.4364,1,SBJ-N3-JUMP-INTR.mp4,N3|JUMP,JUMP|PUSH|Aa|N3|Ab|GO,zilép|bonip,bonip|vánta|gyék|zilép|zsot|kávler,1,6.516,8.9539,zilép bonip,203177.8509,0,9,9,9,1,SBJ-N3-JUMP-INTR.mp4,N3|JUMP,JUMP|PUSH|Aa|N3|Ab|GO,zilép bonip,zilép|bonip,bonip|vánta|gyék|zilép|zsot|kávler,,,,,,,,,,,,,,,,,,,,,,,,,,,,,,,,,,,,,,,,,,,,,,,,,
,,,,,,,,,,,,,,,,,,,,,,,,,1,,,787823,19870324,2026-04-30_14h06.56.509,BrocantoHPilot1WOSession2,2025.2.4,Win32,59.88023952,,,,,,,,,,,,,,,OBJ.N5 SBJ.N4 HIDE-TR,,,203178.3688,1,OBJ-N5-SBJ-N4-HIDE-TR.mp4,N5|N4|HIDE,N4|N3|REVEAL|N5|HIDE|Aa|N1,timó|dabi|zsübe,dabi|zilép|girda|timó|zsübe|gyék|pekli,0,6.6456,13.7517,dabi zsübe timó,203195.6711,0,10,10,10,1,OBJ-N5-SBJ-N4-HIDE-TR.mp4,N5|N4|HIDE,N4|N3|REVEAL|N5|HIDE|Aa|N1,timó dabi zsübe,timó|dabi|zsübe,dabi|zilép|girda|timó|zsübe|gyék|pekli,,,,,,,,,,,,,,,,,,,,,,,,,,,,,,,,,,,,,,,,,,,,,,,,,
,,,,,,,,,,,,,,,,,,,,,,,,,1,,,787823,19870324,2026-04-30_14h06.56.509,BrocantoHPilot1WOSession2,2025.2.4,Win32,59.88023952,,,,,,,,,,,,,,,SBJ.N2 REVEAL-INTR,,,203196.1816,1,SBJ-N2-REVEAL-INTR.mp4,N2|REVEAL,HIDE|N2|GO|REVEAL|PUSH|N5,murak|girda,zsübe|murak|kávler|girda|vánta|timó,1,10.5934,18.4922,murak girda,203218.5285,0,11,11,11,1,SBJ-N2-REVEAL-INTR.mp4,N2|REVEAL,HIDE|N2|GO|REVEAL|PUSH|N5,murak girda,murak|girda,zsübe|murak|kávler|girda|vánta|timó,,,,,,,,,,,,,,,,,,,,,,,,,,,,,,,,,,,,,,,,,,,,,,,,,
,,,,,,,,,,,,,,,,,,,,,,,,,1,,,787823,19870324,2026-04-30_14h06.56.509,BrocantoHPilot1WOSession2,2025.2.4,Win32,59.88023952,,,,,,,,,,,,,,,OBJ.N5 SBJ.N4 HIDE-TR,,,203219.042,1,OBJ-N5-SBJ-N4-HIDE-TR.mp4,N5|N4|HIDE,Ab|HIDE|N4|N3|N2|GO|N5,timó|dabi|zsübe,zsot|zsübe|dabi|zilép|murak|kávler|timó,0,6.7869,20.8929,dabi zsübe timó,203248.541,0,12,12,12,1,OBJ-N5-SBJ-N4-HIDE-TR.mp4,N5|N4|HIDE,Ab|HIDE|N4|N3|N2|GO|N5,timó dabi zsübe,timó|dabi|zsübe,zsot|zsübe|dabi|zilép|murak|kávler|timó,,,,,,,,,,,,,,,,,,,,,,,,,,,,,,,,,,,,,,,,,,,,,,,,,
,,,,,,,,,,,,,,,,,,,,,,,,,1,,,787823,19870324,2026-04-30_14h06.56.509,BrocantoHPilot1WOSession2,2025.2.4,Win32,59.88023952,,,,,,,,,,,,,,,SBJ.N1 GO-INTR,,,203249.0554,1,SBJ-N1-GO-INTR.mp4,N1|GO,HIDE|N2|N1|GO|REVEAL|N3,pekli|kávler,zsübe|murak|pekli|kávler|girda|zilép,1,6.4748,24.1775,pekli kávler,203276.4973,0,13,13,13,1,SBJ-N1-GO-INTR.mp4,N1|GO,HIDE|N2|N1|GO|REVEAL|N3,pekli kávler,pekli|kávler,zsübe|murak|pekli|kávler|girda|zilép,,,,,,,,,,,,,,,,,,,,,,,,,,,,,,,,,,,,,,,,,,,,,,,,,
,,,,,,,,,,,,,,,,,,,,,,,,,1,,,787823,19870324,2026-04-30_14h06.56.509,BrocantoHPilot1WOSession2,2025.2.4,Win32,59.88023952,,,,,,,,,,,,,,,OBJ.N5 SBJ.N3 REVEAL-TR,,,203277.0118,1,OBJ-N5-SBJ-N3-REVEAL-TR.mp4,N5|N3|REVEAL,N5|N4|REVEAL|N3|PUSH|GO|N2,timó|zilép|girda,timó|dabi|girda|zilép|vánta|kávler|murak,0,6.6288,11.995,zilép timó girda,203292.4401,0,14,14,14,1,OBJ-N5-SBJ-N3-REVEAL-TR.mp4,N5|N3|REVEAL,N5|N4|REVEAL|N3|PUSH|GO|N2,timó zilép girda,timó|zilép|girda,timó|dabi|girda|zilép|vánta|kávler|murak,,,,,,,,,,,,,,,,,,,,,,,,,,,,,,,,,,,,,,,,,,,,,,,,,
,,,,,,,,,,,,,,,,,,,,,,,,,1,,,787823,19870324,2026-04-30_14h06.56.509,BrocantoHPilot1WOSession2,2025.2.4,Win32,59.88023952,,,,,,,,,,,,,,,SBJ.N3 JUMP-INTR,,,203292.9566,1,SBJ-N3-JUMP-INTR.mp4,N3|JUMP,JUMP|N2|REVEAL|N5|N3|N4,zilép|bonip,bonip|murak|girda|timó|zilép|dabi,1,6.2469,9.8467,zilép bonip,203306.215,0,15,15,15,1,SBJ-N3-JUMP-INTR.mp4,N3|JUMP,JUMP|N2|REVEAL|N5|N3|N4,zilép bonip,zilép|bonip,bonip|murak|girda|timó|zilép|dabi,,,,,,,,,,,,,,,,,,,,,,,,,,,,,,,,,,,,,,,,,,,,,,,,,
,,,,,,,,,,,,,,,,,,,,,,,,,1,,,787823,19870324,2026-04-30_14h06.56.509,BrocantoHPilot1WOSession2,2025.2.4,Win32,59.88023952,,,,,,,,,,,,,,,SBJ.N4 HIDE-INTR,,,203306.7194,1,SBJ-N4-HIDE-INTR.mp4,N4|HIDE,GO|N4|Ab|N1|N2|HIDE,dabi|zsübe,kávler|dabi|zsot|pekli|murak|zsübe,1,6.622,11.0368,dabi zsübe,203320.9701,0,16,16,16,1,SBJ-N4-HIDE-INTR.mp4,N4|HIDE,GO|N4|Ab|N1|N2|HIDE,dabi zsübe,dabi|zsübe,kávler|dabi|zsot|pekli|murak|zsübe,,,,,,,,,,,,,,,,,,,,,,,,,,,,,,,,,,,,,,,,,,,,,,,,,
,,,,,,,,,,,,,,,,,,,,,,,,,1,,,787823,19870324,2026-04-30_14h06.56.509,BrocantoHPilot1WOSession2,2025.2.4,Win32,59.88023952,,,,,,,,,,,,,,,OBJ.N5 SBJ.N2 PUSH-TR,,,203321.4837,1,OBJ-N5-SBJ-N2-PUSH-TR.mp4,N5|N2|PUSH,PUSH|N4|Ab|N1|N2|HIDE|N5,timó|murak|vánta,vánta|dabi|zsot|pekli|murak|zsübe|timó,0,5.4049,34.1235,murak timó vánta,203375.0391,0,17,17,17,1,OBJ-N5-SBJ-N2-PUSH-TR.mp4,N5|N2|PUSH,PUSH|N4|Ab|N1|N2|HIDE|N5,timó murak vánta,timó|murak|vánta,vánta|dabi|zsot|pekli|murak|zsübe|timó,,,,,,,,,,,,,,,,,,,,,,,,,,,,,,,,,,,,,,,,,,,,,,,,,
,,,,,,,,,,,,,,,,,,,,,,,,,1,,,787823,19870324,2026-04-30_14h06.56.509,BrocantoHPilot1WOSession2,2025.2.4,Win32,59.88023952,,,,,,,,,,,,,,,SBJ.N5 REVEAL-INTR,,,203375.5558,1,SBJ-N5-REVEAL-INTR.mp4,N5|REVEAL,PUSH|N5|GO|REVEAL|JUMP|N4,timó|girda,vánta|timó|kávler|girda|bonip|dabi,1,7.536,12.9006,timó girda,203391.8404,0,18,18,18,1,SBJ-N5-REVEAL-INTR.mp4,N5|REVEAL,PUSH|N5|GO|REVEAL|JUMP|N4,timó girda,timó|girda,vánta|timó|kávler|girda|bonip|dabi,,,,,,,,,,,,,,,,,,,,,,,,,,,,,,,,,,,,,,,,,,,,,,,,,
,,,,,,,,,,,,,,,,,,,,,,,,,1,,,787823,19870324,2026-04-30_14h06.56.509,BrocantoHPilot1WOSession2,2025.2.4,Win32,59.88023952,,,,,,,,,,,,,,,SBJ.N3 HIDE-INTR,,,203392.3502,1,SBJ-N3-HIDE-INTR.mp4,N3|HIDE,N2|N3|N5|HIDE|N1|N4,zilép|zsübe,murak|zilép|timó|zsübe|pekli|dabi,1,6.4713,8.5693,zilép zsübe,203403.9651,0,19,19,19,1,SBJ-N3-HIDE-INTR.mp4,N3|HIDE,N2|N3|N5|HIDE|N1|N4,zilép zsübe,zilép|zsübe,murak|zilép|timó|zsübe|pekli|dabi,,,,,,,,,,,,,,,,,,,,,,,,,,,,,,,,,,,,,,,,,,,,,,,,,
,,,,,,,,,,,,,,,,,,,,,,,,,1,,,787823,19870324,2026-04-30_14h06.56.509,BrocantoHPilot1WOSession2,2025.2.4,Win32,59.88023952,,,,,,,,,,,,,,,OBJ.N5 SBJ.N2 PUSH-TR,,,203404.4792,1,OBJ-N5-SBJ-N2-PUSH-TR.mp4,N5|N2|PUSH,JUMP|N1|N2|N3|PUSH|Ab|N5,timó|murak|vánta,bonip|pekli|murak|zilép|vánta|zsot|timó,1,5.448,23.6264,timó murak vánta,203431.527,0,20,20,20,1,OBJ-N5-SBJ-N2-PUSH-TR.mp4,N5|N2|PUSH,JUMP|N1|N2|N3|PUSH|Ab|N5,timó murak vánta,timó|murak|vánta,bonip|pekli|murak|zilép|vánta|zsot|timó,,,,,,,,,,,,,,,,,,,,,,,,,,,,,,,,,,,,,,,,,,,,,,,,,
,,,,,,,,,,,,,,,,,,,,,,,,,1,,,787823,19870324,2026-04-30_14h06.56.509,BrocantoHPilot1WOSession2,2025.2.4,Win32,59.88023952,,,,,,,,,,,,,,,OBJ.N5 SBJ.N1 PUSH-TR,,,203432.0409,1,OBJ-N5-SBJ-N1-PUSH-TR.mp4,N5|N1|PUSH,JUMP|GO|PUSH|N1|Ab|Aa|N5,timó|pekli|vánta,bonip|kávler|vánta|pekli|zsot|gyék|timó,1,5.881,12.6958,timó pekli vánta,203447.6701,0,21,21,21,1,OBJ-N5-SBJ-N1-PUSH-TR.mp4,N5|N1|PUSH,JUMP|GO|PUSH|N1|Ab|Aa|N5,timó pekli vánta,timó|pekli|vánta,bonip|kávler|vánta|pekli|zsot|gyék|timó,,,,,,,,,,,,,,,,,,,,,,,,,,,,,,,,,,,,,,,,,,,,,,,,,
,,,,,,,,,,,,,,,,,,,,,,,,,1,,,787823,19870324,2026-04-30_14h06.56.509,BrocantoHPilot1WOSession2,2025.2.4,Win32,59.88023952,,,,,,,,,,,,,,,OBJ.N5 SBJ.N2 HIDE-TR LOC.N3,,,203448.1883,1,OBJ-N5-SBJ-N2-HIDE-TR-LOC-N3.mp4,N5|N2|HIDE|N3,Aa|N5|N2|HIDE|N4|N1|GO|N3,timó|murak|zsübe|zilép,gyék|timó|murak|zsübe|dabi|pekli|kávler|zilép,1,7.4968,35.257,timó murak zsübe zilép,203487.7511,0,22,22,22,1,OBJ-N5-SBJ-N2-HIDE-TR-LOC-N3.mp4,N5|N2|HIDE|N3,Aa|N5|N2|HIDE|N4|N1|GO|N3,timó murak zsübe zilép,timó|murak|zsübe|zilép,gyék|timó|murak|zsübe|dabi|pekli|kávler|zilép,,,,,,,,,,,,,,,,,,,,,,,,,,,,,,,,,,,,,,,,,,,,,,,,,
,,,,,,,,,,,,,,,,,,,,,,,,,1,,,787823,19870324,2026-04-30_14h06.56.509,BrocantoHPilot1WOSession2,2025.2.4,Win32,59.88023952,,,,,,,,,,,,,,,SBJ.N4 REVEAL-INTR LOC.N3,,,203488.2626,1,SBJ-N4-REVEAL-INTR-LOC-N3.mp4,N4|REVEAL|N3,N2|N3|Aa|N5|PUSH|REVEAL|N4,dabi|girda|zilép,murak|zilép|gyék|timó|vánta|girda|dabi,1,6.1146,20.9603,dabi girda zilép,203512.5913,0,23,23,23,1,SBJ-N4-REVEAL-INTR-LOC-N3.mp4,N4|REVEAL|N3,N2|N3|Aa|N5|PUSH|REVEAL|N4,dabi girda zilép,dabi|girda|zilép,murak|zilép|gyék|timó|vánta|girda|dabi,,,,,,,,,,,,,,,,,,,,,,,,,,,,,,,,,,,,,,,,,,,,,,,,,
,,,,,,,,,,,,,,,,,,,,,,,,,1,,,787823,19870324,2026-04-30_14h06.56.509,BrocantoHPilot1WOSession2,2025.2.4,Win32,59.88023952,,,,,,,,,,,,,,,SBJ.N4 REVEAL-INTR LOC.N3,,,203513.1073,1,SBJ-N4-REVEAL-INTR-LOC-N3.mp4,N4|REVEAL|N3,HIDE|PUSH|Ab|N3|REVEAL|GO|N4,dabi|girda|zilép,zsübe|vánta|zsot|zilép|girda|kávler|dabi,1,6.0343,13.3324,dabi girda zilép,203532.1967,0,24,24,24,1,SBJ-N4-REVEAL-INTR-LOC-N3.mp4,N4|REVEAL|N3,HIDE|PUSH|Ab|N3|REVEAL|GO|N4,dabi girda zilép,dabi|girda|zilép,zsübe|vánta|zsot|zilép|girda|kávler|dabi,,,,,,,,,,,,,,,,,,,,,,,,,,,,,,,,,,,,,,,,,,,,,,,,,
,,,,,,,,,,,,,,,,,,,,,,,,,1,,,787823,19870324,2026-04-30_14h06.56.509,BrocantoHPilot1WOSession2,2025.2.4,Win32,59.88023952,,,,,,,,,,,,,,,OBJ.N5 SBJ.N1 PUSH-TR LOC.N2,,,203532.7013,1,OBJ-N5-SBJ-N1-PUSH-TR-LOC-N2.mp4,N5|N1|PUSH|N2,N1|N2|HIDE|PUSH|N5|GO|REVEAL|N3,timó|pekli|vánta|murak,pekli|murak|zsübe|vánta|timó|kávler|girda|zilép,1,5.6125,20.4596,timó pekli vánta murak,203556.1632,0,25,25,25,1,OBJ-N5-SBJ-N1-PUSH-TR-LOC-N2.mp4,N5|N1|PUSH|N2,N1|N2|HIDE|PUSH|N5|GO|REVEAL|N3,timó pekli vánta murak,timó|pekli|vánta|murak,pekli|murak|zsübe|vánta|timó|kávler|girda|zilép,,,,,,,,,,,,,,,,,,,,,,,,,,,,,,,,,,,,,,,,,,,,,,,,,
,,,,,,,,,,,,,,,,,,,,,,,,,1,,,787823,19870324,2026-04-30_14h06.56.509,BrocantoHPilot1WOSession2,2025.2.4,Win32,59.88023952,,,,,,,,,,,,,,,OBJ.N5 SBJ.N1 REVEAL-TR LOC.N3,,,203556.6814,1,OBJ-N5-SBJ-N1-REVEAL-TR-LOC-N3.mp4,N5|N1|REVEAL|N3,N5|N3|GO|N2|HIDE|N1|JUMP|REVEAL,timó|pekli|girda|zilép,timó|zilép|kávler|murak|zsübe|pekli|bonip|girda,1,7.7703,23.7418,timó pekli girda zilép,203584.7704,0,26,26,26,1,OBJ-N5-SBJ-N1-REVEAL-TR-LOC-N3.mp4,N5|N1|REVEAL|N3,N5|N3|GO|N2|HIDE|N1|JUMP|REVEAL,timó pekli girda zilép,timó|pekli|girda|zilép,timó|zilép|kávler|murak|zsübe|pekli|bonip|girda,,,,,,,,,,,,,,,,,,,,,,,,,,,,,,,,,,,,,,,,,,,,,,,,,
,,,,,,,,,,,,,,,,,,,,,,,,,1,,,787823,19870324,2026-04-30_14h06.56.509,BrocantoHPilot1WOSession2,2025.2.4,Win32,59.88023952,,,,,,,,,,,,,,,SBJ.N1 REVEAL-INTR LOC.N5,,,203585.2917,1,SBJ-N1-REVEAL-INTR-LOC-N5.mp4,N1|REVEAL|N5,N1|REVEAL|Ab|N4|N5|HIDE|N3,pekli|girda|timó,pekli|girda|zsot|dabi|timó|zsübe|zilép,1,7.4126,18.1504,pekli girda timó,203606.4633,0,27,27,27,1,SBJ-N1-REVEAL-INTR-LOC-N5.mp4,N1|REVEAL|N5,N1|REVEAL|Ab|N4|N5|HIDE|N3,pekli girda timó,pekli|girda|timó,pekli|girda|zsot|dabi|timó|zsübe|zilép,,,,,,,,,,,,,,,,,,,,,,,,,,,,,,,,,,,,,,,,,,,,,,,,,
,,,,,,,,,,,,,,,,,,,,,,,,,1,,,787823,19870324,2026-04-30_14h06.56.509,BrocantoHPilot1WOSession2,2025.2.4,Win32,59.88023952,,,,,,,,,,,,,,,OBJ.N5 SBJ.N2 PUSH-TR LOC.N3,,,203606.9844,1,OBJ-N5-SBJ-N2-PUSH-TR-LOC-N3.mp4,N5|N2|PUSH|N3,GO|N1|REVEAL|N2|N5|Ab|PUSH|N3,timó|murak|vánta|zilép,kávler|pekli|girda|murak|timó|zsot|vánta|zilép,1,5.1707,18.6617,timó murak vánta zilép,203628.7354,0,28,28,28,1,OBJ-N5-SBJ-N2-PUSH-TR-LOC-N3.mp4,N5|N2|PUSH|N3,GO|N1|REVEAL|N2|N5|Ab|PUSH|N3,timó murak vánta zilép,timó|murak|vánta|zilép,kávler|pekli|girda|murak|timó|zsot|vánta|zilép,,,,,,,,,,,,,,,,,,,,,,,,,,,,,,,,,,,,,,,,,,,,,,,,,
,,,,,,,,,,,,,,,,,,,,,,,,,1,,,787823,19870324,2026-04-30_14h06.56.509,BrocantoHPilot1WOSession2,2025.2.4,Win32,59.88023952,,,,,,,,,,,,,,,OBJ.N5 SBJ.N1 HIDE-TR LOC.N2,,,203629.2426,1,OBJ-N5-SBJ-N1-HIDE-TR-LOC-N2.mp4,N5|N1|HIDE|N2,HIDE|N2|PUSH|N4|N1|JUMP|Ab|N5,timó|pekli|zsübe|murak,zsübe|murak|vánta|dabi|pekli|bonip|zsot|timó,1,6.3481,20.0052,timó pekli zsübe murak,203652.7125,0,29,29,29,1,OBJ-N5-SBJ-N1-HIDE-TR-LOC-N2.mp4,N5|N1|HIDE|N2,HIDE|N2|PUSH|N4|N1|JUMP|Ab|N5,timó pekli zsübe murak,timó|pekli|zsübe|murak,zsübe|murak|vánta|dabi|pekli|bonip|zsot|timó,,,,,,,,,,,,,,,,,,,,,,,,,,,,,,,,,,,,,,,,,,,,,,,,,
,,,,,,,,,,,,,,,,,,,,,,,,,1,,,787823,19870324,2026-04-30_14h06.56.509,BrocantoHPilot1WOSession2,2025.2.4,Win32,59.88023952,,,,,,,,,,,,,,,OBJ.N5 SBJ.N2 PUSH-TR LOC.N4,,,203653.2227,1,OBJ-N5-SBJ-N2-PUSH-TR-LOC-N4.mp4,N5|N2|PUSH|N4,N5|N4|REVEAL|N1|N2|GO|PUSH|N3,timó|murak|vánta|dabi,timó|dabi|girda|pekli|murak|kávler|vánta|zilép,1,5.3645,16.3783,timó murak vánta dabi,203673.0384,0,30,30,30,1,OBJ-N5-SBJ-N2-PUSH-TR-LOC-N4.mp4,N5|N2|PUSH|N4,N5|N4|REVEAL|N1|N2|GO|PUSH|N3,timó murak vánta dabi,timó|murak|vánta|dabi,timó|dabi|girda|pekli|murak|kávler|vánta|zilép,,,,,,,,,,,,,,,,,,,,,,,,,,,,,,,,,,,,,,,,,,,,,,,,,
,,,,,,,,,,,,,,,,,,,,,,,,,1,,,787823,19870324,2026-04-30_14h06.56.509,BrocantoHPilot1WOSession2,2025.2.4,Win32,59.88023952,,,,,,,,,,,,,,,OBJ.N5 SBJ.N3 REVEAL-TR,,,203673.5495,1,OBJ-N5-SBJ-N3-REVEAL-TR.mp4,N5|N3|REVEAL,GO|Aa|REVEAL|N3|N5|N1|JUMP,timó|zilép|girda,kávler|gyék|girda|zilép|timó|pekli|bonip,1,6.564,12.1457,timó zilép girda,203688.8096,0,31,31,31,1,OBJ-N5-SBJ-N3-REVEAL-TR.mp4,N5|N3|REVEAL,GO|Aa|REVEAL|N3|N5|N1|JUMP,timó zilép girda,timó|zilép|girda,kávler|gyék|girda|zilép|timó|pekli|bonip,,,,,,,,,,,,,,,,,,,,,,,,,,,,,,,,,,,,,,,,,,,,,,,,,
,,,,,,,,,,,,,,,,,,,,,,,,,1,,,787823,19870324,2026-04-30_14h06.56.509,BrocantoHPilot1WOSession2,2025.2.4,Win32,59.88023952,,,,,,,,,,,,,,,OBJ.N5 SBJ.N3 HIDE-TR LOC.N4,,,203689.3168,1,OBJ-N5-SBJ-N3-HIDE-TR-LOC-N4.mp4,N5|N3|HIDE|N4,N4|N2|JUMP|REVEAL|N3|HIDE|N5|Ab,timó|zilép|zsübe|dabi,dabi|murak|bonip|girda|zilép|zsübe|timó|zsot,1,7.0256,19.6068,timó zilép zsübe dabi,203712.1893,0,32,32,32,1,OBJ-N5-SBJ-N3-HIDE-TR-LOC-N4.mp4,N5|N3|HIDE|N4,N4|N2|JUMP|REVEAL|N3|HIDE|N5|Ab,timó zilép zsübe dabi,timó|zilép|zsübe|dabi,dabi|murak|bonip|girda|zilép|zsübe|timó|zsot,,,,,,,,,,,,,,,,,,,,,,,,,,,,,,,,,,,,,,,,,,,,,,,,,
,,,,,,,,,,,,,,,,,,,,,,,,,1,,,787823,19870324,2026-04-30_14h06.56.509,BrocantoHPilot1WOSession2,2025.2.4,Win32,59.88023952,,,,,,,,,,,,,,,Aa SBJ.N5 JUMP-INTR,,,203712.7102,1,Aa-SBJ-N5-JUMP-INTR.mp4,Aa|N5|JUMP,JUMP|N4|GO|N1|Aa|Ab|N5,gyék|timó|bonip,bonip|dabi|kávler|pekli|gyék|zsot|timó,0,5.1817,12.2182,timó bonip,203739.4422,0,33,33,33,1,Aa-SBJ-N5-JUMP-INTR.mp4,Aa|N5|JUMP,JUMP|N4|GO|N1|Aa|Ab|N5,gyék timó bonip,gyék|timó|bonip,bonip|dabi|kávler|pekli|gyék|zsot|timó,,,,,,,,,,,,,,,,,,,,,,,,,,,,,,,,,,,,,,,,,,,,,,,,,
,,,,,,,,,,,,,,,,,,,,,,,,,1,,,787823,19870324,2026-04-30_14h06.56.509,BrocantoHPilot1WOSession2,2025.2.4,Win32,59.88023952,,,,,,,,,,,,,,,SBJ.N3 HIDE-INTR,,,203739.9493,1,SBJ-N3-HIDE-INTR.mp4,N3|HIDE,HIDE|Aa|REVEAL|GO|N2|N3,zilép|zsübe,zsübe|gyék|girda|kávler|murak|zilép,1,6.447,9.9302,zilép zsübe,203753.1206,0,34,34,34,1,SBJ-N3-HIDE-INTR.mp4,N3|HIDE,HIDE|Aa|REVEAL|GO|N2|N3,zilép zsübe,zilép|zsübe,zsübe|gyék|girda|kávler|murak|zilép,,,,,,,,,,,,,,,,,,,,,,,,,,,,,,,,,,,,,,,,,,,,,,,,,
,,,,,,,,,,,,,,,,,,,,,,,,,1,,,787823,19870324,2026-04-30_14h06.56.509,BrocantoHPilot1WOSession2,2025.2.4,Win32,59.88023952,,,,,,,,,,,,,,,SBJ.N3 GO-INTR LOC.N2,,,203753.6318,1,SBJ-N3-GO-INTR-LOC-N2.mp4,N3|GO|N2,GO|PUSH|N3|Ab|N1|HIDE|N2,zilép|kávler|murak,kávler|vánta|zilép|zsot|pekli|zsübe|murak,1,6.3145,18.7851,zilép kávler murak,203775.9731,0,35,35,35,1,SBJ-N3-GO-INTR-LOC-N2.mp4,N3|GO|N2,GO|PUSH|N3|Ab|N1|HIDE|N2,zilép kávler murak,zilép|kávler|murak,kávler|vánta|zilép|zsot|pekli|zsübe|murak,,,,,,,,,,,,,,,,,,,,,,,,,,,,,,,,,,,,,,,,,,,,,,,,,
,,,,,,,,,,,,,,,,,,,,,,,,,1,,,787823,19870324,2026-04-30_14h06.56.509,BrocantoHPilot1WOSession2,2025.2.4,Win32,59.88023952,,,,,,,,,,,,,,,SBJ.N1 HIDE-INTR LOC.N5,,,203776.4934,1,SBJ-N1-HIDE-INTR-LOC-N5.mp4,N1|HIDE|N5,Ab|PUSH|Aa|N5|N1|REVEAL|HIDE,pekli|zsübe|timó,zsot|vánta|gyék|timó|pekli|girda|zsübe,0,5.0808,24.993,pekli zsübe timó zsot,203807.4104,0,36,36,36,1,SBJ-N1-HIDE-INTR-LOC-N5.mp4,N1|HIDE|N5,Ab|PUSH|Aa|N5|N1|REVEAL|HIDE,pekli zsübe timó,pekli|zsübe|timó,zsot|vánta|gyék|timó|pekli|girda|zsübe,,,,,,,,,,,,,,,,,,,,,,,,,,,,,,,,,,,,,,,,,,,,,,,,,
,,,,,,,,,,,,,,,,,,,,,,,,,1,,,787823,19870324,2026-04-30_14h06.56.509,BrocantoHPilot1WOSession2,2025.2.4,Win32,59.88023952,,,,,,,,,,,,,,,SBJ.N1 JUMP-INTR LOC.N5,,,203807.9187,1,SBJ-N1-JUMP-INTR-LOC-N5.mp4,N1|JUMP|N5,PUSH|N2|N1|N5|GO|JUMP|Aa,pekli|bonip|timó,vánta|murak|pekli|timó|kávler|bonip|gyék,0,5.8469,13.8124,timó pekli bonip,203848.6384,0,37,37,37,1,SBJ-N1-JUMP-INTR-LOC-N5.mp4,N1|JUMP|N5,PUSH|N2|N1|N5|GO|JUMP|Aa,pekli bonip timó,pekli|bonip|timó,vánta|murak|pekli|timó|kávler|bonip|gyék,,,,,,,,,,,,,,,,,,,,,,,,,,,,,,,,,,,,,,,,,,,,,,,,,
,,,,,,,,,,,,,,,,,,,,,,,,,1,,,787823,19870324,2026-04-30_14h06.56.509,BrocantoHPilot1WOSession2,2025.2.4,Win32,59.88023952,,,,,,,,,,,,,,,SBJ.N5 GO-INTR LOC.N3,,,203849.1618,1,SBJ-N5-GO-INTR-LOC-N3.mp4,N5|GO|N3,N5|N4|N3|PUSH|GO|HIDE|Aa,timó|kávler|zilép,timó|dabi|zilép|vánta|kávler|zsübe|gyék,1,7.6299,21.2607,timó kávler zilép,203874.2425,0,38,38,38,1,SBJ-N5-GO-INTR-LOC-N3.mp4,N5|GO|N3,N5|N4|N3|PUSH|GO|HIDE|Aa,timó kávler zilép,timó|kávler|zilép,timó|dabi|zilép|vánta|kávler|zsübe|gyék,,,,,,,,,,,,,,,,,,,,,,,,,,,,,,,,,,,,,,,,,,,,,,,,,
,,,,,,,,,,,,,,,,,,,,,,,,,1,,,787823,19870324,2026-04-30_14h06.56.509,BrocantoHPilot1WOSession2,2025.2.4,Win32,59.88023952,,,,,,,,,,,,,,,SBJ.N5 HIDE-INTR LOC.N2,,,203874.7528,1,SBJ-N5-HIDE-INTR-LOC-N2.mp4,N5|HIDE|N2,HIDE|N2|JUMP|N5|Aa|N3|Ab,timó|zsübe|murak,zsübe|murak|bonip|timó|gyék|zilép|zsot,1,7.4975,14.0134,timó zsübe murak,203905.5843,0,39,39,39,1,SBJ-N5-HIDE-INTR-LOC-N2.mp4,N5|HIDE|N2,HIDE|N2|JUMP|N5|Aa|N3|Ab,timó zsübe murak,timó|zsübe|murak,zsübe|murak|bonip|timó|gyék|zilép|zsot,,,,,,,,,,,,,,,,,,,,,,,,,,,,,,,,,,,,,,,,,,,,,,,,,
,,,,,,,,,,,,,,,,,,,,,,,,,1,,,787823,19870324,2026-04-30_14h06.56.509,BrocantoHPilot1WOSession2,2025.2.4,Win32,59.88023952,,,,,,,,,,,,,,,OBJ.N5 SBJ.N3 HIDE-TR LOC.N2,,,203906.0978,1,OBJ-N5-SBJ-N3-HIDE-TR-LOC-N2.mp4,N5|N3|HIDE|N2,Aa|Ab|PUSH|REVEAL|N3|HIDE|N2|N5,timó|zilép|zsübe|murak,gyék|zsot|vánta|girda|zilép|zsübe|murak|timó,1,6.0137,24.0596,timó zilép zsübe murak,203933.4855,0,40,40,40,1,OBJ-N5-SBJ-N3-HIDE-TR-LOC-N2.mp4,N5|N3|HIDE|N2,Aa|Ab|PUSH|REVEAL|N3|HIDE|N2|N5,timó zilép zsübe murak,timó|zilép|zsübe|murak,gyék|zsot|vánta|girda|zilép|zsübe|murak|timó,,,,,,,,,,,,,,,,,,,,,,,,,,,,,,,,,,,,,,,,,,,,,,,,,
,,,,,,,,,,,,,,,,,,,,,,,,,1,,,787823,19870324,2026-04-30_14h06.56.509,BrocantoHPilot1WOSession2,2025.2.4,Win32,59.88023952,,,,,,,,,,,,,,,Ab OBJ.N5 SBJ.N2 HIDE-TR,,,203934.0051,1,Ab-OBJ-N5-SBJ-N2-HIDE-TR.mp4,Ab|N5|N2|HIDE,N1|N5|N4|Ab|HIDE|REVEAL|N2|PUSH,zsot|timó|murak|zsübe,pekli|timó|dabi|zsot|zsübe|girda|murak|vánta,0,7.3472,10.8812,timó murak zsübe,203965.0261,0,41,41,41,1,Ab-OBJ-N5-SBJ-N2-HIDE-TR.mp4,Ab|N5|N2|HIDE,N1|N5|N4|Ab|HIDE|REVEAL|N2|PUSH,zsot timó murak zsübe,zsot|timó|murak|zsübe,pekli|timó|dabi|zsot|zsübe|girda|murak|vánta,,,,,,,,,,,,,,,,,,,,,,,,,,,,,,,,,,,,,,,,,,,,,,,,,
,,,,,,,,,,,,,,,,,,,,,,,,,1,,,787823,19870324,2026-04-30_14h06.56.509,BrocantoHPilot1WOSession2,2025.2.4,Win32,59.88023952,,,,,,,,,,,,,,,,,,,,,,,,,,,,,,,,,,,,,,,,,203978.6096,chunkTest_s1,0,1,N5-Ab.mp3,3,5.8467,6,1,7.2554,10.8503,203990.7769,0,0,0,19,1,N5-Ab.mp3,3,,,,,,,,,,,,,,,,,,,,,,,,,,,,,,
,,,,,,,,,,,,,,,,,,,,,,,,,1,,,787823,19870324,2026-04-30_14h06.56.509,BrocantoHPilot1WOSession2,2025.2.4,Win32,59.88023952,,,,,,,,,,,,,,,,,,,,,,,,,,,,,,,,,,,,,,,,,203991.2886,chunkTest_s1,1,1,N1-N2.mp3,0,1.3254,6,1,2.9488,6.3483,203998.5482,0,1,1,18,1,N1-N2.mp3,0,,,,,,,,,,,,,,,,,,,,,,,,,,,,,,
,,,,,,,,,,,,,,,,,,,,,,,,,1,,,787823,19870324,2026-04-30_14h06.56.509,BrocantoHPilot1WOSession2,2025.2.4,Win32,59.88023952,,,,,,,,,,,,,,,,,,,,,,,,,,,,,,,,,,,,,,,,,203999.0533,chunkTest_s1,2,1,REVEAL-N3.mp3,7,1.2609,6,1,3.2547,3.9464,204003.8781,0,2,2,13,1,REVEAL-N3.mp3,7,,,,,,,,,,,,,,,,,,,,,,,,,,,,,,
,,,,,,,,,,,,,,,,,,,,,,,,,1,,,787823,19870324,2026-04-30_14h06.56.509,BrocantoHPilot1WOSession2,2025.2.4,Win32,59.88023952,,,,,,,,,,,,,,,,,,,,,,,,,,,,,,,,,,,,,,,,,204004.3908,chunkTest_s1,3,1,N4-N4.mp3,0,0.9937,1,1,2.6089,6.1778,204011.449,0,3,3,1,1,N4-N4.mp3,0,,,,,,,,,,,,,,,,,,,,,,,,,,,,,,
,,,,,,,,,,,,,,,,,,,,,,,,,1,,,787823,19870324,2026-04-30_14h06.56.509,BrocantoHPilot1WOSession2,2025.2.4,Win32,59.88023952,,,,,,,,,,,,,,,,,,,,,,,,,,,,,,,,,,,,,,,,,204011.966,chunkTest_s1,4,1,N4-N5.mp3,0,1.529,6,1,3.1449,4.9209,204017.6868,0,4,4,15,1,N4-N5.mp3,0,,,,,,,,,,,,,,,,,,,,,,,,,,,,,,
,,,,,,,,,,,,,,,,,,,,,,,,,1,,,787823,19870324,2026-04-30_14h06.56.509,BrocantoHPilot1WOSession2,2025.2.4,Win32,59.88023952,,,,,,,,,,,,,,,,,,,,,,,,,,,,,,,,,,,,,,,,,204018.207,chunkTest_s1,5,1,N1-N1.mp3,0,1.1772,1,1,3.0668,3.3586,204022.4098,0,5,5,7,1,N1-N1.mp3,0,,,,,,,,,,,,,,,,,,,,,,,,,,,,,,
,,,,,,,,,,,,,,,,,,,,,,,,,1,,,787823,19870324,2026-04-30_14h06.56.509,BrocantoHPilot1WOSession2,2025.2.4,Win32,59.88023952,,,,,,,,,,,,,,,,,,,,,,,,,,,,,,,,,,,,,,,,,204022.9147,chunkTest_s1,6,1,PUSH-PUSH.mp3,0,0.9505,1,1,2.5829,2.7364,204026.4148,0,6,6,16,1,PUSH-PUSH.mp3,0,,,,,,,,,,,,,,,,,,,,,,,,,,,,,,
,,,,,,,,,,,,,,,,,,,,,,,,,1,,,787823,19870324,2026-04-30_14h06.56.509,BrocantoHPilot1WOSession2,2025.2.4,Win32,59.88023952,,,,,,,,,,,,,,,,,,,,,,,,,,,,,,,,,,,,,,,,,204026.9299,chunkTest_s1,7,1,JUMP-N5.mp3,1,0.8098,6,1,2.8353,3.1786,204030.8052,0,7,7,0,1,JUMP-N5.mp3,1,,,,,,,,,,,,,,,,,,,,,,,,,,,,,,
,,,,,,,,,,,,,,,,,,,,,,,,,1,,,787823,19870324,2026-04-30_14h06.56.509,BrocantoHPilot1WOSession2,2025.2.4,Win32,59.88023952,,,,,,,,,,,,,,,,,,,,,,,,,,,,,,,,,,,,,,,,,204031.3123,chunkTest_s1,8,1,HIDE-N1.mp3,2,2.232,6,2,3.8967,4.2715,204036.4063,0,8,8,4,1,HIDE-N1.mp3,2,,,,,,,,,,,,,,,,,,,,,,,,,,,,,,
,,,,,,,,,,,,,,,,,,,,,,,,,1,,,787823,19870324,2026-04-30_14h06.56.509,BrocantoHPilot1WOSession2,2025.2.4,Win32,59.88023952,,,,,,,,,,,,,,,,,,,,,,,,,,,,,,,,,,,,,,,,,204036.9094,chunkTest_s1,9,1,N5-N3.mp3,19,1.2603,6,1,2.9046,4.0348,204041.6182,0,9,9,10,1,N5-N3.mp3,19,,,,,,,,,,,,,,,,,,,,,,,,,,,,,,
,,,,,,,,,,,,,,,,,,,,,,,,,1,,,787823,19870324,2026-04-30_14h06.56.509,BrocantoHPilot1WOSession2,2025.2.4,Win32,59.88023952,,,,,,,,,,,,,,,,,,,,,,,,,,,,,,,,,,,,,,,,,204042.1261,chunkTest_s1,10,1,N1-JUMP.mp3,3,1.7371,6,1,3.3964,5.2584,204048.8795,0,10,10,5,1,N1-JUMP.mp3,3,,,,,,,,,,,,,,,,,,,,,,,,,,,,,,
,,,,,,,,,,,,,,,,,,,,,,,,,1,,,787823,19870324,2026-04-30_14h06.56.509,BrocantoHPilot1WOSession2,2025.2.4,Win32,59.88023952,,,,,,,,,,,,,,,,,,,,,,,,,,,,,,,,,,,,,,,,,204049.3931,chunkTest_s1,11,1,N2-N3.mp3,0,3.126,6,3,6.3539,7.142,204057.4449,0,11,11,3,1,N2-N3.mp3,0,,,,,,,,,,,,,,,,,,,,,,,,,,,,,,
,,,,,,,,,,,,,,,,,,,,,,,,,1,,,787823,19870324,2026-04-30_14h06.56.509,BrocantoHPilot1WOSession2,2025.2.4,Win32,59.88023952,,,,,,,,,,,,,,,,,,,,,,,,,,,,,,,,,,,,,,,,,204057.9575,chunkTest_s1,12,1,HIDE-JUMP.mp3,0,1.7558,6,1,3.5094,10.125,204069.0536,0,12,12,14,1,HIDE-JUMP.mp3,0,,,,,,,,,,,,,,,,,,,,,,,,,,,,,,
,,,,,,,,,,,,,,,,,,,,,,,,,1,,,787823,19870324,2026-04-30_14h06.56.509,BrocantoHPilot1WOSession2,2025.2.4,Win32,59.88023952,,,,,,,,,,,,,,,,,,,,,,,,,,,,,,,,,,,,,,,,,204069.5562,chunkTest_s1,13,1,REVEAL-N4.mp3,6,4.3807,1,2,2.8922,6.478,204076.9543,0,13,13,2,1,REVEAL-N4.mp3,6,,,,,,,,,,,,,,,,,,,,,,,,,,,,,,
,,,,,,,,,,,,,,,,,,,,,,,,,1,,,787823,19870324,2026-04-30_14h06.56.509,BrocantoHPilot1WOSession2,2025.2.4,Win32,59.88023952,,,,,,,,,,,,,,,,,,,,,,,,,,,,,,,,,,,,,,,,,204077.4678,chunkTest_s1,14,1,N1-GO.mp3,4,1.8448,6,1,3.9225,4.7623,204083.0567,0,14,14,9,1,N1-GO.mp3,4,,,,,,,,,,,,,,,,,,,,,,,,,,,,,,
,,,,,,,,,,,,,,,,,,,,,,,,,1,,,787823,19870324,2026-04-30_14h06.56.509,BrocantoHPilot1WOSession2,2025.2.4,Win32,59.88023952,,,,,,,,,,,,,,,,,,,,,,,,,,,,,,,,,,,,,,,,,204083.568,chunkTest_s1,15,1,GO-N4.mp3,2,0.9065,1,1,2.8471,6.7057,204091.0517,0,15,15,12,1,GO-N4.mp3,2,,,,,,,,,,,,,,,,,,,,,,,,,,,,,,
,,,,,,,,,,,,,,,,,,,,,,,,,1,,,787823,19870324,2026-04-30_14h06.56.509,BrocantoHPilot1WOSession2,2025.2.4,Win32,59.88023952,,,,,,,,,,,,,,,,,,,,,,,,,,,,,,,,,,,,,,,,,204091.5663,chunkTest_s1,16,1,GO-PUSH.mp3,0,0.9149,1,1,2.8552,4.37,204096.7319,0,16,16,17,1,GO-PUSH.mp3,0,,,,,,,,,,,,,,,,,,,,,,,,,,,,,,
,,,,,,,,,,,,,,,,,,,,,,,,,1,,,787823,19870324,2026-04-30_14h06.56.509,BrocantoHPilot1WOSession2,2025.2.4,Win32,59.88023952,,,,,,,,,,,,,,,,,,,,,,,,,,,,,,,,,,,,,,,,,204097.247,chunkTest_s1,17,1,N2-HIDE.mp3,8,1.0497,6,1,2.7165,5.0665,204103.0034,0,17,17,11,1,N2-HIDE.mp3,8,,,,,,,,,,,,,,,,,,,,,,,,,,,,,,
,,,,,,,,,,,,,,,,,,,,,,,,,1,,,787823,19870324,2026-04-30_14h06.56.509,BrocantoHPilot1WOSession2,2025.2.4,Win32,59.88023952,,,,,,,,,,,,,,,,,,,,,,,,,,,,,,,,,,,,,,,,,204103.5117,chunkTest_s1,18,1,N4-N2.mp3,0,1.4502,6,1,3.277,5.9069,204110.5953,0,18,18,8,1,N4-N2.mp3,0,,,,,,,,,,,,,,,,,,,,,,,,,,,,,,
,,,,,,,,,,,,,,,,,,,,,,,,,1,,,787823,19870324,2026-04-30_14h06.56.509,BrocantoHPilot1WOSession2,2025.2.4,Win32,59.88023952,,,,,,,,,,,,,,,,,,,,,,,,,,,,,,,,,,,,,,,,,204111.0992,chunkTest_s1,19,1,N4-Aa.mp3,0,1.1086,6,1,2.8538,6.2664,204120.8956,0,19,19,6,1,N4-Aa.mp3,0,,,,,,,,,,,,,,,,,,,,,,,,,,,,,,
,,,,,,,,,,,,,,,,,,,,,,,,,1,,,787823,19870324,2026-04-30_14h06.56.509,BrocantoHPilot1WOSession2,2025.2.4,Win32,59.88023952,,,,,,,,,,,,,,,,,,,,,,,,,,,,,,,,,,,,,,,,,204145.0416,GJTest_s1,0,1,Ab-SBJ-N4-JUMP-INTR.mp3,0,1.528,6,1,3.4242,7.1677,204153.821,,,,,,Ab-SBJ-N4-JUMP-INTR.mp3,0,0,0,0,5,1,,,,,,,,,,,,,,,,,,,,,,,,,
,,,,,,,,,,,,,,,,,,,,,,,,,1,,,787823,19870324,2026-04-30_14h06.56.509,BrocantoHPilot1WOSession2,2025.2.4,Win32,59.88023952,,,,,,,,,,,,,,,,,,,,,,,,,,,,,,,,,,,,,,,,,204154.3343,GJTest_s1,1,1,OBJ-N5-Ab-SBJ-N1-PUSH-TR.mp3,1,1.1653,6,1,3.9043,10.54,204165.7717,,,,,,OBJ-N5-Ab-SBJ-N1-PUSH-TR.mp3,1,0,1,1,1,1,,,,,,,,,,,,,,,,,,,,,,,,,
,,,,,,,,,,,,,,,,,,,,,,,,,1,,,787823,19870324,2026-04-30_14h06.56.509,BrocantoHPilot1WOSession2,2025.2.4,Win32,59.88023952,,,,,,,,,,,,,,,,,,,,,,,,,,,,,,,,,,,,,,,,,204166.2802,GJTest_s1,2,1,OBJ-N4-Ab-SBJ-N2-PUSH-TR.mp3,0,1.1484,6,1,3.8163,13.1615,204181.3856,,,,,,OBJ-N4-Ab-SBJ-N2-PUSH-TR.mp3,0,0,2,2,6,1,,,,,,,,,,,,,,,,,,,,,,,,,
,,,,,,,,,,,,,,,,,,,,,,,,,1,,,787823,19870324,2026-04-30_14h06.56.509,BrocantoHPilot1WOSession2,2025.2.4,Win32,59.88023952,,,,,,,,,,,,,,,,,,,,,,,,,,,,,,,,,,,,,,,,,204181.8944,GJTest_s1,3,1,SBJ-N2-Ab-PUSH-TR.mp3,,1.2056,3,1,3.5521,10.7755,204193.339,,,,,,SBJ-N2-Ab-PUSH-TR.mp3,,0,3,3,16,1,,,,,,,,,,,,,,,,,,,,,,,,,
,,,,,,,,,,,,,,,,,,,,,,,,,1,,,787823,19870324,2026-04-30_14h06.56.509,BrocantoHPilot1WOSession2,2025.2.4,Win32,59.88023952,,,,,,,,,,,,,,,,,,,,,,,,,,,,,,,,,,,,,,,,,204193.8598,GJTest_s1,4,1,SBJ-N4-REVEAL-INTR-LOC-N3-LOC-N1.mp3,,1.446,6,1,4.6944,12.3225,204207.3436,,,,,,SBJ-N4-REVEAL-INTR-LOC-N3-LOC-N1.mp3,,0,4,4,12,1,,,,,,,,,,,,,,,,,,,,,,,,,
,,,,,,,,,,,,,,,,,,,,,,,,,1,,,787823,19870324,2026-04-30_14h06.56.509,BrocantoHPilot1WOSession2,2025.2.4,Win32,59.88023952,,,,,,,,,,,,,,,,,,,,,,,,,,,,,,,,,,,,,,,,,204207.8559,GJTest_s1,5,1,SBJ-N4-PUSH-TR.mp3,,1.298,1,1,2.9609,6.7407,204215.7916,,,,,,SBJ-N4-PUSH-TR.mp3,,0,5,5,14,1,,,,,,,,,,,,,,,,,,,,,,,,,
,,,,,,,,,,,,,,,,,,,,,,,,,1,,,787823,19870324,2026-04-30_14h06.56.509,BrocantoHPilot1WOSession2,2025.2.4,Win32,59.88023952,,,,,,,,,,,,,,,,,,,,,,,,,,,,,,,,,,,,,,,,,204216.3029,GJTest_s1,6,1,SBJ-N3-Aa-PUSH-TR.mp3,,2.0253,5,1,4.9161,8.626,204225.8932,,,,,,SBJ-N3-Aa-PUSH-TR.mp3,,0,6,6,18,1,,,,,,,,,,,,,,,,,,,,,,,,,
,,,,,,,,,,,,,,,,,,,,,,,,,1,,,787823,19870324,2026-04-30_14h06.56.509,BrocantoHPilot1WOSession2,2025.2.4,Win32,59.88023952,,,,,,,,,,,,,,,,,,,,,,,,,,,,,,,,,,,,,,,,,204226.4004,GJTest_s1,7,1,OBJ-N1-SBJ-N2-Ab-GO-INTR.mp3,,1.5519,2,1,4.5068,11.7263,204238.8796,,,,,,OBJ-N1-SBJ-N2-Ab-GO-INTR.mp3,,0,7,7,17,1,,,,,,,,,,,,,,,,,,,,,,,,,
,,,,,,,,,,,,,,,,,,,,,,,,,1,,,787823,19870324,2026-04-30_14h06.56.509,BrocantoHPilot1WOSession2,2025.2.4,Win32,59.88023952,,,,,,,,,,,,,,,,,,,,,,,,,,,,,,,,,,,,,,,,,204239.4002,GJTest_s1,8,1,OBJ-N2-Aa-SBJ-N3-PUSH-TR.mp3,0,0.8495,2,1,3.9371,9.2491,204250.3707,,,,,,OBJ-N2-Aa-SBJ-N3-PUSH-TR.mp3,0,0,8,8,8,1,,,,,,,,,,,,,,,,,,,,,,,,,
,,,,,,,,,,,,,,,,,,,,,,,,,1,,,787823,19870324,2026-04-30_14h06.56.509,BrocantoHPilot1WOSession2,2025.2.4,Win32,59.88023952,,,,,,,,,,,,,,,,,,,,,,,,,,,,,,,,,,,,,,,,,204250.8768,GJTest_s1,9,1,SBJ-N4-REVEAL-INTR-LOC-N3.mp3,4,1.076,6,1,3.4893,6.5208,204258.1133,,,,,,SBJ-N4-REVEAL-INTR-LOC-N3.mp3,4,0,9,9,2,1,,,,,,,,,,,,,,,,,,,,,,,,,
,,,,,,,,,,,,,,,,,,,,,,,,,1,,,787823,19870324,2026-04-30_14h06.56.509,BrocantoHPilot1WOSession2,2025.2.4,Win32,59.88023952,,,,,,,,,,,,,,,,,,,,,,,,,,,,,,,,,,,,,,,,,204258.6263,GJTest_s1,10,1,OBJ-N5-SBJ-N4-PUSH-TR.mp3,5,1.0404,6,1,3.4741,9.1264,204268.6065,,,,,,OBJ-N5-SBJ-N4-PUSH-TR.mp3,5,0,10,10,4,1,,,,,,,,,,,,,,,,,,,,,,,,,
,,,,,,,,,,,,,,,,,,,,,,,,,1,,,787823,19870324,2026-04-30_14h06.56.509,BrocantoHPilot1WOSession2,2025.2.4,Win32,59.88023952,,,,,,,,,,,,,,,,,,,,,,,,,,,,,,,,,,,,,,,,,204269.108,GJTest_s1,11,1,OBJ-N5-SBJ-N3-HIDE-TR-LOC-N4.mp3,2,1.1767,6,1,4.1787,10.7902,204280.6788,,,,,,OBJ-N5-SBJ-N3-HIDE-TR-LOC-N4.mp3,2,0,11,11,3,1,,,,,,,,,,,,,,,,,,,,,,,,,
,,,,,,,,,,,,,,,,,,,,,,,,,1,,,787823,19870324,2026-04-30_14h06.56.509,BrocantoHPilot1WOSession2,2025.2.4,Win32,59.88023952,,,,,,,,,,,,,,,,,,,,,,,,,,,,,,,,,,,,,,,,,204281.1858,GJTest_s1,12,1,OBJ-N1-SBJ-N4-Ab-JUMP-INTR.mp3,,0.8309,1,1,3.4524,12.5901,204294.9965,,,,,,OBJ-N1-SBJ-N4-Ab-JUMP-INTR.mp3,,0,12,12,15,1,,,,,,,,,,,,,,,,,,,,,,,,,
,,,,,,,,,,,,,,,,,,,,,,,,,1,,,787823,19870324,2026-04-30_14h06.56.509,BrocantoHPilot1WOSession2,2025.2.4,Win32,59.88023952,,,,,,,,,,,,,,,,,,,,,,,,,,,,,,,,,,,,,,,,,204295.5024,GJTest_s1,13,1,Ab-SBJ-N5-JUMP-INTR.mp3,0,0.9011,6,1,2.7907,10.5658,204306.9658,,,,,,Ab-SBJ-N5-JUMP-INTR.mp3,0,0,13,13,9,1,,,,,,,,,,,,,,,,,,,,,,,,,
,,,,,,,,,,,,,,,,,,,,,,,,,1,,,787823,19870324,2026-04-30_14h06.56.509,BrocantoHPilot1WOSession2,2025.2.4,Win32,59.88023952,,,,,,,,,,,,,,,,,,,,,,,,,,,,,,,,,,,,,,,,,204307.4723,GJTest_s1,14,1,OBJ-N1-SBJ-N3-JUMP-INTR.mp3,,1.2389,6,1,3.7983,7.0527,204316.0013,,,,,,OBJ-N1-SBJ-N3-JUMP-INTR.mp3,,0,14,14,10,1,,,,,,,,,,,,,,,,,,,,,,,,,
,,,,,,,,,,,,,,,,,,,,,,,,,1,,,787823,19870324,2026-04-30_14h06.56.509,BrocantoHPilot1WOSession2,2025.2.4,Win32,59.88023952,,,,,,,,,,,,,,,,,,,,,,,,,,,,,,,,,,,,,,,,,204316.5105,GJTest_s1,15,1,Ab-SBJ-N2-GO-INTR.mp3,0,0.8318,6,1,3.0941,9.8048,204327.2213,,,,,,Ab-SBJ-N2-GO-INTR.mp3,0,0,15,15,7,1,,,,,,,,,,,,,,,,,,,,,,,,,
,,,,,,,,,,,,,,,,,,,,,,,,,1,,,787823,19870324,2026-04-30_14h06.56.509,BrocantoHPilot1WOSession2,2025.2.4,Win32,59.88023952,,,,,,,,,,,,,,,,,,,,,,,,,,,,,,,,,,,,,,,,,204327.7234,GJTest_s1,16,1,SBJ-N3-JUMP-INTR.mp3,6,0.6415,6,1,2.4421,7.6163,204336.1557,,,,,,SBJ-N3-JUMP-INTR.mp3,6,0,16,16,0,1,,,,,,,,,,,,,,,,,,,,,,,,,
,,,,,,,,,,,,,,,,,,,,,,,,,1,,,787823,19870324,2026-04-30_14h06.56.509,BrocantoHPilot1WOSession2,2025.2.4,Win32,59.88023952,,,,,,,,,,,,,,,,,,,,,,,,,,,,,,,,,,,,,,,,,204336.6722,GJTest_s1,17,1,Ab-SBJ-N1-PUSH-TR.mp3,,0.9981,6,1,3.5192,8.143,204345.78,,,,,,Ab-SBJ-N1-PUSH-TR.mp3,,0,17,17,11,1,,,,,,,,,,,,,,,,,,,,,,,,,
,,,,,,,,,,,,,,,,,,,,,,,,,1,,,787823,19870324,2026-04-30_14h06.56.509,BrocantoHPilot1WOSession2,2025.2.4,Win32,59.88023952,,,,,,,,,,,,,,,,,,,,,,,,,,,,,,,,,,,,,,,,,204346.2872,GJTest_s1,18,1,HIDE-TR-LOC-N4.mp3,,1.0711,1,1,3.502,7.3028,204354.4212,,,,,,HIDE-TR-LOC-N4.mp3,,0,18,18,13,1,,,,,,,,,,,,,,,,,,,,,,,,,
,,,,,,,,,,,,,,,,,,,,,,,,,1,,,787823,19870324,2026-04-30_14h06.56.509,BrocantoHPilot1WOSession2,2025.2.4,Win32,59.88023952,,,,,,,,,,,,,,,,,,,,,,,,,,,,,,,,,,,,,,,,,204354.9347,GJTest_s1,19,1,OBJ-N1-SBJ-N5-Ab-JUMP-INTR.mp3,,1.0557,2,1,4.7423,9.1146,204365.0852,,,,,,OBJ-N1-SBJ-N5-Ab-JUMP-INTR.mp3,,0,19,19,19,1,,,,,,,,,,,,,,,,,,,,,,,,,
,,,,,,,,,,,,204379.3419,2,OBJ-N5-SBJ-N4-PUSH-TR-LOC-N1.mp4,OBJ-N5-SBJ-N4-PUSH-TR-LOC-N1.mp3,204385.7338,mouse_continue,6.3937,,,,,,,2,OBJ-N5-SBJ-N4-PUSH-TR-LOC-N1.mp4,OBJ-N5-SBJ-N4-PUSH-TR-LOC-N1.mp3,787823,19870324,2026-04-30_14h06.56.509,BrocantoHPilot1WOSession2,2025.2.4,Win32,59.88023952,,,,,,,,,,,,,,,,,,,,,,,,,,,,,,,,,,,,,,,,,,,,,,,,,,,,,,,,,,,,,,,,,0,0,0,0,1,,,,,,,,,,,,,,,,,,,,
,,,,,,,,,,,,204385.7374,2,SBJ-N3-REVEAL-INTR-LOC-N2.mp4,SBJ-N3-REVEAL-INTR-LOC-N2.mp3,204391.5476,mouse_continue,5.8114,,,,,,,2,SBJ-N3-REVEAL-INTR-LOC-N2.mp4,SBJ-N3-REVEAL-INTR-LOC-N2.mp3,787823,19870324,2026-04-30_14h06.56.509,BrocantoHPilot1WOSession2,2025.2.4,Win32,59.88023952,,,,,,,,,,,,,,,,,,,,,,,,,,,,,,,,,,,,,,,,,,,,,,,,,,,,,,,,,,,,,,,,,0,1,1,1,1,,,,,,,,,,,,,,,,,,,,
,,,,,,,,,,,,204391.5489,2,OBJ-N5-SBJ-N4-REVEAL-TR-LOC-N1.mp4,OBJ-N5-SBJ-N4-REVEAL-TR-LOC-N1.mp3,204403.9568,mouse_continue,12.408,,,,,,,2,OBJ-N5-SBJ-N4-REVEAL-TR-LOC-N1.mp4,OBJ-N5-SBJ-N4-REVEAL-TR-LOC-N1.mp3,787823,19870324,2026-04-30_14h06.56.509,BrocantoHPilot1WOSession2,2025.2.4,Win32,59.88023952,,,,,,,,,,,,,,,,,,,,,,,,,,,,,,,,,,,,,,,,,,,,,,,,,,,,,,,,,,,,,,,,,0,2,2,2,1,,,,,,,,,,,,,,,,,,,,
,,,,,,,,,,,,204403.9606,2,SBJ-N5-REVEAL-INTR-LOC-N3.mp4,SBJ-N5-REVEAL-INTR-LOC-N3.mp3,204411.1602,mouse_continue,7.2003,,,,,,,2,SBJ-N5-REVEAL-INTR-LOC-N3.mp4,SBJ-N5-REVEAL-INTR-LOC-N3.mp3,787823,19870324,2026-04-30_14h06.56.509,BrocantoHPilot1WOSession2,2025.2.4,Win32,59.88023952,,,,,,,,,,,,,,,,,,,,,,,,,,,,,,,,,,,,,,,,,,,,,,,,,,,,,,,,,,,,,,,,,0,3,3,3,1,,,,,,,,,,,,,,,,,,,,
,,,,,,,,,,,,204411.1629,2,Ab-SBJ-N1-GO-INTR.mp4,Ab-SBJ-N1-GO-INTR.mp3,204419.5369,mouse_continue,8.3747,,,,,,,2,Ab-SBJ-N1-GO-INTR.mp4,Ab-SBJ-N1-GO-INTR.mp3,787823,19870324,2026-04-30_14h06.56.509,BrocantoHPilot1WOSession2,2025.2.4,Win32,59.88023952,,,,,,,,,,,,,,,,,,,,,,,,,,,,,,,,,,,,,,,,,,,,,,,,,,,,,,,,,,,,,,,,,0,4,4,4,1,,,,,,,,,,,,,,,,,,,,
,,,,,,,,,,,,204419.5418,2,Ab-OBJ-N5-SBJ-N2-HIDE-TR.mp4,Ab-OBJ-N5-SBJ-N2-HIDE-TR.mp3,204435.954,mouse_continue,16.4133,,,,,,,2,Ab-OBJ-N5-SBJ-N2-HIDE-TR.mp4,Ab-OBJ-N5-SBJ-N2-HIDE-TR.mp3,787823,19870324,2026-04-30_14h06.56.509,BrocantoHPilot1WOSession2,2025.2.4,Win32,59.88023952,,,,,,,,,,,,,,,,,,,,,,,,,,,,,,,,,,,,,,,,,,,,,,,,,,,,,,,,,,,,,,,,,0,5,5,5,1,,,,,,,,,,,,,,,,,,,,
,,,,,,,,,,,,204435.9556,2,Ab-SBJ-N3-HIDE-INTR.mp4,Ab-SBJ-N3-HIDE-INTR.mp3,204443.748,mouse_continue,7.7927,,,,,,,2,Ab-SBJ-N3-HIDE-INTR.mp4,Ab-SBJ-N3-HIDE-INTR.mp3,787823,19870324,2026-04-30_14h06.56.509,BrocantoHPilot1WOSession2,2025.2.4,Win32,59.88023952,,,,,,,,,,,,,,,,,,,,,,,,,,,,,,,,,,,,,,,,,,,,,,,,,,,,,,,,,,,,,,,,,0,6,6,6,1,,,,,,,,,,,,,,,,,,,,
,,,,,,,,,,,,204443.753,2,OBJ-N5-SBJ-N4-PUSH-TR-LOC-N1.mp4,OBJ-N5-SBJ-N4-PUSH-TR-LOC-N1.mp3,204449.7797,mouse_continue,6.0272,,,,,,,2,OBJ-N5-SBJ-N4-PUSH-TR-LOC-N1.mp4,OBJ-N5-SBJ-N4-PUSH-TR-LOC-N1.mp3,787823,19870324,2026-04-30_14h06.56.509,BrocantoHPilot1WOSession2,2025.2.4,Win32,59.88023952,,,,,,,,,,,,,,,,,,,,,,,,,,,,,,,,,,,,,,,,,,,,,,,,,,,,,,,,,,,,,,,,,0,7,7,7,1,,,,,,,,,,,,,,,,,,,,
,,,,,,,,,,,,204449.7827,2,OBJ-N5-SBJ-N4-REVEAL-TR.mp4,OBJ-N5-SBJ-N4-REVEAL-TR.mp3,204455.7481,mouse_continue,5.966,,,,,,,2,OBJ-N5-SBJ-N4-REVEAL-TR.mp4,OBJ-N5-SBJ-N4-REVEAL-TR.mp3,787823,19870324,2026-04-30_14h06.56.509,BrocantoHPilot1WOSession2,2025.2.4,Win32,59.88023952,,,,,,,,,,,,,,,,,,,,,,,,,,,,,,,,,,,,,,,,,,,,,,,,,,,,,,,,,,,,,,,,,0,8,8,8,1,,,,,,,,,,,,,,,,,,,,
,,,,,,,,,,,,204455.7495,2,SBJ-N5-REVEAL-INTR-LOC-N4.mp4,SBJ-N5-REVEAL-INTR-LOC-N4.mp3,204470.4402,mouse_continue,14.6907,,,,,,,2,SBJ-N5-REVEAL-INTR-LOC-N4.mp4,SBJ-N5-REVEAL-INTR-LOC-N4.mp3,787823,19870324,2026-04-30_14h06.56.509,BrocantoHPilot1WOSession2,2025.2.4,Win32,59.88023952,,,,,,,,,,,,,,,,,,,,,,,,,,,,,,,,,,,,,,,,,,,,,,,,,,,,,,,,,,,,,,,,,0,9,9,9,1,,,,,,,,,,,,,,,,,,,,
,,,,,,,,,,,,204470.4449,2,SBJ-N5-GO-INTR.mp4,SBJ-N5-GO-INTR.mp3,204476.171,mouse_continue,5.7273,,,,,,,2,SBJ-N5-GO-INTR.mp4,SBJ-N5-GO-INTR.mp3,787823,19870324,2026-04-30_14h06.56.509,BrocantoHPilot1WOSession2,2025.2.4,Win32,59.88023952,,,,,,,,,,,,,,,,,,,,,,,,,,,,,,,,,,,,,,,,,,,,,,,,,,,,,,,,,,,,,,,,,0,10,10,10,1,,,,,,,,,,,,,,,,,,,,
,,,,,,,,,,,,204476.1742,2,OBJ-N5-SBJ-N3-HIDE-TR.mp4,OBJ-N5-SBJ-N3-HIDE-TR.mp3,204482.8537,mouse_continue,6.6808,,,,,,,2,OBJ-N5-SBJ-N3-HIDE-TR.mp4,OBJ-N5-SBJ-N3-HIDE-TR.mp3,787823,19870324,2026-04-30_14h06.56.509,BrocantoHPilot1WOSession2,2025.2.4,Win32,59.88023952,,,,,,,,,,,,,,,,,,,,,,,,,,,,,,,,,,,,,,,,,,,,,,,,,,,,,,,,,,,,,,,,,0,11,11,11,1,,,,,,,,,,,,,,,,,,,,
,,,,,,,,,,,,204482.8588,2,OBJ-N5-SBJ-N4-HIDE-TR-LOC-N1.mp4,OBJ-N5-SBJ-N4-HIDE-TR-LOC-N1.mp3,204489.6872,mouse_continue,6.8287,,,,,,,2,OBJ-N5-SBJ-N4-HIDE-TR-LOC-N1.mp4,OBJ-N5-SBJ-N4-HIDE-TR-LOC-N1.mp3,787823,19870324,2026-04-30_14h06.56.509,BrocantoHPilot1WOSession2,2025.2.4,Win32,59.88023952,,,,,,,,,,,,,,,,,,,,,,,,,,,,,,,,,,,,,,,,,,,,,,,,,,,,,,,,,,,,,,,,,0,12,12,12,1,,,,,,,,,,,,,,,,,,,,
,,,,,,,,,,,,204489.6912,2,OBJ-N5-SBJ-N3-PUSH-TR-LOC-N1.mp4,OBJ-N5-SBJ-N3-PUSH-TR-LOC-N1.mp3,204505.0314,mouse_continue,15.3409,,,,,,,2,OBJ-N5-SBJ-N3-PUSH-TR-LOC-N1.mp4,OBJ-N5-SBJ-N3-PUSH-TR-LOC-N1.mp3,787823,19870324,2026-04-30_14h06.56.509,BrocantoHPilot1WOSession2,2025.2.4,Win32,59.88023952,,,,,,,,,,,,,,,,,,,,,,,,,,,,,,,,,,,,,,,,,,,,,,,,,,,,,,,,,,,,,,,,,0,13,13,13,1,,,,,,,,,,,,,,,,,,,,
,,,,,,,,,,,,204505.0359,2,OBJ-N5-Ab-SBJ-N2-REVEAL-TR.mp4,OBJ-N5-Ab-SBJ-N2-REVEAL-TR.mp3,204513.553,mouse_continue,8.5199,,,,,,,2,OBJ-N5-Ab-SBJ-N2-REVEAL-TR.mp4,OBJ-N5-Ab-SBJ-N2-REVEAL-TR.mp3,787823,19870324,2026-04-30_14h06.56.509,BrocantoHPilot1WOSession2,2025.2.4,Win32,59.88023952,,,,,,,,,,,,,,,,,,,,,,,,,,,,,,,,,,,,,,,,,,,,,,,,,,,,,,,,,,,,,,,,,0,14,14,14,1,,,,,,,,,,,,,,,,,,,,
,,,,,,,,,,,,204513.5566,2,SBJ-N4-JUMP-INTR.mp4,SBJ-N4-JUMP-INTR.mp3,204519.285,mouse_continue,5.7304,,,,,,,2,SBJ-N4-JUMP-INTR.mp4,SBJ-N4-JUMP-INTR.mp3,787823,19870324,2026-04-30_14h06.56.509,BrocantoHPilot1WOSession2,2025.2.4,Win32,59.88023952,,,,,,,,,,,,,,,,,,,,,,,,,,,,,,,,,,,,,,,,,,,,,,,,,,,,,,,,,,,,,,,,,0,15,15,15,1,,,,,,,,,,,,,,,,,,,,
,,,,,,,,,,,,204519.2866,2,Ab-SBJ-N4-JUMP-INTR.mp4,Ab-SBJ-N4-JUMP-INTR.mp3,204525.1337,mouse_continue,5.8472,,,,,,,2,Ab-SBJ-N4-JUMP-INTR.mp4,Ab-SBJ-N4-JUMP-INTR.mp3,787823,19870324,2026-04-30_14h06.56.509,BrocantoHPilot1WOSession2,2025.2.4,Win32,59.88023952,,,,,,,,,,,,,,,,,,,,,,,,,,,,,,,,,,,,,,,,,,,,,,,,,,,,,,,,,,,,,,,,,0,16,16,16,1,,,,,,,,,,,,,,,,,,,,
,,,,,,,,,,,,204525.1365,2,SBJ-N4-GO-INTR-LOC-N1.mp4,SBJ-N4-GO-INTR-LOC-N1.mp3,204530.7622,mouse_continue,5.6261,,,,,,,2,SBJ-N4-GO-INTR-LOC-N1.mp4,SBJ-N4-GO-INTR-LOC-N1.mp3,787823,19870324,2026-04-30_14h06.56.509,BrocantoHPilot1WOSession2,2025.2.4,Win32,59.88023952,,,,,,,,,,,,,,,,,,,,,,,,,,,,,,,,,,,,,,,,,,,,,,,,,,,,,,,,,,,,,,,,,0,17,17,17,1,,,,,,,,,,,,,,,,,,,,
,,,,,,,,,,,,204530.7646,2,SBJ-N3-HIDE-INTR-LOC-N5.mp4,SBJ-N3-HIDE-INTR-LOC-N5.mp3,204537.3409,mouse_continue,6.5763,,,,,,,2,SBJ-N3-HIDE-INTR-LOC-N5.mp4,SBJ-N3-HIDE-INTR-LOC-N5.mp3,787823,19870324,2026-04-30_14h06.56.509,BrocantoHPilot1WOSession2,2025.2.4,Win32,59.88023952,,,,,,,,,,,,,,,,,,,,,,,,,,,,,,,,,,,,,,,,,,,,,,,,,,,,,,,,,,,,,,,,,0,18,18,18,1,,,,,,,,,,,,,,,,,,,,
,,,,,,,,,,,,204537.3459,2,SBJ-N1-JUMP-INTR-LOC-N2.mp4,SBJ-N1-JUMP-INTR-LOC-N2.mp3,204543.295,mouse_continue,5.952,,,,,,,2,SBJ-N1-JUMP-INTR-LOC-N2.mp4,SBJ-N1-JUMP-INTR-LOC-N2.mp3,787823,19870324,2026-04-30_14h06.56.509,BrocantoHPilot1WOSession2,2025.2.4,Win32,59.88023952,,,,,,,,,,,,,,,,,,,,,,,,,,,,,,,,,,,,,,,,,,,,,,,,,,,,,,,,,,,,,,,,,0,19,19,19,1,,,,,,,,,,,,,,,,,,,,
,,,,,,,,,,,,204543.2981,2,OBJ-N5-Ab-SBJ-N4-REVEAL-TR.mp4,OBJ-N5-Ab-SBJ-N4-REVEAL-TR.mp3,204551.7713,mouse_continue,8.4739,,,,,,,2,OBJ-N5-Ab-SBJ-N4-REVEAL-TR.mp4,OBJ-N5-Ab-SBJ-N4-REVEAL-TR.mp3,787823,19870324,2026-04-30_14h06.56.509,BrocantoHPilot1WOSession2,2025.2.4,Win32,59.88023952,,,,,,,,,,,,,,,,,,,,,,,,,,,,,,,,,,,,,,,,,,,,,,,,,,,,,,,,,,,,,,,,,0,20,20,20,1,,,,,,,,,,,,,,,,,,,,
,,,,,,,,,,,,204551.7752,2,OBJ-N5-SBJ-N3-HIDE-TR-LOC-N2.mp4,OBJ-N5-SBJ-N3-HIDE-TR-LOC-N2.mp3,204557.7594,mouse_continue,5.9858,,,,,,,2,OBJ-N5-SBJ-N3-HIDE-TR-LOC-N2.mp4,OBJ-N5-SBJ-N3-HIDE-TR-LOC-N2.mp3,787823,19870324,2026-04-30_14h06.56.509,BrocantoHPilot1WOSession2,2025.2.4,Win32,59.88023952,,,,,,,,,,,,,,,,,,,,,,,,,,,,,,,,,,,,,,,,,,,,,,,,,,,,,,,,,,,,,,,,,0,21,21,21,1,,,,,,,,,,,,,,,,,,,,
,,,,,,,,,,,,204557.7614,2,Ab-SBJ-N5-REVEAL-INTR-Ab-LOC-N4.mp4,Ab-SBJ-N5-REVEAL-INTR-Ab-LOC-N4.mp3,204631.5417,mouse_continue,73.7805,,,,,,,2,Ab-SBJ-N5-REVEAL-INTR-Ab-LOC-N4.mp4,Ab-SBJ-N5-REVEAL-INTR-Ab-LOC-N4.mp3,787823,19870324,2026-04-30_14h06.56.509,BrocantoHPilot1WOSession2,2025.2.4,Win32,59.88023952,,,,,,,,,,,,,,,,,,,,,,,,,,,,,,,,,,,,,,,,,,,,,,,,,,,,,,,,,,,,,,,,,0,22,22,22,1,,,,,,,,,,,,,,,,,,,,
,,,,,,,,,,,,204631.5451,2,OBJ-N5-Ab-SBJ-N4-PUSH-TR-Ab-LOC-N2.mp4,OBJ-N5-Ab-SBJ-N4-PUSH-TR-Ab-LOC-N2.mp3,204642.8041,mouse_continue,11.2601,,,,,,,2,OBJ-N5-Ab-SBJ-N4-PUSH-TR-Ab-LOC-N2.mp4,OBJ-N5-Ab-SBJ-N4-PUSH-TR-Ab-LOC-N2.mp3,787823,19870324,2026-04-30_14h06.56.509,BrocantoHPilot1WOSession2,2025.2.4,Win32,59.88023952,,,,,,,,,,,,,,,,,,,,,,,,,,,,,,,,,,,,,,,,,,,,,,,,,,,,,,,,,,,,,,,,,0,23,23,23,1,,,,,,,,,,,,,,,,,,,,
,,,,,,,,,,,,204642.8048,2,OBJ-N5-Ab-SBJ-N2-REVEAL-TR-LOC-N4.mp4,OBJ-N5-Ab-SBJ-N2-REVEAL-TR-LOC-N4.mp3,204648.5302,mouse_continue,5.7254,,,,,,,2,OBJ-N5-Ab-SBJ-N2-REVEAL-TR-LOC-N4.mp4,OBJ-N5-Ab-SBJ-N2-REVEAL-TR-LOC-N4.mp3,787823,19870324,2026-04-30_14h06.56.509,BrocantoHPilot1WOSession2,2025.2.4,Win32,59.88023952,,,,,,,,,,,,,,,,,,,,,,,,,,,,,,,,,,,,,,,,,,,,,,,,,,,,,,,,,,,,,,,,,0,24,24,24,1,,,,,,,,,,,,,,,,,,,,
,,,,,,,,,,,,204648.5348,2,SBJ-N5-REVEAL-INTR-LOC-N3.mp4,SBJ-N5-REVEAL-INTR-LOC-N3.mp3,204654.5529,mouse_continue,6.0188,,,,,,,2,SBJ-N5-REVEAL-INTR-LOC-N3.mp4,SBJ-N5-REVEAL-INTR-LOC-N3.mp3,787823,19870324,2026-04-30_14h06.56.509,BrocantoHPilot1WOSession2,2025.2.4,Win32,59.88023952,,,,,,,,,,,,,,,,,,,,,,,,,,,,,,,,,,,,,,,,,,,,,,,,,,,,,,,,,,,,,,,,,0,25,25,25,1,,,,,,,,,,,,,,,,,,,,
,,,,,,,,,,,,204654.5547,2,OBJ-N5-SBJ-N1-PUSH-TR.mp4,OBJ-N5-SBJ-N1-PUSH-TR.mp3,204661.9112,mouse_continue,7.3566,,,,,,,2,OBJ-N5-SBJ-N1-PUSH-TR.mp4,OBJ-N5-SBJ-N1-PUSH-TR.mp3,787823,19870324,2026-04-30_14h06.56.509,BrocantoHPilot1WOSession2,2025.2.4,Win32,59.88023952,,,,,,,,,,,,,,,,,,,,,,,,,,,,,,,,,,,,,,,,,,,,,,,,,,,,,,,,,,,,,,,,,0,26,26,26,1,,,,,,,,,,,,,,,,,,,,
,,,,,,,,,,,,204661.9161,2,SBJ-N1-GO-INTR.mp4,SBJ-N1-GO-INTR.mp3,204667.6428,mouse_continue,5.7275,,,,,,,2,SBJ-N1-GO-INTR.mp4,SBJ-N1-GO-INTR.mp3,787823,19870324,2026-04-30_14h06.56.509,BrocantoHPilot1WOSession2,2025.2.4,Win32,59.88023952,,,,,,,,,,,,,,,,,,,,,,,,,,,,,,,,,,,,,,,,,,,,,,,,,,,,,,,,,,,,,,,,,0,27,27,27,1,,,,,,,,,,,,,,,,,,,,
,,,,,,,,,,,,204667.6467,2,OBJ-N5-SBJ-N1-REVEAL-TR-LOC-N2.mp4,OBJ-N5-SBJ-N1-REVEAL-TR-LOC-N2.mp3,204673.9587,mouse_continue,6.3123,,,,,,,2,OBJ-N5-SBJ-N1-REVEAL-TR-LOC-N2.mp4,OBJ-N5-SBJ-N1-REVEAL-TR-LOC-N2.mp3,787823,19870324,2026-04-30_14h06.56.509,BrocantoHPilot1WOSession2,2025.2.4,Win32,59.88023952,,,,,,,,,,,,,,,,,,,,,,,,,,,,,,,,,,,,,,,,,,,,,,,,,,,,,,,,,,,,,,,,,0,28,28,28,1,,,,,,,,,,,,,,,,,,,,
,,,,,,,,,,,,204673.9638,2,Ab-SBJ-N4-REVEAL-INTR-Ab-LOC-N5.mp4,Ab-SBJ-N4-REVEAL-INTR-Ab-LOC-N5.mp3,204680.6218,mouse_continue,6.6587,,,,,,,2,Ab-SBJ-N4-REVEAL-INTR-Ab-LOC-N5.mp4,Ab-SBJ-N4-REVEAL-INTR-Ab-LOC-N5.mp3,787823,19870324,2026-04-30_14h06.56.509,BrocantoHPilot1WOSession2,2025.2.4,Win32,59.88023952,,,,,,,,,,,,,,,,,,,,,,,,,,,,,,,,,,,,,,,,,,,,,,,,,,,,,,,,,,,,,,,,,0,29,29,29,1,,,,,,,,,,,,,,,,,,,,
,,,,,,,,,,,,204680.623,2,OBJ-N5-SBJ-N4-HIDE-TR-Ab-LOC-N1.mp4,OBJ-N5-SBJ-N4-HIDE-TR-Ab-LOC-N1.mp3,204686.6448,mouse_continue,6.0218,,,,,,,2,OBJ-N5-SBJ-N4-HIDE-TR-Ab-LOC-N1.mp4,OBJ-N5-SBJ-N4-HIDE-TR-Ab-LOC-N1.mp3,787823,19870324,2026-04-30_14h06.56.509,BrocantoHPilot1WOSession2,2025.2.4,Win32,59.88023952,,,,,,,,,,,,,,,,,,,,,,,,,,,,,,,,,,,,,,,,,,,,,,,,,,,,,,,,,,,,,,,,,0,30,30,30,1,,,,,,,,,,,,,,,,,,,,
,,,,,,,,,,,,204686.648,2,OBJ-N5-Ab-SBJ-N2-REVEAL-TR.mp4,OBJ-N5-Ab-SBJ-N2-REVEAL-TR.mp3,204692.4862,mouse_continue,5.8393,,,,,,,2,OBJ-N5-Ab-SBJ-N2-REVEAL-TR.mp4,OBJ-N5-Ab-SBJ-N2-REVEAL-TR.mp3,787823,19870324,2026-04-30_14h06.56.509,BrocantoHPilot1WOSession2,2025.2.4,Win32,59.88023952,,,,,,,,,,,,,,,,,,,,,,,,,,,,,,,,,,,,,,,,,,,,,,,,,,,,,,,,,,,,,,,,,0,31,31,31,1,,,,,,,,,,,,,,,,,,,,
,,,,,,,,,,,,204692.4905,2,Ab-SBJ-N1-HIDE-INTR.mp4,Ab-SBJ-N1-HIDE-INTR.mp3,204698.9681,mouse_continue,6.4803,,,,,,,2,Ab-SBJ-N1-HIDE-INTR.mp4,Ab-SBJ-N1-HIDE-INTR.mp3,787823,19870324,2026-04-30_14h06.56.509,BrocantoHPilot1WOSession2,2025.2.4,Win32,59.88023952,,,,,,,,,,,,,,,,,,,,,,,,,,,,,,,,,,,,,,,,,,,,,,,,,,,,,,,,,,,,,,,,,0,32,32,32,1,,,,,,,,,,,,,,,,,,,,
,,,,,,,,,,,,204698.9715,2,OBJ-N5-SBJ-N4-HIDE-TR-LOC-N2.mp4,OBJ-N5-SBJ-N4-HIDE-TR-LOC-N2.mp3,204704.9839,mouse_continue,6.0134,,,,,,,2,OBJ-N5-SBJ-N4-HIDE-TR-LOC-N2.mp4,OBJ-N5-SBJ-N4-HIDE-TR-LOC-N2.mp3,787823,19870324,2026-04-30_14h06.56.509,BrocantoHPilot1WOSession2,2025.2.4,Win32,59.88023952,,,,,,,,,,,,,,,,,,,,,,,,,,,,,,,,,,,,,,,,,,,,,,,,,,,,,,,,,,,,,,,,,0,33,33,33,1,,,,,,,,,,,,,,,,,,,,
,,,,,,,,,,,,204704.9884,2,SBJ-N4-JUMP-INTR.mp4,SBJ-N4-JUMP-INTR.mp3,204710.4487,mouse_continue,5.4611,,,,,,,2,SBJ-N4-JUMP-INTR.mp4,SBJ-N4-JUMP-INTR.mp3,787823,19870324,2026-04-30_14h06.56.509,BrocantoHPilot1WOSession2,2025.2.4,Win32,59.88023952,,,,,,,,,,,,,,,,,,,,,,,,,,,,,,,,,,,,,,,,,,,,,,,,,,,,,,,,,,,,,,,,,0,34,34,34,1,,,,,,,,,,,,,,,,,,,,
,,,,,,,,,,,,204710.4526,2,OBJ-N5-SBJ-N1-PUSH-TR.mp4,OBJ-N5-SBJ-N1-PUSH-TR.mp3,204716.131,mouse_continue,5.68,,,,,,,2,OBJ-N5-SBJ-N1-PUSH-TR.mp4,OBJ-N5-SBJ-N1-PUSH-TR.mp3,787823,19870324,2026-04-30_14h06.56.509,BrocantoHPilot1WOSession2,2025.2.4,Win32,59.88023952,,,,,,,,,,,,,,,,,,,,,,,,,,,,,,,,,,,,,,,,,,,,,,,,,,,,,,,,,,,,,,,,,0,35,35,35,1,,,,,,,,,,,,,,,,,,,,
,,,,,,,,,,,,204716.1357,2,Ab-SBJ-N4-GO-INTR.mp4,Ab-SBJ-N4-GO-INTR.mp3,204721.7291,mouse_continue,5.5944,,,,,,,2,Ab-SBJ-N4-GO-INTR.mp4,Ab-SBJ-N4-GO-INTR.mp3,787823,19870324,2026-04-30_14h06.56.509,BrocantoHPilot1WOSession2,2025.2.4,Win32,59.88023952,,,,,,,,,,,,,,,,,,,,,,,,,,,,,,,,,,,,,,,,,,,,,,,,,,,,,,,,,,,,,,,,,0,36,36,36,1,,,,,,,,,,,,,,,,,,,,
,,,,,,,,,,,,204721.734,2,Ab-SBJ-N2-HIDE-INTR-LOC-N1.mp4,Ab-SBJ-N2-HIDE-INTR-LOC-N1.mp3,204727.4849,mouse_continue,5.7529,,,,,,,2,Ab-SBJ-N2-HIDE-INTR-LOC-N1.mp4,Ab-SBJ-N2-HIDE-INTR-LOC-N1.mp3,787823,19870324,2026-04-30_14h06.56.509,BrocantoHPilot1WOSession2,2025.2.4,Win32,59.88023952,,,,,,,,,,,,,,,,,,,,,,,,,,,,,,,,,,,,,,,,,,,,,,,,,,,,,,,,,,,,,,,,,0,37,37,37,1,,,,,,,,,,,,,,,,,,,,
,,,,,,,,,,,,204727.4892,2,Ab-SBJ-N3-JUMP-INTR-Ab-LOC-N4.mp4,Ab-SBJ-N3-JUMP-INTR-Ab-LOC-N4.mp3,204739.2932,mouse_continue,11.8052,,,,,,,2,Ab-SBJ-N3-JUMP-INTR-Ab-LOC-N4.mp4,Ab-SBJ-N3-JUMP-INTR-Ab-LOC-N4.mp3,787823,19870324,2026-04-30_14h06.56.509,BrocantoHPilot1WOSession2,2025.2.4,Win32,59.88023952,,,,,,,,,,,,,,,,,,,,,,,,,,,,,,,,,,,,,,,,,,,,,,,,,,,,,,,,,,,,,,,,,0,38,38,38,1,,,,,,,,,,,,,,,,,,,,
,,,,,,,,,,,,204739.2954,2,Aa-SBJ-N4-GO-INTR-Aa-LOC-N5.mp4,Aa-SBJ-N4-GO-INTR-Aa-LOC-N5.mp3,204746.3281,mouse_continue,7.033,,,,,,,2,Aa-SBJ-N4-GO-INTR-Aa-LOC-N5.mp4,Aa-SBJ-N4-GO-INTR-Aa-LOC-N5.mp3,787823,19870324,2026-04-30_14h06.56.509,BrocantoHPilot1WOSession2,2025.2.4,Win32,59.88023952,,,,,,,,,,,,,,,,,,,,,,,,,,,,,,,,,,,,,,,,,,,,,,,,,,,,,,,,,,,,,,,,,0,39,39,39,1,,,,,,,,,,,,,,,,,,,,
,,,,,,,,,,,,204746.3308,2,OBJ-N5-SBJ-N2-PUSH-TR-Ab-LOC-N4.mp4,OBJ-N5-SBJ-N2-PUSH-TR-Ab-LOC-N4.mp3,204753.9055,mouse_continue,7.5753,,,,,,,2,OBJ-N5-SBJ-N2-PUSH-TR-Ab-LOC-N4.mp4,OBJ-N5-SBJ-N2-PUSH-TR-Ab-LOC-N4.mp3,787823,19870324,2026-04-30_14h06.56.509,BrocantoHPilot1WOSession2,2025.2.4,Win32,59.88023952,,,,,,,,,,,,,,,,,,,,,,,,,,,,,,,,,,,,,,,,,,,,,,,,,,,,,,,,,,,,,,,,,0,40,40,40,1,,,,,,,,,,,,,,,,,,,,
,,,,,,,,,,,,204753.91,2,OBJ-N5-SBJ-N4-REVEAL-TR.mp4,OBJ-N5-SBJ-N4-REVEAL-TR.mp3,204760.3529,mouse_continue,6.4435,,,,,,,2,OBJ-N5-SBJ-N4-REVEAL-TR.mp4,OBJ-N5-SBJ-N4-REVEAL-TR.mp3,787823,19870324,2026-04-30_14h06.56.509,BrocantoHPilot1WOSession2,2025.2.4,Win32,59.88023952,,,,,,,,,,,,,,,,,,,,,,,,,,,,,,,,,,,,,,,,,,,,,,,,,,,,,,,,,,,,,,,,,0,41,41,41,1,,,,,,,,,,,,,,,,,,,,
,,,,,,,,,,,,,,,,,,,,,,,,,2,,,787823,19870324,2026-04-30_14h06.56.509,BrocantoHPilot1WOSession2,2025.2.4,Win32,59.88023952,204766.7744,2,1,1,20.2929,1,17.4516,20.2929,204789.2133,,,,,,SBJ-N3-REVEAL-INTR-LOC-N5.mp3,SBJ-N3-REVEAL-INTR-LOC-N5.mp4,SBJ-N3-JUMP-INTR-LOC-N5.mp4,,,,,,,,,,,,,,,,,,,,,,,,,,,,,,,,,,,,,,,,,,,,,,,,,,,,,0,0,0,0,1,,,,,,,,,,,,,,,
,,,,,,,,,,,,,,,,,,,,,,,,,2,,,787823,19870324,2026-04-30_14h06.56.509,BrocantoHPilot1WOSession2,2025.2.4,Win32,59.88023952,204789.2148,2,1,1,17.9547,1,17.3231,17.9547,204809.437,,,,,,OBJ-N5-SBJ-N4-PUSH-TR-LOC-N2.mp3,OBJ-N5-SBJ-N4-PUSH-TR-LOC-N2.mp4,OBJ-N4-SBJ-N5-REVEAL-TR-LOC-N2.mp4,,,,,,,,,,,,,,,,,,,,,,,,,,,,,,,,,,,,,,,,,,,,,,,,,,,,,0,1,1,1,1,,,,,,,,,,,,,,,
,,,,,,,,,,,,,,,,,,,,,,,,,2,,,787823,19870324,2026-04-30_14h06.56.509,BrocantoHPilot1WOSession2,2025.2.4,Win32,59.88023952,204809.4377,2,1,2,30.3497,0,18.6444,30.3497,204841.671,,,,,,OBJ-N5-SBJ-N4-HIDE-TR-LOC-N3.mp3,OBJ-N5-SBJ-N4-HIDE-TR-LOC-N3.mp4,OBJ-N5-SBJ-N3-HIDE-TR-LOC-N4.mp4,,,,,,,,,,,,,,,,,,,,,,,,,,,,,,,,,,,,,,,,,,,,,,,,,,,,,0,2,2,2,1,,,,,,,,,,,,,,,
,,,,,,,,,,,,,,,,,,,,,,,,,2,,,787823,19870324,2026-04-30_14h06.56.509,BrocantoHPilot1WOSession2,2025.2.4,Win32,59.88023952,204841.6724,2,1,1,34.6175,1,20.6684,34.6175,204878.21,,,,,,SBJ-N1-REVEAL-INTR-LOC-N2.mp3,SBJ-N1-REVEAL-INTR-LOC-N2.mp4,SBJ-N1-HIDE-INTR-LOC-N2.mp4,,,,,,,,,,,,,,,,,,,,,,,,,,,,,,,,,,,,,,,,,,,,,,,,,,,,,0,3,3,3,1,,,,,,,,,,,,,,,
,,,,,,,,,,,,,,,,,,,,,,,,,2,,,787823,19870324,2026-04-30_14h06.56.509,BrocantoHPilot1WOSession2,2025.2.4,Win32,59.88023952,204878.2115,2,2,2,19.9041,1,16.2507,19.9041,204899.8213,,,,,,OBJ-N5-SBJ-N4-REVEAL-TR.mp3,OBJ-N5-SBJ-N4-REVEAL-TR.mp4,OBJ-N4-SBJ-N5-PUSH-TR.mp4,,,,,,,,,,,,,,,,,,,,,,,,,,,,,,,,,,,,,,,,,,,,,,,,,,,,,0,4,4,4,1,,,,,,,,,,,,,,,
,,,,,,,,,,,,,,,,,,,,,,,,,2,,,787823,19870324,2026-04-30_14h06.56.509,BrocantoHPilot1WOSession2,2025.2.4,Win32,59.88023952,204899.8232,2,2,2,16.0879,1,16.4101,16.0879,204918.0723,,,,,,SBJ-N2-GO-INTR.mp3,SBJ-N2-GO-INTR.mp4,SBJ-N2-REVEAL-INTR.mp4,,,,,,,,,,,,,,,,,,,,,,,,,,,,,,,,,,,,,,,,,,,,,,,,,,,,,0,5,5,5,1,,,,,,,,,,,,,,,
,,,,,,,,,,,,,,,,,,,,,,,,,2,,,787823,19870324,2026-04-30_14h06.56.509,BrocantoHPilot1WOSession2,2025.2.4,Win32,59.88023952,204918.0738,2,2,2,16.1479,1,14.7274,16.1479,204936.2287,,,,,,SBJ-N5-JUMP-INTR.mp3,SBJ-N5-JUMP-INTR.mp4,SBJ-N5-HIDE-INTR.mp4,,,,,,,,,,,,,,,,,,,,,,,,,,,,,,,,,,,,,,,,,,,,,,,,,,,,,0,6,6,6,1,,,,,,,,,,,,,,,
,,,,,,,,,,,,,,,,,,,,,,,,,2,,,787823,19870324,2026-04-30_14h06.56.509,BrocantoHPilot1WOSession2,2025.2.4,Win32,59.88023952,204936.2314,2,2,2,15.0323,1,15.3352,15.0323,204953.3256,,,,,,OBJ-N5-SBJ-N1-PUSH-TR-LOC-N2.mp3,OBJ-N5-SBJ-N1-PUSH-TR-LOC-N2.mp4,OBJ-N5-SBJ-N2-PUSH-TR-LOC-N1.mp4,,,,,,,,,,,,,,,,,,,,,,,,,,,,,,,,,,,,,,,,,,,,,,,,,,,,,0,7,7,7,1,,,,,,,,,,,,,,,
,,,,,,,,,,,,,,,,,,,,,,,,,2,,,787823,19870324,2026-04-30_14h06.56.509,BrocantoHPilot1WOSession2,2025.2.4,Win32,59.88023952,204953.3269,2,1,1,18.117,1,17.1756,18.117,204973.2583,,,,,,SBJ-N1-REVEAL-INTR-LOC-N3.mp3,SBJ-N1-REVEAL-INTR-LOC-N3.mp4,SBJ-N3-JUMP-INTR-LOC-N1.mp4,,,,,,,,,,,,,,,,,,,,,,,,,,,,,,,,,,,,,,,,,,,,,,,,,,,,,0,8,8,8,1,,,,,,,,,,,,,,,
,,,,,,,,,,,,,,,,,,,,,,,,,2,,,787823,19870324,2026-04-30_14h06.56.509,BrocantoHPilot1WOSession2,2025.2.4,Win32,59.88023952,204973.259,2,2,2,26.6448,1,17.7311,26.6448,205001.9803,,,,,,Ab-OBJ-N5-SBJ-N1-REVEAL-TR.mp3,Ab-OBJ-N5-SBJ-N1-REVEAL-TR.mp4,Aa-OBJ-N5-SBJ-N1-HIDE-TR.mp4,,,,,,,,,,,,,,,,,,,,,,,,,,,,,,,,,,,,,,,,,,,,,,,,,,,,,0,9,9,9,1,,,,,,,,,,,,,,,
,,,,,,,,,,,,,,,,,,,,,,,,,2,,,787823,19870324,2026-04-30_14h06.56.509,BrocantoHPilot1WOSession2,2025.2.4,Win32,59.88023952,205001.9823,2,2,1,20.3891,0,17.1744,20.3891,205024.5136,,,,,,Ab-SBJ-N2-HIDE-INTR.mp3,Ab-SBJ-N2-HIDE-INTR.mp4,Aa-SBJ-N2-HIDE-INTR.mp4,,,,,,,,,,,,,,,,,,,,,,,,,,,,,,,,,,,,,,,,,,,,,,,,,,,,,0,10,10,10,1,,,,,,,,,,,,,,,
,,,,,,,,,,,,,,,,,,,,,,,,,2,,,787823,19870324,2026-04-30_14h06.56.509,BrocantoHPilot1WOSession2,2025.2.4,Win32,59.88023952,205024.515,2,1,1,27.9538,1,20.2205,27.9538,205054.266,,,,,,OBJ-N5-SBJ-N1-HIDE-TR-LOC-N2.mp3,OBJ-N5-SBJ-N1-HIDE-TR-LOC-N2.mp4,OBJ-N2-SBJ-N1-HIDE-TR-LOC-N5.mp4,,,,,,,,,,,,,,,,,,,,,,,,,,,,,,,,,,,,,,,,,,,,,,,,,,,,,0,11,11,11,1,,,,,,,,,,,,,,,
,,,,,,,,,,,,,,,,,,,,,,,,,2,,,787823,19870324,2026-04-30_14h06.56.509,BrocantoHPilot1WOSession2,2025.2.4,Win32,59.88023952,205054.267,2,2,2,37.6864,1,24.1572,37.6864,205093.8115,,,,,,OBJ-N5-Ab-SBJ-N1-HIDE-TR.mp3,OBJ-N5-Ab-SBJ-N1-HIDE-TR.mp4,Aa-OBJ-N1-SBJ-N5-HIDE-TR.mp4,,,,,,,,,,,,,,,,,,,,,,,,,,,,,,,,,,,,,,,,,,,,,,,,,,,,,0,12,12,12,1,,,,,,,,,,,,,,,
,,,,,,,,,,,,,,,,,,,,,,,,,2,,,787823,19870324,2026-04-30_14h06.56.509,BrocantoHPilot1WOSession2,2025.2.4,Win32,59.88023952,205093.8172,2,1,1,16.5801,1,15.5586,16.5801,205112.4538,,,,,,OBJ-N5-Ab-SBJ-N1-REVEAL-TR.mp3,OBJ-N5-Ab-SBJ-N1-REVEAL-TR.mp4,OBJ-N5-Aa-SBJ-N1-PUSH-TR.mp4,,,,,,,,,,,,,,,,,,,,,,,,,,,,,,,,,,,,,,,,,,,,,,,,,,,,,0,13,13,13,1,,,,,,,,,,,,,,,
,,,,,,,,,,,,,,,,,,,,,,,,,2,,,787823,19870324,2026-04-30_14h06.56.509,BrocantoHPilot1WOSession2,2025.2.4,Win32,59.88023952,205112.4554,2,1,1,18.01,1,16.636,18.01,205132.3154,,,,,,OBJ-N5-SBJ-N4-PUSH-TR-LOC-N1.mp3,OBJ-N5-SBJ-N4-PUSH-TR-LOC-N1.mp4,OBJ-N4-SBJ-N5-HIDE-TR-LOC-N1.mp4,,,,,,,,,,,,,,,,,,,,,,,,,,,,,,,,,,,,,,,,,,,,,,,,,,,,,0,14,14,14,1,,,,,,,,,,,,,,,
,,,,,,,,,,,,,,,,,,,,,,,,,2,,,787823,19870324,2026-04-30_14h06.56.509,BrocantoHPilot1WOSession2,2025.2.4,Win32,59.88023952,205132.3183,2,2,2,16.0505,1,14.9918,16.0505,205150.095,,,,,,Ab-SBJ-N2-GO-INTR.mp3,Ab-SBJ-N2-GO-INTR.mp4,Aa-SBJ-N2-GO-INTR.mp4,,,,,,,,,,,,,,,,,,,,,,,,,,,,,,,,,,,,,,,,,,,,,,,,,,,,,0,15,15,15,1,,,,,,,,,,,,,,,
,,,,,,,,,,,,,,,,,,,,,,,,,2,,,787823,19870324,2026-04-30_14h06.56.509,BrocantoHPilot1WOSession2,2025.2.4,Win32,59.88023952,205150.0965,2,2,2,17.5508,1,15.7292,17.5508,205169.5564,,,,,,SBJ-N5-HIDE-INTR.mp3,SBJ-N5-HIDE-INTR.mp4,SBJ-N5-REVEAL-INTR.mp4,,,,,,,,,,,,,,,,,,,,,,,,,,,,,,,,,,,,,,,,,,,,,,,,,,,,,0,16,16,16,1,,,,,,,,,,,,,,,
,,,,,,,,,,,,,,,,,,,,,,,,,2,,,787823,19870324,2026-04-30_14h06.56.509,BrocantoHPilot1WOSession2,2025.2.4,Win32,59.88023952,205169.5583,2,2,2,34.035,1,18.2019,34.035,205205.3308,,,,,,SBJ-N1-JUMP-INTR-LOC-N3.mp3,SBJ-N1-JUMP-INTR-LOC-N3.mp4,SBJ-N3-JUMP-INTR-LOC-N1.mp4,,,,,,,,,,,,,,,,,,,,,,,,,,,,,,,,,,,,,,,,,,,,,,,,,,,,,0,17,17,17,1,,,,,,,,,,,,,,,
,,,,,,,,,,,,,,,,,,,,,,,,,2,,,787823,19870324,2026-04-30_14h06.56.509,BrocantoHPilot1WOSession2,2025.2.4,Win32,59.88023952,205205.3336,2,2,2,18.924,1,18.2116,18.924,205226.1769,,,,,,SBJ-N5-GO-INTR-LOC-N2.mp3,SBJ-N5-GO-INTR-LOC-N2.mp4,SBJ-N2-HIDE-INTR-LOC-N5.mp4,,,,,,,,,,,,,,,,,,,,,,,,,,,,,,,,,,,,,,,,,,,,,,,,,,,,,0,18,18,18,1,,,,,,,,,,,,,,,
,,,,,,,,,,,,,,,,,,,,,,,,,2,,,787823,19870324,2026-04-30_14h06.56.509,BrocantoHPilot1WOSession2,2025.2.4,Win32,59.88023952,205226.1783,2,1,1,27.1926,1,16.8089,27.1926,205255.2023,,,,,,SBJ-N3-HIDE-INTR-LOC-N5.mp3,SBJ-N3-HIDE-INTR-LOC-N5.mp4,SBJ-N5-HIDE-INTR-LOC-N3.mp4,,,,,,,,,,,,,,,,,,,,,,,,,,,,,,,,,,,,,,,,,,,,,,,,,,,,,0,19,19,19,1,,,,,,,,,,,,,,,
,,,,,,,,,,,,,,,,,,,,,,,,,2,,,787823,19870324,2026-04-30_14h06.56.509,BrocantoHPilot1WOSession2,2025.2.4,Win32,59.88023952,205255.2048,2,1,1,18.2346,1,16.8244,18.2346,205275.9178,,,,,,OBJ-N5-SBJ-N3-PUSH-TR-LOC-N1.mp3,OBJ-N5-SBJ-N3-PUSH-TR-LOC-N1.mp4,OBJ-N5-SBJ-N3-REVEAL-TR-LOC-N1.mp4,,,,,,,,,,,,,,,,,,,,,,,,,,,,,,,,,,,,,,,,,,,,,,,,,,,,,0,20,20,20,1,,,,,,,,,,,,,,,
,,,,,,,,,,,,,,,,,,,,,,,,,2,,,787823,19870324,2026-04-30_14h06.56.509,BrocantoHPilot1WOSession2,2025.2.4,Win32,59.88023952,205275.9182,2,2,2,40.4035,1,30.817,40.4035,205318.1052,,,,,,Ab-OBJ-N5-SBJ-N1-REVEAL-TR.mp3,Ab-OBJ-N5-SBJ-N1-REVEAL-TR.mp4,OBJ-N1-Aa-SBJ-N5-REVEAL-TR.mp4,,,,,,,,,,,,,,,,,,,,,,,,,,,,,,,,,,,,,,,,,,,,,,,,,,,,,0,21,21,21,1,,,,,,,,,,,,,,,
,,,,,,,,,,,,,,,,,,,,,,,,,2,,,787823,19870324,2026-04-30_14h06.56.509,BrocantoHPilot1WOSession2,2025.2.4,Win32,59.88023952,205318.1065,2,2,2,23.9185,1,15.8915,23.9185,205343.7885,,,,,,OBJ-N5-SBJ-N1-PUSH-TR-Ab-LOC-N3.mp3,OBJ-N5-SBJ-N1-PUSH-TR-Ab-LOC-N3.mp4,OBJ-N5-SBJ-N1-REVEAL-TR-Aa-LOC-N3.mp4,,,,,,,,,,,,,,,,,,,,,,,,,,,,,,,,,,,,,,,,,,,,,,,,,,,,,0,22,22,22,1,,,,,,,,,,,,,,,
,,,,,,,,,,,,,,,,,,,,,,,,,2,,,787823,19870324,2026-04-30_14h06.56.509,BrocantoHPilot1WOSession2,2025.2.4,Win32,59.88023952,205343.7897,2,2,2,17.9443,1,17.591,17.9443,205363.5429,,,,,,Ab-SBJ-N2-REVEAL-INTR-Ab-LOC-N4.mp3,Ab-SBJ-N2-REVEAL-INTR-Ab-LOC-N4.mp4,Ab-SBJ-N4-REVEAL-INTR-Aa-LOC-N2.mp4,,,,,,,,,,,,,,,,,,,,,,,,,,,,,,,,,,,,,,,,,,,,,,,,,,,,,0,23,23,23,1,,,,,,,,,,,,,,,
,,,,,,,,,,,,,,,,,,,,,,,,,2,,,787823,19870324,2026-04-30_14h06.56.509,BrocantoHPilot1WOSession2,2025.2.4,Win32,59.88023952,205363.545,2,2,2,28.9219,1,16.4084,28.9219,205394.3092,,,,,,OBJ-N5-Ab-SBJ-N1-REVEAL-TR-Ab-LOC-N3.mp3,OBJ-N5-Ab-SBJ-N1-REVEAL-TR-Ab-LOC-N3.mp4,OBJ-N5-Ab-SBJ-N1-REVEAL-TR-Aa-LOC-N3.mp4,,,,,,,,,,,,,,,,,,,,,,,,,,,,,,,,,,,,,,,,,,,,,,,,,,,,,0,24,24,24,1,,,,,,,,,,,,,,,
,,,,,,,,,,,,,,,,,,,,,,,,,2,,,787823,19870324,2026-04-30_14h06.56.509,BrocantoHPilot1WOSession2,2025.2.4,Win32,59.88023952,205394.3108,2,1,1,25.0524,1,17.2027,25.0524,205421.1168,,,,,,Ab-SBJ-N4-REVEAL-INTR-LOC-N3.mp3,Ab-SBJ-N4-REVEAL-INTR-LOC-N3.mp4,Aa-SBJ-N4-JUMP-INTR-LOC-N3.mp4,,,,,,,,,,,,,,,,,,,,,,,,,,,,,,,,,,,,,,,,,,,,,,,,,,,,,0,25,25,25,1,,,,,,,,,,,,,,,
,,,,,,,,,,,,,,,,,,,,,,,,,2,,,787823,19870324,2026-04-30_14h06.56.509,BrocantoHPilot1WOSession2,2025.2.4,Win32,59.88023952,205421.1173,2,2,2,15.5628,1,17.5401,15.5628,205440.075,,,,,,Ab-SBJ-N5-REVEAL-INTR-Ab-LOC-N4.mp3,Ab-SBJ-N5-REVEAL-INTR-Ab-LOC-N4.mp4,Ab-SBJ-N4-REVEAL-INTR-Aa-LOC-N5.mp4,,,,,,,,,,,,,,,,,,,,,,,,,,,,,,,,,,,,,,,,,,,,,,,,,,,,,0,26,26,26,1,,,,,,,,,,,,,,,
,,,,,,,,,,,,,,,,,,,,,,,,,2,,,787823,19870324,2026-04-30_14h06.56.509,BrocantoHPilot1WOSession2,2025.2.4,Win32,59.88023952,205440.0786,2,2,2,15.4584,1,14.8034,15.4584,205457.3713,,,,,,Ab-OBJ-N5-SBJ-N3-PUSH-TR.mp3,Ab-OBJ-N5-SBJ-N3-PUSH-TR.mp4,Aa-OBJ-N5-SBJ-N3-PUSH-TR.mp4,,,,,,,,,,,,,,,,,,,,,,,,,,,,,,,,,,,,,,,,,,,,,,,,,,,,,0,27,27,27,1,,,,,,,,,,,,,,,
,,,,,,,,,,,,,,,,,,,,,,,,,2,,,787823,19870324,2026-04-30_14h06.56.509,BrocantoHPilot1WOSession2,2025.2.4,Win32,59.88023952,205457.3732,2,2,2,21.2968,1,13.6794,21.2968,205480.4808,,,,,,Ab-SBJ-N4-JUMP-INTR.mp3,Ab-SBJ-N4-JUMP-INTR.mp4,Aa-SBJ-N4-GO-INTR.mp4,,,,,,,,,,,,,,,,,,,,,,,,,,,,,,,,,,,,,,,,,,,,,,,,,,,,,0,28,28,28,1,,,,,,,,,,,,,,,
,,,,,,,,,,,,,,,,,,,,,,,,,2,,,787823,19870324,2026-04-30_14h06.56.509,BrocantoHPilot1WOSession2,2025.2.4,Win32,59.88023952,205480.4825,2,1,1,27.3365,1,16.978,27.3365,205510.0409,,,,,,Ab-OBJ-N5-SBJ-N4-HIDE-TR-LOC-N3.mp3,Ab-OBJ-N5-SBJ-N4-HIDE-TR-LOC-N3.mp4,OBJ-N3-SBJ-N4-HIDE-TR-Aa-LOC-N5.mp4,,,,,,,,,,,,,,,,,,,,,,,,,,,,,,,,,,,,,,,,,,,,,,,,,,,,,0,29,29,29,1,,,,,,,,,,,,,,,
,,,,,,,,,,,,,,,,,,,,,,,,,2,,,787823,19870324,2026-04-30_14h06.56.509,BrocantoHPilot1WOSession2,2025.2.4,Win32,59.88023952,205510.0421,2,2,2,24.557,1,17.0064,24.557,205536.5267,,,,,,Ab-OBJ-N5-SBJ-N4-REVEAL-TR.mp3,Ab-OBJ-N5-SBJ-N4-REVEAL-TR.mp4,Aa-OBJ-N5-SBJ-N4-REVEAL-TR.mp4,,,,,,,,,,,,,,,,,,,,,,,,,,,,,,,,,,,,,,,,,,,,,,,,,,,,,0,30,30,30,1,,,,,,,,,,,,,,,
,,,,,,,,,,,,,,,,,,,,,,,,,2,,,787823,19870324,2026-04-30_14h06.56.509,BrocantoHPilot1WOSession2,2025.2.4,Win32,59.88023952,205536.5278,2,1,1,25.7147,1,18.0997,25.7147,205564.4274,,,,,,Ab-OBJ-N5-Ab-SBJ-N2-HIDE-TR-LOC-N4.mp3,Ab-OBJ-N5-Ab-SBJ-N2-HIDE-TR-LOC-N4.mp4,Ab-OBJ-N5-Aa-SBJ-N2-REVEAL-TR-LOC-N4.mp4,,,,,,,,,,,,,,,,,,,,,,,,,,,,,,,,,,,,,,,,,,,,,,,,,,,,,0,31,31,31,1,,,,,,,,,,,,,,,
,,,,,,,,,,,,,,,,,,,,,,,,,2,,,787823,19870324,2026-04-30_14h06.56.509,BrocantoHPilot1WOSession2,2025.2.4,Win32,59.88023952,205564.429,2,1,1,16.3832,1,16.1976,16.3832,205582.9231,,,,,,Ab-SBJ-N4-GO-INTR.mp3,Ab-SBJ-N4-GO-INTR.mp4,Aa-SBJ-N4-GO-INTR.mp4,,,,,,,,,,,,,,,,,,,,,,,,,,,,,,,,,,,,,,,,,,,,,,,,,,,,,0,32,32,32,1,,,,,,,,,,,,,,,
,,,,,,,,,,,,,,,,,,,,,,,,,2,,,787823,19870324,2026-04-30_14h06.56.509,BrocantoHPilot1WOSession2,2025.2.4,Win32,59.88023952,205582.9246,2,1,1,21.017,1,17.1441,21.017,205606.0011,,,,,,Ab-OBJ-N5-Ab-SBJ-N1-PUSH-TR.mp3,Ab-OBJ-N5-Ab-SBJ-N1-PUSH-TR.mp4,Ab-OBJ-N1-Aa-SBJ-N5-PUSH-TR.mp4,,,,,,,,,,,,,,,,,,,,,,,,,,,,,,,,,,,,,,,,,,,,,,,,,,,,,0,33,33,33,1,,,,,,,,,,,,,,,
,,,,,,,,,,,,,,,,,,,,,,,,,2,,,787823,19870324,2026-04-30_14h06.56.509,BrocantoHPilot1WOSession2,2025.2.4,Win32,59.88023952,205606.0026,2,2,2,23.5656,1,16.8232,23.5656,205631.5648,,,,,,Ab-SBJ-N5-HIDE-INTR.mp3,Ab-SBJ-N5-HIDE-INTR.mp4,Aa-SBJ-N5-REVEAL-INTR.mp4,,,,,,,,,,,,,,,,,,,,,,,,,,,,,,,,,,,,,,,,,,,,,,,,,,,,,0,34,34,34,1,,,,,,,,,,,,,,,
,,,,,,,,,,,,,,,,,,,,,,,,,2,,,787823,19870324,2026-04-30_14h06.56.509,BrocantoHPilot1WOSession2,2025.2.4,Win32,59.88023952,205631.5655,2,2,2,25.7298,1,18.4344,25.7298,205659.0386,,,,,,Ab-OBJ-N5-SBJ-N2-REVEAL-TR-Ab-LOC-N3.mp3,Ab-OBJ-N5-SBJ-N2-REVEAL-TR-Ab-LOC-N3.mp4,Ab-OBJ-N3-SBJ-N2-HIDE-TR-Ab-LOC-N5.mp4,,,,,,,,,,,,,,,,,,,,,,,,,,,,,,,,,,,,,,,,,,,,,,,,,,,,,0,35,35,35,1,,,,,,,,,,,,,,,
,,,,,,,,,,,,,,,,,,,,,,,,,2,,,787823,19870324,2026-04-30_14h06.56.509,BrocantoHPilot1WOSession2,2025.2.4,Win32,59.88023952,205659.04,2,1,1,18.5891,1,16.5562,18.5891,205679.7001,,,,,,Ab-SBJ-N5-HIDE-INTR.mp3,Ab-SBJ-N5-HIDE-INTR.mp4,Ab-SBJ-N5-GO-INTR.mp4,,,,,,,,,,,,,,,,,,,,,,,,,,,,,,,,,,,,,,,,,,,,,,,,,,,,,0,36,36,36,1,,,,,,,,,,,,,,,
,,,,,,,,,,,,,,,,,,,,,,,,,2,,,787823,19870324,2026-04-30_14h06.56.509,BrocantoHPilot1WOSession2,2025.2.4,Win32,59.88023952,205679.7013,2,2,1,25.3047,0,15.6904,25.3047,205706.955,,,,,,Ab-SBJ-N4-JUMP-INTR-LOC-N3.mp3,Ab-SBJ-N4-JUMP-INTR-LOC-N3.mp4,SBJ-N3-JUMP-INTR-Ab-LOC-N4.mp4,,,,,,,,,,,,,,,,,,,,,,,,,,,,,,,,,,,,,,,,,,,,,,,,,,,,,0,37,37,37,1,,,,,,,,,,,,,,,
,,,,,,,,,,,,,,,,,,,,,,,,,2,,,787823,19870324,2026-04-30_14h06.56.509,BrocantoHPilot1WOSession2,2025.2.4,Win32,59.88023952,205706.9564,2,1,1,14.8369,1,16.8084,14.8369,205724.8783,,,,,,Ab-SBJ-N4-GO-INTR-Ab-LOC-N3.mp3,Ab-SBJ-N4-GO-INTR-Ab-LOC-N3.mp4,Ab-SBJ-N3-GO-INTR-Aa-LOC-N4.mp4,,,,,,,,,,,,,,,,,,,,,,,,,,,,,,,,,,,,,,,,,,,,,,,,,,,,,0,38,38,38,1,,,,,,,,,,,,,,,
,,,,,,,,,,,,,,,,,,,,,,,,,2,,,787823,19870324,2026-04-30_14h06.56.509,BrocantoHPilot1WOSession2,2025.2.4,Win32,59.88023952,205724.8802,2,2,2,35.2623,1,16.8952,35.2623,205761.998,,,,,,Ab-SBJ-N2-HIDE-INTR-Aa-LOC-N1.mp3,Ab-SBJ-N2-HIDE-INTR-Aa-LOC-N1.mp4,Ab-SBJ-N2-HIDE-INTR-Ab-LOC-N1.mp4,,,,,,,,,,,,,,,,,,,,,,,,,,,,,,,,,,,,,,,,,,,,,,,,,,,,,0,39,39,39,1,,,,,,,,,,,,,,,
,,,,,,,,,,,,,,,,,,,,,,,,,2,,,787823,19870324,2026-04-30_14h06.56.509,BrocantoHPilot1WOSession2,2025.2.4,Win32,59.88023952,205761.9992,2,1,1,20.8878,1,14.7504,20.8878,205784.9244,,,,,,Ab-OBJ-N5-SBJ-N1-PUSH-TR-LOC-N4.mp3,Ab-OBJ-N5-SBJ-N1-PUSH-TR-LOC-N4.mp4,OBJ-N1-Ab-SBJ-N5-HIDE-TR-LOC-N4.mp4,,,,,,,,,,,,,,,,,,,,,,,,,,,,,,,,,,,,,,,,,,,,,,,,,,,,,0,40,40,40,1,,,,,,,,,,,,,,,
,,,,,,,,,,,,,,,,,,,,,,,,,2,,,787823,19870324,2026-04-30_14h06.56.509,BrocantoHPilot1WOSession2,2025.2.4,Win32,59.88023952,205784.9256,2,1,1,26.383,1,16.5382,26.383,205813.0684,,,,,,Ab-OBJ-N5-Ab-SBJ-N3-PUSH-TR.mp3,Ab-OBJ-N5-Ab-SBJ-N3-PUSH-TR.mp4,Ab-OBJ-N3-Ab-SBJ-N5-PUSH-TR.mp4,,,,,,,,,,,,,,,,,,,,,,,,,,,,,,,,,,,,,,,,,,,,,,,,,,,,,0,41,41,41,1,,,,,,,,,,,,,,,
,,,,,,,,,,,,,,,,,,,,,,,,,2,,,787823,19870324,2026-04-30_14h06.56.509,BrocantoHPilot1WOSession2,2025.2.4,Win32,59.88023952,,,,,,,,,,,,,,,SBJ.N4 REVEAL-INTR LOC.N5,,,256148.1695,2,SBJ-N4-REVEAL-INTR-LOC-N5.mp4,N4|REVEAL|N5,HIDE|Aa|PUSH|N2|N5|N4|REVEAL,dabi|girda|timó,zsübe|gyék|vánta|murak|timó|dabi|girda,0,5.9529,14.5177,dabi timó girda,256169.5108,,,,,,SBJ-N4-REVEAL-INTR-LOC-N5.mp4,N4|REVEAL|N5,HIDE|Aa|PUSH|N2|N5|N4|REVEAL,dabi girda timó,dabi|girda|timó,zsübe|gyék|vánta|murak|timó|dabi|girda,,,,,,,,,,,,,,,,,,,,,,,,,,,,,,,,,,,0,0,0,0,1,,,,,,,,,,
,,,,,,,,,,,,,,,,,,,,,,,,,2,,,787823,19870324,2026-04-30_14h06.56.509,BrocantoHPilot1WOSession2,2025.2.4,Win32,59.88023952,,,,,,,,,,,,,,,OBJ.N5 SBJ.N4 HIDE-TR LOC.N3,,,256170.0235,2,OBJ-N5-SBJ-N4-HIDE-TR-LOC-N3.mp4,N5|N4|HIDE|N3,N3|N2|N4|HIDE|N5|N1|JUMP|Ab,timó|dabi|zsübe|zilép,zilép|murak|dabi|zsübe|timó|pekli|bonip|zsot,1,6.5298,25.4486,timó dabi zsübe zilép,256205.4308,,,,,,OBJ-N5-SBJ-N4-HIDE-TR-LOC-N3.mp4,N5|N4|HIDE|N3,N3|N2|N4|HIDE|N5|N1|JUMP|Ab,timó dabi zsübe zilép,timó|dabi|zsübe|zilép,zilép|murak|dabi|zsübe|timó|pekli|bonip|zsot,,,,,,,,,,,,,,,,,,,,,,,,,,,,,,,,,,,0,1,1,1,1,,,,,,,,,,
,,,,,,,,,,,,,,,,,,,,,,,,,2,,,787823,19870324,2026-04-30_14h06.56.509,BrocantoHPilot1WOSession2,2025.2.4,Win32,59.88023952,,,,,,,,,,,,,,,SBJ.N3 REVEAL-INTR LOC.N4,,,256205.9482,2,SBJ-N3-REVEAL-INTR-LOC-N4.mp4,N3|REVEAL|N4,JUMP|Aa|GO|REVEAL|N3|N5|N4,zilép|girda|dabi,bonip|gyék|kávler|girda|zilép|timó|dabi,1,6.3121,17.8766,zilép girda dabi,256229.7516,,,,,,SBJ-N3-REVEAL-INTR-LOC-N4.mp4,N3|REVEAL|N4,JUMP|Aa|GO|REVEAL|N3|N5|N4,zilép girda dabi,zilép|girda|dabi,bonip|gyék|kávler|girda|zilép|timó|dabi,,,,,,,,,,,,,,,,,,,,,,,,,,,,,,,,,,,0,2,2,2,1,,,,,,,,,,
,,,,,,,,,,,,,,,,,,,,,,,,,2,,,787823,19870324,2026-04-30_14h06.56.509,BrocantoHPilot1WOSession2,2025.2.4,Win32,59.88023952,,,,,,,,,,,,,,,OBJ.N5 SBJ.N1 REVEAL-TR LOC.N4,,,256230.2599,2,OBJ-N5-SBJ-N1-REVEAL-TR-LOC-N4.mp4,N5|N1|REVEAL|N4,Aa|PUSH|REVEAL|N5|N4|GO|N1|N3,timó|pekli|girda|dabi,gyék|vánta|girda|timó|dabi|kávler|pekli|zilép,1,7.4447,16.5765,timó pekli girda dabi,256254.5707,,,,,,OBJ-N5-SBJ-N1-REVEAL-TR-LOC-N4.mp4,N5|N1|REVEAL|N4,Aa|PUSH|REVEAL|N5|N4|GO|N1|N3,timó pekli girda dabi,timó|pekli|girda|dabi,gyék|vánta|girda|timó|dabi|kávler|pekli|zilép,,,,,,,,,,,,,,,,,,,,,,,,,,,,,,,,,,,0,3,3,3,1,,,,,,,,,,
,,,,,,,,,,,,,,,,,,,,,,,,,2,,,787823,19870324,2026-04-30_14h06.56.509,BrocantoHPilot1WOSession2,2025.2.4,Win32,59.88023952,,,,,,,,,,,,,,,SBJ.N3 JUMP-INTR,,,256255.0872,2,SBJ-N3-JUMP-INTR.mp4,N3|JUMP,REVEAL|Aa|HIDE|JUMP|N2|N3,zilép|bonip,girda|gyék|zsübe|bonip|murak|zilép,1,5.8522,9.4336,zilép bonip,256268.3503,,,,,,SBJ-N3-JUMP-INTR.mp4,N3|JUMP,REVEAL|Aa|HIDE|JUMP|N2|N3,zilép bonip,zilép|bonip,girda|gyék|zsübe|bonip|murak|zilép,,,,,,,,,,,,,,,,,,,,,,,,,,,,,,,,,,,0,4,4,4,1,,,,,,,,,,
,,,,,,,,,,,,,,,,,,,,,,,,,2,,,787823,19870324,2026-04-30_14h06.56.509,BrocantoHPilot1WOSession2,2025.2.4,Win32,59.88023952,,,,,,,,,,,,,,,OBJ.N5 Ab SBJ.N3 PUSH-TR,,,256268.8667,2,OBJ-N5-Ab-SBJ-N3-PUSH-TR.mp4,N5|Ab|N3|PUSH,Ab|N5|GO|N3|HIDE|Aa|N2|PUSH,timó|zsot|zilép|vánta,zsot|timó|kávler|zilép|zsübe|gyék|murak|vánta,0,5.2461,13.128,timó zilép vánta,256286.8119,,,,,,OBJ-N5-Ab-SBJ-N3-PUSH-TR.mp4,N5|Ab|N3|PUSH,Ab|N5|GO|N3|HIDE|Aa|N2|PUSH,timó zsot zilép vánta,timó|zsot|zilép|vánta,zsot|timó|kávler|zilép|zsübe|gyék|murak|vánta,,,,,,,,,,,,,,,,,,,,,,,,,,,,,,,,,,,0,5,5,5,1,,,,,,,,,,
,,,,,,,,,,,,,,,,,,,,,,,,,2,,,787823,19870324,2026-04-30_14h06.56.509,BrocantoHPilot1WOSession2,2025.2.4,Win32,59.88023952,,,,,,,,,,,,,,,Ab SBJ.N4 HIDE-INTR,,,256287.3276,2,Ab-SBJ-N4-HIDE-INTR.mp4,Ab|N4|HIDE,Ab|JUMP|N4|HIDE|GO|N2|REVEAL,zsot|dabi|zsübe,zsot|bonip|dabi|zsübe|kávler|murak|girda,1,6.1478,13.6615,zsot dabi zsübe,256304.5331,,,,,,Ab-SBJ-N4-HIDE-INTR.mp4,Ab|N4|HIDE,Ab|JUMP|N4|HIDE|GO|N2|REVEAL,zsot dabi zsübe,zsot|dabi|zsübe,zsot|bonip|dabi|zsübe|kávler|murak|girda,,,,,,,,,,,,,,,,,,,,,,,,,,,,,,,,,,,0,6,6,6,1,,,,,,,,,,
,,,,,,,,,,,,,,,,,,,,,,,,,2,,,787823,19870324,2026-04-30_14h06.56.509,BrocantoHPilot1WOSession2,2025.2.4,Win32,59.88023952,,,,,,,,,,,,,,,SBJ.N2 REVEAL-INTR LOC.N3,,,256305.0401,2,SBJ-N2-REVEAL-INTR-LOC-N3.mp4,N2|REVEAL|N3,N3|JUMP|PUSH|N2|REVEAL|Ab|Aa,murak|girda|zilép,zilép|bonip|vánta|murak|girda|zsot|gyék,1,7.4789,11.7279,murak girda zilép,256320.1407,,,,,,SBJ-N2-REVEAL-INTR-LOC-N3.mp4,N2|REVEAL|N3,N3|JUMP|PUSH|N2|REVEAL|Ab|Aa,murak girda zilép,murak|girda|zilép,zilép|bonip|vánta|murak|girda|zsot|gyék,,,,,,,,,,,,,,,,,,,,,,,,,,,,,,,,,,,0,7,7,7,1,,,,,,,,,,
,,,,,,,,,,,,,,,,,,,,,,,,,2,,,787823,19870324,2026-04-30_14h06.56.509,BrocantoHPilot1WOSession2,2025.2.4,Win32,59.88023952,,,,,,,,,,,,,,,OBJ.N5 SBJ.N3 PUSH-TR,,,256320.6572,2,OBJ-N5-SBJ-N3-PUSH-TR.mp4,N5|N3|PUSH,JUMP|N3|PUSH|N4|HIDE|N5|N1,timó|zilép|vánta,bonip|zilép|vánta|dabi|zsübe|timó|pekli,1,4.2967,16.9278,timó zilép vánta,256339.9019,,,,,,OBJ-N5-SBJ-N3-PUSH-TR.mp4,N5|N3|PUSH,JUMP|N3|PUSH|N4|HIDE|N5|N1,timó zilép vánta,timó|zilép|vánta,bonip|zilép|vánta|dabi|zsübe|timó|pekli,,,,,,,,,,,,,,,,,,,,,,,,,,,,,,,,,,,0,8,8,8,1,,,,,,,,,,
,,,,,,,,,,,,,,,,,,,,,,,,,2,,,787823,19870324,2026-04-30_14h06.56.509,BrocantoHPilot1WOSession2,2025.2.4,Win32,59.88023952,,,,,,,,,,,,,,,OBJ.N5 SBJ.N1 HIDE-TR LOC.N4,,,256340.4184,2,OBJ-N5-SBJ-N1-HIDE-TR-LOC-N4.mp4,N5|N1|HIDE|N4,GO|N3|N2|N4|HIDE|JUMP|N1|N5,timó|pekli|zsübe|dabi,kávler|zilép|murak|dabi|zsübe|bonip|pekli|timó,1,7.8062,22.1155,timó pekli zsübe dabi,256365.4292,,,,,,OBJ-N5-SBJ-N1-HIDE-TR-LOC-N4.mp4,N5|N1|HIDE|N4,GO|N3|N2|N4|HIDE|JUMP|N1|N5,timó pekli zsübe dabi,timó|pekli|zsübe|dabi,kávler|zilép|murak|dabi|zsübe|bonip|pekli|timó,,,,,,,,,,,,,,,,,,,,,,,,,,,,,,,,,,,0,9,9,9,1,,,,,,,,,,
,,,,,,,,,,,,,,,,,,,,,,,,,2,,,787823,19870324,2026-04-30_14h06.56.509,BrocantoHPilot1WOSession2,2025.2.4,Win32,59.88023952,,,,,,,,,,,,,,,OBJ.N5 SBJ.N2 REVEAL-TR LOC.N1,,,256365.946,2,OBJ-N5-SBJ-N2-REVEAL-TR-LOC-N1.mp4,N5|N2|REVEAL|N1,N1|PUSH|HIDE|REVEAL|N4|N5|Aa|N2,timó|murak|girda|pekli,pekli|vánta|zsübe|girda|dabi|timó|gyék|murak,1,7.2879,20.3578,timó murak girda pekli,256388.8615,,,,,,OBJ-N5-SBJ-N2-REVEAL-TR-LOC-N1.mp4,N5|N2|REVEAL|N1,N1|PUSH|HIDE|REVEAL|N4|N5|Aa|N2,timó murak girda pekli,timó|murak|girda|pekli,pekli|vánta|zsübe|girda|dabi|timó|gyék|murak,,,,,,,,,,,,,,,,,,,,,,,,,,,,,,,,,,,0,10,10,10,1,,,,,,,,,,
,,,,,,,,,,,,,,,,,,,,,,,,,2,,,787823,19870324,2026-04-30_14h06.56.509,BrocantoHPilot1WOSession2,2025.2.4,Win32,59.88023952,,,,,,,,,,,,,,,Ab OBJ.N5 SBJ.N1 PUSH-TR,,,256389.3704,2,Ab-OBJ-N5-SBJ-N1-PUSH-TR.mp4,Ab|N5|N1|PUSH,Ab|N1|HIDE|Aa|N4|REVEAL|PUSH|N5,zsot|timó|pekli|vánta,zsot|pekli|zsübe|gyék|dabi|girda|vánta|timó,1,5.0807,21.7934,zsot timó pekli vánta,256414.6917,,,,,,Ab-OBJ-N5-SBJ-N1-PUSH-TR.mp4,Ab|N5|N1|PUSH,Ab|N1|HIDE|Aa|N4|REVEAL|PUSH|N5,zsot timó pekli vánta,zsot|timó|pekli|vánta,zsot|pekli|zsübe|gyék|dabi|girda|vánta|timó,,,,,,,,,,,,,,,,,,,,,,,,,,,,,,,,,,,0,11,11,11,1,,,,,,,,,,
,,,,,,,,,,,,,,,,,,,,,,,,,2,,,787823,19870324,2026-04-30_14h06.56.509,BrocantoHPilot1WOSession2,2025.2.4,Win32,59.88023952,,,,,,,,,,,,,,,SBJ.N2 JUMP-INTR,,,256415.2013,2,SBJ-N2-JUMP-INTR.mp4,N2|JUMP,N4|HIDE|N2|Aa|GO|JUMP,murak|bonip,dabi|zsübe|murak|gyék|kávler|bonip,1,4.9623,10.5612,murak bonip,256427.8981,,,,,,SBJ-N2-JUMP-INTR.mp4,N2|JUMP,N4|HIDE|N2|Aa|GO|JUMP,murak bonip,murak|bonip,dabi|zsübe|murak|gyék|kávler|bonip,,,,,,,,,,,,,,,,,,,,,,,,,,,,,,,,,,,0,12,12,12,1,,,,,,,,,,
,,,,,,,,,,,,,,,,,,,,,,,,,2,,,787823,19870324,2026-04-30_14h06.56.509,BrocantoHPilot1WOSession2,2025.2.4,Win32,59.88023952,,,,,,,,,,,,,,,Ab SBJ.N1 GO-INTR,,,256428.4114,2,Ab-SBJ-N1-GO-INTR.mp4,Ab|N1|GO,N4|N2|Ab|HIDE|GO|N3|N1,zsot|pekli|kávler,dabi|murak|zsot|zsübe|kávler|zilép|pekli,1,5.3554,9.5367,zsot pekli kávler,256439.839,,,,,,Ab-SBJ-N1-GO-INTR.mp4,Ab|N1|GO,N4|N2|Ab|HIDE|GO|N3|N1,zsot pekli kávler,zsot|pekli|kávler,dabi|murak|zsot|zsübe|kávler|zilép|pekli,,,,,,,,,,,,,,,,,,,,,,,,,,,,,,,,,,,0,13,13,13,1,,,,,,,,,,
,,,,,,,,,,,,,,,,,,,,,,,,,2,,,787823,19870324,2026-04-30_14h06.56.509,BrocantoHPilot1WOSession2,2025.2.4,Win32,59.88023952,,,,,,,,,,,,,,,OBJ.N5 Ab SBJ.N3 HIDE-TR,,,256440.3613,2,OBJ-N5-Ab-SBJ-N3-HIDE-TR.mp4,N5|Ab|N3|HIDE,N5|HIDE|JUMP|Ab|N1|PUSH|N3|GO,timó|zsot|zilép|zsübe,timó|zsübe|bonip|zsot|pekli|vánta|zilép|kávler,1,6.9427,14.6767,timó zsot zilép zsübe,256457.0488,,,,,,OBJ-N5-Ab-SBJ-N3-HIDE-TR.mp4,N5|Ab|N3|HIDE,N5|HIDE|JUMP|Ab|N1|PUSH|N3|GO,timó zsot zilép zsübe,timó|zsot|zilép|zsübe,timó|zsübe|bonip|zsot|pekli|vánta|zilép|kávler,,,,,,,,,,,,,,,,,,,,,,,,,,,,,,,,,,,0,14,14,14,1,,,,,,,,,,
,,,,,,,,,,,,,,,,,,,,,,,,,2,,,787823,19870324,2026-04-30_14h06.56.509,BrocantoHPilot1WOSession2,2025.2.4,Win32,59.88023952,,,,,,,,,,,,,,,OBJ.N5 SBJ.N2 REVEAL-TR LOC.N4,,,256457.5575,2,OBJ-N5-SBJ-N2-REVEAL-TR-LOC-N4.mp4,N5|N2|REVEAL|N4,PUSH|N5|Aa|N4|HIDE|REVEAL|GO|N2,timó|murak|girda|dabi,vánta|timó|gyék|dabi|zsübe|girda|kávler|murak,1,5.9026,20.6754,timó murak girda dabi,256480.2334,,,,,,OBJ-N5-SBJ-N2-REVEAL-TR-LOC-N4.mp4,N5|N2|REVEAL|N4,PUSH|N5|Aa|N4|HIDE|REVEAL|GO|N2,timó murak girda dabi,timó|murak|girda|dabi,vánta|timó|gyék|dabi|zsübe|girda|kávler|murak,,,,,,,,,,,,,,,,,,,,,,,,,,,,,,,,,,,0,15,15,15,1,,,,,,,,,,
,,,,,,,,,,,,,,,,,,,,,,,,,2,,,787823,19870324,2026-04-30_14h06.56.509,BrocantoHPilot1WOSession2,2025.2.4,Win32,59.88023952,,,,,,,,,,,,,,,Ab SBJ.N5 JUMP-INTR,,,256480.7664,2,Ab-SBJ-N5-JUMP-INTR.mp4,Ab|N5|JUMP,JUMP|N3|Aa|N2|N5|PUSH|Ab,zsot|timó|bonip,bonip|zilép|gyék|murak|timó|vánta|zsot,1,4.9071,14.8714,zsot timó bonip,256497.6325,,,,,,Ab-SBJ-N5-JUMP-INTR.mp4,Ab|N5|JUMP,JUMP|N3|Aa|N2|N5|PUSH|Ab,zsot timó bonip,zsot|timó|bonip,bonip|zilép|gyék|murak|timó|vánta|zsot,,,,,,,,,,,,,,,,,,,,,,,,,,,,,,,,,,,0,16,16,16,1,,,,,,,,,,
,,,,,,,,,,,,,,,,,,,,,,,,,2,,,787823,19870324,2026-04-30_14h06.56.509,BrocantoHPilot1WOSession2,2025.2.4,Win32,59.88023952,,,,,,,,,,,,,,,SBJ.N3 HIDE-INTR LOC.N5,,,256498.1482,2,SBJ-N3-HIDE-INTR-LOC-N5.mp4,N3|HIDE|N5,N5|HIDE|N3|PUSH|GO|JUMP|Ab,zilép|zsübe|timó,timó|zsübe|zilép|vánta|kávler|bonip|zsot,1,5.769,11.7499,zilép zsübe timó,256524.3973,,,,,,SBJ-N3-HIDE-INTR-LOC-N5.mp4,N3|HIDE|N5,N5|HIDE|N3|PUSH|GO|JUMP|Ab,zilép zsübe timó,zilép|zsübe|timó,timó|zsübe|zilép|vánta|kávler|bonip|zsot,,,,,,,,,,,,,,,,,,,,,,,,,,,,,,,,,,,0,17,17,17,1,,,,,,,,,,
,,,,,,,,,,,,,,,,,,,,,,,,,2,,,787823,19870324,2026-04-30_14h06.56.509,BrocantoHPilot1WOSession2,2025.2.4,Win32,59.88023952,,,,,,,,,,,,,,,SBJ.N3 GO-INTR LOC.N4,,,256524.9052,2,SBJ-N3-GO-INTR-LOC-N4.mp4,N3|GO|N4,N3|Ab|GO|N1|N5|N4|N2,zilép|kávler|dabi,zilép|zsot|kávler|pekli|timó|dabi|murak,1,6.8479,10.18,zilép kávler dabi,256537.3327,,,,,,SBJ-N3-GO-INTR-LOC-N4.mp4,N3|GO|N4,N3|Ab|GO|N1|N5|N4|N2,zilép kávler dabi,zilép|kávler|dabi,zilép|zsot|kávler|pekli|timó|dabi|murak,,,,,,,,,,,,,,,,,,,,,,,,,,,,,,,,,,,0,18,18,18,1,,,,,,,,,,
,,,,,,,,,,,,,,,,,,,,,,,,,2,,,787823,19870324,2026-04-30_14h06.56.509,BrocantoHPilot1WOSession2,2025.2.4,Win32,59.88023952,,,,,,,,,,,,,,,SBJ.N4 JUMP-INTR LOC.N3,,,256537.8547,2,SBJ-N4-JUMP-INTR-LOC-N3.mp4,N4|JUMP|N3,JUMP|N2|N3|HIDE|GO|N5|N4,dabi|bonip|zilép,bonip|murak|zilép|zsübe|kávler|timó|dabi,1,5.1124,11.4775,dabi bonip zilép,256551.358,,,,,,SBJ-N4-JUMP-INTR-LOC-N3.mp4,N4|JUMP|N3,JUMP|N2|N3|HIDE|GO|N5|N4,dabi bonip zilép,dabi|bonip|zilép,bonip|murak|zilép|zsübe|kávler|timó|dabi,,,,,,,,,,,,,,,,,,,,,,,,,,,,,,,,,,,0,19,19,19,1,,,,,,,,,,
,,,,,,,,,,,,,,,,,,,,,,,,,2,,,787823,19870324,2026-04-30_14h06.56.509,BrocantoHPilot1WOSession2,2025.2.4,Win32,59.88023952,,,,,,,,,,,,,,,OBJ.N5 SBJ.N1 PUSH-TR LOC.N3,,,256551.8651,2,OBJ-N5-SBJ-N1-PUSH-TR-LOC-N3.mp4,N5|N1|PUSH|N3,N3|PUSH|N5|N4|GO|N1|REVEAL|Aa,timó|pekli|vánta|zilép,zilép|vánta|timó|dabi|kávler|pekli|girda|gyék,1,4.5529,17.2481,timó pekli vánta zilép,256571.8818,,,,,,OBJ-N5-SBJ-N1-PUSH-TR-LOC-N3.mp4,N5|N1|PUSH|N3,N3|PUSH|N5|N4|GO|N1|REVEAL|Aa,timó pekli vánta zilép,timó|pekli|vánta|zilép,zilép|vánta|timó|dabi|kávler|pekli|girda|gyék,,,,,,,,,,,,,,,,,,,,,,,,,,,,,,,,,,,0,20,20,20,1,,,,,,,,,,
,,,,,,,,,,,,,,,,,,,,,,,,,2,,,787823,19870324,2026-04-30_14h06.56.509,BrocantoHPilot1WOSession2,2025.2.4,Win32,59.88023952,,,,,,,,,,,,,,,OBJ.N5 Ab SBJ.N1 REVEAL-TR,,,256572.3951,2,OBJ-N5-Ab-SBJ-N1-REVEAL-TR.mp4,N5|Ab|N1|REVEAL,Aa|N1|JUMP|N5|Ab|N2|REVEAL|GO,timó|zsot|pekli|girda,gyék|pekli|bonip|timó|zsot|murak|girda|kávler,0,5.8608,13.3002,zsot pekli girda timó,256590.6823,,,,,,OBJ-N5-Ab-SBJ-N1-REVEAL-TR.mp4,N5|Ab|N1|REVEAL,Aa|N1|JUMP|N5|Ab|N2|REVEAL|GO,timó zsot pekli girda,timó|zsot|pekli|girda,gyék|pekli|bonip|timó|zsot|murak|girda|kávler,,,,,,,,,,,,,,,,,,,,,,,,,,,,,,,,,,,0,21,21,21,1,,,,,,,,,,
,,,,,,,,,,,,,,,,,,,,,,,,,2,,,787823,19870324,2026-04-30_14h06.56.509,BrocantoHPilot1WOSession2,2025.2.4,Win32,59.88023952,,,,,,,,,,,,,,,Ab OBJ.N5 Ab SBJ.N1 REVEAL-TR LOC.N2,,,256591.192,2,Ab-OBJ-N5-Ab-SBJ-N1-REVEAL-TR-LOC-N2.mp4,Ab|N5|Ab|N1|REVEAL|N2,Ab|PUSH|N4|JUMP|REVEAL|N1|N5|N2|N3|Ab,zsot|timó|zsot|pekli|girda|murak,zsot|vánta|dabi|bonip|girda|pekli|timó|murak|zilép|zsot,0,5.3575,35.2857,zsot pekli zsot timó girda murak,256631.6051,,,,,,Ab-OBJ-N5-Ab-SBJ-N1-REVEAL-TR-LOC-N2.mp4,Ab|N5|Ab|N1|REVEAL|N2,Ab|PUSH|N4|JUMP|REVEAL|N1|N5|N2|N3|Ab,zsot timó zsot pekli girda murak,zsot|timó|zsot|pekli|girda|murak,zsot|vánta|dabi|bonip|girda|pekli|timó|murak|zilép|zsot,,,,,,,,,,,,,,,,,,,,,,,,,,,,,,,,,,,0,22,22,22,1,,,,,,,,,,
,,,,,,,,,,,,,,,,,,,,,,,,,2,,,787823,19870324,2026-04-30_14h06.56.509,BrocantoHPilot1WOSession2,2025.2.4,Win32,59.88023952,,,,,,,,,,,,,,,SBJ.N1 REVEAL-INTR LOC.N5,,,256632.1132,2,SBJ-N1-REVEAL-INTR-LOC-N5.mp4,N1|REVEAL|N5,GO|N5|REVEAL|Aa|PUSH|Ab|N1,pekli|girda|timó,kávler|timó|girda|gyék|vánta|zsot|pekli,1,7.6213,20.8335,pekli girda timó,256655.006,,,,,,SBJ-N1-REVEAL-INTR-LOC-N5.mp4,N1|REVEAL|N5,GO|N5|REVEAL|Aa|PUSH|Ab|N1,pekli girda timó,pekli|girda|timó,kávler|timó|girda|gyék|vánta|zsot|pekli,,,,,,,,,,,,,,,,,,,,,,,,,,,,,,,,,,,0,23,23,23,1,,,,,,,,,,
,,,,,,,,,,,,,,,,,,,,,,,,,2,,,787823,19870324,2026-04-30_14h06.56.509,BrocantoHPilot1WOSession2,2025.2.4,Win32,59.88023952,,,,,,,,,,,,,,,OBJ.N5 SBJ.N1 HIDE-TR Ab LOC.N4,,,256655.5219,2,OBJ-N5-SBJ-N1-HIDE-TR-Ab-LOC-N4.mp4,N5|N1|HIDE|Ab|N4,N1|N5|GO|PUSH|HIDE|Ab|N2|N4|N3,timó|pekli|zsübe|zsot|dabi,pekli|timó|kávler|vánta|zsübe|zsot|murak|dabi|zilép,0,6.4127,28.5408,zsot pekli timó zsübe dabi,256692.8424,,,,,,OBJ-N5-SBJ-N1-HIDE-TR-Ab-LOC-N4.mp4,N5|N1|HIDE|Ab|N4,N1|N5|GO|PUSH|HIDE|Ab|N2|N4|N3,timó pekli zsübe zsot dabi,timó|pekli|zsübe|zsot|dabi,pekli|timó|kávler|vánta|zsübe|zsot|murak|dabi|zilép,,,,,,,,,,,,,,,,,,,,,,,,,,,,,,,,,,,0,24,24,24,1,,,,,,,,,,
,,,,,,,,,,,,,,,,,,,,,,,,,2,,,787823,19870324,2026-04-30_14h06.56.509,BrocantoHPilot1WOSession2,2025.2.4,Win32,59.88023952,,,,,,,,,,,,,,,Ab SBJ.N1 REVEAL-INTR LOC.N5,,,256693.3538,2,Ab-SBJ-N1-REVEAL-INTR-LOC-N5.mp4,Ab|N1|REVEAL|N5,GO|REVEAL|HIDE|Aa|N4|N5|N1|Ab,zsot|pekli|girda|timó,kávler|girda|zsübe|gyék|dabi|timó|pekli|zsot,0,6.822,22.4009,pekli girda timó,256720.6157,,,,,,Ab-SBJ-N1-REVEAL-INTR-LOC-N5.mp4,Ab|N1|REVEAL|N5,GO|REVEAL|HIDE|Aa|N4|N5|N1|Ab,zsot pekli girda timó,zsot|pekli|girda|timó,kávler|girda|zsübe|gyék|dabi|timó|pekli|zsot,,,,,,,,,,,,,,,,,,,,,,,,,,,,,,,,,,,0,25,25,25,1,,,,,,,,,,
,,,,,,,,,,,,,,,,,,,,,,,,,2,,,787823,19870324,2026-04-30_14h06.56.509,BrocantoHPilot1WOSession2,2025.2.4,Win32,59.88023952,,,,,,,,,,,,,,,OBJ.N5 Ab SBJ.N4 REVEAL-TR Ab LOC.N1,,,256721.125,2,OBJ-N5-Ab-SBJ-N4-REVEAL-TR-Ab-LOC-N1.mp4,N5|Ab|N4|REVEAL|Ab|N1,PUSH|REVEAL|N2|Aa|Ab|N4|Ab|N5|N1|GO,timó|zsot|dabi|girda|zsot|pekli,vánta|girda|murak|gyék|zsot|dabi|zsot|timó|pekli|kávler,0,5.5481,21.7773,zsot dabi timó girda pekli,256747.5859,,,,,,OBJ-N5-Ab-SBJ-N4-REVEAL-TR-Ab-LOC-N1.mp4,N5|Ab|N4|REVEAL|Ab|N1,PUSH|REVEAL|N2|Aa|Ab|N4|Ab|N5|N1|GO,timó zsot dabi girda zsot pekli,timó|zsot|dabi|girda|zsot|pekli,vánta|girda|murak|gyék|zsot|dabi|zsot|timó|pekli|kávler,,,,,,,,,,,,,,,,,,,,,,,,,,,,,,,,,,,0,26,26,26,1,,,,,,,,,,
,,,,,,,,,,,,,,,,,,,,,,,,,2,,,787823,19870324,2026-04-30_14h06.56.509,BrocantoHPilot1WOSession2,2025.2.4,Win32,59.88023952,,,,,,,,,,,,,,,Ab SBJ.N2 REVEAL-INTR LOC.N3,,,256748.104,2,Ab-SBJ-N2-REVEAL-INTR-LOC-N3.mp4,Ab|N2|REVEAL|N3,Ab|HIDE|GO|REVEAL|N4|N3|Aa|N2,zsot|murak|girda|zilép,zsot|zsübe|kávler|girda|dabi|zilép|gyék|murak,1,6.0241,21.4043,zsot murak girda zilép,256771.4866,,,,,,Ab-SBJ-N2-REVEAL-INTR-LOC-N3.mp4,Ab|N2|REVEAL|N3,Ab|HIDE|GO|REVEAL|N4|N3|Aa|N2,zsot murak girda zilép,zsot|murak|girda|zilép,zsot|zsübe|kávler|girda|dabi|zilép|gyék|murak,,,,,,,,,,,,,,,,,,,,,,,,,,,,,,,,,,,0,27,27,27,1,,,,,,,,,,
,,,,,,,,,,,,,,,,,,,,,,,,,2,,,787823,19870324,2026-04-30_14h06.56.509,BrocantoHPilot1WOSession2,2025.2.4,Win32,59.88023952,,,,,,,,,,,,,,,OBJ.N5 SBJ.N1 PUSH-TR,,,256771.9962,2,OBJ-N5-SBJ-N1-PUSH-TR.mp4,N5|N1|PUSH,Ab|PUSH|N5|N1|Aa|HIDE|N3,timó|pekli|vánta,zsot|vánta|timó|pekli|gyék|zsübe|zilép,0,4.7462,18.9759,timó zsot pekli vánta,256798.5547,,,,,,OBJ-N5-SBJ-N1-PUSH-TR.mp4,N5|N1|PUSH,Ab|PUSH|N5|N1|Aa|HIDE|N3,timó pekli vánta,timó|pekli|vánta,zsot|vánta|timó|pekli|gyék|zsübe|zilép,,,,,,,,,,,,,,,,,,,,,,,,,,,,,,,,,,,0,28,28,28,1,,,,,,,,,,
,,,,,,,,,,,,,,,,,,,,,,,,,2,,,787823,19870324,2026-04-30_14h06.56.509,BrocantoHPilot1WOSession2,2025.2.4,Win32,59.88023952,,,,,,,,,,,,,,,SBJ.N2 GO-INTR,,,256799.0747,2,SBJ-N2-GO-INTR.mp4,N2|GO,N2|JUMP|PUSH|REVEAL|GO|N3,murak|kávler,murak|bonip|vánta|girda|kávler|zilép,1,6.121,10.2196,murak kávler,256812.3448,,,,,,SBJ-N2-GO-INTR.mp4,N2|GO,N2|JUMP|PUSH|REVEAL|GO|N3,murak kávler,murak|kávler,murak|bonip|vánta|girda|kávler|zilép,,,,,,,,,,,,,,,,,,,,,,,,,,,,,,,,,,,0,29,29,29,1,,,,,,,,,,
,,,,,,,,,,,,,,,,,,,,,,,,,2,,,787823,19870324,2026-04-30_14h06.56.509,BrocantoHPilot1WOSession2,2025.2.4,Win32,59.88023952,,,,,,,,,,,,,,,OBJ.N5 SBJ.N3 HIDE-TR LOC.N1,,,256812.8523,2,OBJ-N5-SBJ-N3-HIDE-TR-LOC-N1.mp4,N5|N3|HIDE|N1,HIDE|GO|N1|JUMP|N5|N2|N3|REVEAL,timó|zilép|zsübe|pekli,zsübe|kávler|pekli|bonip|timó|murak|zilép|girda,1,6.5211,19.7514,timó zilép zsübe pekli,256834.8581,,,,,,OBJ-N5-SBJ-N3-HIDE-TR-LOC-N1.mp4,N5|N3|HIDE|N1,HIDE|GO|N1|JUMP|N5|N2|N3|REVEAL,timó zilép zsübe pekli,timó|zilép|zsübe|pekli,zsübe|kávler|pekli|bonip|timó|murak|zilép|girda,,,,,,,,,,,,,,,,,,,,,,,,,,,,,,,,,,,0,30,30,30,1,,,,,,,,,,
,,,,,,,,,,,,,,,,,,,,,,,,,2,,,787823,19870324,2026-04-30_14h06.56.509,BrocantoHPilot1WOSession2,2025.2.4,Win32,59.88023952,,,,,,,,,,,,,,,Ab OBJ.N5 Aa SBJ.N5 REVEAL-TR,,,256835.3641,2,Ab-OBJ-N5-Aa-SBJ-N5-REVEAL-TR.mp4,Ab|N5|Aa|N5|REVEAL,REVEAL|Aa|HIDE|N3|N4|N2|Ab|N5|N5,zsot|timó|gyék|timó|girda,girda|gyék|zsübe|zilép|dabi|murak|zsot|timó|timó,0,5.596,23.4591,gyék timó zsot timó girda,256864.2967,,,,,,Ab-OBJ-N5-Aa-SBJ-N5-REVEAL-TR.mp4,Ab|N5|Aa|N5|REVEAL,REVEAL|Aa|HIDE|N3|N4|N2|Ab|N5|N5,zsot timó gyék timó girda,zsot|timó|gyék|timó|girda,girda|gyék|zsübe|zilép|dabi|murak|zsot|timó|timó,,,,,,,,,,,,,,,,,,,,,,,,,,,,,,,,,,,0,31,31,31,1,,,,,,,,,,
,,,,,,,,,,,,,,,,,,,,,,,,,2,,,787823,19870324,2026-04-30_14h06.56.509,BrocantoHPilot1WOSession2,2025.2.4,Win32,59.88023952,,,,,,,,,,,,,,,Ab SBJ.N1 HIDE-INTR,,,256864.8085,2,Ab-SBJ-N1-HIDE-INTR.mp4,Ab|N1|HIDE,Ab|HIDE|Aa|N2|N3|N1|N5,zsot|pekli|zsübe,zsot|zsübe|gyék|murak|zilép|pekli|timó,1,5.2962,8.8629,zsot pekli zsübe,256878.4663,,,,,,Ab-SBJ-N1-HIDE-INTR.mp4,Ab|N1|HIDE,Ab|HIDE|Aa|N2|N3|N1|N5,zsot pekli zsübe,zsot|pekli|zsübe,zsot|zsübe|gyék|murak|zilép|pekli|timó,,,,,,,,,,,,,,,,,,,,,,,,,,,,,,,,,,,0,32,32,32,1,,,,,,,,,,
,,,,,,,,,,,,,,,,,,,,,,,,,2,,,787823,19870324,2026-04-30_14h06.56.509,BrocantoHPilot1WOSession2,2025.2.4,Win32,59.88023952,,,,,,,,,,,,,,,OBJ.N5 SBJ.N4 PUSH-TR,,,256878.9845,2,OBJ-N5-SBJ-N4-PUSH-TR.mp4,N5|N4|PUSH,N4|JUMP|Aa|PUSH|GO|N1|N5,timó|dabi|vánta,dabi|bonip|gyék|vánta|kávler|pekli|timó,1,4.8649,8.3809,timó dabi vánta,256890.4057,,,,,,OBJ-N5-SBJ-N4-PUSH-TR.mp4,N5|N4|PUSH,N4|JUMP|Aa|PUSH|GO|N1|N5,timó dabi vánta,timó|dabi|vánta,dabi|bonip|gyék|vánta|kávler|pekli|timó,,,,,,,,,,,,,,,,,,,,,,,,,,,,,,,,,,,0,33,33,33,1,,,,,,,,,,
,,,,,,,,,,,,,,,,,,,,,,,,,2,,,787823,19870324,2026-04-30_14h06.56.509,BrocantoHPilot1WOSession2,2025.2.4,Win32,59.88023952,,,,,,,,,,,,,,,Ab OBJ.N5 Ab SBJ.N3 HIDE-TR Ab LOC.N1,,,256890.9167,2,Ab-OBJ-N5-Ab-SBJ-N3-HIDE-TR-Ab-LOC-N1.mp4,Ab|N5|Ab|N3|HIDE|Ab|N1,N3|Ab|N1|REVEAL|PUSH|N5|GO|Ab|HIDE|JUMP|Ab,zsot|timó|zsot|zilép|zsübe|zsot|pekli,zilép|zsot|pekli|girda|vánta|timó|kávler|zsot|zsübe|bonip|zsot,0,4.9575,53.2051,zsot timó zsot zilép girda pekli,256952.411,,,,,,Ab-OBJ-N5-Ab-SBJ-N3-HIDE-TR-Ab-LOC-N1.mp4,Ab|N5|Ab|N3|HIDE|Ab|N1,N3|Ab|N1|REVEAL|PUSH|N5|GO|Ab|HIDE|JUMP|Ab,zsot timó zsot zilép zsübe zsot pekli,zsot|timó|zsot|zilép|zsübe|zsot|pekli,zilép|zsot|pekli|girda|vánta|timó|kávler|zsot|zsübe|bonip|zsot,,,,,,,,,,,,,,,,,,,,,,,,,,,,,,,,,,,0,34,34,34,1,,,,,,,,,,
,,,,,,,,,,,,,,,,,,,,,,,,,2,,,787823,19870324,2026-04-30_14h06.56.509,BrocantoHPilot1WOSession2,2025.2.4,Win32,59.88023952,,,,,,,,,,,,,,,Ab SBJ.N3 JUMP-INTR,,,256952.9187,2,Ab-SBJ-N3-JUMP-INTR.mp4,Ab|N3|JUMP,PUSH|REVEAL|N3|N1|JUMP|Ab|Aa,zsot|zilép|bonip,vánta|girda|zilép|pekli|bonip|zsot|gyék,1,6.4382,17.5948,zsot zilép bonip,256972.9868,,,,,,Ab-SBJ-N3-JUMP-INTR.mp4,Ab|N3|JUMP,PUSH|REVEAL|N3|N1|JUMP|Ab|Aa,zsot zilép bonip,zsot|zilép|bonip,vánta|girda|zilép|pekli|bonip|zsot|gyék,,,,,,,,,,,,,,,,,,,,,,,,,,,,,,,,,,,0,35,35,35,1,,,,,,,,,,
,,,,,,,,,,,,,,,,,,,,,,,,,2,,,787823,19870324,2026-04-30_14h06.56.509,BrocantoHPilot1WOSession2,2025.2.4,Win32,59.88023952,,,,,,,,,,,,,,,SBJ.N5 GO-INTR,,,256973.4968,2,SBJ-N5-GO-INTR.mp4,N5|GO,Ab|N2|JUMP|N4|N5|GO,timó|kávler,zsot|murak|bonip|dabi|timó|kávler,1,5.6302,9.4962,timó kávler,256985.406,,,,,,SBJ-N5-GO-INTR.mp4,N5|GO,Ab|N2|JUMP|N4|N5|GO,timó kávler,timó|kávler,zsot|murak|bonip|dabi|timó|kávler,,,,,,,,,,,,,,,,,,,,,,,,,,,,,,,,,,,0,36,36,36,1,,,,,,,,,,
,,,,,,,,,,,,,,,,,,,,,,,,,2,,,787823,19870324,2026-04-30_14h06.56.509,BrocantoHPilot1WOSession2,2025.2.4,Win32,59.88023952,,,,,,,,,,,,,,,Aa SBJ.N2 HIDE-INTR Ab LOC.N5,,,256985.9111,2,Aa-SBJ-N2-HIDE-INTR-Ab-LOC-N5.mp4,Aa|N2|HIDE|Ab|N5,N4|Aa|PUSH|JUMP|Ab|N2|N5|N3|HIDE,gyék|murak|zsübe|zsot|timó,dabi|gyék|vánta|bonip|zsot|murak|timó|zilép|zsübe,0,6.8975,23.9814,murak zsübe zsot timó,257015.65,,,,,,Aa-SBJ-N2-HIDE-INTR-Ab-LOC-N5.mp4,Aa|N2|HIDE|Ab|N5,N4|Aa|PUSH|JUMP|Ab|N2|N5|N3|HIDE,gyék murak zsübe zsot timó,gyék|murak|zsübe|zsot|timó,dabi|gyék|vánta|bonip|zsot|murak|timó|zilép|zsübe,,,,,,,,,,,,,,,,,,,,,,,,,,,,,,,,,,,0,37,37,37,1,,,,,,,,,,
,,,,,,,,,,,,,,,,,,,,,,,,,2,,,787823,19870324,2026-04-30_14h06.56.509,BrocantoHPilot1WOSession2,2025.2.4,Win32,59.88023952,,,,,,,,,,,,,,,Ab SBJ.N1 JUMP-INTR Aa LOC.N4,,,257016.166,2,Ab-SBJ-N1-JUMP-INTR-Aa-LOC-N4.mp4,Ab|N1|JUMP|Aa|N4,Aa|N1|N3|JUMP|Ab|GO|N4|N2|REVEAL,zsot|pekli|bonip|gyék|dabi,gyék|pekli|zilép|bonip|zsot|kávler|dabi|murak|girda,0,6.4144,38.9736,zsot pekli gyék dabi bonip,257063.1421,,,,,,Ab-SBJ-N1-JUMP-INTR-Aa-LOC-N4.mp4,Ab|N1|JUMP|Aa|N4,Aa|N1|N3|JUMP|Ab|GO|N4|N2|REVEAL,zsot pekli bonip gyék dabi,zsot|pekli|bonip|gyék|dabi,gyék|pekli|zilép|bonip|zsot|kávler|dabi|murak|girda,,,,,,,,,,,,,,,,,,,,,,,,,,,,,,,,,,,0,38,38,38,1,,,,,,,,,,
,,,,,,,,,,,,,,,,,,,,,,,,,2,,,787823,19870324,2026-04-30_14h06.56.509,BrocantoHPilot1WOSession2,2025.2.4,Win32,59.88023952,,,,,,,,,,,,,,,Aa SBJ.N1 JUMP-INTR LOC.N4,,,257063.6569,2,Aa-SBJ-N1-JUMP-INTR-LOC-N4.mp4,Aa|N1|JUMP|N4,GO|N4|N1|Ab|HIDE|JUMP|Aa|PUSH,gyék|pekli|bonip|dabi,kávler|dabi|pekli|zsot|zsübe|bonip|gyék|vánta,0,5.1543,28.4407,pekli dabi bonip,257094.9503,,,,,,Aa-SBJ-N1-JUMP-INTR-LOC-N4.mp4,Aa|N1|JUMP|N4,GO|N4|N1|Ab|HIDE|JUMP|Aa|PUSH,gyék pekli bonip dabi,gyék|pekli|bonip|dabi,kávler|dabi|pekli|zsot|zsübe|bonip|gyék|vánta,,,,,,,,,,,,,,,,,,,,,,,,,,,,,,,,,,,0,39,39,39,1,,,,,,,,,,
,,,,,,,,,,,,,,,,,,,,,,,,,2,,,787823,19870324,2026-04-30_14h06.56.509,BrocantoHPilot1WOSession2,2025.2.4,Win32,59.88023952,,,,,,,,,,,,,,,OBJ.N5 SBJ.N4 PUSH-TR Ab LOC.N3,,,257095.4676,2,OBJ-N5-SBJ-N4-PUSH-TR-Ab-LOC-N3.mp4,N5|N4|PUSH|Ab|N3,Ab|Aa|N3|GO|HIDE|N4|PUSH|N5|N2,timó|dabi|vánta|zsot|zilép,zsot|gyék|zilép|kávler|zsübe|dabi|vánta|timó|murak,0,5.299,31.2578,gyék timó zsot dabi vánta,257153.9785,,,,,,OBJ-N5-SBJ-N4-PUSH-TR-Ab-LOC-N3.mp4,N5|N4|PUSH|Ab|N3,Ab|Aa|N3|GO|HIDE|N4|PUSH|N5|N2,timó dabi vánta zsot zilép,timó|dabi|vánta|zsot|zilép,zsot|gyék|zilép|kávler|zsübe|dabi|vánta|timó|murak,,,,,,,,,,,,,,,,,,,,,,,,,,,,,,,,,,,0,40,40,40,1,,,,,,,,,,
,,,,,,,,,,,,,,,,,,,,,,,,,2,,,787823,19870324,2026-04-30_14h06.56.509,BrocantoHPilot1WOSession2,2025.2.4,Win32,59.88023952,,,,,,,,,,,,,,,Ab OBJ.N5 Ab SBJ.N1 REVEAL-TR,,,257154.4864,2,Ab-OBJ-N5-Ab-SBJ-N1-REVEAL-TR.mp4,Ab|N5|Ab|N1|REVEAL,Aa|JUMP|PUSH|Ab|REVEAL|N1|Ab|N5|HIDE,zsot|timó|zsot|pekli|girda,gyék|bonip|vánta|zsot|girda|pekli|zsot|timó|zsübe,0,5.9876,21.8597,zsot pekli zsot timó girda,257181.7265,,,,,,Ab-OBJ-N5-Ab-SBJ-N1-REVEAL-TR.mp4,Ab|N5|Ab|N1|REVEAL,Aa|JUMP|PUSH|Ab|REVEAL|N1|Ab|N5|HIDE,zsot timó zsot pekli girda,zsot|timó|zsot|pekli|girda,gyék|bonip|vánta|zsot|girda|pekli|zsot|timó|zsübe,,,,,,,,,,,,,,,,,,,,,,,,,,,,,,,,,,,0,41,41,41,1,,,,,,,,,,
,,,,,,,,,,,,,,,,,,,,,,,,,2,,,787823,19870324,2026-04-30_14h06.56.509,BrocantoHPilot1WOSession2,2025.2.4,Win32,59.88023952,,,,,,,,,,,,,,,,,,,,,,,,,,,,,,,,,,,,,,,,,257191.3403,chunkTest_s2,0,2,REVEAL-GO.mp3,0,1.4788,6,1,3.5011,5.0329,257197.2976,,,,,,REVEAL-GO.mp3,0,,,,,,,,,,,,,,,,,,,,,0,0,0,19,1,,,,,
,,,,,,,,,,,,,,,,,,,,,,,,,2,,,787823,19870324,2026-04-30_14h06.56.509,BrocantoHPilot1WOSession2,2025.2.4,Win32,59.88023952,,,,,,,,,,,,,,,,,,,,,,,,,,,,,,,,,,,,,,,,,257197.8055,chunkTest_s2,1,2,PUSH-N2.mp3,6,2.5984,1,1,4.2222,9.6516,257208.4207,,,,,,PUSH-N2.mp3,6,,,,,,,,,,,,,,,,,,,,,0,1,1,16,1,,,,,
,,,,,,,,,,,,,,,,,,,,,,,,,2,,,787823,19870324,2026-04-30_14h06.56.509,BrocantoHPilot1WOSession2,2025.2.4,Win32,59.88023952,,,,,,,,,,,,,,,,,,,,,,,,,,,,,,,,,,,,,,,,,257208.936,chunkTest_s2,2,2,PUSH-N4.mp3,6,1.1134,1,1,2.5222,4.029,257213.7835,,,,,,PUSH-N4.mp3,6,,,,,,,,,,,,,,,,,,,,,0,2,2,15,1,,,,,
,,,,,,,,,,,,,,,,,,,,,,,,,2,,,787823,19870324,2026-04-30_14h06.56.509,BrocantoHPilot1WOSession2,2025.2.4,Win32,59.88023952,,,,,,,,,,,,,,,,,,,,,,,,,,,,,,,,,,,,,,,,,257214.2858,chunkTest_s2,3,2,JUMP-N4.mp3,2,0.9564,1,1,2.7589,4.1605,257219.2676,,,,,,JUMP-N4.mp3,2,,,,,,,,,,,,,,,,,,,,,0,3,3,13,1,,,,,
,,,,,,,,,,,,,,,,,,,,,,,,,2,,,787823,19870324,2026-04-30_14h06.56.509,BrocantoHPilot1WOSession2,2025.2.4,Win32,59.88023952,,,,,,,,,,,,,,,,,,,,,,,,,,,,,,,,,,,,,,,,,257219.7831,chunkTest_s2,4,2,JUMP-REVEAL.mp3,0,1.0892,1,1,4.1052,7.7658,257228.4463,,,,,,JUMP-REVEAL.mp3,0,,,,,,,,,,,,,,,,,,,,,0,4,4,7,1,,,,,
,,,,,,,,,,,,,,,,,,,,,,,,,2,,,787823,19870324,2026-04-30_14h06.56.509,BrocantoHPilot1WOSession2,2025.2.4,Win32,59.88023952,,,,,,,,,,,,,,,,,,,,,,,,,,,,,,,,,,,,,,,,,257228.9644,chunkTest_s2,5,2,N3-N5.mp3,0,1.0135,2,1,3.0796,5.0901,257234.8089,,,,,,N3-N5.mp3,0,,,,,,,,,,,,,,,,,,,,,0,5,5,6,1,,,,,
,,,,,,,,,,,,,,,,,,,,,,,,,2,,,787823,19870324,2026-04-30_14h06.56.509,BrocantoHPilot1WOSession2,2025.2.4,Win32,59.88023952,,,,,,,,,,,,,,,,,,,,,,,,,,,,,,,,,,,,,,,,,257235.3131,chunkTest_s2,6,2,N3-HIDE.mp3,16,1.0363,6,1,2.7113,5.5791,257241.6328,,,,,,N3-HIDE.mp3,16,,,,,,,,,,,,,,,,,,,,,0,6,6,8,1,,,,,
,,,,,,,,,,,,,,,,,,,,,,,,,2,,,787823,19870324,2026-04-30_14h06.56.509,BrocantoHPilot1WOSession2,2025.2.4,Win32,59.88023952,,,,,,,,,,,,,,,,,,,,,,,,,,,,,,,,,,,,,,,,,257242.1535,chunkTest_s2,7,2,PUSH-HIDE.mp3,0,1.1241,1,1,2.9416,4.9496,257247.8361,,,,,,PUSH-HIDE.mp3,0,,,,,,,,,,,,,,,,,,,,,0,7,7,1,1,,,,,
,,,,,,,,,,,,,,,,,,,,,,,,,2,,,787823,19870324,2026-04-30_14h06.56.509,BrocantoHPilot1WOSession2,2025.2.4,Win32,59.88023952,,,,,,,,,,,,,,,,,,,,,,,,,,,,,,,,,,,,,,,,,257248.3434,chunkTest_s2,8,2,JUMP-N2.mp3,3,0.8707,1,1,2.6715,4.7082,257253.7652,,,,,,JUMP-N2.mp3,3,,,,,,,,,,,,,,,,,,,,,0,8,8,10,1,,,,,
,,,,,,,,,,,,,,,,,,,,,,,,,2,,,787823,19870324,2026-04-30_14h06.56.509,BrocantoHPilot1WOSession2,2025.2.4,Win32,59.88023952,,,,,,,,,,,,,,,,,,,,,,,,,,,,,,,,,,,,,,,,,257254.2803,chunkTest_s2,9,2,GO-N1.mp3,1,0.6848,1,1,2.6853,3.0404,257258.1529,,,,,,GO-N1.mp3,1,,,,,,,,,,,,,,,,,,,,,0,9,9,11,1,,,,,
,,,,,,,,,,,,,,,,,,,,,,,,,2,,,787823,19870324,2026-04-30_14h06.56.509,BrocantoHPilot1WOSession2,2025.2.4,Win32,59.88023952,,,,,,,,,,,,,,,,,,,,,,,,,,,,,,,,,,,,,,,,,257258.6575,chunkTest_s2,10,2,N4-N1.mp3,0,0.5636,2,1,2.4395,5.3622,257265.0153,,,,,,N4-N1.mp3,0,,,,,,,,,,,,,,,,,,,,,0,10,10,18,1,,,,,
,,,,,,,,,,,,,,,,,,,,,,,,,2,,,787823,19870324,2026-04-30_14h06.56.509,BrocantoHPilot1WOSession2,2025.2.4,Win32,59.88023952,,,,,,,,,,,,,,,,,,,,,,,,,,,,,,,,,,,,,,,,,257265.5222,chunkTest_s2,11,2,N3-GO.mp3,6,1.2049,6,1,3.4752,5.1901,257271.3963,,,,,,N3-GO.mp3,6,,,,,,,,,,,,,,,,,,,,,0,11,11,12,1,,,,,
,,,,,,,,,,,,,,,,,,,,,,,,,2,,,787823,19870324,2026-04-30_14h06.56.509,BrocantoHPilot1WOSession2,2025.2.4,Win32,59.88023952,,,,,,,,,,,,,,,,,,,,,,,,,,,,,,,,,,,,,,,,,257271.9115,chunkTest_s2,12,2,HIDE-HIDE.mp3,0,0.8251,1,1,2.5849,3.4139,257276.1485,,,,,,HIDE-HIDE.mp3,0,,,,,,,,,,,,,,,,,,,,,0,12,12,2,1,,,,,
,,,,,,,,,,,,,,,,,,,,,,,,,2,,,787823,19870324,2026-04-30_14h06.56.509,BrocantoHPilot1WOSession2,2025.2.4,Win32,59.88023952,,,,,,,,,,,,,,,,,,,,,,,,,,,,,,,,,,,,,,,,,257276.6548,chunkTest_s2,13,2,GO-N3.mp3,2,0.8185,1,1,2.8899,7.3192,257285.0981,,,,,,GO-N3.mp3,2,,,,,,,,,,,,,,,,,,,,,0,13,13,9,1,,,,,
,,,,,,,,,,,,,,,,,,,,,,,,,2,,,787823,19870324,2026-04-30_14h06.56.509,BrocantoHPilot1WOSession2,2025.2.4,Win32,59.88023952,,,,,,,,,,,,,,,,,,,,,,,,,,,,,,,,,,,,,,,,,257285.6077,chunkTest_s2,14,2,HIDE-Aa.mp3,1,3.0773,1,3,6.1793,8.5363,257294.9252,,,,,,HIDE-Aa.mp3,1,,,,,,,,,,,,,,,,,,,,,0,14,14,4,1,,,,,
,,,,,,,,,,,,,,,,,,,,,,,,,2,,,787823,19870324,2026-04-30_14h06.56.509,BrocantoHPilot1WOSession2,2025.2.4,Win32,59.88023952,,,,,,,,,,,,,,,,,,,,,,,,,,,,,,,,,,,,,,,,,257295.432,chunkTest_s2,15,2,N2-N4.mp3,0,0.5131,2,1,2.1526,3.3273,257301.3281,,,,,,N2-N4.mp3,0,,,,,,,,,,,,,,,,,,,,,0,15,15,5,1,,,,,
,,,,,,,,,,,,,,,,,,,,,,,,,2,,,787823,19870324,2026-04-30_14h06.56.509,BrocantoHPilot1WOSession2,2025.2.4,Win32,59.88023952,,,,,,,,,,,,,,,,,,,,,,,,,,,,,,,,,,,,,,,,,257301.8309,chunkTest_s2,16,2,N1-N4.mp3,0,0.9214,2,1,2.5827,6.9455,257309.5699,,,,,,N1-N4.mp3,0,,,,,,,,,,,,,,,,,,,,,0,16,16,3,1,,,,,
,,,,,,,,,,,,,,,,,,,,,,,,,2,,,787823,19870324,2026-04-30_14h06.56.509,BrocantoHPilot1WOSession2,2025.2.4,Win32,59.88023952,,,,,,,,,,,,,,,,,,,,,,,,,,,,,,,,,,,,,,,,,257310.0781,chunkTest_s2,17,2,N1-N5.mp3,0,1.403,2,1,3.1504,3.5914,257314.6883,,,,,,N1-N5.mp3,0,,,,,,,,,,,,,,,,,,,,,0,17,17,0,1,,,,,
,,,,,,,,,,,,,,,,,,,,,,,,,2,,,787823,19870324,2026-04-30_14h06.56.509,BrocantoHPilot1WOSession2,2025.2.4,Win32,59.88023952,,,,,,,,,,,,,,,,,,,,,,,,,,,,,,,,,,,,,,,,,257315.1938,chunkTest_s2,18,2,HIDE-GO.mp3,0,1.9756,1,2,5.054,9.0949,257325.1577,,,,,,HIDE-GO.mp3,0,,,,,,,,,,,,,,,,,,,,,0,18,18,17,1,,,,,
,,,,,,,,,,,,,,,,,,,,,,,,,2,,,787823,19870324,2026-04-30_14h06.56.509,BrocantoHPilot1WOSession2,2025.2.4,Win32,59.88023952,,,,,,,,,,,,,,,,,,,,,,,,,,,,,,,,,,,,,,,,,257325.6753,chunkTest_s2,19,2,N2-REVEAL.mp3,16,0.9422,6,1,2.6028,6.5689,257333.3894,,,,,,N2-REVEAL.mp3,16,,,,,,,,,,,,,,,,,,,,,0,19,19,14,1,,,,,
,,,,,,,,,,,,,,,,,,,,,,,,,2,,,787823,19870324,2026-04-30_14h06.56.509,BrocantoHPilot1WOSession2,2025.2.4,Win32,59.88023952,,,,,,,,,,,,,,,,,,,,,,,,,,,,,,,,,,,,,,,,,257342.9139,GJTest_s2,0,2,Aa-SBJ-N4-JUMP-INTR.mp3,0,3.7626,6,1,5.787,9.306,257352.9037,,,,,,Aa-SBJ-N4-JUMP-INTR.mp3,0,,,,,,,,,,,,,,,,,,,,,,,,,,0,0,0,6,1
,,,,,,,,,,,,,,,,,,,,,,,,,2,,,787823,19870324,2026-04-30_14h06.56.509,BrocantoHPilot1WOSession2,2025.2.4,Win32,59.88023952,,,,,,,,,,,,,,,,,,,,,,,,,,,,,,,,,,,,,,,,,257353.4185,GJTest_s2,1,2,OBJ-N1-SBJ-N5-JUMP-INTR.mp3,,1.0987,6,1,3.4517,8.388,257362.4442,,,,,,OBJ-N1-SBJ-N5-JUMP-INTR.mp3,,,,,,,,,,,,,,,,,,,,,,,,,,,0,1,1,13,1
,,,,,,,,,,,,,,,,,,,,,,,,,2,,,787823,19870324,2026-04-30_14h06.56.509,BrocantoHPilot1WOSession2,2025.2.4,Win32,59.88023952,,,,,,,,,,,,,,,,,,,,,,,,,,,,,,,,,,,,,,,,,257362.9485,GJTest_s2,2,2,OBJ-N5-SBJ-N2-Ab-HIDE-TR-Ab-LOC-N1-LOC-N3.mp3,,15.8287,1,2,10.4072,26.1204,257389.8899,,,,,,OBJ-N5-SBJ-N2-Ab-HIDE-TR-Ab-LOC-N1-LOC-N3.mp3,,,,,,,,,,,,,,,,,,,,,,,,,,,0,2,2,15,1
,,,,,,,,,,,,,,,,,,,,,,,,,2,,,787823,19870324,2026-04-30_14h06.56.509,BrocantoHPilot1WOSession2,2025.2.4,Win32,59.88023952,,,,,,,,,,,,,,,,,,,,,,,,,,,,,,,,,,,,,,,,,257390.3928,GJTest_s2,3,2,OBJ-N5-SBJ-N1-HIDE-TR-LOC-N2.mp3,6,0.8286,6,1,3.7184,5.1274,257396.2143,,,,,,OBJ-N5-SBJ-N1-HIDE-TR-LOC-N2.mp3,6,,,,,,,,,,,,,,,,,,,,,,,,,,0,3,3,2,1
,,,,,,,,,,,,,,,,,,,,,,,,,2,,,787823,19870324,2026-04-30_14h06.56.509,BrocantoHPilot1WOSession2,2025.2.4,Win32,59.88023952,,,,,,,,,,,,,,,,,,,,,,,,,,,,,,,,,,,,,,,,,257396.7235,GJTest_s2,4,2,Ab-OBJ-N4-SBJ-N3-REVEAL-TR-Aa-LOC-N5.mp3,0,1.1778,4,1,5.1407,9.9207,257407.3053,,,,,,Ab-OBJ-N4-SBJ-N3-REVEAL-TR-Aa-LOC-N5.mp3,0,,,,,,,,,,,,,,,,,,,,,,,,,,0,4,4,9,1
,,,,,,,,,,,,,,,,,,,,,,,,,2,,,787823,19870324,2026-04-30_14h06.56.509,BrocantoHPilot1WOSession2,2025.2.4,Win32,59.88023952,,,,,,,,,,,,,,,,,,,,,,,,,,,,,,,,,,,,,,,,,257407.8258,GJTest_s2,5,2,OBJ-N4-Ab-SBJ-N3-REVEAL-TR-Aa-LOC-N5-LOC-N1.mp3,,8.9309,6,2,5.7649,16.3767,257424.9943,,,,,,OBJ-N4-Ab-SBJ-N3-REVEAL-TR-Aa-LOC-N5-LOC-N1.mp3,,,,,,,,,,,,,,,,,,,,,,,,,,,0,5,5,19,1
,,,,,,,,,,,,,,,,,,,,,,,,,2,,,787823,19870324,2026-04-30_14h06.56.509,BrocantoHPilot1WOSession2,2025.2.4,Win32,59.88023952,,,,,,,,,,,,,,,,,,,,,,,,,,,,,,,,,,,,,,,,,257425.5016,GJTest_s2,6,2,SBJ-N2-JUMP-INTR-LOC-N1.mp3,1,1.2354,2,1,4.3118,8.292,257434.8819,,,,,,SBJ-N2-JUMP-INTR-LOC-N1.mp3,1,,,,,,,,,,,,,,,,,,,,,,,,,,0,6,6,0,1
,,,,,,,,,,,,,,,,,,,,,,,,,2,,,787823,19870324,2026-04-30_14h06.56.509,BrocantoHPilot1WOSession2,2025.2.4,Win32,59.88023952,,,,,,,,,,,,,,,,,,,,,,,,,,,,,,,,,,,,,,,,,257435.3983,GJTest_s2,7,2,OBJ-N5-SBJ-N1-HIDE-TR-LOC-N2-LOC-N3.mp3,,1.1582,2,1,5.0397,10.5059,257446.7027,,,,,,OBJ-N5-SBJ-N1-HIDE-TR-LOC-N2-LOC-N3.mp3,,,,,,,,,,,,,,,,,,,,,,,,,,,0,7,7,12,1
,,,,,,,,,,,,,,,,,,,,,,,,,2,,,787823,19870324,2026-04-30_14h06.56.509,BrocantoHPilot1WOSession2,2025.2.4,Win32,59.88023952,,,,,,,,,,,,,,,,,,,,,,,,,,,,,,,,,,,,,,,,,257447.2117,GJTest_s2,8,2,SBJ-N1-PUSH-TR.mp3,,1.0303,6,1,2.9173,5.1875,257453.187,,,,,,SBJ-N1-PUSH-TR.mp3,,,,,,,,,,,,,,,,,,,,,,,,,,,0,8,8,14,1
,,,,,,,,,,,,,,,,,,,,,,,,,2,,,787823,19870324,2026-04-30_14h06.56.509,BrocantoHPilot1WOSession2,2025.2.4,Win32,59.88023952,,,,,,,,,,,,,,,,,,,,,,,,,,,,,,,,,,,,,,,,,257453.6963,GJTest_s2,9,2,OBJ-N1-SBJ-N4-JUMP-INTR-Aa.mp3,,0.9245,4,1,4.0134,11.5163,257465.9371,,,,,,OBJ-N1-SBJ-N4-JUMP-INTR-Aa.mp3,,,,,,,,,,,,,,,,,,,,,,,,,,,0,9,9,16,1
,,,,,,,,,,,,,,,,,,,,,,,,,2,,,787823,19870324,2026-04-30_14h06.56.509,BrocantoHPilot1WOSession2,2025.2.4,Win32,59.88023952,,,,,,,,,,,,,,,,,,,,,,,,,,,,,,,,,,,,,,,,,257466.4427,GJTest_s2,10,2,OBJ-N5-Ab-SBJ-N2-HIDE-TR-Ab-LOC-N1.mp3,0,0.8249,3,1,4.681,13.2543,257480.4637,,,,,,OBJ-N5-Ab-SBJ-N2-HIDE-TR-Ab-LOC-N1.mp3,0,,,,,,,,,,,,,,,,,,,,,,,,,,0,10,10,5,1
,,,,,,,,,,,,,,,,,,,,,,,,,2,,,787823,19870324,2026-04-30_14h06.56.509,BrocantoHPilot1WOSession2,2025.2.4,Win32,59.88023952,,,,,,,,,,,,,,,,,,,,,,,,,,,,,,,,,,,,,,,,,257480.9711,GJTest_s2,11,2,SBJ-N1-Aa-HIDE-INTR-Ab-LOC-N5-LOC-N2.mp3,,0.8405,2,1,4.6747,5.4821,257487.1884,,,,,,SBJ-N1-Aa-HIDE-INTR-Ab-LOC-N5-LOC-N2.mp3,,,,,,,,,,,,,,,,,,,,,,,,,,,0,11,11,17,1
,,,,,,,,,,,,,,,,,,,,,,,,,2,,,787823,19870324,2026-04-30_14h06.56.509,BrocantoHPilot1WOSession2,2025.2.4,Win32,59.88023952,,,,,,,,,,,,,,,,,,,,,,,,,,,,,,,,,,,,,,,,,257487.7032,GJTest_s2,12,2,OBJ-N5-SBJ-N2-HIDE-TR-Ab.mp3,,0.5983,5,1,3.2,6.5168,257494.9716,,,,,,OBJ-N5-SBJ-N2-HIDE-TR-Ab.mp3,,,,,,,,,,,,,,,,,,,,,,,,,,,0,12,12,11,1
,,,,,,,,,,,,,,,,,,,,,,,,,2,,,787823,19870324,2026-04-30_14h06.56.509,BrocantoHPilot1WOSession2,2025.2.4,Win32,59.88023952,,,,,,,,,,,,,,,,,,,,,,,,,,,,,,,,,,,,,,,,,257495.4847,GJTest_s2,13,2,OBJ-N1-SBJ-N2-Ab-GO-INTR-LOC-N4.mp3,,1.1557,2,1,5.0246,9.1468,257507.0427,,,,,,OBJ-N1-SBJ-N2-Ab-GO-INTR-LOC-N4.mp3,,,,,,,,,,,,,,,,,,,,,,,,,,,0,13,13,18,1
,,,,,,,,,,,,,,,,,,,,,,,,,2,,,787823,19870324,2026-04-30_14h06.56.509,BrocantoHPilot1WOSession2,2025.2.4,Win32,59.88023952,,,,,,,,,,,,,,,,,,,,,,,,,,,,,,,,,,,,,,,,,257507.549,GJTest_s2,14,2,JUMP-INTR-LOC-N1.mp3,,0.7663,1,1,2.6621,4.864,257513.6536,,,,,,JUMP-INTR-LOC-N1.mp3,,,,,,,,,,,,,,,,,,,,,,,,,,,0,14,14,10,1
,,,,,,,,,,,,,,,,,,,,,,,,,2,,,787823,19870324,2026-04-30_14h06.56.509,BrocantoHPilot1WOSession2,2025.2.4,Win32,59.88023952,,,,,,,,,,,,,,,,,,,,,,,,,,,,,,,,,,,,,,,,,257514.1625,GJTest_s2,15,2,SBJ-N5-JUMP-INTR.mp3,4,0.7176,6,1,2.3976,4.0377,257519.1284,,,,,,SBJ-N5-JUMP-INTR.mp3,4,,,,,,,,,,,,,,,,,,,,,,,,,,0,15,15,3,1
,,,,,,,,,,,,,,,,,,,,,,,,,2,,,787823,19870324,2026-04-30_14h06.56.509,BrocantoHPilot1WOSession2,2025.2.4,Win32,59.88023952,,,,,,,,,,,,,,,,,,,,,,,,,,,,,,,,,,,,,,,,,257519.6396,GJTest_s2,16,2,OBJ-N5-SBJ-N1-PUSH-TR.mp3,5,1.289,6,1,4.0426,9.4691,257532.6475,,,,,,OBJ-N5-SBJ-N1-PUSH-TR.mp3,5,,,,,,,,,,,,,,,,,,,,,,,,,,0,16,16,4,1
,,,,,,,,,,,,,,,,,,,,,,,,,2,,,787823,19870324,2026-04-30_14h06.56.509,BrocantoHPilot1WOSession2,2025.2.4,Win32,59.88023952,,,,,,,,,,,,,,,,,,,,,,,,,,,,,,,,,,,,,,,,,257533.1604,GJTest_s2,17,2,Ab-SBJ-N2-GO-INTR-LOC-N4.mp3,0,1.6026,6,1,5.1657,6.4815,257540.51,,,,,,Ab-SBJ-N2-GO-INTR-LOC-N4.mp3,0,,,,,,,,,,,,,,,,,,,,,,,,,,0,17,17,8,1
,,,,,,,,,,,,,,,,,,,,,,,,,2,,,787823,19870324,2026-04-30_14h06.56.509,BrocantoHPilot1WOSession2,2025.2.4,Win32,59.88023952,,,,,,,,,,,,,,,,,,,,,,,,,,,,,,,,,,,,,,,,,257541.0129,GJTest_s2,18,2,Aa-SBJ-N1-HIDE-INTR-Ab-LOC-N5.mp3,0,0.9705,5,1,4.4694,10.0997,257551.7405,,,,,,Aa-SBJ-N1-HIDE-INTR-Ab-LOC-N5.mp3,0,,,,,,,,,,,,,,,,,,,,,,,,,,0,18,18,7,1
,,,,,,,,,,,,,,,,,,,,,,,,,2,,,787823,19870324,2026-04-30_14h06.56.509,BrocantoHPilot1WOSession2,2025.2.4,Win32,59.88023952,,,,,,,,,,,,,,,,,,,,,,,,,,,,,,,,,,,,,,,,,257552.2551,GJTest_s2,19,2,Ab-OBJ-N5-SBJ-N2-HIDE-TR.mp3,3,0.8245,5,1,3.3146,8.7649,257561.6546,,,,,,Ab-OBJ-N5-SBJ-N2-HIDE-TR.mp3,3,,,,,,,,,,,,,,,,,,,,,,,,,,0,19,19,1,1
