wordLearning.exposure.itemIdx,wordLearning.exposure.pass,wordLearning.exposure.image,wordLearning.exposure.audio,wordLearning.test.started,wordLearning.test.targetIdx,wordLearning.test.targetImage,wordLearning.test.optionOrder,wordLearning.test.responseIdx,wordLearning.test.correct,wordLearning.test.streakAfter,wordLearning.test.masteredSnapshot,passiveTrial.started,passive.sessionIndex,passive.movie,passive.sound,passiveTrial.stopped,passiveSelfPaceKey.keys,passiveSelfPaceKey.rt,passiveSelfPaceKey.duration,passiveTrials_s1.thisRepN,passiveTrials_s1.thisTrialN,passiveTrials_s1.thisN,passiveTrials_s1.thisIndex,passiveTrials_s1.ran,sessionIndex,passiveMovie,passiveSound,participant,születési dátum (ÉÉÉÉ.HH.NN),date,expName,psychopyVersion,OS,frameRate,comprehensionTrial.started,comprehension.sessionIndex,comprehension.correctPosition,comprehension.response,comprehension.rt,comprehension.correct,comprehension.t_sentenceAudioEnd,comprehension.t_lastChoiceClick,comprehensionTrial.stopped,comprehensionTrials_s1.thisRepN,comprehensionTrials_s1.thisTrialN,comprehensionTrials_s1.thisN,comprehensionTrials_s1.thisIndex,comprehensionTrials_s1.ran,sentence,video_correct,video_incorrect,productionTrial.started,production.sessionIndex,production.video,production.correct_words,production.all_words,production.correct_words_form,production.all_words_form,production.correct,production.t_firstVideoEnd,production.t_lastWordClick,production.response,productionTrial.stopped,productionTrials_s1.thisRepN,productionTrials_s1.thisTrialN,productionTrials_s1.thisN,productionTrials_s1.thisIndex,productionTrials_s1.ran,video,correct_words,all_words,sentence_form,correct_words_form,all_words_form,familiarityTrial.started,familiarity.testName,familiarity.thisN,familiarity.sessionIndex,familiarity.audio,familiarity.previous_encounters,familiarity.playAttemptTime,familiarity.rating,familiarity.playClickCount,familiarity.t_audioEnd,familiarity.t_lastLikertClick,familiarityTrial.stopped,chunkTest_s1.thisRepN,chunkTest_s1.thisTrialN,chunkTest_s1.thisN,chunkTest_s1.thisIndex,chunkTest_s1.ran,audio,previous_encounters,GJTest_s1.thisRepN,GJTest_s1.thisTrialN,GJTest_s1.thisN,GJTest_s1.thisIndex,GJTest_s1.ran,passiveTrials_s2.thisRepN,passiveTrials_s2.thisTrialN,passiveTrials_s2.thisN,passiveTrials_s2.thisIndex,passiveTrials_s2.ran,comprehensionTrials_s2.thisRepN,comprehensionTrials_s2.thisTrialN,comprehensionTrials_s2.thisN,comprehensionTrials_s2.thisIndex,comprehensionTrials_s2.ran,productionTrials_s2.thisRepN,productionTrials_s2.thisTrialN,productionTrials_s2.thisN,productionTrials_s2.thisIndex,productionTrials_s2.ran
2,2,Aa-N1.png,N1.mp3,325.021,0,Aa-1.png,"1,4,6,0",0,1,5,1111111,351.172,1,SBJ-N1-GO-INTR.mp4,SBJ-N1-GO-INTR.mp3,384.077,mouse_continue,32.905,,0,0,0,0,1,1,SBJ-N1-GO-INTR.mp4,SBJ-N1-GO-INTR.mp3,ALP1105,19660429,2026-04-24_12h46.28.539,BrocantoHPilot1WOSession2,2025.2.4,Win32,59.95203837,,,,,,,,,,,,,,,,,,,,,,,,,,,,,,,,,,,,,,,,,,,,,,,,,,,,,,,,,,,,,,,,,,,,,,,,,,,,,,,
,,,,,,,,,,,,384.081,1,OBJ-N5-SBJ-N3-REVEAL-TR.mp4,OBJ-N5-SBJ-N3-REVEAL-TR.mp3,419.925,mouse_continue,35.843,,0,1,1,1,1,1,OBJ-N5-SBJ-N3-REVEAL-TR.mp4,OBJ-N5-SBJ-N3-REVEAL-TR.mp3,ALP1105,19660429,2026-04-24_12h46.28.539,BrocantoHPilot1WOSession2,2025.2.4,Win32,59.95203837,,,,,,,,,,,,,,,,,,,,,,,,,,,,,,,,,,,,,,,,,,,,,,,,,,,,,,,,,,,,,,,,,,,,,,,,,,,,,,,
,,,,,,,,,,,,419.93,1,OBJ-N5-SBJ-N2-PUSH-TR.mp4,OBJ-N5-SBJ-N2-PUSH-TR.mp3,454.871,mouse_continue,34.94,,0,2,2,2,1,1,OBJ-N5-SBJ-N2-PUSH-TR.mp4,OBJ-N5-SBJ-N2-PUSH-TR.mp3,ALP1105,19660429,2026-04-24_12h46.28.539,BrocantoHPilot1WOSession2,2025.2.4,Win32,59.95203837,,,,,,,,,,,,,,,,,,,,,,,,,,,,,,,,,,,,,,,,,,,,,,,,,,,,,,,,,,,,,,,,,,,,,,,,,,,,,,,
,,,,,,,,,,,,454.873,1,SBJ-N1-GO-INTR.mp4,SBJ-N1-GO-INTR.mp3,473.457,mouse_continue,18.584,,0,3,3,3,1,1,SBJ-N1-GO-INTR.mp4,SBJ-N1-GO-INTR.mp3,ALP1105,19660429,2026-04-24_12h46.28.539,BrocantoHPilot1WOSession2,2025.2.4,Win32,59.95203837,,,,,,,,,,,,,,,,,,,,,,,,,,,,,,,,,,,,,,,,,,,,,,,,,,,,,,,,,,,,,,,,,,,,,,,,,,,,,,,
,,,,,,,,,,,,473.46,1,OBJ-N5-SBJ-N4-HIDE-TR.mp4,OBJ-N5-SBJ-N4-HIDE-TR.mp3,513.369,mouse_continue,39.909,,0,4,4,4,1,1,OBJ-N5-SBJ-N4-HIDE-TR.mp4,OBJ-N5-SBJ-N4-HIDE-TR.mp3,ALP1105,19660429,2026-04-24_12h46.28.539,BrocantoHPilot1WOSession2,2025.2.4,Win32,59.95203837,,,,,,,,,,,,,,,,,,,,,,,,,,,,,,,,,,,,,,,,,,,,,,,,,,,,,,,,,,,,,,,,,,,,,,,,,,,,,,,
,,,,,,,,,,,,513.374,1,SBJ-N2-HIDE-INTR.mp4,SBJ-N2-HIDE-INTR.mp3,578.648,mouse_continue,65.273,,0,5,5,5,1,1,SBJ-N2-HIDE-INTR.mp4,SBJ-N2-HIDE-INTR.mp3,ALP1105,19660429,2026-04-24_12h46.28.539,BrocantoHPilot1WOSession2,2025.2.4,Win32,59.95203837,,,,,,,,,,,,,,,,,,,,,,,,,,,,,,,,,,,,,,,,,,,,,,,,,,,,,,,,,,,,,,,,,,,,,,,,,,,,,,,
,,,,,,,,,,,,578.652,1,OBJ-N5-SBJ-N3-REVEAL-TR.mp4,OBJ-N5-SBJ-N3-REVEAL-TR.mp3,594.302,mouse_continue,15.65,,0,6,6,6,1,1,OBJ-N5-SBJ-N3-REVEAL-TR.mp4,OBJ-N5-SBJ-N3-REVEAL-TR.mp3,ALP1105,19660429,2026-04-24_12h46.28.539,BrocantoHPilot1WOSession2,2025.2.4,Win32,59.95203837,,,,,,,,,,,,,,,,,,,,,,,,,,,,,,,,,,,,,,,,,,,,,,,,,,,,,,,,,,,,,,,,,,,,,,,,,,,,,,,
,,,,,,,,,,,,594.306,1,SBJ-N3-JUMP-INTR.mp4,SBJ-N3-JUMP-INTR.mp3,625.511,mouse_continue,31.205,,0,7,7,7,1,1,SBJ-N3-JUMP-INTR.mp4,SBJ-N3-JUMP-INTR.mp3,ALP1105,19660429,2026-04-24_12h46.28.539,BrocantoHPilot1WOSession2,2025.2.4,Win32,59.95203837,,,,,,,,,,,,,,,,,,,,,,,,,,,,,,,,,,,,,,,,,,,,,,,,,,,,,,,,,,,,,,,,,,,,,,,,,,,,,,,
,,,,,,,,,,,,625.516,1,SBJ-N5-REVEAL-INTR.mp4,SBJ-N5-REVEAL-INTR.mp3,657.186,mouse_continue,31.67,,0,8,8,8,1,1,SBJ-N5-REVEAL-INTR.mp4,SBJ-N5-REVEAL-INTR.mp3,ALP1105,19660429,2026-04-24_12h46.28.539,BrocantoHPilot1WOSession2,2025.2.4,Win32,59.95203837,,,,,,,,,,,,,,,,,,,,,,,,,,,,,,,,,,,,,,,,,,,,,,,,,,,,,,,,,,,,,,,,,,,,,,,,,,,,,,,
,,,,,,,,,,,,657.189,1,OBJ-N5-SBJ-N4-HIDE-TR.mp4,OBJ-N5-SBJ-N4-HIDE-TR.mp3,697.521,mouse_continue,40.332,,0,9,9,9,1,1,OBJ-N5-SBJ-N4-HIDE-TR.mp4,OBJ-N5-SBJ-N4-HIDE-TR.mp3,ALP1105,19660429,2026-04-24_12h46.28.539,BrocantoHPilot1WOSession2,2025.2.4,Win32,59.95203837,,,,,,,,,,,,,,,,,,,,,,,,,,,,,,,,,,,,,,,,,,,,,,,,,,,,,,,,,,,,,,,,,,,,,,,,,,,,,,,
,,,,,,,,,,,,697.525,1,SBJ-N3-JUMP-INTR.mp4,SBJ-N3-JUMP-INTR.mp3,716.753,mouse_continue,19.227,,0,10,10,10,1,1,SBJ-N3-JUMP-INTR.mp4,SBJ-N3-JUMP-INTR.mp3,ALP1105,19660429,2026-04-24_12h46.28.539,BrocantoHPilot1WOSession2,2025.2.4,Win32,59.95203837,,,,,,,,,,,,,,,,,,,,,,,,,,,,,,,,,,,,,,,,,,,,,,,,,,,,,,,,,,,,,,,,,,,,,,,,,,,,,,,
,,,,,,,,,,,,716.756,1,OBJ-N5-SBJ-N2-PUSH-TR.mp4,OBJ-N5-SBJ-N2-PUSH-TR.mp3,739.405,mouse_continue,22.649,,0,11,11,11,1,1,OBJ-N5-SBJ-N2-PUSH-TR.mp4,OBJ-N5-SBJ-N2-PUSH-TR.mp3,ALP1105,19660429,2026-04-24_12h46.28.539,BrocantoHPilot1WOSession2,2025.2.4,Win32,59.95203837,,,,,,,,,,,,,,,,,,,,,,,,,,,,,,,,,,,,,,,,,,,,,,,,,,,,,,,,,,,,,,,,,,,,,,,,,,,,,,,
,,,,,,,,,,,,739.407,1,OBJ-N5-SBJ-N1-HIDE-TR.mp4,OBJ-N5-SBJ-N1-HIDE-TR.mp3,788.281,mouse_continue,48.873,,0,12,12,12,1,1,OBJ-N5-SBJ-N1-HIDE-TR.mp4,OBJ-N5-SBJ-N1-HIDE-TR.mp3,ALP1105,19660429,2026-04-24_12h46.28.539,BrocantoHPilot1WOSession2,2025.2.4,Win32,59.95203837,,,,,,,,,,,,,,,,,,,,,,,,,,,,,,,,,,,,,,,,,,,,,,,,,,,,,,,,,,,,,,,,,,,,,,,,,,,,,,,
,,,,,,,,,,,,788.284,1,SBJ-N2-HIDE-INTR.mp4,SBJ-N2-HIDE-INTR.mp3,819.221,mouse_continue,30.936,,0,13,13,13,1,1,SBJ-N2-HIDE-INTR.mp4,SBJ-N2-HIDE-INTR.mp3,ALP1105,19660429,2026-04-24_12h46.28.539,BrocantoHPilot1WOSession2,2025.2.4,Win32,59.95203837,,,,,,,,,,,,,,,,,,,,,,,,,,,,,,,,,,,,,,,,,,,,,,,,,,,,,,,,,,,,,,,,,,,,,,,,,,,,,,,
,,,,,,,,,,,,819.224,1,OBJ-N5-SBJ-N2-PUSH-TR.mp4,OBJ-N5-SBJ-N2-PUSH-TR.mp3,829.545,mouse_continue,10.32,,0,14,14,14,1,1,OBJ-N5-SBJ-N2-PUSH-TR.mp4,OBJ-N5-SBJ-N2-PUSH-TR.mp3,ALP1105,19660429,2026-04-24_12h46.28.539,BrocantoHPilot1WOSession2,2025.2.4,Win32,59.95203837,,,,,,,,,,,,,,,,,,,,,,,,,,,,,,,,,,,,,,,,,,,,,,,,,,,,,,,,,,,,,,,,,,,,,,,,,,,,,,,
,,,,,,,,,,,,829.549,1,SBJ-N3-GO-INTR.mp4,SBJ-N3-GO-INTR.mp3,854.349,mouse_continue,24.799,,0,15,15,15,1,1,SBJ-N3-GO-INTR.mp4,SBJ-N3-GO-INTR.mp3,ALP1105,19660429,2026-04-24_12h46.28.539,BrocantoHPilot1WOSession2,2025.2.4,Win32,59.95203837,,,,,,,,,,,,,,,,,,,,,,,,,,,,,,,,,,,,,,,,,,,,,,,,,,,,,,,,,,,,,,,,,,,,,,,,,,,,,,,
,,,,,,,,,,,,854.35,1,SBJ-N4-REVEAL-INTR.mp4,SBJ-N4-REVEAL-INTR.mp3,881.389,mouse_continue,27.039,,0,16,16,16,1,1,SBJ-N4-REVEAL-INTR.mp4,SBJ-N4-REVEAL-INTR.mp3,ALP1105,19660429,2026-04-24_12h46.28.539,BrocantoHPilot1WOSession2,2025.2.4,Win32,59.95203837,,,,,,,,,,,,,,,,,,,,,,,,,,,,,,,,,,,,,,,,,,,,,,,,,,,,,,,,,,,,,,,,,,,,,,,,,,,,,,,
,,,,,,,,,,,,881.393,1,OBJ-N5-SBJ-N3-REVEAL-TR.mp4,OBJ-N5-SBJ-N3-REVEAL-TR.mp3,902.346,mouse_continue,20.952,,0,17,17,17,1,1,OBJ-N5-SBJ-N3-REVEAL-TR.mp4,OBJ-N5-SBJ-N3-REVEAL-TR.mp3,ALP1105,19660429,2026-04-24_12h46.28.539,BrocantoHPilot1WOSession2,2025.2.4,Win32,59.95203837,,,,,,,,,,,,,,,,,,,,,,,,,,,,,,,,,,,,,,,,,,,,,,,,,,,,,,,,,,,,,,,,,,,,,,,,,,,,,,,
,,,,,,,,,,,,902.349,1,SBJ-N5-JUMP-INTR.mp4,SBJ-N5-JUMP-INTR.mp3,913.978,mouse_continue,11.63,,0,18,18,18,1,1,SBJ-N5-JUMP-INTR.mp4,SBJ-N5-JUMP-INTR.mp3,ALP1105,19660429,2026-04-24_12h46.28.539,BrocantoHPilot1WOSession2,2025.2.4,Win32,59.95203837,,,,,,,,,,,,,,,,,,,,,,,,,,,,,,,,,,,,,,,,,,,,,,,,,,,,,,,,,,,,,,,,,,,,,,,,,,,,,,,
,,,,,,,,,,,,913.981,1,SBJ-N3-GO-INTR.mp4,SBJ-N3-GO-INTR.mp3,928.012,mouse_continue,14.03,,0,19,19,19,1,1,SBJ-N3-GO-INTR.mp4,SBJ-N3-GO-INTR.mp3,ALP1105,19660429,2026-04-24_12h46.28.539,BrocantoHPilot1WOSession2,2025.2.4,Win32,59.95203837,,,,,,,,,,,,,,,,,,,,,,,,,,,,,,,,,,,,,,,,,,,,,,,,,,,,,,,,,,,,,,,,,,,,,,,,,,,,,,,
,,,,,,,,,,,,928.016,1,OBJ-N5-SBJ-N3-REVEAL-TR.mp4,OBJ-N5-SBJ-N3-REVEAL-TR.mp3,933.917,mouse_continue,5.901,,0,20,20,20,1,1,OBJ-N5-SBJ-N3-REVEAL-TR.mp4,OBJ-N5-SBJ-N3-REVEAL-TR.mp3,ALP1105,19660429,2026-04-24_12h46.28.539,BrocantoHPilot1WOSession2,2025.2.4,Win32,59.95203837,,,,,,,,,,,,,,,,,,,,,,,,,,,,,,,,,,,,,,,,,,,,,,,,,,,,,,,,,,,,,,,,,,,,,,,,,,,,,,,
,,,,,,,,,,,,933.919,1,OBJ-N5-SBJ-N1-REVEAL-TR.mp4,OBJ-N5-SBJ-N1-REVEAL-TR.mp3,952.349,mouse_continue,18.43,,0,21,21,21,1,1,OBJ-N5-SBJ-N1-REVEAL-TR.mp4,OBJ-N5-SBJ-N1-REVEAL-TR.mp3,ALP1105,19660429,2026-04-24_12h46.28.539,BrocantoHPilot1WOSession2,2025.2.4,Win32,59.95203837,,,,,,,,,,,,,,,,,,,,,,,,,,,,,,,,,,,,,,,,,,,,,,,,,,,,,,,,,,,,,,,,,,,,,,,,,,,,,,,
,,,,,,,,,,,,952.351,1,OBJ-N5-SBJ-N2-PUSH-TR-LOC-N4.mp4,OBJ-N5-SBJ-N2-PUSH-TR-LOC-N4.mp3,967.227,mouse_continue,14.876,,0,22,22,22,1,1,OBJ-N5-SBJ-N2-PUSH-TR-LOC-N4.mp4,OBJ-N5-SBJ-N2-PUSH-TR-LOC-N4.mp3,ALP1105,19660429,2026-04-24_12h46.28.539,BrocantoHPilot1WOSession2,2025.2.4,Win32,59.95203837,,,,,,,,,,,,,,,,,,,,,,,,,,,,,,,,,,,,,,,,,,,,,,,,,,,,,,,,,,,,,,,,,,,,,,,,,,,,,,,
,,,,,,,,,,,,967.23,1,SBJ-N4-REVEAL-INTR-LOC-N5.mp4,SBJ-N4-REVEAL-INTR-LOC-N5.mp3,973.787,mouse_continue,6.557,,0,23,23,23,1,1,SBJ-N4-REVEAL-INTR-LOC-N5.mp4,SBJ-N4-REVEAL-INTR-LOC-N5.mp3,ALP1105,19660429,2026-04-24_12h46.28.539,BrocantoHPilot1WOSession2,2025.2.4,Win32,59.95203837,,,,,,,,,,,,,,,,,,,,,,,,,,,,,,,,,,,,,,,,,,,,,,,,,,,,,,,,,,,,,,,,,,,,,,,,,,,,,,,
,,,,,,,,,,,,973.789,1,OBJ-N5-SBJ-N1-HIDE-TR-LOC-N2.mp4,OBJ-N5-SBJ-N1-HIDE-TR-LOC-N2.mp3,979.691,mouse_continue,5.903,,0,24,24,24,1,1,OBJ-N5-SBJ-N1-HIDE-TR-LOC-N2.mp4,OBJ-N5-SBJ-N1-HIDE-TR-LOC-N2.mp3,ALP1105,19660429,2026-04-24_12h46.28.539,BrocantoHPilot1WOSession2,2025.2.4,Win32,59.95203837,,,,,,,,,,,,,,,,,,,,,,,,,,,,,,,,,,,,,,,,,,,,,,,,,,,,,,,,,,,,,,,,,,,,,,,,,,,,,,,
,,,,,,,,,,,,979.693,1,SBJ-N2-REVEAL-INTR-LOC-N5.mp4,SBJ-N2-REVEAL-INTR-LOC-N5.mp3,991.1,mouse_continue,11.408,,0,25,25,25,1,1,SBJ-N2-REVEAL-INTR-LOC-N5.mp4,SBJ-N2-REVEAL-INTR-LOC-N5.mp3,ALP1105,19660429,2026-04-24_12h46.28.539,BrocantoHPilot1WOSession2,2025.2.4,Win32,59.95203837,,,,,,,,,,,,,,,,,,,,,,,,,,,,,,,,,,,,,,,,,,,,,,,,,,,,,,,,,,,,,,,,,,,,,,,,,,,,,,,
,,,,,,,,,,,,991.102,1,OBJ-N5-SBJ-N1-PUSH-TR-LOC-N2.mp4,OBJ-N5-SBJ-N1-PUSH-TR-LOC-N2.mp3,1011.863,mouse_continue,20.761,,0,26,26,26,1,1,OBJ-N5-SBJ-N1-PUSH-TR-LOC-N2.mp4,OBJ-N5-SBJ-N1-PUSH-TR-LOC-N2.mp3,ALP1105,19660429,2026-04-24_12h46.28.539,BrocantoHPilot1WOSession2,2025.2.4,Win32,59.95203837,,,,,,,,,,,,,,,,,,,,,,,,,,,,,,,,,,,,,,,,,,,,,,,,,,,,,,,,,,,,,,,,,,,,,,,,,,,,,,,
,,,,,,,,,,,,1011.865,1,SBJ-N3-REVEAL-INTR-LOC-N4.mp4,SBJ-N3-REVEAL-INTR-LOC-N4.mp3,1020.368,mouse_continue,8.504,,0,27,27,27,1,1,SBJ-N3-REVEAL-INTR-LOC-N4.mp4,SBJ-N3-REVEAL-INTR-LOC-N4.mp3,ALP1105,19660429,2026-04-24_12h46.28.539,BrocantoHPilot1WOSession2,2025.2.4,Win32,59.95203837,,,,,,,,,,,,,,,,,,,,,,,,,,,,,,,,,,,,,,,,,,,,,,,,,,,,,,,,,,,,,,,,,,,,,,,,,,,,,,,
,,,,,,,,,,,,1020.37,1,OBJ-N5-SBJ-N4-HIDE-TR-LOC-N3.mp4,OBJ-N5-SBJ-N4-HIDE-TR-LOC-N3.mp3,1026.685,mouse_continue,6.316,,0,28,28,28,1,1,OBJ-N5-SBJ-N4-HIDE-TR-LOC-N3.mp4,OBJ-N5-SBJ-N4-HIDE-TR-LOC-N3.mp3,ALP1105,19660429,2026-04-24_12h46.28.539,BrocantoHPilot1WOSession2,2025.2.4,Win32,59.95203837,,,,,,,,,,,,,,,,,,,,,,,,,,,,,,,,,,,,,,,,,,,,,,,,,,,,,,,,,,,,,,,,,,,,,,,,,,,,,,,
,,,,,,,,,,,,1026.69,1,OBJ-N5-SBJ-N3-REVEAL-TR-LOC-N4.mp4,OBJ-N5-SBJ-N3-REVEAL-TR-LOC-N4.mp3,1033.67,mouse_continue,6.983,,0,29,29,29,1,1,OBJ-N5-SBJ-N3-REVEAL-TR-LOC-N4.mp4,OBJ-N5-SBJ-N3-REVEAL-TR-LOC-N4.mp3,ALP1105,19660429,2026-04-24_12h46.28.539,BrocantoHPilot1WOSession2,2025.2.4,Win32,59.95203837,,,,,,,,,,,,,,,,,,,,,,,,,,,,,,,,,,,,,,,,,,,,,,,,,,,,,,,,,,,,,,,,,,,,,,,,,,,,,,,
,,,,,,,,,,,,1033.674,1,OBJ-N5-SBJ-N2-PUSH-TR-LOC-N4.mp4,OBJ-N5-SBJ-N2-PUSH-TR-LOC-N4.mp3,1039.31,mouse_continue,5.637,,0,30,30,30,1,1,OBJ-N5-SBJ-N2-PUSH-TR-LOC-N4.mp4,OBJ-N5-SBJ-N2-PUSH-TR-LOC-N4.mp3,ALP1105,19660429,2026-04-24_12h46.28.539,BrocantoHPilot1WOSession2,2025.2.4,Win32,59.95203837,,,,,,,,,,,,,,,,,,,,,,,,,,,,,,,,,,,,,,,,,,,,,,,,,,,,,,,,,,,,,,,,,,,,,,,,,,,,,,,
,,,,,,,,,,,,1039.311,1,OBJ-N5-SBJ-N1-REVEAL-TR.mp4,OBJ-N5-SBJ-N1-REVEAL-TR.mp3,1044.939,mouse_continue,5.628,,0,31,31,31,1,1,OBJ-N5-SBJ-N1-REVEAL-TR.mp4,OBJ-N5-SBJ-N1-REVEAL-TR.mp3,ALP1105,19660429,2026-04-24_12h46.28.539,BrocantoHPilot1WOSession2,2025.2.4,Win32,59.95203837,,,,,,,,,,,,,,,,,,,,,,,,,,,,,,,,,,,,,,,,,,,,,,,,,,,,,,,,,,,,,,,,,,,,,,,,,,,,,,,
,,,,,,,,,,,,1044.941,1,OBJ-N5-SBJ-N4-HIDE-TR-LOC-N2.mp4,OBJ-N5-SBJ-N4-HIDE-TR-LOC-N2.mp3,1050.512,mouse_continue,5.571,,0,32,32,32,1,1,OBJ-N5-SBJ-N4-HIDE-TR-LOC-N2.mp4,OBJ-N5-SBJ-N4-HIDE-TR-LOC-N2.mp3,ALP1105,19660429,2026-04-24_12h46.28.539,BrocantoHPilot1WOSession2,2025.2.4,Win32,59.95203837,,,,,,,,,,,,,,,,,,,,,,,,,,,,,,,,,,,,,,,,,,,,,,,,,,,,,,,,,,,,,,,,,,,,,,,,,,,,,,,
,,,,,,,,,,,,1050.515,1,SBJ-N5-JUMP-INTR.mp4,SBJ-N5-JUMP-INTR.mp3,1057.11,mouse_continue,6.597,,0,33,33,33,1,1,SBJ-N5-JUMP-INTR.mp4,SBJ-N5-JUMP-INTR.mp3,ALP1105,19660429,2026-04-24_12h46.28.539,BrocantoHPilot1WOSession2,2025.2.4,Win32,59.95203837,,,,,,,,,,,,,,,,,,,,,,,,,,,,,,,,,,,,,,,,,,,,,,,,,,,,,,,,,,,,,,,,,,,,,,,,,,,,,,,
,,,,,,,,,,,,1057.111,1,Aa-SBJ-N5-HIDE-INTR.mp4,Aa-SBJ-N5-HIDE-INTR.mp3,1067.993,mouse_continue,10.881,,0,34,34,34,1,1,Aa-SBJ-N5-HIDE-INTR.mp4,Aa-SBJ-N5-HIDE-INTR.mp3,ALP1105,19660429,2026-04-24_12h46.28.539,BrocantoHPilot1WOSession2,2025.2.4,Win32,59.95203837,,,,,,,,,,,,,,,,,,,,,,,,,,,,,,,,,,,,,,,,,,,,,,,,,,,,,,,,,,,,,,,,,,,,,,,,,,,,,,,
,,,,,,,,,,,,1067.997,1,SBJ-N5-GO-INTR-LOC-N3.mp4,SBJ-N5-GO-INTR-LOC-N3.mp3,1073.613,mouse_continue,5.617,,0,35,35,35,1,1,SBJ-N5-GO-INTR-LOC-N3.mp4,SBJ-N5-GO-INTR-LOC-N3.mp3,ALP1105,19660429,2026-04-24_12h46.28.539,BrocantoHPilot1WOSession2,2025.2.4,Win32,59.95203837,,,,,,,,,,,,,,,,,,,,,,,,,,,,,,,,,,,,,,,,,,,,,,,,,,,,,,,,,,,,,,,,,,,,,,,,,,,,,,,
,,,,,,,,,,,,1073.614,1,SBJ-N2-JUMP-INTR-LOC-N1.mp4,SBJ-N2-JUMP-INTR-LOC-N1.mp3,1084.792,mouse_continue,11.178,,0,36,36,36,1,1,SBJ-N2-JUMP-INTR-LOC-N1.mp4,SBJ-N2-JUMP-INTR-LOC-N1.mp3,ALP1105,19660429,2026-04-24_12h46.28.539,BrocantoHPilot1WOSession2,2025.2.4,Win32,59.95203837,,,,,,,,,,,,,,,,,,,,,,,,,,,,,,,,,,,,,,,,,,,,,,,,,,,,,,,,,,,,,,,,,,,,,,,,,,,,,,,
,,,,,,,,,,,,1084.794,1,SBJ-N3-GO-INTR-LOC-N2.mp4,SBJ-N3-GO-INTR-LOC-N2.mp3,1090.651,mouse_continue,5.857,,0,37,37,37,1,1,SBJ-N3-GO-INTR-LOC-N2.mp4,SBJ-N3-GO-INTR-LOC-N2.mp3,ALP1105,19660429,2026-04-24_12h46.28.539,BrocantoHPilot1WOSession2,2025.2.4,Win32,59.95203837,,,,,,,,,,,,,,,,,,,,,,,,,,,,,,,,,,,,,,,,,,,,,,,,,,,,,,,,,,,,,,,,,,,,,,,,,,,,,,,
,,,,,,,,,,,,1090.653,1,SBJ-N5-HIDE-INTR-LOC-N3.mp4,SBJ-N5-HIDE-INTR-LOC-N3.mp3,1096.329,mouse_continue,5.677,,0,38,38,38,1,1,SBJ-N5-HIDE-INTR-LOC-N3.mp4,SBJ-N5-HIDE-INTR-LOC-N3.mp3,ALP1105,19660429,2026-04-24_12h46.28.539,BrocantoHPilot1WOSession2,2025.2.4,Win32,59.95203837,,,,,,,,,,,,,,,,,,,,,,,,,,,,,,,,,,,,,,,,,,,,,,,,,,,,,,,,,,,,,,,,,,,,,,,,,,,,,,,
,,,,,,,,,,,,1096.332,1,SBJ-N1-HIDE-INTR-LOC-N3.mp4,SBJ-N1-HIDE-INTR-LOC-N3.mp3,1101.999,mouse_continue,5.666,,0,39,39,39,1,1,SBJ-N1-HIDE-INTR-LOC-N3.mp4,SBJ-N1-HIDE-INTR-LOC-N3.mp3,ALP1105,19660429,2026-04-24_12h46.28.539,BrocantoHPilot1WOSession2,2025.2.4,Win32,59.95203837,,,,,,,,,,,,,,,,,,,,,,,,,,,,,,,,,,,,,,,,,,,,,,,,,,,,,,,,,,,,,,,,,,,,,,,,,,,,,,,
,,,,,,,,,,,,1102.004,1,OBJ-N5-SBJ-N4-HIDE-TR.mp4,OBJ-N5-SBJ-N4-HIDE-TR.mp3,1107.6,mouse_continue,5.595,,0,40,40,40,1,1,OBJ-N5-SBJ-N4-HIDE-TR.mp4,OBJ-N5-SBJ-N4-HIDE-TR.mp3,ALP1105,19660429,2026-04-24_12h46.28.539,BrocantoHPilot1WOSession2,2025.2.4,Win32,59.95203837,,,,,,,,,,,,,,,,,,,,,,,,,,,,,,,,,,,,,,,,,,,,,,,,,,,,,,,,,,,,,,,,,,,,,,,,,,,,,,,
,,,,,,,,,,,,1107.602,1,OBJ-N5-SBJ-N1-HIDE-TR-LOC-N2.mp4,OBJ-N5-SBJ-N1-HIDE-TR-LOC-N2.mp3,1113.244,mouse_continue,5.642,,0,41,41,41,1,1,OBJ-N5-SBJ-N1-HIDE-TR-LOC-N2.mp4,OBJ-N5-SBJ-N1-HIDE-TR-LOC-N2.mp3,ALP1105,19660429,2026-04-24_12h46.28.539,BrocantoHPilot1WOSession2,2025.2.4,Win32,59.95203837,,,,,,,,,,,,,,,,,,,,,,,,,,,,,,,,,,,,,,,,,,,,,,,,,,,,,,,,,,,,,,,,,,,,,,,,,,,,,,,
,,,,,,,,,,,,,,,,,,,,,,,,,1,,,ALP1105,19660429,2026-04-24_12h46.28.539,BrocantoHPilot1WOSession2,2025.2.4,Win32,59.95203837,1119.307,1,2,2,82.519,1,49.761,82.519,1204.07,0,0,0,0,1,OBJ-N5-SBJ-N2-HIDE-TR.mp3,OBJ-N5-SBJ-N2-HIDE-TR.mp4,OBJ-N5-SBJ-N2-REVEAL-TR.mp4,,,,,,,,,,,,,,,,,,,,,,,,,,,,,,,,,,,,,,,,,,,,,,,,,,,,,,,,,,,,,,
,,,,,,,,,,,,,,,,,,,,,,,,,1,,,ALP1105,19660429,2026-04-24_12h46.28.539,BrocantoHPilot1WOSession2,2025.2.4,Win32,59.95203837,1204.073,1,2,2,47.767,1,26.805,47.767,1254.962,0,1,1,1,1,SBJ-N5-HIDE-INTR.mp3,SBJ-N5-HIDE-INTR.mp4,SBJ-N5-GO-INTR.mp4,,,,,,,,,,,,,,,,,,,,,,,,,,,,,,,,,,,,,,,,,,,,,,,,,,,,,,,,,,,,,,
,,,,,,,,,,,,,,,,,,,,,,,,,1,,,ALP1105,19660429,2026-04-24_12h46.28.539,BrocantoHPilot1WOSession2,2025.2.4,Win32,59.95203837,1254.964,1,1,1,57.827,1,57.237,57.827,1314.933,0,2,2,2,1,SBJ-N5-JUMP-INTR.mp3,SBJ-N5-JUMP-INTR.mp4,SBJ-N5-HIDE-INTR.mp4,,,,,,,,,,,,,,,,,,,,,,,,,,,,,,,,,,,,,,,,,,,,,,,,,,,,,,,,,,,,,,
,,,,,,,,,,,,,,,,,,,,,,,,,1,,,ALP1105,19660429,2026-04-24_12h46.28.539,BrocantoHPilot1WOSession2,2025.2.4,Win32,59.95203837,1314.935,1,1,1,96.895,1,97.055,96.895,1413.81,0,3,3,3,1,OBJ-N5-SBJ-N3-REVEAL-TR.mp3,OBJ-N5-SBJ-N3-REVEAL-TR.mp4,OBJ-N3-SBJ-N5-PUSH-TR.mp4,,,,,,,,,,,,,,,,,,,,,,,,,,,,,,,,,,,,,,,,,,,,,,,,,,,,,,,,,,,,,,
,,,,,,,,,,,,,,,,,,,,,,,,,1,,,ALP1105,19660429,2026-04-24_12h46.28.539,BrocantoHPilot1WOSession2,2025.2.4,Win32,59.95203837,1413.811,1,2,1,41.938,0,23.524,41.938,1457.628,0,4,4,4,1,OBJ-N5-SBJ-N3-PUSH-TR.mp3,OBJ-N5-SBJ-N3-PUSH-TR.mp4,OBJ-N3-SBJ-N5-PUSH-TR.mp4,,,,,,,,,,,,,,,,,,,,,,,,,,,,,,,,,,,,,,,,,,,,,,,,,,,,,,,,,,,,,,
,,,,,,,,,,,,,,,,,,,,,,,,,1,,,ALP1105,19660429,2026-04-24_12h46.28.539,BrocantoHPilot1WOSession2,2025.2.4,Win32,59.95203837,1457.63,1,2,1,30.901,0,30.25,30.901,1490.486,0,5,5,5,1,SBJ-N1-HIDE-INTR.mp3,SBJ-N1-HIDE-INTR.mp4,SBJ-N1-REVEAL-INTR.mp4,,,,,,,,,,,,,,,,,,,,,,,,,,,,,,,,,,,,,,,,,,,,,,,,,,,,,,,,,,,,,,
,,,,,,,,,,,,,,,,,,,,,,,,,1,,,ALP1105,19660429,2026-04-24_12h46.28.539,BrocantoHPilot1WOSession2,2025.2.4,Win32,59.95203837,1490.488,1,2,2,61.472,1,60.046,61.472,1553.941,0,6,6,6,1,OBJ-N5-SBJ-N4-HIDE-TR.mp3,OBJ-N5-SBJ-N4-HIDE-TR.mp4,OBJ-N4-SBJ-N5-REVEAL-TR.mp4,,,,,,,,,,,,,,,,,,,,,,,,,,,,,,,,,,,,,,,,,,,,,,,,,,,,,,,,,,,,,,
,,,,,,,,,,,,,,,,,,,,,,,,,1,,,ALP1105,19660429,2026-04-24_12h46.28.539,BrocantoHPilot1WOSession2,2025.2.4,Win32,59.95203837,1553.943,1,1,1,62.456,1,48.469,62.456,1618.278,0,7,7,7,1,SBJ-N2-REVEAL-INTR.mp3,SBJ-N2-REVEAL-INTR.mp4,SBJ-N2-HIDE-INTR.mp4,,,,,,,,,,,,,,,,,,,,,,,,,,,,,,,,,,,,,,,,,,,,,,,,,,,,,,,,,,,,,,
,,,,,,,,,,,,,,,,,,,,,,,,,1,,,ALP1105,19660429,2026-04-24_12h46.28.539,BrocantoHPilot1WOSession2,2025.2.4,Win32,59.95203837,1618.281,1,1,2,47.26,0,41.142,47.26,1667.449,0,8,8,8,1,OBJ-N5-SBJ-N4-PUSH-TR.mp3,OBJ-N5-SBJ-N4-PUSH-TR.mp4,OBJ-N4-SBJ-N5-PUSH-TR.mp4,,,,,,,,,,,,,,,,,,,,,,,,,,,,,,,,,,,,,,,,,,,,,,,,,,,,,,,,,,,,,,
,,,,,,,,,,,,,,,,,,,,,,,,,1,,,ALP1105,19660429,2026-04-24_12h46.28.539,BrocantoHPilot1WOSession2,2025.2.4,Win32,59.95203837,1667.451,1,2,2,64.861,1,63.405,64.861,1734.14,0,9,9,9,1,SBJ-N1-GO-INTR.mp3,SBJ-N1-GO-INTR.mp4,SBJ-N1-HIDE-INTR.mp4,,,,,,,,,,,,,,,,,,,,,,,,,,,,,,,,,,,,,,,,,,,,,,,,,,,,,,,,,,,,,,
,,,,,,,,,,,,,,,,,,,,,,,,,1,,,ALP1105,19660429,2026-04-24_12h46.28.539,BrocantoHPilot1WOSession2,2025.2.4,Win32,59.95203837,1734.142,1,1,1,45.413,1,32.448,45.413,1781.429,0,10,10,10,1,SBJ-N4-REVEAL-INTR.mp3,SBJ-N4-REVEAL-INTR.mp4,SBJ-N4-JUMP-INTR.mp4,,,,,,,,,,,,,,,,,,,,,,,,,,,,,,,,,,,,,,,,,,,,,,,,,,,,,,,,,,,,,,
,,,,,,,,,,,,,,,,,,,,,,,,,1,,,ALP1105,19660429,2026-04-24_12h46.28.539,BrocantoHPilot1WOSession2,2025.2.4,Win32,59.95203837,1781.431,1,1,2,57.422,0,51.993,57.422,1840.763,0,11,11,11,1,OBJ-N5-SBJ-N4-REVEAL-TR.mp3,OBJ-N5-SBJ-N4-REVEAL-TR.mp4,OBJ-N4-SBJ-N5-PUSH-TR.mp4,,,,,,,,,,,,,,,,,,,,,,,,,,,,,,,,,,,,,,,,,,,,,,,,,,,,,,,,,,,,,,
,,,,,,,,,,,,,,,,,,,,,,,,,1,,,ALP1105,19660429,2026-04-24_12h46.28.539,BrocantoHPilot1WOSession2,2025.2.4,Win32,59.95203837,1840.765,1,1,1,57.459,1,52.009,57.459,1900.057,0,12,12,12,1,SBJ-N3-JUMP-INTR.mp3,SBJ-N3-JUMP-INTR.mp4,SBJ-N3-GO-INTR.mp4,,,,,,,,,,,,,,,,,,,,,,,,,,,,,,,,,,,,,,,,,,,,,,,,,,,,,,,,,,,,,,
,,,,,,,,,,,,,,,,,,,,,,,,,1,,,ALP1105,19660429,2026-04-24_12h46.28.539,BrocantoHPilot1WOSession2,2025.2.4,Win32,59.95203837,1900.061,1,1,2,74.446,0,68.032,74.446,1977.724,0,13,13,13,1,OBJ-N5-SBJ-N4-PUSH-TR.mp3,OBJ-N5-SBJ-N4-PUSH-TR.mp4,OBJ-N4-SBJ-N5-PUSH-TR.mp4,,,,,,,,,,,,,,,,,,,,,,,,,,,,,,,,,,,,,,,,,,,,,,,,,,,,,,,,,,,,,,
,,,,,,,,,,,,,,,,,,,,,,,,,1,,,ALP1105,19660429,2026-04-24_12h46.28.539,BrocantoHPilot1WOSession2,2025.2.4,Win32,59.95203837,1977.725,1,2,2,42.656,1,42.903,42.656,2022.141,0,14,14,14,1,OBJ-N5-SBJ-N4-REVEAL-TR.mp3,OBJ-N5-SBJ-N4-REVEAL-TR.mp4,OBJ-N4-SBJ-N5-HIDE-TR.mp4,,,,,,,,,,,,,,,,,,,,,,,,,,,,,,,,,,,,,,,,,,,,,,,,,,,,,,,,,,,,,,
,,,,,,,,,,,,,,,,,,,,,,,,,1,,,ALP1105,19660429,2026-04-24_12h46.28.539,BrocantoHPilot1WOSession2,2025.2.4,Win32,59.95203837,2022.143,1,2,2,40.173,1,34.638,40.173,2064.209,0,15,15,15,1,SBJ-N5-GO-INTR.mp3,SBJ-N5-GO-INTR.mp4,SBJ-N5-HIDE-INTR.mp4,,,,,,,,,,,,,,,,,,,,,,,,,,,,,,,,,,,,,,,,,,,,,,,,,,,,,,,,,,,,,,
,,,,,,,,,,,,,,,,,,,,,,,,,1,,,ALP1105,19660429,2026-04-24_12h46.28.539,BrocantoHPilot1WOSession2,2025.2.4,Win32,59.95203837,2064.212,1,1,1,37.635,1,26.978,37.635,2103.933,0,16,16,16,1,SBJ-N1-HIDE-INTR.mp3,SBJ-N1-HIDE-INTR.mp4,SBJ-N1-REVEAL-INTR.mp4,,,,,,,,,,,,,,,,,,,,,,,,,,,,,,,,,,,,,,,,,,,,,,,,,,,,,,,,,,,,,,
,,,,,,,,,,,,,,,,,,,,,,,,,1,,,ALP1105,19660429,2026-04-24_12h46.28.539,BrocantoHPilot1WOSession2,2025.2.4,Win32,59.95203837,2103.936,1,1,2,83.832,0,82.531,83.832,2189.495,0,17,17,17,1,OBJ-N5-SBJ-N3-HIDE-TR.mp3,OBJ-N5-SBJ-N3-HIDE-TR.mp4,OBJ-N3-SBJ-N5-HIDE-TR.mp4,,,,,,,,,,,,,,,,,,,,,,,,,,,,,,,,,,,,,,,,,,,,,,,,,,,,,,,,,,,,,,
,,,,,,,,,,,,,,,,,,,,,,,,,1,,,ALP1105,19660429,2026-04-24_12h46.28.539,BrocantoHPilot1WOSession2,2025.2.4,Win32,59.95203837,2189.497,1,1,1,30.859,1,29.715,30.859,2222.043,0,18,18,18,1,SBJ-N5-REVEAL-INTR.mp3,SBJ-N5-REVEAL-INTR.mp4,SBJ-N5-JUMP-INTR.mp4,,,,,,,,,,,,,,,,,,,,,,,,,,,,,,,,,,,,,,,,,,,,,,,,,,,,,,,,,,,,,,
,,,,,,,,,,,,,,,,,,,,,,,,,1,,,ALP1105,19660429,2026-04-24_12h46.28.539,BrocantoHPilot1WOSession2,2025.2.4,Win32,59.95203837,2222.046,1,2,2,27.736,1,17.287,27.736,2251.529,0,19,19,19,1,SBJ-N5-GO-INTR.mp3,SBJ-N5-GO-INTR.mp4,SBJ-N5-JUMP-INTR.mp4,,,,,,,,,,,,,,,,,,,,,,,,,,,,,,,,,,,,,,,,,,,,,,,,,,,,,,,,,,,,,,
,,,,,,,,,,,,,,,,,,,,,,,,,1,,,ALP1105,19660429,2026-04-24_12h46.28.539,BrocantoHPilot1WOSession2,2025.2.4,Win32,59.95203837,2251.531,1,2,2,36.036,1,24.298,36.036,2289.63,0,20,20,20,1,OBJ-N5-SBJ-N1-HIDE-TR.mp3,OBJ-N5-SBJ-N1-HIDE-TR.mp4,OBJ-N1-SBJ-N5-REVEAL-TR.mp4,,,,,,,,,,,,,,,,,,,,,,,,,,,,,,,,,,,,,,,,,,,,,,,,,,,,,,,,,,,,,,
,,,,,,,,,,,,,,,,,,,,,,,,,1,,,ALP1105,19660429,2026-04-24_12h46.28.539,BrocantoHPilot1WOSession2,2025.2.4,Win32,59.95203837,2289.634,1,1,1,23.406,1,23.257,23.406,2314.765,0,21,21,21,1,OBJ-N5-SBJ-N4-REVEAL-TR.mp3,OBJ-N5-SBJ-N4-REVEAL-TR.mp4,OBJ-N4-SBJ-N5-REVEAL-TR.mp4,,,,,,,,,,,,,,,,,,,,,,,,,,,,,,,,,,,,,,,,,,,,,,,,,,,,,,,,,,,,,,
,,,,,,,,,,,,,,,,,,,,,,,,,1,,,ALP1105,19660429,2026-04-24_12h46.28.539,BrocantoHPilot1WOSession2,2025.2.4,Win32,59.95203837,2314.769,1,1,1,23.741,1,19.526,23.741,2340.537,0,22,22,22,1,SBJ-N2-REVEAL-INTR-LOC-N4.mp3,SBJ-N2-REVEAL-INTR-LOC-N4.mp4,SBJ-N4-JUMP-INTR-LOC-N2.mp4,,,,,,,,,,,,,,,,,,,,,,,,,,,,,,,,,,,,,,,,,,,,,,,,,,,,,,,,,,,,,,
,,,,,,,,,,,,,,,,,,,,,,,,,1,,,ALP1105,19660429,2026-04-24_12h46.28.539,BrocantoHPilot1WOSession2,2025.2.4,Win32,59.95203837,2340.538,1,2,2,24.22,1,20.74,24.22,2366.425,0,23,23,23,1,OBJ-N5-SBJ-N4-PUSH-TR-LOC-N2.mp3,OBJ-N5-SBJ-N4-PUSH-TR-LOC-N2.mp4,OBJ-N4-SBJ-N5-PUSH-TR-LOC-N2.mp4,,,,,,,,,,,,,,,,,,,,,,,,,,,,,,,,,,,,,,,,,,,,,,,,,,,,,,,,,,,,,,
,,,,,,,,,,,,,,,,,,,,,,,,,1,,,ALP1105,19660429,2026-04-24_12h46.28.539,BrocantoHPilot1WOSession2,2025.2.4,Win32,59.95203837,2366.426,1,2,1,19.257,0,18.225,19.257,2387.763,0,24,24,24,1,OBJ-N5-SBJ-N4-HIDE-TR-LOC-N2.mp3,OBJ-N5-SBJ-N4-HIDE-TR-LOC-N2.mp4,OBJ-N5-SBJ-N2-REVEAL-TR-LOC-N4.mp4,,,,,,,,,,,,,,,,,,,,,,,,,,,,,,,,,,,,,,,,,,,,,,,,,,,,,,,,,,,,,,
,,,,,,,,,,,,,,,,,,,,,,,,,1,,,ALP1105,19660429,2026-04-24_12h46.28.539,BrocantoHPilot1WOSession2,2025.2.4,Win32,59.95203837,2387.766,1,2,2,27.66,1,17.545,27.66,2417.1,0,25,25,25,1,SBJ-N2-REVEAL-INTR-LOC-N4.mp3,SBJ-N2-REVEAL-INTR-LOC-N4.mp4,SBJ-N4-REVEAL-INTR-LOC-N2.mp4,,,,,,,,,,,,,,,,,,,,,,,,,,,,,,,,,,,,,,,,,,,,,,,,,,,,,,,,,,,,,,
,,,,,,,,,,,,,,,,,,,,,,,,,1,,,ALP1105,19660429,2026-04-24_12h46.28.539,BrocantoHPilot1WOSession2,2025.2.4,Win32,59.95203837,2417.101,1,1,1,22.199,1,18.077,22.199,2441.155,0,26,26,26,1,SBJ-N5-REVEAL-INTR-LOC-N4.mp3,SBJ-N5-REVEAL-INTR-LOC-N4.mp4,SBJ-N4-JUMP-INTR-LOC-N5.mp4,,,,,,,,,,,,,,,,,,,,,,,,,,,,,,,,,,,,,,,,,,,,,,,,,,,,,,,,,,,,,,
,,,,,,,,,,,,,,,,,,,,,,,,,1,,,ALP1105,19660429,2026-04-24_12h46.28.539,BrocantoHPilot1WOSession2,2025.2.4,Win32,59.95203837,2441.158,1,1,2,26.195,0,17.48,26.195,2469.009,0,27,27,27,1,OBJ-N5-SBJ-N4-REVEAL-TR-LOC-N1.mp3,OBJ-N5-SBJ-N4-REVEAL-TR-LOC-N1.mp4,OBJ-N4-SBJ-N5-REVEAL-TR-LOC-N1.mp4,,,,,,,,,,,,,,,,,,,,,,,,,,,,,,,,,,,,,,,,,,,,,,,,,,,,,,,,,,,,,,
,,,,,,,,,,,,,,,,,,,,,,,,,1,,,ALP1105,19660429,2026-04-24_12h46.28.539,BrocantoHPilot1WOSession2,2025.2.4,Win32,59.95203837,2469.01,1,1,1,25.661,1,23.978,25.661,2496.435,0,28,28,28,1,OBJ-N5-SBJ-N1-HIDE-TR-LOC-N2.mp3,OBJ-N5-SBJ-N1-HIDE-TR-LOC-N2.mp4,OBJ-N1-SBJ-N5-REVEAL-TR-LOC-N2.mp4,,,,,,,,,,,,,,,,,,,,,,,,,,,,,,,,,,,,,,,,,,,,,,,,,,,,,,,,,,,,,,
,,,,,,,,,,,,,,,,,,,,,,,,,1,,,ALP1105,19660429,2026-04-24_12h46.28.539,BrocantoHPilot1WOSession2,2025.2.4,Win32,59.95203837,2496.436,1,2,2,23.005,1,20.29,23.005,2521.826,0,29,29,29,1,OBJ-N5-SBJ-N2-PUSH-TR-LOC-N4.mp3,OBJ-N5-SBJ-N2-PUSH-TR-LOC-N4.mp4,OBJ-N2-SBJ-N5-PUSH-TR-LOC-N4.mp4,,,,,,,,,,,,,,,,,,,,,,,,,,,,,,,,,,,,,,,,,,,,,,,,,,,,,,,,,,,,,,
,,,,,,,,,,,,,,,,,,,,,,,,,1,,,ALP1105,19660429,2026-04-24_12h46.28.539,BrocantoHPilot1WOSession2,2025.2.4,Win32,59.95203837,2521.83,1,1,1,18.375,1,18.531,18.375,2541.919,0,30,30,30,1,OBJ-N5-SBJ-N1-REVEAL-TR-LOC-N3.mp3,OBJ-N5-SBJ-N1-REVEAL-TR-LOC-N3.mp4,OBJ-N3-SBJ-N1-HIDE-TR-LOC-N5.mp4,,,,,,,,,,,,,,,,,,,,,,,,,,,,,,,,,,,,,,,,,,,,,,,,,,,,,,,,,,,,,,
,,,,,,,,,,,,,,,,,,,,,,,,,1,,,ALP1105,19660429,2026-04-24_12h46.28.539,BrocantoHPilot1WOSession2,2025.2.4,Win32,59.95203837,2541.921,1,2,2,19.283,1,18.988,19.283,2562.934,0,31,31,31,1,SBJ-N3-GO-INTR.mp3,SBJ-N3-GO-INTR.mp4,SBJ-N3-HIDE-INTR.mp4,,,,,,,,,,,,,,,,,,,,,,,,,,,,,,,,,,,,,,,,,,,,,,,,,,,,,,,,,,,,,,
,,,,,,,,,,,,,,,,,,,,,,,,,1,,,ALP1105,19660429,2026-04-24_12h46.28.539,BrocantoHPilot1WOSession2,2025.2.4,Win32,59.95203837,2562.935,1,2,2,62.827,1,30.08,62.827,2627.474,0,32,32,32,1,OBJ-N5-SBJ-N3-PUSH-TR-LOC-N4.mp3,OBJ-N5-SBJ-N3-PUSH-TR-LOC-N4.mp4,OBJ-N4-SBJ-N3-PUSH-TR-LOC-N5.mp4,,,,,,,,,,,,,,,,,,,,,,,,,,,,,,,,,,,,,,,,,,,,,,,,,,,,,,,,,,,,,,
,,,,,,,,,,,,,,,,,,,,,,,,,1,,,ALP1105,19660429,2026-04-24_12h46.28.539,BrocantoHPilot1WOSession2,2025.2.4,Win32,59.95203837,2627.477,1,2,2,39.317,1,21.337,39.317,2669.172,0,33,33,33,1,OBJ-N5-Ab-SBJ-N1-HIDE-TR.mp3,OBJ-N5-Ab-SBJ-N1-HIDE-TR.mp4,OBJ-N5-Aa-SBJ-N1-PUSH-TR.mp4,,,,,,,,,,,,,,,,,,,,,,,,,,,,,,,,,,,,,,,,,,,,,,,,,,,,,,,,,,,,,,
,,,,,,,,,,,,,,,,,,,,,,,,,1,,,ALP1105,19660429,2026-04-24_12h46.28.539,BrocantoHPilot1WOSession2,2025.2.4,Win32,59.95203837,2669.174,1,1,1,30.275,1,27.497,30.275,2701.148,0,34,34,34,1,SBJ-N1-JUMP-INTR.mp3,SBJ-N1-JUMP-INTR.mp4,SBJ-N1-GO-INTR.mp4,,,,,,,,,,,,,,,,,,,,,,,,,,,,,,,,,,,,,,,,,,,,,,,,,,,,,,,,,,,,,,
,,,,,,,,,,,,,,,,,,,,,,,,,1,,,ALP1105,19660429,2026-04-24_12h46.28.539,BrocantoHPilot1WOSession2,2025.2.4,Win32,59.95203837,2701.149,1,2,1,46.058,0,22.776,46.058,2749.072,0,35,35,35,1,SBJ-N2-HIDE-INTR-LOC-N3.mp3,SBJ-N2-HIDE-INTR-LOC-N3.mp4,SBJ-N3-GO-INTR-LOC-N2.mp4,,,,,,,,,,,,,,,,,,,,,,,,,,,,,,,,,,,,,,,,,,,,,,,,,,,,,,,,,,,,,,
,,,,,,,,,,,,,,,,,,,,,,,,,1,,,ALP1105,19660429,2026-04-24_12h46.28.539,BrocantoHPilot1WOSession2,2025.2.4,Win32,59.95203837,2749.074,1,2,2,49.773,1,28.937,49.773,2800.761,0,36,36,36,1,SBJ-N4-HIDE-INTR-LOC-N5.mp3,SBJ-N4-HIDE-INTR-LOC-N5.mp4,SBJ-N5-HIDE-INTR-LOC-N4.mp4,,,,,,,,,,,,,,,,,,,,,,,,,,,,,,,,,,,,,,,,,,,,,,,,,,,,,,,,,,,,,,
,,,,,,,,,,,,,,,,,,,,,,,,,1,,,ALP1105,19660429,2026-04-24_12h46.28.539,BrocantoHPilot1WOSession2,2025.2.4,Win32,59.95203837,2800.764,1,2,2,22.094,1,19.972,22.094,2825.686,0,37,37,37,1,SBJ-N5-GO-INTR-LOC-N4.mp3,SBJ-N5-GO-INTR-LOC-N4.mp4,SBJ-N4-REVEAL-INTR-LOC-N5.mp4,,,,,,,,,,,,,,,,,,,,,,,,,,,,,,,,,,,,,,,,,,,,,,,,,,,,,,,,,,,,,,
,,,,,,,,,,,,,,,,,,,,,,,,,1,,,ALP1105,19660429,2026-04-24_12h46.28.539,BrocantoHPilot1WOSession2,2025.2.4,Win32,59.95203837,2825.688,1,2,2,35.469,1,15.729,35.469,2862.766,0,38,38,38,1,SBJ-N3-JUMP-INTR-LOC-N2.mp3,SBJ-N3-JUMP-INTR-LOC-N2.mp4,SBJ-N2-JUMP-INTR-LOC-N3.mp4,,,,,,,,,,,,,,,,,,,,,,,,,,,,,,,,,,,,,,,,,,,,,,,,,,,,,,,,,,,,,,
,,,,,,,,,,,,,,,,,,,,,,,,,1,,,ALP1105,19660429,2026-04-24_12h46.28.539,BrocantoHPilot1WOSession2,2025.2.4,Win32,59.95203837,2862.767,1,2,2,18.722,1,18.094,18.722,2883.116,0,39,39,39,1,SBJ-N4-JUMP-INTR-LOC-N1.mp3,SBJ-N4-JUMP-INTR-LOC-N1.mp4,SBJ-N1-REVEAL-INTR-LOC-N4.mp4,,,,,,,,,,,,,,,,,,,,,,,,,,,,,,,,,,,,,,,,,,,,,,,,,,,,,,,,,,,,,,
,,,,,,,,,,,,,,,,,,,,,,,,,1,,,ALP1105,19660429,2026-04-24_12h46.28.539,BrocantoHPilot1WOSession2,2025.2.4,Win32,59.95203837,2883.117,1,2,1,33.255,0,26.404,33.255,2918.51,0,40,40,40,1,Ab-OBJ-N5-SBJ-N2-HIDE-TR.mp3,Ab-OBJ-N5-SBJ-N2-HIDE-TR.mp4,OBJ-N2-Aa-SBJ-N5-HIDE-TR.mp4,,,,,,,,,,,,,,,,,,,,,,,,,,,,,,,,,,,,,,,,,,,,,,,,,,,,,,,,,,,,,,
,,,,,,,,,,,,,,,,,,,,,,,,,1,,,ALP1105,19660429,2026-04-24_12h46.28.539,BrocantoHPilot1WOSession2,2025.2.4,Win32,59.95203837,2918.512,1,1,2,20.76,0,19.874,20.76,2940.886,0,41,41,41,1,OBJ-N5-SBJ-N3-REVEAL-TR-LOC-N4.mp3,OBJ-N5-SBJ-N3-REVEAL-TR-LOC-N4.mp4,OBJ-N4-SBJ-N3-REVEAL-TR-LOC-N5.mp4,,,,,,,,,,,,,,,,,,,,,,,,,,,,,,,,,,,,,,,,,,,,,,,,,,,,,,,,,,,,,,
,,,,,,,,,,,,,,,,,,,,,,,,,1,,,ALP1105,19660429,2026-04-24_12h46.28.539,BrocantoHPilot1WOSession2,2025.2.4,Win32,59.95203837,,,,,,,,,,,,,,,OBJ.N5 SBJ.N4 HIDE-TR,,,2967.726,1,OBJ-N5-SBJ-N4-HIDE-TR.mp4,N5|N4|HIDE,JUMP|N5|N4|HIDE|Ab|N2|REVEAL,timó|dabi|zsübe,bonip|timó|dabi|zsübe|zsot|murak|girda,0,8.905,36.825,dabi timó,3046.774,0,0,0,0,1,OBJ-N5-SBJ-N4-HIDE-TR.mp4,N5|N4|HIDE,JUMP|N5|N4|HIDE|Ab|N2|REVEAL,timó dabi zsübe,timó|dabi|zsübe,bonip|timó|dabi|zsübe|zsot|murak|girda,,,,,,,,,,,,,,,,,,,,,,,,,,,,,,,,,,,,,,,
,,,,,,,,,,,,,,,,,,,,,,,,,1,,,ALP1105,19660429,2026-04-24_12h46.28.539,BrocantoHPilot1WOSession2,2025.2.4,Win32,59.95203837,,,,,,,,,,,,,,,SBJ.N3 JUMP-INTR,,,3047.288,1,SBJ-N3-JUMP-INTR.mp4,N3|JUMP,N2|N1|Aa|JUMP|Ab|N3,zilép|bonip,murak|pekli|gyék|bonip|zsot|zilép,1,6.941,128.465,zilép bonip,3198.401,0,1,1,1,1,SBJ-N3-JUMP-INTR.mp4,N3|JUMP,N2|N1|Aa|JUMP|Ab|N3,zilép bonip,zilép|bonip,murak|pekli|gyék|bonip|zsot|zilép,,,,,,,,,,,,,,,,,,,,,,,,,,,,,,,,,,,,,,,
,,,,,,,,,,,,,,,,,,,,,,,,,1,,,ALP1105,19660429,2026-04-24_12h46.28.539,BrocantoHPilot1WOSession2,2025.2.4,Win32,59.95203837,,,,,,,,,,,,,,,SBJ.N4 GO-INTR,,,3198.916,1,SBJ-N4-GO-INTR.mp4,N4|GO,N4|REVEAL|N2|N1|GO|JUMP,dabi|kávler,dabi|girda|murak|pekli|kávler|bonip,0,19.855,39.582,dabi bonip,3270.368,0,2,2,2,1,SBJ-N4-GO-INTR.mp4,N4|GO,N4|REVEAL|N2|N1|GO|JUMP,dabi kávler,dabi|kávler,dabi|girda|murak|pekli|kávler|bonip,,,,,,,,,,,,,,,,,,,,,,,,,,,,,,,,,,,,,,,
,,,,,,,,,,,,,,,,,,,,,,,,,1,,,ALP1105,19660429,2026-04-24_12h46.28.539,BrocantoHPilot1WOSession2,2025.2.4,Win32,59.95203837,,,,,,,,,,,,,,,OBJ.N5 SBJ.N4 PUSH-TR,,,3270.881,1,OBJ-N5-SBJ-N4-PUSH-TR.mp4,N5|N4|PUSH,N2|GO|N1|JUMP|N5|PUSH|N4,timó|dabi|vánta,murak|kávler|pekli|bonip|timó|vánta|dabi,0,11.036,34.857,dabi timó bonip,3337.496,0,3,3,3,1,OBJ-N5-SBJ-N4-PUSH-TR.mp4,N5|N4|PUSH,N2|GO|N1|JUMP|N5|PUSH|N4,timó dabi vánta,timó|dabi|vánta,murak|kávler|pekli|bonip|timó|vánta|dabi,,,,,,,,,,,,,,,,,,,,,,,,,,,,,,,,,,,,,,,
,,,,,,,,,,,,,,,,,,,,,,,,,1,,,ALP1105,19660429,2026-04-24_12h46.28.539,BrocantoHPilot1WOSession2,2025.2.4,Win32,59.95203837,,,,,,,,,,,,,,,OBJ.N5 SBJ.N3 REVEAL-TR,,,3338.011,1,OBJ-N5-SBJ-N3-REVEAL-TR.mp4,N5|N3|REVEAL,REVEAL|Ab|PUSH|N3|N5|Aa|N1,timó|zilép|girda,girda|zsot|vánta|zilép|timó|gyék|pekli,0,7.155,39.922,pekli timó girda,3393.438,0,4,4,4,1,OBJ-N5-SBJ-N3-REVEAL-TR.mp4,N5|N3|REVEAL,REVEAL|Ab|PUSH|N3|N5|Aa|N1,timó zilép girda,timó|zilép|girda,girda|zsot|vánta|zilép|timó|gyék|pekli,,,,,,,,,,,,,,,,,,,,,,,,,,,,,,,,,,,,,,,
,,,,,,,,,,,,,,,,,,,,,,,,,1,,,ALP1105,19660429,2026-04-24_12h46.28.539,BrocantoHPilot1WOSession2,2025.2.4,Win32,59.95203837,,,,,,,,,,,,,,,SBJ.N4 HIDE-INTR,,,3393.953,1,SBJ-N4-HIDE-INTR.mp4,N4|HIDE,Ab|GO|HIDE|N4|Aa|JUMP,dabi|zsübe,zsot|kávler|zsübe|dabi|gyék|bonip,0,7.109,51.314,dabi bonip,3456.763,0,5,5,5,1,SBJ-N4-HIDE-INTR.mp4,N4|HIDE,Ab|GO|HIDE|N4|Aa|JUMP,dabi zsübe,dabi|zsübe,zsot|kávler|zsübe|dabi|gyék|bonip,,,,,,,,,,,,,,,,,,,,,,,,,,,,,,,,,,,,,,,
,,,,,,,,,,,,,,,,,,,,,,,,,1,,,ALP1105,19660429,2026-04-24_12h46.28.539,BrocantoHPilot1WOSession2,2025.2.4,Win32,59.95203837,,,,,,,,,,,,,,,OBJ.N5 SBJ.N4 PUSH-TR,,,3457.273,1,OBJ-N5-SBJ-N4-PUSH-TR.mp4,N5|N4|PUSH,N5|Aa|N3|Ab|PUSH|N1|N4,timó|dabi|vánta,timó|gyék|zilép|zsot|vánta|pekli|dabi,0,6.749,41.236,dabi timó vánta,3512.433,0,6,6,6,1,OBJ-N5-SBJ-N4-PUSH-TR.mp4,N5|N4|PUSH,N5|Aa|N3|Ab|PUSH|N1|N4,timó dabi vánta,timó|dabi|vánta,timó|gyék|zilép|zsot|vánta|pekli|dabi,,,,,,,,,,,,,,,,,,,,,,,,,,,,,,,,,,,,,,,
,,,,,,,,,,,,,,,,,,,,,,,,,1,,,ALP1105,19660429,2026-04-24_12h46.28.539,BrocantoHPilot1WOSession2,2025.2.4,Win32,59.95203837,,,,,,,,,,,,,,,SBJ.N3 REVEAL-INTR,,,3512.94,1,SBJ-N3-REVEAL-INTR.mp4,N3|REVEAL,N1|N4|HIDE|N5|REVEAL|N3,zilép|girda,pekli|dabi|zsübe|timó|girda|zilép,0,4.35,12.115,pekli zsübe,3551.14,0,7,7,7,1,SBJ-N3-REVEAL-INTR.mp4,N3|REVEAL,N1|N4|HIDE|N5|REVEAL|N3,zilép girda,zilép|girda,pekli|dabi|zsübe|timó|girda|zilép,,,,,,,,,,,,,,,,,,,,,,,,,,,,,,,,,,,,,,,
,,,,,,,,,,,,,,,,,,,,,,,,,1,,,ALP1105,19660429,2026-04-24_12h46.28.539,BrocantoHPilot1WOSession2,2025.2.4,Win32,59.95203837,,,,,,,,,,,,,,,OBJ.N5 SBJ.N4 REVEAL-TR,,,3551.649,1,OBJ-N5-SBJ-N4-REVEAL-TR.mp4,N5|N4|REVEAL,Ab|JUMP|N2|REVEAL|N5|PUSH|N4,timó|dabi|girda,zsot|bonip|murak|girda|timó|vánta|dabi,0,6.443,24.765,dabi timó girda,3585.165,0,8,8,8,1,OBJ-N5-SBJ-N4-REVEAL-TR.mp4,N5|N4|REVEAL,Ab|JUMP|N2|REVEAL|N5|PUSH|N4,timó dabi girda,timó|dabi|girda,zsot|bonip|murak|girda|timó|vánta|dabi,,,,,,,,,,,,,,,,,,,,,,,,,,,,,,,,,,,,,,,
,,,,,,,,,,,,,,,,,,,,,,,,,1,,,ALP1105,19660429,2026-04-24_12h46.28.539,BrocantoHPilot1WOSession2,2025.2.4,Win32,59.95203837,,,,,,,,,,,,,,,SBJ.N3 JUMP-INTR,,,3585.68,1,SBJ-N3-JUMP-INTR.mp4,N3|JUMP,JUMP|PUSH|Aa|N3|Ab|GO,zilép|bonip,bonip|vánta|gyék|zilép|zsot|kávler,1,7.436,21.189,zilép bonip,3611.584,0,9,9,9,1,SBJ-N3-JUMP-INTR.mp4,N3|JUMP,JUMP|PUSH|Aa|N3|Ab|GO,zilép bonip,zilép|bonip,bonip|vánta|gyék|zilép|zsot|kávler,,,,,,,,,,,,,,,,,,,,,,,,,,,,,,,,,,,,,,,
,,,,,,,,,,,,,,,,,,,,,,,,,1,,,ALP1105,19660429,2026-04-24_12h46.28.539,BrocantoHPilot1WOSession2,2025.2.4,Win32,59.95203837,,,,,,,,,,,,,,,OBJ.N5 SBJ.N4 HIDE-TR,,,3612.115,1,OBJ-N5-SBJ-N4-HIDE-TR.mp4,N5|N4|HIDE,N4|N3|REVEAL|N5|HIDE|Aa|N1,timó|dabi|zsübe,dabi|zilép|girda|timó|zsübe|gyék|pekli,0,6.897,31.528,dabi timó zsübe,3650.353,0,10,10,10,1,OBJ-N5-SBJ-N4-HIDE-TR.mp4,N5|N4|HIDE,N4|N3|REVEAL|N5|HIDE|Aa|N1,timó dabi zsübe,timó|dabi|zsübe,dabi|zilép|girda|timó|zsübe|gyék|pekli,,,,,,,,,,,,,,,,,,,,,,,,,,,,,,,,,,,,,,,
,,,,,,,,,,,,,,,,,,,,,,,,,1,,,ALP1105,19660429,2026-04-24_12h46.28.539,BrocantoHPilot1WOSession2,2025.2.4,Win32,59.95203837,,,,,,,,,,,,,,,SBJ.N2 REVEAL-INTR,,,3650.865,1,SBJ-N2-REVEAL-INTR.mp4,N2|REVEAL,HIDE|N2|GO|REVEAL|PUSH|N5,murak|girda,zsübe|murak|kávler|girda|vánta|timó,0,7.574,13.647,murak zsübe,3672.366,0,11,11,11,1,SBJ-N2-REVEAL-INTR.mp4,N2|REVEAL,HIDE|N2|GO|REVEAL|PUSH|N5,murak girda,murak|girda,zsübe|murak|kávler|girda|vánta|timó,,,,,,,,,,,,,,,,,,,,,,,,,,,,,,,,,,,,,,,
,,,,,,,,,,,,,,,,,,,,,,,,,1,,,ALP1105,19660429,2026-04-24_12h46.28.539,BrocantoHPilot1WOSession2,2025.2.4,Win32,59.95203837,,,,,,,,,,,,,,,OBJ.N5 SBJ.N4 HIDE-TR,,,3672.885,1,OBJ-N5-SBJ-N4-HIDE-TR.mp4,N5|N4|HIDE,Ab|HIDE|N4|N3|N2|GO|N5,timó|dabi|zsübe,zsot|zsübe|dabi|zilép|murak|kávler|timó,0,7.107,19.815,timó dabi kávler,3700.026,0,12,12,12,1,OBJ-N5-SBJ-N4-HIDE-TR.mp4,N5|N4|HIDE,Ab|HIDE|N4|N3|N2|GO|N5,timó dabi zsübe,timó|dabi|zsübe,zsot|zsübe|dabi|zilép|murak|kávler|timó,,,,,,,,,,,,,,,,,,,,,,,,,,,,,,,,,,,,,,,
,,,,,,,,,,,,,,,,,,,,,,,,,1,,,ALP1105,19660429,2026-04-24_12h46.28.539,BrocantoHPilot1WOSession2,2025.2.4,Win32,59.95203837,,,,,,,,,,,,,,,SBJ.N1 GO-INTR,,,3700.533,1,SBJ-N1-GO-INTR.mp4,N1|GO,HIDE|N2|N1|GO|REVEAL|N3,pekli|kávler,zsübe|murak|pekli|kávler|girda|zilép,0,7.584,15.666,zilép kávler,3725.128,0,13,13,13,1,SBJ-N1-GO-INTR.mp4,N1|GO,HIDE|N2|N1|GO|REVEAL|N3,pekli kávler,pekli|kávler,zsübe|murak|pekli|kávler|girda|zilép,,,,,,,,,,,,,,,,,,,,,,,,,,,,,,,,,,,,,,,
,,,,,,,,,,,,,,,,,,,,,,,,,1,,,ALP1105,19660429,2026-04-24_12h46.28.539,BrocantoHPilot1WOSession2,2025.2.4,Win32,59.95203837,,,,,,,,,,,,,,,OBJ.N5 SBJ.N3 REVEAL-TR,,,3725.64,1,OBJ-N5-SBJ-N3-REVEAL-TR.mp4,N5|N3|REVEAL,N5|N4|REVEAL|N3|PUSH|GO|N2,timó|zilép|girda,timó|dabi|girda|zilép|vánta|kávler|murak,0,6.707,42.089,timó zilép kávler,3776.17,0,14,14,14,1,OBJ-N5-SBJ-N3-REVEAL-TR.mp4,N5|N3|REVEAL,N5|N4|REVEAL|N3|PUSH|GO|N2,timó zilép girda,timó|zilép|girda,timó|dabi|girda|zilép|vánta|kávler|murak,,,,,,,,,,,,,,,,,,,,,,,,,,,,,,,,,,,,,,,
,,,,,,,,,,,,,,,,,,,,,,,,,1,,,ALP1105,19660429,2026-04-24_12h46.28.539,BrocantoHPilot1WOSession2,2025.2.4,Win32,59.95203837,,,,,,,,,,,,,,,SBJ.N3 JUMP-INTR,,,3776.705,1,SBJ-N3-JUMP-INTR.mp4,N3|JUMP,JUMP|N2|REVEAL|N5|N3|N4,zilép|bonip,bonip|murak|girda|timó|zilép|dabi,1,6.077,17.278,zilép bonip,3797.846,0,15,15,15,1,SBJ-N3-JUMP-INTR.mp4,N3|JUMP,JUMP|N2|REVEAL|N5|N3|N4,zilép bonip,zilép|bonip,bonip|murak|girda|timó|zilép|dabi,,,,,,,,,,,,,,,,,,,,,,,,,,,,,,,,,,,,,,,
,,,,,,,,,,,,,,,,,,,,,,,,,1,,,ALP1105,19660429,2026-04-24_12h46.28.539,BrocantoHPilot1WOSession2,2025.2.4,Win32,59.95203837,,,,,,,,,,,,,,,SBJ.N4 HIDE-INTR,,,3798.354,1,SBJ-N4-HIDE-INTR.mp4,N4|HIDE,GO|N4|Ab|N1|N2|HIDE,dabi|zsübe,kávler|dabi|zsot|pekli|murak|zsübe,1,7.049,11.514,dabi zsübe,3812.907,0,16,16,16,1,SBJ-N4-HIDE-INTR.mp4,N4|HIDE,GO|N4|Ab|N1|N2|HIDE,dabi zsübe,dabi|zsübe,kávler|dabi|zsot|pekli|murak|zsübe,,,,,,,,,,,,,,,,,,,,,,,,,,,,,,,,,,,,,,,
,,,,,,,,,,,,,,,,,,,,,,,,,1,,,ALP1105,19660429,2026-04-24_12h46.28.539,BrocantoHPilot1WOSession2,2025.2.4,Win32,59.95203837,,,,,,,,,,,,,,,OBJ.N5 SBJ.N2 PUSH-TR,,,3813.422,1,OBJ-N5-SBJ-N2-PUSH-TR.mp4,N5|N2|PUSH,PUSH|N4|Ab|N1|N2|HIDE|N5,timó|murak|vánta,vánta|dabi|zsot|pekli|murak|zsübe|timó,0,5.735,17.792,murak timó vánta,3841.48,0,17,17,17,1,OBJ-N5-SBJ-N2-PUSH-TR.mp4,N5|N2|PUSH,PUSH|N4|Ab|N1|N2|HIDE|N5,timó murak vánta,timó|murak|vánta,vánta|dabi|zsot|pekli|murak|zsübe|timó,,,,,,,,,,,,,,,,,,,,,,,,,,,,,,,,,,,,,,,
,,,,,,,,,,,,,,,,,,,,,,,,,1,,,ALP1105,19660429,2026-04-24_12h46.28.539,BrocantoHPilot1WOSession2,2025.2.4,Win32,59.95203837,,,,,,,,,,,,,,,SBJ.N5 REVEAL-INTR,,,3841.985,1,SBJ-N5-REVEAL-INTR.mp4,N5|REVEAL,PUSH|N5|GO|REVEAL|JUMP|N4,timó|girda,vánta|timó|kávler|girda|bonip|dabi,0,7.942,38.762,timó bonip,3892.166,0,18,18,18,1,SBJ-N5-REVEAL-INTR.mp4,N5|REVEAL,PUSH|N5|GO|REVEAL|JUMP|N4,timó girda,timó|girda,vánta|timó|kávler|girda|bonip|dabi,,,,,,,,,,,,,,,,,,,,,,,,,,,,,,,,,,,,,,,
,,,,,,,,,,,,,,,,,,,,,,,,,1,,,ALP1105,19660429,2026-04-24_12h46.28.539,BrocantoHPilot1WOSession2,2025.2.4,Win32,59.95203837,,,,,,,,,,,,,,,SBJ.N3 HIDE-INTR,,,3892.697,1,SBJ-N3-HIDE-INTR.mp4,N3|HIDE,N2|N3|N5|HIDE|N1|N4,zilép|zsübe,murak|zilép|timó|zsübe|pekli|dabi,1,6.389,13.695,zilép zsübe,3909.564,0,19,19,19,1,SBJ-N3-HIDE-INTR.mp4,N3|HIDE,N2|N3|N5|HIDE|N1|N4,zilép zsübe,zilép|zsübe,murak|zilép|timó|zsübe|pekli|dabi,,,,,,,,,,,,,,,,,,,,,,,,,,,,,,,,,,,,,,,
,,,,,,,,,,,,,,,,,,,,,,,,,1,,,ALP1105,19660429,2026-04-24_12h46.28.539,BrocantoHPilot1WOSession2,2025.2.4,Win32,59.95203837,,,,,,,,,,,,,,,OBJ.N5 SBJ.N2 PUSH-TR,,,3910.076,1,OBJ-N5-SBJ-N2-PUSH-TR.mp4,N5|N2|PUSH,JUMP|N1|N2|N3|PUSH|Ab|N5,timó|murak|vánta,bonip|pekli|murak|zilép|vánta|zsot|timó,0,5.619,33.215,timó murak bonip,3950.084,0,20,20,20,1,OBJ-N5-SBJ-N2-PUSH-TR.mp4,N5|N2|PUSH,JUMP|N1|N2|N3|PUSH|Ab|N5,timó murak vánta,timó|murak|vánta,bonip|pekli|murak|zilép|vánta|zsot|timó,,,,,,,,,,,,,,,,,,,,,,,,,,,,,,,,,,,,,,,
,,,,,,,,,,,,,,,,,,,,,,,,,1,,,ALP1105,19660429,2026-04-24_12h46.28.539,BrocantoHPilot1WOSession2,2025.2.4,Win32,59.95203837,,,,,,,,,,,,,,,OBJ.N5 SBJ.N1 PUSH-TR,,,3950.594,1,OBJ-N5-SBJ-N1-PUSH-TR.mp4,N5|N1|PUSH,JUMP|GO|PUSH|N1|Ab|Aa|N5,timó|pekli|vánta,bonip|kávler|vánta|pekli|zsot|gyék|timó,1,5.773,25.538,timó pekli vánta,3979.265,0,21,21,21,1,OBJ-N5-SBJ-N1-PUSH-TR.mp4,N5|N1|PUSH,JUMP|GO|PUSH|N1|Ab|Aa|N5,timó pekli vánta,timó|pekli|vánta,bonip|kávler|vánta|pekli|zsot|gyék|timó,,,,,,,,,,,,,,,,,,,,,,,,,,,,,,,,,,,,,,,
,,,,,,,,,,,,,,,,,,,,,,,,,1,,,ALP1105,19660429,2026-04-24_12h46.28.539,BrocantoHPilot1WOSession2,2025.2.4,Win32,59.95203837,,,,,,,,,,,,,,,OBJ.N5 SBJ.N2 HIDE-TR LOC.N3,,,3979.768,1,OBJ-N5-SBJ-N2-HIDE-TR-LOC-N3.mp4,N5|N2|HIDE|N3,Aa|N5|N2|HIDE|N4|N1|GO|N3,timó|murak|zsübe|zilép,gyék|timó|murak|zsübe|dabi|pekli|kávler|zilép,0,7.327,24.783,murak zilép timó,4034.801,0,22,22,22,1,OBJ-N5-SBJ-N2-HIDE-TR-LOC-N3.mp4,N5|N2|HIDE|N3,Aa|N5|N2|HIDE|N4|N1|GO|N3,timó murak zsübe zilép,timó|murak|zsübe|zilép,gyék|timó|murak|zsübe|dabi|pekli|kávler|zilép,,,,,,,,,,,,,,,,,,,,,,,,,,,,,,,,,,,,,,,
,,,,,,,,,,,,,,,,,,,,,,,,,1,,,ALP1105,19660429,2026-04-24_12h46.28.539,BrocantoHPilot1WOSession2,2025.2.4,Win32,59.95203837,,,,,,,,,,,,,,,SBJ.N4 REVEAL-INTR LOC.N3,,,4035.315,1,SBJ-N4-REVEAL-INTR-LOC-N3.mp4,N4|REVEAL|N3,N2|N3|Aa|N5|PUSH|REVEAL|N4,dabi|girda|zilép,murak|zilép|gyék|timó|vánta|girda|dabi,0,6.891,28.024,dabi zilép vánta,4080.256,0,23,23,23,1,SBJ-N4-REVEAL-INTR-LOC-N3.mp4,N4|REVEAL|N3,N2|N3|Aa|N5|PUSH|REVEAL|N4,dabi girda zilép,dabi|girda|zilép,murak|zilép|gyék|timó|vánta|girda|dabi,,,,,,,,,,,,,,,,,,,,,,,,,,,,,,,,,,,,,,,
,,,,,,,,,,,,,,,,,,,,,,,,,1,,,ALP1105,19660429,2026-04-24_12h46.28.539,BrocantoHPilot1WOSession2,2025.2.4,Win32,59.95203837,,,,,,,,,,,,,,,SBJ.N4 REVEAL-INTR LOC.N3,,,4080.767,1,SBJ-N4-REVEAL-INTR-LOC-N3.mp4,N4|REVEAL|N3,HIDE|PUSH|Ab|N3|REVEAL|GO|N4,dabi|girda|zilép,zsübe|vánta|zsot|zilép|girda|kávler|dabi,0,5.76,17.173,zilép dabi zsübe,4102.163,0,24,24,24,1,SBJ-N4-REVEAL-INTR-LOC-N3.mp4,N4|REVEAL|N3,HIDE|PUSH|Ab|N3|REVEAL|GO|N4,dabi girda zilép,dabi|girda|zilép,zsübe|vánta|zsot|zilép|girda|kávler|dabi,,,,,,,,,,,,,,,,,,,,,,,,,,,,,,,,,,,,,,,
,,,,,,,,,,,,,,,,,,,,,,,,,1,,,ALP1105,19660429,2026-04-24_12h46.28.539,BrocantoHPilot1WOSession2,2025.2.4,Win32,59.95203837,,,,,,,,,,,,,,,OBJ.N5 SBJ.N1 PUSH-TR LOC.N2,,,4102.674,1,OBJ-N5-SBJ-N1-PUSH-TR-LOC-N2.mp4,N5|N1|PUSH|N2,N1|N2|HIDE|PUSH|N5|GO|REVEAL|N3,timó|pekli|vánta|murak,pekli|murak|zsübe|vánta|timó|kávler|girda|zilép,0,8.806,11.493,murak girda kávler,4117.211,0,25,25,25,1,OBJ-N5-SBJ-N1-PUSH-TR-LOC-N2.mp4,N5|N1|PUSH|N2,N1|N2|HIDE|PUSH|N5|GO|REVEAL|N3,timó pekli vánta murak,timó|pekli|vánta|murak,pekli|murak|zsübe|vánta|timó|kávler|girda|zilép,,,,,,,,,,,,,,,,,,,,,,,,,,,,,,,,,,,,,,,
,,,,,,,,,,,,,,,,,,,,,,,,,1,,,ALP1105,19660429,2026-04-24_12h46.28.539,BrocantoHPilot1WOSession2,2025.2.4,Win32,59.95203837,,,,,,,,,,,,,,,OBJ.N5 SBJ.N1 REVEAL-TR LOC.N3,,,4117.719,1,OBJ-N5-SBJ-N1-REVEAL-TR-LOC-N3.mp4,N5|N1|REVEAL|N3,N5|N3|GO|N2|HIDE|N1|JUMP|REVEAL,timó|pekli|girda|zilép,timó|zilép|kávler|murak|zsübe|pekli|bonip|girda,0,6.964,25.93,pekli zilép timó girda,4151.682,0,26,26,26,1,OBJ-N5-SBJ-N1-REVEAL-TR-LOC-N3.mp4,N5|N1|REVEAL|N3,N5|N3|GO|N2|HIDE|N1|JUMP|REVEAL,timó pekli girda zilép,timó|pekli|girda|zilép,timó|zilép|kávler|murak|zsübe|pekli|bonip|girda,,,,,,,,,,,,,,,,,,,,,,,,,,,,,,,,,,,,,,,
,,,,,,,,,,,,,,,,,,,,,,,,,1,,,ALP1105,19660429,2026-04-24_12h46.28.539,BrocantoHPilot1WOSession2,2025.2.4,Win32,59.95203837,,,,,,,,,,,,,,,SBJ.N1 REVEAL-INTR LOC.N5,,,4152.203,1,SBJ-N1-REVEAL-INTR-LOC-N5.mp4,N1|REVEAL|N5,N1|REVEAL|Ab|N4|N5|HIDE|N3,pekli|girda|timó,pekli|girda|zsot|dabi|timó|zsübe|zilép,0,7.45,17.089,zilép timó zsübe,4173.327,0,27,27,27,1,SBJ-N1-REVEAL-INTR-LOC-N5.mp4,N1|REVEAL|N5,N1|REVEAL|Ab|N4|N5|HIDE|N3,pekli girda timó,pekli|girda|timó,pekli|girda|zsot|dabi|timó|zsübe|zilép,,,,,,,,,,,,,,,,,,,,,,,,,,,,,,,,,,,,,,,
,,,,,,,,,,,,,,,,,,,,,,,,,1,,,ALP1105,19660429,2026-04-24_12h46.28.539,BrocantoHPilot1WOSession2,2025.2.4,Win32,59.95203837,,,,,,,,,,,,,,,OBJ.N5 SBJ.N2 PUSH-TR LOC.N3,,,4173.83,1,OBJ-N5-SBJ-N2-PUSH-TR-LOC-N3.mp4,N5|N2|PUSH|N3,GO|N1|REVEAL|N2|N5|Ab|PUSH|N3,timó|murak|vánta|zilép,kávler|pekli|girda|murak|timó|zsot|vánta|zilép,0,5.607,7.574,girda murak vánta,4186.506,0,28,28,28,1,OBJ-N5-SBJ-N2-PUSH-TR-LOC-N3.mp4,N5|N2|PUSH|N3,GO|N1|REVEAL|N2|N5|Ab|PUSH|N3,timó murak vánta zilép,timó|murak|vánta|zilép,kávler|pekli|girda|murak|timó|zsot|vánta|zilép,,,,,,,,,,,,,,,,,,,,,,,,,,,,,,,,,,,,,,,
,,,,,,,,,,,,,,,,,,,,,,,,,1,,,ALP1105,19660429,2026-04-24_12h46.28.539,BrocantoHPilot1WOSession2,2025.2.4,Win32,59.95203837,,,,,,,,,,,,,,,OBJ.N5 SBJ.N1 HIDE-TR LOC.N2,,,4187.022,1,OBJ-N5-SBJ-N1-HIDE-TR-LOC-N2.mp4,N5|N1|HIDE|N2,HIDE|N2|PUSH|N4|N1|JUMP|Ab|N5,timó|pekli|zsübe|murak,zsübe|murak|vánta|dabi|pekli|bonip|zsot|timó,0,6.592,12.047,pekli murak vánta,4205.278,0,29,29,29,1,OBJ-N5-SBJ-N1-HIDE-TR-LOC-N2.mp4,N5|N1|HIDE|N2,HIDE|N2|PUSH|N4|N1|JUMP|Ab|N5,timó pekli zsübe murak,timó|pekli|zsübe|murak,zsübe|murak|vánta|dabi|pekli|bonip|zsot|timó,,,,,,,,,,,,,,,,,,,,,,,,,,,,,,,,,,,,,,,
,,,,,,,,,,,,,,,,,,,,,,,,,1,,,ALP1105,19660429,2026-04-24_12h46.28.539,BrocantoHPilot1WOSession2,2025.2.4,Win32,59.95203837,,,,,,,,,,,,,,,OBJ.N5 SBJ.N2 PUSH-TR LOC.N4,,,4205.785,1,OBJ-N5-SBJ-N2-PUSH-TR-LOC-N4.mp4,N5|N2|PUSH|N4,N5|N4|REVEAL|N1|N2|GO|PUSH|N3,timó|murak|vánta|dabi,timó|dabi|girda|pekli|murak|kávler|vánta|zilép,0,6.839,22.347,dabi timó murak vánta,4239.903,0,30,30,30,1,OBJ-N5-SBJ-N2-PUSH-TR-LOC-N4.mp4,N5|N2|PUSH|N4,N5|N4|REVEAL|N1|N2|GO|PUSH|N3,timó murak vánta dabi,timó|murak|vánta|dabi,timó|dabi|girda|pekli|murak|kávler|vánta|zilép,,,,,,,,,,,,,,,,,,,,,,,,,,,,,,,,,,,,,,,
,,,,,,,,,,,,,,,,,,,,,,,,,1,,,ALP1105,19660429,2026-04-24_12h46.28.539,BrocantoHPilot1WOSession2,2025.2.4,Win32,59.95203837,,,,,,,,,,,,,,,OBJ.N5 SBJ.N3 REVEAL-TR,,,4240.429,1,OBJ-N5-SBJ-N3-REVEAL-TR.mp4,N5|N3|REVEAL,GO|Aa|REVEAL|N3|N5|N1|JUMP,timó|zilép|girda,kávler|gyék|girda|zilép|timó|pekli|bonip,0,6.812,24.134,timó girda zilép,4268.475,0,31,31,31,1,OBJ-N5-SBJ-N3-REVEAL-TR.mp4,N5|N3|REVEAL,GO|Aa|REVEAL|N3|N5|N1|JUMP,timó zilép girda,timó|zilép|girda,kávler|gyék|girda|zilép|timó|pekli|bonip,,,,,,,,,,,,,,,,,,,,,,,,,,,,,,,,,,,,,,,
,,,,,,,,,,,,,,,,,,,,,,,,,1,,,ALP1105,19660429,2026-04-24_12h46.28.539,BrocantoHPilot1WOSession2,2025.2.4,Win32,59.95203837,,,,,,,,,,,,,,,OBJ.N5 SBJ.N3 HIDE-TR LOC.N4,,,4268.989,1,OBJ-N5-SBJ-N3-HIDE-TR-LOC-N4.mp4,N5|N3|HIDE|N4,N4|N2|JUMP|REVEAL|N3|HIDE|N5|Ab,timó|zilép|zsübe|dabi,dabi|murak|bonip|girda|zilép|zsübe|timó|zsot,0,6.827,10.169,zsot dabi zsübe,4282.574,0,32,32,32,1,OBJ-N5-SBJ-N3-HIDE-TR-LOC-N4.mp4,N5|N3|HIDE|N4,N4|N2|JUMP|REVEAL|N3|HIDE|N5|Ab,timó zilép zsübe dabi,timó|zilép|zsübe|dabi,dabi|murak|bonip|girda|zilép|zsübe|timó|zsot,,,,,,,,,,,,,,,,,,,,,,,,,,,,,,,,,,,,,,,
,,,,,,,,,,,,,,,,,,,,,,,,,1,,,ALP1105,19660429,2026-04-24_12h46.28.539,BrocantoHPilot1WOSession2,2025.2.4,Win32,59.95203837,,,,,,,,,,,,,,,Aa SBJ.N5 JUMP-INTR,,,4283.083,1,Aa-SBJ-N5-JUMP-INTR.mp4,Aa|N5|JUMP,JUMP|N4|GO|N1|Aa|Ab|N5,gyék|timó|bonip,bonip|dabi|kávler|pekli|gyék|zsot|timó,0,5.415,14.02,timó bonip,4309.148,0,33,33,33,1,Aa-SBJ-N5-JUMP-INTR.mp4,Aa|N5|JUMP,JUMP|N4|GO|N1|Aa|Ab|N5,gyék timó bonip,gyék|timó|bonip,bonip|dabi|kávler|pekli|gyék|zsot|timó,,,,,,,,,,,,,,,,,,,,,,,,,,,,,,,,,,,,,,,
,,,,,,,,,,,,,,,,,,,,,,,,,1,,,ALP1105,19660429,2026-04-24_12h46.28.539,BrocantoHPilot1WOSession2,2025.2.4,Win32,59.95203837,,,,,,,,,,,,,,,SBJ.N3 HIDE-INTR,,,4309.657,1,SBJ-N3-HIDE-INTR.mp4,N3|HIDE,HIDE|Aa|REVEAL|GO|N2|N3,zilép|zsübe,zsübe|gyék|girda|kávler|murak|zilép,1,7.357,14.809,zilép zsübe,4327.612,0,34,34,34,1,SBJ-N3-HIDE-INTR.mp4,N3|HIDE,HIDE|Aa|REVEAL|GO|N2|N3,zilép zsübe,zilép|zsübe,zsübe|gyék|girda|kávler|murak|zilép,,,,,,,,,,,,,,,,,,,,,,,,,,,,,,,,,,,,,,,
,,,,,,,,,,,,,,,,,,,,,,,,,1,,,ALP1105,19660429,2026-04-24_12h46.28.539,BrocantoHPilot1WOSession2,2025.2.4,Win32,59.95203837,,,,,,,,,,,,,,,SBJ.N3 GO-INTR LOC.N2,,,4328.121,1,SBJ-N3-GO-INTR-LOC-N2.mp4,N3|GO|N2,GO|PUSH|N3|Ab|N1|HIDE|N2,zilép|kávler|murak,kávler|vánta|zilép|zsot|pekli|zsübe|murak,1,6.977,19.6,zilép kávler murak,4350.669,0,35,35,35,1,SBJ-N3-GO-INTR-LOC-N2.mp4,N3|GO|N2,GO|PUSH|N3|Ab|N1|HIDE|N2,zilép kávler murak,zilép|kávler|murak,kávler|vánta|zilép|zsot|pekli|zsübe|murak,,,,,,,,,,,,,,,,,,,,,,,,,,,,,,,,,,,,,,,
,,,,,,,,,,,,,,,,,,,,,,,,,1,,,ALP1105,19660429,2026-04-24_12h46.28.539,BrocantoHPilot1WOSession2,2025.2.4,Win32,59.95203837,,,,,,,,,,,,,,,SBJ.N1 HIDE-INTR LOC.N5,,,4351.172,1,SBJ-N1-HIDE-INTR-LOC-N5.mp4,N1|HIDE|N5,Ab|PUSH|Aa|N5|N1|REVEAL|HIDE,pekli|zsübe|timó,zsot|vánta|gyék|timó|pekli|girda|zsübe,1,5.74,36.366,pekli zsübe timó,4399.556,0,36,36,36,1,SBJ-N1-HIDE-INTR-LOC-N5.mp4,N1|HIDE|N5,Ab|PUSH|Aa|N5|N1|REVEAL|HIDE,pekli zsübe timó,pekli|zsübe|timó,zsot|vánta|gyék|timó|pekli|girda|zsübe,,,,,,,,,,,,,,,,,,,,,,,,,,,,,,,,,,,,,,,
,,,,,,,,,,,,,,,,,,,,,,,,,1,,,ALP1105,19660429,2026-04-24_12h46.28.539,BrocantoHPilot1WOSession2,2025.2.4,Win32,59.95203837,,,,,,,,,,,,,,,SBJ.N1 JUMP-INTR LOC.N5,,,4400.063,1,SBJ-N1-JUMP-INTR-LOC-N5.mp4,N1|JUMP|N5,PUSH|N2|N1|N5|GO|JUMP|Aa,pekli|bonip|timó,vánta|murak|pekli|timó|kávler|bonip|gyék,1,5.874,36.664,pekli bonip timó,4439.736,0,37,37,37,1,SBJ-N1-JUMP-INTR-LOC-N5.mp4,N1|JUMP|N5,PUSH|N2|N1|N5|GO|JUMP|Aa,pekli bonip timó,pekli|bonip|timó,vánta|murak|pekli|timó|kávler|bonip|gyék,,,,,,,,,,,,,,,,,,,,,,,,,,,,,,,,,,,,,,,
,,,,,,,,,,,,,,,,,,,,,,,,,1,,,ALP1105,19660429,2026-04-24_12h46.28.539,BrocantoHPilot1WOSession2,2025.2.4,Win32,59.95203837,,,,,,,,,,,,,,,SBJ.N5 GO-INTR LOC.N3,,,4440.25,1,SBJ-N5-GO-INTR-LOC-N3.mp4,N5|GO|N3,N5|N4|N3|PUSH|GO|HIDE|Aa,timó|kávler|zilép,timó|dabi|zilép|vánta|kávler|zsübe|gyék,1,7.945,22.032,timó kávler zilép,4465.486,0,38,38,38,1,SBJ-N5-GO-INTR-LOC-N3.mp4,N5|GO|N3,N5|N4|N3|PUSH|GO|HIDE|Aa,timó kávler zilép,timó|kávler|zilép,timó|dabi|zilép|vánta|kávler|zsübe|gyék,,,,,,,,,,,,,,,,,,,,,,,,,,,,,,,,,,,,,,,
,,,,,,,,,,,,,,,,,,,,,,,,,1,,,ALP1105,19660429,2026-04-24_12h46.28.539,BrocantoHPilot1WOSession2,2025.2.4,Win32,59.95203837,,,,,,,,,,,,,,,SBJ.N5 HIDE-INTR LOC.N2,,,4465.999,1,SBJ-N5-HIDE-INTR-LOC-N2.mp4,N5|HIDE|N2,HIDE|N2|JUMP|N5|Aa|N3|Ab,timó|zsübe|murak,zsübe|murak|bonip|timó|gyék|zilép|zsot,1,8.066,25.555,timó zsübe murak,4494.53,0,39,39,39,1,SBJ-N5-HIDE-INTR-LOC-N2.mp4,N5|HIDE|N2,HIDE|N2|JUMP|N5|Aa|N3|Ab,timó zsübe murak,timó|zsübe|murak,zsübe|murak|bonip|timó|gyék|zilép|zsot,,,,,,,,,,,,,,,,,,,,,,,,,,,,,,,,,,,,,,,
,,,,,,,,,,,,,,,,,,,,,,,,,1,,,ALP1105,19660429,2026-04-24_12h46.28.539,BrocantoHPilot1WOSession2,2025.2.4,Win32,59.95203837,,,,,,,,,,,,,,,OBJ.N5 SBJ.N3 HIDE-TR LOC.N2,,,4495.045,1,OBJ-N5-SBJ-N3-HIDE-TR-LOC-N2.mp4,N5|N3|HIDE|N2,Aa|Ab|PUSH|REVEAL|N3|HIDE|N2|N5,timó|zilép|zsübe|murak,gyék|zsot|vánta|girda|zilép|zsübe|murak|timó,0,5.595,22.622,zilép zsübe timó,4522.67,0,40,40,40,1,OBJ-N5-SBJ-N3-HIDE-TR-LOC-N2.mp4,N5|N3|HIDE|N2,Aa|Ab|PUSH|REVEAL|N3|HIDE|N2|N5,timó zilép zsübe murak,timó|zilép|zsübe|murak,gyék|zsot|vánta|girda|zilép|zsübe|murak|timó,,,,,,,,,,,,,,,,,,,,,,,,,,,,,,,,,,,,,,,
,,,,,,,,,,,,,,,,,,,,,,,,,1,,,ALP1105,19660429,2026-04-24_12h46.28.539,BrocantoHPilot1WOSession2,2025.2.4,Win32,59.95203837,,,,,,,,,,,,,,,Ab OBJ.N5 SBJ.N2 HIDE-TR,,,4523.182,1,Ab-OBJ-N5-SBJ-N2-HIDE-TR.mp4,Ab|N5|N2|HIDE,N1|N5|N4|Ab|HIDE|REVEAL|N2|PUSH,zsot|timó|murak|zsübe,pekli|timó|dabi|zsot|zsübe|girda|murak|vánta,0,7.796,25.004,murak zsübe timó,4555.963,0,41,41,41,1,Ab-OBJ-N5-SBJ-N2-HIDE-TR.mp4,Ab|N5|N2|HIDE,N1|N5|N4|Ab|HIDE|REVEAL|N2|PUSH,zsot timó murak zsübe,zsot|timó|murak|zsübe,pekli|timó|dabi|zsot|zsübe|girda|murak|vánta,,,,,,,,,,,,,,,,,,,,,,,,,,,,,,,,,,,,,,,
,,,,,,,,,,,,,,,,,,,,,,,,,1,,,ALP1105,19660429,2026-04-24_12h46.28.539,BrocantoHPilot1WOSession2,2025.2.4,Win32,59.95203837,,,,,,,,,,,,,,,,,,,,,,,,,,,,,,,,,,,,,,,,,4595.264,chunkTest_s1,0,1,GO-PUSH.mp3,0,4.675,6,1,6.625,15.606,4611.517,0,0,0,17,1,GO-PUSH.mp3,0,,,,,,,,,,,,,,,,,,,,
,,,,,,,,,,,,,,,,,,,,,,,,,1,,,ALP1105,19660429,2026-04-24_12h46.28.539,BrocantoHPilot1WOSession2,2025.2.4,Win32,59.95203837,,,,,,,,,,,,,,,,,,,,,,,,,,,,,,,,,,,,,,,,,4612.02,chunkTest_s1,1,1,HIDE-N1.mp3,2,1.715,6,1,3.413,4.323,4617.063,0,1,1,4,1,HIDE-N1.mp3,2,,,,,,,,,,,,,,,,,,,,
,,,,,,,,,,,,,,,,,,,,,,,,,1,,,ALP1105,19660429,2026-04-24_12h46.28.539,BrocantoHPilot1WOSession2,2025.2.4,Win32,59.95203837,,,,,,,,,,,,,,,,,,,,,,,,,,,,,,,,,,,,,,,,,4617.574,chunkTest_s1,2,1,N2-N3.mp3,0,1.97,6,1,5.227,5.722,4623.816,0,2,2,3,1,N2-N3.mp3,0,,,,,,,,,,,,,,,,,,,,
,,,,,,,,,,,,,,,,,,,,,,,,,1,,,ALP1105,19660429,2026-04-24_12h46.28.539,BrocantoHPilot1WOSession2,2025.2.4,Win32,59.95203837,,,,,,,,,,,,,,,,,,,,,,,,,,,,,,,,,,,,,,,,,4624.32,chunkTest_s1,3,1,N1-JUMP.mp3,3,1.752,6,1,3.467,4.596,4629.82,0,3,3,5,1,N1-JUMP.mp3,3,,,,,,,,,,,,,,,,,,,,
,,,,,,,,,,,,,,,,,,,,,,,,,1,,,ALP1105,19660429,2026-04-24_12h46.28.539,BrocantoHPilot1WOSession2,2025.2.4,Win32,59.95203837,,,,,,,,,,,,,,,,,,,,,,,,,,,,,,,,,,,,,,,,,4630.334,chunkTest_s1,4,1,JUMP-N5.mp3,1,1.564,6,1,3.564,4.141,4635.133,0,4,4,0,1,JUMP-N5.mp3,1,,,,,,,,,,,,,,,,,,,,
,,,,,,,,,,,,,,,,,,,,,,,,,1,,,ALP1105,19660429,2026-04-24_12h46.28.539,BrocantoHPilot1WOSession2,2025.2.4,Win32,59.95203837,,,,,,,,,,,,,,,,,,,,,,,,,,,,,,,,,,,,,,,,,4635.635,chunkTest_s1,5,1,N4-N4.mp3,0,2.205,6,2,3.858,4.919,4641.184,0,5,5,1,1,N4-N4.mp3,0,,,,,,,,,,,,,,,,,,,,
,,,,,,,,,,,,,,,,,,,,,,,,,1,,,ALP1105,19660429,2026-04-24_12h46.28.539,BrocantoHPilot1WOSession2,2025.2.4,Win32,59.95203837,,,,,,,,,,,,,,,,,,,,,,,,,,,,,,,,,,,,,,,,,4641.693,chunkTest_s1,6,1,HIDE-JUMP.mp3,0,1.375,6,1,3.085,3.381,4645.877,0,6,6,14,1,HIDE-JUMP.mp3,0,,,,,,,,,,,,,,,,,,,,
,,,,,,,,,,,,,,,,,,,,,,,,,1,,,ALP1105,19660429,2026-04-24_12h46.28.539,BrocantoHPilot1WOSession2,2025.2.4,Win32,59.95203837,,,,,,,,,,,,,,,,,,,,,,,,,,,,,,,,,,,,,,,,,4646.381,chunkTest_s1,7,1,N5-N3.mp3,19,1.255,6,1,2.9,3.198,4650.209,0,7,7,10,1,N5-N3.mp3,19,,,,,,,,,,,,,,,,,,,,
,,,,,,,,,,,,,,,,,,,,,,,,,1,,,ALP1105,19660429,2026-04-24_12h46.28.539,BrocantoHPilot1WOSession2,2025.2.4,Win32,59.95203837,,,,,,,,,,,,,,,,,,,,,,,,,,,,,,,,,,,,,,,,,4650.722,chunkTest_s1,8,1,N2-HIDE.mp3,8,1.017,6,1,2.704,2.965,4654.338,0,8,8,11,1,N2-HIDE.mp3,8,,,,,,,,,,,,,,,,,,,,
,,,,,,,,,,,,,,,,,,,,,,,,,1,,,ALP1105,19660429,2026-04-24_12h46.28.539,BrocantoHPilot1WOSession2,2025.2.4,Win32,59.95203837,,,,,,,,,,,,,,,,,,,,,,,,,,,,,,,,,,,,,,,,,4654.858,chunkTest_s1,9,1,N1-N2.mp3,0,1.042,6,1,2.718,2.868,4658.322,0,9,9,18,1,N1-N2.mp3,0,,,,,,,,,,,,,,,,,,,,
,,,,,,,,,,,,,,,,,,,,,,,,,1,,,ALP1105,19660429,2026-04-24_12h46.28.539,BrocantoHPilot1WOSession2,2025.2.4,Win32,59.95203837,,,,,,,,,,,,,,,,,,,,,,,,,,,,,,,,,,,,,,,,,4658.838,chunkTest_s1,10,1,N1-GO.mp3,4,1.121,6,1,3.232,5.605,4665.299,0,10,10,9,1,N1-GO.mp3,4,,,,,,,,,,,,,,,,,,,,
,,,,,,,,,,,,,,,,,,,,,,,,,1,,,ALP1105,19660429,2026-04-24_12h46.28.539,BrocantoHPilot1WOSession2,2025.2.4,Win32,59.95203837,,,,,,,,,,,,,,,,,,,,,,,,,,,,,,,,,,,,,,,,,4665.807,chunkTest_s1,11,1,N4-N5.mp3,0,1.446,6,1,3.07,3.444,4670.105,0,11,11,15,1,N4-N5.mp3,0,,,,,,,,,,,,,,,,,,,,
,,,,,,,,,,,,,,,,,,,,,,,,,1,,,ALP1105,19660429,2026-04-24_12h46.28.539,BrocantoHPilot1WOSession2,2025.2.4,Win32,59.95203837,,,,,,,,,,,,,,,,,,,,,,,,,,,,,,,,,,,,,,,,,4670.609,chunkTest_s1,12,1,N1-N1.mp3,0,1.244,6,1,3.172,4.082,4675.917,0,12,12,7,1,N1-N1.mp3,0,,,,,,,,,,,,,,,,,,,,
,,,,,,,,,,,,,,,,,,,,,,,,,1,,,ALP1105,19660429,2026-04-24_12h46.28.539,BrocantoHPilot1WOSession2,2025.2.4,Win32,59.95203837,,,,,,,,,,,,,,,,,,,,,,,,,,,,,,,,,,,,,,,,,4676.421,chunkTest_s1,13,1,REVEAL-N4.mp3,6,0.826,6,1,2.518,6.36,4683.535,0,13,13,2,1,REVEAL-N4.mp3,6,,,,,,,,,,,,,,,,,,,,
,,,,,,,,,,,,,,,,,,,,,,,,,1,,,ALP1105,19660429,2026-04-24_12h46.28.539,BrocantoHPilot1WOSession2,2025.2.4,Win32,59.95203837,,,,,,,,,,,,,,,,,,,,,,,,,,,,,,,,,,,,,,,,,4684.049,chunkTest_s1,14,1,PUSH-PUSH.mp3,0,1.598,6,1,3.233,3.568,4688.157,0,14,14,16,1,PUSH-PUSH.mp3,0,,,,,,,,,,,,,,,,,,,,
,,,,,,,,,,,,,,,,,,,,,,,,,1,,,ALP1105,19660429,2026-04-24_12h46.28.539,BrocantoHPilot1WOSession2,2025.2.4,Win32,59.95203837,,,,,,,,,,,,,,,,,,,,,,,,,,,,,,,,,,,,,,,,,4688.673,chunkTest_s1,15,1,N4-N2.mp3,0,0.879,6,1,2.726,4.306,4694.369,0,15,15,8,1,N4-N2.mp3,0,,,,,,,,,,,,,,,,,,,,
,,,,,,,,,,,,,,,,,,,,,,,,,1,,,ALP1105,19660429,2026-04-24_12h46.28.539,BrocantoHPilot1WOSession2,2025.2.4,Win32,59.95203837,,,,,,,,,,,,,,,,,,,,,,,,,,,,,,,,,,,,,,,,,4694.873,chunkTest_s1,16,1,N5-Ab.mp3,3,1.276,2,1,2.686,5.651,4701.203,0,16,16,19,1,N5-Ab.mp3,3,,,,,,,,,,,,,,,,,,,,
,,,,,,,,,,,,,,,,,,,,,,,,,1,,,ALP1105,19660429,2026-04-24_12h46.28.539,BrocantoHPilot1WOSession2,2025.2.4,Win32,59.95203837,,,,,,,,,,,,,,,,,,,,,,,,,,,,,,,,,,,,,,,,,4701.71,chunkTest_s1,17,1,N4-Aa.mp3,0,1.515,5,1,3.284,8.796,4711.157,0,17,17,6,1,N4-Aa.mp3,0,,,,,,,,,,,,,,,,,,,,
,,,,,,,,,,,,,,,,,,,,,,,,,1,,,ALP1105,19660429,2026-04-24_12h46.28.539,BrocantoHPilot1WOSession2,2025.2.4,Win32,59.95203837,,,,,,,,,,,,,,,,,,,,,,,,,,,,,,,,,,,,,,,,,4711.669,chunkTest_s1,18,1,REVEAL-N3.mp3,7,1.127,5,1,3.166,4.148,4716.523,0,18,18,13,1,REVEAL-N3.mp3,7,,,,,,,,,,,,,,,,,,,,
,,,,,,,,,,,,,,,,,,,,,,,,,1,,,ALP1105,19660429,2026-04-24_12h46.28.539,BrocantoHPilot1WOSession2,2025.2.4,Win32,59.95203837,,,,,,,,,,,,,,,,,,,,,,,,,,,,,,,,,,,,,,,,,4717.038,chunkTest_s1,19,1,GO-N4.mp3,2,1.091,6,1,3.055,6.144,4723.907,0,19,19,12,1,GO-N4.mp3,2,,,,,,,,,,,,,,,,,,,,
,,,,,,,,,,,,,,,,,,,,,,,,,1,,,ALP1105,19660429,2026-04-24_12h46.28.539,BrocantoHPilot1WOSession2,2025.2.4,Win32,59.95203837,,,,,,,,,,,,,,,,,,,,,,,,,,,,,,,,,,,,,,,,,4785.578,GJTest_s1,0,1,OBJ-N1-SBJ-N3-JUMP-INTR.mp3,,1.812,6,1,4.379,5.249,4791.517,,,,,,OBJ-N1-SBJ-N3-JUMP-INTR.mp3,,0,0,0,10,1,,,,,,,,,,,,,,,
,,,,,,,,,,,,,,,,,,,,,,,,,1,,,ALP1105,19660429,2026-04-24_12h46.28.539,BrocantoHPilot1WOSession2,2025.2.4,Win32,59.95203837,,,,,,,,,,,,,,,,,,,,,,,,,,,,,,,,,,,,,,,,,4792.034,GJTest_s1,1,1,SBJ-N2-Ab-PUSH-TR.mp3,,1.375,6,1,3.708,4.651,4797.403,,,,,,SBJ-N2-Ab-PUSH-TR.mp3,,0,1,1,16,1,,,,,,,,,,,,,,,
,,,,,,,,,,,,,,,,,,,,,,,,,1,,,ALP1105,19660429,2026-04-24_12h46.28.539,BrocantoHPilot1WOSession2,2025.2.4,Win32,59.95203837,,,,,,,,,,,,,,,,,,,,,,,,,,,,,,,,,,,,,,,,,4797.907,GJTest_s1,2,1,OBJ-N5-Ab-SBJ-N1-PUSH-TR.mp3,1,0.818,6,1,3.601,3.601,4802.477,,,,,,OBJ-N5-Ab-SBJ-N1-PUSH-TR.mp3,1,0,2,2,1,1,,,,,,,,,,,,,,,
,,,,,,,,,,,,,,,,,,,,,,,,,1,,,ALP1105,19660429,2026-04-24_12h46.28.539,BrocantoHPilot1WOSession2,2025.2.4,Win32,59.95203837,,,,,,,,,,,,,,,,,,,,,,,,,,,,,,,,,,,,,,,,,4802.979,GJTest_s1,3,1,OBJ-N1-SBJ-N4-Ab-JUMP-INTR.mp3,,0.847,6,1,3.455,3.455,4807.238,,,,,,OBJ-N1-SBJ-N4-Ab-JUMP-INTR.mp3,,0,3,3,15,1,,,,,,,,,,,,,,,
,,,,,,,,,,,,,,,,,,,,,,,,,1,,,ALP1105,19660429,2026-04-24_12h46.28.539,BrocantoHPilot1WOSession2,2025.2.4,Win32,59.95203837,,,,,,,,,,,,,,,,,,,,,,,,,,,,,,,,,,,,,,,,,4807.748,GJTest_s1,4,1,SBJ-N4-REVEAL-INTR-LOC-N3-LOC-N1.mp3,,4.959,6,1,8.252,8.774,4817.214,,,,,,SBJ-N4-REVEAL-INTR-LOC-N3-LOC-N1.mp3,,0,4,4,12,1,,,,,,,,,,,,,,,
,,,,,,,,,,,,,,,,,,,,,,,,,1,,,ALP1105,19660429,2026-04-24_12h46.28.539,BrocantoHPilot1WOSession2,2025.2.4,Win32,59.95203837,,,,,,,,,,,,,,,,,,,,,,,,,,,,,,,,,,,,,,,,,4817.729,GJTest_s1,5,1,Ab-SBJ-N2-GO-INTR.mp3,0,0.821,2,1,3.144,3.99,4822.428,,,,,,Ab-SBJ-N2-GO-INTR.mp3,0,0,5,5,7,1,,,,,,,,,,,,,,,
,,,,,,,,,,,,,,,,,,,,,,,,,1,,,ALP1105,19660429,2026-04-24_12h46.28.539,BrocantoHPilot1WOSession2,2025.2.4,Win32,59.95203837,,,,,,,,,,,,,,,,,,,,,,,,,,,,,,,,,,,,,,,,,4822.96,GJTest_s1,6,1,HIDE-TR-LOC-N4.mp3,,1.385,6,1,3.815,3.958,4828.152,,,,,,HIDE-TR-LOC-N4.mp3,,0,6,6,13,1,,,,,,,,,,,,,,,
,,,,,,,,,,,,,,,,,,,,,,,,,1,,,ALP1105,19660429,2026-04-24_12h46.28.539,BrocantoHPilot1WOSession2,2025.2.4,Win32,59.95203837,,,,,,,,,,,,,,,,,,,,,,,,,,,,,,,,,,,,,,,,,4828.663,GJTest_s1,7,1,Ab-SBJ-N4-JUMP-INTR.mp3,0,3.198,6,1,5.108,9.449,4839.069,,,,,,Ab-SBJ-N4-JUMP-INTR.mp3,0,0,7,7,5,1,,,,,,,,,,,,,,,
,,,,,,,,,,,,,,,,,,,,,,,,,1,,,ALP1105,19660429,2026-04-24_12h46.28.539,BrocantoHPilot1WOSession2,2025.2.4,Win32,59.95203837,,,,,,,,,,,,,,,,,,,,,,,,,,,,,,,,,,,,,,,,,4839.575,GJTest_s1,8,1,SBJ-N4-REVEAL-INTR-LOC-N3.mp3,4,1.131,6,1,3.585,3.963,4844.119,,,,,,SBJ-N4-REVEAL-INTR-LOC-N3.mp3,4,0,8,8,2,1,,,,,,,,,,,,,,,
,,,,,,,,,,,,,,,,,,,,,,,,,1,,,ALP1105,19660429,2026-04-24_12h46.28.539,BrocantoHPilot1WOSession2,2025.2.4,Win32,59.95203837,,,,,,,,,,,,,,,,,,,,,,,,,,,,,,,,,,,,,,,,,4844.62,GJTest_s1,9,1,OBJ-N5-SBJ-N4-PUSH-TR.mp3,5,3.3,6,1,5.76,5.835,4851.253,,,,,,OBJ-N5-SBJ-N4-PUSH-TR.mp3,5,0,9,9,4,1,,,,,,,,,,,,,,,
,,,,,,,,,,,,,,,,,,,,,,,,,1,,,ALP1105,19660429,2026-04-24_12h46.28.539,BrocantoHPilot1WOSession2,2025.2.4,Win32,59.95203837,,,,,,,,,,,,,,,,,,,,,,,,,,,,,,,,,,,,,,,,,4851.77,GJTest_s1,10,1,Ab-SBJ-N1-PUSH-TR.mp3,,1.263,6,1,3.73,7.137,4860.024,,,,,,Ab-SBJ-N1-PUSH-TR.mp3,,0,10,10,11,1,,,,,,,,,,,,,,,
,,,,,,,,,,,,,,,,,,,,,,,,,1,,,ALP1105,19660429,2026-04-24_12h46.28.539,BrocantoHPilot1WOSession2,2025.2.4,Win32,59.95203837,,,,,,,,,,,,,,,,,,,,,,,,,,,,,,,,,,,,,,,,,4860.545,GJTest_s1,11,1,SBJ-N3-Aa-PUSH-TR.mp3,,1.919,6,1,4.856,7.887,4869.306,,,,,,SBJ-N3-Aa-PUSH-TR.mp3,,0,11,11,18,1,,,,,,,,,,,,,,,
,,,,,,,,,,,,,,,,,,,,,,,,,1,,,ALP1105,19660429,2026-04-24_12h46.28.539,BrocantoHPilot1WOSession2,2025.2.4,Win32,59.95203837,,,,,,,,,,,,,,,,,,,,,,,,,,,,,,,,,,,,,,,,,4869.817,GJTest_s1,12,1,OBJ-N5-SBJ-N3-HIDE-TR-LOC-N4.mp3,2,1.516,3,1,4.56,6.344,4877.898,,,,,,OBJ-N5-SBJ-N3-HIDE-TR-LOC-N4.mp3,2,0,12,12,3,1,,,,,,,,,,,,,,,
,,,,,,,,,,,,,,,,,,,,,,,,,1,,,ALP1105,19660429,2026-04-24_12h46.28.539,BrocantoHPilot1WOSession2,2025.2.4,Win32,59.95203837,,,,,,,,,,,,,,,,,,,,,,,,,,,,,,,,,,,,,,,,,4878.406,GJTest_s1,13,1,SBJ-N4-PUSH-TR.mp3,,1.117,6,1,2.83,3.158,4882.126,,,,,,SBJ-N4-PUSH-TR.mp3,,0,13,13,14,1,,,,,,,,,,,,,,,
,,,,,,,,,,,,,,,,,,,,,,,,,1,,,ALP1105,19660429,2026-04-24_12h46.28.539,BrocantoHPilot1WOSession2,2025.2.4,Win32,59.95203837,,,,,,,,,,,,,,,,,,,,,,,,,,,,,,,,,,,,,,,,,4882.644,GJTest_s1,14,1,SBJ-N3-JUMP-INTR.mp3,6,1.141,6,1,2.98,10.329,4893.74,,,,,,SBJ-N3-JUMP-INTR.mp3,6,0,14,14,0,1,,,,,,,,,,,,,,,
,,,,,,,,,,,,,,,,,,,,,,,,,1,,,ALP1105,19660429,2026-04-24_12h46.28.539,BrocantoHPilot1WOSession2,2025.2.4,Win32,59.95203837,,,,,,,,,,,,,,,,,,,,,,,,,,,,,,,,,,,,,,,,,4894.248,GJTest_s1,15,1,Ab-SBJ-N5-JUMP-INTR.mp3,0,15.713,6,2,3.529,18.127,4913.113,,,,,,Ab-SBJ-N5-JUMP-INTR.mp3,0,0,15,15,9,1,,,,,,,,,,,,,,,
,,,,,,,,,,,,,,,,,,,,,,,,,1,,,ALP1105,19660429,2026-04-24_12h46.28.539,BrocantoHPilot1WOSession2,2025.2.4,Win32,59.95203837,,,,,,,,,,,,,,,,,,,,,,,,,,,,,,,,,,,,,,,,,4913.619,GJTest_s1,16,1,OBJ-N1-SBJ-N2-Ab-GO-INTR.mp3,,2.736,4,1,5.737,7.015,4921.2,,,,,,OBJ-N1-SBJ-N2-Ab-GO-INTR.mp3,,0,16,16,17,1,,,,,,,,,,,,,,,
,,,,,,,,,,,,,,,,,,,,,,,,,1,,,ALP1105,19660429,2026-04-24_12h46.28.539,BrocantoHPilot1WOSession2,2025.2.4,Win32,59.95203837,,,,,,,,,,,,,,,,,,,,,,,,,,,,,,,,,,,,,,,,,4921.711,GJTest_s1,17,1,OBJ-N1-SBJ-N5-Ab-JUMP-INTR.mp3,,16.756,6,2,9.668,19.62,4941.954,,,,,,OBJ-N1-SBJ-N5-Ab-JUMP-INTR.mp3,,0,17,17,19,1,,,,,,,,,,,,,,,
,,,,,,,,,,,,,,,,,,,,,,,,,1,,,ALP1105,19660429,2026-04-24_12h46.28.539,BrocantoHPilot1WOSession2,2025.2.4,Win32,59.95203837,,,,,,,,,,,,,,,,,,,,,,,,,,,,,,,,,,,,,,,,,4942.477,GJTest_s1,18,1,OBJ-N4-Ab-SBJ-N2-PUSH-TR.mp3,0,0.992,6,1,3.7,4.479,4947.782,,,,,,OBJ-N4-Ab-SBJ-N2-PUSH-TR.mp3,0,0,18,18,6,1,,,,,,,,,,,,,,,
,,,,,,,,,,,,,,,,,,,,,,,,,1,,,ALP1105,19660429,2026-04-24_12h46.28.539,BrocantoHPilot1WOSession2,2025.2.4,Win32,59.95203837,,,,,,,,,,,,,,,,,,,,,,,,,,,,,,,,,,,,,,,,,4948.295,GJTest_s1,19,1,OBJ-N2-Aa-SBJ-N3-PUSH-TR.mp3,0,8.063,6,1,11.194,11.503,4960.818,,,,,,OBJ-N2-Aa-SBJ-N3-PUSH-TR.mp3,0,0,19,19,8,1,,,,,,,,,,,,,,,
,,,,,,,,,,,,5039.726,2,OBJ-N5-SBJ-N4-PUSH-TR-LOC-N1.mp4,OBJ-N5-SBJ-N4-PUSH-TR-LOC-N1.mp3,5089.332,mouse_continue,49.605,,,,,,,2,OBJ-N5-SBJ-N4-PUSH-TR-LOC-N1.mp4,OBJ-N5-SBJ-N4-PUSH-TR-LOC-N1.mp3,ALP1105,19660429,2026-04-24_12h46.28.539,BrocantoHPilot1WOSession2,2025.2.4,Win32,59.95203837,,,,,,,,,,,,,,,,,,,,,,,,,,,,,,,,,,,,,,,,,,,,,,,,,,,,,,,,,,,,,,,,,0,0,0,0,1,,,,,,,,,,
,,,,,,,,,,,,5089.337,2,SBJ-N3-REVEAL-INTR-LOC-N2.mp4,SBJ-N3-REVEAL-INTR-LOC-N2.mp3,5125.025,mouse_continue,35.688,,,,,,,2,SBJ-N3-REVEAL-INTR-LOC-N2.mp4,SBJ-N3-REVEAL-INTR-LOC-N2.mp3,ALP1105,19660429,2026-04-24_12h46.28.539,BrocantoHPilot1WOSession2,2025.2.4,Win32,59.95203837,,,,,,,,,,,,,,,,,,,,,,,,,,,,,,,,,,,,,,,,,,,,,,,,,,,,,,,,,,,,,,,,,0,1,1,1,1,,,,,,,,,,
,,,,,,,,,,,,5125.03,2,OBJ-N5-SBJ-N4-REVEAL-TR-LOC-N1.mp4,OBJ-N5-SBJ-N4-REVEAL-TR-LOC-N1.mp3,5160.305,mouse_continue,35.275,,,,,,,2,OBJ-N5-SBJ-N4-REVEAL-TR-LOC-N1.mp4,OBJ-N5-SBJ-N4-REVEAL-TR-LOC-N1.mp3,ALP1105,19660429,2026-04-24_12h46.28.539,BrocantoHPilot1WOSession2,2025.2.4,Win32,59.95203837,,,,,,,,,,,,,,,,,,,,,,,,,,,,,,,,,,,,,,,,,,,,,,,,,,,,,,,,,,,,,,,,,0,2,2,2,1,,,,,,,,,,
,,,,,,,,,,,,5160.308,2,SBJ-N5-REVEAL-INTR-LOC-N3.mp4,SBJ-N5-REVEAL-INTR-LOC-N3.mp3,5184.911,mouse_continue,24.603,,,,,,,2,SBJ-N5-REVEAL-INTR-LOC-N3.mp4,SBJ-N5-REVEAL-INTR-LOC-N3.mp3,ALP1105,19660429,2026-04-24_12h46.28.539,BrocantoHPilot1WOSession2,2025.2.4,Win32,59.95203837,,,,,,,,,,,,,,,,,,,,,,,,,,,,,,,,,,,,,,,,,,,,,,,,,,,,,,,,,,,,,,,,,0,3,3,3,1,,,,,,,,,,
,,,,,,,,,,,,5184.916,2,Ab-SBJ-N1-GO-INTR.mp4,Ab-SBJ-N1-GO-INTR.mp3,5248.878,mouse_continue,63.963,,,,,,,2,Ab-SBJ-N1-GO-INTR.mp4,Ab-SBJ-N1-GO-INTR.mp3,ALP1105,19660429,2026-04-24_12h46.28.539,BrocantoHPilot1WOSession2,2025.2.4,Win32,59.95203837,,,,,,,,,,,,,,,,,,,,,,,,,,,,,,,,,,,,,,,,,,,,,,,,,,,,,,,,,,,,,,,,,0,4,4,4,1,,,,,,,,,,
,,,,,,,,,,,,5248.881,2,Ab-OBJ-N5-SBJ-N2-HIDE-TR.mp4,Ab-OBJ-N5-SBJ-N2-HIDE-TR.mp3,5283.046,mouse_continue,34.165,,,,,,,2,Ab-OBJ-N5-SBJ-N2-HIDE-TR.mp4,Ab-OBJ-N5-SBJ-N2-HIDE-TR.mp3,ALP1105,19660429,2026-04-24_12h46.28.539,BrocantoHPilot1WOSession2,2025.2.4,Win32,59.95203837,,,,,,,,,,,,,,,,,,,,,,,,,,,,,,,,,,,,,,,,,,,,,,,,,,,,,,,,,,,,,,,,,0,5,5,5,1,,,,,,,,,,
,,,,,,,,,,,,5283.051,2,Ab-SBJ-N3-HIDE-INTR.mp4,Ab-SBJ-N3-HIDE-INTR.mp3,5352.629,mouse_continue,69.578,,,,,,,2,Ab-SBJ-N3-HIDE-INTR.mp4,Ab-SBJ-N3-HIDE-INTR.mp3,ALP1105,19660429,2026-04-24_12h46.28.539,BrocantoHPilot1WOSession2,2025.2.4,Win32,59.95203837,,,,,,,,,,,,,,,,,,,,,,,,,,,,,,,,,,,,,,,,,,,,,,,,,,,,,,,,,,,,,,,,,0,6,6,6,1,,,,,,,,,,
,,,,,,,,,,,,5352.635,2,OBJ-N5-SBJ-N4-PUSH-TR-LOC-N1.mp4,OBJ-N5-SBJ-N4-PUSH-TR-LOC-N1.mp3,5379.169,mouse_continue,26.534,,,,,,,2,OBJ-N5-SBJ-N4-PUSH-TR-LOC-N1.mp4,OBJ-N5-SBJ-N4-PUSH-TR-LOC-N1.mp3,ALP1105,19660429,2026-04-24_12h46.28.539,BrocantoHPilot1WOSession2,2025.2.4,Win32,59.95203837,,,,,,,,,,,,,,,,,,,,,,,,,,,,,,,,,,,,,,,,,,,,,,,,,,,,,,,,,,,,,,,,,0,7,7,7,1,,,,,,,,,,
,,,,,,,,,,,,5379.173,2,OBJ-N5-SBJ-N4-REVEAL-TR.mp4,OBJ-N5-SBJ-N4-REVEAL-TR.mp3,5405.771,mouse_continue,26.598,,,,,,,2,OBJ-N5-SBJ-N4-REVEAL-TR.mp4,OBJ-N5-SBJ-N4-REVEAL-TR.mp3,ALP1105,19660429,2026-04-24_12h46.28.539,BrocantoHPilot1WOSession2,2025.2.4,Win32,59.95203837,,,,,,,,,,,,,,,,,,,,,,,,,,,,,,,,,,,,,,,,,,,,,,,,,,,,,,,,,,,,,,,,,0,8,8,8,1,,,,,,,,,,
,,,,,,,,,,,,5405.775,2,SBJ-N5-REVEAL-INTR-LOC-N4.mp4,SBJ-N5-REVEAL-INTR-LOC-N4.mp3,5440.785,mouse_continue,35.009,,,,,,,2,SBJ-N5-REVEAL-INTR-LOC-N4.mp4,SBJ-N5-REVEAL-INTR-LOC-N4.mp3,ALP1105,19660429,2026-04-24_12h46.28.539,BrocantoHPilot1WOSession2,2025.2.4,Win32,59.95203837,,,,,,,,,,,,,,,,,,,,,,,,,,,,,,,,,,,,,,,,,,,,,,,,,,,,,,,,,,,,,,,,,0,9,9,9,1,,,,,,,,,,
,,,,,,,,,,,,5440.788,2,SBJ-N5-GO-INTR.mp4,SBJ-N5-GO-INTR.mp3,5460.119,mouse_continue,19.33,,,,,,,2,SBJ-N5-GO-INTR.mp4,SBJ-N5-GO-INTR.mp3,ALP1105,19660429,2026-04-24_12h46.28.539,BrocantoHPilot1WOSession2,2025.2.4,Win32,59.95203837,,,,,,,,,,,,,,,,,,,,,,,,,,,,,,,,,,,,,,,,,,,,,,,,,,,,,,,,,,,,,,,,,0,10,10,10,1,,,,,,,,,,
,,,,,,,,,,,,5460.124,2,OBJ-N5-SBJ-N3-HIDE-TR.mp4,OBJ-N5-SBJ-N3-HIDE-TR.mp3,5474.262,mouse_continue,14.138,,,,,,,2,OBJ-N5-SBJ-N3-HIDE-TR.mp4,OBJ-N5-SBJ-N3-HIDE-TR.mp3,ALP1105,19660429,2026-04-24_12h46.28.539,BrocantoHPilot1WOSession2,2025.2.4,Win32,59.95203837,,,,,,,,,,,,,,,,,,,,,,,,,,,,,,,,,,,,,,,,,,,,,,,,,,,,,,,,,,,,,,,,,0,11,11,11,1,,,,,,,,,,
,,,,,,,,,,,,5474.264,2,OBJ-N5-SBJ-N4-HIDE-TR-LOC-N1.mp4,OBJ-N5-SBJ-N4-HIDE-TR-LOC-N1.mp3,5480.478,mouse_continue,6.214,,,,,,,2,OBJ-N5-SBJ-N4-HIDE-TR-LOC-N1.mp4,OBJ-N5-SBJ-N4-HIDE-TR-LOC-N1.mp3,ALP1105,19660429,2026-04-24_12h46.28.539,BrocantoHPilot1WOSession2,2025.2.4,Win32,59.95203837,,,,,,,,,,,,,,,,,,,,,,,,,,,,,,,,,,,,,,,,,,,,,,,,,,,,,,,,,,,,,,,,,0,12,12,12,1,,,,,,,,,,
,,,,,,,,,,,,5480.482,2,OBJ-N5-SBJ-N3-PUSH-TR-LOC-N1.mp4,OBJ-N5-SBJ-N3-PUSH-TR-LOC-N1.mp3,5486.96,mouse_continue,6.48,,,,,,,2,OBJ-N5-SBJ-N3-PUSH-TR-LOC-N1.mp4,OBJ-N5-SBJ-N3-PUSH-TR-LOC-N1.mp3,ALP1105,19660429,2026-04-24_12h46.28.539,BrocantoHPilot1WOSession2,2025.2.4,Win32,59.95203837,,,,,,,,,,,,,,,,,,,,,,,,,,,,,,,,,,,,,,,,,,,,,,,,,,,,,,,,,,,,,,,,,0,13,13,13,1,,,,,,,,,,
,,,,,,,,,,,,5486.961,2,OBJ-N5-Ab-SBJ-N2-REVEAL-TR.mp4,OBJ-N5-Ab-SBJ-N2-REVEAL-TR.mp3,5498.956,mouse_continue,11.994,,,,,,,2,OBJ-N5-Ab-SBJ-N2-REVEAL-TR.mp4,OBJ-N5-Ab-SBJ-N2-REVEAL-TR.mp3,ALP1105,19660429,2026-04-24_12h46.28.539,BrocantoHPilot1WOSession2,2025.2.4,Win32,59.95203837,,,,,,,,,,,,,,,,,,,,,,,,,,,,,,,,,,,,,,,,,,,,,,,,,,,,,,,,,,,,,,,,,0,14,14,14,1,,,,,,,,,,
,,,,,,,,,,,,5498.959,2,SBJ-N4-JUMP-INTR.mp4,SBJ-N4-JUMP-INTR.mp3,5508.924,mouse_continue,9.964,,,,,,,2,SBJ-N4-JUMP-INTR.mp4,SBJ-N4-JUMP-INTR.mp3,ALP1105,19660429,2026-04-24_12h46.28.539,BrocantoHPilot1WOSession2,2025.2.4,Win32,59.95203837,,,,,,,,,,,,,,,,,,,,,,,,,,,,,,,,,,,,,,,,,,,,,,,,,,,,,,,,,,,,,,,,,0,15,15,15,1,,,,,,,,,,
,,,,,,,,,,,,5508.926,2,Ab-SBJ-N4-JUMP-INTR.mp4,Ab-SBJ-N4-JUMP-INTR.mp3,5543.184,mouse_continue,34.257,,,,,,,2,Ab-SBJ-N4-JUMP-INTR.mp4,Ab-SBJ-N4-JUMP-INTR.mp3,ALP1105,19660429,2026-04-24_12h46.28.539,BrocantoHPilot1WOSession2,2025.2.4,Win32,59.95203837,,,,,,,,,,,,,,,,,,,,,,,,,,,,,,,,,,,,,,,,,,,,,,,,,,,,,,,,,,,,,,,,,0,16,16,16,1,,,,,,,,,,
,,,,,,,,,,,,5543.19,2,SBJ-N4-GO-INTR-LOC-N1.mp4,SBJ-N4-GO-INTR-LOC-N1.mp3,5548.59,mouse_continue,5.401,,,,,,,2,SBJ-N4-GO-INTR-LOC-N1.mp4,SBJ-N4-GO-INTR-LOC-N1.mp3,ALP1105,19660429,2026-04-24_12h46.28.539,BrocantoHPilot1WOSession2,2025.2.4,Win32,59.95203837,,,,,,,,,,,,,,,,,,,,,,,,,,,,,,,,,,,,,,,,,,,,,,,,,,,,,,,,,,,,,,,,,0,17,17,17,1,,,,,,,,,,
,,,,,,,,,,,,5548.593,2,SBJ-N3-HIDE-INTR-LOC-N5.mp4,SBJ-N3-HIDE-INTR-LOC-N5.mp3,5554.141,mouse_continue,5.549,,,,,,,2,SBJ-N3-HIDE-INTR-LOC-N5.mp4,SBJ-N3-HIDE-INTR-LOC-N5.mp3,ALP1105,19660429,2026-04-24_12h46.28.539,BrocantoHPilot1WOSession2,2025.2.4,Win32,59.95203837,,,,,,,,,,,,,,,,,,,,,,,,,,,,,,,,,,,,,,,,,,,,,,,,,,,,,,,,,,,,,,,,,0,18,18,18,1,,,,,,,,,,
,,,,,,,,,,,,5554.145,2,SBJ-N1-JUMP-INTR-LOC-N2.mp4,SBJ-N1-JUMP-INTR-LOC-N2.mp3,5559.782,mouse_continue,5.637,,,,,,,2,SBJ-N1-JUMP-INTR-LOC-N2.mp4,SBJ-N1-JUMP-INTR-LOC-N2.mp3,ALP1105,19660429,2026-04-24_12h46.28.539,BrocantoHPilot1WOSession2,2025.2.4,Win32,59.95203837,,,,,,,,,,,,,,,,,,,,,,,,,,,,,,,,,,,,,,,,,,,,,,,,,,,,,,,,,,,,,,,,,0,19,19,19,1,,,,,,,,,,
,,,,,,,,,,,,5559.784,2,OBJ-N5-Ab-SBJ-N4-REVEAL-TR.mp4,OBJ-N5-Ab-SBJ-N4-REVEAL-TR.mp3,5570.874,mouse_continue,11.09,,,,,,,2,OBJ-N5-Ab-SBJ-N4-REVEAL-TR.mp4,OBJ-N5-Ab-SBJ-N4-REVEAL-TR.mp3,ALP1105,19660429,2026-04-24_12h46.28.539,BrocantoHPilot1WOSession2,2025.2.4,Win32,59.95203837,,,,,,,,,,,,,,,,,,,,,,,,,,,,,,,,,,,,,,,,,,,,,,,,,,,,,,,,,,,,,,,,,0,20,20,20,1,,,,,,,,,,
,,,,,,,,,,,,5570.875,2,OBJ-N5-SBJ-N3-HIDE-TR-LOC-N2.mp4,OBJ-N5-SBJ-N3-HIDE-TR-LOC-N2.mp3,5577.813,mouse_continue,6.939,,,,,,,2,OBJ-N5-SBJ-N3-HIDE-TR-LOC-N2.mp4,OBJ-N5-SBJ-N3-HIDE-TR-LOC-N2.mp3,ALP1105,19660429,2026-04-24_12h46.28.539,BrocantoHPilot1WOSession2,2025.2.4,Win32,59.95203837,,,,,,,,,,,,,,,,,,,,,,,,,,,,,,,,,,,,,,,,,,,,,,,,,,,,,,,,,,,,,,,,,0,21,21,21,1,,,,,,,,,,
,,,,,,,,,,,,5577.815,2,Ab-SBJ-N5-REVEAL-INTR-Ab-LOC-N4.mp4,Ab-SBJ-N5-REVEAL-INTR-Ab-LOC-N4.mp3,5592.016,mouse_continue,14.201,,,,,,,2,Ab-SBJ-N5-REVEAL-INTR-Ab-LOC-N4.mp4,Ab-SBJ-N5-REVEAL-INTR-Ab-LOC-N4.mp3,ALP1105,19660429,2026-04-24_12h46.28.539,BrocantoHPilot1WOSession2,2025.2.4,Win32,59.95203837,,,,,,,,,,,,,,,,,,,,,,,,,,,,,,,,,,,,,,,,,,,,,,,,,,,,,,,,,,,,,,,,,0,22,22,22,1,,,,,,,,,,
,,,,,,,,,,,,5592.021,2,OBJ-N5-Ab-SBJ-N4-PUSH-TR-Ab-LOC-N2.mp4,OBJ-N5-Ab-SBJ-N4-PUSH-TR-Ab-LOC-N2.mp3,5600.849,mouse_continue,8.829,,,,,,,2,OBJ-N5-Ab-SBJ-N4-PUSH-TR-Ab-LOC-N2.mp4,OBJ-N5-Ab-SBJ-N4-PUSH-TR-Ab-LOC-N2.mp3,ALP1105,19660429,2026-04-24_12h46.28.539,BrocantoHPilot1WOSession2,2025.2.4,Win32,59.95203837,,,,,,,,,,,,,,,,,,,,,,,,,,,,,,,,,,,,,,,,,,,,,,,,,,,,,,,,,,,,,,,,,0,23,23,23,1,,,,,,,,,,
,,,,,,,,,,,,5600.852,2,OBJ-N5-Ab-SBJ-N2-REVEAL-TR-LOC-N4.mp4,OBJ-N5-Ab-SBJ-N2-REVEAL-TR-LOC-N4.mp3,5606.701,mouse_continue,5.85,,,,,,,2,OBJ-N5-Ab-SBJ-N2-REVEAL-TR-LOC-N4.mp4,OBJ-N5-Ab-SBJ-N2-REVEAL-TR-LOC-N4.mp3,ALP1105,19660429,2026-04-24_12h46.28.539,BrocantoHPilot1WOSession2,2025.2.4,Win32,59.95203837,,,,,,,,,,,,,,,,,,,,,,,,,,,,,,,,,,,,,,,,,,,,,,,,,,,,,,,,,,,,,,,,,0,24,24,24,1,,,,,,,,,,
,,,,,,,,,,,,5606.705,2,SBJ-N5-REVEAL-INTR-LOC-N3.mp4,SBJ-N5-REVEAL-INTR-LOC-N3.mp3,5620.853,mouse_continue,14.149,,,,,,,2,SBJ-N5-REVEAL-INTR-LOC-N3.mp4,SBJ-N5-REVEAL-INTR-LOC-N3.mp3,ALP1105,19660429,2026-04-24_12h46.28.539,BrocantoHPilot1WOSession2,2025.2.4,Win32,59.95203837,,,,,,,,,,,,,,,,,,,,,,,,,,,,,,,,,,,,,,,,,,,,,,,,,,,,,,,,,,,,,,,,,0,25,25,25,1,,,,,,,,,,
,,,,,,,,,,,,5620.856,2,OBJ-N5-SBJ-N1-PUSH-TR.mp4,OBJ-N5-SBJ-N1-PUSH-TR.mp3,5626.421,mouse_continue,5.565,,,,,,,2,OBJ-N5-SBJ-N1-PUSH-TR.mp4,OBJ-N5-SBJ-N1-PUSH-TR.mp3,ALP1105,19660429,2026-04-24_12h46.28.539,BrocantoHPilot1WOSession2,2025.2.4,Win32,59.95203837,,,,,,,,,,,,,,,,,,,,,,,,,,,,,,,,,,,,,,,,,,,,,,,,,,,,,,,,,,,,,,,,,0,26,26,26,1,,,,,,,,,,
,,,,,,,,,,,,5626.425,2,SBJ-N1-GO-INTR.mp4,SBJ-N1-GO-INTR.mp3,5633.74,mouse_continue,7.316,,,,,,,2,SBJ-N1-GO-INTR.mp4,SBJ-N1-GO-INTR.mp3,ALP1105,19660429,2026-04-24_12h46.28.539,BrocantoHPilot1WOSession2,2025.2.4,Win32,59.95203837,,,,,,,,,,,,,,,,,,,,,,,,,,,,,,,,,,,,,,,,,,,,,,,,,,,,,,,,,,,,,,,,,0,27,27,27,1,,,,,,,,,,
,,,,,,,,,,,,5633.744,2,OBJ-N5-SBJ-N1-REVEAL-TR-LOC-N2.mp4,OBJ-N5-SBJ-N1-REVEAL-TR-LOC-N2.mp3,5639.838,mouse_continue,6.094,,,,,,,2,OBJ-N5-SBJ-N1-REVEAL-TR-LOC-N2.mp4,OBJ-N5-SBJ-N1-REVEAL-TR-LOC-N2.mp3,ALP1105,19660429,2026-04-24_12h46.28.539,BrocantoHPilot1WOSession2,2025.2.4,Win32,59.95203837,,,,,,,,,,,,,,,,,,,,,,,,,,,,,,,,,,,,,,,,,,,,,,,,,,,,,,,,,,,,,,,,,0,28,28,28,1,,,,,,,,,,
,,,,,,,,,,,,5639.84,2,Ab-SBJ-N4-REVEAL-INTR-Ab-LOC-N5.mp4,Ab-SBJ-N4-REVEAL-INTR-Ab-LOC-N5.mp3,5645.437,mouse_continue,5.598,,,,,,,2,Ab-SBJ-N4-REVEAL-INTR-Ab-LOC-N5.mp4,Ab-SBJ-N4-REVEAL-INTR-Ab-LOC-N5.mp3,ALP1105,19660429,2026-04-24_12h46.28.539,BrocantoHPilot1WOSession2,2025.2.4,Win32,59.95203837,,,,,,,,,,,,,,,,,,,,,,,,,,,,,,,,,,,,,,,,,,,,,,,,,,,,,,,,,,,,,,,,,0,29,29,29,1,,,,,,,,,,
,,,,,,,,,,,,5645.438,2,OBJ-N5-SBJ-N4-HIDE-TR-Ab-LOC-N1.mp4,OBJ-N5-SBJ-N4-HIDE-TR-Ab-LOC-N1.mp3,5651.105,mouse_continue,5.666,,,,,,,2,OBJ-N5-SBJ-N4-HIDE-TR-Ab-LOC-N1.mp4,OBJ-N5-SBJ-N4-HIDE-TR-Ab-LOC-N1.mp3,ALP1105,19660429,2026-04-24_12h46.28.539,BrocantoHPilot1WOSession2,2025.2.4,Win32,59.95203837,,,,,,,,,,,,,,,,,,,,,,,,,,,,,,,,,,,,,,,,,,,,,,,,,,,,,,,,,,,,,,,,,0,30,30,30,1,,,,,,,,,,
,,,,,,,,,,,,5651.107,2,OBJ-N5-Ab-SBJ-N2-REVEAL-TR.mp4,OBJ-N5-Ab-SBJ-N2-REVEAL-TR.mp3,5662.417,mouse_continue,11.309,,,,,,,2,OBJ-N5-Ab-SBJ-N2-REVEAL-TR.mp4,OBJ-N5-Ab-SBJ-N2-REVEAL-TR.mp3,ALP1105,19660429,2026-04-24_12h46.28.539,BrocantoHPilot1WOSession2,2025.2.4,Win32,59.95203837,,,,,,,,,,,,,,,,,,,,,,,,,,,,,,,,,,,,,,,,,,,,,,,,,,,,,,,,,,,,,,,,,0,31,31,31,1,,,,,,,,,,
,,,,,,,,,,,,5662.421,2,Ab-SBJ-N1-HIDE-INTR.mp4,Ab-SBJ-N1-HIDE-INTR.mp3,5669.593,mouse_continue,7.173,,,,,,,2,Ab-SBJ-N1-HIDE-INTR.mp4,Ab-SBJ-N1-HIDE-INTR.mp3,ALP1105,19660429,2026-04-24_12h46.28.539,BrocantoHPilot1WOSession2,2025.2.4,Win32,59.95203837,,,,,,,,,,,,,,,,,,,,,,,,,,,,,,,,,,,,,,,,,,,,,,,,,,,,,,,,,,,,,,,,,0,32,32,32,1,,,,,,,,,,
,,,,,,,,,,,,5669.596,2,OBJ-N5-SBJ-N4-HIDE-TR-LOC-N2.mp4,OBJ-N5-SBJ-N4-HIDE-TR-LOC-N2.mp3,5676.203,mouse_continue,6.608,,,,,,,2,OBJ-N5-SBJ-N4-HIDE-TR-LOC-N2.mp4,OBJ-N5-SBJ-N4-HIDE-TR-LOC-N2.mp3,ALP1105,19660429,2026-04-24_12h46.28.539,BrocantoHPilot1WOSession2,2025.2.4,Win32,59.95203837,,,,,,,,,,,,,,,,,,,,,,,,,,,,,,,,,,,,,,,,,,,,,,,,,,,,,,,,,,,,,,,,,0,33,33,33,1,,,,,,,,,,
,,,,,,,,,,,,5676.205,2,SBJ-N4-JUMP-INTR.mp4,SBJ-N4-JUMP-INTR.mp3,5682.148,mouse_continue,5.944,,,,,,,2,SBJ-N4-JUMP-INTR.mp4,SBJ-N4-JUMP-INTR.mp3,ALP1105,19660429,2026-04-24_12h46.28.539,BrocantoHPilot1WOSession2,2025.2.4,Win32,59.95203837,,,,,,,,,,,,,,,,,,,,,,,,,,,,,,,,,,,,,,,,,,,,,,,,,,,,,,,,,,,,,,,,,0,34,34,34,1,,,,,,,,,,
,,,,,,,,,,,,5682.149,2,OBJ-N5-SBJ-N1-PUSH-TR.mp4,OBJ-N5-SBJ-N1-PUSH-TR.mp3,5695.443,mouse_continue,13.294,,,,,,,2,OBJ-N5-SBJ-N1-PUSH-TR.mp4,OBJ-N5-SBJ-N1-PUSH-TR.mp3,ALP1105,19660429,2026-04-24_12h46.28.539,BrocantoHPilot1WOSession2,2025.2.4,Win32,59.95203837,,,,,,,,,,,,,,,,,,,,,,,,,,,,,,,,,,,,,,,,,,,,,,,,,,,,,,,,,,,,,,,,,0,35,35,35,1,,,,,,,,,,
,,,,,,,,,,,,5695.445,2,Ab-SBJ-N4-GO-INTR.mp4,Ab-SBJ-N4-GO-INTR.mp3,5706.787,mouse_continue,11.341,,,,,,,2,Ab-SBJ-N4-GO-INTR.mp4,Ab-SBJ-N4-GO-INTR.mp3,ALP1105,19660429,2026-04-24_12h46.28.539,BrocantoHPilot1WOSession2,2025.2.4,Win32,59.95203837,,,,,,,,,,,,,,,,,,,,,,,,,,,,,,,,,,,,,,,,,,,,,,,,,,,,,,,,,,,,,,,,,0,36,36,36,1,,,,,,,,,,
,,,,,,,,,,,,5706.788,2,Ab-SBJ-N2-HIDE-INTR-LOC-N1.mp4,Ab-SBJ-N2-HIDE-INTR-LOC-N1.mp3,5720.714,mouse_continue,13.926,,,,,,,2,Ab-SBJ-N2-HIDE-INTR-LOC-N1.mp4,Ab-SBJ-N2-HIDE-INTR-LOC-N1.mp3,ALP1105,19660429,2026-04-24_12h46.28.539,BrocantoHPilot1WOSession2,2025.2.4,Win32,59.95203837,,,,,,,,,,,,,,,,,,,,,,,,,,,,,,,,,,,,,,,,,,,,,,,,,,,,,,,,,,,,,,,,,0,37,37,37,1,,,,,,,,,,
,,,,,,,,,,,,5720.715,2,Ab-SBJ-N3-JUMP-INTR-Ab-LOC-N4.mp4,Ab-SBJ-N3-JUMP-INTR-Ab-LOC-N4.mp3,5727.452,mouse_continue,6.738,,,,,,,2,Ab-SBJ-N3-JUMP-INTR-Ab-LOC-N4.mp4,Ab-SBJ-N3-JUMP-INTR-Ab-LOC-N4.mp3,ALP1105,19660429,2026-04-24_12h46.28.539,BrocantoHPilot1WOSession2,2025.2.4,Win32,59.95203837,,,,,,,,,,,,,,,,,,,,,,,,,,,,,,,,,,,,,,,,,,,,,,,,,,,,,,,,,,,,,,,,,0,38,38,38,1,,,,,,,,,,
,,,,,,,,,,,,5727.455,2,Aa-SBJ-N4-GO-INTR-Aa-LOC-N5.mp4,Aa-SBJ-N4-GO-INTR-Aa-LOC-N5.mp3,5739.551,mouse_continue,12.096,,,,,,,2,Aa-SBJ-N4-GO-INTR-Aa-LOC-N5.mp4,Aa-SBJ-N4-GO-INTR-Aa-LOC-N5.mp3,ALP1105,19660429,2026-04-24_12h46.28.539,BrocantoHPilot1WOSession2,2025.2.4,Win32,59.95203837,,,,,,,,,,,,,,,,,,,,,,,,,,,,,,,,,,,,,,,,,,,,,,,,,,,,,,,,,,,,,,,,,0,39,39,39,1,,,,,,,,,,
,,,,,,,,,,,,5739.556,2,OBJ-N5-SBJ-N2-PUSH-TR-Ab-LOC-N4.mp4,OBJ-N5-SBJ-N2-PUSH-TR-Ab-LOC-N4.mp3,5745.244,mouse_continue,5.689,,,,,,,2,OBJ-N5-SBJ-N2-PUSH-TR-Ab-LOC-N4.mp4,OBJ-N5-SBJ-N2-PUSH-TR-Ab-LOC-N4.mp3,ALP1105,19660429,2026-04-24_12h46.28.539,BrocantoHPilot1WOSession2,2025.2.4,Win32,59.95203837,,,,,,,,,,,,,,,,,,,,,,,,,,,,,,,,,,,,,,,,,,,,,,,,,,,,,,,,,,,,,,,,,0,40,40,40,1,,,,,,,,,,
,,,,,,,,,,,,5745.245,2,OBJ-N5-SBJ-N4-REVEAL-TR.mp4,OBJ-N5-SBJ-N4-REVEAL-TR.mp3,5750.757,mouse_continue,5.512,,,,,,,2,OBJ-N5-SBJ-N4-REVEAL-TR.mp4,OBJ-N5-SBJ-N4-REVEAL-TR.mp3,ALP1105,19660429,2026-04-24_12h46.28.539,BrocantoHPilot1WOSession2,2025.2.4,Win32,59.95203837,,,,,,,,,,,,,,,,,,,,,,,,,,,,,,,,,,,,,,,,,,,,,,,,,,,,,,,,,,,,,,,,,0,41,41,41,1,,,,,,,,,,
,,,,,,,,,,,,,,,,,,,,,,,,,2,,,ALP1105,19660429,2026-04-24_12h46.28.539,BrocantoHPilot1WOSession2,2025.2.4,Win32,59.95203837,5812.316,2,1,2,31.476,0,24.184,31.476,5845.754,,,,,,SBJ-N3-REVEAL-INTR-LOC-N5.mp3,SBJ-N3-REVEAL-INTR-LOC-N5.mp4,SBJ-N3-JUMP-INTR-LOC-N5.mp4,,,,,,,,,,,,,,,,,,,,,,,,,,,,,,,,,,,,,,,,,,,,,,,,,,,,,0,0,0,0,1,,,,,
,,,,,,,,,,,,,,,,,,,,,,,,,2,,,ALP1105,19660429,2026-04-24_12h46.28.539,BrocantoHPilot1WOSession2,2025.2.4,Win32,59.95203837,5845.759,2,2,2,21.173,1,17.141,21.173,5868.75,,,,,,OBJ-N5-SBJ-N4-PUSH-TR-LOC-N2.mp3,OBJ-N5-SBJ-N4-PUSH-TR-LOC-N2.mp4,OBJ-N4-SBJ-N5-REVEAL-TR-LOC-N2.mp4,,,,,,,,,,,,,,,,,,,,,,,,,,,,,,,,,,,,,,,,,,,,,,,,,,,,,0,1,1,1,1,,,,,
,,,,,,,,,,,,,,,,,,,,,,,,,2,,,ALP1105,19660429,2026-04-24_12h46.28.539,BrocantoHPilot1WOSession2,2025.2.4,Win32,59.95203837,5868.755,2,2,2,24.288,1,24.387,24.288,5895.812,,,,,,OBJ-N5-SBJ-N4-HIDE-TR-LOC-N3.mp3,OBJ-N5-SBJ-N4-HIDE-TR-LOC-N3.mp4,OBJ-N5-SBJ-N3-HIDE-TR-LOC-N4.mp4,,,,,,,,,,,,,,,,,,,,,,,,,,,,,,,,,,,,,,,,,,,,,,,,,,,,,0,2,2,2,1,,,,,
,,,,,,,,,,,,,,,,,,,,,,,,,2,,,ALP1105,19660429,2026-04-24_12h46.28.539,BrocantoHPilot1WOSession2,2025.2.4,Win32,59.95203837,5895.815,2,2,2,29.536,1,24.438,29.536,5927.367,,,,,,SBJ-N1-REVEAL-INTR-LOC-N2.mp3,SBJ-N1-REVEAL-INTR-LOC-N2.mp4,SBJ-N1-HIDE-INTR-LOC-N2.mp4,,,,,,,,,,,,,,,,,,,,,,,,,,,,,,,,,,,,,,,,,,,,,,,,,,,,,0,3,3,3,1,,,,,
,,,,,,,,,,,,,,,,,,,,,,,,,2,,,ALP1105,19660429,2026-04-24_12h46.28.539,BrocantoHPilot1WOSession2,2025.2.4,Win32,59.95203837,5927.368,2,1,1,45.858,1,24.161,45.858,5978.423,,,,,,OBJ-N5-SBJ-N4-REVEAL-TR.mp3,OBJ-N5-SBJ-N4-REVEAL-TR.mp4,OBJ-N4-SBJ-N5-PUSH-TR.mp4,,,,,,,,,,,,,,,,,,,,,,,,,,,,,,,,,,,,,,,,,,,,,,,,,,,,,0,4,4,4,1,,,,,
,,,,,,,,,,,,,,,,,,,,,,,,,2,,,ALP1105,19660429,2026-04-24_12h46.28.539,BrocantoHPilot1WOSession2,2025.2.4,Win32,59.95203837,5978.424,2,1,1,20.206,1,19.744,20.206,6000.393,,,,,,SBJ-N2-GO-INTR.mp3,SBJ-N2-GO-INTR.mp4,SBJ-N2-REVEAL-INTR.mp4,,,,,,,,,,,,,,,,,,,,,,,,,,,,,,,,,,,,,,,,,,,,,,,,,,,,,0,5,5,5,1,,,,,
,,,,,,,,,,,,,,,,,,,,,,,,,2,,,ALP1105,19660429,2026-04-24_12h46.28.539,BrocantoHPilot1WOSession2,2025.2.4,Win32,59.95203837,6000.397,2,2,2,18.912,1,18.77,18.912,6029.868,,,,,,SBJ-N5-JUMP-INTR.mp3,SBJ-N5-JUMP-INTR.mp4,SBJ-N5-HIDE-INTR.mp4,,,,,,,,,,,,,,,,,,,,,,,,,,,,,,,,,,,,,,,,,,,,,,,,,,,,,0,6,6,6,1,,,,,
,,,,,,,,,,,,,,,,,,,,,,,,,2,,,ALP1105,19660429,2026-04-24_12h46.28.539,BrocantoHPilot1WOSession2,2025.2.4,Win32,59.95203837,6029.871,2,2,1,57.196,0,22.692,57.196,6091.417,,,,,,OBJ-N5-SBJ-N1-PUSH-TR-LOC-N2.mp3,OBJ-N5-SBJ-N1-PUSH-TR-LOC-N2.mp4,OBJ-N5-SBJ-N2-PUSH-TR-LOC-N1.mp4,,,,,,,,,,,,,,,,,,,,,,,,,,,,,,,,,,,,,,,,,,,,,,,,,,,,,0,7,7,7,1,,,,,
,,,,,,,,,,,,,,,,,,,,,,,,,2,,,ALP1105,19660429,2026-04-24_12h46.28.539,BrocantoHPilot1WOSession2,2025.2.4,Win32,59.95203837,6091.419,2,2,2,29.418,1,17.477,29.418,6123.698,,,,,,SBJ-N1-REVEAL-INTR-LOC-N3.mp3,SBJ-N1-REVEAL-INTR-LOC-N3.mp4,SBJ-N3-JUMP-INTR-LOC-N1.mp4,,,,,,,,,,,,,,,,,,,,,,,,,,,,,,,,,,,,,,,,,,,,,,,,,,,,,0,8,8,8,1,,,,,
,,,,,,,,,,,,,,,,,,,,,,,,,2,,,ALP1105,19660429,2026-04-24_12h46.28.539,BrocantoHPilot1WOSession2,2025.2.4,Win32,59.95203837,6123.7,2,2,2,27.605,1,26.641,27.605,6154.869,,,,,,Ab-OBJ-N5-SBJ-N1-REVEAL-TR.mp3,Ab-OBJ-N5-SBJ-N1-REVEAL-TR.mp4,Aa-OBJ-N5-SBJ-N1-HIDE-TR.mp4,,,,,,,,,,,,,,,,,,,,,,,,,,,,,,,,,,,,,,,,,,,,,,,,,,,,,0,9,9,9,1,,,,,
,,,,,,,,,,,,,,,,,,,,,,,,,2,,,ALP1105,19660429,2026-04-24_12h46.28.539,BrocantoHPilot1WOSession2,2025.2.4,Win32,59.95203837,6154.871,2,1,2,35.737,0,24.334,35.737,6192.287,,,,,,Ab-SBJ-N2-HIDE-INTR.mp3,Ab-SBJ-N2-HIDE-INTR.mp4,Aa-SBJ-N2-HIDE-INTR.mp4,,,,,,,,,,,,,,,,,,,,,,,,,,,,,,,,,,,,,,,,,,,,,,,,,,,,,0,10,10,10,1,,,,,
,,,,,,,,,,,,,,,,,,,,,,,,,2,,,ALP1105,19660429,2026-04-24_12h46.28.539,BrocantoHPilot1WOSession2,2025.2.4,Win32,59.95203837,6192.289,2,1,2,18.385,0,18.281,18.385,6213.353,,,,,,OBJ-N5-SBJ-N1-HIDE-TR-LOC-N2.mp3,OBJ-N5-SBJ-N1-HIDE-TR-LOC-N2.mp4,OBJ-N2-SBJ-N1-HIDE-TR-LOC-N5.mp4,,,,,,,,,,,,,,,,,,,,,,,,,,,,,,,,,,,,,,,,,,,,,,,,,,,,,0,11,11,11,1,,,,,
,,,,,,,,,,,,,,,,,,,,,,,,,2,,,ALP1105,19660429,2026-04-24_12h46.28.539,BrocantoHPilot1WOSession2,2025.2.4,Win32,59.95203837,6213.354,2,2,1,22.458,0,22.66,22.458,6237.569,,,,,,OBJ-N5-Ab-SBJ-N1-HIDE-TR.mp3,OBJ-N5-Ab-SBJ-N1-HIDE-TR.mp4,Aa-OBJ-N1-SBJ-N5-HIDE-TR.mp4,,,,,,,,,,,,,,,,,,,,,,,,,,,,,,,,,,,,,,,,,,,,,,,,,,,,,0,12,12,12,1,,,,,
,,,,,,,,,,,,,,,,,,,,,,,,,2,,,ALP1105,19660429,2026-04-24_12h46.28.539,BrocantoHPilot1WOSession2,2025.2.4,Win32,59.95203837,6237.574,2,1,2,25.407,0,16.704,25.407,6264.612,,,,,,OBJ-N5-Ab-SBJ-N1-REVEAL-TR.mp3,OBJ-N5-Ab-SBJ-N1-REVEAL-TR.mp4,OBJ-N5-Aa-SBJ-N1-PUSH-TR.mp4,,,,,,,,,,,,,,,,,,,,,,,,,,,,,,,,,,,,,,,,,,,,,,,,,,,,,0,13,13,13,1,,,,,
,,,,,,,,,,,,,,,,,,,,,,,,,2,,,ALP1105,19660429,2026-04-24_12h46.28.539,BrocantoHPilot1WOSession2,2025.2.4,Win32,59.95203837,6264.615,2,2,2,15,1,15.095,15,6281.234,,,,,,OBJ-N5-SBJ-N4-PUSH-TR-LOC-N1.mp3,OBJ-N5-SBJ-N4-PUSH-TR-LOC-N1.mp4,OBJ-N4-SBJ-N5-HIDE-TR-LOC-N1.mp4,,,,,,,,,,,,,,,,,,,,,,,,,,,,,,,,,,,,,,,,,,,,,,,,,,,,,0,14,14,14,1,,,,,
,,,,,,,,,,,,,,,,,,,,,,,,,2,,,ALP1105,19660429,2026-04-24_12h46.28.539,BrocantoHPilot1WOSession2,2025.2.4,Win32,59.95203837,6281.235,2,2,2,15.943,1,,15.943,6298.99,,,,,,Ab-SBJ-N2-GO-INTR.mp3,Ab-SBJ-N2-GO-INTR.mp4,Aa-SBJ-N2-GO-INTR.mp4,,,,,,,,,,,,,,,,,,,,,,,,,,,,,,,,,,,,,,,,,,,,,,,,,,,,,0,15,15,15,1,,,,,
,,,,,,,,,,,,,,,,,,,,,,,,,2,,,ALP1105,19660429,2026-04-24_12h46.28.539,BrocantoHPilot1WOSession2,2025.2.4,Win32,59.95203837,6298.993,2,1,1,17.743,1,17.056,17.743,6318.426,,,,,,SBJ-N5-HIDE-INTR.mp3,SBJ-N5-HIDE-INTR.mp4,SBJ-N5-REVEAL-INTR.mp4,,,,,,,,,,,,,,,,,,,,,,,,,,,,,,,,,,,,,,,,,,,,,,,,,,,,,0,16,16,16,1,,,,,
,,,,,,,,,,,,,,,,,,,,,,,,,2,,,ALP1105,19660429,2026-04-24_12h46.28.539,BrocantoHPilot1WOSession2,2025.2.4,Win32,59.95203837,6318.428,2,2,2,25.31,1,25.018,25.31,6345.492,,,,,,SBJ-N1-JUMP-INTR-LOC-N3.mp3,SBJ-N1-JUMP-INTR-LOC-N3.mp4,SBJ-N3-JUMP-INTR-LOC-N1.mp4,,,,,,,,,,,,,,,,,,,,,,,,,,,,,,,,,,,,,,,,,,,,,,,,,,,,,0,17,17,17,1,,,,,
,,,,,,,,,,,,,,,,,,,,,,,,,2,,,ALP1105,19660429,2026-04-24_12h46.28.539,BrocantoHPilot1WOSession2,2025.2.4,Win32,59.95203837,6345.493,2,1,1,18.49,1,18.346,18.49,6365.707,,,,,,SBJ-N5-GO-INTR-LOC-N2.mp3,SBJ-N5-GO-INTR-LOC-N2.mp4,SBJ-N2-HIDE-INTR-LOC-N5.mp4,,,,,,,,,,,,,,,,,,,,,,,,,,,,,,,,,,,,,,,,,,,,,,,,,,,,,0,18,18,18,1,,,,,
,,,,,,,,,,,,,,,,,,,,,,,,,2,,,ALP1105,19660429,2026-04-24_12h46.28.539,BrocantoHPilot1WOSession2,2025.2.4,Win32,59.95203837,6365.71,2,2,2,18.556,1,18.979,18.556,6385.994,,,,,,SBJ-N3-HIDE-INTR-LOC-N5.mp3,SBJ-N3-HIDE-INTR-LOC-N5.mp4,SBJ-N5-HIDE-INTR-LOC-N3.mp4,,,,,,,,,,,,,,,,,,,,,,,,,,,,,,,,,,,,,,,,,,,,,,,,,,,,,0,19,19,19,1,,,,,
,,,,,,,,,,,,,,,,,,,,,,,,,2,,,ALP1105,19660429,2026-04-24_12h46.28.539,BrocantoHPilot1WOSession2,2025.2.4,Win32,59.95203837,6385.995,2,2,2,20.333,1,20.386,20.333,6408.002,,,,,,OBJ-N5-SBJ-N3-PUSH-TR-LOC-N1.mp3,OBJ-N5-SBJ-N3-PUSH-TR-LOC-N1.mp4,OBJ-N5-SBJ-N3-REVEAL-TR-LOC-N1.mp4,,,,,,,,,,,,,,,,,,,,,,,,,,,,,,,,,,,,,,,,,,,,,,,,,,,,,0,20,20,20,1,,,,,
,,,,,,,,,,,,,,,,,,,,,,,,,2,,,ALP1105,19660429,2026-04-24_12h46.28.539,BrocantoHPilot1WOSession2,2025.2.4,Win32,59.95203837,6408.004,2,1,2,19.382,0,19.433,19.382,6432.782,,,,,,Ab-OBJ-N5-SBJ-N1-REVEAL-TR.mp3,Ab-OBJ-N5-SBJ-N1-REVEAL-TR.mp4,OBJ-N1-Aa-SBJ-N5-REVEAL-TR.mp4,,,,,,,,,,,,,,,,,,,,,,,,,,,,,,,,,,,,,,,,,,,,,,,,,,,,,0,21,21,21,1,,,,,
,,,,,,,,,,,,,,,,,,,,,,,,,2,,,ALP1105,19660429,2026-04-24_12h46.28.539,BrocantoHPilot1WOSession2,2025.2.4,Win32,59.95203837,6432.784,2,1,2,18.584,0,17.974,18.584,6453.07,,,,,,OBJ-N5-SBJ-N1-PUSH-TR-Ab-LOC-N3.mp3,OBJ-N5-SBJ-N1-PUSH-TR-Ab-LOC-N3.mp4,OBJ-N5-SBJ-N1-REVEAL-TR-Aa-LOC-N3.mp4,,,,,,,,,,,,,,,,,,,,,,,,,,,,,,,,,,,,,,,,,,,,,,,,,,,,,0,22,22,22,1,,,,,
,,,,,,,,,,,,,,,,,,,,,,,,,2,,,ALP1105,19660429,2026-04-24_12h46.28.539,BrocantoHPilot1WOSession2,2025.2.4,Win32,59.95203837,6453.072,2,2,1,25.39,0,21.224,25.39,6481.157,,,,,,Ab-SBJ-N2-REVEAL-INTR-Ab-LOC-N4.mp3,Ab-SBJ-N2-REVEAL-INTR-Ab-LOC-N4.mp4,Ab-SBJ-N4-REVEAL-INTR-Aa-LOC-N2.mp4,,,,,,,,,,,,,,,,,,,,,,,,,,,,,,,,,,,,,,,,,,,,,,,,,,,,,0,23,23,23,1,,,,,
,,,,,,,,,,,,,,,,,,,,,,,,,2,,,ALP1105,19660429,2026-04-24_12h46.28.539,BrocantoHPilot1WOSession2,2025.2.4,Win32,59.95203837,6481.158,2,1,1,15.426,1,,15.426,6499.321,,,,,,OBJ-N5-Ab-SBJ-N1-REVEAL-TR-Ab-LOC-N3.mp3,OBJ-N5-Ab-SBJ-N1-REVEAL-TR-Ab-LOC-N3.mp4,OBJ-N5-Ab-SBJ-N1-REVEAL-TR-Aa-LOC-N3.mp4,,,,,,,,,,,,,,,,,,,,,,,,,,,,,,,,,,,,,,,,,,,,,,,,,,,,,0,24,24,24,1,,,,,
,,,,,,,,,,,,,,,,,,,,,,,,,2,,,ALP1105,19660429,2026-04-24_12h46.28.539,BrocantoHPilot1WOSession2,2025.2.4,Win32,59.95203837,6499.323,2,2,2,18.707,1,18.85,18.707,6519.886,,,,,,Ab-SBJ-N4-REVEAL-INTR-LOC-N3.mp3,Ab-SBJ-N4-REVEAL-INTR-LOC-N3.mp4,Aa-SBJ-N4-JUMP-INTR-LOC-N3.mp4,,,,,,,,,,,,,,,,,,,,,,,,,,,,,,,,,,,,,,,,,,,,,,,,,,,,,0,25,25,25,1,,,,,
,,,,,,,,,,,,,,,,,,,,,,,,,2,,,ALP1105,19660429,2026-04-24_12h46.28.539,BrocantoHPilot1WOSession2,2025.2.4,Win32,59.95203837,6519.888,2,1,1,19.245,1,20.961,19.245,6542.386,,,,,,Ab-SBJ-N5-REVEAL-INTR-Ab-LOC-N4.mp3,Ab-SBJ-N5-REVEAL-INTR-Ab-LOC-N4.mp4,Ab-SBJ-N4-REVEAL-INTR-Aa-LOC-N5.mp4,,,,,,,,,,,,,,,,,,,,,,,,,,,,,,,,,,,,,,,,,,,,,,,,,,,,,0,26,26,26,1,,,,,
,,,,,,,,,,,,,,,,,,,,,,,,,2,,,ALP1105,19660429,2026-04-24_12h46.28.539,BrocantoHPilot1WOSession2,2025.2.4,Win32,59.95203837,6542.391,2,2,2,19.485,1,18.576,19.485,6565.261,,,,,,Ab-OBJ-N5-SBJ-N3-PUSH-TR.mp3,Ab-OBJ-N5-SBJ-N3-PUSH-TR.mp4,Aa-OBJ-N5-SBJ-N3-PUSH-TR.mp4,,,,,,,,,,,,,,,,,,,,,,,,,,,,,,,,,,,,,,,,,,,,,,,,,,,,,0,27,27,27,1,,,,,
,,,,,,,,,,,,,,,,,,,,,,,,,2,,,ALP1105,19660429,2026-04-24_12h46.28.539,BrocantoHPilot1WOSession2,2025.2.4,Win32,59.95203837,6565.262,2,2,2,22.907,1,20.737,22.907,6589.893,,,,,,Ab-SBJ-N4-JUMP-INTR.mp3,Ab-SBJ-N4-JUMP-INTR.mp4,Aa-SBJ-N4-GO-INTR.mp4,,,,,,,,,,,,,,,,,,,,,,,,,,,,,,,,,,,,,,,,,,,,,,,,,,,,,0,28,28,28,1,,,,,
,,,,,,,,,,,,,,,,,,,,,,,,,2,,,ALP1105,19660429,2026-04-24_12h46.28.539,BrocantoHPilot1WOSession2,2025.2.4,Win32,59.95203837,6589.896,2,2,1,25.778,0,22.977,25.778,6620.503,,,,,,Ab-OBJ-N5-SBJ-N4-HIDE-TR-LOC-N3.mp3,Ab-OBJ-N5-SBJ-N4-HIDE-TR-LOC-N3.mp4,OBJ-N3-SBJ-N4-HIDE-TR-Aa-LOC-N5.mp4,,,,,,,,,,,,,,,,,,,,,,,,,,,,,,,,,,,,,,,,,,,,,,,,,,,,,0,29,29,29,1,,,,,
,,,,,,,,,,,,,,,,,,,,,,,,,2,,,ALP1105,19660429,2026-04-24_12h46.28.539,BrocantoHPilot1WOSession2,2025.2.4,Win32,59.95203837,6620.504,2,2,2,17.537,1,18.049,17.537,6647.082,,,,,,Ab-OBJ-N5-SBJ-N4-REVEAL-TR.mp3,Ab-OBJ-N5-SBJ-N4-REVEAL-TR.mp4,Aa-OBJ-N5-SBJ-N4-REVEAL-TR.mp4,,,,,,,,,,,,,,,,,,,,,,,,,,,,,,,,,,,,,,,,,,,,,,,,,,,,,0,30,30,30,1,,,,,
,,,,,,,,,,,,,,,,,,,,,,,,,2,,,ALP1105,19660429,2026-04-24_12h46.28.539,BrocantoHPilot1WOSession2,2025.2.4,Win32,59.95203837,6647.085,2,2,2,20.436,1,20.343,20.436,6669.294,,,,,,Ab-OBJ-N5-Ab-SBJ-N2-HIDE-TR-LOC-N4.mp3,Ab-OBJ-N5-Ab-SBJ-N2-HIDE-TR-LOC-N4.mp4,Ab-OBJ-N5-Aa-SBJ-N2-REVEAL-TR-LOC-N4.mp4,,,,,,,,,,,,,,,,,,,,,,,,,,,,,,,,,,,,,,,,,,,,,,,,,,,,,0,31,31,31,1,,,,,
,,,,,,,,,,,,,,,,,,,,,,,,,2,,,ALP1105,19660429,2026-04-24_12h46.28.539,BrocantoHPilot1WOSession2,2025.2.4,Win32,59.95203837,6669.296,2,1,1,21.905,1,16.564,21.905,6692.86,,,,,,Ab-SBJ-N4-GO-INTR.mp3,Ab-SBJ-N4-GO-INTR.mp4,Aa-SBJ-N4-GO-INTR.mp4,,,,,,,,,,,,,,,,,,,,,,,,,,,,,,,,,,,,,,,,,,,,,,,,,,,,,0,32,32,32,1,,,,,
,,,,,,,,,,,,,,,,,,,,,,,,,2,,,ALP1105,19660429,2026-04-24_12h46.28.539,BrocantoHPilot1WOSession2,2025.2.4,Win32,59.95203837,6692.861,2,1,1,15.571,1,15.991,15.571,6710.669,,,,,,Ab-OBJ-N5-Ab-SBJ-N1-PUSH-TR.mp3,Ab-OBJ-N5-Ab-SBJ-N1-PUSH-TR.mp4,Ab-OBJ-N1-Aa-SBJ-N5-PUSH-TR.mp4,,,,,,,,,,,,,,,,,,,,,,,,,,,,,,,,,,,,,,,,,,,,,,,,,,,,,0,33,33,33,1,,,,,
,,,,,,,,,,,,,,,,,,,,,,,,,2,,,ALP1105,19660429,2026-04-24_12h46.28.539,BrocantoHPilot1WOSession2,2025.2.4,Win32,59.95203837,6710.67,2,2,2,29.024,1,20.481,29.024,6742.82,,,,,,Ab-SBJ-N5-HIDE-INTR.mp3,Ab-SBJ-N5-HIDE-INTR.mp4,Aa-SBJ-N5-REVEAL-INTR.mp4,,,,,,,,,,,,,,,,,,,,,,,,,,,,,,,,,,,,,,,,,,,,,,,,,,,,,0,34,34,34,1,,,,,
,,,,,,,,,,,,,,,,,,,,,,,,,2,,,ALP1105,19660429,2026-04-24_12h46.28.539,BrocantoHPilot1WOSession2,2025.2.4,Win32,59.95203837,6742.824,2,1,2,23.19,0,23.142,23.19,6768.924,,,,,,Ab-OBJ-N5-SBJ-N2-REVEAL-TR-Ab-LOC-N3.mp3,Ab-OBJ-N5-SBJ-N2-REVEAL-TR-Ab-LOC-N3.mp4,Ab-OBJ-N3-SBJ-N2-HIDE-TR-Ab-LOC-N5.mp4,,,,,,,,,,,,,,,,,,,,,,,,,,,,,,,,,,,,,,,,,,,,,,,,,,,,,0,35,35,35,1,,,,,
,,,,,,,,,,,,,,,,,,,,,,,,,2,,,ALP1105,19660429,2026-04-24_12h46.28.539,BrocantoHPilot1WOSession2,2025.2.4,Win32,59.95203837,6768.926,2,2,2,31.433,1,17.537,31.433,6802.387,,,,,,Ab-SBJ-N5-HIDE-INTR.mp3,Ab-SBJ-N5-HIDE-INTR.mp4,Ab-SBJ-N5-GO-INTR.mp4,,,,,,,,,,,,,,,,,,,,,,,,,,,,,,,,,,,,,,,,,,,,,,,,,,,,,0,36,36,36,1,,,,,
,,,,,,,,,,,,,,,,,,,,,,,,,2,,,ALP1105,19660429,2026-04-24_12h46.28.539,BrocantoHPilot1WOSession2,2025.2.4,Win32,59.95203837,6802.389,2,2,2,19.399,1,19.689,19.399,6823.652,,,,,,Ab-SBJ-N4-JUMP-INTR-LOC-N3.mp3,Ab-SBJ-N4-JUMP-INTR-LOC-N3.mp4,SBJ-N3-JUMP-INTR-Ab-LOC-N4.mp4,,,,,,,,,,,,,,,,,,,,,,,,,,,,,,,,,,,,,,,,,,,,,,,,,,,,,0,37,37,37,1,,,,,
,,,,,,,,,,,,,,,,,,,,,,,,,2,,,ALP1105,19660429,2026-04-24_12h46.28.539,BrocantoHPilot1WOSession2,2025.2.4,Win32,59.95203837,6823.653,2,1,1,17.325,1,17.544,17.325,6843.66,,,,,,Ab-SBJ-N4-GO-INTR-Ab-LOC-N3.mp3,Ab-SBJ-N4-GO-INTR-Ab-LOC-N3.mp4,Ab-SBJ-N3-GO-INTR-Aa-LOC-N4.mp4,,,,,,,,,,,,,,,,,,,,,,,,,,,,,,,,,,,,,,,,,,,,,,,,,,,,,0,38,38,38,1,,,,,
,,,,,,,,,,,,,,,,,,,,,,,,,2,,,ALP1105,19660429,2026-04-24_12h46.28.539,BrocantoHPilot1WOSession2,2025.2.4,Win32,59.95203837,6843.663,2,2,2,21.032,1,20.186,21.032,6866.406,,,,,,Ab-SBJ-N2-HIDE-INTR-Aa-LOC-N1.mp3,Ab-SBJ-N2-HIDE-INTR-Aa-LOC-N1.mp4,Ab-SBJ-N2-HIDE-INTR-Ab-LOC-N1.mp4,,,,,,,,,,,,,,,,,,,,,,,,,,,,,,,,,,,,,,,,,,,,,,,,,,,,,0,39,39,39,1,,,,,
,,,,,,,,,,,,,,,,,,,,,,,,,2,,,ALP1105,19660429,2026-04-24_12h46.28.539,BrocantoHPilot1WOSession2,2025.2.4,Win32,59.95203837,6866.407,2,2,2,19.372,1,19.12,19.372,6887.544,,,,,,Ab-OBJ-N5-SBJ-N1-PUSH-TR-LOC-N4.mp3,Ab-OBJ-N5-SBJ-N1-PUSH-TR-LOC-N4.mp4,OBJ-N1-Ab-SBJ-N5-HIDE-TR-LOC-N4.mp4,,,,,,,,,,,,,,,,,,,,,,,,,,,,,,,,,,,,,,,,,,,,,,,,,,,,,0,40,40,40,1,,,,,
,,,,,,,,,,,,,,,,,,,,,,,,,2,,,ALP1105,19660429,2026-04-24_12h46.28.539,BrocantoHPilot1WOSession2,2025.2.4,Win32,59.95203837,6887.544,2,2,2,19.651,1,17.818,19.651,6910.674,,,,,,Ab-OBJ-N5-Ab-SBJ-N3-PUSH-TR.mp3,Ab-OBJ-N5-Ab-SBJ-N3-PUSH-TR.mp4,Ab-OBJ-N3-Ab-SBJ-N5-PUSH-TR.mp4,,,,,,,,,,,,,,,,,,,,,,,,,,,,,,,,,,,,,,,,,,,,,,,,,,,,,0,41,41,41,1,,,,,
,,,,,,,,,,,,,,,,,,,,,,,,,2,,,ALP1105,19660429,2026-04-24_12h46.28.539,BrocantoHPilot1WOSession2,2025.2.4,Win32,59.95203837,,,,,,,,,,,,,,,SBJ.N4 REVEAL-INTR LOC.N5,,,6925.761,2,SBJ-N4-REVEAL-INTR-LOC-N5.mp4,N4|REVEAL|N5,HIDE|Aa|PUSH|N2|N5|N4|REVEAL,dabi|girda|timó,zsübe|gyék|vánta|murak|timó|dabi|girda,0,8.407,30.828,dabi timó vánta,6965.308,,,,,,SBJ-N4-REVEAL-INTR-LOC-N5.mp4,N4|REVEAL|N5,HIDE|Aa|PUSH|N2|N5|N4|REVEAL,dabi girda timó,dabi|girda|timó,zsübe|gyék|vánta|murak|timó|dabi|girda,,,,,,,,,,,,,,,,,,,,,,,,,,,,,,,,,,,0,0,0,0,1
,,,,,,,,,,,,,,,,,,,,,,,,,2,,,ALP1105,19660429,2026-04-24_12h46.28.539,BrocantoHPilot1WOSession2,2025.2.4,Win32,59.95203837,,,,,,,,,,,,,,,OBJ.N5 SBJ.N4 HIDE-TR LOC.N3,,,6965.843,2,OBJ-N5-SBJ-N4-HIDE-TR-LOC-N3.mp4,N5|N4|HIDE|N3,N3|N2|N4|HIDE|N5|N1|JUMP|Ab,timó|dabi|zsübe|zilép,zilép|murak|dabi|zsübe|timó|pekli|bonip|zsot,0,6.796,33.497,zsot dabi zsübe timó,7004.473,,,,,,OBJ-N5-SBJ-N4-HIDE-TR-LOC-N3.mp4,N5|N4|HIDE|N3,N3|N2|N4|HIDE|N5|N1|JUMP|Ab,timó dabi zsübe zilép,timó|dabi|zsübe|zilép,zilép|murak|dabi|zsübe|timó|pekli|bonip|zsot,,,,,,,,,,,,,,,,,,,,,,,,,,,,,,,,,,,0,1,1,1,1
,,,,,,,,,,,,,,,,,,,,,,,,,2,,,ALP1105,19660429,2026-04-24_12h46.28.539,BrocantoHPilot1WOSession2,2025.2.4,Win32,59.95203837,,,,,,,,,,,,,,,SBJ.N3 REVEAL-INTR LOC.N4,,,7004.991,2,SBJ-N3-REVEAL-INTR-LOC-N4.mp4,N3|REVEAL|N4,JUMP|Aa|GO|REVEAL|N3|N5|N4,zilép|girda|dabi,bonip|gyék|kávler|girda|zilép|timó|dabi,1,7.992,27.34,zilép girda dabi,7035.99,,,,,,SBJ-N3-REVEAL-INTR-LOC-N4.mp4,N3|REVEAL|N4,JUMP|Aa|GO|REVEAL|N3|N5|N4,zilép girda dabi,zilép|girda|dabi,bonip|gyék|kávler|girda|zilép|timó|dabi,,,,,,,,,,,,,,,,,,,,,,,,,,,,,,,,,,,0,2,2,2,1
,,,,,,,,,,,,,,,,,,,,,,,,,2,,,ALP1105,19660429,2026-04-24_12h46.28.539,BrocantoHPilot1WOSession2,2025.2.4,Win32,59.95203837,,,,,,,,,,,,,,,OBJ.N5 SBJ.N1 REVEAL-TR LOC.N4,,,7036.496,2,OBJ-N5-SBJ-N1-REVEAL-TR-LOC-N4.mp4,N5|N1|REVEAL|N4,Aa|PUSH|REVEAL|N5|N4|GO|N1|N3,timó|pekli|girda|dabi,gyék|vánta|girda|timó|dabi|kávler|pekli|zilép,0,7.927,34.864,timó girda zilép,7076.565,,,,,,OBJ-N5-SBJ-N1-REVEAL-TR-LOC-N4.mp4,N5|N1|REVEAL|N4,Aa|PUSH|REVEAL|N5|N4|GO|N1|N3,timó pekli girda dabi,timó|pekli|girda|dabi,gyék|vánta|girda|timó|dabi|kávler|pekli|zilép,,,,,,,,,,,,,,,,,,,,,,,,,,,,,,,,,,,0,3,3,3,1
,,,,,,,,,,,,,,,,,,,,,,,,,2,,,ALP1105,19660429,2026-04-24_12h46.28.539,BrocantoHPilot1WOSession2,2025.2.4,Win32,59.95203837,,,,,,,,,,,,,,,SBJ.N3 JUMP-INTR,,,7077.081,2,SBJ-N3-JUMP-INTR.mp4,N3|JUMP,REVEAL|Aa|HIDE|JUMP|N2|N3,zilép|bonip,girda|gyék|zsübe|bonip|murak|zilép,1,6.631,17.227,zilép bonip,7097.227,,,,,,SBJ-N3-JUMP-INTR.mp4,N3|JUMP,REVEAL|Aa|HIDE|JUMP|N2|N3,zilép bonip,zilép|bonip,girda|gyék|zsübe|bonip|murak|zilép,,,,,,,,,,,,,,,,,,,,,,,,,,,,,,,,,,,0,4,4,4,1
,,,,,,,,,,,,,,,,,,,,,,,,,2,,,ALP1105,19660429,2026-04-24_12h46.28.539,BrocantoHPilot1WOSession2,2025.2.4,Win32,59.95203837,,,,,,,,,,,,,,,OBJ.N5 Ab SBJ.N3 PUSH-TR,,,7097.747,2,OBJ-N5-Ab-SBJ-N3-PUSH-TR.mp4,N5|Ab|N3|PUSH,Ab|N5|GO|N3|HIDE|Aa|N2|PUSH,timó|zsot|zilép|vánta,zsot|timó|kávler|zilép|zsübe|gyék|murak|vánta,0,5.783,21.532,zilép zsot vánta,7122.633,,,,,,OBJ-N5-Ab-SBJ-N3-PUSH-TR.mp4,N5|Ab|N3|PUSH,Ab|N5|GO|N3|HIDE|Aa|N2|PUSH,timó zsot zilép vánta,timó|zsot|zilép|vánta,zsot|timó|kávler|zilép|zsübe|gyék|murak|vánta,,,,,,,,,,,,,,,,,,,,,,,,,,,,,,,,,,,0,5,5,5,1
,,,,,,,,,,,,,,,,,,,,,,,,,2,,,ALP1105,19660429,2026-04-24_12h46.28.539,BrocantoHPilot1WOSession2,2025.2.4,Win32,59.95203837,,,,,,,,,,,,,,,Ab SBJ.N4 HIDE-INTR,,,7123.192,2,Ab-SBJ-N4-HIDE-INTR.mp4,Ab|N4|HIDE,Ab|JUMP|N4|HIDE|GO|N2|REVEAL,zsot|dabi|zsübe,zsot|bonip|dabi|zsübe|kávler|murak|girda,0,6.469,20.814,dabi zsot girda,7149.222,,,,,,Ab-SBJ-N4-HIDE-INTR.mp4,Ab|N4|HIDE,Ab|JUMP|N4|HIDE|GO|N2|REVEAL,zsot dabi zsübe,zsot|dabi|zsübe,zsot|bonip|dabi|zsübe|kávler|murak|girda,,,,,,,,,,,,,,,,,,,,,,,,,,,,,,,,,,,0,6,6,6,1
,,,,,,,,,,,,,,,,,,,,,,,,,2,,,ALP1105,19660429,2026-04-24_12h46.28.539,BrocantoHPilot1WOSession2,2025.2.4,Win32,59.95203837,,,,,,,,,,,,,,,SBJ.N2 REVEAL-INTR LOC.N3,,,7149.727,2,SBJ-N2-REVEAL-INTR-LOC-N3.mp4,N2|REVEAL|N3,N3|JUMP|PUSH|N2|REVEAL|Ab|Aa,murak|girda|zilép,zilép|bonip|vánta|murak|girda|zsot|gyék,0,14.257,56.096,murak girda zsot gyék,7209.908,,,,,,SBJ-N2-REVEAL-INTR-LOC-N3.mp4,N2|REVEAL|N3,N3|JUMP|PUSH|N2|REVEAL|Ab|Aa,murak girda zilép,murak|girda|zilép,zilép|bonip|vánta|murak|girda|zsot|gyék,,,,,,,,,,,,,,,,,,,,,,,,,,,,,,,,,,,0,7,7,7,1
,,,,,,,,,,,,,,,,,,,,,,,,,2,,,ALP1105,19660429,2026-04-24_12h46.28.539,BrocantoHPilot1WOSession2,2025.2.4,Win32,59.95203837,,,,,,,,,,,,,,,OBJ.N5 SBJ.N3 PUSH-TR,,,7210.425,2,OBJ-N5-SBJ-N3-PUSH-TR.mp4,N5|N3|PUSH,JUMP|N3|PUSH|N4|HIDE|N5|N1,timó|zilép|vánta,bonip|zilép|vánta|dabi|zsübe|timó|pekli,0,4.786,21.372,zilép timó vánta,7235.699,,,,,,OBJ-N5-SBJ-N3-PUSH-TR.mp4,N5|N3|PUSH,JUMP|N3|PUSH|N4|HIDE|N5|N1,timó zilép vánta,timó|zilép|vánta,bonip|zilép|vánta|dabi|zsübe|timó|pekli,,,,,,,,,,,,,,,,,,,,,,,,,,,,,,,,,,,0,8,8,8,1
,,,,,,,,,,,,,,,,,,,,,,,,,2,,,ALP1105,19660429,2026-04-24_12h46.28.539,BrocantoHPilot1WOSession2,2025.2.4,Win32,59.95203837,,,,,,,,,,,,,,,OBJ.N5 SBJ.N1 HIDE-TR LOC.N4,,,7236.21,2,OBJ-N5-SBJ-N1-HIDE-TR-LOC-N4.mp4,N5|N1|HIDE|N4,GO|N3|N2|N4|HIDE|JUMP|N1|N5,timó|pekli|zsübe|dabi,kávler|zilép|murak|dabi|zsübe|bonip|pekli|timó,0,10.394,32.698,zilép timó zsübe,7272.345,,,,,,OBJ-N5-SBJ-N1-HIDE-TR-LOC-N4.mp4,N5|N1|HIDE|N4,GO|N3|N2|N4|HIDE|JUMP|N1|N5,timó pekli zsübe dabi,timó|pekli|zsübe|dabi,kávler|zilép|murak|dabi|zsübe|bonip|pekli|timó,,,,,,,,,,,,,,,,,,,,,,,,,,,,,,,,,,,0,9,9,9,1
,,,,,,,,,,,,,,,,,,,,,,,,,2,,,ALP1105,19660429,2026-04-24_12h46.28.539,BrocantoHPilot1WOSession2,2025.2.4,Win32,59.95203837,,,,,,,,,,,,,,,OBJ.N5 SBJ.N2 REVEAL-TR LOC.N1,,,7272.881,2,OBJ-N5-SBJ-N2-REVEAL-TR-LOC-N1.mp4,N5|N2|REVEAL|N1,N1|PUSH|HIDE|REVEAL|N4|N5|Aa|N2,timó|murak|girda|pekli,pekli|vánta|zsübe|girda|dabi|timó|gyék|murak,0,7.485,16.156,timó zsübe murak,7309.092,,,,,,OBJ-N5-SBJ-N2-REVEAL-TR-LOC-N1.mp4,N5|N2|REVEAL|N1,N1|PUSH|HIDE|REVEAL|N4|N5|Aa|N2,timó murak girda pekli,timó|murak|girda|pekli,pekli|vánta|zsübe|girda|dabi|timó|gyék|murak,,,,,,,,,,,,,,,,,,,,,,,,,,,,,,,,,,,0,10,10,10,1
,,,,,,,,,,,,,,,,,,,,,,,,,2,,,ALP1105,19660429,2026-04-24_12h46.28.539,BrocantoHPilot1WOSession2,2025.2.4,Win32,59.95203837,,,,,,,,,,,,,,,Ab OBJ.N5 SBJ.N1 PUSH-TR,,,7309.608,2,Ab-OBJ-N5-SBJ-N1-PUSH-TR.mp4,Ab|N5|N1|PUSH,Ab|N1|HIDE|Aa|N4|REVEAL|PUSH|N5,zsot|timó|pekli|vánta,zsot|pekli|zsübe|gyék|dabi|girda|vánta|timó,0,5.693,17.235,pekli zsot timó vánta,7331.547,,,,,,Ab-OBJ-N5-SBJ-N1-PUSH-TR.mp4,Ab|N5|N1|PUSH,Ab|N1|HIDE|Aa|N4|REVEAL|PUSH|N5,zsot timó pekli vánta,zsot|timó|pekli|vánta,zsot|pekli|zsübe|gyék|dabi|girda|vánta|timó,,,,,,,,,,,,,,,,,,,,,,,,,,,,,,,,,,,0,11,11,11,1
,,,,,,,,,,,,,,,,,,,,,,,,,2,,,ALP1105,19660429,2026-04-24_12h46.28.539,BrocantoHPilot1WOSession2,2025.2.4,Win32,59.95203837,,,,,,,,,,,,,,,SBJ.N2 JUMP-INTR,,,7332.05,2,SBJ-N2-JUMP-INTR.mp4,N2|JUMP,N4|HIDE|N2|Aa|GO|JUMP,murak|bonip,dabi|zsübe|murak|gyék|kávler|bonip,1,5.701,16.527,murak bonip,7351.902,,,,,,SBJ-N2-JUMP-INTR.mp4,N2|JUMP,N4|HIDE|N2|Aa|GO|JUMP,murak bonip,murak|bonip,dabi|zsübe|murak|gyék|kávler|bonip,,,,,,,,,,,,,,,,,,,,,,,,,,,,,,,,,,,0,12,12,12,1
,,,,,,,,,,,,,,,,,,,,,,,,,2,,,ALP1105,19660429,2026-04-24_12h46.28.539,BrocantoHPilot1WOSession2,2025.2.4,Win32,59.95203837,,,,,,,,,,,,,,,Ab SBJ.N1 GO-INTR,,,7352.408,2,Ab-SBJ-N1-GO-INTR.mp4,Ab|N1|GO,N4|N2|Ab|HIDE|GO|N3|N1,zsot|pekli|kávler,dabi|murak|zsot|zsübe|kávler|zilép|pekli,0,5.867,44.985,zilép zsot zsübe,7405.355,,,,,,Ab-SBJ-N1-GO-INTR.mp4,Ab|N1|GO,N4|N2|Ab|HIDE|GO|N3|N1,zsot pekli kávler,zsot|pekli|kávler,dabi|murak|zsot|zsübe|kávler|zilép|pekli,,,,,,,,,,,,,,,,,,,,,,,,,,,,,,,,,,,0,13,13,13,1
,,,,,,,,,,,,,,,,,,,,,,,,,2,,,ALP1105,19660429,2026-04-24_12h46.28.539,BrocantoHPilot1WOSession2,2025.2.4,Win32,59.95203837,,,,,,,,,,,,,,,OBJ.N5 Ab SBJ.N3 HIDE-TR,,,7405.883,2,OBJ-N5-Ab-SBJ-N3-HIDE-TR.mp4,N5|Ab|N3|HIDE,N5|HIDE|JUMP|Ab|N1|PUSH|N3|GO,timó|zsot|zilép|zsübe,timó|zsübe|bonip|zsot|pekli|vánta|zilép|kávler,0,7.357,23.609,zilép zsübe zsot timó,7434.677,,,,,,OBJ-N5-Ab-SBJ-N3-HIDE-TR.mp4,N5|Ab|N3|HIDE,N5|HIDE|JUMP|Ab|N1|PUSH|N3|GO,timó zsot zilép zsübe,timó|zsot|zilép|zsübe,timó|zsübe|bonip|zsot|pekli|vánta|zilép|kávler,,,,,,,,,,,,,,,,,,,,,,,,,,,,,,,,,,,0,14,14,14,1
,,,,,,,,,,,,,,,,,,,,,,,,,2,,,ALP1105,19660429,2026-04-24_12h46.28.539,BrocantoHPilot1WOSession2,2025.2.4,Win32,59.95203837,,,,,,,,,,,,,,,OBJ.N5 SBJ.N2 REVEAL-TR LOC.N4,,,7435.195,2,OBJ-N5-SBJ-N2-REVEAL-TR-LOC-N4.mp4,N5|N2|REVEAL|N4,PUSH|N5|Aa|N4|HIDE|REVEAL|GO|N2,timó|murak|girda|dabi,vánta|timó|gyék|dabi|zsübe|girda|kávler|murak,0,6.638,17.839,murak zsübe timó,7466.122,,,,,,OBJ-N5-SBJ-N2-REVEAL-TR-LOC-N4.mp4,N5|N2|REVEAL|N4,PUSH|N5|Aa|N4|HIDE|REVEAL|GO|N2,timó murak girda dabi,timó|murak|girda|dabi,vánta|timó|gyék|dabi|zsübe|girda|kávler|murak,,,,,,,,,,,,,,,,,,,,,,,,,,,,,,,,,,,0,15,15,15,1
,,,,,,,,,,,,,,,,,,,,,,,,,2,,,ALP1105,19660429,2026-04-24_12h46.28.539,BrocantoHPilot1WOSession2,2025.2.4,Win32,59.95203837,,,,,,,,,,,,,,,Ab SBJ.N5 JUMP-INTR,,,7466.642,2,Ab-SBJ-N5-JUMP-INTR.mp4,Ab|N5|JUMP,JUMP|N3|Aa|N2|N5|PUSH|Ab,zsot|timó|bonip,bonip|zilép|gyék|murak|timó|vánta|zsot,1,16.221,24.97,zsot timó bonip,7497.986,,,,,,Ab-SBJ-N5-JUMP-INTR.mp4,Ab|N5|JUMP,JUMP|N3|Aa|N2|N5|PUSH|Ab,zsot timó bonip,zsot|timó|bonip,bonip|zilép|gyék|murak|timó|vánta|zsot,,,,,,,,,,,,,,,,,,,,,,,,,,,,,,,,,,,0,16,16,16,1
,,,,,,,,,,,,,,,,,,,,,,,,,2,,,ALP1105,19660429,2026-04-24_12h46.28.539,BrocantoHPilot1WOSession2,2025.2.4,Win32,59.95203837,,,,,,,,,,,,,,,SBJ.N3 HIDE-INTR LOC.N5,,,7498.494,2,SBJ-N3-HIDE-INTR-LOC-N5.mp4,N3|HIDE|N5,N5|HIDE|N3|PUSH|GO|JUMP|Ab,zilép|zsübe|timó,timó|zsübe|zilép|vánta|kávler|bonip|zsot,1,8.263,17.965,zilép zsübe timó,7519.715,,,,,,SBJ-N3-HIDE-INTR-LOC-N5.mp4,N3|HIDE|N5,N5|HIDE|N3|PUSH|GO|JUMP|Ab,zilép zsübe timó,zilép|zsübe|timó,timó|zsübe|zilép|vánta|kávler|bonip|zsot,,,,,,,,,,,,,,,,,,,,,,,,,,,,,,,,,,,0,17,17,17,1
,,,,,,,,,,,,,,,,,,,,,,,,,2,,,ALP1105,19660429,2026-04-24_12h46.28.539,BrocantoHPilot1WOSession2,2025.2.4,Win32,59.95203837,,,,,,,,,,,,,,,SBJ.N3 GO-INTR LOC.N4,,,7520.234,2,SBJ-N3-GO-INTR-LOC-N4.mp4,N3|GO|N4,N3|Ab|GO|N1|N5|N4|N2,zilép|kávler|dabi,zilép|zsot|kávler|pekli|timó|dabi|murak,0,7.593,15.266,zilép kávler,7547.257,,,,,,SBJ-N3-GO-INTR-LOC-N4.mp4,N3|GO|N4,N3|Ab|GO|N1|N5|N4|N2,zilép kávler dabi,zilép|kávler|dabi,zilép|zsot|kávler|pekli|timó|dabi|murak,,,,,,,,,,,,,,,,,,,,,,,,,,,,,,,,,,,0,18,18,18,1
,,,,,,,,,,,,,,,,,,,,,,,,,2,,,ALP1105,19660429,2026-04-24_12h46.28.539,BrocantoHPilot1WOSession2,2025.2.4,Win32,59.95203837,,,,,,,,,,,,,,,SBJ.N4 JUMP-INTR LOC.N3,,,7547.769,2,SBJ-N4-JUMP-INTR-LOC-N3.mp4,N4|JUMP|N3,JUMP|N2|N3|HIDE|GO|N5|N4,dabi|bonip|zilép,bonip|murak|zilép|zsübe|kávler|timó|dabi,0,6.085,18.564,timó bonip zilép,7577.518,,,,,,SBJ-N4-JUMP-INTR-LOC-N3.mp4,N4|JUMP|N3,JUMP|N2|N3|HIDE|GO|N5|N4,dabi bonip zilép,dabi|bonip|zilép,bonip|murak|zilép|zsübe|kávler|timó|dabi,,,,,,,,,,,,,,,,,,,,,,,,,,,,,,,,,,,0,19,19,19,1
,,,,,,,,,,,,,,,,,,,,,,,,,2,,,ALP1105,19660429,2026-04-24_12h46.28.539,BrocantoHPilot1WOSession2,2025.2.4,Win32,59.95203837,,,,,,,,,,,,,,,OBJ.N5 SBJ.N1 PUSH-TR LOC.N3,,,7578.027,2,OBJ-N5-SBJ-N1-PUSH-TR-LOC-N3.mp4,N5|N1|PUSH|N3,N3|PUSH|N5|N4|GO|N1|REVEAL|Aa,timó|pekli|vánta|zilép,zilép|vánta|timó|dabi|kávler|pekli|girda|gyék,0,5.822,20.665,zilép timó vánta,7615.201,,,,,,OBJ-N5-SBJ-N1-PUSH-TR-LOC-N3.mp4,N5|N1|PUSH|N3,N3|PUSH|N5|N4|GO|N1|REVEAL|Aa,timó pekli vánta zilép,timó|pekli|vánta|zilép,zilép|vánta|timó|dabi|kávler|pekli|girda|gyék,,,,,,,,,,,,,,,,,,,,,,,,,,,,,,,,,,,0,20,20,20,1
,,,,,,,,,,,,,,,,,,,,,,,,,2,,,ALP1105,19660429,2026-04-24_12h46.28.539,BrocantoHPilot1WOSession2,2025.2.4,Win32,59.95203837,,,,,,,,,,,,,,,OBJ.N5 Ab SBJ.N1 REVEAL-TR,,,7615.705,2,OBJ-N5-Ab-SBJ-N1-REVEAL-TR.mp4,N5|Ab|N1|REVEAL,Aa|N1|JUMP|N5|Ab|N2|REVEAL|GO,timó|zsot|pekli|girda,gyék|pekli|bonip|timó|zsot|murak|girda|kávler,0,6.832,33.654,timó girda zsot pekli,7654.312,,,,,,OBJ-N5-Ab-SBJ-N1-REVEAL-TR.mp4,N5|Ab|N1|REVEAL,Aa|N1|JUMP|N5|Ab|N2|REVEAL|GO,timó zsot pekli girda,timó|zsot|pekli|girda,gyék|pekli|bonip|timó|zsot|murak|girda|kávler,,,,,,,,,,,,,,,,,,,,,,,,,,,,,,,,,,,0,21,21,21,1
,,,,,,,,,,,,,,,,,,,,,,,,,2,,,ALP1105,19660429,2026-04-24_12h46.28.539,BrocantoHPilot1WOSession2,2025.2.4,Win32,59.95203837,,,,,,,,,,,,,,,Ab OBJ.N5 Ab SBJ.N1 REVEAL-TR LOC.N2,,,7654.82,2,Ab-OBJ-N5-Ab-SBJ-N1-REVEAL-TR-LOC-N2.mp4,Ab|N5|Ab|N1|REVEAL|N2,Ab|PUSH|N4|JUMP|REVEAL|N1|N5|N2|N3|Ab,zsot|timó|zsot|pekli|girda|murak,zsot|vánta|dabi|bonip|girda|pekli|timó|murak|zilép|zsot,0,5.975,19.084,timó zsot zsot zilép vánta,7683.92,,,,,,Ab-OBJ-N5-Ab-SBJ-N1-REVEAL-TR-LOC-N2.mp4,Ab|N5|Ab|N1|REVEAL|N2,Ab|PUSH|N4|JUMP|REVEAL|N1|N5|N2|N3|Ab,zsot timó zsot pekli girda murak,zsot|timó|zsot|pekli|girda|murak,zsot|vánta|dabi|bonip|girda|pekli|timó|murak|zilép|zsot,,,,,,,,,,,,,,,,,,,,,,,,,,,,,,,,,,,0,22,22,22,1
,,,,,,,,,,,,,,,,,,,,,,,,,2,,,ALP1105,19660429,2026-04-24_12h46.28.539,BrocantoHPilot1WOSession2,2025.2.4,Win32,59.95203837,,,,,,,,,,,,,,,SBJ.N1 REVEAL-INTR LOC.N5,,,7684.429,2,SBJ-N1-REVEAL-INTR-LOC-N5.mp4,N1|REVEAL|N5,GO|N5|REVEAL|Aa|PUSH|Ab|N1,pekli|girda|timó,kávler|timó|girda|gyék|vánta|zsot|pekli,0,7.412,19.6,timó girda pekli,7708.835,,,,,,SBJ-N1-REVEAL-INTR-LOC-N5.mp4,N1|REVEAL|N5,GO|N5|REVEAL|Aa|PUSH|Ab|N1,pekli girda timó,pekli|girda|timó,kávler|timó|girda|gyék|vánta|zsot|pekli,,,,,,,,,,,,,,,,,,,,,,,,,,,,,,,,,,,0,23,23,23,1
,,,,,,,,,,,,,,,,,,,,,,,,,2,,,ALP1105,19660429,2026-04-24_12h46.28.539,BrocantoHPilot1WOSession2,2025.2.4,Win32,59.95203837,,,,,,,,,,,,,,,OBJ.N5 SBJ.N1 HIDE-TR Ab LOC.N4,,,7709.345,2,OBJ-N5-SBJ-N1-HIDE-TR-Ab-LOC-N4.mp4,N5|N1|HIDE|Ab|N4,N1|N5|GO|PUSH|HIDE|Ab|N2|N4|N3,timó|pekli|zsübe|zsot|dabi,pekli|timó|kávler|vánta|zsübe|zsot|murak|dabi|zilép,0,6.899,11.714,timó zsot vánta zilép,7724.461,,,,,,OBJ-N5-SBJ-N1-HIDE-TR-Ab-LOC-N4.mp4,N5|N1|HIDE|Ab|N4,N1|N5|GO|PUSH|HIDE|Ab|N2|N4|N3,timó pekli zsübe zsot dabi,timó|pekli|zsübe|zsot|dabi,pekli|timó|kávler|vánta|zsübe|zsot|murak|dabi|zilép,,,,,,,,,,,,,,,,,,,,,,,,,,,,,,,,,,,0,24,24,24,1
,,,,,,,,,,,,,,,,,,,,,,,,,2,,,ALP1105,19660429,2026-04-24_12h46.28.539,BrocantoHPilot1WOSession2,2025.2.4,Win32,59.95203837,,,,,,,,,,,,,,,Ab SBJ.N1 REVEAL-INTR LOC.N5,,,7724.98,2,Ab-SBJ-N1-REVEAL-INTR-LOC-N5.mp4,Ab|N1|REVEAL|N5,GO|REVEAL|HIDE|Aa|N4|N5|N1|Ab,zsot|pekli|girda|timó,kávler|girda|zsübe|gyék|dabi|timó|pekli|zsot,0,7.093,19.256,zsot pekli zsübe timó,7749.605,,,,,,Ab-SBJ-N1-REVEAL-INTR-LOC-N5.mp4,Ab|N1|REVEAL|N5,GO|REVEAL|HIDE|Aa|N4|N5|N1|Ab,zsot pekli girda timó,zsot|pekli|girda|timó,kávler|girda|zsübe|gyék|dabi|timó|pekli|zsot,,,,,,,,,,,,,,,,,,,,,,,,,,,,,,,,,,,0,25,25,25,1
,,,,,,,,,,,,,,,,,,,,,,,,,2,,,ALP1105,19660429,2026-04-24_12h46.28.539,BrocantoHPilot1WOSession2,2025.2.4,Win32,59.95203837,,,,,,,,,,,,,,,OBJ.N5 Ab SBJ.N4 REVEAL-TR Ab LOC.N1,,,7750.119,2,OBJ-N5-Ab-SBJ-N4-REVEAL-TR-Ab-LOC-N1.mp4,N5|Ab|N4|REVEAL|Ab|N1,PUSH|REVEAL|N2|Aa|Ab|N4|Ab|N5|N1|GO,timó|zsot|dabi|girda|zsot|pekli,vánta|girda|murak|gyék|zsot|dabi|zsot|timó|pekli|kávler,0,6.037,20.357,zsot dabi murak,7777.68,,,,,,OBJ-N5-Ab-SBJ-N4-REVEAL-TR-Ab-LOC-N1.mp4,N5|Ab|N4|REVEAL|Ab|N1,PUSH|REVEAL|N2|Aa|Ab|N4|Ab|N5|N1|GO,timó zsot dabi girda zsot pekli,timó|zsot|dabi|girda|zsot|pekli,vánta|girda|murak|gyék|zsot|dabi|zsot|timó|pekli|kávler,,,,,,,,,,,,,,,,,,,,,,,,,,,,,,,,,,,0,26,26,26,1
,,,,,,,,,,,,,,,,,,,,,,,,,2,,,ALP1105,19660429,2026-04-24_12h46.28.539,BrocantoHPilot1WOSession2,2025.2.4,Win32,59.95203837,,,,,,,,,,,,,,,Ab SBJ.N2 REVEAL-INTR LOC.N3,,,7778.235,2,Ab-SBJ-N2-REVEAL-INTR-LOC-N3.mp4,Ab|N2|REVEAL|N3,Ab|HIDE|GO|REVEAL|N4|N3|Aa|N2,zsot|murak|girda|zilép,zsot|zsübe|kávler|girda|dabi|zilép|gyék|murak,1,6.823,22.94,zsot murak girda zilép,7804.108,,,,,,Ab-SBJ-N2-REVEAL-INTR-LOC-N3.mp4,Ab|N2|REVEAL|N3,Ab|HIDE|GO|REVEAL|N4|N3|Aa|N2,zsot murak girda zilép,zsot|murak|girda|zilép,zsot|zsübe|kávler|girda|dabi|zilép|gyék|murak,,,,,,,,,,,,,,,,,,,,,,,,,,,,,,,,,,,0,27,27,27,1
,,,,,,,,,,,,,,,,,,,,,,,,,2,,,ALP1105,19660429,2026-04-24_12h46.28.539,BrocantoHPilot1WOSession2,2025.2.4,Win32,59.95203837,,,,,,,,,,,,,,,OBJ.N5 SBJ.N1 PUSH-TR,,,7804.63,2,OBJ-N5-SBJ-N1-PUSH-TR.mp4,N5|N1|PUSH,Ab|PUSH|N5|N1|Aa|HIDE|N3,timó|pekli|vánta,zsot|vánta|timó|pekli|gyék|zsübe|zilép,0,5.717,28.389,zsot pekli timó vánta,7838.073,,,,,,OBJ-N5-SBJ-N1-PUSH-TR.mp4,N5|N1|PUSH,Ab|PUSH|N5|N1|Aa|HIDE|N3,timó pekli vánta,timó|pekli|vánta,zsot|vánta|timó|pekli|gyék|zsübe|zilép,,,,,,,,,,,,,,,,,,,,,,,,,,,,,,,,,,,0,28,28,28,1
,,,,,,,,,,,,,,,,,,,,,,,,,2,,,ALP1105,19660429,2026-04-24_12h46.28.539,BrocantoHPilot1WOSession2,2025.2.4,Win32,59.95203837,,,,,,,,,,,,,,,SBJ.N2 GO-INTR,,,7838.595,2,SBJ-N2-GO-INTR.mp4,N2|GO,N2|JUMP|PUSH|REVEAL|GO|N3,murak|kávler,murak|bonip|vánta|girda|kávler|zilép,1,6.773,15.796,murak kávler,7857.184,,,,,,SBJ-N2-GO-INTR.mp4,N2|GO,N2|JUMP|PUSH|REVEAL|GO|N3,murak kávler,murak|kávler,murak|bonip|vánta|girda|kávler|zilép,,,,,,,,,,,,,,,,,,,,,,,,,,,,,,,,,,,0,29,29,29,1
,,,,,,,,,,,,,,,,,,,,,,,,,2,,,ALP1105,19660429,2026-04-24_12h46.28.539,BrocantoHPilot1WOSession2,2025.2.4,Win32,59.95203837,,,,,,,,,,,,,,,OBJ.N5 SBJ.N3 HIDE-TR LOC.N1,,,7857.692,2,OBJ-N5-SBJ-N3-HIDE-TR-LOC-N1.mp4,N5|N3|HIDE|N1,HIDE|GO|N1|JUMP|N5|N2|N3|REVEAL,timó|zilép|zsübe|pekli,zsübe|kávler|pekli|bonip|timó|murak|zilép|girda,0,6.874,18.997,zilép timó zsübe,7881.894,,,,,,OBJ-N5-SBJ-N3-HIDE-TR-LOC-N1.mp4,N5|N3|HIDE|N1,HIDE|GO|N1|JUMP|N5|N2|N3|REVEAL,timó zilép zsübe pekli,timó|zilép|zsübe|pekli,zsübe|kávler|pekli|bonip|timó|murak|zilép|girda,,,,,,,,,,,,,,,,,,,,,,,,,,,,,,,,,,,0,30,30,30,1
,,,,,,,,,,,,,,,,,,,,,,,,,2,,,ALP1105,19660429,2026-04-24_12h46.28.539,BrocantoHPilot1WOSession2,2025.2.4,Win32,59.95203837,,,,,,,,,,,,,,,Ab OBJ.N5 Aa SBJ.N5 REVEAL-TR,,,7882.406,2,Ab-OBJ-N5-Aa-SBJ-N5-REVEAL-TR.mp4,Ab|N5|Aa|N5|REVEAL,REVEAL|Aa|HIDE|N3|N4|N2|Ab|N5|N5,zsot|timó|gyék|timó|girda,girda|gyék|zsübe|zilép|dabi|murak|zsot|timó|timó,0,6.477,20.46,zsot timó zsübe timó,7913.84,,,,,,Ab-OBJ-N5-Aa-SBJ-N5-REVEAL-TR.mp4,Ab|N5|Aa|N5|REVEAL,REVEAL|Aa|HIDE|N3|N4|N2|Ab|N5|N5,zsot timó gyék timó girda,zsot|timó|gyék|timó|girda,girda|gyék|zsübe|zilép|dabi|murak|zsot|timó|timó,,,,,,,,,,,,,,,,,,,,,,,,,,,,,,,,,,,0,31,31,31,1
,,,,,,,,,,,,,,,,,,,,,,,,,2,,,ALP1105,19660429,2026-04-24_12h46.28.539,BrocantoHPilot1WOSession2,2025.2.4,Win32,59.95203837,,,,,,,,,,,,,,,Ab SBJ.N1 HIDE-INTR,,,7914.35,2,Ab-SBJ-N1-HIDE-INTR.mp4,Ab|N1|HIDE,Ab|HIDE|Aa|N2|N3|N1|N5,zsot|pekli|zsübe,zsot|zsübe|gyék|murak|zilép|pekli|timó,0,5.882,16.968,zsot zilép zsübe,7937.735,,,,,,Ab-SBJ-N1-HIDE-INTR.mp4,Ab|N1|HIDE,Ab|HIDE|Aa|N2|N3|N1|N5,zsot pekli zsübe,zsot|pekli|zsübe,zsot|zsübe|gyék|murak|zilép|pekli|timó,,,,,,,,,,,,,,,,,,,,,,,,,,,,,,,,,,,0,32,32,32,1
,,,,,,,,,,,,,,,,,,,,,,,,,2,,,ALP1105,19660429,2026-04-24_12h46.28.539,BrocantoHPilot1WOSession2,2025.2.4,Win32,59.95203837,,,,,,,,,,,,,,,OBJ.N5 SBJ.N4 PUSH-TR,,,7938.242,2,OBJ-N5-SBJ-N4-PUSH-TR.mp4,N5|N4|PUSH,N4|JUMP|Aa|PUSH|GO|N1|N5,timó|dabi|vánta,dabi|bonip|gyék|vánta|kávler|pekli|timó,0,5.625,17.454,dabi vánta timó,7959.551,,,,,,OBJ-N5-SBJ-N4-PUSH-TR.mp4,N5|N4|PUSH,N4|JUMP|Aa|PUSH|GO|N1|N5,timó dabi vánta,timó|dabi|vánta,dabi|bonip|gyék|vánta|kávler|pekli|timó,,,,,,,,,,,,,,,,,,,,,,,,,,,,,,,,,,,0,33,33,33,1
,,,,,,,,,,,,,,,,,,,,,,,,,2,,,ALP1105,19660429,2026-04-24_12h46.28.539,BrocantoHPilot1WOSession2,2025.2.4,Win32,59.95203837,,,,,,,,,,,,,,,Ab OBJ.N5 Ab SBJ.N3 HIDE-TR Ab LOC.N1,,,7960.067,2,Ab-OBJ-N5-Ab-SBJ-N3-HIDE-TR-Ab-LOC-N1.mp4,Ab|N5|Ab|N3|HIDE|Ab|N1,N3|Ab|N1|REVEAL|PUSH|N5|GO|Ab|HIDE|JUMP|Ab,zsot|timó|zsot|zilép|zsübe|zsot|pekli,zilép|zsot|pekli|girda|vánta|timó|kávler|zsot|zsübe|bonip|zsot,0,6.2,12.451,zsot zilép zsübe bonip kávler girda,7975.708,,,,,,Ab-OBJ-N5-Ab-SBJ-N3-HIDE-TR-Ab-LOC-N1.mp4,Ab|N5|Ab|N3|HIDE|Ab|N1,N3|Ab|N1|REVEAL|PUSH|N5|GO|Ab|HIDE|JUMP|Ab,zsot timó zsot zilép zsübe zsot pekli,zsot|timó|zsot|zilép|zsübe|zsot|pekli,zilép|zsot|pekli|girda|vánta|timó|kávler|zsot|zsübe|bonip|zsot,,,,,,,,,,,,,,,,,,,,,,,,,,,,,,,,,,,0,34,34,34,1
,,,,,,,,,,,,,,,,,,,,,,,,,2,,,ALP1105,19660429,2026-04-24_12h46.28.539,BrocantoHPilot1WOSession2,2025.2.4,Win32,59.95203837,,,,,,,,,,,,,,,Ab SBJ.N3 JUMP-INTR,,,7976.218,2,Ab-SBJ-N3-JUMP-INTR.mp4,Ab|N3|JUMP,PUSH|REVEAL|N3|N1|JUMP|Ab|Aa,zsot|zilép|bonip,vánta|girda|zilép|pekli|bonip|zsot|gyék,1,7.148,15.049,zsot zilép bonip,7994.863,,,,,,Ab-SBJ-N3-JUMP-INTR.mp4,Ab|N3|JUMP,PUSH|REVEAL|N3|N1|JUMP|Ab|Aa,zsot zilép bonip,zsot|zilép|bonip,vánta|girda|zilép|pekli|bonip|zsot|gyék,,,,,,,,,,,,,,,,,,,,,,,,,,,,,,,,,,,0,35,35,35,1
,,,,,,,,,,,,,,,,,,,,,,,,,2,,,ALP1105,19660429,2026-04-24_12h46.28.539,BrocantoHPilot1WOSession2,2025.2.4,Win32,59.95203837,,,,,,,,,,,,,,,SBJ.N5 GO-INTR,,,7995.374,2,SBJ-N5-GO-INTR.mp4,N5|GO,Ab|N2|JUMP|N4|N5|GO,timó|kávler,zsot|murak|bonip|dabi|timó|kávler,0,6.649,14.637,zsot timó kávler,8018.471,,,,,,SBJ-N5-GO-INTR.mp4,N5|GO,Ab|N2|JUMP|N4|N5|GO,timó kávler,timó|kávler,zsot|murak|bonip|dabi|timó|kávler,,,,,,,,,,,,,,,,,,,,,,,,,,,,,,,,,,,0,36,36,36,1
,,,,,,,,,,,,,,,,,,,,,,,,,2,,,ALP1105,19660429,2026-04-24_12h46.28.539,BrocantoHPilot1WOSession2,2025.2.4,Win32,59.95203837,,,,,,,,,,,,,,,Aa SBJ.N2 HIDE-INTR Ab LOC.N5,,,8018.981,2,Aa-SBJ-N2-HIDE-INTR-Ab-LOC-N5.mp4,Aa|N2|HIDE|Ab|N5,N4|Aa|PUSH|JUMP|Ab|N2|N5|N3|HIDE,gyék|murak|zsübe|zsot|timó,dabi|gyék|vánta|bonip|zsot|murak|timó|zilép|zsübe,0,7.775,35.678,murak zsübe zsot timó,8057.336,,,,,,Aa-SBJ-N2-HIDE-INTR-Ab-LOC-N5.mp4,Aa|N2|HIDE|Ab|N5,N4|Aa|PUSH|JUMP|Ab|N2|N5|N3|HIDE,gyék murak zsübe zsot timó,gyék|murak|zsübe|zsot|timó,dabi|gyék|vánta|bonip|zsot|murak|timó|zilép|zsübe,,,,,,,,,,,,,,,,,,,,,,,,,,,,,,,,,,,0,37,37,37,1
,,,,,,,,,,,,,,,,,,,,,,,,,2,,,ALP1105,19660429,2026-04-24_12h46.28.539,BrocantoHPilot1WOSession2,2025.2.4,Win32,59.95203837,,,,,,,,,,,,,,,Ab SBJ.N1 JUMP-INTR Aa LOC.N4,,,8057.845,2,Ab-SBJ-N1-JUMP-INTR-Aa-LOC-N4.mp4,Ab|N1|JUMP|Aa|N4,Aa|N1|N3|JUMP|Ab|GO|N4|N2|REVEAL,zsot|pekli|bonip|gyék|dabi,gyék|pekli|zilép|bonip|zsot|kávler|dabi|murak|girda,0,7.951,36.724,dabi zsot pekli gyék,8098.359,,,,,,Ab-SBJ-N1-JUMP-INTR-Aa-LOC-N4.mp4,Ab|N1|JUMP|Aa|N4,Aa|N1|N3|JUMP|Ab|GO|N4|N2|REVEAL,zsot pekli bonip gyék dabi,zsot|pekli|bonip|gyék|dabi,gyék|pekli|zilép|bonip|zsot|kávler|dabi|murak|girda,,,,,,,,,,,,,,,,,,,,,,,,,,,,,,,,,,,0,38,38,38,1
,,,,,,,,,,,,,,,,,,,,,,,,,2,,,ALP1105,19660429,2026-04-24_12h46.28.539,BrocantoHPilot1WOSession2,2025.2.4,Win32,59.95203837,,,,,,,,,,,,,,,Aa SBJ.N1 JUMP-INTR LOC.N4,,,8098.888,2,Aa-SBJ-N1-JUMP-INTR-LOC-N4.mp4,Aa|N1|JUMP|N4,GO|N4|N1|Ab|HIDE|JUMP|Aa|PUSH,gyék|pekli|bonip|dabi,kávler|dabi|pekli|zsot|zsübe|bonip|gyék|vánta,0,5.589,20.696,pekli zsot vánta,8126.515,,,,,,Aa-SBJ-N1-JUMP-INTR-LOC-N4.mp4,Aa|N1|JUMP|N4,GO|N4|N1|Ab|HIDE|JUMP|Aa|PUSH,gyék pekli bonip dabi,gyék|pekli|bonip|dabi,kávler|dabi|pekli|zsot|zsübe|bonip|gyék|vánta,,,,,,,,,,,,,,,,,,,,,,,,,,,,,,,,,,,0,39,39,39,1
,,,,,,,,,,,,,,,,,,,,,,,,,2,,,ALP1105,19660429,2026-04-24_12h46.28.539,BrocantoHPilot1WOSession2,2025.2.4,Win32,59.95203837,,,,,,,,,,,,,,,OBJ.N5 SBJ.N4 PUSH-TR Ab LOC.N3,,,8127.051,2,OBJ-N5-SBJ-N4-PUSH-TR-Ab-LOC-N3.mp4,N5|N4|PUSH|Ab|N3,Ab|Aa|N3|GO|HIDE|N4|PUSH|N5|N2,timó|dabi|vánta|zsot|zilép,zsot|gyék|zilép|kávler|zsübe|dabi|vánta|timó|murak,0,7.412,24.329,dabi zilép vánta,8154.961,,,,,,OBJ-N5-SBJ-N4-PUSH-TR-Ab-LOC-N3.mp4,N5|N4|PUSH|Ab|N3,Ab|Aa|N3|GO|HIDE|N4|PUSH|N5|N2,timó dabi vánta zsot zilép,timó|dabi|vánta|zsot|zilép,zsot|gyék|zilép|kávler|zsübe|dabi|vánta|timó|murak,,,,,,,,,,,,,,,,,,,,,,,,,,,,,,,,,,,0,40,40,40,1
,,,,,,,,,,,,,,,,,,,,,,,,,2,,,ALP1105,19660429,2026-04-24_12h46.28.539,BrocantoHPilot1WOSession2,2025.2.4,Win32,59.95203837,,,,,,,,,,,,,,,Ab OBJ.N5 Ab SBJ.N1 REVEAL-TR,,,8155.474,2,Ab-OBJ-N5-Ab-SBJ-N1-REVEAL-TR.mp4,Ab|N5|Ab|N1|REVEAL,Aa|JUMP|PUSH|Ab|REVEAL|N1|Ab|N5|HIDE,zsot|timó|zsot|pekli|girda,gyék|bonip|vánta|zsot|girda|pekli|zsot|timó|zsübe,0,6.493,14.837,pekli vánta timó,8177.737,,,,,,Ab-OBJ-N5-Ab-SBJ-N1-REVEAL-TR.mp4,Ab|N5|Ab|N1|REVEAL,Aa|JUMP|PUSH|Ab|REVEAL|N1|Ab|N5|HIDE,zsot timó zsot pekli girda,zsot|timó|zsot|pekli|girda,gyék|bonip|vánta|zsot|girda|pekli|zsot|timó|zsübe,,,,,,,,,,,,,,,,,,,,,,,,,,,,,,,,,,,0,41,41,41,1
