wordLearning.exposure.itemIdx,wordLearning.exposure.pass,wordLearning.exposure.image,wordLearning.exposure.audio,wordLearning.test.started,wordLearning.test.targetIdx,wordLearning.test.targetImage,wordLearning.test.optionOrder,wordLearning.test.responseIdx,wordLearning.test.correct,wordLearning.test.streakAfter,wordLearning.test.masteredSnapshot,passiveTrial.started,passive.sessionIndex,passive.movie,passive.sound,passiveTrial.stopped,passiveSelfPaceKey.keys,passiveSelfPaceKey.rt,passiveSelfPaceKey.duration,passiveTrials_s1.thisRepN,passiveTrials_s1.thisTrialN,passiveTrials_s1.thisN,passiveTrials_s1.thisIndex,passiveTrials_s1.ran,sessionIndex,passiveMovie,passiveSound,participant,születési dátum (ÉÉÉÉ.HH.NN),date,expName,psychopyVersion,OS,frameRate,comprehensionTrial.started,comprehension.sessionIndex,comprehension.correctPosition,comprehension.response,comprehension.rt,comprehension.correct,comprehension.t_sentenceAudioEnd,comprehension.t_lastChoiceClick,comprehensionTrial.stopped,comprehensionTrials_s1.thisRepN,comprehensionTrials_s1.thisTrialN,comprehensionTrials_s1.thisN,comprehensionTrials_s1.thisIndex,comprehensionTrials_s1.ran,sentence,video_correct,video_incorrect,productionTrial.started,production.sessionIndex,production.video,production.correct_words,production.all_words,production.correct_words_form,production.all_words_form,production.correct,production.t_firstVideoEnd,production.t_lastWordClick,production.response,productionTrial.stopped,productionTrials_s1.thisRepN,productionTrials_s1.thisTrialN,productionTrials_s1.thisN,productionTrials_s1.thisIndex,productionTrials_s1.ran,video,correct_words,all_words,sentence_form,correct_words_form,all_words_form,familiarityTrial.started,familiarity.testName,familiarity.thisN,familiarity.sessionIndex,familiarity.audio,familiarity.previous_encounters,familiarity.playAttemptTime,familiarity.rating,familiarity.playClickCount,familiarity.t_audioEnd,familiarity.t_lastLikertClick,familiarityTrial.stopped,chunkTest_s1.thisRepN,chunkTest_s1.thisTrialN,chunkTest_s1.thisN,chunkTest_s1.thisIndex,chunkTest_s1.ran,audio,previous_encounters,GJTest_s1.thisRepN,GJTest_s1.thisTrialN,GJTest_s1.thisN,GJTest_s1.thisIndex,GJTest_s1.ran,passiveTrials_s2.thisRepN,passiveTrials_s2.thisTrialN,passiveTrials_s2.thisN,passiveTrials_s2.thisIndex,passiveTrials_s2.ran,comprehensionTrials_s2.thisRepN,comprehensionTrials_s2.thisTrialN,comprehensionTrials_s2.thisN,comprehensionTrials_s2.thisIndex,comprehensionTrials_s2.ran,productionTrials_s2.thisRepN,productionTrials_s2.thisTrialN,productionTrials_s2.thisN,productionTrials_s2.thisIndex,productionTrials_s2.ran,chunkTest_s2.thisRepN,chunkTest_s2.thisTrialN,chunkTest_s2.thisN,chunkTest_s2.thisIndex,chunkTest_s2.ran,GJTest_s2.thisRepN,GJTest_s2.thisTrialN,GJTest_s2.thisN,GJTest_s2.thisIndex,GJTest_s2.ran
2,2,Ab-N1.png,N1.mp3,232.0207,2,Ab-N1.png,"4,5,2,1",2,1,5,1111111,249.3036,1,SBJ-N1-GO-INTR.mp4,SBJ-N1-GO-INTR.mp3,256.0658,mouse_continue,6.7638,,0,0,0,0,1,1,SBJ-N1-GO-INTR.mp4,SBJ-N1-GO-INTR.mp3,ALP1120,2000.03.08,2026-05-09_10h59.33.296,BrocantoHPilot1WOSession2,2025.2.4,MacIntel,59.17159763,,,,,,,,,,,,,,,,,,,,,,,,,,,,,,,,,,,,,,,,,,,,,,,,,,,,,,,,,,,,,,,,,,,,,,,,,,,,,,,,,,,,,,,,,
,,,,,,,,,,,,256.0676,1,OBJ-N5-SBJ-N3-REVEAL-TR.mp4,OBJ-N5-SBJ-N3-REVEAL-TR.mp3,266.5094,mouse_continue,10.4422,,0,1,1,1,1,1,OBJ-N5-SBJ-N3-REVEAL-TR.mp4,OBJ-N5-SBJ-N3-REVEAL-TR.mp3,ALP1120,2000.03.08,2026-05-09_10h59.33.296,BrocantoHPilot1WOSession2,2025.2.4,MacIntel,59.17159763,,,,,,,,,,,,,,,,,,,,,,,,,,,,,,,,,,,,,,,,,,,,,,,,,,,,,,,,,,,,,,,,,,,,,,,,,,,,,,,,,,,,,,,,,
,,,,,,,,,,,,266.5111,1,OBJ-N5-SBJ-N2-PUSH-TR.mp4,OBJ-N5-SBJ-N2-PUSH-TR.mp3,273.7958,mouse_continue,7.2852,,0,2,2,2,1,1,OBJ-N5-SBJ-N2-PUSH-TR.mp4,OBJ-N5-SBJ-N2-PUSH-TR.mp3,ALP1120,2000.03.08,2026-05-09_10h59.33.296,BrocantoHPilot1WOSession2,2025.2.4,MacIntel,59.17159763,,,,,,,,,,,,,,,,,,,,,,,,,,,,,,,,,,,,,,,,,,,,,,,,,,,,,,,,,,,,,,,,,,,,,,,,,,,,,,,,,,,,,,,,,
,,,,,,,,,,,,273.7968,1,SBJ-N1-GO-INTR.mp4,SBJ-N1-GO-INTR.mp3,279.3441,mouse_continue,5.5474,,0,3,3,3,1,1,SBJ-N1-GO-INTR.mp4,SBJ-N1-GO-INTR.mp3,ALP1120,2000.03.08,2026-05-09_10h59.33.296,BrocantoHPilot1WOSession2,2025.2.4,MacIntel,59.17159763,,,,,,,,,,,,,,,,,,,,,,,,,,,,,,,,,,,,,,,,,,,,,,,,,,,,,,,,,,,,,,,,,,,,,,,,,,,,,,,,,,,,,,,,,
,,,,,,,,,,,,279.3454,1,OBJ-N5-SBJ-N4-HIDE-TR.mp4,OBJ-N5-SBJ-N4-HIDE-TR.mp3,293.1304,mouse_continue,13.7852,,0,4,4,4,1,1,OBJ-N5-SBJ-N4-HIDE-TR.mp4,OBJ-N5-SBJ-N4-HIDE-TR.mp3,ALP1120,2000.03.08,2026-05-09_10h59.33.296,BrocantoHPilot1WOSession2,2025.2.4,MacIntel,59.17159763,,,,,,,,,,,,,,,,,,,,,,,,,,,,,,,,,,,,,,,,,,,,,,,,,,,,,,,,,,,,,,,,,,,,,,,,,,,,,,,,,,,,,,,,,
,,,,,,,,,,,,293.1314,1,SBJ-N2-HIDE-INTR.mp4,SBJ-N2-HIDE-INTR.mp3,302.6229,mouse_continue,9.4916,,0,5,5,5,1,1,SBJ-N2-HIDE-INTR.mp4,SBJ-N2-HIDE-INTR.mp3,ALP1120,2000.03.08,2026-05-09_10h59.33.296,BrocantoHPilot1WOSession2,2025.2.4,MacIntel,59.17159763,,,,,,,,,,,,,,,,,,,,,,,,,,,,,,,,,,,,,,,,,,,,,,,,,,,,,,,,,,,,,,,,,,,,,,,,,,,,,,,,,,,,,,,,,
,,,,,,,,,,,,302.6237,1,OBJ-N5-SBJ-N3-REVEAL-TR.mp4,OBJ-N5-SBJ-N3-REVEAL-TR.mp3,310.1436,mouse_continue,7.5201,,0,6,6,6,1,1,OBJ-N5-SBJ-N3-REVEAL-TR.mp4,OBJ-N5-SBJ-N3-REVEAL-TR.mp3,ALP1120,2000.03.08,2026-05-09_10h59.33.296,BrocantoHPilot1WOSession2,2025.2.4,MacIntel,59.17159763,,,,,,,,,,,,,,,,,,,,,,,,,,,,,,,,,,,,,,,,,,,,,,,,,,,,,,,,,,,,,,,,,,,,,,,,,,,,,,,,,,,,,,,,,
,,,,,,,,,,,,310.1447,1,SBJ-N3-JUMP-INTR.mp4,SBJ-N3-JUMP-INTR.mp3,317.1618,mouse_continue,7.0175,,0,7,7,7,1,1,SBJ-N3-JUMP-INTR.mp4,SBJ-N3-JUMP-INTR.mp3,ALP1120,2000.03.08,2026-05-09_10h59.33.296,BrocantoHPilot1WOSession2,2025.2.4,MacIntel,59.17159763,,,,,,,,,,,,,,,,,,,,,,,,,,,,,,,,,,,,,,,,,,,,,,,,,,,,,,,,,,,,,,,,,,,,,,,,,,,,,,,,,,,,,,,,,
,,,,,,,,,,,,317.1631,1,SBJ-N5-REVEAL-INTR.mp4,SBJ-N5-REVEAL-INTR.mp3,323.5295,mouse_continue,6.367,,0,8,8,8,1,1,SBJ-N5-REVEAL-INTR.mp4,SBJ-N5-REVEAL-INTR.mp3,ALP1120,2000.03.08,2026-05-09_10h59.33.296,BrocantoHPilot1WOSession2,2025.2.4,MacIntel,59.17159763,,,,,,,,,,,,,,,,,,,,,,,,,,,,,,,,,,,,,,,,,,,,,,,,,,,,,,,,,,,,,,,,,,,,,,,,,,,,,,,,,,,,,,,,,
,,,,,,,,,,,,323.5307,1,OBJ-N5-SBJ-N4-HIDE-TR.mp4,OBJ-N5-SBJ-N4-HIDE-TR.mp3,331.2327,mouse_continue,7.7023,,0,9,9,9,1,1,OBJ-N5-SBJ-N4-HIDE-TR.mp4,OBJ-N5-SBJ-N4-HIDE-TR.mp3,ALP1120,2000.03.08,2026-05-09_10h59.33.296,BrocantoHPilot1WOSession2,2025.2.4,MacIntel,59.17159763,,,,,,,,,,,,,,,,,,,,,,,,,,,,,,,,,,,,,,,,,,,,,,,,,,,,,,,,,,,,,,,,,,,,,,,,,,,,,,,,,,,,,,,,,
,,,,,,,,,,,,331.2337,1,SBJ-N3-JUMP-INTR.mp4,SBJ-N3-JUMP-INTR.mp3,337.0154,mouse_continue,5.7821,,0,10,10,10,1,1,SBJ-N3-JUMP-INTR.mp4,SBJ-N3-JUMP-INTR.mp3,ALP1120,2000.03.08,2026-05-09_10h59.33.296,BrocantoHPilot1WOSession2,2025.2.4,MacIntel,59.17159763,,,,,,,,,,,,,,,,,,,,,,,,,,,,,,,,,,,,,,,,,,,,,,,,,,,,,,,,,,,,,,,,,,,,,,,,,,,,,,,,,,,,,,,,,
,,,,,,,,,,,,337.0163,1,OBJ-N5-SBJ-N2-PUSH-TR.mp4,OBJ-N5-SBJ-N2-PUSH-TR.mp3,343.3814,mouse_continue,6.3652,,0,11,11,11,1,1,OBJ-N5-SBJ-N2-PUSH-TR.mp4,OBJ-N5-SBJ-N2-PUSH-TR.mp3,ALP1120,2000.03.08,2026-05-09_10h59.33.296,BrocantoHPilot1WOSession2,2025.2.4,MacIntel,59.17159763,,,,,,,,,,,,,,,,,,,,,,,,,,,,,,,,,,,,,,,,,,,,,,,,,,,,,,,,,,,,,,,,,,,,,,,,,,,,,,,,,,,,,,,,,
,,,,,,,,,,,,343.3823,1,OBJ-N5-SBJ-N1-HIDE-TR.mp4,OBJ-N5-SBJ-N1-HIDE-TR.mp3,350.1163,mouse_continue,6.7342,,0,12,12,12,1,1,OBJ-N5-SBJ-N1-HIDE-TR.mp4,OBJ-N5-SBJ-N1-HIDE-TR.mp3,ALP1120,2000.03.08,2026-05-09_10h59.33.296,BrocantoHPilot1WOSession2,2025.2.4,MacIntel,59.17159763,,,,,,,,,,,,,,,,,,,,,,,,,,,,,,,,,,,,,,,,,,,,,,,,,,,,,,,,,,,,,,,,,,,,,,,,,,,,,,,,,,,,,,,,,
,,,,,,,,,,,,350.1175,1,SBJ-N2-HIDE-INTR.mp4,SBJ-N2-HIDE-INTR.mp3,355.748,mouse_continue,5.6308,,0,13,13,13,1,1,SBJ-N2-HIDE-INTR.mp4,SBJ-N2-HIDE-INTR.mp3,ALP1120,2000.03.08,2026-05-09_10h59.33.296,BrocantoHPilot1WOSession2,2025.2.4,MacIntel,59.17159763,,,,,,,,,,,,,,,,,,,,,,,,,,,,,,,,,,,,,,,,,,,,,,,,,,,,,,,,,,,,,,,,,,,,,,,,,,,,,,,,,,,,,,,,,
,,,,,,,,,,,,355.7493,1,OBJ-N5-SBJ-N2-PUSH-TR.mp4,OBJ-N5-SBJ-N2-PUSH-TR.mp3,362.8838,mouse_continue,7.1348,,0,14,14,14,1,1,OBJ-N5-SBJ-N2-PUSH-TR.mp4,OBJ-N5-SBJ-N2-PUSH-TR.mp3,ALP1120,2000.03.08,2026-05-09_10h59.33.296,BrocantoHPilot1WOSession2,2025.2.4,MacIntel,59.17159763,,,,,,,,,,,,,,,,,,,,,,,,,,,,,,,,,,,,,,,,,,,,,,,,,,,,,,,,,,,,,,,,,,,,,,,,,,,,,,,,,,,,,,,,,
,,,,,,,,,,,,362.8857,1,SBJ-N3-GO-INTR.mp4,SBJ-N3-GO-INTR.mp3,370.0704,mouse_continue,7.1847,,0,15,15,15,1,1,SBJ-N3-GO-INTR.mp4,SBJ-N3-GO-INTR.mp3,ALP1120,2000.03.08,2026-05-09_10h59.33.296,BrocantoHPilot1WOSession2,2025.2.4,MacIntel,59.17159763,,,,,,,,,,,,,,,,,,,,,,,,,,,,,,,,,,,,,,,,,,,,,,,,,,,,,,,,,,,,,,,,,,,,,,,,,,,,,,,,,,,,,,,,,
,,,,,,,,,,,,370.0717,1,SBJ-N4-REVEAL-INTR.mp4,SBJ-N4-REVEAL-INTR.mp3,383.2725,mouse_continue,13.201,,0,16,16,16,1,1,SBJ-N4-REVEAL-INTR.mp4,SBJ-N4-REVEAL-INTR.mp3,ALP1120,2000.03.08,2026-05-09_10h59.33.296,BrocantoHPilot1WOSession2,2025.2.4,MacIntel,59.17159763,,,,,,,,,,,,,,,,,,,,,,,,,,,,,,,,,,,,,,,,,,,,,,,,,,,,,,,,,,,,,,,,,,,,,,,,,,,,,,,,,,,,,,,,,
,,,,,,,,,,,,383.2735,1,OBJ-N5-SBJ-N3-REVEAL-TR.mp4,OBJ-N5-SBJ-N3-REVEAL-TR.mp3,407.0692,mouse_continue,23.7958,,0,17,17,17,1,1,OBJ-N5-SBJ-N3-REVEAL-TR.mp4,OBJ-N5-SBJ-N3-REVEAL-TR.mp3,ALP1120,2000.03.08,2026-05-09_10h59.33.296,BrocantoHPilot1WOSession2,2025.2.4,MacIntel,59.17159763,,,,,,,,,,,,,,,,,,,,,,,,,,,,,,,,,,,,,,,,,,,,,,,,,,,,,,,,,,,,,,,,,,,,,,,,,,,,,,,,,,,,,,,,,
,,,,,,,,,,,,407.0704,1,SBJ-N5-JUMP-INTR.mp4,SBJ-N5-JUMP-INTR.mp3,412.6842,mouse_continue,5.6142,,0,18,18,18,1,1,SBJ-N5-JUMP-INTR.mp4,SBJ-N5-JUMP-INTR.mp3,ALP1120,2000.03.08,2026-05-09_10h59.33.296,BrocantoHPilot1WOSession2,2025.2.4,MacIntel,59.17159763,,,,,,,,,,,,,,,,,,,,,,,,,,,,,,,,,,,,,,,,,,,,,,,,,,,,,,,,,,,,,,,,,,,,,,,,,,,,,,,,,,,,,,,,,
,,,,,,,,,,,,412.6851,1,SBJ-N3-GO-INTR.mp4,SBJ-N3-GO-INTR.mp3,418.3829,mouse_continue,5.698,,0,19,19,19,1,1,SBJ-N3-GO-INTR.mp4,SBJ-N3-GO-INTR.mp3,ALP1120,2000.03.08,2026-05-09_10h59.33.296,BrocantoHPilot1WOSession2,2025.2.4,MacIntel,59.17159763,,,,,,,,,,,,,,,,,,,,,,,,,,,,,,,,,,,,,,,,,,,,,,,,,,,,,,,,,,,,,,,,,,,,,,,,,,,,,,,,,,,,,,,,,
,,,,,,,,,,,,418.3838,1,OBJ-N5-SBJ-N3-REVEAL-TR.mp4,OBJ-N5-SBJ-N3-REVEAL-TR.mp3,425.8693,mouse_continue,7.4855,,0,20,20,20,1,1,OBJ-N5-SBJ-N3-REVEAL-TR.mp4,OBJ-N5-SBJ-N3-REVEAL-TR.mp3,ALP1120,2000.03.08,2026-05-09_10h59.33.296,BrocantoHPilot1WOSession2,2025.2.4,MacIntel,59.17159763,,,,,,,,,,,,,,,,,,,,,,,,,,,,,,,,,,,,,,,,,,,,,,,,,,,,,,,,,,,,,,,,,,,,,,,,,,,,,,,,,,,,,,,,,
,,,,,,,,,,,,425.8704,1,OBJ-N5-SBJ-N1-REVEAL-TR.mp4,OBJ-N5-SBJ-N1-REVEAL-TR.mp3,432.2702,mouse_continue,6.4001,,0,21,21,21,1,1,OBJ-N5-SBJ-N1-REVEAL-TR.mp4,OBJ-N5-SBJ-N1-REVEAL-TR.mp3,ALP1120,2000.03.08,2026-05-09_10h59.33.296,BrocantoHPilot1WOSession2,2025.2.4,MacIntel,59.17159763,,,,,,,,,,,,,,,,,,,,,,,,,,,,,,,,,,,,,,,,,,,,,,,,,,,,,,,,,,,,,,,,,,,,,,,,,,,,,,,,,,,,,,,,,
,,,,,,,,,,,,432.2717,1,OBJ-N5-SBJ-N2-PUSH-TR-LOC-N4.mp4,OBJ-N5-SBJ-N2-PUSH-TR-LOC-N4.mp3,449.7989,mouse_continue,17.5279,,0,22,22,22,1,1,OBJ-N5-SBJ-N2-PUSH-TR-LOC-N4.mp4,OBJ-N5-SBJ-N2-PUSH-TR-LOC-N4.mp3,ALP1120,2000.03.08,2026-05-09_10h59.33.296,BrocantoHPilot1WOSession2,2025.2.4,MacIntel,59.17159763,,,,,,,,,,,,,,,,,,,,,,,,,,,,,,,,,,,,,,,,,,,,,,,,,,,,,,,,,,,,,,,,,,,,,,,,,,,,,,,,,,,,,,,,,
,,,,,,,,,,,,449.7996,1,SBJ-N4-REVEAL-INTR-LOC-N5.mp4,SBJ-N4-REVEAL-INTR-LOC-N5.mp3,466.7445,mouse_continue,16.9451,,0,23,23,23,1,1,SBJ-N4-REVEAL-INTR-LOC-N5.mp4,SBJ-N4-REVEAL-INTR-LOC-N5.mp3,ALP1120,2000.03.08,2026-05-09_10h59.33.296,BrocantoHPilot1WOSession2,2025.2.4,MacIntel,59.17159763,,,,,,,,,,,,,,,,,,,,,,,,,,,,,,,,,,,,,,,,,,,,,,,,,,,,,,,,,,,,,,,,,,,,,,,,,,,,,,,,,,,,,,,,,
,,,,,,,,,,,,466.7456,1,OBJ-N5-SBJ-N1-HIDE-TR-LOC-N2.mp4,OBJ-N5-SBJ-N1-HIDE-TR-LOC-N2.mp3,474.4992,mouse_continue,7.7539,,0,24,24,24,1,1,OBJ-N5-SBJ-N1-HIDE-TR-LOC-N2.mp4,OBJ-N5-SBJ-N1-HIDE-TR-LOC-N2.mp3,ALP1120,2000.03.08,2026-05-09_10h59.33.296,BrocantoHPilot1WOSession2,2025.2.4,MacIntel,59.17159763,,,,,,,,,,,,,,,,,,,,,,,,,,,,,,,,,,,,,,,,,,,,,,,,,,,,,,,,,,,,,,,,,,,,,,,,,,,,,,,,,,,,,,,,,
,,,,,,,,,,,,474.5005,1,SBJ-N2-REVEAL-INTR-LOC-N5.mp4,SBJ-N2-REVEAL-INTR-LOC-N5.mp3,485.6781,mouse_continue,11.1779,,0,25,25,25,1,1,SBJ-N2-REVEAL-INTR-LOC-N5.mp4,SBJ-N2-REVEAL-INTR-LOC-N5.mp3,ALP1120,2000.03.08,2026-05-09_10h59.33.296,BrocantoHPilot1WOSession2,2025.2.4,MacIntel,59.17159763,,,,,,,,,,,,,,,,,,,,,,,,,,,,,,,,,,,,,,,,,,,,,,,,,,,,,,,,,,,,,,,,,,,,,,,,,,,,,,,,,,,,,,,,,
,,,,,,,,,,,,485.6788,1,OBJ-N5-SBJ-N1-PUSH-TR-LOC-N2.mp4,OBJ-N5-SBJ-N1-PUSH-TR-LOC-N2.mp3,495.5555,mouse_continue,9.8768,,0,26,26,26,1,1,OBJ-N5-SBJ-N1-PUSH-TR-LOC-N2.mp4,OBJ-N5-SBJ-N1-PUSH-TR-LOC-N2.mp3,ALP1120,2000.03.08,2026-05-09_10h59.33.296,BrocantoHPilot1WOSession2,2025.2.4,MacIntel,59.17159763,,,,,,,,,,,,,,,,,,,,,,,,,,,,,,,,,,,,,,,,,,,,,,,,,,,,,,,,,,,,,,,,,,,,,,,,,,,,,,,,,,,,,,,,,
,,,,,,,,,,,,495.5564,1,SBJ-N3-REVEAL-INTR-LOC-N4.mp4,SBJ-N3-REVEAL-INTR-LOC-N4.mp3,502.6064,mouse_continue,7.0501,,0,27,27,27,1,1,SBJ-N3-REVEAL-INTR-LOC-N4.mp4,SBJ-N3-REVEAL-INTR-LOC-N4.mp3,ALP1120,2000.03.08,2026-05-09_10h59.33.296,BrocantoHPilot1WOSession2,2025.2.4,MacIntel,59.17159763,,,,,,,,,,,,,,,,,,,,,,,,,,,,,,,,,,,,,,,,,,,,,,,,,,,,,,,,,,,,,,,,,,,,,,,,,,,,,,,,,,,,,,,,,
,,,,,,,,,,,,502.6073,1,OBJ-N5-SBJ-N4-HIDE-TR-LOC-N3.mp4,OBJ-N5-SBJ-N4-HIDE-TR-LOC-N3.mp3,511.731,mouse_continue,9.124,,0,28,28,28,1,1,OBJ-N5-SBJ-N4-HIDE-TR-LOC-N3.mp4,OBJ-N5-SBJ-N4-HIDE-TR-LOC-N3.mp3,ALP1120,2000.03.08,2026-05-09_10h59.33.296,BrocantoHPilot1WOSession2,2025.2.4,MacIntel,59.17159763,,,,,,,,,,,,,,,,,,,,,,,,,,,,,,,,,,,,,,,,,,,,,,,,,,,,,,,,,,,,,,,,,,,,,,,,,,,,,,,,,,,,,,,,,
,,,,,,,,,,,,511.732,1,OBJ-N5-SBJ-N3-REVEAL-TR-LOC-N4.mp4,OBJ-N5-SBJ-N3-REVEAL-TR-LOC-N4.mp3,523.2282,mouse_continue,11.4966,,0,29,29,29,1,1,OBJ-N5-SBJ-N3-REVEAL-TR-LOC-N4.mp4,OBJ-N5-SBJ-N3-REVEAL-TR-LOC-N4.mp3,ALP1120,2000.03.08,2026-05-09_10h59.33.296,BrocantoHPilot1WOSession2,2025.2.4,MacIntel,59.17159763,,,,,,,,,,,,,,,,,,,,,,,,,,,,,,,,,,,,,,,,,,,,,,,,,,,,,,,,,,,,,,,,,,,,,,,,,,,,,,,,,,,,,,,,,
,,,,,,,,,,,,523.2292,1,OBJ-N5-SBJ-N2-PUSH-TR-LOC-N4.mp4,OBJ-N5-SBJ-N2-PUSH-TR-LOC-N4.mp3,529.7626,mouse_continue,6.5337,,0,30,30,30,1,1,OBJ-N5-SBJ-N2-PUSH-TR-LOC-N4.mp4,OBJ-N5-SBJ-N2-PUSH-TR-LOC-N4.mp3,ALP1120,2000.03.08,2026-05-09_10h59.33.296,BrocantoHPilot1WOSession2,2025.2.4,MacIntel,59.17159763,,,,,,,,,,,,,,,,,,,,,,,,,,,,,,,,,,,,,,,,,,,,,,,,,,,,,,,,,,,,,,,,,,,,,,,,,,,,,,,,,,,,,,,,,
,,,,,,,,,,,,529.7633,1,OBJ-N5-SBJ-N1-REVEAL-TR.mp4,OBJ-N5-SBJ-N1-REVEAL-TR.mp3,535.5779,mouse_continue,5.8147,,0,31,31,31,1,1,OBJ-N5-SBJ-N1-REVEAL-TR.mp4,OBJ-N5-SBJ-N1-REVEAL-TR.mp3,ALP1120,2000.03.08,2026-05-09_10h59.33.296,BrocantoHPilot1WOSession2,2025.2.4,MacIntel,59.17159763,,,,,,,,,,,,,,,,,,,,,,,,,,,,,,,,,,,,,,,,,,,,,,,,,,,,,,,,,,,,,,,,,,,,,,,,,,,,,,,,,,,,,,,,,
,,,,,,,,,,,,535.5786,1,OBJ-N5-SBJ-N4-HIDE-TR-LOC-N2.mp4,OBJ-N5-SBJ-N4-HIDE-TR-LOC-N2.mp3,542.4799,mouse_continue,6.9015,,0,32,32,32,1,1,OBJ-N5-SBJ-N4-HIDE-TR-LOC-N2.mp4,OBJ-N5-SBJ-N4-HIDE-TR-LOC-N2.mp3,ALP1120,2000.03.08,2026-05-09_10h59.33.296,BrocantoHPilot1WOSession2,2025.2.4,MacIntel,59.17159763,,,,,,,,,,,,,,,,,,,,,,,,,,,,,,,,,,,,,,,,,,,,,,,,,,,,,,,,,,,,,,,,,,,,,,,,,,,,,,,,,,,,,,,,,
,,,,,,,,,,,,542.4809,1,SBJ-N5-JUMP-INTR.mp4,SBJ-N5-JUMP-INTR.mp3,547.9281,mouse_continue,5.4476,,0,33,33,33,1,1,SBJ-N5-JUMP-INTR.mp4,SBJ-N5-JUMP-INTR.mp3,ALP1120,2000.03.08,2026-05-09_10h59.33.296,BrocantoHPilot1WOSession2,2025.2.4,MacIntel,59.17159763,,,,,,,,,,,,,,,,,,,,,,,,,,,,,,,,,,,,,,,,,,,,,,,,,,,,,,,,,,,,,,,,,,,,,,,,,,,,,,,,,,,,,,,,,
,,,,,,,,,,,,547.9287,1,Aa-SBJ-N5-HIDE-INTR.mp4,Aa-SBJ-N5-HIDE-INTR.mp3,576.4216,mouse_continue,28.4929,,0,34,34,34,1,1,Aa-SBJ-N5-HIDE-INTR.mp4,Aa-SBJ-N5-HIDE-INTR.mp3,ALP1120,2000.03.08,2026-05-09_10h59.33.296,BrocantoHPilot1WOSession2,2025.2.4,MacIntel,59.17159763,,,,,,,,,,,,,,,,,,,,,,,,,,,,,,,,,,,,,,,,,,,,,,,,,,,,,,,,,,,,,,,,,,,,,,,,,,,,,,,,,,,,,,,,,
,,,,,,,,,,,,576.4231,1,SBJ-N5-GO-INTR-LOC-N3.mp4,SBJ-N5-GO-INTR-LOC-N3.mp3,586.6309,mouse_continue,10.2083,,0,35,35,35,1,1,SBJ-N5-GO-INTR-LOC-N3.mp4,SBJ-N5-GO-INTR-LOC-N3.mp3,ALP1120,2000.03.08,2026-05-09_10h59.33.296,BrocantoHPilot1WOSession2,2025.2.4,MacIntel,59.17159763,,,,,,,,,,,,,,,,,,,,,,,,,,,,,,,,,,,,,,,,,,,,,,,,,,,,,,,,,,,,,,,,,,,,,,,,,,,,,,,,,,,,,,,,,
,,,,,,,,,,,,586.6316,1,SBJ-N2-JUMP-INTR-LOC-N1.mp4,SBJ-N2-JUMP-INTR-LOC-N1.mp3,594.5032,mouse_continue,7.8717,,0,36,36,36,1,1,SBJ-N2-JUMP-INTR-LOC-N1.mp4,SBJ-N2-JUMP-INTR-LOC-N1.mp3,ALP1120,2000.03.08,2026-05-09_10h59.33.296,BrocantoHPilot1WOSession2,2025.2.4,MacIntel,59.17159763,,,,,,,,,,,,,,,,,,,,,,,,,,,,,,,,,,,,,,,,,,,,,,,,,,,,,,,,,,,,,,,,,,,,,,,,,,,,,,,,,,,,,,,,,
,,,,,,,,,,,,594.5049,1,SBJ-N3-GO-INTR-LOC-N2.mp4,SBJ-N3-GO-INTR-LOC-N2.mp3,602.6585,mouse_continue,8.154,,0,37,37,37,1,1,SBJ-N3-GO-INTR-LOC-N2.mp4,SBJ-N3-GO-INTR-LOC-N2.mp3,ALP1120,2000.03.08,2026-05-09_10h59.33.296,BrocantoHPilot1WOSession2,2025.2.4,MacIntel,59.17159763,,,,,,,,,,,,,,,,,,,,,,,,,,,,,,,,,,,,,,,,,,,,,,,,,,,,,,,,,,,,,,,,,,,,,,,,,,,,,,,,,,,,,,,,,
,,,,,,,,,,,,602.6596,1,SBJ-N5-HIDE-INTR-LOC-N3.mp4,SBJ-N5-HIDE-INTR-LOC-N3.mp3,611.8155,mouse_continue,9.1562,,0,38,38,38,1,1,SBJ-N5-HIDE-INTR-LOC-N3.mp4,SBJ-N5-HIDE-INTR-LOC-N3.mp3,ALP1120,2000.03.08,2026-05-09_10h59.33.296,BrocantoHPilot1WOSession2,2025.2.4,MacIntel,59.17159763,,,,,,,,,,,,,,,,,,,,,,,,,,,,,,,,,,,,,,,,,,,,,,,,,,,,,,,,,,,,,,,,,,,,,,,,,,,,,,,,,,,,,,,,,
,,,,,,,,,,,,611.8164,1,SBJ-N1-HIDE-INTR-LOC-N3.mp4,SBJ-N1-HIDE-INTR-LOC-N3.mp3,618.3161,mouse_continue,6.4999,,0,39,39,39,1,1,SBJ-N1-HIDE-INTR-LOC-N3.mp4,SBJ-N1-HIDE-INTR-LOC-N3.mp3,ALP1120,2000.03.08,2026-05-09_10h59.33.296,BrocantoHPilot1WOSession2,2025.2.4,MacIntel,59.17159763,,,,,,,,,,,,,,,,,,,,,,,,,,,,,,,,,,,,,,,,,,,,,,,,,,,,,,,,,,,,,,,,,,,,,,,,,,,,,,,,,,,,,,,,,
,,,,,,,,,,,,618.3172,1,OBJ-N5-SBJ-N4-HIDE-TR.mp4,OBJ-N5-SBJ-N4-HIDE-TR.mp3,623.8309,mouse_continue,5.5139,,0,40,40,40,1,1,OBJ-N5-SBJ-N4-HIDE-TR.mp4,OBJ-N5-SBJ-N4-HIDE-TR.mp3,ALP1120,2000.03.08,2026-05-09_10h59.33.296,BrocantoHPilot1WOSession2,2025.2.4,MacIntel,59.17159763,,,,,,,,,,,,,,,,,,,,,,,,,,,,,,,,,,,,,,,,,,,,,,,,,,,,,,,,,,,,,,,,,,,,,,,,,,,,,,,,,,,,,,,,,
,,,,,,,,,,,,623.8317,1,OBJ-N5-SBJ-N1-HIDE-TR-LOC-N2.mp4,OBJ-N5-SBJ-N1-HIDE-TR-LOC-N2.mp3,629.8803,mouse_continue,6.0488,,0,41,41,41,1,1,OBJ-N5-SBJ-N1-HIDE-TR-LOC-N2.mp4,OBJ-N5-SBJ-N1-HIDE-TR-LOC-N2.mp3,ALP1120,2000.03.08,2026-05-09_10h59.33.296,BrocantoHPilot1WOSession2,2025.2.4,MacIntel,59.17159763,,,,,,,,,,,,,,,,,,,,,,,,,,,,,,,,,,,,,,,,,,,,,,,,,,,,,,,,,,,,,,,,,,,,,,,,,,,,,,,,,,,,,,,,,
,,,,,,,,,,,,,,,,,,,,,,,,,1,,,ALP1120,2000.03.08,2026-05-09_10h59.33.296,BrocantoHPilot1WOSession2,2025.2.4,MacIntel,59.17159763,640.6979,1,2,2,40.8135,1,21.25,40.8135,683.6242,0,0,0,0,1,OBJ-N5-SBJ-N2-HIDE-TR.mp3,OBJ-N5-SBJ-N2-HIDE-TR.mp4,OBJ-N5-SBJ-N2-REVEAL-TR.mp4,,,,,,,,,,,,,,,,,,,,,,,,,,,,,,,,,,,,,,,,,,,,,,,,,,,,,,,,,,,,,,,,,,,,,,,,
,,,,,,,,,,,,,,,,,,,,,,,,,1,,,ALP1120,2000.03.08,2026-05-09_10h59.33.296,BrocantoHPilot1WOSession2,2025.2.4,MacIntel,59.17159763,683.6253,1,1,1,20.8314,1,19.5484,20.8314,706.5518,0,1,1,1,1,SBJ-N5-HIDE-INTR.mp3,SBJ-N5-HIDE-INTR.mp4,SBJ-N5-GO-INTR.mp4,,,,,,,,,,,,,,,,,,,,,,,,,,,,,,,,,,,,,,,,,,,,,,,,,,,,,,,,,,,,,,,,,,,,,,,,
,,,,,,,,,,,,,,,,,,,,,,,,,1,,,ALP1120,2000.03.08,2026-05-09_10h59.33.296,BrocantoHPilot1WOSession2,2025.2.4,MacIntel,59.17159763,706.5524,1,1,1,15.2025,1,14.6184,15.2025,723.8313,0,2,2,2,1,SBJ-N5-JUMP-INTR.mp3,SBJ-N5-JUMP-INTR.mp4,SBJ-N5-HIDE-INTR.mp4,,,,,,,,,,,,,,,,,,,,,,,,,,,,,,,,,,,,,,,,,,,,,,,,,,,,,,,,,,,,,,,,,,,,,,,,
,,,,,,,,,,,,,,,,,,,,,,,,,1,,,ALP1120,2000.03.08,2026-05-09_10h59.33.296,BrocantoHPilot1WOSession2,2025.2.4,MacIntel,59.17159763,723.8327,1,2,1,26.1337,0,24.1873,26.1337,752.4576,0,3,3,3,1,OBJ-N5-SBJ-N3-REVEAL-TR.mp3,OBJ-N5-SBJ-N3-REVEAL-TR.mp4,OBJ-N3-SBJ-N5-PUSH-TR.mp4,,,,,,,,,,,,,,,,,,,,,,,,,,,,,,,,,,,,,,,,,,,,,,,,,,,,,,,,,,,,,,,,,,,,,,,,
,,,,,,,,,,,,,,,,,,,,,,,,,1,,,ALP1120,2000.03.08,2026-05-09_10h59.33.296,BrocantoHPilot1WOSession2,2025.2.4,MacIntel,59.17159763,752.4583,1,2,1,33.2985,0,21.1725,33.2985,787.7519,0,4,4,4,1,OBJ-N5-SBJ-N3-PUSH-TR.mp3,OBJ-N5-SBJ-N3-PUSH-TR.mp4,OBJ-N3-SBJ-N5-PUSH-TR.mp4,,,,,,,,,,,,,,,,,,,,,,,,,,,,,,,,,,,,,,,,,,,,,,,,,,,,,,,,,,,,,,,,,,,,,,,,
,,,,,,,,,,,,,,,,,,,,,,,,,1,,,ALP1120,2000.03.08,2026-05-09_10h59.33.296,BrocantoHPilot1WOSession2,2025.2.4,MacIntel,59.17159763,787.7525,1,1,1,21.5386,1,19.9324,21.5386,812,0,5,5,5,1,SBJ-N1-HIDE-INTR.mp3,SBJ-N1-HIDE-INTR.mp4,SBJ-N1-REVEAL-INTR.mp4,,,,,,,,,,,,,,,,,,,,,,,,,,,,,,,,,,,,,,,,,,,,,,,,,,,,,,,,,,,,,,,,,,,,,,,,
,,,,,,,,,,,,,,,,,,,,,,,,,1,,,ALP1120,2000.03.08,2026-05-09_10h59.33.296,BrocantoHPilot1WOSession2,2025.2.4,MacIntel,59.17159763,812.0005,1,2,2,23.4402,1,19.6897,23.4402,837.3848,0,6,6,6,1,OBJ-N5-SBJ-N4-HIDE-TR.mp3,OBJ-N5-SBJ-N4-HIDE-TR.mp4,OBJ-N4-SBJ-N5-REVEAL-TR.mp4,,,,,,,,,,,,,,,,,,,,,,,,,,,,,,,,,,,,,,,,,,,,,,,,,,,,,,,,,,,,,,,,,,,,,,,,
,,,,,,,,,,,,,,,,,,,,,,,,,1,,,ALP1120,2000.03.08,2026-05-09_10h59.33.296,BrocantoHPilot1WOSession2,2025.2.4,MacIntel,59.17159763,837.3856,1,1,1,21.2768,1,19.2426,21.2768,860.5139,0,7,7,7,1,SBJ-N2-REVEAL-INTR.mp3,SBJ-N2-REVEAL-INTR.mp4,SBJ-N2-HIDE-INTR.mp4,,,,,,,,,,,,,,,,,,,,,,,,,,,,,,,,,,,,,,,,,,,,,,,,,,,,,,,,,,,,,,,,,,,,,,,,
,,,,,,,,,,,,,,,,,,,,,,,,,1,,,ALP1120,2000.03.08,2026-05-09_10h59.33.296,BrocantoHPilot1WOSession2,2025.2.4,MacIntel,59.17159763,860.5147,1,2,2,40.6229,1,17.453,40.6229,903.0942,0,8,8,8,1,OBJ-N5-SBJ-N4-PUSH-TR.mp3,OBJ-N5-SBJ-N4-PUSH-TR.mp4,OBJ-N4-SBJ-N5-PUSH-TR.mp4,,,,,,,,,,,,,,,,,,,,,,,,,,,,,,,,,,,,,,,,,,,,,,,,,,,,,,,,,,,,,,,,,,,,,,,,
,,,,,,,,,,,,,,,,,,,,,,,,,1,,,ALP1120,2000.03.08,2026-05-09_10h59.33.296,BrocantoHPilot1WOSession2,2025.2.4,MacIntel,59.17159763,903.095,1,2,2,23.2356,1,22.2651,23.2356,928.0282,0,9,9,9,1,SBJ-N1-GO-INTR.mp3,SBJ-N1-GO-INTR.mp4,SBJ-N1-HIDE-INTR.mp4,,,,,,,,,,,,,,,,,,,,,,,,,,,,,,,,,,,,,,,,,,,,,,,,,,,,,,,,,,,,,,,,,,,,,,,,
,,,,,,,,,,,,,,,,,,,,,,,,,1,,,ALP1120,2000.03.08,2026-05-09_10h59.33.296,BrocantoHPilot1WOSession2,2025.2.4,MacIntel,59.17159763,928.0292,1,2,2,15.9289,1,15.3306,15.9289,946.3092,0,10,10,10,1,SBJ-N4-REVEAL-INTR.mp3,SBJ-N4-REVEAL-INTR.mp4,SBJ-N4-JUMP-INTR.mp4,,,,,,,,,,,,,,,,,,,,,,,,,,,,,,,,,,,,,,,,,,,,,,,,,,,,,,,,,,,,,,,,,,,,,,,,
,,,,,,,,,,,,,,,,,,,,,,,,,1,,,ALP1120,2000.03.08,2026-05-09_10h59.33.296,BrocantoHPilot1WOSession2,2025.2.4,MacIntel,59.17159763,946.3105,1,2,2,34.1196,1,32.7063,34.1196,982.2891,0,11,11,11,1,OBJ-N5-SBJ-N4-REVEAL-TR.mp3,OBJ-N5-SBJ-N4-REVEAL-TR.mp4,OBJ-N4-SBJ-N5-PUSH-TR.mp4,,,,,,,,,,,,,,,,,,,,,,,,,,,,,,,,,,,,,,,,,,,,,,,,,,,,,,,,,,,,,,,,,,,,,,,,
,,,,,,,,,,,,,,,,,,,,,,,,,1,,,ALP1120,2000.03.08,2026-05-09_10h59.33.296,BrocantoHPilot1WOSession2,2025.2.4,MacIntel,59.17159763,982.2899,1,1,1,19.4562,1,18.7091,19.4562,1003.7134,0,12,12,12,1,SBJ-N3-JUMP-INTR.mp3,SBJ-N3-JUMP-INTR.mp4,SBJ-N3-GO-INTR.mp4,,,,,,,,,,,,,,,,,,,,,,,,,,,,,,,,,,,,,,,,,,,,,,,,,,,,,,,,,,,,,,,,,,,,,,,,
,,,,,,,,,,,,,,,,,,,,,,,,,1,,,ALP1120,2000.03.08,2026-05-09_10h59.33.296,BrocantoHPilot1WOSession2,2025.2.4,MacIntel,59.17159763,1003.7148,1,2,2,28.7406,1,27.4253,28.7406,1034.3445,0,13,13,13,1,OBJ-N5-SBJ-N4-PUSH-TR.mp3,OBJ-N5-SBJ-N4-PUSH-TR.mp4,OBJ-N4-SBJ-N5-PUSH-TR.mp4,,,,,,,,,,,,,,,,,,,,,,,,,,,,,,,,,,,,,,,,,,,,,,,,,,,,,,,,,,,,,,,,,,,,,,,,
,,,,,,,,,,,,,,,,,,,,,,,,,1,,,ALP1120,2000.03.08,2026-05-09_10h59.33.296,BrocantoHPilot1WOSession2,2025.2.4,MacIntel,59.17159763,1034.3452,1,1,1,36.6728,1,24.013,36.6728,1072.8633,0,14,14,14,1,OBJ-N5-SBJ-N4-REVEAL-TR.mp3,OBJ-N5-SBJ-N4-REVEAL-TR.mp4,OBJ-N4-SBJ-N5-HIDE-TR.mp4,,,,,,,,,,,,,,,,,,,,,,,,,,,,,,,,,,,,,,,,,,,,,,,,,,,,,,,,,,,,,,,,,,,,,,,,
,,,,,,,,,,,,,,,,,,,,,,,,,1,,,ALP1120,2000.03.08,2026-05-09_10h59.33.296,BrocantoHPilot1WOSession2,2025.2.4,MacIntel,59.17159763,1072.8641,1,2,2,22.2321,1,21.6853,22.2321,1097.8636,0,15,15,15,1,SBJ-N5-GO-INTR.mp3,SBJ-N5-GO-INTR.mp4,SBJ-N5-HIDE-INTR.mp4,,,,,,,,,,,,,,,,,,,,,,,,,,,,,,,,,,,,,,,,,,,,,,,,,,,,,,,,,,,,,,,,,,,,,,,,
,,,,,,,,,,,,,,,,,,,,,,,,,1,,,ALP1120,2000.03.08,2026-05-09_10h59.33.296,BrocantoHPilot1WOSession2,2025.2.4,MacIntel,59.17159763,1097.8642,1,2,2,20.0876,1,18.2412,20.0876,1119.7061,0,16,16,16,1,SBJ-N1-HIDE-INTR.mp3,SBJ-N1-HIDE-INTR.mp4,SBJ-N1-REVEAL-INTR.mp4,,,,,,,,,,,,,,,,,,,,,,,,,,,,,,,,,,,,,,,,,,,,,,,,,,,,,,,,,,,,,,,,,,,,,,,,
,,,,,,,,,,,,,,,,,,,,,,,,,1,,,ALP1120,2000.03.08,2026-05-09_10h59.33.296,BrocantoHPilot1WOSession2,2025.2.4,MacIntel,59.17159763,1119.7072,1,1,1,36.4562,1,20.8888,36.4562,1157.8582,0,17,17,17,1,OBJ-N5-SBJ-N3-HIDE-TR.mp3,OBJ-N5-SBJ-N3-HIDE-TR.mp4,OBJ-N3-SBJ-N5-HIDE-TR.mp4,,,,,,,,,,,,,,,,,,,,,,,,,,,,,,,,,,,,,,,,,,,,,,,,,,,,,,,,,,,,,,,,,,,,,,,,
,,,,,,,,,,,,,,,,,,,,,,,,,1,,,ALP1120,2000.03.08,2026-05-09_10h59.33.296,BrocantoHPilot1WOSession2,2025.2.4,MacIntel,59.17159763,1157.8589,1,1,1,31.1183,1,28.469,31.1183,1191.8311,0,18,18,18,1,SBJ-N5-REVEAL-INTR.mp3,SBJ-N5-REVEAL-INTR.mp4,SBJ-N5-JUMP-INTR.mp4,,,,,,,,,,,,,,,,,,,,,,,,,,,,,,,,,,,,,,,,,,,,,,,,,,,,,,,,,,,,,,,,,,,,,,,,
,,,,,,,,,,,,,,,,,,,,,,,,,1,,,ALP1120,2000.03.08,2026-05-09_10h59.33.296,BrocantoHPilot1WOSession2,2025.2.4,MacIntel,59.17159763,1191.8321,1,2,2,16.0459,1,15.2383,16.0459,1209.7456,0,19,19,19,1,SBJ-N5-GO-INTR.mp3,SBJ-N5-GO-INTR.mp4,SBJ-N5-JUMP-INTR.mp4,,,,,,,,,,,,,,,,,,,,,,,,,,,,,,,,,,,,,,,,,,,,,,,,,,,,,,,,,,,,,,,,,,,,,,,,
,,,,,,,,,,,,,,,,,,,,,,,,,1,,,ALP1120,2000.03.08,2026-05-09_10h59.33.296,BrocantoHPilot1WOSession2,2025.2.4,MacIntel,59.17159763,1209.7463,1,1,1,25.5878,1,24.5571,25.5878,1237.2373,0,20,20,20,1,OBJ-N5-SBJ-N1-HIDE-TR.mp3,OBJ-N5-SBJ-N1-HIDE-TR.mp4,OBJ-N1-SBJ-N5-REVEAL-TR.mp4,,,,,,,,,,,,,,,,,,,,,,,,,,,,,,,,,,,,,,,,,,,,,,,,,,,,,,,,,,,,,,,,,,,,,,,,
,,,,,,,,,,,,,,,,,,,,,,,,,1,,,ALP1120,2000.03.08,2026-05-09_10h59.33.296,BrocantoHPilot1WOSession2,2025.2.4,MacIntel,59.17159763,1237.238,1,2,2,20.5458,1,19.0716,20.5458,1259.8307,0,21,21,21,1,OBJ-N5-SBJ-N4-REVEAL-TR.mp3,OBJ-N5-SBJ-N4-REVEAL-TR.mp4,OBJ-N4-SBJ-N5-REVEAL-TR.mp4,,,,,,,,,,,,,,,,,,,,,,,,,,,,,,,,,,,,,,,,,,,,,,,,,,,,,,,,,,,,,,,,,,,,,,,,
,,,,,,,,,,,,,,,,,,,,,,,,,1,,,ALP1120,2000.03.08,2026-05-09_10h59.33.296,BrocantoHPilot1WOSession2,2025.2.4,MacIntel,59.17159763,1259.8314,1,2,2,61.9433,1,44.215,61.9433,1324.2519,0,22,22,22,1,SBJ-N2-REVEAL-INTR-LOC-N4.mp3,SBJ-N2-REVEAL-INTR-LOC-N4.mp4,SBJ-N4-JUMP-INTR-LOC-N2.mp4,,,,,,,,,,,,,,,,,,,,,,,,,,,,,,,,,,,,,,,,,,,,,,,,,,,,,,,,,,,,,,,,,,,,,,,,
,,,,,,,,,,,,,,,,,,,,,,,,,1,,,ALP1120,2000.03.08,2026-05-09_10h59.33.296,BrocantoHPilot1WOSession2,2025.2.4,MacIntel,59.17159763,1324.2526,1,2,2,39.63,1,31.8653,39.63,1366.1476,0,23,23,23,1,OBJ-N5-SBJ-N4-PUSH-TR-LOC-N2.mp3,OBJ-N5-SBJ-N4-PUSH-TR-LOC-N2.mp4,OBJ-N4-SBJ-N5-PUSH-TR-LOC-N2.mp4,,,,,,,,,,,,,,,,,,,,,,,,,,,,,,,,,,,,,,,,,,,,,,,,,,,,,,,,,,,,,,,,,,,,,,,,
,,,,,,,,,,,,,,,,,,,,,,,,,1,,,ALP1120,2000.03.08,2026-05-09_10h59.33.296,BrocantoHPilot1WOSession2,2025.2.4,MacIntel,59.17159763,1366.1486,1,2,2,36.797,1,34.6158,36.797,1404.9846,0,24,24,24,1,OBJ-N5-SBJ-N4-HIDE-TR-LOC-N2.mp3,OBJ-N5-SBJ-N4-HIDE-TR-LOC-N2.mp4,OBJ-N5-SBJ-N2-REVEAL-TR-LOC-N4.mp4,,,,,,,,,,,,,,,,,,,,,,,,,,,,,,,,,,,,,,,,,,,,,,,,,,,,,,,,,,,,,,,,,,,,,,,,
,,,,,,,,,,,,,,,,,,,,,,,,,1,,,ALP1120,2000.03.08,2026-05-09_10h59.33.296,BrocantoHPilot1WOSession2,2025.2.4,MacIntel,59.17159763,1404.9853,1,1,1,26.129,1,25.2334,26.129,1432.7417,0,25,25,25,1,SBJ-N2-REVEAL-INTR-LOC-N4.mp3,SBJ-N2-REVEAL-INTR-LOC-N4.mp4,SBJ-N4-REVEAL-INTR-LOC-N2.mp4,,,,,,,,,,,,,,,,,,,,,,,,,,,,,,,,,,,,,,,,,,,,,,,,,,,,,,,,,,,,,,,,,,,,,,,,
,,,,,,,,,,,,,,,,,,,,,,,,,1,,,ALP1120,2000.03.08,2026-05-09_10h59.33.296,BrocantoHPilot1WOSession2,2025.2.4,MacIntel,59.17159763,1432.7422,1,1,1,47.6787,1,47.2209,47.6787,1482.4241,0,26,26,26,1,SBJ-N5-REVEAL-INTR-LOC-N4.mp3,SBJ-N5-REVEAL-INTR-LOC-N4.mp4,SBJ-N4-JUMP-INTR-LOC-N5.mp4,,,,,,,,,,,,,,,,,,,,,,,,,,,,,,,,,,,,,,,,,,,,,,,,,,,,,,,,,,,,,,,,,,,,,,,,
,,,,,,,,,,,,,,,,,,,,,,,,,1,,,ALP1120,2000.03.08,2026-05-09_10h59.33.296,BrocantoHPilot1WOSession2,2025.2.4,MacIntel,59.17159763,1482.4247,1,2,2,22.0219,1,22.6133,22.0219,1507.191,0,27,27,27,1,OBJ-N5-SBJ-N4-REVEAL-TR-LOC-N1.mp3,OBJ-N5-SBJ-N4-REVEAL-TR-LOC-N1.mp4,OBJ-N4-SBJ-N5-REVEAL-TR-LOC-N1.mp4,,,,,,,,,,,,,,,,,,,,,,,,,,,,,,,,,,,,,,,,,,,,,,,,,,,,,,,,,,,,,,,,,,,,,,,,
,,,,,,,,,,,,,,,,,,,,,,,,,1,,,ALP1120,2000.03.08,2026-05-09_10h59.33.296,BrocantoHPilot1WOSession2,2025.2.4,MacIntel,59.17159763,1507.1917,1,1,1,27.026,1,26.5223,27.026,1535.97,0,28,28,28,1,OBJ-N5-SBJ-N1-HIDE-TR-LOC-N2.mp3,OBJ-N5-SBJ-N1-HIDE-TR-LOC-N2.mp4,OBJ-N1-SBJ-N5-REVEAL-TR-LOC-N2.mp4,,,,,,,,,,,,,,,,,,,,,,,,,,,,,,,,,,,,,,,,,,,,,,,,,,,,,,,,,,,,,,,,,,,,,,,,
,,,,,,,,,,,,,,,,,,,,,,,,,1,,,ALP1120,2000.03.08,2026-05-09_10h59.33.296,BrocantoHPilot1WOSession2,2025.2.4,MacIntel,59.17159763,1535.9713,1,2,2,31.0452,1,30.3429,31.0452,1568.8061,0,29,29,29,1,OBJ-N5-SBJ-N2-PUSH-TR-LOC-N4.mp3,OBJ-N5-SBJ-N2-PUSH-TR-LOC-N4.mp4,OBJ-N2-SBJ-N5-PUSH-TR-LOC-N4.mp4,,,,,,,,,,,,,,,,,,,,,,,,,,,,,,,,,,,,,,,,,,,,,,,,,,,,,,,,,,,,,,,,,,,,,,,,
,,,,,,,,,,,,,,,,,,,,,,,,,1,,,ALP1120,2000.03.08,2026-05-09_10h59.33.296,BrocantoHPilot1WOSession2,2025.2.4,MacIntel,59.17159763,1568.8067,1,1,1,40.7124,1,32.3779,40.7124,1612.3218,0,30,30,30,1,OBJ-N5-SBJ-N1-REVEAL-TR-LOC-N3.mp3,OBJ-N5-SBJ-N1-REVEAL-TR-LOC-N3.mp4,OBJ-N3-SBJ-N1-HIDE-TR-LOC-N5.mp4,,,,,,,,,,,,,,,,,,,,,,,,,,,,,,,,,,,,,,,,,,,,,,,,,,,,,,,,,,,,,,,,,,,,,,,,
,,,,,,,,,,,,,,,,,,,,,,,,,1,,,ALP1120,2000.03.08,2026-05-09_10h59.33.296,BrocantoHPilot1WOSession2,2025.2.4,MacIntel,59.17159763,1612.3225,1,1,1,20.0621,1,19.8675,20.0621,1634.6477,0,31,31,31,1,SBJ-N3-GO-INTR.mp3,SBJ-N3-GO-INTR.mp4,SBJ-N3-HIDE-INTR.mp4,,,,,,,,,,,,,,,,,,,,,,,,,,,,,,,,,,,,,,,,,,,,,,,,,,,,,,,,,,,,,,,,,,,,,,,,
,,,,,,,,,,,,,,,,,,,,,,,,,1,,,ALP1120,2000.03.08,2026-05-09_10h59.33.296,BrocantoHPilot1WOSession2,2025.2.4,MacIntel,59.17159763,1634.6484,1,1,1,20.4428,1,14.9363,20.4428,1656.9075,0,32,32,32,1,OBJ-N5-SBJ-N3-PUSH-TR-LOC-N4.mp3,OBJ-N5-SBJ-N3-PUSH-TR-LOC-N4.mp4,OBJ-N4-SBJ-N3-PUSH-TR-LOC-N5.mp4,,,,,,,,,,,,,,,,,,,,,,,,,,,,,,,,,,,,,,,,,,,,,,,,,,,,,,,,,,,,,,,,,,,,,,,,
,,,,,,,,,,,,,,,,,,,,,,,,,1,,,ALP1120,2000.03.08,2026-05-09_10h59.33.296,BrocantoHPilot1WOSession2,2025.2.4,MacIntel,59.17159763,1656.9083,1,2,2,33.7157,1,21.4814,33.7157,1692.3857,0,33,33,33,1,OBJ-N5-Ab-SBJ-N1-HIDE-TR.mp3,OBJ-N5-Ab-SBJ-N1-HIDE-TR.mp4,OBJ-N5-Aa-SBJ-N1-PUSH-TR.mp4,,,,,,,,,,,,,,,,,,,,,,,,,,,,,,,,,,,,,,,,,,,,,,,,,,,,,,,,,,,,,,,,,,,,,,,,
,,,,,,,,,,,,,,,,,,,,,,,,,1,,,ALP1120,2000.03.08,2026-05-09_10h59.33.296,BrocantoHPilot1WOSession2,2025.2.4,MacIntel,59.17159763,1692.3864,1,1,1,32.9689,1,32.114,32.9689,1728.6492,0,34,34,34,1,SBJ-N1-JUMP-INTR.mp3,SBJ-N1-JUMP-INTR.mp4,SBJ-N1-GO-INTR.mp4,,,,,,,,,,,,,,,,,,,,,,,,,,,,,,,,,,,,,,,,,,,,,,,,,,,,,,,,,,,,,,,,,,,,,,,,
,,,,,,,,,,,,,,,,,,,,,,,,,1,,,ALP1120,2000.03.08,2026-05-09_10h59.33.296,BrocantoHPilot1WOSession2,2025.2.4,MacIntel,59.17159763,1728.6505,1,1,1,35.2676,1,24.9697,35.2676,1765.7307,0,35,35,35,1,SBJ-N2-HIDE-INTR-LOC-N3.mp3,SBJ-N2-HIDE-INTR-LOC-N3.mp4,SBJ-N3-GO-INTR-LOC-N2.mp4,,,,,,,,,,,,,,,,,,,,,,,,,,,,,,,,,,,,,,,,,,,,,,,,,,,,,,,,,,,,,,,,,,,,,,,,
,,,,,,,,,,,,,,,,,,,,,,,,,1,,,ALP1120,2000.03.08,2026-05-09_10h59.33.296,BrocantoHPilot1WOSession2,2025.2.4,MacIntel,59.17159763,1765.7313,1,1,1,22.2632,1,21.5151,22.2632,1789.8628,0,36,36,36,1,SBJ-N4-HIDE-INTR-LOC-N5.mp3,SBJ-N4-HIDE-INTR-LOC-N5.mp4,SBJ-N5-HIDE-INTR-LOC-N4.mp4,,,,,,,,,,,,,,,,,,,,,,,,,,,,,,,,,,,,,,,,,,,,,,,,,,,,,,,,,,,,,,,,,,,,,,,,
,,,,,,,,,,,,,,,,,,,,,,,,,1,,,ALP1120,2000.03.08,2026-05-09_10h59.33.296,BrocantoHPilot1WOSession2,2025.2.4,MacIntel,59.17159763,1789.8638,1,1,1,21.9571,1,20.6303,21.9571,1816.0147,0,37,37,37,1,SBJ-N5-GO-INTR-LOC-N4.mp3,SBJ-N5-GO-INTR-LOC-N4.mp4,SBJ-N4-REVEAL-INTR-LOC-N5.mp4,,,,,,,,,,,,,,,,,,,,,,,,,,,,,,,,,,,,,,,,,,,,,,,,,,,,,,,,,,,,,,,,,,,,,,,,
,,,,,,,,,,,,,,,,,,,,,,,,,1,,,ALP1120,2000.03.08,2026-05-09_10h59.33.296,BrocantoHPilot1WOSession2,2025.2.4,MacIntel,59.17159763,1816.0153,1,2,2,16.8429,1,16.4343,16.8429,1834.933,0,38,38,38,1,SBJ-N3-JUMP-INTR-LOC-N2.mp3,SBJ-N3-JUMP-INTR-LOC-N2.mp4,SBJ-N2-JUMP-INTR-LOC-N3.mp4,,,,,,,,,,,,,,,,,,,,,,,,,,,,,,,,,,,,,,,,,,,,,,,,,,,,,,,,,,,,,,,,,,,,,,,,
,,,,,,,,,,,,,,,,,,,,,,,,,1,,,ALP1120,2000.03.08,2026-05-09_10h59.33.296,BrocantoHPilot1WOSession2,2025.2.4,MacIntel,59.17159763,1834.9336,1,2,2,33.2337,1,32.7971,33.2337,1870.1276,0,39,39,39,1,SBJ-N4-JUMP-INTR-LOC-N1.mp3,SBJ-N4-JUMP-INTR-LOC-N1.mp4,SBJ-N1-REVEAL-INTR-LOC-N4.mp4,,,,,,,,,,,,,,,,,,,,,,,,,,,,,,,,,,,,,,,,,,,,,,,,,,,,,,,,,,,,,,,,,,,,,,,,
,,,,,,,,,,,,,,,,,,,,,,,,,1,,,ALP1120,2000.03.08,2026-05-09_10h59.33.296,BrocantoHPilot1WOSession2,2025.2.4,MacIntel,59.17159763,1870.1286,1,1,1,40.7811,1,30.7595,40.7811,1912.7077,0,40,40,40,1,Ab-OBJ-N5-SBJ-N2-HIDE-TR.mp3,Ab-OBJ-N5-SBJ-N2-HIDE-TR.mp4,OBJ-N2-Aa-SBJ-N5-HIDE-TR.mp4,,,,,,,,,,,,,,,,,,,,,,,,,,,,,,,,,,,,,,,,,,,,,,,,,,,,,,,,,,,,,,,,,,,,,,,,
,,,,,,,,,,,,,,,,,,,,,,,,,1,,,ALP1120,2000.03.08,2026-05-09_10h59.33.296,BrocantoHPilot1WOSession2,2025.2.4,MacIntel,59.17159763,1912.7084,1,2,1,50.4251,0,25.337,50.4251,1964.9975,0,41,41,41,1,OBJ-N5-SBJ-N3-REVEAL-TR-LOC-N4.mp3,OBJ-N5-SBJ-N3-REVEAL-TR-LOC-N4.mp4,OBJ-N4-SBJ-N3-REVEAL-TR-LOC-N5.mp4,,,,,,,,,,,,,,,,,,,,,,,,,,,,,,,,,,,,,,,,,,,,,,,,,,,,,,,,,,,,,,,,,,,,,,,,
,,,,,,,,,,,,,,,,,,,,,,,,,1,,,ALP1120,2000.03.08,2026-05-09_10h59.33.296,BrocantoHPilot1WOSession2,2025.2.4,MacIntel,59.17159763,,,,,,,,,,,,,,,OBJ.N5 SBJ.N4 HIDE-TR,,,1982.1612,1,OBJ-N5-SBJ-N4-HIDE-TR.mp4,N5|N4|HIDE,JUMP|N5|N4|HIDE|Ab|N2|REVEAL,timó|dabi|zsübe,bonip|timó|dabi|zsübe|zsot|murak|girda,1,10.3604,23.9293,timó dabi zsübe,2023.5052,0,0,0,0,1,OBJ-N5-SBJ-N4-HIDE-TR.mp4,N5|N4|HIDE,JUMP|N5|N4|HIDE|Ab|N2|REVEAL,timó dabi zsübe,timó|dabi|zsübe,bonip|timó|dabi|zsübe|zsot|murak|girda,,,,,,,,,,,,,,,,,,,,,,,,,,,,,,,,,,,,,,,,,,,,,,,,,
,,,,,,,,,,,,,,,,,,,,,,,,,1,,,ALP1120,2000.03.08,2026-05-09_10h59.33.296,BrocantoHPilot1WOSession2,2025.2.4,MacIntel,59.17159763,,,,,,,,,,,,,,,SBJ.N3 JUMP-INTR,,,2024.0222,1,SBJ-N3-JUMP-INTR.mp4,N3|JUMP,N2|N1|Aa|JUMP|Ab|N3,zilép|bonip,murak|pekli|gyék|bonip|zsot|zilép,1,6.671,8.7941,zilép bonip,2035.4698,0,1,1,1,1,SBJ-N3-JUMP-INTR.mp4,N3|JUMP,N2|N1|Aa|JUMP|Ab|N3,zilép bonip,zilép|bonip,murak|pekli|gyék|bonip|zsot|zilép,,,,,,,,,,,,,,,,,,,,,,,,,,,,,,,,,,,,,,,,,,,,,,,,,
,,,,,,,,,,,,,,,,,,,,,,,,,1,,,ALP1120,2000.03.08,2026-05-09_10h59.33.296,BrocantoHPilot1WOSession2,2025.2.4,MacIntel,59.17159763,,,,,,,,,,,,,,,SBJ.N4 GO-INTR,,,2035.9865,1,SBJ-N4-GO-INTR.mp4,N4|GO,N4|REVEAL|N2|N1|GO|JUMP,dabi|kávler,dabi|girda|murak|pekli|kávler|bonip,1,6.0472,9.0667,dabi kávler,2050.5703,0,2,2,2,1,SBJ-N4-GO-INTR.mp4,N4|GO,N4|REVEAL|N2|N1|GO|JUMP,dabi kávler,dabi|kávler,dabi|girda|murak|pekli|kávler|bonip,,,,,,,,,,,,,,,,,,,,,,,,,,,,,,,,,,,,,,,,,,,,,,,,,
,,,,,,,,,,,,,,,,,,,,,,,,,1,,,ALP1120,2000.03.08,2026-05-09_10h59.33.296,BrocantoHPilot1WOSession2,2025.2.4,MacIntel,59.17159763,,,,,,,,,,,,,,,OBJ.N5 SBJ.N4 PUSH-TR,,,2051.0778,1,OBJ-N5-SBJ-N4-PUSH-TR.mp4,N5|N4|PUSH,N2|GO|N1|JUMP|N5|PUSH|N4,timó|dabi|vánta,murak|kávler|pekli|bonip|timó|vánta|dabi,1,5.7084,9.2061,timó dabi vánta,2063.2073,0,3,3,3,1,OBJ-N5-SBJ-N4-PUSH-TR.mp4,N5|N4|PUSH,N2|GO|N1|JUMP|N5|PUSH|N4,timó dabi vánta,timó|dabi|vánta,murak|kávler|pekli|bonip|timó|vánta|dabi,,,,,,,,,,,,,,,,,,,,,,,,,,,,,,,,,,,,,,,,,,,,,,,,,
,,,,,,,,,,,,,,,,,,,,,,,,,1,,,ALP1120,2000.03.08,2026-05-09_10h59.33.296,BrocantoHPilot1WOSession2,2025.2.4,MacIntel,59.17159763,,,,,,,,,,,,,,,OBJ.N5 SBJ.N3 REVEAL-TR,,,2063.7123,1,OBJ-N5-SBJ-N3-REVEAL-TR.mp4,N5|N3|REVEAL,REVEAL|Ab|PUSH|N3|N5|Aa|N1,timó|zilép|girda,girda|zsot|vánta|zilép|timó|gyék|pekli,1,6.8271,19.2512,timó zilép girda,2085.395,0,4,4,4,1,OBJ-N5-SBJ-N3-REVEAL-TR.mp4,N5|N3|REVEAL,REVEAL|Ab|PUSH|N3|N5|Aa|N1,timó zilép girda,timó|zilép|girda,girda|zsot|vánta|zilép|timó|gyék|pekli,,,,,,,,,,,,,,,,,,,,,,,,,,,,,,,,,,,,,,,,,,,,,,,,,
,,,,,,,,,,,,,,,,,,,,,,,,,1,,,ALP1120,2000.03.08,2026-05-09_10h59.33.296,BrocantoHPilot1WOSession2,2025.2.4,MacIntel,59.17159763,,,,,,,,,,,,,,,SBJ.N4 HIDE-INTR,,,2085.9038,1,SBJ-N4-HIDE-INTR.mp4,N4|HIDE,Ab|GO|HIDE|N4|Aa|JUMP,dabi|zsübe,zsot|kávler|zsübe|dabi|gyék|bonip,1,7.5458,12.051,dabi zsübe,2101.2291,0,5,5,5,1,SBJ-N4-HIDE-INTR.mp4,N4|HIDE,Ab|GO|HIDE|N4|Aa|JUMP,dabi zsübe,dabi|zsübe,zsot|kávler|zsübe|dabi|gyék|bonip,,,,,,,,,,,,,,,,,,,,,,,,,,,,,,,,,,,,,,,,,,,,,,,,,
,,,,,,,,,,,,,,,,,,,,,,,,,1,,,ALP1120,2000.03.08,2026-05-09_10h59.33.296,BrocantoHPilot1WOSession2,2025.2.4,MacIntel,59.17159763,,,,,,,,,,,,,,,OBJ.N5 SBJ.N4 PUSH-TR,,,2101.7334,1,OBJ-N5-SBJ-N4-PUSH-TR.mp4,N5|N4|PUSH,N5|Aa|N3|Ab|PUSH|N1|N4,timó|dabi|vánta,timó|gyék|zilép|zsot|vánta|pekli|dabi,0,5.6135,8.6876,dabi timó vánta,2122.5516,0,6,6,6,1,OBJ-N5-SBJ-N4-PUSH-TR.mp4,N5|N4|PUSH,N5|Aa|N3|Ab|PUSH|N1|N4,timó dabi vánta,timó|dabi|vánta,timó|gyék|zilép|zsot|vánta|pekli|dabi,,,,,,,,,,,,,,,,,,,,,,,,,,,,,,,,,,,,,,,,,,,,,,,,,
,,,,,,,,,,,,,,,,,,,,,,,,,1,,,ALP1120,2000.03.08,2026-05-09_10h59.33.296,BrocantoHPilot1WOSession2,2025.2.4,MacIntel,59.17159763,,,,,,,,,,,,,,,SBJ.N3 REVEAL-INTR,,,2123.0541,1,SBJ-N3-REVEAL-INTR.mp4,N3|REVEAL,N1|N4|HIDE|N5|REVEAL|N3,zilép|girda,pekli|dabi|zsübe|timó|girda|zilép,1,4.2041,7.3379,zilép girda,2133.2636,0,7,7,7,1,SBJ-N3-REVEAL-INTR.mp4,N3|REVEAL,N1|N4|HIDE|N5|REVEAL|N3,zilép girda,zilép|girda,pekli|dabi|zsübe|timó|girda|zilép,,,,,,,,,,,,,,,,,,,,,,,,,,,,,,,,,,,,,,,,,,,,,,,,,
,,,,,,,,,,,,,,,,,,,,,,,,,1,,,ALP1120,2000.03.08,2026-05-09_10h59.33.296,BrocantoHPilot1WOSession2,2025.2.4,MacIntel,59.17159763,,,,,,,,,,,,,,,OBJ.N5 SBJ.N4 REVEAL-TR,,,2133.7654,1,OBJ-N5-SBJ-N4-REVEAL-TR.mp4,N5|N4|REVEAL,Ab|JUMP|N2|REVEAL|N5|PUSH|N4,timó|dabi|girda,zsot|bonip|murak|girda|timó|vánta|dabi,1,7.3648,13.7827,timó dabi girda,2149.6438,0,8,8,8,1,OBJ-N5-SBJ-N4-REVEAL-TR.mp4,N5|N4|REVEAL,Ab|JUMP|N2|REVEAL|N5|PUSH|N4,timó dabi girda,timó|dabi|girda,zsot|bonip|murak|girda|timó|vánta|dabi,,,,,,,,,,,,,,,,,,,,,,,,,,,,,,,,,,,,,,,,,,,,,,,,,
,,,,,,,,,,,,,,,,,,,,,,,,,1,,,ALP1120,2000.03.08,2026-05-09_10h59.33.296,BrocantoHPilot1WOSession2,2025.2.4,MacIntel,59.17159763,,,,,,,,,,,,,,,SBJ.N3 JUMP-INTR,,,2150.1591,1,SBJ-N3-JUMP-INTR.mp4,N3|JUMP,JUMP|PUSH|Aa|N3|Ab|GO,zilép|bonip,bonip|vánta|gyék|zilép|zsot|kávler,1,5.9268,7.88,zilép bonip,2160.7094,0,9,9,9,1,SBJ-N3-JUMP-INTR.mp4,N3|JUMP,JUMP|PUSH|Aa|N3|Ab|GO,zilép bonip,zilép|bonip,bonip|vánta|gyék|zilép|zsot|kávler,,,,,,,,,,,,,,,,,,,,,,,,,,,,,,,,,,,,,,,,,,,,,,,,,
,,,,,,,,,,,,,,,,,,,,,,,,,1,,,ALP1120,2000.03.08,2026-05-09_10h59.33.296,BrocantoHPilot1WOSession2,2025.2.4,MacIntel,59.17159763,,,,,,,,,,,,,,,OBJ.N5 SBJ.N4 HIDE-TR,,,2161.2217,1,OBJ-N5-SBJ-N4-HIDE-TR.mp4,N5|N4|HIDE,N4|N3|REVEAL|N5|HIDE|Aa|N1,timó|dabi|zsübe,dabi|zilép|girda|timó|zsübe|gyék|pekli,1,6.3717,17.0695,timó dabi zsübe,2180.3866,0,10,10,10,1,OBJ-N5-SBJ-N4-HIDE-TR.mp4,N5|N4|HIDE,N4|N3|REVEAL|N5|HIDE|Aa|N1,timó dabi zsübe,timó|dabi|zsübe,dabi|zilép|girda|timó|zsübe|gyék|pekli,,,,,,,,,,,,,,,,,,,,,,,,,,,,,,,,,,,,,,,,,,,,,,,,,
,,,,,,,,,,,,,,,,,,,,,,,,,1,,,ALP1120,2000.03.08,2026-05-09_10h59.33.296,BrocantoHPilot1WOSession2,2025.2.4,MacIntel,59.17159763,,,,,,,,,,,,,,,SBJ.N2 REVEAL-INTR,,,2180.8911,1,SBJ-N2-REVEAL-INTR.mp4,N2|REVEAL,HIDE|N2|GO|REVEAL|PUSH|N5,murak|girda,zsübe|murak|kávler|girda|vánta|timó,1,6.9272,9.8924,murak girda,2193.2672,0,11,11,11,1,SBJ-N2-REVEAL-INTR.mp4,N2|REVEAL,HIDE|N2|GO|REVEAL|PUSH|N5,murak girda,murak|girda,zsübe|murak|kávler|girda|vánta|timó,,,,,,,,,,,,,,,,,,,,,,,,,,,,,,,,,,,,,,,,,,,,,,,,,
,,,,,,,,,,,,,,,,,,,,,,,,,1,,,ALP1120,2000.03.08,2026-05-09_10h59.33.296,BrocantoHPilot1WOSession2,2025.2.4,MacIntel,59.17159763,,,,,,,,,,,,,,,OBJ.N5 SBJ.N4 HIDE-TR,,,2193.7753,1,OBJ-N5-SBJ-N4-HIDE-TR.mp4,N5|N4|HIDE,Ab|HIDE|N4|N3|N2|GO|N5,timó|dabi|zsübe,zsot|zsübe|dabi|zilép|murak|kávler|timó,1,6.5595,8.8413,timó dabi zsübe,2204.8492,0,12,12,12,1,OBJ-N5-SBJ-N4-HIDE-TR.mp4,N5|N4|HIDE,Ab|HIDE|N4|N3|N2|GO|N5,timó dabi zsübe,timó|dabi|zsübe,zsot|zsübe|dabi|zilép|murak|kávler|timó,,,,,,,,,,,,,,,,,,,,,,,,,,,,,,,,,,,,,,,,,,,,,,,,,
,,,,,,,,,,,,,,,,,,,,,,,,,1,,,ALP1120,2000.03.08,2026-05-09_10h59.33.296,BrocantoHPilot1WOSession2,2025.2.4,MacIntel,59.17159763,,,,,,,,,,,,,,,SBJ.N1 GO-INTR,,,2205.3555,1,SBJ-N1-GO-INTR.mp4,N1|GO,HIDE|N2|N1|GO|REVEAL|N3,pekli|kávler,zsübe|murak|pekli|kávler|girda|zilép,1,6.3931,8.7698,pekli kávler,2216.2047,0,13,13,13,1,SBJ-N1-GO-INTR.mp4,N1|GO,HIDE|N2|N1|GO|REVEAL|N3,pekli kávler,pekli|kávler,zsübe|murak|pekli|kávler|girda|zilép,,,,,,,,,,,,,,,,,,,,,,,,,,,,,,,,,,,,,,,,,,,,,,,,,
,,,,,,,,,,,,,,,,,,,,,,,,,1,,,ALP1120,2000.03.08,2026-05-09_10h59.33.296,BrocantoHPilot1WOSession2,2025.2.4,MacIntel,59.17159763,,,,,,,,,,,,,,,OBJ.N5 SBJ.N3 REVEAL-TR,,,2216.7194,1,OBJ-N5-SBJ-N3-REVEAL-TR.mp4,N5|N3|REVEAL,N5|N4|REVEAL|N3|PUSH|GO|N2,timó|zilép|girda,timó|dabi|girda|zilép|vánta|kávler|murak,1,7.1025,12.4826,timó zilép girda,2231.5586,0,14,14,14,1,OBJ-N5-SBJ-N3-REVEAL-TR.mp4,N5|N3|REVEAL,N5|N4|REVEAL|N3|PUSH|GO|N2,timó zilép girda,timó|zilép|girda,timó|dabi|girda|zilép|vánta|kávler|murak,,,,,,,,,,,,,,,,,,,,,,,,,,,,,,,,,,,,,,,,,,,,,,,,,
,,,,,,,,,,,,,,,,,,,,,,,,,1,,,ALP1120,2000.03.08,2026-05-09_10h59.33.296,BrocantoHPilot1WOSession2,2025.2.4,MacIntel,59.17159763,,,,,,,,,,,,,,,SBJ.N3 JUMP-INTR,,,2232.0611,1,SBJ-N3-JUMP-INTR.mp4,N3|JUMP,JUMP|N2|REVEAL|N5|N3|N4,zilép|bonip,bonip|murak|girda|timó|zilép|dabi,1,6.8132,9.2352,zilép bonip,2243.7466,0,15,15,15,1,SBJ-N3-JUMP-INTR.mp4,N3|JUMP,JUMP|N2|REVEAL|N5|N3|N4,zilép bonip,zilép|bonip,bonip|murak|girda|timó|zilép|dabi,,,,,,,,,,,,,,,,,,,,,,,,,,,,,,,,,,,,,,,,,,,,,,,,,
,,,,,,,,,,,,,,,,,,,,,,,,,1,,,ALP1120,2000.03.08,2026-05-09_10h59.33.296,BrocantoHPilot1WOSession2,2025.2.4,MacIntel,59.17159763,,,,,,,,,,,,,,,SBJ.N4 HIDE-INTR,,,2244.2607,1,SBJ-N4-HIDE-INTR.mp4,N4|HIDE,GO|N4|Ab|N1|N2|HIDE,dabi|zsübe,kávler|dabi|zsot|pekli|murak|zsübe,1,6.8123,8.6931,dabi zsübe,2256.4533,0,16,16,16,1,SBJ-N4-HIDE-INTR.mp4,N4|HIDE,GO|N4|Ab|N1|N2|HIDE,dabi zsübe,dabi|zsübe,kávler|dabi|zsot|pekli|murak|zsübe,,,,,,,,,,,,,,,,,,,,,,,,,,,,,,,,,,,,,,,,,,,,,,,,,
,,,,,,,,,,,,,,,,,,,,,,,,,1,,,ALP1120,2000.03.08,2026-05-09_10h59.33.296,BrocantoHPilot1WOSession2,2025.2.4,MacIntel,59.17159763,,,,,,,,,,,,,,,OBJ.N5 SBJ.N2 PUSH-TR,,,2256.9609,1,OBJ-N5-SBJ-N2-PUSH-TR.mp4,N5|N2|PUSH,PUSH|N4|Ab|N1|N2|HIDE|N5,timó|murak|vánta,vánta|dabi|zsot|pekli|murak|zsübe|timó,1,5.6223,9.8719,timó murak vánta,2269.4275,0,17,17,17,1,OBJ-N5-SBJ-N2-PUSH-TR.mp4,N5|N2|PUSH,PUSH|N4|Ab|N1|N2|HIDE|N5,timó murak vánta,timó|murak|vánta,vánta|dabi|zsot|pekli|murak|zsübe|timó,,,,,,,,,,,,,,,,,,,,,,,,,,,,,,,,,,,,,,,,,,,,,,,,,
,,,,,,,,,,,,,,,,,,,,,,,,,1,,,ALP1120,2000.03.08,2026-05-09_10h59.33.296,BrocantoHPilot1WOSession2,2025.2.4,MacIntel,59.17159763,,,,,,,,,,,,,,,SBJ.N5 REVEAL-INTR,,,2269.9348,1,SBJ-N5-REVEAL-INTR.mp4,N5|REVEAL,PUSH|N5|GO|REVEAL|JUMP|N4,timó|girda,vánta|timó|kávler|girda|bonip|dabi,1,7.6657,9.8064,timó girda,2282.0214,0,18,18,18,1,SBJ-N5-REVEAL-INTR.mp4,N5|REVEAL,PUSH|N5|GO|REVEAL|JUMP|N4,timó girda,timó|girda,vánta|timó|kávler|girda|bonip|dabi,,,,,,,,,,,,,,,,,,,,,,,,,,,,,,,,,,,,,,,,,,,,,,,,,
,,,,,,,,,,,,,,,,,,,,,,,,,1,,,ALP1120,2000.03.08,2026-05-09_10h59.33.296,BrocantoHPilot1WOSession2,2025.2.4,MacIntel,59.17159763,,,,,,,,,,,,,,,SBJ.N3 HIDE-INTR,,,2282.5289,1,SBJ-N3-HIDE-INTR.mp4,N3|HIDE,N2|N3|N5|HIDE|N1|N4,zilép|zsübe,murak|zilép|timó|zsübe|pekli|dabi,1,6.1422,9.2922,zilép zsübe,2294.2973,0,19,19,19,1,SBJ-N3-HIDE-INTR.mp4,N3|HIDE,N2|N3|N5|HIDE|N1|N4,zilép zsübe,zilép|zsübe,murak|zilép|timó|zsübe|pekli|dabi,,,,,,,,,,,,,,,,,,,,,,,,,,,,,,,,,,,,,,,,,,,,,,,,,
,,,,,,,,,,,,,,,,,,,,,,,,,1,,,ALP1120,2000.03.08,2026-05-09_10h59.33.296,BrocantoHPilot1WOSession2,2025.2.4,MacIntel,59.17159763,,,,,,,,,,,,,,,OBJ.N5 SBJ.N2 PUSH-TR,,,2294.8118,1,OBJ-N5-SBJ-N2-PUSH-TR.mp4,N5|N2|PUSH,JUMP|N1|N2|N3|PUSH|Ab|N5,timó|murak|vánta,bonip|pekli|murak|zilép|vánta|zsot|timó,1,5.3135,11.1114,timó murak vánta,2309.2296,0,20,20,20,1,OBJ-N5-SBJ-N2-PUSH-TR.mp4,N5|N2|PUSH,JUMP|N1|N2|N3|PUSH|Ab|N5,timó murak vánta,timó|murak|vánta,bonip|pekli|murak|zilép|vánta|zsot|timó,,,,,,,,,,,,,,,,,,,,,,,,,,,,,,,,,,,,,,,,,,,,,,,,,
,,,,,,,,,,,,,,,,,,,,,,,,,1,,,ALP1120,2000.03.08,2026-05-09_10h59.33.296,BrocantoHPilot1WOSession2,2025.2.4,MacIntel,59.17159763,,,,,,,,,,,,,,,OBJ.N5 SBJ.N1 PUSH-TR,,,2309.7349,1,OBJ-N5-SBJ-N1-PUSH-TR.mp4,N5|N1|PUSH,JUMP|GO|PUSH|N1|Ab|Aa|N5,timó|pekli|vánta,bonip|kávler|vánta|pekli|zsot|gyék|timó,1,5.091,7.6165,timó pekli vánta,2320.3138,0,21,21,21,1,OBJ-N5-SBJ-N1-PUSH-TR.mp4,N5|N1|PUSH,JUMP|GO|PUSH|N1|Ab|Aa|N5,timó pekli vánta,timó|pekli|vánta,bonip|kávler|vánta|pekli|zsot|gyék|timó,,,,,,,,,,,,,,,,,,,,,,,,,,,,,,,,,,,,,,,,,,,,,,,,,
,,,,,,,,,,,,,,,,,,,,,,,,,1,,,ALP1120,2000.03.08,2026-05-09_10h59.33.296,BrocantoHPilot1WOSession2,2025.2.4,MacIntel,59.17159763,,,,,,,,,,,,,,,OBJ.N5 SBJ.N2 HIDE-TR LOC.N3,,,2320.8324,1,OBJ-N5-SBJ-N2-HIDE-TR-LOC-N3.mp4,N5|N2|HIDE|N3,Aa|N5|N2|HIDE|N4|N1|GO|N3,timó|murak|zsübe|zilép,gyék|timó|murak|zsübe|dabi|pekli|kávler|zilép,1,6.0952,21.1244,timó murak zsübe zilép,2346.0095,0,22,22,22,1,OBJ-N5-SBJ-N2-HIDE-TR-LOC-N3.mp4,N5|N2|HIDE|N3,Aa|N5|N2|HIDE|N4|N1|GO|N3,timó murak zsübe zilép,timó|murak|zsübe|zilép,gyék|timó|murak|zsübe|dabi|pekli|kávler|zilép,,,,,,,,,,,,,,,,,,,,,,,,,,,,,,,,,,,,,,,,,,,,,,,,,
,,,,,,,,,,,,,,,,,,,,,,,,,1,,,ALP1120,2000.03.08,2026-05-09_10h59.33.296,BrocantoHPilot1WOSession2,2025.2.4,MacIntel,59.17159763,,,,,,,,,,,,,,,SBJ.N4 REVEAL-INTR LOC.N3,,,2346.517,1,SBJ-N4-REVEAL-INTR-LOC-N3.mp4,N4|REVEAL|N3,N2|N3|Aa|N5|PUSH|REVEAL|N4,dabi|girda|zilép,murak|zilép|gyék|timó|vánta|girda|dabi,1,6.3126,10.4616,dabi girda zilép,2359.4039,0,23,23,23,1,SBJ-N4-REVEAL-INTR-LOC-N3.mp4,N4|REVEAL|N3,N2|N3|Aa|N5|PUSH|REVEAL|N4,dabi girda zilép,dabi|girda|zilép,murak|zilép|gyék|timó|vánta|girda|dabi,,,,,,,,,,,,,,,,,,,,,,,,,,,,,,,,,,,,,,,,,,,,,,,,,
,,,,,,,,,,,,,,,,,,,,,,,,,1,,,ALP1120,2000.03.08,2026-05-09_10h59.33.296,BrocantoHPilot1WOSession2,2025.2.4,MacIntel,59.17159763,,,,,,,,,,,,,,,SBJ.N4 REVEAL-INTR LOC.N3,,,2359.9189,1,SBJ-N4-REVEAL-INTR-LOC-N3.mp4,N4|REVEAL|N3,HIDE|PUSH|Ab|N3|REVEAL|GO|N4,dabi|girda|zilép,zsübe|vánta|zsot|zilép|girda|kávler|dabi,1,9.9605,15.2206,dabi girda zilép,2377.5062,0,24,24,24,1,SBJ-N4-REVEAL-INTR-LOC-N3.mp4,N4|REVEAL|N3,HIDE|PUSH|Ab|N3|REVEAL|GO|N4,dabi girda zilép,dabi|girda|zilép,zsübe|vánta|zsot|zilép|girda|kávler|dabi,,,,,,,,,,,,,,,,,,,,,,,,,,,,,,,,,,,,,,,,,,,,,,,,,
,,,,,,,,,,,,,,,,,,,,,,,,,1,,,ALP1120,2000.03.08,2026-05-09_10h59.33.296,BrocantoHPilot1WOSession2,2025.2.4,MacIntel,59.17159763,,,,,,,,,,,,,,,OBJ.N5 SBJ.N1 PUSH-TR LOC.N2,,,2378.0168,1,OBJ-N5-SBJ-N1-PUSH-TR-LOC-N2.mp4,N5|N1|PUSH|N2,N1|N2|HIDE|PUSH|N5|GO|REVEAL|N3,timó|pekli|vánta|murak,pekli|murak|zsübe|vánta|timó|kávler|girda|zilép,1,5.5182,15.3669,timó pekli vánta murak,2396.0722,0,25,25,25,1,OBJ-N5-SBJ-N1-PUSH-TR-LOC-N2.mp4,N5|N1|PUSH|N2,N1|N2|HIDE|PUSH|N5|GO|REVEAL|N3,timó pekli vánta murak,timó|pekli|vánta|murak,pekli|murak|zsübe|vánta|timó|kávler|girda|zilép,,,,,,,,,,,,,,,,,,,,,,,,,,,,,,,,,,,,,,,,,,,,,,,,,
,,,,,,,,,,,,,,,,,,,,,,,,,1,,,ALP1120,2000.03.08,2026-05-09_10h59.33.296,BrocantoHPilot1WOSession2,2025.2.4,MacIntel,59.17159763,,,,,,,,,,,,,,,OBJ.N5 SBJ.N1 REVEAL-TR LOC.N3,,,2396.5904,1,OBJ-N5-SBJ-N1-REVEAL-TR-LOC-N3.mp4,N5|N1|REVEAL|N3,N5|N3|GO|N2|HIDE|N1|JUMP|REVEAL,timó|pekli|girda|zilép,timó|zilép|kávler|murak|zsübe|pekli|bonip|girda,1,7.0291,21.4952,timó pekli girda zilép,2422.0528,0,26,26,26,1,OBJ-N5-SBJ-N1-REVEAL-TR-LOC-N3.mp4,N5|N1|REVEAL|N3,N5|N3|GO|N2|HIDE|N1|JUMP|REVEAL,timó pekli girda zilép,timó|pekli|girda|zilép,timó|zilép|kávler|murak|zsübe|pekli|bonip|girda,,,,,,,,,,,,,,,,,,,,,,,,,,,,,,,,,,,,,,,,,,,,,,,,,
,,,,,,,,,,,,,,,,,,,,,,,,,1,,,ALP1120,2000.03.08,2026-05-09_10h59.33.296,BrocantoHPilot1WOSession2,2025.2.4,MacIntel,59.17159763,,,,,,,,,,,,,,,SBJ.N1 REVEAL-INTR LOC.N5,,,2422.5727,1,SBJ-N1-REVEAL-INTR-LOC-N5.mp4,N1|REVEAL|N5,N1|REVEAL|Ab|N4|N5|HIDE|N3,pekli|girda|timó,pekli|girda|zsot|dabi|timó|zsübe|zilép,1,7.3326,10.6995,pekli girda timó,2438.828,0,27,27,27,1,SBJ-N1-REVEAL-INTR-LOC-N5.mp4,N1|REVEAL|N5,N1|REVEAL|Ab|N4|N5|HIDE|N3,pekli girda timó,pekli|girda|timó,pekli|girda|zsot|dabi|timó|zsübe|zilép,,,,,,,,,,,,,,,,,,,,,,,,,,,,,,,,,,,,,,,,,,,,,,,,,
,,,,,,,,,,,,,,,,,,,,,,,,,1,,,ALP1120,2000.03.08,2026-05-09_10h59.33.296,BrocantoHPilot1WOSession2,2025.2.4,MacIntel,59.17159763,,,,,,,,,,,,,,,OBJ.N5 SBJ.N2 PUSH-TR LOC.N3,,,2439.3315,1,OBJ-N5-SBJ-N2-PUSH-TR-LOC-N3.mp4,N5|N2|PUSH|N3,GO|N1|REVEAL|N2|N5|Ab|PUSH|N3,timó|murak|vánta|zilép,kávler|pekli|girda|murak|timó|zsot|vánta|zilép,1,5.4846,11.2385,timó murak vánta zilép,2453.29,0,28,28,28,1,OBJ-N5-SBJ-N2-PUSH-TR-LOC-N3.mp4,N5|N2|PUSH|N3,GO|N1|REVEAL|N2|N5|Ab|PUSH|N3,timó murak vánta zilép,timó|murak|vánta|zilép,kávler|pekli|girda|murak|timó|zsot|vánta|zilép,,,,,,,,,,,,,,,,,,,,,,,,,,,,,,,,,,,,,,,,,,,,,,,,,
,,,,,,,,,,,,,,,,,,,,,,,,,1,,,ALP1120,2000.03.08,2026-05-09_10h59.33.296,BrocantoHPilot1WOSession2,2025.2.4,MacIntel,59.17159763,,,,,,,,,,,,,,,OBJ.N5 SBJ.N1 HIDE-TR LOC.N2,,,2453.8039,1,OBJ-N5-SBJ-N1-HIDE-TR-LOC-N2.mp4,N5|N1|HIDE|N2,HIDE|N2|PUSH|N4|N1|JUMP|Ab|N5,timó|pekli|zsübe|murak,zsübe|murak|vánta|dabi|pekli|bonip|zsot|timó,1,6.4368,28.6029,timó pekli zsübe murak,2484.9059,0,29,29,29,1,OBJ-N5-SBJ-N1-HIDE-TR-LOC-N2.mp4,N5|N1|HIDE|N2,HIDE|N2|PUSH|N4|N1|JUMP|Ab|N5,timó pekli zsübe murak,timó|pekli|zsübe|murak,zsübe|murak|vánta|dabi|pekli|bonip|zsot|timó,,,,,,,,,,,,,,,,,,,,,,,,,,,,,,,,,,,,,,,,,,,,,,,,,
,,,,,,,,,,,,,,,,,,,,,,,,,1,,,ALP1120,2000.03.08,2026-05-09_10h59.33.296,BrocantoHPilot1WOSession2,2025.2.4,MacIntel,59.17159763,,,,,,,,,,,,,,,OBJ.N5 SBJ.N2 PUSH-TR LOC.N4,,,2485.4205,1,OBJ-N5-SBJ-N2-PUSH-TR-LOC-N4.mp4,N5|N2|PUSH|N4,N5|N4|REVEAL|N1|N2|GO|PUSH|N3,timó|murak|vánta|dabi,timó|dabi|girda|pekli|murak|kávler|vánta|zilép,0,5.2112,11.496,timó vánta dabi,2513.1331,0,30,30,30,1,OBJ-N5-SBJ-N2-PUSH-TR-LOC-N4.mp4,N5|N2|PUSH|N4,N5|N4|REVEAL|N1|N2|GO|PUSH|N3,timó murak vánta dabi,timó|murak|vánta|dabi,timó|dabi|girda|pekli|murak|kávler|vánta|zilép,,,,,,,,,,,,,,,,,,,,,,,,,,,,,,,,,,,,,,,,,,,,,,,,,
,,,,,,,,,,,,,,,,,,,,,,,,,1,,,ALP1120,2000.03.08,2026-05-09_10h59.33.296,BrocantoHPilot1WOSession2,2025.2.4,MacIntel,59.17159763,,,,,,,,,,,,,,,OBJ.N5 SBJ.N3 REVEAL-TR,,,2513.6465,1,OBJ-N5-SBJ-N3-REVEAL-TR.mp4,N5|N3|REVEAL,GO|Aa|REVEAL|N3|N5|N1|JUMP,timó|zilép|girda,kávler|gyék|girda|zilép|timó|pekli|bonip,1,8.15,14.715,timó zilép girda,2530.6125,0,31,31,31,1,OBJ-N5-SBJ-N3-REVEAL-TR.mp4,N5|N3|REVEAL,GO|Aa|REVEAL|N3|N5|N1|JUMP,timó zilép girda,timó|zilép|girda,kávler|gyék|girda|zilép|timó|pekli|bonip,,,,,,,,,,,,,,,,,,,,,,,,,,,,,,,,,,,,,,,,,,,,,,,,,
,,,,,,,,,,,,,,,,,,,,,,,,,1,,,ALP1120,2000.03.08,2026-05-09_10h59.33.296,BrocantoHPilot1WOSession2,2025.2.4,MacIntel,59.17159763,,,,,,,,,,,,,,,OBJ.N5 SBJ.N3 HIDE-TR LOC.N4,,,2531.1289,1,OBJ-N5-SBJ-N3-HIDE-TR-LOC-N4.mp4,N5|N3|HIDE|N4,N4|N2|JUMP|REVEAL|N3|HIDE|N5|Ab,timó|zilép|zsübe|dabi,dabi|murak|bonip|girda|zilép|zsübe|timó|zsot,1,6.4534,21.1839,timó zilép zsübe dabi,2555.0248,0,32,32,32,1,OBJ-N5-SBJ-N3-HIDE-TR-LOC-N4.mp4,N5|N3|HIDE|N4,N4|N2|JUMP|REVEAL|N3|HIDE|N5|Ab,timó zilép zsübe dabi,timó|zilép|zsübe|dabi,dabi|murak|bonip|girda|zilép|zsübe|timó|zsot,,,,,,,,,,,,,,,,,,,,,,,,,,,,,,,,,,,,,,,,,,,,,,,,,
,,,,,,,,,,,,,,,,,,,,,,,,,1,,,ALP1120,2000.03.08,2026-05-09_10h59.33.296,BrocantoHPilot1WOSession2,2025.2.4,MacIntel,59.17159763,,,,,,,,,,,,,,,Aa SBJ.N5 JUMP-INTR,,,2555.5419,1,Aa-SBJ-N5-JUMP-INTR.mp4,Aa|N5|JUMP,JUMP|N4|GO|N1|Aa|Ab|N5,gyék|timó|bonip,bonip|dabi|kávler|pekli|gyék|zsot|timó,0,5.8472,30.5508,gyék timó bonip zsot,2597.4734,0,33,33,33,1,Aa-SBJ-N5-JUMP-INTR.mp4,Aa|N5|JUMP,JUMP|N4|GO|N1|Aa|Ab|N5,gyék timó bonip,gyék|timó|bonip,bonip|dabi|kávler|pekli|gyék|zsot|timó,,,,,,,,,,,,,,,,,,,,,,,,,,,,,,,,,,,,,,,,,,,,,,,,,
,,,,,,,,,,,,,,,,,,,,,,,,,1,,,ALP1120,2000.03.08,2026-05-09_10h59.33.296,BrocantoHPilot1WOSession2,2025.2.4,MacIntel,59.17159763,,,,,,,,,,,,,,,SBJ.N3 HIDE-INTR,,,2597.9874,1,SBJ-N3-HIDE-INTR.mp4,N3|HIDE,HIDE|Aa|REVEAL|GO|N2|N3,zilép|zsübe,zsübe|gyék|girda|kávler|murak|zilép,1,7.804,15.8459,zilép zsübe,2616.6858,0,34,34,34,1,SBJ-N3-HIDE-INTR.mp4,N3|HIDE,HIDE|Aa|REVEAL|GO|N2|N3,zilép zsübe,zilép|zsübe,zsübe|gyék|girda|kávler|murak|zilép,,,,,,,,,,,,,,,,,,,,,,,,,,,,,,,,,,,,,,,,,,,,,,,,,
,,,,,,,,,,,,,,,,,,,,,,,,,1,,,ALP1120,2000.03.08,2026-05-09_10h59.33.296,BrocantoHPilot1WOSession2,2025.2.4,MacIntel,59.17159763,,,,,,,,,,,,,,,SBJ.N3 GO-INTR LOC.N2,,,2617.1899,1,SBJ-N3-GO-INTR-LOC-N2.mp4,N3|GO|N2,GO|PUSH|N3|Ab|N1|HIDE|N2,zilép|kávler|murak,kávler|vánta|zilép|zsot|pekli|zsübe|murak,1,8.3417,12.432,zilép kávler murak,2631.946,0,35,35,35,1,SBJ-N3-GO-INTR-LOC-N2.mp4,N3|GO|N2,GO|PUSH|N3|Ab|N1|HIDE|N2,zilép kávler murak,zilép|kávler|murak,kávler|vánta|zilép|zsot|pekli|zsübe|murak,,,,,,,,,,,,,,,,,,,,,,,,,,,,,,,,,,,,,,,,,,,,,,,,,
,,,,,,,,,,,,,,,,,,,,,,,,,1,,,ALP1120,2000.03.08,2026-05-09_10h59.33.296,BrocantoHPilot1WOSession2,2025.2.4,MacIntel,59.17159763,,,,,,,,,,,,,,,SBJ.N1 HIDE-INTR LOC.N5,,,2632.4636,1,SBJ-N1-HIDE-INTR-LOC-N5.mp4,N1|HIDE|N5,Ab|PUSH|Aa|N5|N1|REVEAL|HIDE,pekli|zsübe|timó,zsot|vánta|gyék|timó|pekli|girda|zsübe,1,5.6103,15.9631,pekli zsübe timó,2650.6427,0,36,36,36,1,SBJ-N1-HIDE-INTR-LOC-N5.mp4,N1|HIDE|N5,Ab|PUSH|Aa|N5|N1|REVEAL|HIDE,pekli zsübe timó,pekli|zsübe|timó,zsot|vánta|gyék|timó|pekli|girda|zsübe,,,,,,,,,,,,,,,,,,,,,,,,,,,,,,,,,,,,,,,,,,,,,,,,,
,,,,,,,,,,,,,,,,,,,,,,,,,1,,,ALP1120,2000.03.08,2026-05-09_10h59.33.296,BrocantoHPilot1WOSession2,2025.2.4,MacIntel,59.17159763,,,,,,,,,,,,,,,SBJ.N1 JUMP-INTR LOC.N5,,,2651.1471,1,SBJ-N1-JUMP-INTR-LOC-N5.mp4,N1|JUMP|N5,PUSH|N2|N1|N5|GO|JUMP|Aa,pekli|bonip|timó,vánta|murak|pekli|timó|kávler|bonip|gyék,1,5.6726,9.9618,pekli bonip timó,2665.043,0,37,37,37,1,SBJ-N1-JUMP-INTR-LOC-N5.mp4,N1|JUMP|N5,PUSH|N2|N1|N5|GO|JUMP|Aa,pekli bonip timó,pekli|bonip|timó,vánta|murak|pekli|timó|kávler|bonip|gyék,,,,,,,,,,,,,,,,,,,,,,,,,,,,,,,,,,,,,,,,,,,,,,,,,
,,,,,,,,,,,,,,,,,,,,,,,,,1,,,ALP1120,2000.03.08,2026-05-09_10h59.33.296,BrocantoHPilot1WOSession2,2025.2.4,MacIntel,59.17159763,,,,,,,,,,,,,,,SBJ.N5 GO-INTR LOC.N3,,,2665.5518,1,SBJ-N5-GO-INTR-LOC-N3.mp4,N5|GO|N3,N5|N4|N3|PUSH|GO|HIDE|Aa,timó|kávler|zilép,timó|dabi|zilép|vánta|kávler|zsübe|gyék,1,7.5639,11.1861,timó kávler zilép,2679.2379,0,38,38,38,1,SBJ-N5-GO-INTR-LOC-N3.mp4,N5|GO|N3,N5|N4|N3|PUSH|GO|HIDE|Aa,timó kávler zilép,timó|kávler|zilép,timó|dabi|zilép|vánta|kávler|zsübe|gyék,,,,,,,,,,,,,,,,,,,,,,,,,,,,,,,,,,,,,,,,,,,,,,,,,
,,,,,,,,,,,,,,,,,,,,,,,,,1,,,ALP1120,2000.03.08,2026-05-09_10h59.33.296,BrocantoHPilot1WOSession2,2025.2.4,MacIntel,59.17159763,,,,,,,,,,,,,,,SBJ.N5 HIDE-INTR LOC.N2,,,2679.74,1,SBJ-N5-HIDE-INTR-LOC-N2.mp4,N5|HIDE|N2,HIDE|N2|JUMP|N5|Aa|N3|Ab,timó|zsübe|murak,zsübe|murak|bonip|timó|gyék|zilép|zsot,1,7.5104,10.2955,timó zsübe murak,2692.3037,0,39,39,39,1,SBJ-N5-HIDE-INTR-LOC-N2.mp4,N5|HIDE|N2,HIDE|N2|JUMP|N5|Aa|N3|Ab,timó zsübe murak,timó|zsübe|murak,zsübe|murak|bonip|timó|gyék|zilép|zsot,,,,,,,,,,,,,,,,,,,,,,,,,,,,,,,,,,,,,,,,,,,,,,,,,
,,,,,,,,,,,,,,,,,,,,,,,,,1,,,ALP1120,2000.03.08,2026-05-09_10h59.33.296,BrocantoHPilot1WOSession2,2025.2.4,MacIntel,59.17159763,,,,,,,,,,,,,,,OBJ.N5 SBJ.N3 HIDE-TR LOC.N2,,,2692.8117,1,OBJ-N5-SBJ-N3-HIDE-TR-LOC-N2.mp4,N5|N3|HIDE|N2,Aa|Ab|PUSH|REVEAL|N3|HIDE|N2|N5,timó|zilép|zsübe|murak,gyék|zsot|vánta|girda|zilép|zsübe|murak|timó,1,5.5263,18.3394,timó zilép zsübe murak,2713.7986,0,40,40,40,1,OBJ-N5-SBJ-N3-HIDE-TR-LOC-N2.mp4,N5|N3|HIDE|N2,Aa|Ab|PUSH|REVEAL|N3|HIDE|N2|N5,timó zilép zsübe murak,timó|zilép|zsübe|murak,gyék|zsot|vánta|girda|zilép|zsübe|murak|timó,,,,,,,,,,,,,,,,,,,,,,,,,,,,,,,,,,,,,,,,,,,,,,,,,
,,,,,,,,,,,,,,,,,,,,,,,,,1,,,ALP1120,2000.03.08,2026-05-09_10h59.33.296,BrocantoHPilot1WOSession2,2025.2.4,MacIntel,59.17159763,,,,,,,,,,,,,,,Ab OBJ.N5 SBJ.N2 HIDE-TR,,,2714.3159,1,Ab-OBJ-N5-SBJ-N2-HIDE-TR.mp4,Ab|N5|N2|HIDE,N1|N5|N4|Ab|HIDE|REVEAL|N2|PUSH,zsot|timó|murak|zsübe,pekli|timó|dabi|zsot|zsübe|girda|murak|vánta,1,7.2296,24.123,zsot timó murak zsübe,2741.7422,0,41,41,41,1,Ab-OBJ-N5-SBJ-N2-HIDE-TR.mp4,Ab|N5|N2|HIDE,N1|N5|N4|Ab|HIDE|REVEAL|N2|PUSH,zsot timó murak zsübe,zsot|timó|murak|zsübe,pekli|timó|dabi|zsot|zsübe|girda|murak|vánta,,,,,,,,,,,,,,,,,,,,,,,,,,,,,,,,,,,,,,,,,,,,,,,,,
,,,,,,,,,,,,,,,,,,,,,,,,,1,,,ALP1120,2000.03.08,2026-05-09_10h59.33.296,BrocantoHPilot1WOSession2,2025.2.4,MacIntel,59.17159763,,,,,,,,,,,,,,,,,,,,,,,,,,,,,,,,,,,,,,,,,2756.336,chunkTest_s1,0,1,N4-N4.mp3,0,13.0637,6,3,3.4557,19.9543,2780.74,0,0,0,1,1,N4-N4.mp3,0,,,,,,,,,,,,,,,,,,,,,,,,,,,,,,
,,,,,,,,,,,,,,,,,,,,,,,,,1,,,ALP1120,2000.03.08,2026-05-09_10h59.33.296,BrocantoHPilot1WOSession2,2025.2.4,MacIntel,59.17159763,,,,,,,,,,,,,,,,,,,,,,,,,,,,,,,,,,,,,,,,,2781.245,chunkTest_s1,1,1,HIDE-N1.mp3,2,1.2095,6,1,2.8787,5.4386,2791.485,0,1,1,4,1,HIDE-N1.mp3,2,,,,,,,,,,,,,,,,,,,,,,,,,,,,,,
,,,,,,,,,,,,,,,,,,,,,,,,,1,,,ALP1120,2000.03.08,2026-05-09_10h59.33.296,BrocantoHPilot1WOSession2,2025.2.4,MacIntel,59.17159763,,,,,,,,,,,,,,,,,,,,,,,,,,,,,,,,,,,,,,,,,2791.9897,chunkTest_s1,2,1,N4-Aa.mp3,0,1.4224,1,1,3.1998,6.8563,2799.8168,0,2,2,6,1,N4-Aa.mp3,0,,,,,,,,,,,,,,,,,,,,,,,,,,,,,,
,,,,,,,,,,,,,,,,,,,,,,,,,1,,,ALP1120,2000.03.08,2026-05-09_10h59.33.296,BrocantoHPilot1WOSession2,2025.2.4,MacIntel,59.17159763,,,,,,,,,,,,,,,,,,,,,,,,,,,,,,,,,,,,,,,,,2800.3286,chunkTest_s1,3,1,REVEAL-N4.mp3,6,1.6468,6,1,3.3067,6.6867,2808.0075,0,3,3,2,1,REVEAL-N4.mp3,6,,,,,,,,,,,,,,,,,,,,,,,,,,,,,,
,,,,,,,,,,,,,,,,,,,,,,,,,1,,,ALP1120,2000.03.08,2026-05-09_10h59.33.296,BrocantoHPilot1WOSession2,2025.2.4,MacIntel,59.17159763,,,,,,,,,,,,,,,,,,,,,,,,,,,,,,,,,,,,,,,,,2808.5166,chunkTest_s1,4,1,GO-PUSH.mp3,0,11.3714,1,1,13.322,14.3609,2825.9094,0,4,4,17,1,GO-PUSH.mp3,0,,,,,,,,,,,,,,,,,,,,,,,,,,,,,,
,,,,,,,,,,,,,,,,,,,,,,,,,1,,,ALP1120,2000.03.08,2026-05-09_10h59.33.296,BrocantoHPilot1WOSession2,2025.2.4,MacIntel,59.17159763,,,,,,,,,,,,,,,,,,,,,,,,,,,,,,,,,,,,,,,,,2826.4137,chunkTest_s1,5,1,N4-N2.mp3,0,1.1799,5,1,3.0002,10.2205,2845.4547,0,5,5,8,1,N4-N2.mp3,0,,,,,,,,,,,,,,,,,,,,,,,,,,,,,,
,,,,,,,,,,,,,,,,,,,,,,,,,1,,,ALP1120,2000.03.08,2026-05-09_10h59.33.296,BrocantoHPilot1WOSession2,2025.2.4,MacIntel,59.17159763,,,,,,,,,,,,,,,,,,,,,,,,,,,,,,,,,,,,,,,,,2845.9672,chunkTest_s1,6,1,GO-N4.mp3,2,1.4575,1,1,3.4031,4.4098,2855.214,0,6,6,12,1,GO-N4.mp3,2,,,,,,,,,,,,,,,,,,,,,,,,,,,,,,
,,,,,,,,,,,,,,,,,,,,,,,,,1,,,ALP1120,2000.03.08,2026-05-09_10h59.33.296,BrocantoHPilot1WOSession2,2025.2.4,MacIntel,59.17159763,,,,,,,,,,,,,,,,,,,,,,,,,,,,,,,,,,,,,,,,,2855.7265,chunkTest_s1,7,1,N2-N3.mp3,0,1.0468,6,1,4.2802,6.8371,2863.3759,0,7,7,3,1,N2-N3.mp3,0,,,,,,,,,,,,,,,,,,,,,,,,,,,,,,
,,,,,,,,,,,,,,,,,,,,,,,,,1,,,ALP1120,2000.03.08,2026-05-09_10h59.33.296,BrocantoHPilot1WOSession2,2025.2.4,MacIntel,59.17159763,,,,,,,,,,,,,,,,,,,,,,,,,,,,,,,,,,,,,,,,,2863.8828,chunkTest_s1,8,1,N1-N2.mp3,0,1.6042,6,1,3.2449,7.3484,2871.9785,0,8,8,18,1,N1-N2.mp3,0,,,,,,,,,,,,,,,,,,,,,,,,,,,,,,
,,,,,,,,,,,,,,,,,,,,,,,,,1,,,ALP1120,2000.03.08,2026-05-09_10h59.33.296,BrocantoHPilot1WOSession2,2025.2.4,MacIntel,59.17159763,,,,,,,,,,,,,,,,,,,,,,,,,,,,,,,,,,,,,,,,,2872.5272,chunkTest_s1,9,1,N2-HIDE.mp3,8,1.7539,6,1,3.4125,5.4746,2880.521,0,9,9,11,1,N2-HIDE.mp3,8,,,,,,,,,,,,,,,,,,,,,,,,,,,,,,
,,,,,,,,,,,,,,,,,,,,,,,,,1,,,ALP1120,2000.03.08,2026-05-09_10h59.33.296,BrocantoHPilot1WOSession2,2025.2.4,MacIntel,59.17159763,,,,,,,,,,,,,,,,,,,,,,,,,,,,,,,,,,,,,,,,,2881.0265,chunkTest_s1,10,1,PUSH-PUSH.mp3,0,0.8949,1,1,2.5163,4.4145,2886.3868,0,10,10,16,1,PUSH-PUSH.mp3,0,,,,,,,,,,,,,,,,,,,,,,,,,,,,,,
,,,,,,,,,,,,,,,,,,,,,,,,,1,,,ALP1120,2000.03.08,2026-05-09_10h59.33.296,BrocantoHPilot1WOSession2,2025.2.4,MacIntel,59.17159763,,,,,,,,,,,,,,,,,,,,,,,,,,,,,,,,,,,,,,,,,2886.8958,chunkTest_s1,11,1,REVEAL-N3.mp3,7,1.5559,1,1,3.5947,4.5003,2892.3213,0,11,11,13,1,REVEAL-N3.mp3,7,,,,,,,,,,,,,,,,,,,,,,,,,,,,,,
,,,,,,,,,,,,,,,,,,,,,,,,,1,,,ALP1120,2000.03.08,2026-05-09_10h59.33.296,BrocantoHPilot1WOSession2,2025.2.4,MacIntel,59.17159763,,,,,,,,,,,,,,,,,,,,,,,,,,,,,,,,,,,,,,,,,2892.8285,chunkTest_s1,12,1,HIDE-JUMP.mp3,0,0.9701,1,1,2.6478,6.4566,2900.0519,0,12,12,14,1,HIDE-JUMP.mp3,0,,,,,,,,,,,,,,,,,,,,,,,,,,,,,,
,,,,,,,,,,,,,,,,,,,,,,,,,1,,,ALP1120,2000.03.08,2026-05-09_10h59.33.296,BrocantoHPilot1WOSession2,2025.2.4,MacIntel,59.17159763,,,,,,,,,,,,,,,,,,,,,,,,,,,,,,,,,,,,,,,,,2900.5628,chunkTest_s1,13,1,N5-Ab.mp3,3,1.3509,1,1,2.7569,6.5478,2908.0236,0,13,13,19,1,N5-Ab.mp3,3,,,,,,,,,,,,,,,,,,,,,,,,,,,,,,
,,,,,,,,,,,,,,,,,,,,,,,,,1,,,ALP1120,2000.03.08,2026-05-09_10h59.33.296,BrocantoHPilot1WOSession2,2025.2.4,MacIntel,59.17159763,,,,,,,,,,,,,,,,,,,,,,,,,,,,,,,,,,,,,,,,,2908.5342,chunkTest_s1,14,1,N5-N3.mp3,19,1.1491,1,1,2.7843,9.8953,2925.3488,0,14,14,10,1,N5-N3.mp3,19,,,,,,,,,,,,,,,,,,,,,,,,,,,,,,
,,,,,,,,,,,,,,,,,,,,,,,,,1,,,ALP1120,2000.03.08,2026-05-09_10h59.33.296,BrocantoHPilot1WOSession2,2025.2.4,MacIntel,59.17159763,,,,,,,,,,,,,,,,,,,,,,,,,,,,,,,,,,,,,,,,,2925.8878,chunkTest_s1,15,1,N1-GO.mp3,4,0.9696,6,1,3.055,3.8262,2930.6535,0,15,15,9,1,N1-GO.mp3,4,,,,,,,,,,,,,,,,,,,,,,,,,,,,,,
,,,,,,,,,,,,,,,,,,,,,,,,,1,,,ALP1120,2000.03.08,2026-05-09_10h59.33.296,BrocantoHPilot1WOSession2,2025.2.4,MacIntel,59.17159763,,,,,,,,,,,,,,,,,,,,,,,,,,,,,,,,,,,,,,,,,2931.1663,chunkTest_s1,16,1,N1-JUMP.mp3,3,0.8887,6,1,2.5483,3.5239,2935.518,0,16,16,5,1,N1-JUMP.mp3,3,,,,,,,,,,,,,,,,,,,,,,,,,,,,,,
,,,,,,,,,,,,,,,,,,,,,,,,,1,,,ALP1120,2000.03.08,2026-05-09_10h59.33.296,BrocantoHPilot1WOSession2,2025.2.4,MacIntel,59.17159763,,,,,,,,,,,,,,,,,,,,,,,,,,,,,,,,,,,,,,,,,2936.0242,chunkTest_s1,17,1,N4-N5.mp3,0,0.8813,1,1,2.4993,3.3905,2950.2813,0,17,17,15,1,N4-N5.mp3,0,,,,,,,,,,,,,,,,,,,,,,,,,,,,,,
,,,,,,,,,,,,,,,,,,,,,,,,,1,,,ALP1120,2000.03.08,2026-05-09_10h59.33.296,BrocantoHPilot1WOSession2,2025.2.4,MacIntel,59.17159763,,,,,,,,,,,,,,,,,,,,,,,,,,,,,,,,,,,,,,,,,2950.7985,chunkTest_s1,18,1,N1-N1.mp3,0,2.8422,1,1,4.7407,5.125,2956.5819,0,18,18,7,1,N1-N1.mp3,0,,,,,,,,,,,,,,,,,,,,,,,,,,,,,,
,,,,,,,,,,,,,,,,,,,,,,,,,1,,,ALP1120,2000.03.08,2026-05-09_10h59.33.296,BrocantoHPilot1WOSession2,2025.2.4,MacIntel,59.17159763,,,,,,,,,,,,,,,,,,,,,,,,,,,,,,,,,,,,,,,,,2957.0991,chunkTest_s1,19,1,JUMP-N5.mp3,1,0.6594,1,1,2.6824,4.5293,2962.5552,0,19,19,0,1,JUMP-N5.mp3,1,,,,,,,,,,,,,,,,,,,,,,,,,,,,,,
,,,,,,,,,,,,,,,,,,,,,,,,,1,,,ALP1120,2000.03.08,2026-05-09_10h59.33.296,BrocantoHPilot1WOSession2,2025.2.4,MacIntel,59.17159763,,,,,,,,,,,,,,,,,,,,,,,,,,,,,,,,,,,,,,,,,3017.8792,GJTest_s1,0,1,OBJ-N5-SBJ-N3-HIDE-TR-LOC-N4.mp3,2,7.2908,6,3,4.349,12.4534,3031.2635,,,,,,OBJ-N5-SBJ-N3-HIDE-TR-LOC-N4.mp3,2,0,0,0,3,1,,,,,,,,,,,,,,,,,,,,,,,,,
,,,,,,,,,,,,,,,,,,,,,,,,,1,,,ALP1120,2000.03.08,2026-05-09_10h59.33.296,BrocantoHPilot1WOSession2,2025.2.4,MacIntel,59.17159763,,,,,,,,,,,,,,,,,,,,,,,,,,,,,,,,,,,,,,,,,3031.7807,GJTest_s1,1,1,SBJ-N4-REVEAL-INTR-LOC-N3-LOC-N1.mp3,,0.893,2,1,4.1456,11.8914,3048.4862,,,,,,SBJ-N4-REVEAL-INTR-LOC-N3-LOC-N1.mp3,,0,1,1,12,1,,,,,,,,,,,,,,,,,,,,,,,,,
,,,,,,,,,,,,,,,,,,,,,,,,,1,,,ALP1120,2000.03.08,2026-05-09_10h59.33.296,BrocantoHPilot1WOSession2,2025.2.4,MacIntel,59.17159763,,,,,,,,,,,,,,,,,,,,,,,,,,,,,,,,,,,,,,,,,3048.9927,GJTest_s1,2,1,SBJ-N4-PUSH-TR.mp3,,0.7691,1,1,2.4677,5.4009,3055.4348,,,,,,SBJ-N4-PUSH-TR.mp3,,0,2,2,14,1,,,,,,,,,,,,,,,,,,,,,,,,,
,,,,,,,,,,,,,,,,,,,,,,,,,1,,,ALP1120,2000.03.08,2026-05-09_10h59.33.296,BrocantoHPilot1WOSession2,2025.2.4,MacIntel,59.17159763,,,,,,,,,,,,,,,,,,,,,,,,,,,,,,,,,,,,,,,,,3055.9441,GJTest_s1,3,1,OBJ-N1-SBJ-N4-Ab-JUMP-INTR.mp3,,0.9005,1,1,3.526,7.701,3064.6636,,,,,,OBJ-N1-SBJ-N4-Ab-JUMP-INTR.mp3,,0,3,3,15,1,,,,,,,,,,,,,,,,,,,,,,,,,
,,,,,,,,,,,,,,,,,,,,,,,,,1,,,ALP1120,2000.03.08,2026-05-09_10h59.33.296,BrocantoHPilot1WOSession2,2025.2.4,MacIntel,59.17159763,,,,,,,,,,,,,,,,,,,,,,,,,,,,,,,,,,,,,,,,,3065.1691,GJTest_s1,4,1,SBJ-N4-REVEAL-INTR-LOC-N3.mp3,4,0.7335,6,1,3.475,7.0951,3073.037,,,,,,SBJ-N4-REVEAL-INTR-LOC-N3.mp3,4,0,4,4,2,1,,,,,,,,,,,,,,,,,,,,,,,,,
,,,,,,,,,,,,,,,,,,,,,,,,,1,,,ALP1120,2000.03.08,2026-05-09_10h59.33.296,BrocantoHPilot1WOSession2,2025.2.4,MacIntel,59.17159763,,,,,,,,,,,,,,,,,,,,,,,,,,,,,,,,,,,,,,,,,3073.5413,GJTest_s1,5,1,HIDE-TR-LOC-N4.mp3,,0.6803,1,1,3.1092,5.8222,3080.2799,,,,,,HIDE-TR-LOC-N4.mp3,,0,5,5,13,1,,,,,,,,,,,,,,,,,,,,,,,,,
,,,,,,,,,,,,,,,,,,,,,,,,,1,,,ALP1120,2000.03.08,2026-05-09_10h59.33.296,BrocantoHPilot1WOSession2,2025.2.4,MacIntel,59.17159763,,,,,,,,,,,,,,,,,,,,,,,,,,,,,,,,,,,,,,,,,3080.7934,GJTest_s1,6,1,OBJ-N1-SBJ-N5-Ab-JUMP-INTR.mp3,,0.6466,1,1,4.3411,10.2148,3091.9447,,,,,,OBJ-N1-SBJ-N5-Ab-JUMP-INTR.mp3,,0,6,6,19,1,,,,,,,,,,,,,,,,,,,,,,,,,
,,,,,,,,,,,,,,,,,,,,,,,,,1,,,ALP1120,2000.03.08,2026-05-09_10h59.33.296,BrocantoHPilot1WOSession2,2025.2.4,MacIntel,59.17159763,,,,,,,,,,,,,,,,,,,,,,,,,,,,,,,,,,,,,,,,,3092.4593,GJTest_s1,7,1,OBJ-N5-Ab-SBJ-N1-PUSH-TR.mp3,1,1.1443,6,1,3.8822,12.1932,3105.4622,,,,,,OBJ-N5-Ab-SBJ-N1-PUSH-TR.mp3,1,0,7,7,1,1,,,,,,,,,,,,,,,,,,,,,,,,,
,,,,,,,,,,,,,,,,,,,,,,,,,1,,,ALP1120,2000.03.08,2026-05-09_10h59.33.296,BrocantoHPilot1WOSession2,2025.2.4,MacIntel,59.17159763,,,,,,,,,,,,,,,,,,,,,,,,,,,,,,,,,,,,,,,,,3105.9782,GJTest_s1,8,1,OBJ-N2-Aa-SBJ-N3-PUSH-TR.mp3,0,1.805,6,1,4.8949,6.4866,3113.9953,,,,,,OBJ-N2-Aa-SBJ-N3-PUSH-TR.mp3,0,0,8,8,8,1,,,,,,,,,,,,,,,,,,,,,,,,,
,,,,,,,,,,,,,,,,,,,,,,,,,1,,,ALP1120,2000.03.08,2026-05-09_10h59.33.296,BrocantoHPilot1WOSession2,2025.2.4,MacIntel,59.17159763,,,,,,,,,,,,,,,,,,,,,,,,,,,,,,,,,,,,,,,,,3114.5122,GJTest_s1,9,1,Ab-SBJ-N2-GO-INTR.mp3,0,2.0518,6,1,4.3353,7.6133,3123.4435,,,,,,Ab-SBJ-N2-GO-INTR.mp3,0,0,9,9,7,1,,,,,,,,,,,,,,,,,,,,,,,,,
,,,,,,,,,,,,,,,,,,,,,,,,,1,,,ALP1120,2000.03.08,2026-05-09_10h59.33.296,BrocantoHPilot1WOSession2,2025.2.4,MacIntel,59.17159763,,,,,,,,,,,,,,,,,,,,,,,,,,,,,,,,,,,,,,,,,3123.9595,GJTest_s1,10,1,OBJ-N1-SBJ-N3-JUMP-INTR.mp3,,1.2398,2,1,3.814,7.8252,3132.7798,,,,,,OBJ-N1-SBJ-N3-JUMP-INTR.mp3,,0,10,10,10,1,,,,,,,,,,,,,,,,,,,,,,,,,
,,,,,,,,,,,,,,,,,,,,,,,,,1,,,ALP1120,2000.03.08,2026-05-09_10h59.33.296,BrocantoHPilot1WOSession2,2025.2.4,MacIntel,59.17159763,,,,,,,,,,,,,,,,,,,,,,,,,,,,,,,,,,,,,,,,,3133.2845,GJTest_s1,11,1,OBJ-N1-SBJ-N2-Ab-GO-INTR.mp3,,0.9693,1,1,3.9451,5.265,3139.4355,,,,,,OBJ-N1-SBJ-N2-Ab-GO-INTR.mp3,,0,11,11,17,1,,,,,,,,,,,,,,,,,,,,,,,,,
,,,,,,,,,,,,,,,,,,,,,,,,,1,,,ALP1120,2000.03.08,2026-05-09_10h59.33.296,BrocantoHPilot1WOSession2,2025.2.4,MacIntel,59.17159763,,,,,,,,,,,,,,,,,,,,,,,,,,,,,,,,,,,,,,,,,3139.9383,GJTest_s1,12,1,Ab-SBJ-N4-JUMP-INTR.mp3,0,1.0136,6,1,2.9196,5.778,3146.9719,,,,,,Ab-SBJ-N4-JUMP-INTR.mp3,0,0,12,12,5,1,,,,,,,,,,,,,,,,,,,,,,,,,
,,,,,,,,,,,,,,,,,,,,,,,,,1,,,ALP1120,2000.03.08,2026-05-09_10h59.33.296,BrocantoHPilot1WOSession2,2025.2.4,MacIntel,59.17159763,,,,,,,,,,,,,,,,,,,,,,,,,,,,,,,,,,,,,,,,,3147.4733,GJTest_s1,13,1,SBJ-N3-JUMP-INTR.mp3,6,1.0991,6,1,2.9333,5.0589,3153.7508,,,,,,SBJ-N3-JUMP-INTR.mp3,6,0,13,13,0,1,,,,,,,,,,,,,,,,,,,,,,,,,
,,,,,,,,,,,,,,,,,,,,,,,,,1,,,ALP1120,2000.03.08,2026-05-09_10h59.33.296,BrocantoHPilot1WOSession2,2025.2.4,MacIntel,59.17159763,,,,,,,,,,,,,,,,,,,,,,,,,,,,,,,,,,,,,,,,,3154.2561,GJTest_s1,14,1,OBJ-N5-SBJ-N4-PUSH-TR.mp3,5,1.2348,6,1,3.6679,5.4861,3160.6802,,,,,,OBJ-N5-SBJ-N4-PUSH-TR.mp3,5,0,14,14,4,1,,,,,,,,,,,,,,,,,,,,,,,,,
,,,,,,,,,,,,,,,,,,,,,,,,,1,,,ALP1120,2000.03.08,2026-05-09_10h59.33.296,BrocantoHPilot1WOSession2,2025.2.4,MacIntel,59.17159763,,,,,,,,,,,,,,,,,,,,,,,,,,,,,,,,,,,,,,,,,3161.1929,GJTest_s1,15,1,SBJ-N2-Ab-PUSH-TR.mp3,,0.5967,1,1,2.9694,5.2384,3168.476,,,,,,SBJ-N2-Ab-PUSH-TR.mp3,,0,15,15,16,1,,,,,,,,,,,,,,,,,,,,,,,,,
,,,,,,,,,,,,,,,,,,,,,,,,,1,,,ALP1120,2000.03.08,2026-05-09_10h59.33.296,BrocantoHPilot1WOSession2,2025.2.4,MacIntel,59.17159763,,,,,,,,,,,,,,,,,,,,,,,,,,,,,,,,,,,,,,,,,3168.9787,GJTest_s1,16,1,SBJ-N3-Aa-PUSH-TR.mp3,,0.8913,1,1,3.78,6.955,3176.7451,,,,,,SBJ-N3-Aa-PUSH-TR.mp3,,0,16,16,18,1,,,,,,,,,,,,,,,,,,,,,,,,,
,,,,,,,,,,,,,,,,,,,,,,,,,1,,,ALP1120,2000.03.08,2026-05-09_10h59.33.296,BrocantoHPilot1WOSession2,2025.2.4,MacIntel,59.17159763,,,,,,,,,,,,,,,,,,,,,,,,,,,,,,,,,,,,,,,,,3177.2517,GJTest_s1,17,1,Ab-SBJ-N1-PUSH-TR.mp3,,0.7912,2,1,3.2312,6.1219,3184.6344,,,,,,Ab-SBJ-N1-PUSH-TR.mp3,,0,17,17,11,1,,,,,,,,,,,,,,,,,,,,,,,,,
,,,,,,,,,,,,,,,,,,,,,,,,,1,,,ALP1120,2000.03.08,2026-05-09_10h59.33.296,BrocantoHPilot1WOSession2,2025.2.4,MacIntel,59.17159763,,,,,,,,,,,,,,,,,,,,,,,,,,,,,,,,,,,,,,,,,3185.1392,GJTest_s1,18,1,OBJ-N4-Ab-SBJ-N2-PUSH-TR.mp3,0,1.0501,6,1,3.7256,4.7874,3191.2813,,,,,,OBJ-N4-Ab-SBJ-N2-PUSH-TR.mp3,0,0,18,18,6,1,,,,,,,,,,,,,,,,,,,,,,,,,
,,,,,,,,,,,,,,,,,,,,,,,,,1,,,ALP1120,2000.03.08,2026-05-09_10h59.33.296,BrocantoHPilot1WOSession2,2025.2.4,MacIntel,59.17159763,,,,,,,,,,,,,,,,,,,,,,,,,,,,,,,,,,,,,,,,,3191.7899,GJTest_s1,19,1,Ab-SBJ-N5-JUMP-INTR.mp3,0,0.8296,6,1,2.7476,4.1464,3198.8751,,,,,,Ab-SBJ-N5-JUMP-INTR.mp3,0,0,19,19,9,1,,,,,,,,,,,,,,,,,,,,,,,,,
,,,,,,,,,,,,3209.0891,2,OBJ-N5-SBJ-N4-PUSH-TR-LOC-N1.mp4,OBJ-N5-SBJ-N4-PUSH-TR-LOC-N1.mp3,3215.0015,mouse_continue,5.9127,,,,,,,2,OBJ-N5-SBJ-N4-PUSH-TR-LOC-N1.mp4,OBJ-N5-SBJ-N4-PUSH-TR-LOC-N1.mp3,ALP1120,2000.03.08,2026-05-09_10h59.33.296,BrocantoHPilot1WOSession2,2025.2.4,MacIntel,59.17159763,,,,,,,,,,,,,,,,,,,,,,,,,,,,,,,,,,,,,,,,,,,,,,,,,,,,,,,,,,,,,,,,,0,0,0,0,1,,,,,,,,,,,,,,,,,,,,
,,,,,,,,,,,,3215.003,2,SBJ-N3-REVEAL-INTR-LOC-N2.mp4,SBJ-N3-REVEAL-INTR-LOC-N2.mp3,3220.6496,mouse_continue,5.6468,,,,,,,2,SBJ-N3-REVEAL-INTR-LOC-N2.mp4,SBJ-N3-REVEAL-INTR-LOC-N2.mp3,ALP1120,2000.03.08,2026-05-09_10h59.33.296,BrocantoHPilot1WOSession2,2025.2.4,MacIntel,59.17159763,,,,,,,,,,,,,,,,,,,,,,,,,,,,,,,,,,,,,,,,,,,,,,,,,,,,,,,,,,,,,,,,,0,1,1,1,1,,,,,,,,,,,,,,,,,,,,
,,,,,,,,,,,,3220.6509,2,OBJ-N5-SBJ-N4-REVEAL-TR-LOC-N1.mp4,OBJ-N5-SBJ-N4-REVEAL-TR-LOC-N1.mp3,3226.7992,mouse_continue,6.1486,,,,,,,2,OBJ-N5-SBJ-N4-REVEAL-TR-LOC-N1.mp4,OBJ-N5-SBJ-N4-REVEAL-TR-LOC-N1.mp3,ALP1120,2000.03.08,2026-05-09_10h59.33.296,BrocantoHPilot1WOSession2,2025.2.4,MacIntel,59.17159763,,,,,,,,,,,,,,,,,,,,,,,,,,,,,,,,,,,,,,,,,,,,,,,,,,,,,,,,,,,,,,,,,0,2,2,2,1,,,,,,,,,,,,,,,,,,,,
,,,,,,,,,,,,3226.7998,2,SBJ-N5-REVEAL-INTR-LOC-N3.mp4,SBJ-N5-REVEAL-INTR-LOC-N3.mp3,3232.1977,mouse_continue,5.3976,,,,,,,2,SBJ-N5-REVEAL-INTR-LOC-N3.mp4,SBJ-N5-REVEAL-INTR-LOC-N3.mp3,ALP1120,2000.03.08,2026-05-09_10h59.33.296,BrocantoHPilot1WOSession2,2025.2.4,MacIntel,59.17159763,,,,,,,,,,,,,,,,,,,,,,,,,,,,,,,,,,,,,,,,,,,,,,,,,,,,,,,,,,,,,,,,,0,3,3,3,1,,,,,,,,,,,,,,,,,,,,
,,,,,,,,,,,,3232.1992,2,Ab-SBJ-N1-GO-INTR.mp4,Ab-SBJ-N1-GO-INTR.mp3,3237.5452,mouse_continue,5.3464,,,,,,,2,Ab-SBJ-N1-GO-INTR.mp4,Ab-SBJ-N1-GO-INTR.mp3,ALP1120,2000.03.08,2026-05-09_10h59.33.296,BrocantoHPilot1WOSession2,2025.2.4,MacIntel,59.17159763,,,,,,,,,,,,,,,,,,,,,,,,,,,,,,,,,,,,,,,,,,,,,,,,,,,,,,,,,,,,,,,,,0,4,4,4,1,,,,,,,,,,,,,,,,,,,,
,,,,,,,,,,,,3237.5464,2,Ab-OBJ-N5-SBJ-N2-HIDE-TR.mp4,Ab-OBJ-N5-SBJ-N2-HIDE-TR.mp3,3243.194,mouse_continue,5.6478,,,,,,,2,Ab-OBJ-N5-SBJ-N2-HIDE-TR.mp4,Ab-OBJ-N5-SBJ-N2-HIDE-TR.mp3,ALP1120,2000.03.08,2026-05-09_10h59.33.296,BrocantoHPilot1WOSession2,2025.2.4,MacIntel,59.17159763,,,,,,,,,,,,,,,,,,,,,,,,,,,,,,,,,,,,,,,,,,,,,,,,,,,,,,,,,,,,,,,,,0,5,5,5,1,,,,,,,,,,,,,,,,,,,,
,,,,,,,,,,,,3243.1947,2,Ab-SBJ-N3-HIDE-INTR.mp4,Ab-SBJ-N3-HIDE-INTR.mp3,3248.4911,mouse_continue,5.2962,,,,,,,2,Ab-SBJ-N3-HIDE-INTR.mp4,Ab-SBJ-N3-HIDE-INTR.mp3,ALP1120,2000.03.08,2026-05-09_10h59.33.296,BrocantoHPilot1WOSession2,2025.2.4,MacIntel,59.17159763,,,,,,,,,,,,,,,,,,,,,,,,,,,,,,,,,,,,,,,,,,,,,,,,,,,,,,,,,,,,,,,,,0,6,6,6,1,,,,,,,,,,,,,,,,,,,,
,,,,,,,,,,,,3248.4921,2,OBJ-N5-SBJ-N4-PUSH-TR-LOC-N1.mp4,OBJ-N5-SBJ-N4-PUSH-TR-LOC-N1.mp3,3253.8726,mouse_continue,5.3805,,,,,,,2,OBJ-N5-SBJ-N4-PUSH-TR-LOC-N1.mp4,OBJ-N5-SBJ-N4-PUSH-TR-LOC-N1.mp3,ALP1120,2000.03.08,2026-05-09_10h59.33.296,BrocantoHPilot1WOSession2,2025.2.4,MacIntel,59.17159763,,,,,,,,,,,,,,,,,,,,,,,,,,,,,,,,,,,,,,,,,,,,,,,,,,,,,,,,,,,,,,,,,0,7,7,7,1,,,,,,,,,,,,,,,,,,,,
,,,,,,,,,,,,3253.8739,2,OBJ-N5-SBJ-N4-REVEAL-TR.mp4,OBJ-N5-SBJ-N4-REVEAL-TR.mp3,3259.3529,mouse_continue,5.4793,,,,,,,2,OBJ-N5-SBJ-N4-REVEAL-TR.mp4,OBJ-N5-SBJ-N4-REVEAL-TR.mp3,ALP1120,2000.03.08,2026-05-09_10h59.33.296,BrocantoHPilot1WOSession2,2025.2.4,MacIntel,59.17159763,,,,,,,,,,,,,,,,,,,,,,,,,,,,,,,,,,,,,,,,,,,,,,,,,,,,,,,,,,,,,,,,,0,8,8,8,1,,,,,,,,,,,,,,,,,,,,
,,,,,,,,,,,,3259.3538,2,SBJ-N5-REVEAL-INTR-LOC-N4.mp4,SBJ-N5-REVEAL-INTR-LOC-N4.mp3,3264.6503,mouse_continue,5.2968,,,,,,,2,SBJ-N5-REVEAL-INTR-LOC-N4.mp4,SBJ-N5-REVEAL-INTR-LOC-N4.mp3,ALP1120,2000.03.08,2026-05-09_10h59.33.296,BrocantoHPilot1WOSession2,2025.2.4,MacIntel,59.17159763,,,,,,,,,,,,,,,,,,,,,,,,,,,,,,,,,,,,,,,,,,,,,,,,,,,,,,,,,,,,,,,,,0,9,9,9,1,,,,,,,,,,,,,,,,,,,,
,,,,,,,,,,,,3264.651,2,SBJ-N5-GO-INTR.mp4,SBJ-N5-GO-INTR.mp3,3269.9317,mouse_continue,5.2808,,,,,,,2,SBJ-N5-GO-INTR.mp4,SBJ-N5-GO-INTR.mp3,ALP1120,2000.03.08,2026-05-09_10h59.33.296,BrocantoHPilot1WOSession2,2025.2.4,MacIntel,59.17159763,,,,,,,,,,,,,,,,,,,,,,,,,,,,,,,,,,,,,,,,,,,,,,,,,,,,,,,,,,,,,,,,,0,10,10,10,1,,,,,,,,,,,,,,,,,,,,
,,,,,,,,,,,,3269.9326,2,OBJ-N5-SBJ-N3-HIDE-TR.mp4,OBJ-N5-SBJ-N3-HIDE-TR.mp3,3275.2618,mouse_continue,5.3295,,,,,,,2,OBJ-N5-SBJ-N3-HIDE-TR.mp4,OBJ-N5-SBJ-N3-HIDE-TR.mp3,ALP1120,2000.03.08,2026-05-09_10h59.33.296,BrocantoHPilot1WOSession2,2025.2.4,MacIntel,59.17159763,,,,,,,,,,,,,,,,,,,,,,,,,,,,,,,,,,,,,,,,,,,,,,,,,,,,,,,,,,,,,,,,,0,11,11,11,1,,,,,,,,,,,,,,,,,,,,
,,,,,,,,,,,,3275.2625,2,OBJ-N5-SBJ-N4-HIDE-TR-LOC-N1.mp4,OBJ-N5-SBJ-N4-HIDE-TR-LOC-N1.mp3,3281.6963,mouse_continue,6.4338,,,,,,,2,OBJ-N5-SBJ-N4-HIDE-TR-LOC-N1.mp4,OBJ-N5-SBJ-N4-HIDE-TR-LOC-N1.mp3,ALP1120,2000.03.08,2026-05-09_10h59.33.296,BrocantoHPilot1WOSession2,2025.2.4,MacIntel,59.17159763,,,,,,,,,,,,,,,,,,,,,,,,,,,,,,,,,,,,,,,,,,,,,,,,,,,,,,,,,,,,,,,,,0,12,12,12,1,,,,,,,,,,,,,,,,,,,,
,,,,,,,,,,,,3281.6973,2,OBJ-N5-SBJ-N3-PUSH-TR-LOC-N1.mp4,OBJ-N5-SBJ-N3-PUSH-TR-LOC-N1.mp3,3288.8822,mouse_continue,7.1849,,,,,,,2,OBJ-N5-SBJ-N3-PUSH-TR-LOC-N1.mp4,OBJ-N5-SBJ-N3-PUSH-TR-LOC-N1.mp3,ALP1120,2000.03.08,2026-05-09_10h59.33.296,BrocantoHPilot1WOSession2,2025.2.4,MacIntel,59.17159763,,,,,,,,,,,,,,,,,,,,,,,,,,,,,,,,,,,,,,,,,,,,,,,,,,,,,,,,,,,,,,,,,0,13,13,13,1,,,,,,,,,,,,,,,,,,,,
,,,,,,,,,,,,3288.8832,2,OBJ-N5-Ab-SBJ-N2-REVEAL-TR.mp4,OBJ-N5-Ab-SBJ-N2-REVEAL-TR.mp3,3295.0826,mouse_continue,6.1997,,,,,,,2,OBJ-N5-Ab-SBJ-N2-REVEAL-TR.mp4,OBJ-N5-Ab-SBJ-N2-REVEAL-TR.mp3,ALP1120,2000.03.08,2026-05-09_10h59.33.296,BrocantoHPilot1WOSession2,2025.2.4,MacIntel,59.17159763,,,,,,,,,,,,,,,,,,,,,,,,,,,,,,,,,,,,,,,,,,,,,,,,,,,,,,,,,,,,,,,,,0,14,14,14,1,,,,,,,,,,,,,,,,,,,,
,,,,,,,,,,,,3295.0837,2,SBJ-N4-JUMP-INTR.mp4,SBJ-N4-JUMP-INTR.mp3,3300.3966,mouse_continue,5.313,,,,,,,2,SBJ-N4-JUMP-INTR.mp4,SBJ-N4-JUMP-INTR.mp3,ALP1120,2000.03.08,2026-05-09_10h59.33.296,BrocantoHPilot1WOSession2,2025.2.4,MacIntel,59.17159763,,,,,,,,,,,,,,,,,,,,,,,,,,,,,,,,,,,,,,,,,,,,,,,,,,,,,,,,,,,,,,,,,0,15,15,15,1,,,,,,,,,,,,,,,,,,,,
,,,,,,,,,,,,3300.3975,2,Ab-SBJ-N4-JUMP-INTR.mp4,Ab-SBJ-N4-JUMP-INTR.mp3,3305.8949,mouse_continue,5.4976,,,,,,,2,Ab-SBJ-N4-JUMP-INTR.mp4,Ab-SBJ-N4-JUMP-INTR.mp3,ALP1120,2000.03.08,2026-05-09_10h59.33.296,BrocantoHPilot1WOSession2,2025.2.4,MacIntel,59.17159763,,,,,,,,,,,,,,,,,,,,,,,,,,,,,,,,,,,,,,,,,,,,,,,,,,,,,,,,,,,,,,,,,0,16,16,16,1,,,,,,,,,,,,,,,,,,,,
,,,,,,,,,,,,3305.8958,2,SBJ-N4-GO-INTR-LOC-N1.mp4,SBJ-N4-GO-INTR-LOC-N1.mp3,3311.5421,mouse_continue,5.6465,,,,,,,2,SBJ-N4-GO-INTR-LOC-N1.mp4,SBJ-N4-GO-INTR-LOC-N1.mp3,ALP1120,2000.03.08,2026-05-09_10h59.33.296,BrocantoHPilot1WOSession2,2025.2.4,MacIntel,59.17159763,,,,,,,,,,,,,,,,,,,,,,,,,,,,,,,,,,,,,,,,,,,,,,,,,,,,,,,,,,,,,,,,,0,17,17,17,1,,,,,,,,,,,,,,,,,,,,
,,,,,,,,,,,,3311.5429,2,SBJ-N3-HIDE-INTR-LOC-N5.mp4,SBJ-N3-HIDE-INTR-LOC-N5.mp3,3317.5594,mouse_continue,6.0166,,,,,,,2,SBJ-N3-HIDE-INTR-LOC-N5.mp4,SBJ-N3-HIDE-INTR-LOC-N5.mp3,ALP1120,2000.03.08,2026-05-09_10h59.33.296,BrocantoHPilot1WOSession2,2025.2.4,MacIntel,59.17159763,,,,,,,,,,,,,,,,,,,,,,,,,,,,,,,,,,,,,,,,,,,,,,,,,,,,,,,,,,,,,,,,,0,18,18,18,1,,,,,,,,,,,,,,,,,,,,
,,,,,,,,,,,,3317.5606,2,SBJ-N1-JUMP-INTR-LOC-N2.mp4,SBJ-N1-JUMP-INTR-LOC-N2.mp3,3322.9562,mouse_continue,5.3962,,,,,,,2,SBJ-N1-JUMP-INTR-LOC-N2.mp4,SBJ-N1-JUMP-INTR-LOC-N2.mp3,ALP1120,2000.03.08,2026-05-09_10h59.33.296,BrocantoHPilot1WOSession2,2025.2.4,MacIntel,59.17159763,,,,,,,,,,,,,,,,,,,,,,,,,,,,,,,,,,,,,,,,,,,,,,,,,,,,,,,,,,,,,,,,,0,19,19,19,1,,,,,,,,,,,,,,,,,,,,
,,,,,,,,,,,,3322.9579,2,OBJ-N5-Ab-SBJ-N4-REVEAL-TR.mp4,OBJ-N5-Ab-SBJ-N4-REVEAL-TR.mp3,3328.4378,mouse_continue,5.4809,,,,,,,2,OBJ-N5-Ab-SBJ-N4-REVEAL-TR.mp4,OBJ-N5-Ab-SBJ-N4-REVEAL-TR.mp3,ALP1120,2000.03.08,2026-05-09_10h59.33.296,BrocantoHPilot1WOSession2,2025.2.4,MacIntel,59.17159763,,,,,,,,,,,,,,,,,,,,,,,,,,,,,,,,,,,,,,,,,,,,,,,,,,,,,,,,,,,,,,,,,0,20,20,20,1,,,,,,,,,,,,,,,,,,,,
,,,,,,,,,,,,3328.4387,2,OBJ-N5-SBJ-N3-HIDE-TR-LOC-N2.mp4,OBJ-N5-SBJ-N3-HIDE-TR-LOC-N2.mp3,3334.4038,mouse_continue,5.965,,,,,,,2,OBJ-N5-SBJ-N3-HIDE-TR-LOC-N2.mp4,OBJ-N5-SBJ-N3-HIDE-TR-LOC-N2.mp3,ALP1120,2000.03.08,2026-05-09_10h59.33.296,BrocantoHPilot1WOSession2,2025.2.4,MacIntel,59.17159763,,,,,,,,,,,,,,,,,,,,,,,,,,,,,,,,,,,,,,,,,,,,,,,,,,,,,,,,,,,,,,,,,0,21,21,21,1,,,,,,,,,,,,,,,,,,,,
,,,,,,,,,,,,3334.4052,2,Ab-SBJ-N5-REVEAL-INTR-Ab-LOC-N4.mp4,Ab-SBJ-N5-REVEAL-INTR-Ab-LOC-N4.mp3,3343.7951,mouse_continue,9.3907,,,,,,,2,Ab-SBJ-N5-REVEAL-INTR-Ab-LOC-N4.mp4,Ab-SBJ-N5-REVEAL-INTR-Ab-LOC-N4.mp3,ALP1120,2000.03.08,2026-05-09_10h59.33.296,BrocantoHPilot1WOSession2,2025.2.4,MacIntel,59.17159763,,,,,,,,,,,,,,,,,,,,,,,,,,,,,,,,,,,,,,,,,,,,,,,,,,,,,,,,,,,,,,,,,0,22,22,22,1,,,,,,,,,,,,,,,,,,,,
,,,,,,,,,,,,3343.7958,2,OBJ-N5-Ab-SBJ-N4-PUSH-TR-Ab-LOC-N2.mp4,OBJ-N5-Ab-SBJ-N4-PUSH-TR-Ab-LOC-N2.mp3,3352.8368,mouse_continue,9.041,,,,,,,2,OBJ-N5-Ab-SBJ-N4-PUSH-TR-Ab-LOC-N2.mp4,OBJ-N5-Ab-SBJ-N4-PUSH-TR-Ab-LOC-N2.mp3,ALP1120,2000.03.08,2026-05-09_10h59.33.296,BrocantoHPilot1WOSession2,2025.2.4,MacIntel,59.17159763,,,,,,,,,,,,,,,,,,,,,,,,,,,,,,,,,,,,,,,,,,,,,,,,,,,,,,,,,,,,,,,,,0,23,23,23,1,,,,,,,,,,,,,,,,,,,,
,,,,,,,,,,,,3352.8379,2,OBJ-N5-Ab-SBJ-N2-REVEAL-TR-LOC-N4.mp4,OBJ-N5-Ab-SBJ-N2-REVEAL-TR-LOC-N4.mp3,3359.1037,mouse_continue,6.2662,,,,,,,2,OBJ-N5-Ab-SBJ-N2-REVEAL-TR-LOC-N4.mp4,OBJ-N5-Ab-SBJ-N2-REVEAL-TR-LOC-N4.mp3,ALP1120,2000.03.08,2026-05-09_10h59.33.296,BrocantoHPilot1WOSession2,2025.2.4,MacIntel,59.17159763,,,,,,,,,,,,,,,,,,,,,,,,,,,,,,,,,,,,,,,,,,,,,,,,,,,,,,,,,,,,,,,,,0,24,24,24,1,,,,,,,,,,,,,,,,,,,,
,,,,,,,,,,,,3359.1047,2,SBJ-N5-REVEAL-INTR-LOC-N3.mp4,SBJ-N5-REVEAL-INTR-LOC-N3.mp3,3364.5003,mouse_continue,5.3958,,,,,,,2,SBJ-N5-REVEAL-INTR-LOC-N3.mp4,SBJ-N5-REVEAL-INTR-LOC-N3.mp3,ALP1120,2000.03.08,2026-05-09_10h59.33.296,BrocantoHPilot1WOSession2,2025.2.4,MacIntel,59.17159763,,,,,,,,,,,,,,,,,,,,,,,,,,,,,,,,,,,,,,,,,,,,,,,,,,,,,,,,,,,,,,,,,0,25,25,25,1,,,,,,,,,,,,,,,,,,,,
,,,,,,,,,,,,3364.5011,2,OBJ-N5-SBJ-N1-PUSH-TR.mp4,OBJ-N5-SBJ-N1-PUSH-TR.mp3,3369.7813,mouse_continue,5.2804,,,,,,,2,OBJ-N5-SBJ-N1-PUSH-TR.mp4,OBJ-N5-SBJ-N1-PUSH-TR.mp3,ALP1120,2000.03.08,2026-05-09_10h59.33.296,BrocantoHPilot1WOSession2,2025.2.4,MacIntel,59.17159763,,,,,,,,,,,,,,,,,,,,,,,,,,,,,,,,,,,,,,,,,,,,,,,,,,,,,,,,,,,,,,,,,0,26,26,26,1,,,,,,,,,,,,,,,,,,,,
,,,,,,,,,,,,3369.7822,2,SBJ-N1-GO-INTR.mp4,SBJ-N1-GO-INTR.mp3,3375.1622,mouse_continue,5.3801,,,,,,,2,SBJ-N1-GO-INTR.mp4,SBJ-N1-GO-INTR.mp3,ALP1120,2000.03.08,2026-05-09_10h59.33.296,BrocantoHPilot1WOSession2,2025.2.4,MacIntel,59.17159763,,,,,,,,,,,,,,,,,,,,,,,,,,,,,,,,,,,,,,,,,,,,,,,,,,,,,,,,,,,,,,,,,0,27,27,27,1,,,,,,,,,,,,,,,,,,,,
,,,,,,,,,,,,3375.1631,2,OBJ-N5-SBJ-N1-REVEAL-TR-LOC-N2.mp4,OBJ-N5-SBJ-N1-REVEAL-TR-LOC-N2.mp3,3381.7306,mouse_continue,6.5676,,,,,,,2,OBJ-N5-SBJ-N1-REVEAL-TR-LOC-N2.mp4,OBJ-N5-SBJ-N1-REVEAL-TR-LOC-N2.mp3,ALP1120,2000.03.08,2026-05-09_10h59.33.296,BrocantoHPilot1WOSession2,2025.2.4,MacIntel,59.17159763,,,,,,,,,,,,,,,,,,,,,,,,,,,,,,,,,,,,,,,,,,,,,,,,,,,,,,,,,,,,,,,,,0,28,28,28,1,,,,,,,,,,,,,,,,,,,,
,,,,,,,,,,,,3381.7314,2,Ab-SBJ-N4-REVEAL-INTR-Ab-LOC-N5.mp4,Ab-SBJ-N4-REVEAL-INTR-Ab-LOC-N5.mp3,3387.2118,mouse_continue,5.4805,,,,,,,2,Ab-SBJ-N4-REVEAL-INTR-Ab-LOC-N5.mp4,Ab-SBJ-N4-REVEAL-INTR-Ab-LOC-N5.mp3,ALP1120,2000.03.08,2026-05-09_10h59.33.296,BrocantoHPilot1WOSession2,2025.2.4,MacIntel,59.17159763,,,,,,,,,,,,,,,,,,,,,,,,,,,,,,,,,,,,,,,,,,,,,,,,,,,,,,,,,,,,,,,,,0,29,29,29,1,,,,,,,,,,,,,,,,,,,,
,,,,,,,,,,,,3387.213,2,OBJ-N5-SBJ-N4-HIDE-TR-Ab-LOC-N1.mp4,OBJ-N5-SBJ-N4-HIDE-TR-Ab-LOC-N1.mp3,3408.8021,mouse_continue,21.5897,,,,,,,2,OBJ-N5-SBJ-N4-HIDE-TR-Ab-LOC-N1.mp4,OBJ-N5-SBJ-N4-HIDE-TR-Ab-LOC-N1.mp3,ALP1120,2000.03.08,2026-05-09_10h59.33.296,BrocantoHPilot1WOSession2,2025.2.4,MacIntel,59.17159763,,,,,,,,,,,,,,,,,,,,,,,,,,,,,,,,,,,,,,,,,,,,,,,,,,,,,,,,,,,,,,,,,0,30,30,30,1,,,,,,,,,,,,,,,,,,,,
,,,,,,,,,,,,3408.803,2,OBJ-N5-Ab-SBJ-N2-REVEAL-TR.mp4,OBJ-N5-Ab-SBJ-N2-REVEAL-TR.mp3,3416.2226,mouse_continue,7.4193,,,,,,,2,OBJ-N5-Ab-SBJ-N2-REVEAL-TR.mp4,OBJ-N5-Ab-SBJ-N2-REVEAL-TR.mp3,ALP1120,2000.03.08,2026-05-09_10h59.33.296,BrocantoHPilot1WOSession2,2025.2.4,MacIntel,59.17159763,,,,,,,,,,,,,,,,,,,,,,,,,,,,,,,,,,,,,,,,,,,,,,,,,,,,,,,,,,,,,,,,,0,31,31,31,1,,,,,,,,,,,,,,,,,,,,
,,,,,,,,,,,,3416.2239,2,Ab-SBJ-N1-HIDE-INTR.mp4,Ab-SBJ-N1-HIDE-INTR.mp3,3422.005,mouse_continue,5.7817,,,,,,,2,Ab-SBJ-N1-HIDE-INTR.mp4,Ab-SBJ-N1-HIDE-INTR.mp3,ALP1120,2000.03.08,2026-05-09_10h59.33.296,BrocantoHPilot1WOSession2,2025.2.4,MacIntel,59.17159763,,,,,,,,,,,,,,,,,,,,,,,,,,,,,,,,,,,,,,,,,,,,,,,,,,,,,,,,,,,,,,,,,0,32,32,32,1,,,,,,,,,,,,,,,,,,,,
,,,,,,,,,,,,3422.0063,2,OBJ-N5-SBJ-N4-HIDE-TR-LOC-N2.mp4,OBJ-N5-SBJ-N4-HIDE-TR-LOC-N2.mp3,3427.7696,mouse_continue,5.7638,,,,,,,2,OBJ-N5-SBJ-N4-HIDE-TR-LOC-N2.mp4,OBJ-N5-SBJ-N4-HIDE-TR-LOC-N2.mp3,ALP1120,2000.03.08,2026-05-09_10h59.33.296,BrocantoHPilot1WOSession2,2025.2.4,MacIntel,59.17159763,,,,,,,,,,,,,,,,,,,,,,,,,,,,,,,,,,,,,,,,,,,,,,,,,,,,,,,,,,,,,,,,,0,33,33,33,1,,,,,,,,,,,,,,,,,,,,
,,,,,,,,,,,,3427.7704,2,SBJ-N4-JUMP-INTR.mp4,SBJ-N4-JUMP-INTR.mp3,3433.1006,mouse_continue,5.3302,,,,,,,2,SBJ-N4-JUMP-INTR.mp4,SBJ-N4-JUMP-INTR.mp3,ALP1120,2000.03.08,2026-05-09_10h59.33.296,BrocantoHPilot1WOSession2,2025.2.4,MacIntel,59.17159763,,,,,,,,,,,,,,,,,,,,,,,,,,,,,,,,,,,,,,,,,,,,,,,,,,,,,,,,,,,,,,,,,0,34,34,34,1,,,,,,,,,,,,,,,,,,,,
,,,,,,,,,,,,3433.1017,2,OBJ-N5-SBJ-N1-PUSH-TR.mp4,OBJ-N5-SBJ-N1-PUSH-TR.mp3,3438.4482,mouse_continue,5.3468,,,,,,,2,OBJ-N5-SBJ-N1-PUSH-TR.mp4,OBJ-N5-SBJ-N1-PUSH-TR.mp3,ALP1120,2000.03.08,2026-05-09_10h59.33.296,BrocantoHPilot1WOSession2,2025.2.4,MacIntel,59.17159763,,,,,,,,,,,,,,,,,,,,,,,,,,,,,,,,,,,,,,,,,,,,,,,,,,,,,,,,,,,,,,,,,0,35,35,35,1,,,,,,,,,,,,,,,,,,,,
,,,,,,,,,,,,3438.4493,2,Ab-SBJ-N4-GO-INTR.mp4,Ab-SBJ-N4-GO-INTR.mp3,3443.7791,mouse_continue,5.3301,,,,,,,2,Ab-SBJ-N4-GO-INTR.mp4,Ab-SBJ-N4-GO-INTR.mp3,ALP1120,2000.03.08,2026-05-09_10h59.33.296,BrocantoHPilot1WOSession2,2025.2.4,MacIntel,59.17159763,,,,,,,,,,,,,,,,,,,,,,,,,,,,,,,,,,,,,,,,,,,,,,,,,,,,,,,,,,,,,,,,,0,36,36,36,1,,,,,,,,,,,,,,,,,,,,
,,,,,,,,,,,,3443.7798,2,Ab-SBJ-N2-HIDE-INTR-LOC-N1.mp4,Ab-SBJ-N2-HIDE-INTR-LOC-N1.mp3,3449.2285,mouse_continue,5.4488,,,,,,,2,Ab-SBJ-N2-HIDE-INTR-LOC-N1.mp4,Ab-SBJ-N2-HIDE-INTR-LOC-N1.mp3,ALP1120,2000.03.08,2026-05-09_10h59.33.296,BrocantoHPilot1WOSession2,2025.2.4,MacIntel,59.17159763,,,,,,,,,,,,,,,,,,,,,,,,,,,,,,,,,,,,,,,,,,,,,,,,,,,,,,,,,,,,,,,,,0,37,37,37,1,,,,,,,,,,,,,,,,,,,,
,,,,,,,,,,,,3449.2297,2,Ab-SBJ-N3-JUMP-INTR-Ab-LOC-N4.mp4,Ab-SBJ-N3-JUMP-INTR-Ab-LOC-N4.mp3,3456.5305,mouse_continue,7.3012,,,,,,,2,Ab-SBJ-N3-JUMP-INTR-Ab-LOC-N4.mp4,Ab-SBJ-N3-JUMP-INTR-Ab-LOC-N4.mp3,ALP1120,2000.03.08,2026-05-09_10h59.33.296,BrocantoHPilot1WOSession2,2025.2.4,MacIntel,59.17159763,,,,,,,,,,,,,,,,,,,,,,,,,,,,,,,,,,,,,,,,,,,,,,,,,,,,,,,,,,,,,,,,,0,38,38,38,1,,,,,,,,,,,,,,,,,,,,
,,,,,,,,,,,,3456.5312,2,Aa-SBJ-N4-GO-INTR-Aa-LOC-N5.mp4,Aa-SBJ-N4-GO-INTR-Aa-LOC-N5.mp3,3462.3295,mouse_continue,5.7985,,,,,,,2,Aa-SBJ-N4-GO-INTR-Aa-LOC-N5.mp4,Aa-SBJ-N4-GO-INTR-Aa-LOC-N5.mp3,ALP1120,2000.03.08,2026-05-09_10h59.33.296,BrocantoHPilot1WOSession2,2025.2.4,MacIntel,59.17159763,,,,,,,,,,,,,,,,,,,,,,,,,,,,,,,,,,,,,,,,,,,,,,,,,,,,,,,,,,,,,,,,,0,39,39,39,1,,,,,,,,,,,,,,,,,,,,
,,,,,,,,,,,,3462.3305,2,OBJ-N5-SBJ-N2-PUSH-TR-Ab-LOC-N4.mp4,OBJ-N5-SBJ-N2-PUSH-TR-Ab-LOC-N4.mp3,3472.8399,mouse_continue,10.5096,,,,,,,2,OBJ-N5-SBJ-N2-PUSH-TR-Ab-LOC-N4.mp4,OBJ-N5-SBJ-N2-PUSH-TR-Ab-LOC-N4.mp3,ALP1120,2000.03.08,2026-05-09_10h59.33.296,BrocantoHPilot1WOSession2,2025.2.4,MacIntel,59.17159763,,,,,,,,,,,,,,,,,,,,,,,,,,,,,,,,,,,,,,,,,,,,,,,,,,,,,,,,,,,,,,,,,0,40,40,40,1,,,,,,,,,,,,,,,,,,,,
,,,,,,,,,,,,3472.841,2,OBJ-N5-SBJ-N4-REVEAL-TR.mp4,OBJ-N5-SBJ-N4-REVEAL-TR.mp3,3478.204,mouse_continue,5.3633,,,,,,,2,OBJ-N5-SBJ-N4-REVEAL-TR.mp4,OBJ-N5-SBJ-N4-REVEAL-TR.mp3,ALP1120,2000.03.08,2026-05-09_10h59.33.296,BrocantoHPilot1WOSession2,2025.2.4,MacIntel,59.17159763,,,,,,,,,,,,,,,,,,,,,,,,,,,,,,,,,,,,,,,,,,,,,,,,,,,,,,,,,,,,,,,,,0,41,41,41,1,,,,,,,,,,,,,,,,,,,,
,,,,,,,,,,,,,,,,,,,,,,,,,2,,,ALP1120,2000.03.08,2026-05-09_10h59.33.296,BrocantoHPilot1WOSession2,2025.2.4,MacIntel,59.17159763,3485.6262,2,2,2,23.1484,1,19.4064,23.1484,3510.4415,,,,,,SBJ-N3-REVEAL-INTR-LOC-N5.mp3,SBJ-N3-REVEAL-INTR-LOC-N5.mp4,SBJ-N3-JUMP-INTR-LOC-N5.mp4,,,,,,,,,,,,,,,,,,,,,,,,,,,,,,,,,,,,,,,,,,,,,,,,,,,,,0,0,0,0,1,,,,,,,,,,,,,,,
,,,,,,,,,,,,,,,,,,,,,,,,,2,,,ALP1120,2000.03.08,2026-05-09_10h59.33.296,BrocantoHPilot1WOSession2,2025.2.4,MacIntel,59.17159763,3510.4422,2,1,1,18.2834,1,18.2538,18.2834,3530.562,,,,,,OBJ-N5-SBJ-N4-PUSH-TR-LOC-N2.mp3,OBJ-N5-SBJ-N4-PUSH-TR-LOC-N2.mp4,OBJ-N4-SBJ-N5-REVEAL-TR-LOC-N2.mp4,,,,,,,,,,,,,,,,,,,,,,,,,,,,,,,,,,,,,,,,,,,,,,,,,,,,,0,1,1,1,1,,,,,,,,,,,,,,,
,,,,,,,,,,,,,,,,,,,,,,,,,2,,,ALP1120,2000.03.08,2026-05-09_10h59.33.296,BrocantoHPilot1WOSession2,2025.2.4,MacIntel,59.17159763,3530.5627,2,2,2,19.1138,1,18.837,19.1138,3551.6517,,,,,,OBJ-N5-SBJ-N4-HIDE-TR-LOC-N3.mp3,OBJ-N5-SBJ-N4-HIDE-TR-LOC-N3.mp4,OBJ-N5-SBJ-N3-HIDE-TR-LOC-N4.mp4,,,,,,,,,,,,,,,,,,,,,,,,,,,,,,,,,,,,,,,,,,,,,,,,,,,,,0,2,2,2,1,,,,,,,,,,,,,,,
,,,,,,,,,,,,,,,,,,,,,,,,,2,,,ALP1120,2000.03.08,2026-05-09_10h59.33.296,BrocantoHPilot1WOSession2,2025.2.4,MacIntel,59.17159763,3551.6525,2,1,1,23.3022,1,16.3026,23.3022,3576.7018,,,,,,SBJ-N1-REVEAL-INTR-LOC-N2.mp3,SBJ-N1-REVEAL-INTR-LOC-N2.mp4,SBJ-N1-HIDE-INTR-LOC-N2.mp4,,,,,,,,,,,,,,,,,,,,,,,,,,,,,,,,,,,,,,,,,,,,,,,,,,,,,0,3,3,3,1,,,,,,,,,,,,,,,
,,,,,,,,,,,,,,,,,,,,,,,,,2,,,ALP1120,2000.03.08,2026-05-09_10h59.33.296,BrocantoHPilot1WOSession2,2025.2.4,MacIntel,59.17159763,3576.7024,2,2,2,22.2793,1,21.4631,22.2793,3601.3513,,,,,,OBJ-N5-SBJ-N4-REVEAL-TR.mp3,OBJ-N5-SBJ-N4-REVEAL-TR.mp4,OBJ-N4-SBJ-N5-PUSH-TR.mp4,,,,,,,,,,,,,,,,,,,,,,,,,,,,,,,,,,,,,,,,,,,,,,,,,,,,,0,4,4,4,1,,,,,,,,,,,,,,,
,,,,,,,,,,,,,,,,,,,,,,,,,2,,,ALP1120,2000.03.08,2026-05-09_10h59.33.296,BrocantoHPilot1WOSession2,2025.2.4,MacIntel,59.17159763,3601.3522,2,1,1,16.4027,1,16.1644,16.4027,3619.5162,,,,,,SBJ-N2-GO-INTR.mp3,SBJ-N2-GO-INTR.mp4,SBJ-N2-REVEAL-INTR.mp4,,,,,,,,,,,,,,,,,,,,,,,,,,,,,,,,,,,,,,,,,,,,,,,,,,,,,0,5,5,5,1,,,,,,,,,,,,,,,
,,,,,,,,,,,,,,,,,,,,,,,,,2,,,ALP1120,2000.03.08,2026-05-09_10h59.33.296,BrocantoHPilot1WOSession2,2025.2.4,MacIntel,59.17159763,3619.5172,2,2,2,15.1401,1,14.0945,15.1401,3636.3277,,,,,,SBJ-N5-JUMP-INTR.mp3,SBJ-N5-JUMP-INTR.mp4,SBJ-N5-HIDE-INTR.mp4,,,,,,,,,,,,,,,,,,,,,,,,,,,,,,,,,,,,,,,,,,,,,,,,,,,,,0,6,6,6,1,,,,,,,,,,,,,,,
,,,,,,,,,,,,,,,,,,,,,,,,,2,,,ALP1120,2000.03.08,2026-05-09_10h59.33.296,BrocantoHPilot1WOSession2,2025.2.4,MacIntel,59.17159763,3636.3289,2,2,2,22.7928,1,16.4428,22.7928,3660.7262,,,,,,OBJ-N5-SBJ-N1-PUSH-TR-LOC-N2.mp3,OBJ-N5-SBJ-N1-PUSH-TR-LOC-N2.mp4,OBJ-N5-SBJ-N2-PUSH-TR-LOC-N1.mp4,,,,,,,,,,,,,,,,,,,,,,,,,,,,,,,,,,,,,,,,,,,,,,,,,,,,,0,7,7,7,1,,,,,,,,,,,,,,,
,,,,,,,,,,,,,,,,,,,,,,,,,2,,,ALP1120,2000.03.08,2026-05-09_10h59.33.296,BrocantoHPilot1WOSession2,2025.2.4,MacIntel,59.17159763,3660.7272,2,1,1,17.211,1,15.675,17.211,3679.6768,,,,,,SBJ-N1-REVEAL-INTR-LOC-N3.mp3,SBJ-N1-REVEAL-INTR-LOC-N3.mp4,SBJ-N3-JUMP-INTR-LOC-N1.mp4,,,,,,,,,,,,,,,,,,,,,,,,,,,,,,,,,,,,,,,,,,,,,,,,,,,,,0,8,8,8,1,,,,,,,,,,,,,,,
,,,,,,,,,,,,,,,,,,,,,,,,,2,,,ALP1120,2000.03.08,2026-05-09_10h59.33.296,BrocantoHPilot1WOSession2,2025.2.4,MacIntel,59.17159763,3679.6775,2,1,1,18.1939,1,17.5132,18.1939,3699.5629,,,,,,Ab-OBJ-N5-SBJ-N1-REVEAL-TR.mp3,Ab-OBJ-N5-SBJ-N1-REVEAL-TR.mp4,Aa-OBJ-N5-SBJ-N1-HIDE-TR.mp4,,,,,,,,,,,,,,,,,,,,,,,,,,,,,,,,,,,,,,,,,,,,,,,,,,,,,0,9,9,9,1,,,,,,,,,,,,,,,
,,,,,,,,,,,,,,,,,,,,,,,,,2,,,ALP1120,2000.03.08,2026-05-09_10h59.33.296,BrocantoHPilot1WOSession2,2025.2.4,MacIntel,59.17159763,3699.5636,2,1,1,18.0689,1,17.3788,18.0689,3719.416,,,,,,Ab-SBJ-N2-HIDE-INTR.mp3,Ab-SBJ-N2-HIDE-INTR.mp4,Aa-SBJ-N2-HIDE-INTR.mp4,,,,,,,,,,,,,,,,,,,,,,,,,,,,,,,,,,,,,,,,,,,,,,,,,,,,,0,10,10,10,1,,,,,,,,,,,,,,,
,,,,,,,,,,,,,,,,,,,,,,,,,2,,,ALP1120,2000.03.08,2026-05-09_10h59.33.296,BrocantoHPilot1WOSession2,2025.2.4,MacIntel,59.17159763,3719.4166,2,1,1,23.2616,1,23.2943,23.2616,3744.4832,,,,,,OBJ-N5-SBJ-N1-HIDE-TR-LOC-N2.mp3,OBJ-N5-SBJ-N1-HIDE-TR-LOC-N2.mp4,OBJ-N2-SBJ-N1-HIDE-TR-LOC-N5.mp4,,,,,,,,,,,,,,,,,,,,,,,,,,,,,,,,,,,,,,,,,,,,,,,,,,,,,0,11,11,11,1,,,,,,,,,,,,,,,
,,,,,,,,,,,,,,,,,,,,,,,,,2,,,ALP1120,2000.03.08,2026-05-09_10h59.33.296,BrocantoHPilot1WOSession2,2025.2.4,MacIntel,59.17159763,3744.4839,2,1,1,19.0495,1,16.7582,19.0495,3765.2057,,,,,,OBJ-N5-Ab-SBJ-N1-HIDE-TR.mp3,OBJ-N5-Ab-SBJ-N1-HIDE-TR.mp4,Aa-OBJ-N1-SBJ-N5-HIDE-TR.mp4,,,,,,,,,,,,,,,,,,,,,,,,,,,,,,,,,,,,,,,,,,,,,,,,,,,,,0,12,12,12,1,,,,,,,,,,,,,,,
,,,,,,,,,,,,,,,,,,,,,,,,,2,,,ALP1120,2000.03.08,2026-05-09_10h59.33.296,BrocantoHPilot1WOSession2,2025.2.4,MacIntel,59.17159763,3765.2064,2,2,2,16.8102,1,15.4608,16.8102,3783.6885,,,,,,OBJ-N5-Ab-SBJ-N1-REVEAL-TR.mp3,OBJ-N5-Ab-SBJ-N1-REVEAL-TR.mp4,OBJ-N5-Aa-SBJ-N1-PUSH-TR.mp4,,,,,,,,,,,,,,,,,,,,,,,,,,,,,,,,,,,,,,,,,,,,,,,,,,,,,0,13,13,13,1,,,,,,,,,,,,,,,
,,,,,,,,,,,,,,,,,,,,,,,,,2,,,ALP1120,2000.03.08,2026-05-09_10h59.33.296,BrocantoHPilot1WOSession2,2025.2.4,MacIntel,59.17159763,3783.6893,2,2,2,14.1748,1,13.4674,14.1748,3799.8311,,,,,,OBJ-N5-SBJ-N4-PUSH-TR-LOC-N1.mp3,OBJ-N5-SBJ-N4-PUSH-TR-LOC-N1.mp4,OBJ-N4-SBJ-N5-HIDE-TR-LOC-N1.mp4,,,,,,,,,,,,,,,,,,,,,,,,,,,,,,,,,,,,,,,,,,,,,,,,,,,,,0,14,14,14,1,,,,,,,,,,,,,,,
,,,,,,,,,,,,,,,,,,,,,,,,,2,,,ALP1120,2000.03.08,2026-05-09_10h59.33.296,BrocantoHPilot1WOSession2,2025.2.4,MacIntel,59.17159763,3799.8322,2,1,1,15.5398,1,14.9067,15.5398,3817.3777,,,,,,Ab-SBJ-N2-GO-INTR.mp3,Ab-SBJ-N2-GO-INTR.mp4,Aa-SBJ-N2-GO-INTR.mp4,,,,,,,,,,,,,,,,,,,,,,,,,,,,,,,,,,,,,,,,,,,,,,,,,,,,,0,15,15,15,1,,,,,,,,,,,,,,,
,,,,,,,,,,,,,,,,,,,,,,,,,2,,,ALP1120,2000.03.08,2026-05-09_10h59.33.296,BrocantoHPilot1WOSession2,2025.2.4,MacIntel,59.17159763,3817.3787,2,1,1,16.1413,1,15.6734,16.1413,3835.4926,,,,,,SBJ-N5-HIDE-INTR.mp3,SBJ-N5-HIDE-INTR.mp4,SBJ-N5-REVEAL-INTR.mp4,,,,,,,,,,,,,,,,,,,,,,,,,,,,,,,,,,,,,,,,,,,,,,,,,,,,,0,16,16,16,1,,,,,,,,,,,,,,,
,,,,,,,,,,,,,,,,,,,,,,,,,2,,,ALP1120,2000.03.08,2026-05-09_10h59.33.296,BrocantoHPilot1WOSession2,2025.2.4,MacIntel,59.17159763,3835.4932,2,1,1,26.0015,1,14.538,26.0015,3863.2662,,,,,,SBJ-N1-JUMP-INTR-LOC-N3.mp3,SBJ-N1-JUMP-INTR-LOC-N3.mp4,SBJ-N3-JUMP-INTR-LOC-N1.mp4,,,,,,,,,,,,,,,,,,,,,,,,,,,,,,,,,,,,,,,,,,,,,,,,,,,,,0,17,17,17,1,,,,,,,,,,,,,,,
,,,,,,,,,,,,,,,,,,,,,,,,,2,,,ALP1120,2000.03.08,2026-05-09_10h59.33.296,BrocantoHPilot1WOSession2,2025.2.4,MacIntel,59.17159763,3863.2668,2,1,1,16.4432,1,16.5442,16.4432,3882.0506,,,,,,SBJ-N5-GO-INTR-LOC-N2.mp3,SBJ-N5-GO-INTR-LOC-N2.mp4,SBJ-N2-HIDE-INTR-LOC-N5.mp4,,,,,,,,,,,,,,,,,,,,,,,,,,,,,,,,,,,,,,,,,,,,,,,,,,,,,0,18,18,18,1,,,,,,,,,,,,,,,
,,,,,,,,,,,,,,,,,,,,,,,,,2,,,ALP1120,2000.03.08,2026-05-09_10h59.33.296,BrocantoHPilot1WOSession2,2025.2.4,MacIntel,59.17159763,3882.0512,2,1,1,16.9232,1,15.7173,16.9232,3900.6336,,,,,,SBJ-N3-HIDE-INTR-LOC-N5.mp3,SBJ-N3-HIDE-INTR-LOC-N5.mp4,SBJ-N5-HIDE-INTR-LOC-N3.mp4,,,,,,,,,,,,,,,,,,,,,,,,,,,,,,,,,,,,,,,,,,,,,,,,,,,,,0,19,19,19,1,,,,,,,,,,,,,,,
,,,,,,,,,,,,,,,,,,,,,,,,,2,,,ALP1120,2000.03.08,2026-05-09_10h59.33.296,BrocantoHPilot1WOSession2,2025.2.4,MacIntel,59.17159763,3900.6343,2,1,1,18.2811,1,18.4149,18.2811,3920.6527,,,,,,OBJ-N5-SBJ-N3-PUSH-TR-LOC-N1.mp3,OBJ-N5-SBJ-N3-PUSH-TR-LOC-N1.mp4,OBJ-N5-SBJ-N3-REVEAL-TR-LOC-N1.mp4,,,,,,,,,,,,,,,,,,,,,,,,,,,,,,,,,,,,,,,,,,,,,,,,,,,,,0,20,20,20,1,,,,,,,,,,,,,,,
,,,,,,,,,,,,,,,,,,,,,,,,,2,,,ALP1120,2000.03.08,2026-05-09_10h59.33.296,BrocantoHPilot1WOSession2,2025.2.4,MacIntel,59.17159763,3920.6534,2,1,1,24.2979,1,17.3466,24.2979,3946.5888,,,,,,Ab-OBJ-N5-SBJ-N1-REVEAL-TR.mp3,Ab-OBJ-N5-SBJ-N1-REVEAL-TR.mp4,OBJ-N1-Aa-SBJ-N5-REVEAL-TR.mp4,,,,,,,,,,,,,,,,,,,,,,,,,,,,,,,,,,,,,,,,,,,,,,,,,,,,,0,21,21,21,1,,,,,,,,,,,,,,,
,,,,,,,,,,,,,,,,,,,,,,,,,2,,,ALP1120,2000.03.08,2026-05-09_10h59.33.296,BrocantoHPilot1WOSession2,2025.2.4,MacIntel,59.17159763,3946.5894,2,1,1,16.9784,1,16.4775,16.9784,3965.3732,,,,,,OBJ-N5-SBJ-N1-PUSH-TR-Ab-LOC-N3.mp3,OBJ-N5-SBJ-N1-PUSH-TR-Ab-LOC-N3.mp4,OBJ-N5-SBJ-N1-REVEAL-TR-Aa-LOC-N3.mp4,,,,,,,,,,,,,,,,,,,,,,,,,,,,,,,,,,,,,,,,,,,,,,,,,,,,,0,22,22,22,1,,,,,,,,,,,,,,,
,,,,,,,,,,,,,,,,,,,,,,,,,2,,,ALP1120,2000.03.08,2026-05-09_10h59.33.296,BrocantoHPilot1WOSession2,2025.2.4,MacIntel,59.17159763,3965.374,2,1,1,17.8456,1,17.6118,17.8456,3984.9592,,,,,,Ab-SBJ-N2-REVEAL-INTR-Ab-LOC-N4.mp3,Ab-SBJ-N2-REVEAL-INTR-Ab-LOC-N4.mp4,Ab-SBJ-N4-REVEAL-INTR-Aa-LOC-N2.mp4,,,,,,,,,,,,,,,,,,,,,,,,,,,,,,,,,,,,,,,,,,,,,,,,,,,,,0,23,23,23,1,,,,,,,,,,,,,,,
,,,,,,,,,,,,,,,,,,,,,,,,,2,,,ALP1120,2000.03.08,2026-05-09_10h59.33.296,BrocantoHPilot1WOSession2,2025.2.4,MacIntel,59.17159763,3984.9599,2,2,2,18.1134,1,16.6421,18.1134,4004.6439,,,,,,OBJ-N5-Ab-SBJ-N1-REVEAL-TR-Ab-LOC-N3.mp3,OBJ-N5-Ab-SBJ-N1-REVEAL-TR-Ab-LOC-N3.mp4,OBJ-N5-Ab-SBJ-N1-REVEAL-TR-Aa-LOC-N3.mp4,,,,,,,,,,,,,,,,,,,,,,,,,,,,,,,,,,,,,,,,,,,,,,,,,,,,,0,24,24,24,1,,,,,,,,,,,,,,,
,,,,,,,,,,,,,,,,,,,,,,,,,2,,,ALP1120,2000.03.08,2026-05-09_10h59.33.296,BrocantoHPilot1WOSession2,2025.2.4,MacIntel,59.17159763,4004.6445,2,1,1,16.2429,1,16.0755,16.2429,4022.5927,,,,,,Ab-SBJ-N4-REVEAL-INTR-LOC-N3.mp3,Ab-SBJ-N4-REVEAL-INTR-LOC-N3.mp4,Aa-SBJ-N4-JUMP-INTR-LOC-N3.mp4,,,,,,,,,,,,,,,,,,,,,,,,,,,,,,,,,,,,,,,,,,,,,,,,,,,,,0,25,25,25,1,,,,,,,,,,,,,,,
,,,,,,,,,,,,,,,,,,,,,,,,,2,,,ALP1120,2000.03.08,2026-05-09_10h59.33.296,BrocantoHPilot1WOSession2,2025.2.4,MacIntel,59.17159763,4022.5934,2,1,1,15.9409,1,,15.9409,4041.0077,,,,,,Ab-SBJ-N5-REVEAL-INTR-Ab-LOC-N4.mp3,Ab-SBJ-N5-REVEAL-INTR-Ab-LOC-N4.mp4,Ab-SBJ-N4-REVEAL-INTR-Aa-LOC-N5.mp4,,,,,,,,,,,,,,,,,,,,,,,,,,,,,,,,,,,,,,,,,,,,,,,,,,,,,0,26,26,26,1,,,,,,,,,,,,,,,
,,,,,,,,,,,,,,,,,,,,,,,,,2,,,ALP1120,2000.03.08,2026-05-09_10h59.33.296,BrocantoHPilot1WOSession2,2025.2.4,MacIntel,59.17159763,4041.0083,2,2,2,18.5156,1,17.2162,18.5156,4061.4299,,,,,,Ab-OBJ-N5-SBJ-N3-PUSH-TR.mp3,Ab-OBJ-N5-SBJ-N3-PUSH-TR.mp4,Aa-OBJ-N5-SBJ-N3-PUSH-TR.mp4,,,,,,,,,,,,,,,,,,,,,,,,,,,,,,,,,,,,,,,,,,,,,,,,,,,,,0,27,27,27,1,,,,,,,,,,,,,,,
,,,,,,,,,,,,,,,,,,,,,,,,,2,,,ALP1120,2000.03.08,2026-05-09_10h59.33.296,BrocantoHPilot1WOSession2,2025.2.4,MacIntel,59.17159763,4061.4304,2,2,2,13.4009,1,13.3677,13.4009,4076.571,,,,,,Ab-SBJ-N4-JUMP-INTR.mp3,Ab-SBJ-N4-JUMP-INTR.mp4,Aa-SBJ-N4-GO-INTR.mp4,,,,,,,,,,,,,,,,,,,,,,,,,,,,,,,,,,,,,,,,,,,,,,,,,,,,,0,28,28,28,1,,,,,,,,,,,,,,,
,,,,,,,,,,,,,,,,,,,,,,,,,2,,,ALP1120,2000.03.08,2026-05-09_10h59.33.296,BrocantoHPilot1WOSession2,2025.2.4,MacIntel,59.17159763,4076.5715,2,2,2,18.4816,1,17.1448,18.4816,4097.5585,,,,,,Ab-OBJ-N5-SBJ-N4-HIDE-TR-LOC-N3.mp3,Ab-OBJ-N5-SBJ-N4-HIDE-TR-LOC-N3.mp4,OBJ-N3-SBJ-N4-HIDE-TR-Aa-LOC-N5.mp4,,,,,,,,,,,,,,,,,,,,,,,,,,,,,,,,,,,,,,,,,,,,,,,,,,,,,0,29,29,29,1,,,,,,,,,,,,,,,
,,,,,,,,,,,,,,,,,,,,,,,,,2,,,ALP1120,2000.03.08,2026-05-09_10h59.33.296,BrocantoHPilot1WOSession2,2025.2.4,MacIntel,59.17159763,4097.5592,2,1,1,16.9456,1,17.6872,16.9456,4116.5768,,,,,,Ab-OBJ-N5-SBJ-N4-REVEAL-TR.mp3,Ab-OBJ-N5-SBJ-N4-REVEAL-TR.mp4,Aa-OBJ-N5-SBJ-N4-REVEAL-TR.mp4,,,,,,,,,,,,,,,,,,,,,,,,,,,,,,,,,,,,,,,,,,,,,,,,,,,,,0,30,30,30,1,,,,,,,,,,,,,,,
,,,,,,,,,,,,,,,,,,,,,,,,,2,,,ALP1120,2000.03.08,2026-05-09_10h59.33.296,BrocantoHPilot1WOSession2,2025.2.4,MacIntel,59.17159763,4116.5779,2,2,2,20.3558,1,19.6168,20.3558,4138.8357,,,,,,Ab-OBJ-N5-Ab-SBJ-N2-HIDE-TR-LOC-N4.mp3,Ab-OBJ-N5-Ab-SBJ-N2-HIDE-TR-LOC-N4.mp4,Ab-OBJ-N5-Aa-SBJ-N2-REVEAL-TR-LOC-N4.mp4,,,,,,,,,,,,,,,,,,,,,,,,,,,,,,,,,,,,,,,,,,,,,,,,,,,,,0,31,31,31,1,,,,,,,,,,,,,,,
,,,,,,,,,,,,,,,,,,,,,,,,,2,,,ALP1120,2000.03.08,2026-05-09_10h59.33.296,BrocantoHPilot1WOSession2,2025.2.4,MacIntel,59.17159763,4138.8364,2,2,2,14.0468,1,,14.0468,4154.544,,,,,,Ab-SBJ-N4-GO-INTR.mp3,Ab-SBJ-N4-GO-INTR.mp4,Aa-SBJ-N4-GO-INTR.mp4,,,,,,,,,,,,,,,,,,,,,,,,,,,,,,,,,,,,,,,,,,,,,,,,,,,,,0,32,32,32,1,,,,,,,,,,,,,,,
,,,,,,,,,,,,,,,,,,,,,,,,,2,,,ALP1120,2000.03.08,2026-05-09_10h59.33.296,BrocantoHPilot1WOSession2,2025.2.4,MacIntel,59.17159763,4154.5446,2,2,2,16.1766,1,16.4436,16.1766,4172.3927,,,,,,Ab-OBJ-N5-Ab-SBJ-N1-PUSH-TR.mp3,Ab-OBJ-N5-Ab-SBJ-N1-PUSH-TR.mp4,Ab-OBJ-N1-Aa-SBJ-N5-PUSH-TR.mp4,,,,,,,,,,,,,,,,,,,,,,,,,,,,,,,,,,,,,,,,,,,,,,,,,,,,,0,33,33,33,1,,,,,,,,,,,,,,,
,,,,,,,,,,,,,,,,,,,,,,,,,2,,,ALP1120,2000.03.08,2026-05-09_10h59.33.296,BrocantoHPilot1WOSession2,2025.2.4,MacIntel,59.17159763,4172.3939,2,2,2,15.7751,1,15.8075,15.7751,4189.7387,,,,,,Ab-SBJ-N5-HIDE-INTR.mp3,Ab-SBJ-N5-HIDE-INTR.mp4,Aa-SBJ-N5-REVEAL-INTR.mp4,,,,,,,,,,,,,,,,,,,,,,,,,,,,,,,,,,,,,,,,,,,,,,,,,,,,,0,34,34,34,1,,,,,,,,,,,,,,,
,,,,,,,,,,,,,,,,,,,,,,,,,2,,,ALP1120,2000.03.08,2026-05-09_10h59.33.296,BrocantoHPilot1WOSession2,2025.2.4,MacIntel,59.17159763,4189.7395,2,2,2,19.4505,1,19.8187,19.4505,4210.8289,,,,,,Ab-OBJ-N5-SBJ-N2-REVEAL-TR-Ab-LOC-N3.mp3,Ab-OBJ-N5-SBJ-N2-REVEAL-TR-Ab-LOC-N3.mp4,Ab-OBJ-N3-SBJ-N2-HIDE-TR-Ab-LOC-N5.mp4,,,,,,,,,,,,,,,,,,,,,,,,,,,,,,,,,,,,,,,,,,,,,,,,,,,,,0,35,35,35,1,,,,,,,,,,,,,,,
,,,,,,,,,,,,,,,,,,,,,,,,,2,,,ALP1120,2000.03.08,2026-05-09_10h59.33.296,BrocantoHPilot1WOSession2,2025.2.4,MacIntel,59.17159763,4210.8294,2,2,2,15.5401,1,15.4403,15.5401,4228.5762,,,,,,Ab-SBJ-N5-HIDE-INTR.mp3,Ab-SBJ-N5-HIDE-INTR.mp4,Ab-SBJ-N5-GO-INTR.mp4,,,,,,,,,,,,,,,,,,,,,,,,,,,,,,,,,,,,,,,,,,,,,,,,,,,,,0,36,36,36,1,,,,,,,,,,,,,,,
,,,,,,,,,,,,,,,,,,,,,,,,,2,,,ALP1120,2000.03.08,2026-05-09_10h59.33.296,BrocantoHPilot1WOSession2,2025.2.4,MacIntel,59.17159763,4228.5768,2,1,1,15.8073,1,14.9737,15.8073,4246.0562,,,,,,Ab-SBJ-N4-JUMP-INTR-LOC-N3.mp3,Ab-SBJ-N4-JUMP-INTR-LOC-N3.mp4,SBJ-N3-JUMP-INTR-Ab-LOC-N4.mp4,,,,,,,,,,,,,,,,,,,,,,,,,,,,,,,,,,,,,,,,,,,,,,,,,,,,,0,37,37,37,1,,,,,,,,,,,,,,,
,,,,,,,,,,,,,,,,,,,,,,,,,2,,,ALP1120,2000.03.08,2026-05-09_10h59.33.296,BrocantoHPilot1WOSession2,2025.2.4,MacIntel,59.17159763,4246.0568,2,1,1,16.1092,1,16.242,16.1092,4263.937,,,,,,Ab-SBJ-N4-GO-INTR-Ab-LOC-N3.mp3,Ab-SBJ-N4-GO-INTR-Ab-LOC-N3.mp4,Ab-SBJ-N3-GO-INTR-Aa-LOC-N4.mp4,,,,,,,,,,,,,,,,,,,,,,,,,,,,,,,,,,,,,,,,,,,,,,,,,,,,,0,38,38,38,1,,,,,,,,,,,,,,,
,,,,,,,,,,,,,,,,,,,,,,,,,2,,,ALP1120,2000.03.08,2026-05-09_10h59.33.296,BrocantoHPilot1WOSession2,2025.2.4,MacIntel,59.17159763,4263.9382,2,1,1,16.9107,1,15.9758,16.9107,4282.3872,,,,,,Ab-SBJ-N2-HIDE-INTR-Aa-LOC-N1.mp3,Ab-SBJ-N2-HIDE-INTR-Aa-LOC-N1.mp4,Ab-SBJ-N2-HIDE-INTR-Ab-LOC-N1.mp4,,,,,,,,,,,,,,,,,,,,,,,,,,,,,,,,,,,,,,,,,,,,,,,,,,,,,0,39,39,39,1,,,,,,,,,,,,,,,
,,,,,,,,,,,,,,,,,,,,,,,,,2,,,ALP1120,2000.03.08,2026-05-09_10h59.33.296,BrocantoHPilot1WOSession2,2025.2.4,MacIntel,59.17159763,4282.388,2,2,2,15.0381,1,15.4067,15.0381,4299.0302,,,,,,Ab-OBJ-N5-SBJ-N1-PUSH-TR-LOC-N4.mp3,Ab-OBJ-N5-SBJ-N1-PUSH-TR-LOC-N4.mp4,OBJ-N1-Ab-SBJ-N5-HIDE-TR-LOC-N4.mp4,,,,,,,,,,,,,,,,,,,,,,,,,,,,,,,,,,,,,,,,,,,,,,,,,,,,,0,40,40,40,1,,,,,,,,,,,,,,,
,,,,,,,,,,,,,,,,,,,,,,,,,2,,,ALP1120,2000.03.08,2026-05-09_10h59.33.296,BrocantoHPilot1WOSession2,2025.2.4,MacIntel,59.17159763,4299.0308,2,2,2,13.9723,1,,13.9723,4315.141,,,,,,Ab-OBJ-N5-Ab-SBJ-N3-PUSH-TR.mp3,Ab-OBJ-N5-Ab-SBJ-N3-PUSH-TR.mp4,Ab-OBJ-N3-Ab-SBJ-N5-PUSH-TR.mp4,,,,,,,,,,,,,,,,,,,,,,,,,,,,,,,,,,,,,,,,,,,,,,,,,,,,,0,41,41,41,1,,,,,,,,,,,,,,,
,,,,,,,,,,,,,,,,,,,,,,,,,2,,,ALP1120,2000.03.08,2026-05-09_10h59.33.296,BrocantoHPilot1WOSession2,2025.2.4,MacIntel,59.17159763,,,,,,,,,,,,,,,SBJ.N4 REVEAL-INTR LOC.N5,,,4319.7952,2,SBJ-N4-REVEAL-INTR-LOC-N5.mp4,N4|REVEAL|N5,HIDE|Aa|PUSH|N2|N5|N4|REVEAL,dabi|girda|timó,zsübe|gyék|vánta|murak|timó|dabi|girda,1,5.6773,19.4478,dabi girda timó,4342.5591,,,,,,SBJ-N4-REVEAL-INTR-LOC-N5.mp4,N4|REVEAL|N5,HIDE|Aa|PUSH|N2|N5|N4|REVEAL,dabi girda timó,dabi|girda|timó,zsübe|gyék|vánta|murak|timó|dabi|girda,,,,,,,,,,,,,,,,,,,,,,,,,,,,,,,,,,,0,0,0,0,1,,,,,,,,,,
,,,,,,,,,,,,,,,,,,,,,,,,,2,,,ALP1120,2000.03.08,2026-05-09_10h59.33.296,BrocantoHPilot1WOSession2,2025.2.4,MacIntel,59.17159763,,,,,,,,,,,,,,,OBJ.N5 SBJ.N4 HIDE-TR LOC.N3,,,4343.0667,2,OBJ-N5-SBJ-N4-HIDE-TR-LOC-N3.mp4,N5|N4|HIDE|N3,N3|N2|N4|HIDE|N5|N1|JUMP|Ab,timó|dabi|zsübe|zilép,zilép|murak|dabi|zsübe|timó|pekli|bonip|zsot,1,6.1159,20.521,timó dabi zsübe zilép,4366.8565,,,,,,OBJ-N5-SBJ-N4-HIDE-TR-LOC-N3.mp4,N5|N4|HIDE|N3,N3|N2|N4|HIDE|N5|N1|JUMP|Ab,timó dabi zsübe zilép,timó|dabi|zsübe|zilép,zilép|murak|dabi|zsübe|timó|pekli|bonip|zsot,,,,,,,,,,,,,,,,,,,,,,,,,,,,,,,,,,,0,1,1,1,1,,,,,,,,,,
,,,,,,,,,,,,,,,,,,,,,,,,,2,,,ALP1120,2000.03.08,2026-05-09_10h59.33.296,BrocantoHPilot1WOSession2,2025.2.4,MacIntel,59.17159763,,,,,,,,,,,,,,,SBJ.N3 REVEAL-INTR LOC.N4,,,4367.3648,2,SBJ-N3-REVEAL-INTR-LOC-N4.mp4,N3|REVEAL|N4,JUMP|Aa|GO|REVEAL|N3|N5|N4,zilép|girda|dabi,bonip|gyék|kávler|girda|zilép|timó|dabi,1,5.7146,17.0453,zilép girda dabi,4388.6792,,,,,,SBJ-N3-REVEAL-INTR-LOC-N4.mp4,N3|REVEAL|N4,JUMP|Aa|GO|REVEAL|N3|N5|N4,zilép girda dabi,zilép|girda|dabi,bonip|gyék|kávler|girda|zilép|timó|dabi,,,,,,,,,,,,,,,,,,,,,,,,,,,,,,,,,,,0,2,2,2,1,,,,,,,,,,
,,,,,,,,,,,,,,,,,,,,,,,,,2,,,ALP1120,2000.03.08,2026-05-09_10h59.33.296,BrocantoHPilot1WOSession2,2025.2.4,MacIntel,59.17159763,,,,,,,,,,,,,,,OBJ.N5 SBJ.N1 REVEAL-TR LOC.N4,,,4389.23,2,OBJ-N5-SBJ-N1-REVEAL-TR-LOC-N4.mp4,N5|N1|REVEAL|N4,Aa|PUSH|REVEAL|N5|N4|GO|N1|N3,timó|pekli|girda|dabi,gyék|vánta|girda|timó|dabi|kávler|pekli|zilép,0,6.9469,19.5814,timó zilép girda dabi,4435.1099,,,,,,OBJ-N5-SBJ-N1-REVEAL-TR-LOC-N4.mp4,N5|N1|REVEAL|N4,Aa|PUSH|REVEAL|N5|N4|GO|N1|N3,timó pekli girda dabi,timó|pekli|girda|dabi,gyék|vánta|girda|timó|dabi|kávler|pekli|zilép,,,,,,,,,,,,,,,,,,,,,,,,,,,,,,,,,,,0,3,3,3,1,,,,,,,,,,
,,,,,,,,,,,,,,,,,,,,,,,,,2,,,ALP1120,2000.03.08,2026-05-09_10h59.33.296,BrocantoHPilot1WOSession2,2025.2.4,MacIntel,59.17159763,,,,,,,,,,,,,,,SBJ.N3 JUMP-INTR,,,4435.6161,2,SBJ-N3-JUMP-INTR.mp4,N3|JUMP,REVEAL|Aa|HIDE|JUMP|N2|N3,zilép|bonip,girda|gyék|zsübe|bonip|murak|zilép,1,6.7433,9.1998,zilép bonip,4447.1156,,,,,,SBJ-N3-JUMP-INTR.mp4,N3|JUMP,REVEAL|Aa|HIDE|JUMP|N2|N3,zilép bonip,zilép|bonip,girda|gyék|zsübe|bonip|murak|zilép,,,,,,,,,,,,,,,,,,,,,,,,,,,,,,,,,,,0,4,4,4,1,,,,,,,,,,
,,,,,,,,,,,,,,,,,,,,,,,,,2,,,ALP1120,2000.03.08,2026-05-09_10h59.33.296,BrocantoHPilot1WOSession2,2025.2.4,MacIntel,59.17159763,,,,,,,,,,,,,,,OBJ.N5 Ab SBJ.N3 PUSH-TR,,,4447.629,2,OBJ-N5-Ab-SBJ-N3-PUSH-TR.mp4,N5|Ab|N3|PUSH,Ab|N5|GO|N3|HIDE|Aa|N2|PUSH,timó|zsot|zilép|vánta,zsot|timó|kávler|zilép|zsübe|gyék|murak|vánta,0,4.8854,11.7376,timó gyék zilép vánta,4463.9684,,,,,,OBJ-N5-Ab-SBJ-N3-PUSH-TR.mp4,N5|Ab|N3|PUSH,Ab|N5|GO|N3|HIDE|Aa|N2|PUSH,timó zsot zilép vánta,timó|zsot|zilép|vánta,zsot|timó|kávler|zilép|zsübe|gyék|murak|vánta,,,,,,,,,,,,,,,,,,,,,,,,,,,,,,,,,,,0,5,5,5,1,,,,,,,,,,
,,,,,,,,,,,,,,,,,,,,,,,,,2,,,ALP1120,2000.03.08,2026-05-09_10h59.33.296,BrocantoHPilot1WOSession2,2025.2.4,MacIntel,59.17159763,,,,,,,,,,,,,,,Ab SBJ.N4 HIDE-INTR,,,4464.4838,2,Ab-SBJ-N4-HIDE-INTR.mp4,Ab|N4|HIDE,Ab|JUMP|N4|HIDE|GO|N2|REVEAL,zsot|dabi|zsübe,zsot|bonip|dabi|zsübe|kávler|murak|girda,1,5.9368,9.8746,zsot dabi zsübe,4476.8247,,,,,,Ab-SBJ-N4-HIDE-INTR.mp4,Ab|N4|HIDE,Ab|JUMP|N4|HIDE|GO|N2|REVEAL,zsot dabi zsübe,zsot|dabi|zsübe,zsot|bonip|dabi|zsübe|kávler|murak|girda,,,,,,,,,,,,,,,,,,,,,,,,,,,,,,,,,,,0,6,6,6,1,,,,,,,,,,
,,,,,,,,,,,,,,,,,,,,,,,,,2,,,ALP1120,2000.03.08,2026-05-09_10h59.33.296,BrocantoHPilot1WOSession2,2025.2.4,MacIntel,59.17159763,,,,,,,,,,,,,,,SBJ.N2 REVEAL-INTR LOC.N3,,,4477.3286,2,SBJ-N2-REVEAL-INTR-LOC-N3.mp4,N2|REVEAL|N3,N3|JUMP|PUSH|N2|REVEAL|Ab|Aa,murak|girda|zilép,zilép|bonip|vánta|murak|girda|zsot|gyék,1,7.394,10.4713,murak girda zilép,4491.1513,,,,,,SBJ-N2-REVEAL-INTR-LOC-N3.mp4,N2|REVEAL|N3,N3|JUMP|PUSH|N2|REVEAL|Ab|Aa,murak girda zilép,murak|girda|zilép,zilép|bonip|vánta|murak|girda|zsot|gyék,,,,,,,,,,,,,,,,,,,,,,,,,,,,,,,,,,,0,7,7,7,1,,,,,,,,,,
,,,,,,,,,,,,,,,,,,,,,,,,,2,,,ALP1120,2000.03.08,2026-05-09_10h59.33.296,BrocantoHPilot1WOSession2,2025.2.4,MacIntel,59.17159763,,,,,,,,,,,,,,,OBJ.N5 SBJ.N3 PUSH-TR,,,4491.6691,2,OBJ-N5-SBJ-N3-PUSH-TR.mp4,N5|N3|PUSH,JUMP|N3|PUSH|N4|HIDE|N5|N1,timó|zilép|vánta,bonip|zilép|vánta|dabi|zsübe|timó|pekli,1,4.9619,9.8713,timó zilép vánta,4504.0691,,,,,,OBJ-N5-SBJ-N3-PUSH-TR.mp4,N5|N3|PUSH,JUMP|N3|PUSH|N4|HIDE|N5|N1,timó zilép vánta,timó|zilép|vánta,bonip|zilép|vánta|dabi|zsübe|timó|pekli,,,,,,,,,,,,,,,,,,,,,,,,,,,,,,,,,,,0,8,8,8,1,,,,,,,,,,
,,,,,,,,,,,,,,,,,,,,,,,,,2,,,ALP1120,2000.03.08,2026-05-09_10h59.33.296,BrocantoHPilot1WOSession2,2025.2.4,MacIntel,59.17159763,,,,,,,,,,,,,,,OBJ.N5 SBJ.N1 HIDE-TR LOC.N4,,,4504.5875,2,OBJ-N5-SBJ-N1-HIDE-TR-LOC-N4.mp4,N5|N1|HIDE|N4,GO|N3|N2|N4|HIDE|JUMP|N1|N5,timó|pekli|zsübe|dabi,kávler|zilép|murak|dabi|zsübe|bonip|pekli|timó,1,6.6095,19.7327,timó pekli zsübe dabi,4526.3304,,,,,,OBJ-N5-SBJ-N1-HIDE-TR-LOC-N4.mp4,N5|N1|HIDE|N4,GO|N3|N2|N4|HIDE|JUMP|N1|N5,timó pekli zsübe dabi,timó|pekli|zsübe|dabi,kávler|zilép|murak|dabi|zsübe|bonip|pekli|timó,,,,,,,,,,,,,,,,,,,,,,,,,,,,,,,,,,,0,9,9,9,1,,,,,,,,,,
,,,,,,,,,,,,,,,,,,,,,,,,,2,,,ALP1120,2000.03.08,2026-05-09_10h59.33.296,BrocantoHPilot1WOSession2,2025.2.4,MacIntel,59.17159763,,,,,,,,,,,,,,,OBJ.N5 SBJ.N2 REVEAL-TR LOC.N1,,,4526.853,2,OBJ-N5-SBJ-N2-REVEAL-TR-LOC-N1.mp4,N5|N2|REVEAL|N1,N1|PUSH|HIDE|REVEAL|N4|N5|Aa|N2,timó|murak|girda|pekli,pekli|vánta|zsübe|girda|dabi|timó|gyék|murak,1,7.0987,12.056,timó murak girda pekli,4541.0057,,,,,,OBJ-N5-SBJ-N2-REVEAL-TR-LOC-N1.mp4,N5|N2|REVEAL|N1,N1|PUSH|HIDE|REVEAL|N4|N5|Aa|N2,timó murak girda pekli,timó|murak|girda|pekli,pekli|vánta|zsübe|girda|dabi|timó|gyék|murak,,,,,,,,,,,,,,,,,,,,,,,,,,,,,,,,,,,0,10,10,10,1,,,,,,,,,,
,,,,,,,,,,,,,,,,,,,,,,,,,2,,,ALP1120,2000.03.08,2026-05-09_10h59.33.296,BrocantoHPilot1WOSession2,2025.2.4,MacIntel,59.17159763,,,,,,,,,,,,,,,Ab OBJ.N5 SBJ.N1 PUSH-TR,,,4541.5237,2,Ab-OBJ-N5-SBJ-N1-PUSH-TR.mp4,Ab|N5|N1|PUSH,Ab|N1|HIDE|Aa|N4|REVEAL|PUSH|N5,zsot|timó|pekli|vánta,zsot|pekli|zsübe|gyék|dabi|girda|vánta|timó,0,5.08,12.355,pekli zsot timó vánta,4558.182,,,,,,Ab-OBJ-N5-SBJ-N1-PUSH-TR.mp4,Ab|N5|N1|PUSH,Ab|N1|HIDE|Aa|N4|REVEAL|PUSH|N5,zsot timó pekli vánta,zsot|timó|pekli|vánta,zsot|pekli|zsübe|gyék|dabi|girda|vánta|timó,,,,,,,,,,,,,,,,,,,,,,,,,,,,,,,,,,,0,11,11,11,1,,,,,,,,,,
,,,,,,,,,,,,,,,,,,,,,,,,,2,,,ALP1120,2000.03.08,2026-05-09_10h59.33.296,BrocantoHPilot1WOSession2,2025.2.4,MacIntel,59.17159763,,,,,,,,,,,,,,,SBJ.N2 JUMP-INTR,,,4558.7028,2,SBJ-N2-JUMP-INTR.mp4,N2|JUMP,N4|HIDE|N2|Aa|GO|JUMP,murak|bonip,dabi|zsübe|murak|gyék|kávler|bonip,1,5.5562,8.9815,murak bonip,4570.3845,,,,,,SBJ-N2-JUMP-INTR.mp4,N2|JUMP,N4|HIDE|N2|Aa|GO|JUMP,murak bonip,murak|bonip,dabi|zsübe|murak|gyék|kávler|bonip,,,,,,,,,,,,,,,,,,,,,,,,,,,,,,,,,,,0,12,12,12,1,,,,,,,,,,
,,,,,,,,,,,,,,,,,,,,,,,,,2,,,ALP1120,2000.03.08,2026-05-09_10h59.33.296,BrocantoHPilot1WOSession2,2025.2.4,MacIntel,59.17159763,,,,,,,,,,,,,,,Ab SBJ.N1 GO-INTR,,,4570.9091,2,Ab-SBJ-N1-GO-INTR.mp4,Ab|N1|GO,N4|N2|Ab|HIDE|GO|N3|N1,zsot|pekli|kávler,dabi|murak|zsot|zsübe|kávler|zilép|pekli,1,5.0917,7.9717,zsot pekli kávler,4580.9844,,,,,,Ab-SBJ-N1-GO-INTR.mp4,Ab|N1|GO,N4|N2|Ab|HIDE|GO|N3|N1,zsot pekli kávler,zsot|pekli|kávler,dabi|murak|zsot|zsübe|kávler|zilép|pekli,,,,,,,,,,,,,,,,,,,,,,,,,,,,,,,,,,,0,13,13,13,1,,,,,,,,,,
,,,,,,,,,,,,,,,,,,,,,,,,,2,,,ALP1120,2000.03.08,2026-05-09_10h59.33.296,BrocantoHPilot1WOSession2,2025.2.4,MacIntel,59.17159763,,,,,,,,,,,,,,,OBJ.N5 Ab SBJ.N3 HIDE-TR,,,4581.493,2,OBJ-N5-Ab-SBJ-N3-HIDE-TR.mp4,N5|Ab|N3|HIDE,N5|HIDE|JUMP|Ab|N1|PUSH|N3|GO,timó|zsot|zilép|zsübe,timó|zsübe|bonip|zsot|pekli|vánta|zilép|kávler,0,7.1251,12.3365,timó zsot pekli zsübe,4597.0615,,,,,,OBJ-N5-Ab-SBJ-N3-HIDE-TR.mp4,N5|Ab|N3|HIDE,N5|HIDE|JUMP|Ab|N1|PUSH|N3|GO,timó zsot zilép zsübe,timó|zsot|zilép|zsübe,timó|zsübe|bonip|zsot|pekli|vánta|zilép|kávler,,,,,,,,,,,,,,,,,,,,,,,,,,,,,,,,,,,0,14,14,14,1,,,,,,,,,,
,,,,,,,,,,,,,,,,,,,,,,,,,2,,,ALP1120,2000.03.08,2026-05-09_10h59.33.296,BrocantoHPilot1WOSession2,2025.2.4,MacIntel,59.17159763,,,,,,,,,,,,,,,OBJ.N5 SBJ.N2 REVEAL-TR LOC.N4,,,4597.6163,2,OBJ-N5-SBJ-N2-REVEAL-TR-LOC-N4.mp4,N5|N2|REVEAL|N4,PUSH|N5|Aa|N4|HIDE|REVEAL|GO|N2,timó|murak|girda|dabi,vánta|timó|gyék|dabi|zsübe|girda|kávler|murak,1,7.1721,12.472,timó murak girda dabi,4612.8071,,,,,,OBJ-N5-SBJ-N2-REVEAL-TR-LOC-N4.mp4,N5|N2|REVEAL|N4,PUSH|N5|Aa|N4|HIDE|REVEAL|GO|N2,timó murak girda dabi,timó|murak|girda|dabi,vánta|timó|gyék|dabi|zsübe|girda|kávler|murak,,,,,,,,,,,,,,,,,,,,,,,,,,,,,,,,,,,0,15,15,15,1,,,,,,,,,,
,,,,,,,,,,,,,,,,,,,,,,,,,2,,,ALP1120,2000.03.08,2026-05-09_10h59.33.296,BrocantoHPilot1WOSession2,2025.2.4,MacIntel,59.17159763,,,,,,,,,,,,,,,Ab SBJ.N5 JUMP-INTR,,,4613.3359,2,Ab-SBJ-N5-JUMP-INTR.mp4,Ab|N5|JUMP,JUMP|N3|Aa|N2|N5|PUSH|Ab,zsot|timó|bonip,bonip|zilép|gyék|murak|timó|vánta|zsot,1,4.9792,8.3262,zsot timó bonip,4623.6596,,,,,,Ab-SBJ-N5-JUMP-INTR.mp4,Ab|N5|JUMP,JUMP|N3|Aa|N2|N5|PUSH|Ab,zsot timó bonip,zsot|timó|bonip,bonip|zilép|gyék|murak|timó|vánta|zsot,,,,,,,,,,,,,,,,,,,,,,,,,,,,,,,,,,,0,16,16,16,1,,,,,,,,,,
,,,,,,,,,,,,,,,,,,,,,,,,,2,,,ALP1120,2000.03.08,2026-05-09_10h59.33.296,BrocantoHPilot1WOSession2,2025.2.4,MacIntel,59.17159763,,,,,,,,,,,,,,,SBJ.N3 HIDE-INTR LOC.N5,,,4624.1672,2,SBJ-N3-HIDE-INTR-LOC-N5.mp4,N3|HIDE|N5,N5|HIDE|N3|PUSH|GO|JUMP|Ab,zilép|zsübe|timó,timó|zsübe|zilép|vánta|kávler|bonip|zsot,1,5.9932,12.876,zilép zsübe timó,4639.4609,,,,,,SBJ-N3-HIDE-INTR-LOC-N5.mp4,N3|HIDE|N5,N5|HIDE|N3|PUSH|GO|JUMP|Ab,zilép zsübe timó,zilép|zsübe|timó,timó|zsübe|zilép|vánta|kávler|bonip|zsot,,,,,,,,,,,,,,,,,,,,,,,,,,,,,,,,,,,0,17,17,17,1,,,,,,,,,,
,,,,,,,,,,,,,,,,,,,,,,,,,2,,,ALP1120,2000.03.08,2026-05-09_10h59.33.296,BrocantoHPilot1WOSession2,2025.2.4,MacIntel,59.17159763,,,,,,,,,,,,,,,SBJ.N3 GO-INTR LOC.N4,,,4639.9758,2,SBJ-N3-GO-INTR-LOC-N4.mp4,N3|GO|N4,N3|Ab|GO|N1|N5|N4|N2,zilép|kávler|dabi,zilép|zsot|kávler|pekli|timó|dabi|murak,1,7.0061,11.0118,zilép kávler dabi,4653.1748,,,,,,SBJ-N3-GO-INTR-LOC-N4.mp4,N3|GO|N4,N3|Ab|GO|N1|N5|N4|N2,zilép kávler dabi,zilép|kávler|dabi,zilép|zsot|kávler|pekli|timó|dabi|murak,,,,,,,,,,,,,,,,,,,,,,,,,,,,,,,,,,,0,18,18,18,1,,,,,,,,,,
,,,,,,,,,,,,,,,,,,,,,,,,,2,,,ALP1120,2000.03.08,2026-05-09_10h59.33.296,BrocantoHPilot1WOSession2,2025.2.4,MacIntel,59.17159763,,,,,,,,,,,,,,,SBJ.N4 JUMP-INTR LOC.N3,,,4653.679,2,SBJ-N4-JUMP-INTR-LOC-N3.mp4,N4|JUMP|N3,JUMP|N2|N3|HIDE|GO|N5|N4,dabi|bonip|zilép,bonip|murak|zilép|zsübe|kávler|timó|dabi,1,5.2134,9.3405,dabi bonip zilép,4666.569,,,,,,SBJ-N4-JUMP-INTR-LOC-N3.mp4,N4|JUMP|N3,JUMP|N2|N3|HIDE|GO|N5|N4,dabi bonip zilép,dabi|bonip|zilép,bonip|murak|zilép|zsübe|kávler|timó|dabi,,,,,,,,,,,,,,,,,,,,,,,,,,,,,,,,,,,0,19,19,19,1,,,,,,,,,,
,,,,,,,,,,,,,,,,,,,,,,,,,2,,,ALP1120,2000.03.08,2026-05-09_10h59.33.296,BrocantoHPilot1WOSession2,2025.2.4,MacIntel,59.17159763,,,,,,,,,,,,,,,OBJ.N5 SBJ.N1 PUSH-TR LOC.N3,,,4667.0897,2,OBJ-N5-SBJ-N1-PUSH-TR-LOC-N3.mp4,N5|N1|PUSH|N3,N3|PUSH|N5|N4|GO|N1|REVEAL|Aa,timó|pekli|vánta|zilép,zilép|vánta|timó|dabi|kávler|pekli|girda|gyék,1,4.8784,8.9684,timó pekli vánta zilép,4678.6296,,,,,,OBJ-N5-SBJ-N1-PUSH-TR-LOC-N3.mp4,N5|N1|PUSH|N3,N3|PUSH|N5|N4|GO|N1|REVEAL|Aa,timó pekli vánta zilép,timó|pekli|vánta|zilép,zilép|vánta|timó|dabi|kávler|pekli|girda|gyék,,,,,,,,,,,,,,,,,,,,,,,,,,,,,,,,,,,0,20,20,20,1,,,,,,,,,,
,,,,,,,,,,,,,,,,,,,,,,,,,2,,,ALP1120,2000.03.08,2026-05-09_10h59.33.296,BrocantoHPilot1WOSession2,2025.2.4,MacIntel,59.17159763,,,,,,,,,,,,,,,OBJ.N5 Ab SBJ.N1 REVEAL-TR,,,4679.1311,2,OBJ-N5-Ab-SBJ-N1-REVEAL-TR.mp4,N5|Ab|N1|REVEAL,Aa|N1|JUMP|N5|Ab|N2|REVEAL|GO,timó|zsot|pekli|girda,gyék|pekli|bonip|timó|zsot|murak|girda|kávler,1,5.8543,12.5196,timó zsot pekli girda,4693.91,,,,,,OBJ-N5-Ab-SBJ-N1-REVEAL-TR.mp4,N5|Ab|N1|REVEAL,Aa|N1|JUMP|N5|Ab|N2|REVEAL|GO,timó zsot pekli girda,timó|zsot|pekli|girda,gyék|pekli|bonip|timó|zsot|murak|girda|kávler,,,,,,,,,,,,,,,,,,,,,,,,,,,,,,,,,,,0,21,21,21,1,,,,,,,,,,
,,,,,,,,,,,,,,,,,,,,,,,,,2,,,ALP1120,2000.03.08,2026-05-09_10h59.33.296,BrocantoHPilot1WOSession2,2025.2.4,MacIntel,59.17159763,,,,,,,,,,,,,,,Ab OBJ.N5 Ab SBJ.N1 REVEAL-TR LOC.N2,,,4694.4232,2,Ab-OBJ-N5-Ab-SBJ-N1-REVEAL-TR-LOC-N2.mp4,Ab|N5|Ab|N1|REVEAL|N2,Ab|PUSH|N4|JUMP|REVEAL|N1|N5|N2|N3|Ab,zsot|timó|zsot|pekli|girda|murak,zsot|vánta|dabi|bonip|girda|pekli|timó|murak|zilép|zsot,0,5.4659,18.0256,timó zsot pekli girda murak,4722.1698,,,,,,Ab-OBJ-N5-Ab-SBJ-N1-REVEAL-TR-LOC-N2.mp4,Ab|N5|Ab|N1|REVEAL|N2,Ab|PUSH|N4|JUMP|REVEAL|N1|N5|N2|N3|Ab,zsot timó zsot pekli girda murak,zsot|timó|zsot|pekli|girda|murak,zsot|vánta|dabi|bonip|girda|pekli|timó|murak|zilép|zsot,,,,,,,,,,,,,,,,,,,,,,,,,,,,,,,,,,,0,22,22,22,1,,,,,,,,,,
,,,,,,,,,,,,,,,,,,,,,,,,,2,,,ALP1120,2000.03.08,2026-05-09_10h59.33.296,BrocantoHPilot1WOSession2,2025.2.4,MacIntel,59.17159763,,,,,,,,,,,,,,,SBJ.N1 REVEAL-INTR LOC.N5,,,4722.6815,2,SBJ-N1-REVEAL-INTR-LOC-N5.mp4,N1|REVEAL|N5,GO|N5|REVEAL|Aa|PUSH|Ab|N1,pekli|girda|timó,kávler|timó|girda|gyék|vánta|zsot|pekli,1,7.6187,11.9393,pekli girda timó,4737.2577,,,,,,SBJ-N1-REVEAL-INTR-LOC-N5.mp4,N1|REVEAL|N5,GO|N5|REVEAL|Aa|PUSH|Ab|N1,pekli girda timó,pekli|girda|timó,kávler|timó|girda|gyék|vánta|zsot|pekli,,,,,,,,,,,,,,,,,,,,,,,,,,,,,,,,,,,0,23,23,23,1,,,,,,,,,,
,,,,,,,,,,,,,,,,,,,,,,,,,2,,,ALP1120,2000.03.08,2026-05-09_10h59.33.296,BrocantoHPilot1WOSession2,2025.2.4,MacIntel,59.17159763,,,,,,,,,,,,,,,OBJ.N5 SBJ.N1 HIDE-TR Ab LOC.N4,,,4737.7989,2,OBJ-N5-SBJ-N1-HIDE-TR-Ab-LOC-N4.mp4,N5|N1|HIDE|Ab|N4,N1|N5|GO|PUSH|HIDE|Ab|N2|N4|N3,timó|pekli|zsübe|zsot|dabi,pekli|timó|kávler|vánta|zsübe|zsot|murak|dabi|zilép,1,6.5412,28.0088,timó pekli zsübe zsot dabi,4768.4095,,,,,,OBJ-N5-SBJ-N1-HIDE-TR-Ab-LOC-N4.mp4,N5|N1|HIDE|Ab|N4,N1|N5|GO|PUSH|HIDE|Ab|N2|N4|N3,timó pekli zsübe zsot dabi,timó|pekli|zsübe|zsot|dabi,pekli|timó|kávler|vánta|zsübe|zsot|murak|dabi|zilép,,,,,,,,,,,,,,,,,,,,,,,,,,,,,,,,,,,0,24,24,24,1,,,,,,,,,,
,,,,,,,,,,,,,,,,,,,,,,,,,2,,,ALP1120,2000.03.08,2026-05-09_10h59.33.296,BrocantoHPilot1WOSession2,2025.2.4,MacIntel,59.17159763,,,,,,,,,,,,,,,Ab SBJ.N1 REVEAL-INTR LOC.N5,,,4768.9306,2,Ab-SBJ-N1-REVEAL-INTR-LOC-N5.mp4,Ab|N1|REVEAL|N5,GO|REVEAL|HIDE|Aa|N4|N5|N1|Ab,zsot|pekli|girda|timó,kávler|girda|zsübe|gyék|dabi|timó|pekli|zsot,0,6.5575,11.5079,zsot pekli girda dabi,4783.3335,,,,,,Ab-SBJ-N1-REVEAL-INTR-LOC-N5.mp4,Ab|N1|REVEAL|N5,GO|REVEAL|HIDE|Aa|N4|N5|N1|Ab,zsot pekli girda timó,zsot|pekli|girda|timó,kávler|girda|zsübe|gyék|dabi|timó|pekli|zsot,,,,,,,,,,,,,,,,,,,,,,,,,,,,,,,,,,,0,25,25,25,1,,,,,,,,,,
,,,,,,,,,,,,,,,,,,,,,,,,,2,,,ALP1120,2000.03.08,2026-05-09_10h59.33.296,BrocantoHPilot1WOSession2,2025.2.4,MacIntel,59.17159763,,,,,,,,,,,,,,,OBJ.N5 Ab SBJ.N4 REVEAL-TR Ab LOC.N1,,,4783.8457,2,OBJ-N5-Ab-SBJ-N4-REVEAL-TR-Ab-LOC-N1.mp4,N5|Ab|N4|REVEAL|Ab|N1,PUSH|REVEAL|N2|Aa|Ab|N4|Ab|N5|N1|GO,timó|zsot|dabi|girda|zsot|pekli,vánta|girda|murak|gyék|zsot|dabi|zsot|timó|pekli|kávler,1,5.9766,20.4336,timó zsot dabi girda zsot pekli,4806.3473,,,,,,OBJ-N5-Ab-SBJ-N4-REVEAL-TR-Ab-LOC-N1.mp4,N5|Ab|N4|REVEAL|Ab|N1,PUSH|REVEAL|N2|Aa|Ab|N4|Ab|N5|N1|GO,timó zsot dabi girda zsot pekli,timó|zsot|dabi|girda|zsot|pekli,vánta|girda|murak|gyék|zsot|dabi|zsot|timó|pekli|kávler,,,,,,,,,,,,,,,,,,,,,,,,,,,,,,,,,,,0,26,26,26,1,,,,,,,,,,
,,,,,,,,,,,,,,,,,,,,,,,,,2,,,ALP1120,2000.03.08,2026-05-09_10h59.33.296,BrocantoHPilot1WOSession2,2025.2.4,MacIntel,59.17159763,,,,,,,,,,,,,,,Ab SBJ.N2 REVEAL-INTR LOC.N3,,,4806.8568,2,Ab-SBJ-N2-REVEAL-INTR-LOC-N3.mp4,Ab|N2|REVEAL|N3,Ab|HIDE|GO|REVEAL|N4|N3|Aa|N2,zsot|murak|girda|zilép,zsot|zsübe|kávler|girda|dabi|zilép|gyék|murak,1,7.0109,11.9171,zsot murak girda zilép,4821.034,,,,,,Ab-SBJ-N2-REVEAL-INTR-LOC-N3.mp4,Ab|N2|REVEAL|N3,Ab|HIDE|GO|REVEAL|N4|N3|Aa|N2,zsot murak girda zilép,zsot|murak|girda|zilép,zsot|zsübe|kávler|girda|dabi|zilép|gyék|murak,,,,,,,,,,,,,,,,,,,,,,,,,,,,,,,,,,,0,27,27,27,1,,,,,,,,,,
,,,,,,,,,,,,,,,,,,,,,,,,,2,,,ALP1120,2000.03.08,2026-05-09_10h59.33.296,BrocantoHPilot1WOSession2,2025.2.4,MacIntel,59.17159763,,,,,,,,,,,,,,,OBJ.N5 SBJ.N1 PUSH-TR,,,4821.5441,2,OBJ-N5-SBJ-N1-PUSH-TR.mp4,N5|N1|PUSH,Ab|PUSH|N5|N1|Aa|HIDE|N3,timó|pekli|vánta,zsot|vánta|timó|pekli|gyék|zsübe|zilép,0,4.9419,9.8247,timó zilép vánta,4834.2601,,,,,,OBJ-N5-SBJ-N1-PUSH-TR.mp4,N5|N1|PUSH,Ab|PUSH|N5|N1|Aa|HIDE|N3,timó pekli vánta,timó|pekli|vánta,zsot|vánta|timó|pekli|gyék|zsübe|zilép,,,,,,,,,,,,,,,,,,,,,,,,,,,,,,,,,,,0,28,28,28,1,,,,,,,,,,
,,,,,,,,,,,,,,,,,,,,,,,,,2,,,ALP1120,2000.03.08,2026-05-09_10h59.33.296,BrocantoHPilot1WOSession2,2025.2.4,MacIntel,59.17159763,,,,,,,,,,,,,,,SBJ.N2 GO-INTR,,,4834.7627,2,SBJ-N2-GO-INTR.mp4,N2|GO,N2|JUMP|PUSH|REVEAL|GO|N3,murak|kávler,murak|bonip|vánta|girda|kávler|zilép,1,6.2921,7.8204,murak kávler,4845.7607,,,,,,SBJ-N2-GO-INTR.mp4,N2|GO,N2|JUMP|PUSH|REVEAL|GO|N3,murak kávler,murak|kávler,murak|bonip|vánta|girda|kávler|zilép,,,,,,,,,,,,,,,,,,,,,,,,,,,,,,,,,,,0,29,29,29,1,,,,,,,,,,
,,,,,,,,,,,,,,,,,,,,,,,,,2,,,ALP1120,2000.03.08,2026-05-09_10h59.33.296,BrocantoHPilot1WOSession2,2025.2.4,MacIntel,59.17159763,,,,,,,,,,,,,,,OBJ.N5 SBJ.N3 HIDE-TR LOC.N1,,,4846.2767,2,OBJ-N5-SBJ-N3-HIDE-TR-LOC-N1.mp4,N5|N3|HIDE|N1,HIDE|GO|N1|JUMP|N5|N2|N3|REVEAL,timó|zilép|zsübe|pekli,zsübe|kávler|pekli|bonip|timó|murak|zilép|girda,1,6.5235,18.0294,timó zilép zsübe pekli,4866.4506,,,,,,OBJ-N5-SBJ-N3-HIDE-TR-LOC-N1.mp4,N5|N3|HIDE|N1,HIDE|GO|N1|JUMP|N5|N2|N3|REVEAL,timó zilép zsübe pekli,timó|zilép|zsübe|pekli,zsübe|kávler|pekli|bonip|timó|murak|zilép|girda,,,,,,,,,,,,,,,,,,,,,,,,,,,,,,,,,,,0,30,30,30,1,,,,,,,,,,
,,,,,,,,,,,,,,,,,,,,,,,,,2,,,ALP1120,2000.03.08,2026-05-09_10h59.33.296,BrocantoHPilot1WOSession2,2025.2.4,MacIntel,59.17159763,,,,,,,,,,,,,,,Ab OBJ.N5 Aa SBJ.N5 REVEAL-TR,,,4866.9683,2,Ab-OBJ-N5-Aa-SBJ-N5-REVEAL-TR.mp4,Ab|N5|Aa|N5|REVEAL,REVEAL|Aa|HIDE|N3|N4|N2|Ab|N5|N5,zsot|timó|gyék|timó|girda,girda|gyék|zsübe|zilép|dabi|murak|zsot|timó|timó,1,5.5968,13.727,zsot timó gyék timó girda,4882.8659,,,,,,Ab-OBJ-N5-Aa-SBJ-N5-REVEAL-TR.mp4,Ab|N5|Aa|N5|REVEAL,REVEAL|Aa|HIDE|N3|N4|N2|Ab|N5|N5,zsot timó gyék timó girda,zsot|timó|gyék|timó|girda,girda|gyék|zsübe|zilép|dabi|murak|zsot|timó|timó,,,,,,,,,,,,,,,,,,,,,,,,,,,,,,,,,,,0,31,31,31,1,,,,,,,,,,
,,,,,,,,,,,,,,,,,,,,,,,,,2,,,ALP1120,2000.03.08,2026-05-09_10h59.33.296,BrocantoHPilot1WOSession2,2025.2.4,MacIntel,59.17159763,,,,,,,,,,,,,,,Ab SBJ.N1 HIDE-INTR,,,4883.3759,2,Ab-SBJ-N1-HIDE-INTR.mp4,Ab|N1|HIDE,Ab|HIDE|Aa|N2|N3|N1|N5,zsot|pekli|zsübe,zsot|zsübe|gyék|murak|zilép|pekli|timó,1,5.8771,8.4571,zsot pekli zsübe,4894.1746,,,,,,Ab-SBJ-N1-HIDE-INTR.mp4,Ab|N1|HIDE,Ab|HIDE|Aa|N2|N3|N1|N5,zsot pekli zsübe,zsot|pekli|zsübe,zsot|zsübe|gyék|murak|zilép|pekli|timó,,,,,,,,,,,,,,,,,,,,,,,,,,,,,,,,,,,0,32,32,32,1,,,,,,,,,,
,,,,,,,,,,,,,,,,,,,,,,,,,2,,,ALP1120,2000.03.08,2026-05-09_10h59.33.296,BrocantoHPilot1WOSession2,2025.2.4,MacIntel,59.17159763,,,,,,,,,,,,,,,OBJ.N5 SBJ.N4 PUSH-TR,,,4894.6922,2,OBJ-N5-SBJ-N4-PUSH-TR.mp4,N5|N4|PUSH,N4|JUMP|Aa|PUSH|GO|N1|N5,timó|dabi|vánta,dabi|bonip|gyék|vánta|kávler|pekli|timó,1,4.9583,10.218,timó dabi vánta,4907.6267,,,,,,OBJ-N5-SBJ-N4-PUSH-TR.mp4,N5|N4|PUSH,N4|JUMP|Aa|PUSH|GO|N1|N5,timó dabi vánta,timó|dabi|vánta,dabi|bonip|gyék|vánta|kávler|pekli|timó,,,,,,,,,,,,,,,,,,,,,,,,,,,,,,,,,,,0,33,33,33,1,,,,,,,,,,
,,,,,,,,,,,,,,,,,,,,,,,,,2,,,ALP1120,2000.03.08,2026-05-09_10h59.33.296,BrocantoHPilot1WOSession2,2025.2.4,MacIntel,59.17159763,,,,,,,,,,,,,,,Ab OBJ.N5 Ab SBJ.N3 HIDE-TR Ab LOC.N1,,,4908.1428,2,Ab-OBJ-N5-Ab-SBJ-N3-HIDE-TR-Ab-LOC-N1.mp4,Ab|N5|Ab|N3|HIDE|Ab|N1,N3|Ab|N1|REVEAL|PUSH|N5|GO|Ab|HIDE|JUMP|Ab,zsot|timó|zsot|zilép|zsübe|zsot|pekli,zilép|zsot|pekli|girda|vánta|timó|kávler|zsot|zsübe|bonip|zsot,0,5.4683,21.6175,zsot timó zilép zsübe zsot pekli,4936.7102,,,,,,Ab-OBJ-N5-Ab-SBJ-N3-HIDE-TR-Ab-LOC-N1.mp4,Ab|N5|Ab|N3|HIDE|Ab|N1,N3|Ab|N1|REVEAL|PUSH|N5|GO|Ab|HIDE|JUMP|Ab,zsot timó zsot zilép zsübe zsot pekli,zsot|timó|zsot|zilép|zsübe|zsot|pekli,zilép|zsot|pekli|girda|vánta|timó|kávler|zsot|zsübe|bonip|zsot,,,,,,,,,,,,,,,,,,,,,,,,,,,,,,,,,,,0,34,34,34,1,,,,,,,,,,
,,,,,,,,,,,,,,,,,,,,,,,,,2,,,ALP1120,2000.03.08,2026-05-09_10h59.33.296,BrocantoHPilot1WOSession2,2025.2.4,MacIntel,59.17159763,,,,,,,,,,,,,,,Ab SBJ.N3 JUMP-INTR,,,4937.2191,2,Ab-SBJ-N3-JUMP-INTR.mp4,Ab|N3|JUMP,PUSH|REVEAL|N3|N1|JUMP|Ab|Aa,zsot|zilép|bonip,vánta|girda|zilép|pekli|bonip|zsot|gyék,1,6.8554,10.1603,zsot zilép bonip,4949.8545,,,,,,Ab-SBJ-N3-JUMP-INTR.mp4,Ab|N3|JUMP,PUSH|REVEAL|N3|N1|JUMP|Ab|Aa,zsot zilép bonip,zsot|zilép|bonip,vánta|girda|zilép|pekli|bonip|zsot|gyék,,,,,,,,,,,,,,,,,,,,,,,,,,,,,,,,,,,0,35,35,35,1,,,,,,,,,,
,,,,,,,,,,,,,,,,,,,,,,,,,2,,,ALP1120,2000.03.08,2026-05-09_10h59.33.296,BrocantoHPilot1WOSession2,2025.2.4,MacIntel,59.17159763,,,,,,,,,,,,,,,SBJ.N5 GO-INTR,,,4950.3716,2,SBJ-N5-GO-INTR.mp4,N5|GO,Ab|N2|JUMP|N4|N5|GO,timó|kávler,zsot|murak|bonip|dabi|timó|kávler,1,6.4973,10.5814,timó kávler,4963.1824,,,,,,SBJ-N5-GO-INTR.mp4,N5|GO,Ab|N2|JUMP|N4|N5|GO,timó kávler,timó|kávler,zsot|murak|bonip|dabi|timó|kávler,,,,,,,,,,,,,,,,,,,,,,,,,,,,,,,,,,,0,36,36,36,1,,,,,,,,,,
,,,,,,,,,,,,,,,,,,,,,,,,,2,,,ALP1120,2000.03.08,2026-05-09_10h59.33.296,BrocantoHPilot1WOSession2,2025.2.4,MacIntel,59.17159763,,,,,,,,,,,,,,,Aa SBJ.N2 HIDE-INTR Ab LOC.N5,,,4963.69,2,Aa-SBJ-N2-HIDE-INTR-Ab-LOC-N5.mp4,Aa|N2|HIDE|Ab|N5,N4|Aa|PUSH|JUMP|Ab|N2|N5|N3|HIDE,gyék|murak|zsübe|zsot|timó,dabi|gyék|vánta|bonip|zsot|murak|timó|zilép|zsübe,1,7.2607,23.6663,gyék murak zsübe zsot timó,4990.1381,,,,,,Aa-SBJ-N2-HIDE-INTR-Ab-LOC-N5.mp4,Aa|N2|HIDE|Ab|N5,N4|Aa|PUSH|JUMP|Ab|N2|N5|N3|HIDE,gyék murak zsübe zsot timó,gyék|murak|zsübe|zsot|timó,dabi|gyék|vánta|bonip|zsot|murak|timó|zilép|zsübe,,,,,,,,,,,,,,,,,,,,,,,,,,,,,,,,,,,0,37,37,37,1,,,,,,,,,,
,,,,,,,,,,,,,,,,,,,,,,,,,2,,,ALP1120,2000.03.08,2026-05-09_10h59.33.296,BrocantoHPilot1WOSession2,2025.2.4,MacIntel,59.17159763,,,,,,,,,,,,,,,Ab SBJ.N1 JUMP-INTR Aa LOC.N4,,,4990.6457,2,Ab-SBJ-N1-JUMP-INTR-Aa-LOC-N4.mp4,Ab|N1|JUMP|Aa|N4,Aa|N1|N3|JUMP|Ab|GO|N4|N2|REVEAL,zsot|pekli|bonip|gyék|dabi,gyék|pekli|zilép|bonip|zsot|kávler|dabi|murak|girda,1,6.4268,30.9057,zsot pekli bonip gyék dabi,5023.8431,,,,,,Ab-SBJ-N1-JUMP-INTR-Aa-LOC-N4.mp4,Ab|N1|JUMP|Aa|N4,Aa|N1|N3|JUMP|Ab|GO|N4|N2|REVEAL,zsot pekli bonip gyék dabi,zsot|pekli|bonip|gyék|dabi,gyék|pekli|zilép|bonip|zsot|kávler|dabi|murak|girda,,,,,,,,,,,,,,,,,,,,,,,,,,,,,,,,,,,0,38,38,38,1,,,,,,,,,,
,,,,,,,,,,,,,,,,,,,,,,,,,2,,,ALP1120,2000.03.08,2026-05-09_10h59.33.296,BrocantoHPilot1WOSession2,2025.2.4,MacIntel,59.17159763,,,,,,,,,,,,,,,Aa SBJ.N1 JUMP-INTR LOC.N4,,,5024.3518,2,Aa-SBJ-N1-JUMP-INTR-LOC-N4.mp4,Aa|N1|JUMP|N4,GO|N4|N1|Ab|HIDE|JUMP|Aa|PUSH,gyék|pekli|bonip|dabi,kávler|dabi|pekli|zsot|zsübe|bonip|gyék|vánta,1,5.2731,10.3834,gyék pekli bonip dabi,5037.02,,,,,,Aa-SBJ-N1-JUMP-INTR-LOC-N4.mp4,Aa|N1|JUMP|N4,GO|N4|N1|Ab|HIDE|JUMP|Aa|PUSH,gyék pekli bonip dabi,gyék|pekli|bonip|dabi,kávler|dabi|pekli|zsot|zsübe|bonip|gyék|vánta,,,,,,,,,,,,,,,,,,,,,,,,,,,,,,,,,,,0,39,39,39,1,,,,,,,,,,
,,,,,,,,,,,,,,,,,,,,,,,,,2,,,ALP1120,2000.03.08,2026-05-09_10h59.33.296,BrocantoHPilot1WOSession2,2025.2.4,MacIntel,59.17159763,,,,,,,,,,,,,,,OBJ.N5 SBJ.N4 PUSH-TR Ab LOC.N3,,,5037.5397,2,OBJ-N5-SBJ-N4-PUSH-TR-Ab-LOC-N3.mp4,N5|N4|PUSH|Ab|N3,Ab|Aa|N3|GO|HIDE|N4|PUSH|N5|N2,timó|dabi|vánta|zsot|zilép,zsot|gyék|zilép|kávler|zsübe|dabi|vánta|timó|murak,0,5.591,20.5188,murak dabi vánta zsot zilép,5060.5319,,,,,,OBJ-N5-SBJ-N4-PUSH-TR-Ab-LOC-N3.mp4,N5|N4|PUSH|Ab|N3,Ab|Aa|N3|GO|HIDE|N4|PUSH|N5|N2,timó dabi vánta zsot zilép,timó|dabi|vánta|zsot|zilép,zsot|gyék|zilép|kávler|zsübe|dabi|vánta|timó|murak,,,,,,,,,,,,,,,,,,,,,,,,,,,,,,,,,,,0,40,40,40,1,,,,,,,,,,
,,,,,,,,,,,,,,,,,,,,,,,,,2,,,ALP1120,2000.03.08,2026-05-09_10h59.33.296,BrocantoHPilot1WOSession2,2025.2.4,MacIntel,59.17159763,,,,,,,,,,,,,,,Ab OBJ.N5 Ab SBJ.N1 REVEAL-TR,,,5061.0373,2,Ab-OBJ-N5-Ab-SBJ-N1-REVEAL-TR.mp4,Ab|N5|Ab|N1|REVEAL,Aa|JUMP|PUSH|Ab|REVEAL|N1|Ab|N5|HIDE,zsot|timó|zsot|pekli|girda,gyék|bonip|vánta|zsot|girda|pekli|zsot|timó|zsübe,1,6.7244,14.7538,zsot timó zsot pekli girda,5078.134,,,,,,Ab-OBJ-N5-Ab-SBJ-N1-REVEAL-TR.mp4,Ab|N5|Ab|N1|REVEAL,Aa|JUMP|PUSH|Ab|REVEAL|N1|Ab|N5|HIDE,zsot timó zsot pekli girda,zsot|timó|zsot|pekli|girda,gyék|bonip|vánta|zsot|girda|pekli|zsot|timó|zsübe,,,,,,,,,,,,,,,,,,,,,,,,,,,,,,,,,,,0,41,41,41,1,,,,,,,,,,
,,,,,,,,,,,,,,,,,,,,,,,,,2,,,ALP1120,2000.03.08,2026-05-09_10h59.33.296,BrocantoHPilot1WOSession2,2025.2.4,MacIntel,59.17159763,,,,,,,,,,,,,,,,,,,,,,,,,,,,,,,,,,,,,,,,,5081.9941,chunkTest_s2,0,2,N3-HIDE.mp3,16,5.1264,6,2,3.0773,10.7233,5093.6658,,,,,,N3-HIDE.mp3,16,,,,,,,,,,,,,,,,,,,,,0,0,0,8,1,,,,,
,,,,,,,,,,,,,,,,,,,,,,,,,2,,,ALP1120,2000.03.08,2026-05-09_10h59.33.296,BrocantoHPilot1WOSession2,2025.2.4,MacIntel,59.17159763,,,,,,,,,,,,,,,,,,,,,,,,,,,,,,,,,,,,,,,,,5094.1737,chunkTest_s2,1,2,N3-GO.mp3,6,0.5513,6,1,2.8574,5.8419,5100.7234,,,,,,N3-GO.mp3,6,,,,,,,,,,,,,,,,,,,,,0,1,1,12,1,,,,,
,,,,,,,,,,,,,,,,,,,,,,,,,2,,,ALP1120,2000.03.08,2026-05-09_10h59.33.296,BrocantoHPilot1WOSession2,2025.2.4,MacIntel,59.17159763,,,,,,,,,,,,,,,,,,,,,,,,,,,,,,,,,,,,,,,,,5101.2405,chunkTest_s2,2,2,JUMP-N4.mp3,2,0.6354,2,1,2.4815,6.8205,5108.8654,,,,,,JUMP-N4.mp3,2,,,,,,,,,,,,,,,,,,,,,0,2,2,13,1,,,,,
,,,,,,,,,,,,,,,,,,,,,,,,,2,,,ALP1120,2000.03.08,2026-05-09_10h59.33.296,BrocantoHPilot1WOSession2,2025.2.4,MacIntel,59.17159763,,,,,,,,,,,,,,,,,,,,,,,,,,,,,,,,,,,,,,,,,5109.3819,chunkTest_s2,3,2,N1-N5.mp3,0,4.0633,1,1,5.8355,7.3225,5117.6137,,,,,,N1-N5.mp3,0,,,,,,,,,,,,,,,,,,,,,0,3,3,0,1,,,,,
,,,,,,,,,,,,,,,,,,,,,,,,,2,,,ALP1120,2000.03.08,2026-05-09_10h59.33.296,BrocantoHPilot1WOSession2,2025.2.4,MacIntel,59.17159763,,,,,,,,,,,,,,,,,,,,,,,,,,,,,,,,,,,,,,,,,5118.1189,chunkTest_s2,4,2,REVEAL-GO.mp3,0,0.6745,1,1,2.6861,6.4675,5125.436,,,,,,REVEAL-GO.mp3,0,,,,,,,,,,,,,,,,,,,,,0,4,4,19,1,,,,,
,,,,,,,,,,,,,,,,,,,,,,,,,2,,,ALP1120,2000.03.08,2026-05-09_10h59.33.296,BrocantoHPilot1WOSession2,2025.2.4,MacIntel,59.17159763,,,,,,,,,,,,,,,,,,,,,,,,,,,,,,,,,,,,,,,,,5125.9399,chunkTest_s2,5,2,JUMP-N2.mp3,3,0.6113,1,1,2.4335,3.3664,5129.9602,,,,,,JUMP-N2.mp3,3,,,,,,,,,,,,,,,,,,,,,0,5,5,10,1,,,,,
,,,,,,,,,,,,,,,,,,,,,,,,,2,,,ALP1120,2000.03.08,2026-05-09_10h59.33.296,BrocantoHPilot1WOSession2,2025.2.4,MacIntel,59.17159763,,,,,,,,,,,,,,,,,,,,,,,,,,,,,,,,,,,,,,,,,5130.4696,chunkTest_s2,6,2,GO-N3.mp3,2,2.6504,1,1,4.7582,4.8056,5136.2428,,,,,,GO-N3.mp3,2,,,,,,,,,,,,,,,,,,,,,0,6,6,9,1,,,,,
,,,,,,,,,,,,,,,,,,,,,,,,,2,,,ALP1120,2000.03.08,2026-05-09_10h59.33.296,BrocantoHPilot1WOSession2,2025.2.4,MacIntel,59.17159763,,,,,,,,,,,,,,,,,,,,,,,,,,,,,,,,,,,,,,,,,5136.7511,chunkTest_s2,7,2,N1-N4.mp3,0,1.2633,1,2,2.9661,4.2864,5141.6861,,,,,,N1-N4.mp3,0,,,,,,,,,,,,,,,,,,,,,0,7,7,3,1,,,,,
,,,,,,,,,,,,,,,,,,,,,,,,,2,,,ALP1120,2000.03.08,2026-05-09_10h59.33.296,BrocantoHPilot1WOSession2,2025.2.4,MacIntel,59.17159763,,,,,,,,,,,,,,,,,,,,,,,,,,,,,,,,,,,,,,,,,5142.1995,chunkTest_s2,8,2,N2-REVEAL.mp3,16,0.5159,6,1,2.216,4.2517,5148.471,,,,,,N2-REVEAL.mp3,16,,,,,,,,,,,,,,,,,,,,,0,8,8,14,1,,,,,
,,,,,,,,,,,,,,,,,,,,,,,,,2,,,ALP1120,2000.03.08,2026-05-09_10h59.33.296,BrocantoHPilot1WOSession2,2025.2.4,MacIntel,59.17159763,,,,,,,,,,,,,,,,,,,,,,,,,,,,,,,,,,,,,,,,,5148.9717,chunkTest_s2,9,2,PUSH-N4.mp3,6,2.4517,2,1,3.8448,6.4914,5156.1966,,,,,,PUSH-N4.mp3,6,,,,,,,,,,,,,,,,,,,,,0,9,9,15,1,,,,,
,,,,,,,,,,,,,,,,,,,,,,,,,2,,,ALP1120,2000.03.08,2026-05-09_10h59.33.296,BrocantoHPilot1WOSession2,2025.2.4,MacIntel,59.17159763,,,,,,,,,,,,,,,,,,,,,,,,,,,,,,,,,,,,,,,,,5156.7062,chunkTest_s2,10,2,HIDE-GO.mp3,0,2.8469,1,3,5.9287,10.0209,5167.365,,,,,,HIDE-GO.mp3,0,,,,,,,,,,,,,,,,,,,,,0,10,10,17,1,,,,,
,,,,,,,,,,,,,,,,,,,,,,,,,2,,,ALP1120,2000.03.08,2026-05-09_10h59.33.296,BrocantoHPilot1WOSession2,2025.2.4,MacIntel,59.17159763,,,,,,,,,,,,,,,,,,,,,,,,,,,,,,,,,,,,,,,,,5167.8702,chunkTest_s2,11,2,HIDE-HIDE.mp3,0,0.4831,1,1,2.217,2.7403,5171.2664,,,,,,HIDE-HIDE.mp3,0,,,,,,,,,,,,,,,,,,,,,0,11,11,2,1,,,,,
,,,,,,,,,,,,,,,,,,,,,,,,,2,,,ALP1120,2000.03.08,2026-05-09_10h59.33.296,BrocantoHPilot1WOSession2,2025.2.4,MacIntel,59.17159763,,,,,,,,,,,,,,,,,,,,,,,,,,,,,,,,,,,,,,,,,5171.7739,chunkTest_s2,12,2,N2-N4.mp3,0,3.7529,1,1,5.3941,6.4248,5178.8429,,,,,,N2-N4.mp3,0,,,,,,,,,,,,,,,,,,,,,0,12,12,5,1,,,,,
,,,,,,,,,,,,,,,,,,,,,,,,,2,,,ALP1120,2000.03.08,2026-05-09_10h59.33.296,BrocantoHPilot1WOSession2,2025.2.4,MacIntel,59.17159763,,,,,,,,,,,,,,,,,,,,,,,,,,,,,,,,,,,,,,,,,5179.3507,chunkTest_s2,13,2,PUSH-HIDE.mp3,0,0.7762,1,1,2.5811,5.9552,5186.1108,,,,,,PUSH-HIDE.mp3,0,,,,,,,,,,,,,,,,,,,,,0,13,13,1,1,,,,,
,,,,,,,,,,,,,,,,,,,,,,,,,2,,,ALP1120,2000.03.08,2026-05-09_10h59.33.296,BrocantoHPilot1WOSession2,2025.2.4,MacIntel,59.17159763,,,,,,,,,,,,,,,,,,,,,,,,,,,,,,,,,,,,,,,,,5186.6177,chunkTest_s2,14,2,N4-N1.mp3,0,0.5105,1,1,2.4058,2.8881,5190.1628,,,,,,N4-N1.mp3,0,,,,,,,,,,,,,,,,,,,,,0,14,14,18,1,,,,,
,,,,,,,,,,,,,,,,,,,,,,,,,2,,,ALP1120,2000.03.08,2026-05-09_10h59.33.296,BrocantoHPilot1WOSession2,2025.2.4,MacIntel,59.17159763,,,,,,,,,,,,,,,,,,,,,,,,,,,,,,,,,,,,,,,,,5190.6645,chunkTest_s2,15,2,GO-N1.mp3,1,0.5045,1,1,2.5183,2.8143,5194.1902,,,,,,GO-N1.mp3,1,,,,,,,,,,,,,,,,,,,,,0,15,15,11,1,,,,,
,,,,,,,,,,,,,,,,,,,,,,,,,2,,,ALP1120,2000.03.08,2026-05-09_10h59.33.296,BrocantoHPilot1WOSession2,2025.2.4,MacIntel,59.17159763,,,,,,,,,,,,,,,,,,,,,,,,,,,,,,,,,,,,,,,,,5194.707,chunkTest_s2,16,2,PUSH-N2.mp3,6,0.6066,1,1,2.2529,2.9692,5198.9378,,,,,,PUSH-N2.mp3,6,,,,,,,,,,,,,,,,,,,,,0,16,16,16,1,,,,,
,,,,,,,,,,,,,,,,,,,,,,,,,2,,,ALP1120,2000.03.08,2026-05-09_10h59.33.296,BrocantoHPilot1WOSession2,2025.2.4,MacIntel,59.17159763,,,,,,,,,,,,,,,,,,,,,,,,,,,,,,,,,,,,,,,,,5199.4385,chunkTest_s2,17,2,JUMP-REVEAL.mp3,0,3.2524,1,3,6.2911,8.8503,5209.0939,,,,,,JUMP-REVEAL.mp3,0,,,,,,,,,,,,,,,,,,,,,0,17,17,7,1,,,,,
,,,,,,,,,,,,,,,,,,,,,,,,,2,,,ALP1120,2000.03.08,2026-05-09_10h59.33.296,BrocantoHPilot1WOSession2,2025.2.4,MacIntel,59.17159763,,,,,,,,,,,,,,,,,,,,,,,,,,,,,,,,,,,,,,,,,5209.5966,chunkTest_s2,18,2,N3-N5.mp3,0,0.5815,1,1,2.6531,3.128,5213.3117,,,,,,N3-N5.mp3,0,,,,,,,,,,,,,,,,,,,,,0,18,18,6,1,,,,,
,,,,,,,,,,,,,,,,,,,,,,,,,2,,,ALP1120,2000.03.08,2026-05-09_10h59.33.296,BrocantoHPilot1WOSession2,2025.2.4,MacIntel,59.17159763,,,,,,,,,,,,,,,,,,,,,,,,,,,,,,,,,,,,,,,,,5213.8234,chunkTest_s2,19,2,HIDE-Aa.mp3,1,0.4116,1,1,3.5382,6.4938,5226.0631,,,,,,HIDE-Aa.mp3,1,,,,,,,,,,,,,,,,,,,,,0,19,19,4,1,,,,,
,,,,,,,,,,,,,,,,,,,,,,,,,2,,,ALP1120,2000.03.08,2026-05-09_10h59.33.296,BrocantoHPilot1WOSession2,2025.2.4,MacIntel,59.17159763,,,,,,,,,,,,,,,,,,,,,,,,,,,,,,,,,,,,,,,,,5232.0758,GJTest_s2,0,2,OBJ-N4-Ab-SBJ-N3-REVEAL-TR-Aa-LOC-N5-LOC-N1.mp3,,10.1516,2,2,5.8897,19.0081,5251.806,,,,,,OBJ-N4-Ab-SBJ-N3-REVEAL-TR-Aa-LOC-N5-LOC-N1.mp3,,,,,,,,,,,,,,,,,,,,,,,,,,,0,0,0,19,1
,,,,,,,,,,,,,,,,,,,,,,,,,2,,,ALP1120,2000.03.08,2026-05-09_10h59.33.296,BrocantoHPilot1WOSession2,2025.2.4,MacIntel,59.17159763,,,,,,,,,,,,,,,,,,,,,,,,,,,,,,,,,,,,,,,,,5252.3107,GJTest_s2,1,2,OBJ-N5-SBJ-N2-HIDE-TR-Ab.mp3,,0.5515,1,1,3.1884,10.0976,5263.6345,,,,,,OBJ-N5-SBJ-N2-HIDE-TR-Ab.mp3,,,,,,,,,,,,,,,,,,,,,,,,,,,0,1,1,11,1
,,,,,,,,,,,,,,,,,,,,,,,,,2,,,ALP1120,2000.03.08,2026-05-09_10h59.33.296,BrocantoHPilot1WOSession2,2025.2.4,MacIntel,59.17159763,,,,,,,,,,,,,,,,,,,,,,,,,,,,,,,,,,,,,,,,,5264.1451,GJTest_s2,2,2,Ab-SBJ-N2-GO-INTR-LOC-N4.mp3,0,0.5506,6,1,4.1061,6.0043,5272.3872,,,,,,Ab-SBJ-N2-GO-INTR-LOC-N4.mp3,0,,,,,,,,,,,,,,,,,,,,,,,,,,0,2,2,8,1
,,,,,,,,,,,,,,,,,,,,,,,,,2,,,ALP1120,2000.03.08,2026-05-09_10h59.33.296,BrocantoHPilot1WOSession2,2025.2.4,MacIntel,59.17159763,,,,,,,,,,,,,,,,,,,,,,,,,,,,,,,,,,,,,,,,,5272.8988,GJTest_s2,3,2,JUMP-INTR-LOC-N1.mp3,,0.4919,1,1,2.4078,4.0278,5280.8743,,,,,,JUMP-INTR-LOC-N1.mp3,,,,,,,,,,,,,,,,,,,,,,,,,,,0,3,3,10,1
,,,,,,,,,,,,,,,,,,,,,,,,,2,,,ALP1120,2000.03.08,2026-05-09_10h59.33.296,BrocantoHPilot1WOSession2,2025.2.4,MacIntel,59.17159763,,,,,,,,,,,,,,,,,,,,,,,,,,,,,,,,,,,,,,,,,5281.3882,GJTest_s2,4,2,OBJ-N5-SBJ-N1-PUSH-TR.mp3,5,0.5218,6,1,3.2885,7.0869,5291.3092,,,,,,OBJ-N5-SBJ-N1-PUSH-TR.mp3,5,,,,,,,,,,,,,,,,,,,,,,,,,,0,4,4,4,1
,,,,,,,,,,,,,,,,,,,,,,,,,2,,,ALP1120,2000.03.08,2026-05-09_10h59.33.296,BrocantoHPilot1WOSession2,2025.2.4,MacIntel,59.17159763,,,,,,,,,,,,,,,,,,,,,,,,,,,,,,,,,,,,,,,,,5291.8155,GJTest_s2,5,2,Ab-OBJ-N4-SBJ-N3-REVEAL-TR-Aa-LOC-N5.mp3,0,1.0748,6,1,5.2837,15.0856,5307.5786,,,,,,Ab-OBJ-N4-SBJ-N3-REVEAL-TR-Aa-LOC-N5.mp3,0,,,,,,,,,,,,,,,,,,,,,,,,,,0,5,5,9,1
,,,,,,,,,,,,,,,,,,,,,,,,,2,,,ALP1120,2000.03.08,2026-05-09_10h59.33.296,BrocantoHPilot1WOSession2,2025.2.4,MacIntel,59.17159763,,,,,,,,,,,,,,,,,,,,,,,,,,,,,,,,,,,,,,,,,5308.0928,GJTest_s2,6,2,OBJ-N1-SBJ-N4-JUMP-INTR-Aa.mp3,,0.8633,1,1,3.7601,9.3402,5318.3808,,,,,,OBJ-N1-SBJ-N4-JUMP-INTR-Aa.mp3,,,,,,,,,,,,,,,,,,,,,,,,,,,0,6,6,16,1
,,,,,,,,,,,,,,,,,,,,,,,,,2,,,ALP1120,2000.03.08,2026-05-09_10h59.33.296,BrocantoHPilot1WOSession2,2025.2.4,MacIntel,59.17159763,,,,,,,,,,,,,,,,,,,,,,,,,,,,,,,,,,,,,,,,,5318.8888,GJTest_s2,7,2,SBJ-N5-JUMP-INTR.mp3,4,0.665,6,1,2.3373,3.5504,5323.3053,,,,,,SBJ-N5-JUMP-INTR.mp3,4,,,,,,,,,,,,,,,,,,,,,,,,,,0,7,7,3,1
,,,,,,,,,,,,,,,,,,,,,,,,,2,,,ALP1120,2000.03.08,2026-05-09_10h59.33.296,BrocantoHPilot1WOSession2,2025.2.4,MacIntel,59.17159763,,,,,,,,,,,,,,,,,,,,,,,,,,,,,,,,,,,,,,,,,5323.8195,GJTest_s2,8,2,OBJ-N1-SBJ-N5-JUMP-INTR.mp3,,0.4986,2,1,2.9683,7.7865,5332.4261,,,,,,OBJ-N1-SBJ-N5-JUMP-INTR.mp3,,,,,,,,,,,,,,,,,,,,,,,,,,,0,8,8,13,1
,,,,,,,,,,,,,,,,,,,,,,,,,2,,,ALP1120,2000.03.08,2026-05-09_10h59.33.296,BrocantoHPilot1WOSession2,2025.2.4,MacIntel,59.17159763,,,,,,,,,,,,,,,,,,,,,,,,,,,,,,,,,,,,,,,,,5332.9288,GJTest_s2,9,2,SBJ-N2-JUMP-INTR-LOC-N1.mp3,1,0.7919,6,1,3.922,4.4121,5338.5213,,,,,,SBJ-N2-JUMP-INTR-LOC-N1.mp3,1,,,,,,,,,,,,,,,,,,,,,,,,,,0,9,9,0,1
,,,,,,,,,,,,,,,,,,,,,,,,,2,,,ALP1120,2000.03.08,2026-05-09_10h59.33.296,BrocantoHPilot1WOSession2,2025.2.4,MacIntel,59.17159763,,,,,,,,,,,,,,,,,,,,,,,,,,,,,,,,,,,,,,,,,5339.0306,GJTest_s2,10,2,OBJ-N5-SBJ-N2-Ab-HIDE-TR-Ab-LOC-N1-LOC-N3.mp3,,0.8649,1,1,10.4858,11.7759,5358.8454,,,,,,OBJ-N5-SBJ-N2-Ab-HIDE-TR-Ab-LOC-N1-LOC-N3.mp3,,,,,,,,,,,,,,,,,,,,,,,,,,,0,10,10,15,1
,,,,,,,,,,,,,,,,,,,,,,,,,2,,,ALP1120,2000.03.08,2026-05-09_10h59.33.296,BrocantoHPilot1WOSession2,2025.2.4,MacIntel,59.17159763,,,,,,,,,,,,,,,,,,,,,,,,,,,,,,,,,,,,,,,,,5359.3487,GJTest_s2,11,2,SBJ-N1-PUSH-TR.mp3,,1.3377,2,1,3.2115,4.9206,5364.9989,,,,,,SBJ-N1-PUSH-TR.mp3,,,,,,,,,,,,,,,,,,,,,,,,,,,0,11,11,14,1
,,,,,,,,,,,,,,,,,,,,,,,,,2,,,ALP1120,2000.03.08,2026-05-09_10h59.33.296,BrocantoHPilot1WOSession2,2025.2.4,MacIntel,59.17159763,,,,,,,,,,,,,,,,,,,,,,,,,,,,,,,,,,,,,,,,,5365.5128,GJTest_s2,12,2,OBJ-N1-SBJ-N2-Ab-GO-INTR-LOC-N4.mp3,,0.9289,1,1,4.837,12.2692,5378.7822,,,,,,OBJ-N1-SBJ-N2-Ab-GO-INTR-LOC-N4.mp3,,,,,,,,,,,,,,,,,,,,,,,,,,,0,12,12,18,1
,,,,,,,,,,,,,,,,,,,,,,,,,2,,,ALP1120,2000.03.08,2026-05-09_10h59.33.296,BrocantoHPilot1WOSession2,2025.2.4,MacIntel,59.17159763,,,,,,,,,,,,,,,,,,,,,,,,,,,,,,,,,,,,,,,,,5379.2831,GJTest_s2,13,2,SBJ-N1-Aa-HIDE-INTR-Ab-LOC-N5-LOC-N2.mp3,,1.2826,2,1,5.1406,12.2696,5392.6976,,,,,,SBJ-N1-Aa-HIDE-INTR-Ab-LOC-N5-LOC-N2.mp3,,,,,,,,,,,,,,,,,,,,,,,,,,,0,13,13,17,1
,,,,,,,,,,,,,,,,,,,,,,,,,2,,,ALP1120,2000.03.08,2026-05-09_10h59.33.296,BrocantoHPilot1WOSession2,2025.2.4,MacIntel,59.17159763,,,,,,,,,,,,,,,,,,,,,,,,,,,,,,,,,,,,,,,,,5393.203,GJTest_s2,14,2,OBJ-N5-Ab-SBJ-N2-HIDE-TR-Ab-LOC-N1.mp3,0,1.3351,6,1,5.3714,8.4701,5403.055,,,,,,OBJ-N5-Ab-SBJ-N2-HIDE-TR-Ab-LOC-N1.mp3,0,,,,,,,,,,,,,,,,,,,,,,,,,,0,14,14,5,1
,,,,,,,,,,,,,,,,,,,,,,,,,2,,,ALP1120,2000.03.08,2026-05-09_10h59.33.296,BrocantoHPilot1WOSession2,2025.2.4,MacIntel,59.17159763,,,,,,,,,,,,,,,,,,,,,,,,,,,,,,,,,,,,,,,,,5403.5674,GJTest_s2,15,2,Ab-OBJ-N5-SBJ-N2-HIDE-TR.mp3,3,1.3526,6,1,3.8496,8.2249,5412.4319,,,,,,Ab-OBJ-N5-SBJ-N2-HIDE-TR.mp3,3,,,,,,,,,,,,,,,,,,,,,,,,,,0,15,15,1,1
,,,,,,,,,,,,,,,,,,,,,,,,,2,,,ALP1120,2000.03.08,2026-05-09_10h59.33.296,BrocantoHPilot1WOSession2,2025.2.4,MacIntel,59.17159763,,,,,,,,,,,,,,,,,,,,,,,,,,,,,,,,,,,,,,,,,5412.9397,GJTest_s2,16,2,OBJ-N5-SBJ-N1-HIDE-TR-LOC-N2.mp3,6,1.3792,6,1,4.2722,4.9115,5418.5875,,,,,,OBJ-N5-SBJ-N1-HIDE-TR-LOC-N2.mp3,6,,,,,,,,,,,,,,,,,,,,,,,,,,0,16,16,2,1
,,,,,,,,,,,,,,,,,,,,,,,,,2,,,ALP1120,2000.03.08,2026-05-09_10h59.33.296,BrocantoHPilot1WOSession2,2025.2.4,MacIntel,59.17159763,,,,,,,,,,,,,,,,,,,,,,,,,,,,,,,,,,,,,,,,,5419.0898,GJTest_s2,17,2,Aa-SBJ-N4-JUMP-INTR.mp3,0,0.6108,2,1,2.6436,6.3598,5426.2745,,,,,,Aa-SBJ-N4-JUMP-INTR.mp3,0,,,,,,,,,,,,,,,,,,,,,,,,,,0,17,17,6,1
,,,,,,,,,,,,,,,,,,,,,,,,,2,,,ALP1120,2000.03.08,2026-05-09_10h59.33.296,BrocantoHPilot1WOSession2,2025.2.4,MacIntel,59.17159763,,,,,,,,,,,,,,,,,,,,,,,,,,,,,,,,,,,,,,,,,5426.7788,GJTest_s2,18,2,Aa-SBJ-N1-HIDE-INTR-Ab-LOC-N5.mp3,0,0.6035,6,1,4.1208,10.2047,5437.5673,,,,,,Aa-SBJ-N1-HIDE-INTR-Ab-LOC-N5.mp3,0,,,,,,,,,,,,,,,,,,,,,,,,,,0,18,18,7,1
,,,,,,,,,,,,,,,,,,,,,,,,,2,,,ALP1120,2000.03.08,2026-05-09_10h59.33.296,BrocantoHPilot1WOSession2,2025.2.4,MacIntel,59.17159763,,,,,,,,,,,,,,,,,,,,,,,,,,,,,,,,,,,,,,,,,5438.073,GJTest_s2,19,2,OBJ-N5-SBJ-N1-HIDE-TR-LOC-N2-LOC-N3.mp3,,0.8529,2,1,4.756,8.6814,5447.5843,,,,,,OBJ-N5-SBJ-N1-HIDE-TR-LOC-N2-LOC-N3.mp3,,,,,,,,,,,,,,,,,,,,,,,,,,,0,19,19,12,1
