wordLearning.exposure.itemIdx,wordLearning.exposure.pass,wordLearning.exposure.image,wordLearning.exposure.audio,wordLearning.test.started,wordLearning.test.targetIdx,wordLearning.test.targetImage,wordLearning.test.optionOrder,wordLearning.test.responseIdx,wordLearning.test.correct,wordLearning.test.streakAfter,wordLearning.test.masteredSnapshot,passiveTrial.started,passive.sessionIndex,passive.movie,passive.sound,passiveTrial.stopped,passiveSelfPaceKey.keys,passiveSelfPaceKey.rt,passiveSelfPaceKey.duration,passiveTrials_s1.thisRepN,passiveTrials_s1.thisTrialN,passiveTrials_s1.thisN,passiveTrials_s1.thisIndex,passiveTrials_s1.ran,sessionIndex,passiveMovie,passiveSound,participant,születési dátum (ÉÉÉÉ.HH.NN),date,expName,psychopyVersion,OS,frameRate,comprehensionTrial.started,comprehension.sessionIndex,comprehension.correctPosition,comprehension.response,comprehension.rt,comprehension.correct,comprehension.t_sentenceAudioEnd,comprehension.t_lastChoiceClick,comprehensionTrial.stopped,comprehensionTrials_s1.thisRepN,comprehensionTrials_s1.thisTrialN,comprehensionTrials_s1.thisN,comprehensionTrials_s1.thisIndex,comprehensionTrials_s1.ran,sentence,video_correct,video_incorrect,productionTrial.started,production.sessionIndex,production.video,production.correct_words,production.all_words,production.correct_words_form,production.all_words_form,production.correct,production.t_firstVideoEnd,production.t_lastWordClick,production.response,productionTrial.stopped,productionTrials_s1.thisRepN,productionTrials_s1.thisTrialN,productionTrials_s1.thisN,productionTrials_s1.thisIndex,productionTrials_s1.ran,video,correct_words,all_words,sentence_form,correct_words_form,all_words_form,familiarityTrial.started,familiarity.testName,familiarity.thisN,familiarity.sessionIndex,familiarity.audio,familiarity.previous_encounters,familiarity.playAttemptTime,familiarity.rating,familiarity.playClickCount,familiarity.t_audioEnd,familiarity.t_lastLikertClick,familiarityTrial.stopped,chunkTest_s1.thisRepN,chunkTest_s1.thisTrialN,chunkTest_s1.thisN,chunkTest_s1.thisIndex,chunkTest_s1.ran,audio,previous_encounters,GJTest_s1.thisRepN,GJTest_s1.thisTrialN,GJTest_s1.thisN,GJTest_s1.thisIndex,GJTest_s1.ran,passiveTrials_s2.thisRepN,passiveTrials_s2.thisTrialN,passiveTrials_s2.thisN,passiveTrials_s2.thisIndex,passiveTrials_s2.ran,comprehensionTrials_s2.thisRepN,comprehensionTrials_s2.thisTrialN,comprehensionTrials_s2.thisN,comprehensionTrials_s2.thisIndex,comprehensionTrials_s2.ran,productionTrials_s2.thisRepN,productionTrials_s2.thisTrialN,productionTrials_s2.thisN,productionTrials_s2.thisIndex,productionTrials_s2.ran,chunkTest_s2.thisRepN,chunkTest_s2.thisTrialN,chunkTest_s2.thisN,chunkTest_s2.thisIndex,chunkTest_s2.ran,GJTest_s2.thisRepN,GJTest_s2.thisTrialN,GJTest_s2.thisN,GJTest_s2.thisIndex,GJTest_s2.ran
1,2,Ab-1.png,Ab.mp3,234.521,1,Ab-2.png,"3,6,0,1",1,1,5,1111111,241.982,1,SBJ-N1-GO-INTR.mp4,SBJ-N1-GO-INTR.mp3,247.828,mouse_continue,5.847,,0,0,0,0,1,1,SBJ-N1-GO-INTR.mp4,SBJ-N1-GO-INTR.mp3,ALP1109,19650915,2026-04-28_10h26.08.452,BrocantoHPilot1WOSession2,2025.2.4,Win32,59.95203837,,,,,,,,,,,,,,,,,,,,,,,,,,,,,,,,,,,,,,,,,,,,,,,,,,,,,,,,,,,,,,,,,,,,,,,,,,,,,,,,,,,,,,,,,
,,,,,,,,,,,,247.83,1,OBJ-N5-SBJ-N3-REVEAL-TR.mp4,OBJ-N5-SBJ-N3-REVEAL-TR.mp3,253.46,mouse_continue,5.63,,0,1,1,1,1,1,OBJ-N5-SBJ-N3-REVEAL-TR.mp4,OBJ-N5-SBJ-N3-REVEAL-TR.mp3,ALP1109,19650915,2026-04-28_10h26.08.452,BrocantoHPilot1WOSession2,2025.2.4,Win32,59.95203837,,,,,,,,,,,,,,,,,,,,,,,,,,,,,,,,,,,,,,,,,,,,,,,,,,,,,,,,,,,,,,,,,,,,,,,,,,,,,,,,,,,,,,,,,
,,,,,,,,,,,,253.463,1,OBJ-N5-SBJ-N2-PUSH-TR.mp4,OBJ-N5-SBJ-N2-PUSH-TR.mp3,258.985,mouse_continue,5.523,,0,2,2,2,1,1,OBJ-N5-SBJ-N2-PUSH-TR.mp4,OBJ-N5-SBJ-N2-PUSH-TR.mp3,ALP1109,19650915,2026-04-28_10h26.08.452,BrocantoHPilot1WOSession2,2025.2.4,Win32,59.95203837,,,,,,,,,,,,,,,,,,,,,,,,,,,,,,,,,,,,,,,,,,,,,,,,,,,,,,,,,,,,,,,,,,,,,,,,,,,,,,,,,,,,,,,,,
,,,,,,,,,,,,258.988,1,SBJ-N1-GO-INTR.mp4,SBJ-N1-GO-INTR.mp3,264.516,mouse_continue,5.529,,0,3,3,3,1,1,SBJ-N1-GO-INTR.mp4,SBJ-N1-GO-INTR.mp3,ALP1109,19650915,2026-04-28_10h26.08.452,BrocantoHPilot1WOSession2,2025.2.4,Win32,59.95203837,,,,,,,,,,,,,,,,,,,,,,,,,,,,,,,,,,,,,,,,,,,,,,,,,,,,,,,,,,,,,,,,,,,,,,,,,,,,,,,,,,,,,,,,,
,,,,,,,,,,,,264.517,1,OBJ-N5-SBJ-N4-HIDE-TR.mp4,OBJ-N5-SBJ-N4-HIDE-TR.mp3,270.078,mouse_continue,5.561,,0,4,4,4,1,1,OBJ-N5-SBJ-N4-HIDE-TR.mp4,OBJ-N5-SBJ-N4-HIDE-TR.mp3,ALP1109,19650915,2026-04-28_10h26.08.452,BrocantoHPilot1WOSession2,2025.2.4,Win32,59.95203837,,,,,,,,,,,,,,,,,,,,,,,,,,,,,,,,,,,,,,,,,,,,,,,,,,,,,,,,,,,,,,,,,,,,,,,,,,,,,,,,,,,,,,,,,
,,,,,,,,,,,,270.079,1,SBJ-N2-HIDE-INTR.mp4,SBJ-N2-HIDE-INTR.mp3,275.558,mouse_continue,5.479,,0,5,5,5,1,1,SBJ-N2-HIDE-INTR.mp4,SBJ-N2-HIDE-INTR.mp3,ALP1109,19650915,2026-04-28_10h26.08.452,BrocantoHPilot1WOSession2,2025.2.4,Win32,59.95203837,,,,,,,,,,,,,,,,,,,,,,,,,,,,,,,,,,,,,,,,,,,,,,,,,,,,,,,,,,,,,,,,,,,,,,,,,,,,,,,,,,,,,,,,,
,,,,,,,,,,,,275.56,1,OBJ-N5-SBJ-N3-REVEAL-TR.mp4,OBJ-N5-SBJ-N3-REVEAL-TR.mp3,282.144,mouse_continue,6.583,,0,6,6,6,1,1,OBJ-N5-SBJ-N3-REVEAL-TR.mp4,OBJ-N5-SBJ-N3-REVEAL-TR.mp3,ALP1109,19650915,2026-04-28_10h26.08.452,BrocantoHPilot1WOSession2,2025.2.4,Win32,59.95203837,,,,,,,,,,,,,,,,,,,,,,,,,,,,,,,,,,,,,,,,,,,,,,,,,,,,,,,,,,,,,,,,,,,,,,,,,,,,,,,,,,,,,,,,,
,,,,,,,,,,,,282.148,1,SBJ-N3-JUMP-INTR.mp4,SBJ-N3-JUMP-INTR.mp3,288.159,mouse_continue,6.012,,0,7,7,7,1,1,SBJ-N3-JUMP-INTR.mp4,SBJ-N3-JUMP-INTR.mp3,ALP1109,19650915,2026-04-28_10h26.08.452,BrocantoHPilot1WOSession2,2025.2.4,Win32,59.95203837,,,,,,,,,,,,,,,,,,,,,,,,,,,,,,,,,,,,,,,,,,,,,,,,,,,,,,,,,,,,,,,,,,,,,,,,,,,,,,,,,,,,,,,,,
,,,,,,,,,,,,288.162,1,SBJ-N5-REVEAL-INTR.mp4,SBJ-N5-REVEAL-INTR.mp3,294.449,mouse_continue,6.287,,0,8,8,8,1,1,SBJ-N5-REVEAL-INTR.mp4,SBJ-N5-REVEAL-INTR.mp3,ALP1109,19650915,2026-04-28_10h26.08.452,BrocantoHPilot1WOSession2,2025.2.4,Win32,59.95203837,,,,,,,,,,,,,,,,,,,,,,,,,,,,,,,,,,,,,,,,,,,,,,,,,,,,,,,,,,,,,,,,,,,,,,,,,,,,,,,,,,,,,,,,,
,,,,,,,,,,,,294.451,1,OBJ-N5-SBJ-N4-HIDE-TR.mp4,OBJ-N5-SBJ-N4-HIDE-TR.mp3,302.86,mouse_continue,8.41,,0,9,9,9,1,1,OBJ-N5-SBJ-N4-HIDE-TR.mp4,OBJ-N5-SBJ-N4-HIDE-TR.mp3,ALP1109,19650915,2026-04-28_10h26.08.452,BrocantoHPilot1WOSession2,2025.2.4,Win32,59.95203837,,,,,,,,,,,,,,,,,,,,,,,,,,,,,,,,,,,,,,,,,,,,,,,,,,,,,,,,,,,,,,,,,,,,,,,,,,,,,,,,,,,,,,,,,
,,,,,,,,,,,,302.861,1,SBJ-N3-JUMP-INTR.mp4,SBJ-N3-JUMP-INTR.mp3,308.676,mouse_continue,5.815,,0,10,10,10,1,1,SBJ-N3-JUMP-INTR.mp4,SBJ-N3-JUMP-INTR.mp3,ALP1109,19650915,2026-04-28_10h26.08.452,BrocantoHPilot1WOSession2,2025.2.4,Win32,59.95203837,,,,,,,,,,,,,,,,,,,,,,,,,,,,,,,,,,,,,,,,,,,,,,,,,,,,,,,,,,,,,,,,,,,,,,,,,,,,,,,,,,,,,,,,,
,,,,,,,,,,,,308.678,1,OBJ-N5-SBJ-N2-PUSH-TR.mp4,OBJ-N5-SBJ-N2-PUSH-TR.mp3,314.273,mouse_continue,5.594,,0,11,11,11,1,1,OBJ-N5-SBJ-N2-PUSH-TR.mp4,OBJ-N5-SBJ-N2-PUSH-TR.mp3,ALP1109,19650915,2026-04-28_10h26.08.452,BrocantoHPilot1WOSession2,2025.2.4,Win32,59.95203837,,,,,,,,,,,,,,,,,,,,,,,,,,,,,,,,,,,,,,,,,,,,,,,,,,,,,,,,,,,,,,,,,,,,,,,,,,,,,,,,,,,,,,,,,
,,,,,,,,,,,,314.277,1,OBJ-N5-SBJ-N1-HIDE-TR.mp4,OBJ-N5-SBJ-N1-HIDE-TR.mp3,319.857,mouse_continue,5.58,,0,12,12,12,1,1,OBJ-N5-SBJ-N1-HIDE-TR.mp4,OBJ-N5-SBJ-N1-HIDE-TR.mp3,ALP1109,19650915,2026-04-28_10h26.08.452,BrocantoHPilot1WOSession2,2025.2.4,Win32,59.95203837,,,,,,,,,,,,,,,,,,,,,,,,,,,,,,,,,,,,,,,,,,,,,,,,,,,,,,,,,,,,,,,,,,,,,,,,,,,,,,,,,,,,,,,,,
,,,,,,,,,,,,319.858,1,SBJ-N2-HIDE-INTR.mp4,SBJ-N2-HIDE-INTR.mp3,328.86,mouse_continue,9.002,,0,13,13,13,1,1,SBJ-N2-HIDE-INTR.mp4,SBJ-N2-HIDE-INTR.mp3,ALP1109,19650915,2026-04-28_10h26.08.452,BrocantoHPilot1WOSession2,2025.2.4,Win32,59.95203837,,,,,,,,,,,,,,,,,,,,,,,,,,,,,,,,,,,,,,,,,,,,,,,,,,,,,,,,,,,,,,,,,,,,,,,,,,,,,,,,,,,,,,,,,
,,,,,,,,,,,,328.863,1,OBJ-N5-SBJ-N2-PUSH-TR.mp4,OBJ-N5-SBJ-N2-PUSH-TR.mp3,342.916,mouse_continue,14.053,,0,14,14,14,1,1,OBJ-N5-SBJ-N2-PUSH-TR.mp4,OBJ-N5-SBJ-N2-PUSH-TR.mp3,ALP1109,19650915,2026-04-28_10h26.08.452,BrocantoHPilot1WOSession2,2025.2.4,Win32,59.95203837,,,,,,,,,,,,,,,,,,,,,,,,,,,,,,,,,,,,,,,,,,,,,,,,,,,,,,,,,,,,,,,,,,,,,,,,,,,,,,,,,,,,,,,,,
,,,,,,,,,,,,342.917,1,SBJ-N3-GO-INTR.mp4,SBJ-N3-GO-INTR.mp3,348.862,mouse_continue,5.943,,0,15,15,15,1,1,SBJ-N3-GO-INTR.mp4,SBJ-N3-GO-INTR.mp3,ALP1109,19650915,2026-04-28_10h26.08.452,BrocantoHPilot1WOSession2,2025.2.4,Win32,59.95203837,,,,,,,,,,,,,,,,,,,,,,,,,,,,,,,,,,,,,,,,,,,,,,,,,,,,,,,,,,,,,,,,,,,,,,,,,,,,,,,,,,,,,,,,,
,,,,,,,,,,,,348.865,1,SBJ-N4-REVEAL-INTR.mp4,SBJ-N4-REVEAL-INTR.mp3,354.81,mouse_continue,5.944,,0,16,16,16,1,1,SBJ-N4-REVEAL-INTR.mp4,SBJ-N4-REVEAL-INTR.mp3,ALP1109,19650915,2026-04-28_10h26.08.452,BrocantoHPilot1WOSession2,2025.2.4,Win32,59.95203837,,,,,,,,,,,,,,,,,,,,,,,,,,,,,,,,,,,,,,,,,,,,,,,,,,,,,,,,,,,,,,,,,,,,,,,,,,,,,,,,,,,,,,,,,
,,,,,,,,,,,,354.813,1,OBJ-N5-SBJ-N3-REVEAL-TR.mp4,OBJ-N5-SBJ-N3-REVEAL-TR.mp3,366.708,mouse_continue,11.898,,0,17,17,17,1,1,OBJ-N5-SBJ-N3-REVEAL-TR.mp4,OBJ-N5-SBJ-N3-REVEAL-TR.mp3,ALP1109,19650915,2026-04-28_10h26.08.452,BrocantoHPilot1WOSession2,2025.2.4,Win32,59.95203837,,,,,,,,,,,,,,,,,,,,,,,,,,,,,,,,,,,,,,,,,,,,,,,,,,,,,,,,,,,,,,,,,,,,,,,,,,,,,,,,,,,,,,,,,
,,,,,,,,,,,,366.71,1,SBJ-N5-JUMP-INTR.mp4,SBJ-N5-JUMP-INTR.mp3,374.446,mouse_continue,7.736,,0,18,18,18,1,1,SBJ-N5-JUMP-INTR.mp4,SBJ-N5-JUMP-INTR.mp3,ALP1109,19650915,2026-04-28_10h26.08.452,BrocantoHPilot1WOSession2,2025.2.4,Win32,59.95203837,,,,,,,,,,,,,,,,,,,,,,,,,,,,,,,,,,,,,,,,,,,,,,,,,,,,,,,,,,,,,,,,,,,,,,,,,,,,,,,,,,,,,,,,,
,,,,,,,,,,,,374.448,1,SBJ-N3-GO-INTR.mp4,SBJ-N3-GO-INTR.mp3,380.336,mouse_continue,5.889,,0,19,19,19,1,1,SBJ-N3-GO-INTR.mp4,SBJ-N3-GO-INTR.mp3,ALP1109,19650915,2026-04-28_10h26.08.452,BrocantoHPilot1WOSession2,2025.2.4,Win32,59.95203837,,,,,,,,,,,,,,,,,,,,,,,,,,,,,,,,,,,,,,,,,,,,,,,,,,,,,,,,,,,,,,,,,,,,,,,,,,,,,,,,,,,,,,,,,
,,,,,,,,,,,,380.338,1,OBJ-N5-SBJ-N3-REVEAL-TR.mp4,OBJ-N5-SBJ-N3-REVEAL-TR.mp3,387.946,mouse_continue,7.608,,0,20,20,20,1,1,OBJ-N5-SBJ-N3-REVEAL-TR.mp4,OBJ-N5-SBJ-N3-REVEAL-TR.mp3,ALP1109,19650915,2026-04-28_10h26.08.452,BrocantoHPilot1WOSession2,2025.2.4,Win32,59.95203837,,,,,,,,,,,,,,,,,,,,,,,,,,,,,,,,,,,,,,,,,,,,,,,,,,,,,,,,,,,,,,,,,,,,,,,,,,,,,,,,,,,,,,,,,
,,,,,,,,,,,,387.95,1,OBJ-N5-SBJ-N1-REVEAL-TR.mp4,OBJ-N5-SBJ-N1-REVEAL-TR.mp3,399.751,mouse_continue,11.8,,0,21,21,21,1,1,OBJ-N5-SBJ-N1-REVEAL-TR.mp4,OBJ-N5-SBJ-N1-REVEAL-TR.mp3,ALP1109,19650915,2026-04-28_10h26.08.452,BrocantoHPilot1WOSession2,2025.2.4,Win32,59.95203837,,,,,,,,,,,,,,,,,,,,,,,,,,,,,,,,,,,,,,,,,,,,,,,,,,,,,,,,,,,,,,,,,,,,,,,,,,,,,,,,,,,,,,,,,
,,,,,,,,,,,,399.753,1,OBJ-N5-SBJ-N2-PUSH-TR-LOC-N4.mp4,OBJ-N5-SBJ-N2-PUSH-TR-LOC-N4.mp3,408.992,mouse_continue,9.239,,0,22,22,22,1,1,OBJ-N5-SBJ-N2-PUSH-TR-LOC-N4.mp4,OBJ-N5-SBJ-N2-PUSH-TR-LOC-N4.mp3,ALP1109,19650915,2026-04-28_10h26.08.452,BrocantoHPilot1WOSession2,2025.2.4,Win32,59.95203837,,,,,,,,,,,,,,,,,,,,,,,,,,,,,,,,,,,,,,,,,,,,,,,,,,,,,,,,,,,,,,,,,,,,,,,,,,,,,,,,,,,,,,,,,
,,,,,,,,,,,,408.993,1,SBJ-N4-REVEAL-INTR-LOC-N5.mp4,SBJ-N4-REVEAL-INTR-LOC-N5.mp3,416.857,mouse_continue,7.864,,0,23,23,23,1,1,SBJ-N4-REVEAL-INTR-LOC-N5.mp4,SBJ-N4-REVEAL-INTR-LOC-N5.mp3,ALP1109,19650915,2026-04-28_10h26.08.452,BrocantoHPilot1WOSession2,2025.2.4,Win32,59.95203837,,,,,,,,,,,,,,,,,,,,,,,,,,,,,,,,,,,,,,,,,,,,,,,,,,,,,,,,,,,,,,,,,,,,,,,,,,,,,,,,,,,,,,,,,
,,,,,,,,,,,,416.86,1,OBJ-N5-SBJ-N1-HIDE-TR-LOC-N2.mp4,OBJ-N5-SBJ-N1-HIDE-TR-LOC-N2.mp3,427.908,mouse_continue,11.047,,0,24,24,24,1,1,OBJ-N5-SBJ-N1-HIDE-TR-LOC-N2.mp4,OBJ-N5-SBJ-N1-HIDE-TR-LOC-N2.mp3,ALP1109,19650915,2026-04-28_10h26.08.452,BrocantoHPilot1WOSession2,2025.2.4,Win32,59.95203837,,,,,,,,,,,,,,,,,,,,,,,,,,,,,,,,,,,,,,,,,,,,,,,,,,,,,,,,,,,,,,,,,,,,,,,,,,,,,,,,,,,,,,,,,
,,,,,,,,,,,,427.909,1,SBJ-N2-REVEAL-INTR-LOC-N5.mp4,SBJ-N2-REVEAL-INTR-LOC-N5.mp3,437.15,mouse_continue,9.24,,0,25,25,25,1,1,SBJ-N2-REVEAL-INTR-LOC-N5.mp4,SBJ-N2-REVEAL-INTR-LOC-N5.mp3,ALP1109,19650915,2026-04-28_10h26.08.452,BrocantoHPilot1WOSession2,2025.2.4,Win32,59.95203837,,,,,,,,,,,,,,,,,,,,,,,,,,,,,,,,,,,,,,,,,,,,,,,,,,,,,,,,,,,,,,,,,,,,,,,,,,,,,,,,,,,,,,,,,
,,,,,,,,,,,,437.153,1,OBJ-N5-SBJ-N1-PUSH-TR-LOC-N2.mp4,OBJ-N5-SBJ-N1-PUSH-TR-LOC-N2.mp3,448.439,mouse_continue,11.285,,0,26,26,26,1,1,OBJ-N5-SBJ-N1-PUSH-TR-LOC-N2.mp4,OBJ-N5-SBJ-N1-PUSH-TR-LOC-N2.mp3,ALP1109,19650915,2026-04-28_10h26.08.452,BrocantoHPilot1WOSession2,2025.2.4,Win32,59.95203837,,,,,,,,,,,,,,,,,,,,,,,,,,,,,,,,,,,,,,,,,,,,,,,,,,,,,,,,,,,,,,,,,,,,,,,,,,,,,,,,,,,,,,,,,
,,,,,,,,,,,,448.444,1,SBJ-N3-REVEAL-INTR-LOC-N4.mp4,SBJ-N3-REVEAL-INTR-LOC-N4.mp3,457.299,mouse_continue,8.856,,0,27,27,27,1,1,SBJ-N3-REVEAL-INTR-LOC-N4.mp4,SBJ-N3-REVEAL-INTR-LOC-N4.mp3,ALP1109,19650915,2026-04-28_10h26.08.452,BrocantoHPilot1WOSession2,2025.2.4,Win32,59.95203837,,,,,,,,,,,,,,,,,,,,,,,,,,,,,,,,,,,,,,,,,,,,,,,,,,,,,,,,,,,,,,,,,,,,,,,,,,,,,,,,,,,,,,,,,
,,,,,,,,,,,,457.301,1,OBJ-N5-SBJ-N4-HIDE-TR-LOC-N3.mp4,OBJ-N5-SBJ-N4-HIDE-TR-LOC-N3.mp3,468.675,mouse_continue,11.375,,0,28,28,28,1,1,OBJ-N5-SBJ-N4-HIDE-TR-LOC-N3.mp4,OBJ-N5-SBJ-N4-HIDE-TR-LOC-N3.mp3,ALP1109,19650915,2026-04-28_10h26.08.452,BrocantoHPilot1WOSession2,2025.2.4,Win32,59.95203837,,,,,,,,,,,,,,,,,,,,,,,,,,,,,,,,,,,,,,,,,,,,,,,,,,,,,,,,,,,,,,,,,,,,,,,,,,,,,,,,,,,,,,,,,
,,,,,,,,,,,,468.676,1,OBJ-N5-SBJ-N3-REVEAL-TR-LOC-N4.mp4,OBJ-N5-SBJ-N3-REVEAL-TR-LOC-N4.mp3,480.693,mouse_continue,12.016,,0,29,29,29,1,1,OBJ-N5-SBJ-N3-REVEAL-TR-LOC-N4.mp4,OBJ-N5-SBJ-N3-REVEAL-TR-LOC-N4.mp3,ALP1109,19650915,2026-04-28_10h26.08.452,BrocantoHPilot1WOSession2,2025.2.4,Win32,59.95203837,,,,,,,,,,,,,,,,,,,,,,,,,,,,,,,,,,,,,,,,,,,,,,,,,,,,,,,,,,,,,,,,,,,,,,,,,,,,,,,,,,,,,,,,,
,,,,,,,,,,,,480.696,1,OBJ-N5-SBJ-N2-PUSH-TR-LOC-N4.mp4,OBJ-N5-SBJ-N2-PUSH-TR-LOC-N4.mp3,490.326,mouse_continue,9.63,,0,30,30,30,1,1,OBJ-N5-SBJ-N2-PUSH-TR-LOC-N4.mp4,OBJ-N5-SBJ-N2-PUSH-TR-LOC-N4.mp3,ALP1109,19650915,2026-04-28_10h26.08.452,BrocantoHPilot1WOSession2,2025.2.4,Win32,59.95203837,,,,,,,,,,,,,,,,,,,,,,,,,,,,,,,,,,,,,,,,,,,,,,,,,,,,,,,,,,,,,,,,,,,,,,,,,,,,,,,,,,,,,,,,,
,,,,,,,,,,,,490.328,1,OBJ-N5-SBJ-N1-REVEAL-TR.mp4,OBJ-N5-SBJ-N1-REVEAL-TR.mp3,498.309,mouse_continue,7.982,,0,31,31,31,1,1,OBJ-N5-SBJ-N1-REVEAL-TR.mp4,OBJ-N5-SBJ-N1-REVEAL-TR.mp3,ALP1109,19650915,2026-04-28_10h26.08.452,BrocantoHPilot1WOSession2,2025.2.4,Win32,59.95203837,,,,,,,,,,,,,,,,,,,,,,,,,,,,,,,,,,,,,,,,,,,,,,,,,,,,,,,,,,,,,,,,,,,,,,,,,,,,,,,,,,,,,,,,,
,,,,,,,,,,,,498.311,1,OBJ-N5-SBJ-N4-HIDE-TR-LOC-N2.mp4,OBJ-N5-SBJ-N4-HIDE-TR-LOC-N2.mp3,503.956,mouse_continue,5.646,,0,32,32,32,1,1,OBJ-N5-SBJ-N4-HIDE-TR-LOC-N2.mp4,OBJ-N5-SBJ-N4-HIDE-TR-LOC-N2.mp3,ALP1109,19650915,2026-04-28_10h26.08.452,BrocantoHPilot1WOSession2,2025.2.4,Win32,59.95203837,,,,,,,,,,,,,,,,,,,,,,,,,,,,,,,,,,,,,,,,,,,,,,,,,,,,,,,,,,,,,,,,,,,,,,,,,,,,,,,,,,,,,,,,,
,,,,,,,,,,,,503.958,1,SBJ-N5-JUMP-INTR.mp4,SBJ-N5-JUMP-INTR.mp3,513.43,mouse_continue,9.472,,0,33,33,33,1,1,SBJ-N5-JUMP-INTR.mp4,SBJ-N5-JUMP-INTR.mp3,ALP1109,19650915,2026-04-28_10h26.08.452,BrocantoHPilot1WOSession2,2025.2.4,Win32,59.95203837,,,,,,,,,,,,,,,,,,,,,,,,,,,,,,,,,,,,,,,,,,,,,,,,,,,,,,,,,,,,,,,,,,,,,,,,,,,,,,,,,,,,,,,,,
,,,,,,,,,,,,513.435,1,Aa-SBJ-N5-HIDE-INTR.mp4,Aa-SBJ-N5-HIDE-INTR.mp3,520.298,mouse_continue,6.864,,0,34,34,34,1,1,Aa-SBJ-N5-HIDE-INTR.mp4,Aa-SBJ-N5-HIDE-INTR.mp3,ALP1109,19650915,2026-04-28_10h26.08.452,BrocantoHPilot1WOSession2,2025.2.4,Win32,59.95203837,,,,,,,,,,,,,,,,,,,,,,,,,,,,,,,,,,,,,,,,,,,,,,,,,,,,,,,,,,,,,,,,,,,,,,,,,,,,,,,,,,,,,,,,,
,,,,,,,,,,,,520.301,1,SBJ-N5-GO-INTR-LOC-N3.mp4,SBJ-N5-GO-INTR-LOC-N3.mp3,530.561,mouse_continue,10.261,,0,35,35,35,1,1,SBJ-N5-GO-INTR-LOC-N3.mp4,SBJ-N5-GO-INTR-LOC-N3.mp3,ALP1109,19650915,2026-04-28_10h26.08.452,BrocantoHPilot1WOSession2,2025.2.4,Win32,59.95203837,,,,,,,,,,,,,,,,,,,,,,,,,,,,,,,,,,,,,,,,,,,,,,,,,,,,,,,,,,,,,,,,,,,,,,,,,,,,,,,,,,,,,,,,,
,,,,,,,,,,,,530.565,1,SBJ-N2-JUMP-INTR-LOC-N1.mp4,SBJ-N2-JUMP-INTR-LOC-N1.mp3,547.524,mouse_continue,16.961,,0,36,36,36,1,1,SBJ-N2-JUMP-INTR-LOC-N1.mp4,SBJ-N2-JUMP-INTR-LOC-N1.mp3,ALP1109,19650915,2026-04-28_10h26.08.452,BrocantoHPilot1WOSession2,2025.2.4,Win32,59.95203837,,,,,,,,,,,,,,,,,,,,,,,,,,,,,,,,,,,,,,,,,,,,,,,,,,,,,,,,,,,,,,,,,,,,,,,,,,,,,,,,,,,,,,,,,
,,,,,,,,,,,,547.529,1,SBJ-N3-GO-INTR-LOC-N2.mp4,SBJ-N3-GO-INTR-LOC-N2.mp3,553.063,mouse_continue,5.536,,0,37,37,37,1,1,SBJ-N3-GO-INTR-LOC-N2.mp4,SBJ-N3-GO-INTR-LOC-N2.mp3,ALP1109,19650915,2026-04-28_10h26.08.452,BrocantoHPilot1WOSession2,2025.2.4,Win32,59.95203837,,,,,,,,,,,,,,,,,,,,,,,,,,,,,,,,,,,,,,,,,,,,,,,,,,,,,,,,,,,,,,,,,,,,,,,,,,,,,,,,,,,,,,,,,
,,,,,,,,,,,,553.064,1,SBJ-N5-HIDE-INTR-LOC-N3.mp4,SBJ-N5-HIDE-INTR-LOC-N3.mp3,559.073,mouse_continue,6.009,,0,38,38,38,1,1,SBJ-N5-HIDE-INTR-LOC-N3.mp4,SBJ-N5-HIDE-INTR-LOC-N3.mp3,ALP1109,19650915,2026-04-28_10h26.08.452,BrocantoHPilot1WOSession2,2025.2.4,Win32,59.95203837,,,,,,,,,,,,,,,,,,,,,,,,,,,,,,,,,,,,,,,,,,,,,,,,,,,,,,,,,,,,,,,,,,,,,,,,,,,,,,,,,,,,,,,,,
,,,,,,,,,,,,559.075,1,SBJ-N1-HIDE-INTR-LOC-N3.mp4,SBJ-N1-HIDE-INTR-LOC-N3.mp3,564.698,mouse_continue,5.622,,0,39,39,39,1,1,SBJ-N1-HIDE-INTR-LOC-N3.mp4,SBJ-N1-HIDE-INTR-LOC-N3.mp3,ALP1109,19650915,2026-04-28_10h26.08.452,BrocantoHPilot1WOSession2,2025.2.4,Win32,59.95203837,,,,,,,,,,,,,,,,,,,,,,,,,,,,,,,,,,,,,,,,,,,,,,,,,,,,,,,,,,,,,,,,,,,,,,,,,,,,,,,,,,,,,,,,,
,,,,,,,,,,,,564.699,1,OBJ-N5-SBJ-N4-HIDE-TR.mp4,OBJ-N5-SBJ-N4-HIDE-TR.mp3,570.625,mouse_continue,5.926,,0,40,40,40,1,1,OBJ-N5-SBJ-N4-HIDE-TR.mp4,OBJ-N5-SBJ-N4-HIDE-TR.mp3,ALP1109,19650915,2026-04-28_10h26.08.452,BrocantoHPilot1WOSession2,2025.2.4,Win32,59.95203837,,,,,,,,,,,,,,,,,,,,,,,,,,,,,,,,,,,,,,,,,,,,,,,,,,,,,,,,,,,,,,,,,,,,,,,,,,,,,,,,,,,,,,,,,
,,,,,,,,,,,,570.627,1,OBJ-N5-SBJ-N1-HIDE-TR-LOC-N2.mp4,OBJ-N5-SBJ-N1-HIDE-TR-LOC-N2.mp3,585.056,mouse_continue,14.429,,0,41,41,41,1,1,OBJ-N5-SBJ-N1-HIDE-TR-LOC-N2.mp4,OBJ-N5-SBJ-N1-HIDE-TR-LOC-N2.mp3,ALP1109,19650915,2026-04-28_10h26.08.452,BrocantoHPilot1WOSession2,2025.2.4,Win32,59.95203837,,,,,,,,,,,,,,,,,,,,,,,,,,,,,,,,,,,,,,,,,,,,,,,,,,,,,,,,,,,,,,,,,,,,,,,,,,,,,,,,,,,,,,,,,
,,,,,,,,,,,,,,,,,,,,,,,,,1,,,ALP1109,19650915,2026-04-28_10h26.08.452,BrocantoHPilot1WOSession2,2025.2.4,Win32,59.95203837,601.128,1,2,1,66.452,0,63.766,66.452,669.672,0,0,0,0,1,OBJ-N5-SBJ-N2-HIDE-TR.mp3,OBJ-N5-SBJ-N2-HIDE-TR.mp4,OBJ-N5-SBJ-N2-REVEAL-TR.mp4,,,,,,,,,,,,,,,,,,,,,,,,,,,,,,,,,,,,,,,,,,,,,,,,,,,,,,,,,,,,,,,,,,,,,,,,
,,,,,,,,,,,,,,,,,,,,,,,,,1,,,ALP1109,19650915,2026-04-28_10h26.08.452,BrocantoHPilot1WOSession2,2025.2.4,Win32,59.95203837,669.674,1,1,1,29.207,1,20.821,29.207,700.987,0,1,1,1,1,SBJ-N5-HIDE-INTR.mp3,SBJ-N5-HIDE-INTR.mp4,SBJ-N5-GO-INTR.mp4,,,,,,,,,,,,,,,,,,,,,,,,,,,,,,,,,,,,,,,,,,,,,,,,,,,,,,,,,,,,,,,,,,,,,,,,
,,,,,,,,,,,,,,,,,,,,,,,,,1,,,ALP1109,19650915,2026-04-28_10h26.08.452,BrocantoHPilot1WOSession2,2025.2.4,Win32,59.95203837,700.989,1,2,2,17.25,1,16.585,17.25,720.12,0,2,2,2,1,SBJ-N5-JUMP-INTR.mp3,SBJ-N5-JUMP-INTR.mp4,SBJ-N5-HIDE-INTR.mp4,,,,,,,,,,,,,,,,,,,,,,,,,,,,,,,,,,,,,,,,,,,,,,,,,,,,,,,,,,,,,,,,,,,,,,,,
,,,,,,,,,,,,,,,,,,,,,,,,,1,,,ALP1109,19650915,2026-04-28_10h26.08.452,BrocantoHPilot1WOSession2,2025.2.4,Win32,59.95203837,720.122,1,2,2,32.839,1,18.604,32.839,754.925,0,3,3,3,1,OBJ-N5-SBJ-N3-REVEAL-TR.mp3,OBJ-N5-SBJ-N3-REVEAL-TR.mp4,OBJ-N3-SBJ-N5-PUSH-TR.mp4,,,,,,,,,,,,,,,,,,,,,,,,,,,,,,,,,,,,,,,,,,,,,,,,,,,,,,,,,,,,,,,,,,,,,,,,
,,,,,,,,,,,,,,,,,,,,,,,,,1,,,ALP1109,19650915,2026-04-28_10h26.08.452,BrocantoHPilot1WOSession2,2025.2.4,Win32,59.95203837,754.926,1,2,2,23.935,1,16.368,23.935,781.004,0,4,4,4,1,OBJ-N5-SBJ-N3-PUSH-TR.mp3,OBJ-N5-SBJ-N3-PUSH-TR.mp4,OBJ-N3-SBJ-N5-PUSH-TR.mp4,,,,,,,,,,,,,,,,,,,,,,,,,,,,,,,,,,,,,,,,,,,,,,,,,,,,,,,,,,,,,,,,,,,,,,,,
,,,,,,,,,,,,,,,,,,,,,,,,,1,,,ALP1109,19650915,2026-04-28_10h26.08.452,BrocantoHPilot1WOSession2,2025.2.4,Win32,59.95203837,781.007,1,1,2,30.646,0,20.503,30.646,813.52,0,5,5,5,1,SBJ-N1-HIDE-INTR.mp3,SBJ-N1-HIDE-INTR.mp4,SBJ-N1-REVEAL-INTR.mp4,,,,,,,,,,,,,,,,,,,,,,,,,,,,,,,,,,,,,,,,,,,,,,,,,,,,,,,,,,,,,,,,,,,,,,,,
,,,,,,,,,,,,,,,,,,,,,,,,,1,,,ALP1109,19650915,2026-04-28_10h26.08.452,BrocantoHPilot1WOSession2,2025.2.4,Win32,59.95203837,813.521,1,2,1,23.706,0,23.795,23.706,839.158,0,6,6,6,1,OBJ-N5-SBJ-N4-HIDE-TR.mp3,OBJ-N5-SBJ-N4-HIDE-TR.mp4,OBJ-N4-SBJ-N5-REVEAL-TR.mp4,,,,,,,,,,,,,,,,,,,,,,,,,,,,,,,,,,,,,,,,,,,,,,,,,,,,,,,,,,,,,,,,,,,,,,,,
,,,,,,,,,,,,,,,,,,,,,,,,,1,,,ALP1109,19650915,2026-04-28_10h26.08.452,BrocantoHPilot1WOSession2,2025.2.4,Win32,59.95203837,839.16,1,1,1,29.834,1,17.273,29.834,870.871,0,7,7,7,1,SBJ-N2-REVEAL-INTR.mp3,SBJ-N2-REVEAL-INTR.mp4,SBJ-N2-HIDE-INTR.mp4,,,,,,,,,,,,,,,,,,,,,,,,,,,,,,,,,,,,,,,,,,,,,,,,,,,,,,,,,,,,,,,,,,,,,,,,
,,,,,,,,,,,,,,,,,,,,,,,,,1,,,ALP1109,19650915,2026-04-28_10h26.08.452,BrocantoHPilot1WOSession2,2025.2.4,Win32,59.95203837,870.872,1,2,2,27.361,1,20.843,27.361,900.001,0,8,8,8,1,OBJ-N5-SBJ-N4-PUSH-TR.mp3,OBJ-N5-SBJ-N4-PUSH-TR.mp4,OBJ-N4-SBJ-N5-PUSH-TR.mp4,,,,,,,,,,,,,,,,,,,,,,,,,,,,,,,,,,,,,,,,,,,,,,,,,,,,,,,,,,,,,,,,,,,,,,,,
,,,,,,,,,,,,,,,,,,,,,,,,,1,,,ALP1109,19650915,2026-04-28_10h26.08.452,BrocantoHPilot1WOSession2,2025.2.4,Win32,59.95203837,900.002,1,2,2,23.223,1,19.754,23.223,925.268,0,9,9,9,1,SBJ-N1-GO-INTR.mp3,SBJ-N1-GO-INTR.mp4,SBJ-N1-HIDE-INTR.mp4,,,,,,,,,,,,,,,,,,,,,,,,,,,,,,,,,,,,,,,,,,,,,,,,,,,,,,,,,,,,,,,,,,,,,,,,
,,,,,,,,,,,,,,,,,,,,,,,,,1,,,ALP1109,19650915,2026-04-28_10h26.08.452,BrocantoHPilot1WOSession2,2025.2.4,Win32,59.95203837,925.271,1,1,1,22.586,1,17.466,22.586,949.636,0,10,10,10,1,SBJ-N4-REVEAL-INTR.mp3,SBJ-N4-REVEAL-INTR.mp4,SBJ-N4-JUMP-INTR.mp4,,,,,,,,,,,,,,,,,,,,,,,,,,,,,,,,,,,,,,,,,,,,,,,,,,,,,,,,,,,,,,,,,,,,,,,,
,,,,,,,,,,,,,,,,,,,,,,,,,1,,,ALP1109,19650915,2026-04-28_10h26.08.452,BrocantoHPilot1WOSession2,2025.2.4,Win32,59.95203837,949.637,1,1,2,28.797,0,27.596,28.797,980.693,0,11,11,11,1,OBJ-N5-SBJ-N4-REVEAL-TR.mp3,OBJ-N5-SBJ-N4-REVEAL-TR.mp4,OBJ-N4-SBJ-N5-PUSH-TR.mp4,,,,,,,,,,,,,,,,,,,,,,,,,,,,,,,,,,,,,,,,,,,,,,,,,,,,,,,,,,,,,,,,,,,,,,,,
,,,,,,,,,,,,,,,,,,,,,,,,,1,,,ALP1109,19650915,2026-04-28_10h26.08.452,BrocantoHPilot1WOSession2,2025.2.4,Win32,59.95203837,980.696,1,2,2,21.461,1,17.166,21.461,1004.18,0,12,12,12,1,SBJ-N3-JUMP-INTR.mp3,SBJ-N3-JUMP-INTR.mp4,SBJ-N3-GO-INTR.mp4,,,,,,,,,,,,,,,,,,,,,,,,,,,,,,,,,,,,,,,,,,,,,,,,,,,,,,,,,,,,,,,,,,,,,,,,
,,,,,,,,,,,,,,,,,,,,,,,,,1,,,ALP1109,19650915,2026-04-28_10h26.08.452,BrocantoHPilot1WOSession2,2025.2.4,Win32,59.95203837,1004.182,1,2,1,18.673,0,16.62,18.673,1024.511,0,13,13,13,1,OBJ-N5-SBJ-N4-PUSH-TR.mp3,OBJ-N5-SBJ-N4-PUSH-TR.mp4,OBJ-N4-SBJ-N5-PUSH-TR.mp4,,,,,,,,,,,,,,,,,,,,,,,,,,,,,,,,,,,,,,,,,,,,,,,,,,,,,,,,,,,,,,,,,,,,,,,,
,,,,,,,,,,,,,,,,,,,,,,,,,1,,,ALP1109,19650915,2026-04-28_10h26.08.452,BrocantoHPilot1WOSession2,2025.2.4,Win32,59.95203837,1024.512,1,1,1,21.782,1,21.535,21.782,1047.998,0,14,14,14,1,OBJ-N5-SBJ-N4-REVEAL-TR.mp3,OBJ-N5-SBJ-N4-REVEAL-TR.mp4,OBJ-N4-SBJ-N5-HIDE-TR.mp4,,,,,,,,,,,,,,,,,,,,,,,,,,,,,,,,,,,,,,,,,,,,,,,,,,,,,,,,,,,,,,,,,,,,,,,,
,,,,,,,,,,,,,,,,,,,,,,,,,1,,,ALP1109,19650915,2026-04-28_10h26.08.452,BrocantoHPilot1WOSession2,2025.2.4,Win32,59.95203837,1048,1,1,1,25.174,1,14.404,25.174,1074.887,0,15,15,15,1,SBJ-N5-GO-INTR.mp3,SBJ-N5-GO-INTR.mp4,SBJ-N5-HIDE-INTR.mp4,,,,,,,,,,,,,,,,,,,,,,,,,,,,,,,,,,,,,,,,,,,,,,,,,,,,,,,,,,,,,,,,,,,,,,,,
,,,,,,,,,,,,,,,,,,,,,,,,,1,,,ALP1109,19650915,2026-04-28_10h26.08.452,BrocantoHPilot1WOSession2,2025.2.4,Win32,59.95203837,1074.889,1,2,2,28.332,1,25.935,28.332,1105.071,0,16,16,16,1,SBJ-N1-HIDE-INTR.mp3,SBJ-N1-HIDE-INTR.mp4,SBJ-N1-REVEAL-INTR.mp4,,,,,,,,,,,,,,,,,,,,,,,,,,,,,,,,,,,,,,,,,,,,,,,,,,,,,,,,,,,,,,,,,,,,,,,,
,,,,,,,,,,,,,,,,,,,,,,,,,1,,,ALP1109,19650915,2026-04-28_10h26.08.452,BrocantoHPilot1WOSession2,2025.2.4,Win32,59.95203837,1105.072,1,2,1,24.045,0,20.184,24.045,1130.803,0,17,17,17,1,OBJ-N5-SBJ-N3-HIDE-TR.mp3,OBJ-N5-SBJ-N3-HIDE-TR.mp4,OBJ-N3-SBJ-N5-HIDE-TR.mp4,,,,,,,,,,,,,,,,,,,,,,,,,,,,,,,,,,,,,,,,,,,,,,,,,,,,,,,,,,,,,,,,,,,,,,,,
,,,,,,,,,,,,,,,,,,,,,,,,,1,,,ALP1109,19650915,2026-04-28_10h26.08.452,BrocantoHPilot1WOSession2,2025.2.4,Win32,59.95203837,1130.805,1,1,1,27.559,1,27.109,27.559,1160.06,0,18,18,18,1,SBJ-N5-REVEAL-INTR.mp3,SBJ-N5-REVEAL-INTR.mp4,SBJ-N5-JUMP-INTR.mp4,,,,,,,,,,,,,,,,,,,,,,,,,,,,,,,,,,,,,,,,,,,,,,,,,,,,,,,,,,,,,,,,,,,,,,,,
,,,,,,,,,,,,,,,,,,,,,,,,,1,,,ALP1109,19650915,2026-04-28_10h26.08.452,BrocantoHPilot1WOSession2,2025.2.4,Win32,59.95203837,1160.061,1,2,1,23.873,0,17.442,23.873,1185.697,0,19,19,19,1,SBJ-N5-GO-INTR.mp3,SBJ-N5-GO-INTR.mp4,SBJ-N5-JUMP-INTR.mp4,,,,,,,,,,,,,,,,,,,,,,,,,,,,,,,,,,,,,,,,,,,,,,,,,,,,,,,,,,,,,,,,,,,,,,,,
,,,,,,,,,,,,,,,,,,,,,,,,,1,,,ALP1109,19650915,2026-04-28_10h26.08.452,BrocantoHPilot1WOSession2,2025.2.4,Win32,59.95203837,1185.699,1,1,1,36.711,1,33.649,36.711,1224.094,0,20,20,20,1,OBJ-N5-SBJ-N1-HIDE-TR.mp3,OBJ-N5-SBJ-N1-HIDE-TR.mp4,OBJ-N1-SBJ-N5-REVEAL-TR.mp4,,,,,,,,,,,,,,,,,,,,,,,,,,,,,,,,,,,,,,,,,,,,,,,,,,,,,,,,,,,,,,,,,,,,,,,,
,,,,,,,,,,,,,,,,,,,,,,,,,1,,,ALP1109,19650915,2026-04-28_10h26.08.452,BrocantoHPilot1WOSession2,2025.2.4,Win32,59.95203837,1224.097,1,1,2,23.979,0,21.391,23.979,1249.883,0,21,21,21,1,OBJ-N5-SBJ-N4-REVEAL-TR.mp3,OBJ-N5-SBJ-N4-REVEAL-TR.mp4,OBJ-N4-SBJ-N5-REVEAL-TR.mp4,,,,,,,,,,,,,,,,,,,,,,,,,,,,,,,,,,,,,,,,,,,,,,,,,,,,,,,,,,,,,,,,,,,,,,,,
,,,,,,,,,,,,,,,,,,,,,,,,,1,,,ALP1109,19650915,2026-04-28_10h26.08.452,BrocantoHPilot1WOSession2,2025.2.4,Win32,59.95203837,1249.884,1,2,2,18.32,1,18.13,18.32,1269.965,0,22,22,22,1,SBJ-N2-REVEAL-INTR-LOC-N4.mp3,SBJ-N2-REVEAL-INTR-LOC-N4.mp4,SBJ-N4-JUMP-INTR-LOC-N2.mp4,,,,,,,,,,,,,,,,,,,,,,,,,,,,,,,,,,,,,,,,,,,,,,,,,,,,,,,,,,,,,,,,,,,,,,,,
,,,,,,,,,,,,,,,,,,,,,,,,,1,,,ALP1109,19650915,2026-04-28_10h26.08.452,BrocantoHPilot1WOSession2,2025.2.4,Win32,59.95203837,1269.965,1,1,2,38.922,0,24.874,38.922,1310.465,0,23,23,23,1,OBJ-N5-SBJ-N4-PUSH-TR-LOC-N2.mp3,OBJ-N5-SBJ-N4-PUSH-TR-LOC-N2.mp4,OBJ-N4-SBJ-N5-PUSH-TR-LOC-N2.mp4,,,,,,,,,,,,,,,,,,,,,,,,,,,,,,,,,,,,,,,,,,,,,,,,,,,,,,,,,,,,,,,,,,,,,,,,
,,,,,,,,,,,,,,,,,,,,,,,,,1,,,ALP1109,19650915,2026-04-28_10h26.08.452,BrocantoHPilot1WOSession2,2025.2.4,Win32,59.95203837,1310.467,1,1,2,40.732,0,22.228,40.732,1352.881,0,24,24,24,1,OBJ-N5-SBJ-N4-HIDE-TR-LOC-N2.mp3,OBJ-N5-SBJ-N4-HIDE-TR-LOC-N2.mp4,OBJ-N5-SBJ-N2-REVEAL-TR-LOC-N4.mp4,,,,,,,,,,,,,,,,,,,,,,,,,,,,,,,,,,,,,,,,,,,,,,,,,,,,,,,,,,,,,,,,,,,,,,,,
,,,,,,,,,,,,,,,,,,,,,,,,,1,,,ALP1109,19650915,2026-04-28_10h26.08.452,BrocantoHPilot1WOSession2,2025.2.4,Win32,59.95203837,1352.885,1,2,1,25.43,0,22.255,25.43,1379.938,0,25,25,25,1,SBJ-N2-REVEAL-INTR-LOC-N4.mp3,SBJ-N2-REVEAL-INTR-LOC-N4.mp4,SBJ-N4-REVEAL-INTR-LOC-N2.mp4,,,,,,,,,,,,,,,,,,,,,,,,,,,,,,,,,,,,,,,,,,,,,,,,,,,,,,,,,,,,,,,,,,,,,,,,
,,,,,,,,,,,,,,,,,,,,,,,,,1,,,ALP1109,19650915,2026-04-28_10h26.08.452,BrocantoHPilot1WOSession2,2025.2.4,Win32,59.95203837,1379.941,1,2,2,30.127,1,19.454,30.127,1411.782,0,26,26,26,1,SBJ-N5-REVEAL-INTR-LOC-N4.mp3,SBJ-N5-REVEAL-INTR-LOC-N4.mp4,SBJ-N4-JUMP-INTR-LOC-N5.mp4,,,,,,,,,,,,,,,,,,,,,,,,,,,,,,,,,,,,,,,,,,,,,,,,,,,,,,,,,,,,,,,,,,,,,,,,
,,,,,,,,,,,,,,,,,,,,,,,,,1,,,ALP1109,19650915,2026-04-28_10h26.08.452,BrocantoHPilot1WOSession2,2025.2.4,Win32,59.95203837,1411.785,1,1,2,20.925,0,18.155,20.925,1434.886,0,27,27,27,1,OBJ-N5-SBJ-N4-REVEAL-TR-LOC-N1.mp3,OBJ-N5-SBJ-N4-REVEAL-TR-LOC-N1.mp4,OBJ-N4-SBJ-N5-REVEAL-TR-LOC-N1.mp4,,,,,,,,,,,,,,,,,,,,,,,,,,,,,,,,,,,,,,,,,,,,,,,,,,,,,,,,,,,,,,,,,,,,,,,,
,,,,,,,,,,,,,,,,,,,,,,,,,1,,,ALP1109,19650915,2026-04-28_10h26.08.452,BrocantoHPilot1WOSession2,2025.2.4,Win32,59.95203837,1434.887,1,1,2,26.278,0,24.16,26.278,1462.858,0,28,28,28,1,OBJ-N5-SBJ-N1-HIDE-TR-LOC-N2.mp3,OBJ-N5-SBJ-N1-HIDE-TR-LOC-N2.mp4,OBJ-N1-SBJ-N5-REVEAL-TR-LOC-N2.mp4,,,,,,,,,,,,,,,,,,,,,,,,,,,,,,,,,,,,,,,,,,,,,,,,,,,,,,,,,,,,,,,,,,,,,,,,
,,,,,,,,,,,,,,,,,,,,,,,,,1,,,ALP1109,19650915,2026-04-28_10h26.08.452,BrocantoHPilot1WOSession2,2025.2.4,Win32,59.95203837,1462.859,1,2,1,15.236,0,15.139,15.236,1480.055,0,29,29,29,1,OBJ-N5-SBJ-N2-PUSH-TR-LOC-N4.mp3,OBJ-N5-SBJ-N2-PUSH-TR-LOC-N4.mp4,OBJ-N2-SBJ-N5-PUSH-TR-LOC-N4.mp4,,,,,,,,,,,,,,,,,,,,,,,,,,,,,,,,,,,,,,,,,,,,,,,,,,,,,,,,,,,,,,,,,,,,,,,,
,,,,,,,,,,,,,,,,,,,,,,,,,1,,,ALP1109,19650915,2026-04-28_10h26.08.452,BrocantoHPilot1WOSession2,2025.2.4,Win32,59.95203837,1480.058,1,2,2,18.086,1,17.683,18.086,1500.556,0,30,30,30,1,OBJ-N5-SBJ-N1-REVEAL-TR-LOC-N3.mp3,OBJ-N5-SBJ-N1-REVEAL-TR-LOC-N3.mp4,OBJ-N3-SBJ-N1-HIDE-TR-LOC-N5.mp4,,,,,,,,,,,,,,,,,,,,,,,,,,,,,,,,,,,,,,,,,,,,,,,,,,,,,,,,,,,,,,,,,,,,,,,,
,,,,,,,,,,,,,,,,,,,,,,,,,1,,,ALP1109,19650915,2026-04-28_10h26.08.452,BrocantoHPilot1WOSession2,2025.2.4,Win32,59.95203837,1500.557,1,2,2,18.297,1,17.067,18.297,1520.524,0,31,31,31,1,SBJ-N3-GO-INTR.mp3,SBJ-N3-GO-INTR.mp4,SBJ-N3-HIDE-INTR.mp4,,,,,,,,,,,,,,,,,,,,,,,,,,,,,,,,,,,,,,,,,,,,,,,,,,,,,,,,,,,,,,,,,,,,,,,,
,,,,,,,,,,,,,,,,,,,,,,,,,1,,,ALP1109,19650915,2026-04-28_10h26.08.452,BrocantoHPilot1WOSession2,2025.2.4,Win32,59.95203837,1520.525,1,2,1,29.606,0,28.561,29.606,1551.78,0,32,32,32,1,OBJ-N5-SBJ-N3-PUSH-TR-LOC-N4.mp3,OBJ-N5-SBJ-N3-PUSH-TR-LOC-N4.mp4,OBJ-N4-SBJ-N3-PUSH-TR-LOC-N5.mp4,,,,,,,,,,,,,,,,,,,,,,,,,,,,,,,,,,,,,,,,,,,,,,,,,,,,,,,,,,,,,,,,,,,,,,,,
,,,,,,,,,,,,,,,,,,,,,,,,,1,,,ALP1109,19650915,2026-04-28_10h26.08.452,BrocantoHPilot1WOSession2,2025.2.4,Win32,59.95203837,1551.781,1,1,1,32.413,1,22.16,32.413,1586.025,0,33,33,33,1,OBJ-N5-Ab-SBJ-N1-HIDE-TR.mp3,OBJ-N5-Ab-SBJ-N1-HIDE-TR.mp4,OBJ-N5-Aa-SBJ-N1-PUSH-TR.mp4,,,,,,,,,,,,,,,,,,,,,,,,,,,,,,,,,,,,,,,,,,,,,,,,,,,,,,,,,,,,,,,,,,,,,,,,
,,,,,,,,,,,,,,,,,,,,,,,,,1,,,ALP1109,19650915,2026-04-28_10h26.08.452,BrocantoHPilot1WOSession2,2025.2.4,Win32,59.95203837,1586.026,1,2,2,19.954,1,19.524,19.954,1607.643,0,34,34,34,1,SBJ-N1-JUMP-INTR.mp3,SBJ-N1-JUMP-INTR.mp4,SBJ-N1-GO-INTR.mp4,,,,,,,,,,,,,,,,,,,,,,,,,,,,,,,,,,,,,,,,,,,,,,,,,,,,,,,,,,,,,,,,,,,,,,,,
,,,,,,,,,,,,,,,,,,,,,,,,,1,,,ALP1109,19650915,2026-04-28_10h26.08.452,BrocantoHPilot1WOSession2,2025.2.4,Win32,59.95203837,1607.646,1,1,2,21.532,0,20.789,21.532,1630.834,0,35,35,35,1,SBJ-N2-HIDE-INTR-LOC-N3.mp3,SBJ-N2-HIDE-INTR-LOC-N3.mp4,SBJ-N3-GO-INTR-LOC-N2.mp4,,,,,,,,,,,,,,,,,,,,,,,,,,,,,,,,,,,,,,,,,,,,,,,,,,,,,,,,,,,,,,,,,,,,,,,,
,,,,,,,,,,,,,,,,,,,,,,,,,1,,,ALP1109,19650915,2026-04-28_10h26.08.452,BrocantoHPilot1WOSession2,2025.2.4,Win32,59.95203837,1630.835,1,2,2,26.807,1,24.42,26.807,1659.313,0,36,36,36,1,SBJ-N4-HIDE-INTR-LOC-N5.mp3,SBJ-N4-HIDE-INTR-LOC-N5.mp4,SBJ-N5-HIDE-INTR-LOC-N4.mp4,,,,,,,,,,,,,,,,,,,,,,,,,,,,,,,,,,,,,,,,,,,,,,,,,,,,,,,,,,,,,,,,,,,,,,,,
,,,,,,,,,,,,,,,,,,,,,,,,,1,,,ALP1109,19650915,2026-04-28_10h26.08.452,BrocantoHPilot1WOSession2,2025.2.4,Win32,59.95203837,1659.314,1,2,2,27.553,1,23.2,27.553,1688.545,0,37,37,37,1,SBJ-N5-GO-INTR-LOC-N4.mp3,SBJ-N5-GO-INTR-LOC-N4.mp4,SBJ-N4-REVEAL-INTR-LOC-N5.mp4,,,,,,,,,,,,,,,,,,,,,,,,,,,,,,,,,,,,,,,,,,,,,,,,,,,,,,,,,,,,,,,,,,,,,,,,
,,,,,,,,,,,,,,,,,,,,,,,,,1,,,ALP1109,19650915,2026-04-28_10h26.08.452,BrocantoHPilot1WOSession2,2025.2.4,Win32,59.95203837,1688.549,1,2,2,35.786,1,35.449,35.786,1740.198,0,38,38,38,1,SBJ-N3-JUMP-INTR-LOC-N2.mp3,SBJ-N3-JUMP-INTR-LOC-N2.mp4,SBJ-N2-JUMP-INTR-LOC-N3.mp4,,,,,,,,,,,,,,,,,,,,,,,,,,,,,,,,,,,,,,,,,,,,,,,,,,,,,,,,,,,,,,,,,,,,,,,,
,,,,,,,,,,,,,,,,,,,,,,,,,1,,,ALP1109,19650915,2026-04-28_10h26.08.452,BrocantoHPilot1WOSession2,2025.2.4,Win32,59.95203837,1740.204,1,2,2,22.443,1,21.909,22.443,1764.322,0,39,39,39,1,SBJ-N4-JUMP-INTR-LOC-N1.mp3,SBJ-N4-JUMP-INTR-LOC-N1.mp4,SBJ-N1-REVEAL-INTR-LOC-N4.mp4,,,,,,,,,,,,,,,,,,,,,,,,,,,,,,,,,,,,,,,,,,,,,,,,,,,,,,,,,,,,,,,,,,,,,,,,
,,,,,,,,,,,,,,,,,,,,,,,,,1,,,ALP1109,19650915,2026-04-28_10h26.08.452,BrocantoHPilot1WOSession2,2025.2.4,Win32,59.95203837,1764.323,1,1,1,36.874,1,20.91,36.874,1802.852,0,40,40,40,1,Ab-OBJ-N5-SBJ-N2-HIDE-TR.mp3,Ab-OBJ-N5-SBJ-N2-HIDE-TR.mp4,OBJ-N2-Aa-SBJ-N5-HIDE-TR.mp4,,,,,,,,,,,,,,,,,,,,,,,,,,,,,,,,,,,,,,,,,,,,,,,,,,,,,,,,,,,,,,,,,,,,,,,,
,,,,,,,,,,,,,,,,,,,,,,,,,1,,,ALP1109,19650915,2026-04-28_10h26.08.452,BrocantoHPilot1WOSession2,2025.2.4,Win32,59.95203837,1802.853,1,1,2,39.305,0,20.761,39.305,1843.926,0,41,41,41,1,OBJ-N5-SBJ-N3-REVEAL-TR-LOC-N4.mp3,OBJ-N5-SBJ-N3-REVEAL-TR-LOC-N4.mp4,OBJ-N4-SBJ-N3-REVEAL-TR-LOC-N5.mp4,,,,,,,,,,,,,,,,,,,,,,,,,,,,,,,,,,,,,,,,,,,,,,,,,,,,,,,,,,,,,,,,,,,,,,,,
,,,,,,,,,,,,,,,,,,,,,,,,,1,,,ALP1109,19650915,2026-04-28_10h26.08.452,BrocantoHPilot1WOSession2,2025.2.4,Win32,59.95203837,,,,,,,,,,,,,,,OBJ.N5 SBJ.N4 HIDE-TR,,,1854.726,1,OBJ-N5-SBJ-N4-HIDE-TR.mp4,N5|N4|HIDE,JUMP|N5|N4|HIDE|Ab|N2|REVEAL,timó|dabi|zsübe,bonip|timó|dabi|zsübe|zsot|murak|girda,0,8.879,35.328,dabi timó zsübe,1923.474,0,0,0,0,1,OBJ-N5-SBJ-N4-HIDE-TR.mp4,N5|N4|HIDE,JUMP|N5|N4|HIDE|Ab|N2|REVEAL,timó dabi zsübe,timó|dabi|zsübe,bonip|timó|dabi|zsübe|zsot|murak|girda,,,,,,,,,,,,,,,,,,,,,,,,,,,,,,,,,,,,,,,,,,,,,,,,,
,,,,,,,,,,,,,,,,,,,,,,,,,1,,,ALP1109,19650915,2026-04-28_10h26.08.452,BrocantoHPilot1WOSession2,2025.2.4,Win32,59.95203837,,,,,,,,,,,,,,,SBJ.N3 JUMP-INTR,,,1923.99,1,SBJ-N3-JUMP-INTR.mp4,N3|JUMP,N2|N1|Aa|JUMP|Ab|N3,zilép|bonip,murak|pekli|gyék|bonip|zsot|zilép,1,7.659,15.329,zilép bonip,1943.588,0,1,1,1,1,SBJ-N3-JUMP-INTR.mp4,N3|JUMP,N2|N1|Aa|JUMP|Ab|N3,zilép bonip,zilép|bonip,murak|pekli|gyék|bonip|zsot|zilép,,,,,,,,,,,,,,,,,,,,,,,,,,,,,,,,,,,,,,,,,,,,,,,,,
,,,,,,,,,,,,,,,,,,,,,,,,,1,,,ALP1109,19650915,2026-04-28_10h26.08.452,BrocantoHPilot1WOSession2,2025.2.4,Win32,59.95203837,,,,,,,,,,,,,,,SBJ.N4 GO-INTR,,,1944.096,1,SBJ-N4-GO-INTR.mp4,N4|GO,N4|REVEAL|N2|N1|GO|JUMP,dabi|kávler,dabi|girda|murak|pekli|kávler|bonip,0,6.302,14.48,dabi bonip,1965.978,0,2,2,2,1,SBJ-N4-GO-INTR.mp4,N4|GO,N4|REVEAL|N2|N1|GO|JUMP,dabi kávler,dabi|kávler,dabi|girda|murak|pekli|kávler|bonip,,,,,,,,,,,,,,,,,,,,,,,,,,,,,,,,,,,,,,,,,,,,,,,,,
,,,,,,,,,,,,,,,,,,,,,,,,,1,,,ALP1109,19650915,2026-04-28_10h26.08.452,BrocantoHPilot1WOSession2,2025.2.4,Win32,59.95203837,,,,,,,,,,,,,,,OBJ.N5 SBJ.N4 PUSH-TR,,,1966.498,1,OBJ-N5-SBJ-N4-PUSH-TR.mp4,N5|N4|PUSH,N2|GO|N1|JUMP|N5|PUSH|N4,timó|dabi|vánta,murak|kávler|pekli|bonip|timó|vánta|dabi,0,5.655,57.915,dabi timó vánta,2028.679,0,3,3,3,1,OBJ-N5-SBJ-N4-PUSH-TR.mp4,N5|N4|PUSH,N2|GO|N1|JUMP|N5|PUSH|N4,timó dabi vánta,timó|dabi|vánta,murak|kávler|pekli|bonip|timó|vánta|dabi,,,,,,,,,,,,,,,,,,,,,,,,,,,,,,,,,,,,,,,,,,,,,,,,,
,,,,,,,,,,,,,,,,,,,,,,,,,1,,,ALP1109,19650915,2026-04-28_10h26.08.452,BrocantoHPilot1WOSession2,2025.2.4,Win32,59.95203837,,,,,,,,,,,,,,,OBJ.N5 SBJ.N3 REVEAL-TR,,,2029.194,1,OBJ-N5-SBJ-N3-REVEAL-TR.mp4,N5|N3|REVEAL,REVEAL|Ab|PUSH|N3|N5|Aa|N1,timó|zilép|girda,girda|zsot|vánta|zilép|timó|gyék|pekli,0,7.125,48.384,zilép timó girda,2080.419,0,4,4,4,1,OBJ-N5-SBJ-N3-REVEAL-TR.mp4,N5|N3|REVEAL,REVEAL|Ab|PUSH|N3|N5|Aa|N1,timó zilép girda,timó|zilép|girda,girda|zsot|vánta|zilép|timó|gyék|pekli,,,,,,,,,,,,,,,,,,,,,,,,,,,,,,,,,,,,,,,,,,,,,,,,,
,,,,,,,,,,,,,,,,,,,,,,,,,1,,,ALP1109,19650915,2026-04-28_10h26.08.452,BrocantoHPilot1WOSession2,2025.2.4,Win32,59.95203837,,,,,,,,,,,,,,,SBJ.N4 HIDE-INTR,,,2080.934,1,SBJ-N4-HIDE-INTR.mp4,N4|HIDE,Ab|GO|HIDE|N4|Aa|JUMP,dabi|zsübe,zsot|kávler|zsübe|dabi|gyék|bonip,1,12.209,26.931,dabi zsübe,2113.314,0,5,5,5,1,SBJ-N4-HIDE-INTR.mp4,N4|HIDE,Ab|GO|HIDE|N4|Aa|JUMP,dabi zsübe,dabi|zsübe,zsot|kávler|zsübe|dabi|gyék|bonip,,,,,,,,,,,,,,,,,,,,,,,,,,,,,,,,,,,,,,,,,,,,,,,,,
,,,,,,,,,,,,,,,,,,,,,,,,,1,,,ALP1109,19650915,2026-04-28_10h26.08.452,BrocantoHPilot1WOSession2,2025.2.4,Win32,59.95203837,,,,,,,,,,,,,,,OBJ.N5 SBJ.N4 PUSH-TR,,,2113.817,1,OBJ-N5-SBJ-N4-PUSH-TR.mp4,N5|N4|PUSH,N5|Aa|N3|Ab|PUSH|N1|N4,timó|dabi|vánta,timó|gyék|zilép|zsot|vánta|pekli|dabi,0,6.037,28.382,dabi timó vánta,2148.829,0,6,6,6,1,OBJ-N5-SBJ-N4-PUSH-TR.mp4,N5|N4|PUSH,N5|Aa|N3|Ab|PUSH|N1|N4,timó dabi vánta,timó|dabi|vánta,timó|gyék|zilép|zsot|vánta|pekli|dabi,,,,,,,,,,,,,,,,,,,,,,,,,,,,,,,,,,,,,,,,,,,,,,,,,
,,,,,,,,,,,,,,,,,,,,,,,,,1,,,ALP1109,19650915,2026-04-28_10h26.08.452,BrocantoHPilot1WOSession2,2025.2.4,Win32,59.95203837,,,,,,,,,,,,,,,SBJ.N3 REVEAL-INTR,,,2149.346,1,SBJ-N3-REVEAL-INTR.mp4,N3|REVEAL,N1|N4|HIDE|N5|REVEAL|N3,zilép|girda,pekli|dabi|zsübe|timó|girda|zilép,1,4.087,9.325,zilép girda,2162.183,0,7,7,7,1,SBJ-N3-REVEAL-INTR.mp4,N3|REVEAL,N1|N4|HIDE|N5|REVEAL|N3,zilép girda,zilép|girda,pekli|dabi|zsübe|timó|girda|zilép,,,,,,,,,,,,,,,,,,,,,,,,,,,,,,,,,,,,,,,,,,,,,,,,,
,,,,,,,,,,,,,,,,,,,,,,,,,1,,,ALP1109,19650915,2026-04-28_10h26.08.452,BrocantoHPilot1WOSession2,2025.2.4,Win32,59.95203837,,,,,,,,,,,,,,,OBJ.N5 SBJ.N4 REVEAL-TR,,,2162.699,1,OBJ-N5-SBJ-N4-REVEAL-TR.mp4,N5|N4|REVEAL,Ab|JUMP|N2|REVEAL|N5|PUSH|N4,timó|dabi|girda,zsot|bonip|murak|girda|timó|vánta|dabi,0,6.434,48.754,timó vánta,2215.542,0,8,8,8,1,OBJ-N5-SBJ-N4-REVEAL-TR.mp4,N5|N4|REVEAL,Ab|JUMP|N2|REVEAL|N5|PUSH|N4,timó dabi girda,timó|dabi|girda,zsot|bonip|murak|girda|timó|vánta|dabi,,,,,,,,,,,,,,,,,,,,,,,,,,,,,,,,,,,,,,,,,,,,,,,,,
,,,,,,,,,,,,,,,,,,,,,,,,,1,,,ALP1109,19650915,2026-04-28_10h26.08.452,BrocantoHPilot1WOSession2,2025.2.4,Win32,59.95203837,,,,,,,,,,,,,,,SBJ.N3 JUMP-INTR,,,2216.048,1,SBJ-N3-JUMP-INTR.mp4,N3|JUMP,JUMP|PUSH|Aa|N3|Ab|GO,zilép|bonip,bonip|vánta|gyék|zilép|zsot|kávler,1,12.061,22.237,zilép bonip,2241.601,0,9,9,9,1,SBJ-N3-JUMP-INTR.mp4,N3|JUMP,JUMP|PUSH|Aa|N3|Ab|GO,zilép bonip,zilép|bonip,bonip|vánta|gyék|zilép|zsot|kávler,,,,,,,,,,,,,,,,,,,,,,,,,,,,,,,,,,,,,,,,,,,,,,,,,
,,,,,,,,,,,,,,,,,,,,,,,,,1,,,ALP1109,19650915,2026-04-28_10h26.08.452,BrocantoHPilot1WOSession2,2025.2.4,Win32,59.95203837,,,,,,,,,,,,,,,OBJ.N5 SBJ.N4 HIDE-TR,,,2242.117,1,OBJ-N5-SBJ-N4-HIDE-TR.mp4,N5|N4|HIDE,N4|N3|REVEAL|N5|HIDE|Aa|N1,timó|dabi|zsübe,dabi|zilép|girda|timó|zsübe|gyék|pekli,1,7.149,24.512,timó dabi zsübe,2276.971,0,10,10,10,1,OBJ-N5-SBJ-N4-HIDE-TR.mp4,N5|N4|HIDE,N4|N3|REVEAL|N5|HIDE|Aa|N1,timó dabi zsübe,timó|dabi|zsübe,dabi|zilép|girda|timó|zsübe|gyék|pekli,,,,,,,,,,,,,,,,,,,,,,,,,,,,,,,,,,,,,,,,,,,,,,,,,
,,,,,,,,,,,,,,,,,,,,,,,,,1,,,ALP1109,19650915,2026-04-28_10h26.08.452,BrocantoHPilot1WOSession2,2025.2.4,Win32,59.95203837,,,,,,,,,,,,,,,SBJ.N2 REVEAL-INTR,,,2277.481,1,SBJ-N2-REVEAL-INTR.mp4,N2|REVEAL,HIDE|N2|GO|REVEAL|PUSH|N5,murak|girda,zsübe|murak|kávler|girda|vánta|timó,1,7.277,11.99,murak girda,2291.909,0,11,11,11,1,SBJ-N2-REVEAL-INTR.mp4,N2|REVEAL,HIDE|N2|GO|REVEAL|PUSH|N5,murak girda,murak|girda,zsübe|murak|kávler|girda|vánta|timó,,,,,,,,,,,,,,,,,,,,,,,,,,,,,,,,,,,,,,,,,,,,,,,,,
,,,,,,,,,,,,,,,,,,,,,,,,,1,,,ALP1109,19650915,2026-04-28_10h26.08.452,BrocantoHPilot1WOSession2,2025.2.4,Win32,59.95203837,,,,,,,,,,,,,,,OBJ.N5 SBJ.N4 HIDE-TR,,,2292.425,1,OBJ-N5-SBJ-N4-HIDE-TR.mp4,N5|N4|HIDE,Ab|HIDE|N4|N3|N2|GO|N5,timó|dabi|zsübe,zsot|zsübe|dabi|zilép|murak|kávler|timó,0,6.712,21.661,zsot timó dabi zsübe,2318.11,0,12,12,12,1,OBJ-N5-SBJ-N4-HIDE-TR.mp4,N5|N4|HIDE,Ab|HIDE|N4|N3|N2|GO|N5,timó dabi zsübe,timó|dabi|zsübe,zsot|zsübe|dabi|zilép|murak|kávler|timó,,,,,,,,,,,,,,,,,,,,,,,,,,,,,,,,,,,,,,,,,,,,,,,,,
,,,,,,,,,,,,,,,,,,,,,,,,,1,,,ALP1109,19650915,2026-04-28_10h26.08.452,BrocantoHPilot1WOSession2,2025.2.4,Win32,59.95203837,,,,,,,,,,,,,,,SBJ.N1 GO-INTR,,,2318.613,1,SBJ-N1-GO-INTR.mp4,N1|GO,HIDE|N2|N1|GO|REVEAL|N3,pekli|kávler,zsübe|murak|pekli|kávler|girda|zilép,1,6.591,14.236,pekli kávler,2335.859,0,13,13,13,1,SBJ-N1-GO-INTR.mp4,N1|GO,HIDE|N2|N1|GO|REVEAL|N3,pekli kávler,pekli|kávler,zsübe|murak|pekli|kávler|girda|zilép,,,,,,,,,,,,,,,,,,,,,,,,,,,,,,,,,,,,,,,,,,,,,,,,,
,,,,,,,,,,,,,,,,,,,,,,,,,1,,,ALP1109,19650915,2026-04-28_10h26.08.452,BrocantoHPilot1WOSession2,2025.2.4,Win32,59.95203837,,,,,,,,,,,,,,,OBJ.N5 SBJ.N3 REVEAL-TR,,,2336.378,1,OBJ-N5-SBJ-N3-REVEAL-TR.mp4,N5|N3|REVEAL,N5|N4|REVEAL|N3|PUSH|GO|N2,timó|zilép|girda,timó|dabi|girda|zilép|vánta|kávler|murak,0,7.107,35.994,timó zilép kávler,2376.542,0,14,14,14,1,OBJ-N5-SBJ-N3-REVEAL-TR.mp4,N5|N3|REVEAL,N5|N4|REVEAL|N3|PUSH|GO|N2,timó zilép girda,timó|zilép|girda,timó|dabi|girda|zilép|vánta|kávler|murak,,,,,,,,,,,,,,,,,,,,,,,,,,,,,,,,,,,,,,,,,,,,,,,,,
,,,,,,,,,,,,,,,,,,,,,,,,,1,,,ALP1109,19650915,2026-04-28_10h26.08.452,BrocantoHPilot1WOSession2,2025.2.4,Win32,59.95203837,,,,,,,,,,,,,,,SBJ.N3 JUMP-INTR,,,2377.048,1,SBJ-N3-JUMP-INTR.mp4,N3|JUMP,JUMP|N2|REVEAL|N5|N3|N4,zilép|bonip,bonip|murak|girda|timó|zilép|dabi,1,6.553,16.611,zilép bonip,2397.82,0,15,15,15,1,SBJ-N3-JUMP-INTR.mp4,N3|JUMP,JUMP|N2|REVEAL|N5|N3|N4,zilép bonip,zilép|bonip,bonip|murak|girda|timó|zilép|dabi,,,,,,,,,,,,,,,,,,,,,,,,,,,,,,,,,,,,,,,,,,,,,,,,,
,,,,,,,,,,,,,,,,,,,,,,,,,1,,,ALP1109,19650915,2026-04-28_10h26.08.452,BrocantoHPilot1WOSession2,2025.2.4,Win32,59.95203837,,,,,,,,,,,,,,,SBJ.N4 HIDE-INTR,,,2398.329,1,SBJ-N4-HIDE-INTR.mp4,N4|HIDE,GO|N4|Ab|N1|N2|HIDE,dabi|zsübe,kávler|dabi|zsot|pekli|murak|zsübe,1,17.57,26.745,dabi zsübe,2434.935,0,16,16,16,1,SBJ-N4-HIDE-INTR.mp4,N4|HIDE,GO|N4|Ab|N1|N2|HIDE,dabi zsübe,dabi|zsübe,kávler|dabi|zsot|pekli|murak|zsübe,,,,,,,,,,,,,,,,,,,,,,,,,,,,,,,,,,,,,,,,,,,,,,,,,
,,,,,,,,,,,,,,,,,,,,,,,,,1,,,ALP1109,19650915,2026-04-28_10h26.08.452,BrocantoHPilot1WOSession2,2025.2.4,Win32,59.95203837,,,,,,,,,,,,,,,OBJ.N5 SBJ.N2 PUSH-TR,,,2435.441,1,OBJ-N5-SBJ-N2-PUSH-TR.mp4,N5|N2|PUSH,PUSH|N4|Ab|N1|N2|HIDE|N5,timó|murak|vánta,vánta|dabi|zsot|pekli|murak|zsübe|timó,0,5.891,22.668,murak timó vánta,2464.559,0,17,17,17,1,OBJ-N5-SBJ-N2-PUSH-TR.mp4,N5|N2|PUSH,PUSH|N4|Ab|N1|N2|HIDE|N5,timó murak vánta,timó|murak|vánta,vánta|dabi|zsot|pekli|murak|zsübe|timó,,,,,,,,,,,,,,,,,,,,,,,,,,,,,,,,,,,,,,,,,,,,,,,,,
,,,,,,,,,,,,,,,,,,,,,,,,,1,,,ALP1109,19650915,2026-04-28_10h26.08.452,BrocantoHPilot1WOSession2,2025.2.4,Win32,59.95203837,,,,,,,,,,,,,,,SBJ.N5 REVEAL-INTR,,,2465.067,1,SBJ-N5-REVEAL-INTR.mp4,N5|REVEAL,PUSH|N5|GO|REVEAL|JUMP|N4,timó|girda,vánta|timó|kávler|girda|bonip|dabi,1,7.701,14.411,timó girda,2482.288,0,18,18,18,1,SBJ-N5-REVEAL-INTR.mp4,N5|REVEAL,PUSH|N5|GO|REVEAL|JUMP|N4,timó girda,timó|girda,vánta|timó|kávler|girda|bonip|dabi,,,,,,,,,,,,,,,,,,,,,,,,,,,,,,,,,,,,,,,,,,,,,,,,,
,,,,,,,,,,,,,,,,,,,,,,,,,1,,,ALP1109,19650915,2026-04-28_10h26.08.452,BrocantoHPilot1WOSession2,2025.2.4,Win32,59.95203837,,,,,,,,,,,,,,,SBJ.N3 HIDE-INTR,,,2482.798,1,SBJ-N3-HIDE-INTR.mp4,N3|HIDE,N2|N3|N5|HIDE|N1|N4,zilép|zsübe,murak|zilép|timó|zsübe|pekli|dabi,1,6.614,11.088,zilép zsübe,2496.464,0,19,19,19,1,SBJ-N3-HIDE-INTR.mp4,N3|HIDE,N2|N3|N5|HIDE|N1|N4,zilép zsübe,zilép|zsübe,murak|zilép|timó|zsübe|pekli|dabi,,,,,,,,,,,,,,,,,,,,,,,,,,,,,,,,,,,,,,,,,,,,,,,,,
,,,,,,,,,,,,,,,,,,,,,,,,,1,,,ALP1109,19650915,2026-04-28_10h26.08.452,BrocantoHPilot1WOSession2,2025.2.4,Win32,59.95203837,,,,,,,,,,,,,,,OBJ.N5 SBJ.N2 PUSH-TR,,,2496.97,1,OBJ-N5-SBJ-N2-PUSH-TR.mp4,N5|N2|PUSH,JUMP|N1|N2|N3|PUSH|Ab|N5,timó|murak|vánta,bonip|pekli|murak|zilép|vánta|zsot|timó,1,5.397,18.838,timó murak vánta,2519.949,0,20,20,20,1,OBJ-N5-SBJ-N2-PUSH-TR.mp4,N5|N2|PUSH,JUMP|N1|N2|N3|PUSH|Ab|N5,timó murak vánta,timó|murak|vánta,bonip|pekli|murak|zilép|vánta|zsot|timó,,,,,,,,,,,,,,,,,,,,,,,,,,,,,,,,,,,,,,,,,,,,,,,,,
,,,,,,,,,,,,,,,,,,,,,,,,,1,,,ALP1109,19650915,2026-04-28_10h26.08.452,BrocantoHPilot1WOSession2,2025.2.4,Win32,59.95203837,,,,,,,,,,,,,,,OBJ.N5 SBJ.N1 PUSH-TR,,,2520.474,1,OBJ-N5-SBJ-N1-PUSH-TR.mp4,N5|N1|PUSH,JUMP|GO|PUSH|N1|Ab|Aa|N5,timó|pekli|vánta,bonip|kávler|vánta|pekli|zsot|gyék|timó,1,5.778,14.885,timó pekli vánta,2538.48,0,21,21,21,1,OBJ-N5-SBJ-N1-PUSH-TR.mp4,N5|N1|PUSH,JUMP|GO|PUSH|N1|Ab|Aa|N5,timó pekli vánta,timó|pekli|vánta,bonip|kávler|vánta|pekli|zsot|gyék|timó,,,,,,,,,,,,,,,,,,,,,,,,,,,,,,,,,,,,,,,,,,,,,,,,,
,,,,,,,,,,,,,,,,,,,,,,,,,1,,,ALP1109,19650915,2026-04-28_10h26.08.452,BrocantoHPilot1WOSession2,2025.2.4,Win32,59.95203837,,,,,,,,,,,,,,,OBJ.N5 SBJ.N2 HIDE-TR LOC.N3,,,2538.983,1,OBJ-N5-SBJ-N2-HIDE-TR-LOC-N3.mp4,N5|N2|HIDE|N3,Aa|N5|N2|HIDE|N4|N1|GO|N3,timó|murak|zsübe|zilép,gyék|timó|murak|zsübe|dabi|pekli|kávler|zilép,0,6.853,30.711,murak timó zsübe,2579.656,0,22,22,22,1,OBJ-N5-SBJ-N2-HIDE-TR-LOC-N3.mp4,N5|N2|HIDE|N3,Aa|N5|N2|HIDE|N4|N1|GO|N3,timó murak zsübe zilép,timó|murak|zsübe|zilép,gyék|timó|murak|zsübe|dabi|pekli|kávler|zilép,,,,,,,,,,,,,,,,,,,,,,,,,,,,,,,,,,,,,,,,,,,,,,,,,
,,,,,,,,,,,,,,,,,,,,,,,,,1,,,ALP1109,19650915,2026-04-28_10h26.08.452,BrocantoHPilot1WOSession2,2025.2.4,Win32,59.95203837,,,,,,,,,,,,,,,SBJ.N4 REVEAL-INTR LOC.N3,,,2580.181,1,SBJ-N4-REVEAL-INTR-LOC-N3.mp4,N4|REVEAL|N3,N2|N3|Aa|N5|PUSH|REVEAL|N4,dabi|girda|zilép,murak|zilép|gyék|timó|vánta|girda|dabi,0,7.076,19.481,dabi zilép girda,2604.921,0,23,23,23,1,SBJ-N4-REVEAL-INTR-LOC-N3.mp4,N4|REVEAL|N3,N2|N3|Aa|N5|PUSH|REVEAL|N4,dabi girda zilép,dabi|girda|zilép,murak|zilép|gyék|timó|vánta|girda|dabi,,,,,,,,,,,,,,,,,,,,,,,,,,,,,,,,,,,,,,,,,,,,,,,,,
,,,,,,,,,,,,,,,,,,,,,,,,,1,,,ALP1109,19650915,2026-04-28_10h26.08.452,BrocantoHPilot1WOSession2,2025.2.4,Win32,59.95203837,,,,,,,,,,,,,,,SBJ.N4 REVEAL-INTR LOC.N3,,,2605.431,1,SBJ-N4-REVEAL-INTR-LOC-N3.mp4,N4|REVEAL|N3,HIDE|PUSH|Ab|N3|REVEAL|GO|N4,dabi|girda|zilép,zsübe|vánta|zsot|zilép|girda|kávler|dabi,0,6.275,22.644,zilép dabi girda,2633.026,0,24,24,24,1,SBJ-N4-REVEAL-INTR-LOC-N3.mp4,N4|REVEAL|N3,HIDE|PUSH|Ab|N3|REVEAL|GO|N4,dabi girda zilép,dabi|girda|zilép,zsübe|vánta|zsot|zilép|girda|kávler|dabi,,,,,,,,,,,,,,,,,,,,,,,,,,,,,,,,,,,,,,,,,,,,,,,,,
,,,,,,,,,,,,,,,,,,,,,,,,,1,,,ALP1109,19650915,2026-04-28_10h26.08.452,BrocantoHPilot1WOSession2,2025.2.4,Win32,59.95203837,,,,,,,,,,,,,,,OBJ.N5 SBJ.N1 PUSH-TR LOC.N2,,,2633.543,1,OBJ-N5-SBJ-N1-PUSH-TR-LOC-N2.mp4,N5|N1|PUSH|N2,N1|N2|HIDE|PUSH|N5|GO|REVEAL|N3,timó|pekli|vánta|murak,pekli|murak|zsübe|vánta|timó|kávler|girda|zilép,0,5.875,28.819,murak zilép timó vánta,2664.666,0,25,25,25,1,OBJ-N5-SBJ-N1-PUSH-TR-LOC-N2.mp4,N5|N1|PUSH|N2,N1|N2|HIDE|PUSH|N5|GO|REVEAL|N3,timó pekli vánta murak,timó|pekli|vánta|murak,pekli|murak|zsübe|vánta|timó|kávler|girda|zilép,,,,,,,,,,,,,,,,,,,,,,,,,,,,,,,,,,,,,,,,,,,,,,,,,
,,,,,,,,,,,,,,,,,,,,,,,,,1,,,ALP1109,19650915,2026-04-28_10h26.08.452,BrocantoHPilot1WOSession2,2025.2.4,Win32,59.95203837,,,,,,,,,,,,,,,OBJ.N5 SBJ.N1 REVEAL-TR LOC.N3,,,2665.182,1,OBJ-N5-SBJ-N1-REVEAL-TR-LOC-N3.mp4,N5|N1|REVEAL|N3,N5|N3|GO|N2|HIDE|N1|JUMP|REVEAL,timó|pekli|girda|zilép,timó|zilép|kávler|murak|zsübe|pekli|bonip|girda,0,9.331,40.239,timó zsübe pekli zilép,2712.292,0,26,26,26,1,OBJ-N5-SBJ-N1-REVEAL-TR-LOC-N3.mp4,N5|N1|REVEAL|N3,N5|N3|GO|N2|HIDE|N1|JUMP|REVEAL,timó pekli girda zilép,timó|pekli|girda|zilép,timó|zilép|kávler|murak|zsübe|pekli|bonip|girda,,,,,,,,,,,,,,,,,,,,,,,,,,,,,,,,,,,,,,,,,,,,,,,,,
,,,,,,,,,,,,,,,,,,,,,,,,,1,,,ALP1109,19650915,2026-04-28_10h26.08.452,BrocantoHPilot1WOSession2,2025.2.4,Win32,59.95203837,,,,,,,,,,,,,,,SBJ.N1 REVEAL-INTR LOC.N5,,,2712.804,1,SBJ-N1-REVEAL-INTR-LOC-N5.mp4,N1|REVEAL|N5,N1|REVEAL|Ab|N4|N5|HIDE|N3,pekli|girda|timó,pekli|girda|zsot|dabi|timó|zsübe|zilép,0,7.392,17.822,pekli zsübe timó,2742.87,0,27,27,27,1,SBJ-N1-REVEAL-INTR-LOC-N5.mp4,N1|REVEAL|N5,N1|REVEAL|Ab|N4|N5|HIDE|N3,pekli girda timó,pekli|girda|timó,pekli|girda|zsot|dabi|timó|zsübe|zilép,,,,,,,,,,,,,,,,,,,,,,,,,,,,,,,,,,,,,,,,,,,,,,,,,
,,,,,,,,,,,,,,,,,,,,,,,,,1,,,ALP1109,19650915,2026-04-28_10h26.08.452,BrocantoHPilot1WOSession2,2025.2.4,Win32,59.95203837,,,,,,,,,,,,,,,OBJ.N5 SBJ.N2 PUSH-TR LOC.N3,,,2743.382,1,OBJ-N5-SBJ-N2-PUSH-TR-LOC-N3.mp4,N5|N2|PUSH|N3,GO|N1|REVEAL|N2|N5|Ab|PUSH|N3,timó|murak|vánta|zilép,kávler|pekli|girda|murak|timó|zsot|vánta|zilép,0,5.266,65.133,timó murak zilép vánta,2812.339,0,28,28,28,1,OBJ-N5-SBJ-N2-PUSH-TR-LOC-N3.mp4,N5|N2|PUSH|N3,GO|N1|REVEAL|N2|N5|Ab|PUSH|N3,timó murak vánta zilép,timó|murak|vánta|zilép,kávler|pekli|girda|murak|timó|zsot|vánta|zilép,,,,,,,,,,,,,,,,,,,,,,,,,,,,,,,,,,,,,,,,,,,,,,,,,
,,,,,,,,,,,,,,,,,,,,,,,,,1,,,ALP1109,19650915,2026-04-28_10h26.08.452,BrocantoHPilot1WOSession2,2025.2.4,Win32,59.95203837,,,,,,,,,,,,,,,OBJ.N5 SBJ.N1 HIDE-TR LOC.N2,,,2812.842,1,OBJ-N5-SBJ-N1-HIDE-TR-LOC-N2.mp4,N5|N1|HIDE|N2,HIDE|N2|PUSH|N4|N1|JUMP|Ab|N5,timó|pekli|zsübe|murak,zsübe|murak|vánta|dabi|pekli|bonip|zsot|timó,0,6.433,26.415,zsot pekli timó zsübe,2842.402,0,29,29,29,1,OBJ-N5-SBJ-N1-HIDE-TR-LOC-N2.mp4,N5|N1|HIDE|N2,HIDE|N2|PUSH|N4|N1|JUMP|Ab|N5,timó pekli zsübe murak,timó|pekli|zsübe|murak,zsübe|murak|vánta|dabi|pekli|bonip|zsot|timó,,,,,,,,,,,,,,,,,,,,,,,,,,,,,,,,,,,,,,,,,,,,,,,,,
,,,,,,,,,,,,,,,,,,,,,,,,,1,,,ALP1109,19650915,2026-04-28_10h26.08.452,BrocantoHPilot1WOSession2,2025.2.4,Win32,59.95203837,,,,,,,,,,,,,,,OBJ.N5 SBJ.N2 PUSH-TR LOC.N4,,,2842.931,1,OBJ-N5-SBJ-N2-PUSH-TR-LOC-N4.mp4,N5|N2|PUSH|N4,N5|N4|REVEAL|N1|N2|GO|PUSH|N3,timó|murak|vánta|dabi,timó|dabi|girda|pekli|murak|kávler|vánta|zilép,0,5.373,34.925,murak dabi timó vánta,2880.837,0,30,30,30,1,OBJ-N5-SBJ-N2-PUSH-TR-LOC-N4.mp4,N5|N2|PUSH|N4,N5|N4|REVEAL|N1|N2|GO|PUSH|N3,timó murak vánta dabi,timó|murak|vánta|dabi,timó|dabi|girda|pekli|murak|kávler|vánta|zilép,,,,,,,,,,,,,,,,,,,,,,,,,,,,,,,,,,,,,,,,,,,,,,,,,
,,,,,,,,,,,,,,,,,,,,,,,,,1,,,ALP1109,19650915,2026-04-28_10h26.08.452,BrocantoHPilot1WOSession2,2025.2.4,Win32,59.95203837,,,,,,,,,,,,,,,OBJ.N5 SBJ.N3 REVEAL-TR,,,2881.342,1,OBJ-N5-SBJ-N3-REVEAL-TR.mp4,N5|N3|REVEAL,GO|Aa|REVEAL|N3|N5|N1|JUMP,timó|zilép|girda,kávler|gyék|girda|zilép|timó|pekli|bonip,0,6.658,26.369,timó girda zilép,2915.504,0,31,31,31,1,OBJ-N5-SBJ-N3-REVEAL-TR.mp4,N5|N3|REVEAL,GO|Aa|REVEAL|N3|N5|N1|JUMP,timó zilép girda,timó|zilép|girda,kávler|gyék|girda|zilép|timó|pekli|bonip,,,,,,,,,,,,,,,,,,,,,,,,,,,,,,,,,,,,,,,,,,,,,,,,,
,,,,,,,,,,,,,,,,,,,,,,,,,1,,,ALP1109,19650915,2026-04-28_10h26.08.452,BrocantoHPilot1WOSession2,2025.2.4,Win32,59.95203837,,,,,,,,,,,,,,,OBJ.N5 SBJ.N3 HIDE-TR LOC.N4,,,2916.008,1,OBJ-N5-SBJ-N3-HIDE-TR-LOC-N4.mp4,N5|N3|HIDE|N4,N4|N2|JUMP|REVEAL|N3|HIDE|N5|Ab,timó|zilép|zsübe|dabi,dabi|murak|bonip|girda|zilép|zsübe|timó|zsot,0,6.488,43.15,timó zilép zsübe,2962.269,0,32,32,32,1,OBJ-N5-SBJ-N3-HIDE-TR-LOC-N4.mp4,N5|N3|HIDE|N4,N4|N2|JUMP|REVEAL|N3|HIDE|N5|Ab,timó zilép zsübe dabi,timó|zilép|zsübe|dabi,dabi|murak|bonip|girda|zilép|zsübe|timó|zsot,,,,,,,,,,,,,,,,,,,,,,,,,,,,,,,,,,,,,,,,,,,,,,,,,
,,,,,,,,,,,,,,,,,,,,,,,,,1,,,ALP1109,19650915,2026-04-28_10h26.08.452,BrocantoHPilot1WOSession2,2025.2.4,Win32,59.95203837,,,,,,,,,,,,,,,Aa SBJ.N5 JUMP-INTR,,,2962.782,1,Aa-SBJ-N5-JUMP-INTR.mp4,Aa|N5|JUMP,JUMP|N4|GO|N1|Aa|Ab|N5,gyék|timó|bonip,bonip|dabi|kávler|pekli|gyék|zsot|timó,0,20.414,31.277,timó zsot bonip,2998.207,0,33,33,33,1,Aa-SBJ-N5-JUMP-INTR.mp4,Aa|N5|JUMP,JUMP|N4|GO|N1|Aa|Ab|N5,gyék timó bonip,gyék|timó|bonip,bonip|dabi|kávler|pekli|gyék|zsot|timó,,,,,,,,,,,,,,,,,,,,,,,,,,,,,,,,,,,,,,,,,,,,,,,,,
,,,,,,,,,,,,,,,,,,,,,,,,,1,,,ALP1109,19650915,2026-04-28_10h26.08.452,BrocantoHPilot1WOSession2,2025.2.4,Win32,59.95203837,,,,,,,,,,,,,,,SBJ.N3 HIDE-INTR,,,2998.722,1,SBJ-N3-HIDE-INTR.mp4,N3|HIDE,HIDE|Aa|REVEAL|GO|N2|N3,zilép|zsübe,zsübe|gyék|girda|kávler|murak|zilép,1,7.006,12.73,zilép zsübe,3014.662,0,34,34,34,1,SBJ-N3-HIDE-INTR.mp4,N3|HIDE,HIDE|Aa|REVEAL|GO|N2|N3,zilép zsübe,zilép|zsübe,zsübe|gyék|girda|kávler|murak|zilép,,,,,,,,,,,,,,,,,,,,,,,,,,,,,,,,,,,,,,,,,,,,,,,,,
,,,,,,,,,,,,,,,,,,,,,,,,,1,,,ALP1109,19650915,2026-04-28_10h26.08.452,BrocantoHPilot1WOSession2,2025.2.4,Win32,59.95203837,,,,,,,,,,,,,,,SBJ.N3 GO-INTR LOC.N2,,,3015.167,1,SBJ-N3-GO-INTR-LOC-N2.mp4,N3|GO|N2,GO|PUSH|N3|Ab|N1|HIDE|N2,zilép|kávler|murak,kávler|vánta|zilép|zsot|pekli|zsübe|murak,1,6.296,24.873,zilép kávler murak,3043.288,0,35,35,35,1,SBJ-N3-GO-INTR-LOC-N2.mp4,N3|GO|N2,GO|PUSH|N3|Ab|N1|HIDE|N2,zilép kávler murak,zilép|kávler|murak,kávler|vánta|zilép|zsot|pekli|zsübe|murak,,,,,,,,,,,,,,,,,,,,,,,,,,,,,,,,,,,,,,,,,,,,,,,,,
,,,,,,,,,,,,,,,,,,,,,,,,,1,,,ALP1109,19650915,2026-04-28_10h26.08.452,BrocantoHPilot1WOSession2,2025.2.4,Win32,59.95203837,,,,,,,,,,,,,,,SBJ.N1 HIDE-INTR LOC.N5,,,3043.792,1,SBJ-N1-HIDE-INTR-LOC-N5.mp4,N1|HIDE|N5,Ab|PUSH|Aa|N5|N1|REVEAL|HIDE,pekli|zsübe|timó,zsot|vánta|gyék|timó|pekli|girda|zsübe,0,6.082,42.915,timó zsübe pekli,3090.798,0,36,36,36,1,SBJ-N1-HIDE-INTR-LOC-N5.mp4,N1|HIDE|N5,Ab|PUSH|Aa|N5|N1|REVEAL|HIDE,pekli zsübe timó,pekli|zsübe|timó,zsot|vánta|gyék|timó|pekli|girda|zsübe,,,,,,,,,,,,,,,,,,,,,,,,,,,,,,,,,,,,,,,,,,,,,,,,,
,,,,,,,,,,,,,,,,,,,,,,,,,1,,,ALP1109,19650915,2026-04-28_10h26.08.452,BrocantoHPilot1WOSession2,2025.2.4,Win32,59.95203837,,,,,,,,,,,,,,,SBJ.N1 JUMP-INTR LOC.N5,,,3091.319,1,SBJ-N1-JUMP-INTR-LOC-N5.mp4,N1|JUMP|N5,PUSH|N2|N1|N5|GO|JUMP|Aa,pekli|bonip|timó,vánta|murak|pekli|timó|kávler|bonip|gyék,1,5.504,22.681,pekli bonip timó,3117.109,0,37,37,37,1,SBJ-N1-JUMP-INTR-LOC-N5.mp4,N1|JUMP|N5,PUSH|N2|N1|N5|GO|JUMP|Aa,pekli bonip timó,pekli|bonip|timó,vánta|murak|pekli|timó|kávler|bonip|gyék,,,,,,,,,,,,,,,,,,,,,,,,,,,,,,,,,,,,,,,,,,,,,,,,,
,,,,,,,,,,,,,,,,,,,,,,,,,1,,,ALP1109,19650915,2026-04-28_10h26.08.452,BrocantoHPilot1WOSession2,2025.2.4,Win32,59.95203837,,,,,,,,,,,,,,,SBJ.N5 GO-INTR LOC.N3,,,3117.639,1,SBJ-N5-GO-INTR-LOC-N3.mp4,N5|GO|N3,N5|N4|N3|PUSH|GO|HIDE|Aa,timó|kávler|zilép,timó|dabi|zilép|vánta|kávler|zsübe|gyék,1,7.891,32.737,timó kávler zilép,3153.605,0,38,38,38,1,SBJ-N5-GO-INTR-LOC-N3.mp4,N5|GO|N3,N5|N4|N3|PUSH|GO|HIDE|Aa,timó kávler zilép,timó|kávler|zilép,timó|dabi|zilép|vánta|kávler|zsübe|gyék,,,,,,,,,,,,,,,,,,,,,,,,,,,,,,,,,,,,,,,,,,,,,,,,,
,,,,,,,,,,,,,,,,,,,,,,,,,1,,,ALP1109,19650915,2026-04-28_10h26.08.452,BrocantoHPilot1WOSession2,2025.2.4,Win32,59.95203837,,,,,,,,,,,,,,,SBJ.N5 HIDE-INTR LOC.N2,,,3154.115,1,SBJ-N5-HIDE-INTR-LOC-N2.mp4,N5|HIDE|N2,HIDE|N2|JUMP|N5|Aa|N3|Ab,timó|zsübe|murak,zsübe|murak|bonip|timó|gyék|zilép|zsot,0,7.777,55.945,murak zsübe timó,3214.637,0,39,39,39,1,SBJ-N5-HIDE-INTR-LOC-N2.mp4,N5|HIDE|N2,HIDE|N2|JUMP|N5|Aa|N3|Ab,timó zsübe murak,timó|zsübe|murak,zsübe|murak|bonip|timó|gyék|zilép|zsot,,,,,,,,,,,,,,,,,,,,,,,,,,,,,,,,,,,,,,,,,,,,,,,,,
,,,,,,,,,,,,,,,,,,,,,,,,,1,,,ALP1109,19650915,2026-04-28_10h26.08.452,BrocantoHPilot1WOSession2,2025.2.4,Win32,59.95203837,,,,,,,,,,,,,,,OBJ.N5 SBJ.N3 HIDE-TR LOC.N2,,,3215.169,1,OBJ-N5-SBJ-N3-HIDE-TR-LOC-N2.mp4,N5|N3|HIDE|N2,Aa|Ab|PUSH|REVEAL|N3|HIDE|N2|N5,timó|zilép|zsübe|murak,gyék|zsot|vánta|girda|zilép|zsübe|murak|timó,0,16.174,38.338,timó zilép zsübe,3256.369,0,40,40,40,1,OBJ-N5-SBJ-N3-HIDE-TR-LOC-N2.mp4,N5|N3|HIDE|N2,Aa|Ab|PUSH|REVEAL|N3|HIDE|N2|N5,timó zilép zsübe murak,timó|zilép|zsübe|murak,gyék|zsot|vánta|girda|zilép|zsübe|murak|timó,,,,,,,,,,,,,,,,,,,,,,,,,,,,,,,,,,,,,,,,,,,,,,,,,
,,,,,,,,,,,,,,,,,,,,,,,,,1,,,ALP1109,19650915,2026-04-28_10h26.08.452,BrocantoHPilot1WOSession2,2025.2.4,Win32,59.95203837,,,,,,,,,,,,,,,Ab OBJ.N5 SBJ.N2 HIDE-TR,,,3256.879,1,Ab-OBJ-N5-SBJ-N2-HIDE-TR.mp4,Ab|N5|N2|HIDE,N1|N5|N4|Ab|HIDE|REVEAL|N2|PUSH,zsot|timó|murak|zsübe,pekli|timó|dabi|zsot|zsübe|girda|murak|vánta,0,7.386,17.093,murak timó zsübe,3276.477,0,41,41,41,1,Ab-OBJ-N5-SBJ-N2-HIDE-TR.mp4,Ab|N5|N2|HIDE,N1|N5|N4|Ab|HIDE|REVEAL|N2|PUSH,zsot timó murak zsübe,zsot|timó|murak|zsübe,pekli|timó|dabi|zsot|zsübe|girda|murak|vánta,,,,,,,,,,,,,,,,,,,,,,,,,,,,,,,,,,,,,,,,,,,,,,,,,
,,,,,,,,,,,,,,,,,,,,,,,,,1,,,ALP1109,19650915,2026-04-28_10h26.08.452,BrocantoHPilot1WOSession2,2025.2.4,Win32,59.95203837,,,,,,,,,,,,,,,,,,,,,,,,,,,,,,,,,,,,,,,,,3303.587,chunkTest_s1,0,1,N4-N2.mp3,0,4.593,6,1,6.394,7.312,3312.154,0,0,0,8,1,N4-N2.mp3,0,,,,,,,,,,,,,,,,,,,,,,,,,,,,,,
,,,,,,,,,,,,,,,,,,,,,,,,,1,,,ALP1109,19650915,2026-04-28_10h26.08.452,BrocantoHPilot1WOSession2,2025.2.4,Win32,59.95203837,,,,,,,,,,,,,,,,,,,,,,,,,,,,,,,,,,,,,,,,,3312.715,chunkTest_s1,1,1,N1-N2.mp3,0,4.509,6,1,6.132,6.524,3321.2,0,1,1,18,1,N1-N2.mp3,0,,,,,,,,,,,,,,,,,,,,,,,,,,,,,,
,,,,,,,,,,,,,,,,,,,,,,,,,1,,,ALP1109,19650915,2026-04-28_10h26.08.452,BrocantoHPilot1WOSession2,2025.2.4,Win32,59.95203837,,,,,,,,,,,,,,,,,,,,,,,,,,,,,,,,,,,,,,,,,3321.708,chunkTest_s1,2,1,N1-JUMP.mp3,3,4.467,6,1,6.173,7.457,3330.937,0,2,2,5,1,N1-JUMP.mp3,3,,,,,,,,,,,,,,,,,,,,,,,,,,,,,,
,,,,,,,,,,,,,,,,,,,,,,,,,1,,,ALP1109,19650915,2026-04-28_10h26.08.452,BrocantoHPilot1WOSession2,2025.2.4,Win32,59.95203837,,,,,,,,,,,,,,,,,,,,,,,,,,,,,,,,,,,,,,,,,3331.464,chunkTest_s1,3,1,PUSH-PUSH.mp3,0,1.668,6,1,3.29,6.159,3338.912,0,3,3,16,1,PUSH-PUSH.mp3,0,,,,,,,,,,,,,,,,,,,,,,,,,,,,,,
,,,,,,,,,,,,,,,,,,,,,,,,,1,,,ALP1109,19650915,2026-04-28_10h26.08.452,BrocantoHPilot1WOSession2,2025.2.4,Win32,59.95203837,,,,,,,,,,,,,,,,,,,,,,,,,,,,,,,,,,,,,,,,,3339.415,chunkTest_s1,4,1,N2-HIDE.mp3,8,2.172,6,1,3.891,4.562,3344.518,0,4,4,11,1,N2-HIDE.mp3,8,,,,,,,,,,,,,,,,,,,,,,,,,,,,,,
,,,,,,,,,,,,,,,,,,,,,,,,,1,,,ALP1109,19650915,2026-04-28_10h26.08.452,BrocantoHPilot1WOSession2,2025.2.4,Win32,59.95203837,,,,,,,,,,,,,,,,,,,,,,,,,,,,,,,,,,,,,,,,,3345.022,chunkTest_s1,5,1,N5-N3.mp3,19,1.507,6,1,3.176,3.606,3349.175,0,5,5,10,1,N5-N3.mp3,19,,,,,,,,,,,,,,,,,,,,,,,,,,,,,,
,,,,,,,,,,,,,,,,,,,,,,,,,1,,,ALP1109,19650915,2026-04-28_10h26.08.452,BrocantoHPilot1WOSession2,2025.2.4,Win32,59.95203837,,,,,,,,,,,,,,,,,,,,,,,,,,,,,,,,,,,,,,,,,3349.694,chunkTest_s1,6,1,N4-N4.mp3,0,1.252,6,1,2.862,3.357,3354.514,0,6,6,1,1,N4-N4.mp3,0,,,,,,,,,,,,,,,,,,,,,,,,,,,,,,
,,,,,,,,,,,,,,,,,,,,,,,,,1,,,ALP1109,19650915,2026-04-28_10h26.08.452,BrocantoHPilot1WOSession2,2025.2.4,Win32,59.95203837,,,,,,,,,,,,,,,,,,,,,,,,,,,,,,,,,,,,,,,,,3355.015,chunkTest_s1,7,1,N4-Aa.mp3,0,0.995,6,1,2.73,5.317,3361.11,0,7,7,6,1,N4-Aa.mp3,0,,,,,,,,,,,,,,,,,,,,,,,,,,,,,,
,,,,,,,,,,,,,,,,,,,,,,,,,1,,,ALP1109,19650915,2026-04-28_10h26.08.452,BrocantoHPilot1WOSession2,2025.2.4,Win32,59.95203837,,,,,,,,,,,,,,,,,,,,,,,,,,,,,,,,,,,,,,,,,3361.618,chunkTest_s1,8,1,N1-N1.mp3,0,1.496,6,1,3.375,3.375,3365.803,0,8,8,7,1,N1-N1.mp3,0,,,,,,,,,,,,,,,,,,,,,,,,,,,,,,
,,,,,,,,,,,,,,,,,,,,,,,,,1,,,ALP1109,19650915,2026-04-28_10h26.08.452,BrocantoHPilot1WOSession2,2025.2.4,Win32,59.95203837,,,,,,,,,,,,,,,,,,,,,,,,,,,,,,,,,,,,,,,,,3366.312,chunkTest_s1,9,1,GO-N4.mp3,2,1.576,6,1,3.518,4.044,3370.959,0,9,9,12,1,GO-N4.mp3,2,,,,,,,,,,,,,,,,,,,,,,,,,,,,,,
,,,,,,,,,,,,,,,,,,,,,,,,,1,,,ALP1109,19650915,2026-04-28_10h26.08.452,BrocantoHPilot1WOSession2,2025.2.4,Win32,59.95203837,,,,,,,,,,,,,,,,,,,,,,,,,,,,,,,,,,,,,,,,,3371.466,chunkTest_s1,10,1,REVEAL-N3.mp3,7,2.069,6,1,4.096,11.621,3383.993,0,10,10,13,1,REVEAL-N3.mp3,7,,,,,,,,,,,,,,,,,,,,,,,,,,,,,,
,,,,,,,,,,,,,,,,,,,,,,,,,1,,,ALP1109,19650915,2026-04-28_10h26.08.452,BrocantoHPilot1WOSession2,2025.2.4,Win32,59.95203837,,,,,,,,,,,,,,,,,,,,,,,,,,,,,,,,,,,,,,,,,3384.514,chunkTest_s1,11,1,N4-N5.mp3,0,1.032,6,1,2.643,2.998,3388.206,0,11,11,15,1,N4-N5.mp3,0,,,,,,,,,,,,,,,,,,,,,,,,,,,,,,
,,,,,,,,,,,,,,,,,,,,,,,,,1,,,ALP1109,19650915,2026-04-28_10h26.08.452,BrocantoHPilot1WOSession2,2025.2.4,Win32,59.95203837,,,,,,,,,,,,,,,,,,,,,,,,,,,,,,,,,,,,,,,,,3388.728,chunkTest_s1,12,1,HIDE-N1.mp3,2,1.073,6,1,2.748,3.597,3393.006,0,12,12,4,1,HIDE-N1.mp3,2,,,,,,,,,,,,,,,,,,,,,,,,,,,,,,
,,,,,,,,,,,,,,,,,,,,,,,,,1,,,ALP1109,19650915,2026-04-28_10h26.08.452,BrocantoHPilot1WOSession2,2025.2.4,Win32,59.95203837,,,,,,,,,,,,,,,,,,,,,,,,,,,,,,,,,,,,,,,,,3393.515,chunkTest_s1,13,1,HIDE-JUMP.mp3,0,0.839,6,1,2.554,4.494,3398.81,0,13,13,14,1,HIDE-JUMP.mp3,0,,,,,,,,,,,,,,,,,,,,,,,,,,,,,,
,,,,,,,,,,,,,,,,,,,,,,,,,1,,,ALP1109,19650915,2026-04-28_10h26.08.452,BrocantoHPilot1WOSession2,2025.2.4,Win32,59.95203837,,,,,,,,,,,,,,,,,,,,,,,,,,,,,,,,,,,,,,,,,3399.328,chunkTest_s1,14,1,N5-Ab.mp3,3,1.042,6,1,2.476,2.741,3402.743,0,14,14,19,1,N5-Ab.mp3,3,,,,,,,,,,,,,,,,,,,,,,,,,,,,,,
,,,,,,,,,,,,,,,,,,,,,,,,,1,,,ALP1109,19650915,2026-04-28_10h26.08.452,BrocantoHPilot1WOSession2,2025.2.4,Win32,59.95203837,,,,,,,,,,,,,,,,,,,,,,,,,,,,,,,,,,,,,,,,,3403.262,chunkTest_s1,15,1,N2-N3.mp3,0,1.035,6,1,4.268,5.899,3411.353,0,15,15,3,1,N2-N3.mp3,0,,,,,,,,,,,,,,,,,,,,,,,,,,,,,,
,,,,,,,,,,,,,,,,,,,,,,,,,1,,,ALP1109,19650915,2026-04-28_10h26.08.452,BrocantoHPilot1WOSession2,2025.2.4,Win32,59.95203837,,,,,,,,,,,,,,,,,,,,,,,,,,,,,,,,,,,,,,,,,3411.86,chunkTest_s1,16,1,N1-GO.mp3,4,1.532,6,1,3.658,4.727,3417.388,0,16,16,9,1,N1-GO.mp3,4,,,,,,,,,,,,,,,,,,,,,,,,,,,,,,
,,,,,,,,,,,,,,,,,,,,,,,,,1,,,ALP1109,19650915,2026-04-28_10h26.08.452,BrocantoHPilot1WOSession2,2025.2.4,Win32,59.95203837,,,,,,,,,,,,,,,,,,,,,,,,,,,,,,,,,,,,,,,,,3417.917,chunkTest_s1,17,1,REVEAL-N4.mp3,6,1,6,1,2.685,3.105,3421.941,0,17,17,2,1,REVEAL-N4.mp3,6,,,,,,,,,,,,,,,,,,,,,,,,,,,,,,
,,,,,,,,,,,,,,,,,,,,,,,,,1,,,ALP1109,19650915,2026-04-28_10h26.08.452,BrocantoHPilot1WOSession2,2025.2.4,Win32,59.95203837,,,,,,,,,,,,,,,,,,,,,,,,,,,,,,,,,,,,,,,,,3422.443,chunkTest_s1,18,1,JUMP-N5.mp3,1,0.877,6,1,2.909,3.878,3427.249,0,18,18,0,1,JUMP-N5.mp3,1,,,,,,,,,,,,,,,,,,,,,,,,,,,,,,
,,,,,,,,,,,,,,,,,,,,,,,,,1,,,ALP1109,19650915,2026-04-28_10h26.08.452,BrocantoHPilot1WOSession2,2025.2.4,Win32,59.95203837,,,,,,,,,,,,,,,,,,,,,,,,,,,,,,,,,,,,,,,,,3427.758,chunkTest_s1,19,1,GO-PUSH.mp3,0,6.526,6,3,3.353,8.951,3437.35,0,19,19,17,1,GO-PUSH.mp3,0,,,,,,,,,,,,,,,,,,,,,,,,,,,,,,
,,,,,,,,,,,,,,,,,,,,,,,,,1,,,ALP1109,19650915,2026-04-28_10h26.08.452,BrocantoHPilot1WOSession2,2025.2.4,Win32,59.95203837,,,,,,,,,,,,,,,,,,,,,,,,,,,,,,,,,,,,,,,,,3443.338,GJTest_s1,0,1,SBJ-N4-REVEAL-INTR-LOC-N3-LOC-N1.mp3,,1.583,6,1,4.825,4.896,3448.986,,,,,,SBJ-N4-REVEAL-INTR-LOC-N3-LOC-N1.mp3,,0,0,0,12,1,,,,,,,,,,,,,,,,,,,,,,,,,
,,,,,,,,,,,,,,,,,,,,,,,,,1,,,ALP1109,19650915,2026-04-28_10h26.08.452,BrocantoHPilot1WOSession2,2025.2.4,Win32,59.95203837,,,,,,,,,,,,,,,,,,,,,,,,,,,,,,,,,,,,,,,,,3449.506,GJTest_s1,1,1,SBJ-N3-JUMP-INTR.mp3,6,1.145,6,1,3.019,3.983,3454.271,,,,,,SBJ-N3-JUMP-INTR.mp3,6,0,1,1,0,1,,,,,,,,,,,,,,,,,,,,,,,,,
,,,,,,,,,,,,,,,,,,,,,,,,,1,,,ALP1109,19650915,2026-04-28_10h26.08.452,BrocantoHPilot1WOSession2,2025.2.4,Win32,59.95203837,,,,,,,,,,,,,,,,,,,,,,,,,,,,,,,,,,,,,,,,,3454.78,GJTest_s1,2,1,OBJ-N1-SBJ-N2-Ab-GO-INTR.mp3,,1.16,6,1,4.114,4.114,3459.649,,,,,,OBJ-N1-SBJ-N2-Ab-GO-INTR.mp3,,0,2,2,17,1,,,,,,,,,,,,,,,,,,,,,,,,,
,,,,,,,,,,,,,,,,,,,,,,,,,1,,,ALP1109,19650915,2026-04-28_10h26.08.452,BrocantoHPilot1WOSession2,2025.2.4,Win32,59.95203837,,,,,,,,,,,,,,,,,,,,,,,,,,,,,,,,,,,,,,,,,3460.156,GJTest_s1,3,1,SBJ-N3-Aa-PUSH-TR.mp3,,0.859,6,1,3.754,3.942,3466.203,,,,,,SBJ-N3-Aa-PUSH-TR.mp3,,0,3,3,18,1,,,,,,,,,,,,,,,,,,,,,,,,,
,,,,,,,,,,,,,,,,,,,,,,,,,1,,,ALP1109,19650915,2026-04-28_10h26.08.452,BrocantoHPilot1WOSession2,2025.2.4,Win32,59.95203837,,,,,,,,,,,,,,,,,,,,,,,,,,,,,,,,,,,,,,,,,3466.711,GJTest_s1,4,1,Ab-SBJ-N5-JUMP-INTR.mp3,0,1.342,6,1,3.236,3.614,3471.219,,,,,,Ab-SBJ-N5-JUMP-INTR.mp3,0,0,4,4,9,1,,,,,,,,,,,,,,,,,,,,,,,,,
,,,,,,,,,,,,,,,,,,,,,,,,,1,,,ALP1109,19650915,2026-04-28_10h26.08.452,BrocantoHPilot1WOSession2,2025.2.4,Win32,59.95203837,,,,,,,,,,,,,,,,,,,,,,,,,,,,,,,,,,,,,,,,,3471.731,GJTest_s1,5,1,OBJ-N5-SBJ-N4-PUSH-TR.mp3,5,1.003,6,1,3.465,3.465,3475.908,,,,,,OBJ-N5-SBJ-N4-PUSH-TR.mp3,5,0,5,5,4,1,,,,,,,,,,,,,,,,,,,,,,,,,
,,,,,,,,,,,,,,,,,,,,,,,,,1,,,ALP1109,19650915,2026-04-28_10h26.08.452,BrocantoHPilot1WOSession2,2025.2.4,Win32,59.95203837,,,,,,,,,,,,,,,,,,,,,,,,,,,,,,,,,,,,,,,,,3476.418,GJTest_s1,6,1,OBJ-N4-Ab-SBJ-N2-PUSH-TR.mp3,0,0.925,6,1,3.634,4.091,3481.361,,,,,,OBJ-N4-Ab-SBJ-N2-PUSH-TR.mp3,0,0,6,6,6,1,,,,,,,,,,,,,,,,,,,,,,,,,
,,,,,,,,,,,,,,,,,,,,,,,,,1,,,ALP1109,19650915,2026-04-28_10h26.08.452,BrocantoHPilot1WOSession2,2025.2.4,Win32,59.95203837,,,,,,,,,,,,,,,,,,,,,,,,,,,,,,,,,,,,,,,,,3481.867,GJTest_s1,7,1,Ab-SBJ-N1-PUSH-TR.mp3,,0.994,6,1,3.399,3.599,3486.211,,,,,,Ab-SBJ-N1-PUSH-TR.mp3,,0,7,7,11,1,,,,,,,,,,,,,,,,,,,,,,,,,
,,,,,,,,,,,,,,,,,,,,,,,,,1,,,ALP1109,19650915,2026-04-28_10h26.08.452,BrocantoHPilot1WOSession2,2025.2.4,Win32,59.95203837,,,,,,,,,,,,,,,,,,,,,,,,,,,,,,,,,,,,,,,,,3486.723,GJTest_s1,8,1,Ab-SBJ-N2-GO-INTR.mp3,0,1.066,6,1,3.367,5.121,3492.756,,,,,,Ab-SBJ-N2-GO-INTR.mp3,0,0,8,8,7,1,,,,,,,,,,,,,,,,,,,,,,,,,
,,,,,,,,,,,,,,,,,,,,,,,,,1,,,ALP1109,19650915,2026-04-28_10h26.08.452,BrocantoHPilot1WOSession2,2025.2.4,Win32,59.95203837,,,,,,,,,,,,,,,,,,,,,,,,,,,,,,,,,,,,,,,,,3493.261,GJTest_s1,9,1,SBJ-N4-PUSH-TR.mp3,,1.037,6,1,2.695,3.374,3497.483,,,,,,SBJ-N4-PUSH-TR.mp3,,0,9,9,14,1,,,,,,,,,,,,,,,,,,,,,,,,,
,,,,,,,,,,,,,,,,,,,,,,,,,1,,,ALP1109,19650915,2026-04-28_10h26.08.452,BrocantoHPilot1WOSession2,2025.2.4,Win32,59.95203837,,,,,,,,,,,,,,,,,,,,,,,,,,,,,,,,,,,,,,,,,3497.988,GJTest_s1,10,1,OBJ-N2-Aa-SBJ-N3-PUSH-TR.mp3,0,1.043,6,1,4.173,8.89,3507.734,,,,,,OBJ-N2-Aa-SBJ-N3-PUSH-TR.mp3,0,0,10,10,8,1,,,,,,,,,,,,,,,,,,,,,,,,,
,,,,,,,,,,,,,,,,,,,,,,,,,1,,,ALP1109,19650915,2026-04-28_10h26.08.452,BrocantoHPilot1WOSession2,2025.2.4,Win32,59.95203837,,,,,,,,,,,,,,,,,,,,,,,,,,,,,,,,,,,,,,,,,3508.26,GJTest_s1,11,1,Ab-SBJ-N4-JUMP-INTR.mp3,0,1.096,6,1,2.998,8.663,3517.767,,,,,,Ab-SBJ-N4-JUMP-INTR.mp3,0,0,11,11,5,1,,,,,,,,,,,,,,,,,,,,,,,,,
,,,,,,,,,,,,,,,,,,,,,,,,,1,,,ALP1109,19650915,2026-04-28_10h26.08.452,BrocantoHPilot1WOSession2,2025.2.4,Win32,59.95203837,,,,,,,,,,,,,,,,,,,,,,,,,,,,,,,,,,,,,,,,,3518.283,GJTest_s1,12,1,SBJ-N4-REVEAL-INTR-LOC-N3.mp3,4,1.052,6,1,3.487,3.766,3523.013,,,,,,SBJ-N4-REVEAL-INTR-LOC-N3.mp3,4,0,12,12,2,1,,,,,,,,,,,,,,,,,,,,,,,,,
,,,,,,,,,,,,,,,,,,,,,,,,,1,,,ALP1109,19650915,2026-04-28_10h26.08.452,BrocantoHPilot1WOSession2,2025.2.4,Win32,59.95203837,,,,,,,,,,,,,,,,,,,,,,,,,,,,,,,,,,,,,,,,,3523.518,GJTest_s1,13,1,OBJ-N1-SBJ-N3-JUMP-INTR.mp3,,1.058,6,1,3.657,3.982,3528.531,,,,,,OBJ-N1-SBJ-N3-JUMP-INTR.mp3,,0,13,13,10,1,,,,,,,,,,,,,,,,,,,,,,,,,
,,,,,,,,,,,,,,,,,,,,,,,,,1,,,ALP1109,19650915,2026-04-28_10h26.08.452,BrocantoHPilot1WOSession2,2025.2.4,Win32,59.95203837,,,,,,,,,,,,,,,,,,,,,,,,,,,,,,,,,,,,,,,,,3529.066,GJTest_s1,14,1,SBJ-N2-Ab-PUSH-TR.mp3,,1.163,6,1,3.502,3.574,3533.373,,,,,,SBJ-N2-Ab-PUSH-TR.mp3,,0,14,14,16,1,,,,,,,,,,,,,,,,,,,,,,,,,
,,,,,,,,,,,,,,,,,,,,,,,,,1,,,ALP1109,19650915,2026-04-28_10h26.08.452,BrocantoHPilot1WOSession2,2025.2.4,Win32,59.95203837,,,,,,,,,,,,,,,,,,,,,,,,,,,,,,,,,,,,,,,,,3533.882,GJTest_s1,15,1,OBJ-N5-SBJ-N3-HIDE-TR-LOC-N4.mp3,2,1.099,6,1,4.155,5.621,3540.795,,,,,,OBJ-N5-SBJ-N3-HIDE-TR-LOC-N4.mp3,2,0,15,15,3,1,,,,,,,,,,,,,,,,,,,,,,,,,
,,,,,,,,,,,,,,,,,,,,,,,,,1,,,ALP1109,19650915,2026-04-28_10h26.08.452,BrocantoHPilot1WOSession2,2025.2.4,Win32,59.95203837,,,,,,,,,,,,,,,,,,,,,,,,,,,,,,,,,,,,,,,,,3541.299,GJTest_s1,16,1,OBJ-N5-Ab-SBJ-N1-PUSH-TR.mp3,1,1.217,6,1,4.048,5.221,3547.222,,,,,,OBJ-N5-Ab-SBJ-N1-PUSH-TR.mp3,1,0,16,16,1,1,,,,,,,,,,,,,,,,,,,,,,,,,
,,,,,,,,,,,,,,,,,,,,,,,,,1,,,ALP1109,19650915,2026-04-28_10h26.08.452,BrocantoHPilot1WOSession2,2025.2.4,Win32,59.95203837,,,,,,,,,,,,,,,,,,,,,,,,,,,,,,,,,,,,,,,,,3547.742,GJTest_s1,17,1,HIDE-TR-LOC-N4.mp3,,1.283,6,1,3.711,4.492,3552.968,,,,,,HIDE-TR-LOC-N4.mp3,,0,17,17,13,1,,,,,,,,,,,,,,,,,,,,,,,,,
,,,,,,,,,,,,,,,,,,,,,,,,,1,,,ALP1109,19650915,2026-04-28_10h26.08.452,BrocantoHPilot1WOSession2,2025.2.4,Win32,59.95203837,,,,,,,,,,,,,,,,,,,,,,,,,,,,,,,,,,,,,,,,,3553.476,GJTest_s1,18,1,OBJ-N1-SBJ-N5-Ab-JUMP-INTR.mp3,,0.973,6,1,4.691,4.691,3558.808,,,,,,OBJ-N1-SBJ-N5-Ab-JUMP-INTR.mp3,,0,18,18,19,1,,,,,,,,,,,,,,,,,,,,,,,,,
,,,,,,,,,,,,,,,,,,,,,,,,,1,,,ALP1109,19650915,2026-04-28_10h26.08.452,BrocantoHPilot1WOSession2,2025.2.4,Win32,59.95203837,,,,,,,,,,,,,,,,,,,,,,,,,,,,,,,,,,,,,,,,,3559.314,GJTest_s1,19,1,OBJ-N1-SBJ-N4-Ab-JUMP-INTR.mp3,,0.518,6,1,3.161,4.367,3564.577,,,,,,OBJ-N1-SBJ-N4-Ab-JUMP-INTR.mp3,,0,19,19,15,1,,,,,,,,,,,,,,,,,,,,,,,,,
,,,,,,,,,,,,3578.134,2,OBJ-N5-SBJ-N4-PUSH-TR-LOC-N1.mp4,OBJ-N5-SBJ-N4-PUSH-TR-LOC-N1.mp3,3647.988,mouse_continue,69.853,,,,,,,2,OBJ-N5-SBJ-N4-PUSH-TR-LOC-N1.mp4,OBJ-N5-SBJ-N4-PUSH-TR-LOC-N1.mp3,ALP1109,19650915,2026-04-28_10h26.08.452,BrocantoHPilot1WOSession2,2025.2.4,Win32,59.95203837,,,,,,,,,,,,,,,,,,,,,,,,,,,,,,,,,,,,,,,,,,,,,,,,,,,,,,,,,,,,,,,,,0,0,0,0,1,,,,,,,,,,,,,,,,,,,,
,,,,,,,,,,,,3647.993,2,SBJ-N3-REVEAL-INTR-LOC-N2.mp4,SBJ-N3-REVEAL-INTR-LOC-N2.mp3,3712.044,mouse_continue,64.051,,,,,,,2,SBJ-N3-REVEAL-INTR-LOC-N2.mp4,SBJ-N3-REVEAL-INTR-LOC-N2.mp3,ALP1109,19650915,2026-04-28_10h26.08.452,BrocantoHPilot1WOSession2,2025.2.4,Win32,59.95203837,,,,,,,,,,,,,,,,,,,,,,,,,,,,,,,,,,,,,,,,,,,,,,,,,,,,,,,,,,,,,,,,,0,1,1,1,1,,,,,,,,,,,,,,,,,,,,
,,,,,,,,,,,,3712.048,2,OBJ-N5-SBJ-N4-REVEAL-TR-LOC-N1.mp4,OBJ-N5-SBJ-N4-REVEAL-TR-LOC-N1.mp3,3752.958,mouse_continue,40.91,,,,,,,2,OBJ-N5-SBJ-N4-REVEAL-TR-LOC-N1.mp4,OBJ-N5-SBJ-N4-REVEAL-TR-LOC-N1.mp3,ALP1109,19650915,2026-04-28_10h26.08.452,BrocantoHPilot1WOSession2,2025.2.4,Win32,59.95203837,,,,,,,,,,,,,,,,,,,,,,,,,,,,,,,,,,,,,,,,,,,,,,,,,,,,,,,,,,,,,,,,,0,2,2,2,1,,,,,,,,,,,,,,,,,,,,
,,,,,,,,,,,,3752.962,2,SBJ-N5-REVEAL-INTR-LOC-N3.mp4,SBJ-N5-REVEAL-INTR-LOC-N3.mp3,3801.179,mouse_continue,48.216,,,,,,,2,SBJ-N5-REVEAL-INTR-LOC-N3.mp4,SBJ-N5-REVEAL-INTR-LOC-N3.mp3,ALP1109,19650915,2026-04-28_10h26.08.452,BrocantoHPilot1WOSession2,2025.2.4,Win32,59.95203837,,,,,,,,,,,,,,,,,,,,,,,,,,,,,,,,,,,,,,,,,,,,,,,,,,,,,,,,,,,,,,,,,0,3,3,3,1,,,,,,,,,,,,,,,,,,,,
,,,,,,,,,,,,3801.183,2,Ab-SBJ-N1-GO-INTR.mp4,Ab-SBJ-N1-GO-INTR.mp3,3840.546,mouse_continue,39.364,,,,,,,2,Ab-SBJ-N1-GO-INTR.mp4,Ab-SBJ-N1-GO-INTR.mp3,ALP1109,19650915,2026-04-28_10h26.08.452,BrocantoHPilot1WOSession2,2025.2.4,Win32,59.95203837,,,,,,,,,,,,,,,,,,,,,,,,,,,,,,,,,,,,,,,,,,,,,,,,,,,,,,,,,,,,,,,,,0,4,4,4,1,,,,,,,,,,,,,,,,,,,,
,,,,,,,,,,,,3840.549,2,Ab-OBJ-N5-SBJ-N2-HIDE-TR.mp4,Ab-OBJ-N5-SBJ-N2-HIDE-TR.mp3,3892.357,mouse_continue,51.807,,,,,,,2,Ab-OBJ-N5-SBJ-N2-HIDE-TR.mp4,Ab-OBJ-N5-SBJ-N2-HIDE-TR.mp3,ALP1109,19650915,2026-04-28_10h26.08.452,BrocantoHPilot1WOSession2,2025.2.4,Win32,59.95203837,,,,,,,,,,,,,,,,,,,,,,,,,,,,,,,,,,,,,,,,,,,,,,,,,,,,,,,,,,,,,,,,,0,5,5,5,1,,,,,,,,,,,,,,,,,,,,
,,,,,,,,,,,,3892.361,2,Ab-SBJ-N3-HIDE-INTR.mp4,Ab-SBJ-N3-HIDE-INTR.mp3,3915.779,mouse_continue,23.417,,,,,,,2,Ab-SBJ-N3-HIDE-INTR.mp4,Ab-SBJ-N3-HIDE-INTR.mp3,ALP1109,19650915,2026-04-28_10h26.08.452,BrocantoHPilot1WOSession2,2025.2.4,Win32,59.95203837,,,,,,,,,,,,,,,,,,,,,,,,,,,,,,,,,,,,,,,,,,,,,,,,,,,,,,,,,,,,,,,,,0,6,6,6,1,,,,,,,,,,,,,,,,,,,,
,,,,,,,,,,,,3915.783,2,OBJ-N5-SBJ-N4-PUSH-TR-LOC-N1.mp4,OBJ-N5-SBJ-N4-PUSH-TR-LOC-N1.mp3,3926.833,mouse_continue,11.05,,,,,,,2,OBJ-N5-SBJ-N4-PUSH-TR-LOC-N1.mp4,OBJ-N5-SBJ-N4-PUSH-TR-LOC-N1.mp3,ALP1109,19650915,2026-04-28_10h26.08.452,BrocantoHPilot1WOSession2,2025.2.4,Win32,59.95203837,,,,,,,,,,,,,,,,,,,,,,,,,,,,,,,,,,,,,,,,,,,,,,,,,,,,,,,,,,,,,,,,,0,7,7,7,1,,,,,,,,,,,,,,,,,,,,
,,,,,,,,,,,,3926.834,2,OBJ-N5-SBJ-N4-REVEAL-TR.mp4,OBJ-N5-SBJ-N4-REVEAL-TR.mp3,3938.617,mouse_continue,11.782,,,,,,,2,OBJ-N5-SBJ-N4-REVEAL-TR.mp4,OBJ-N5-SBJ-N4-REVEAL-TR.mp3,ALP1109,19650915,2026-04-28_10h26.08.452,BrocantoHPilot1WOSession2,2025.2.4,Win32,59.95203837,,,,,,,,,,,,,,,,,,,,,,,,,,,,,,,,,,,,,,,,,,,,,,,,,,,,,,,,,,,,,,,,,0,8,8,8,1,,,,,,,,,,,,,,,,,,,,
,,,,,,,,,,,,3938.621,2,SBJ-N5-REVEAL-INTR-LOC-N4.mp4,SBJ-N5-REVEAL-INTR-LOC-N4.mp3,3944.01,mouse_continue,5.389,,,,,,,2,SBJ-N5-REVEAL-INTR-LOC-N4.mp4,SBJ-N5-REVEAL-INTR-LOC-N4.mp3,ALP1109,19650915,2026-04-28_10h26.08.452,BrocantoHPilot1WOSession2,2025.2.4,Win32,59.95203837,,,,,,,,,,,,,,,,,,,,,,,,,,,,,,,,,,,,,,,,,,,,,,,,,,,,,,,,,,,,,,,,,0,9,9,9,1,,,,,,,,,,,,,,,,,,,,
,,,,,,,,,,,,3944.014,2,SBJ-N5-GO-INTR.mp4,SBJ-N5-GO-INTR.mp3,3949.45,mouse_continue,5.436,,,,,,,2,SBJ-N5-GO-INTR.mp4,SBJ-N5-GO-INTR.mp3,ALP1109,19650915,2026-04-28_10h26.08.452,BrocantoHPilot1WOSession2,2025.2.4,Win32,59.95203837,,,,,,,,,,,,,,,,,,,,,,,,,,,,,,,,,,,,,,,,,,,,,,,,,,,,,,,,,,,,,,,,,0,10,10,10,1,,,,,,,,,,,,,,,,,,,,
,,,,,,,,,,,,3949.452,2,OBJ-N5-SBJ-N3-HIDE-TR.mp4,OBJ-N5-SBJ-N3-HIDE-TR.mp3,3954.903,mouse_continue,5.452,,,,,,,2,OBJ-N5-SBJ-N3-HIDE-TR.mp4,OBJ-N5-SBJ-N3-HIDE-TR.mp3,ALP1109,19650915,2026-04-28_10h26.08.452,BrocantoHPilot1WOSession2,2025.2.4,Win32,59.95203837,,,,,,,,,,,,,,,,,,,,,,,,,,,,,,,,,,,,,,,,,,,,,,,,,,,,,,,,,,,,,,,,,0,11,11,11,1,,,,,,,,,,,,,,,,,,,,
,,,,,,,,,,,,3954.906,2,OBJ-N5-SBJ-N4-HIDE-TR-LOC-N1.mp4,OBJ-N5-SBJ-N4-HIDE-TR-LOC-N1.mp3,3960.759,mouse_continue,5.854,,,,,,,2,OBJ-N5-SBJ-N4-HIDE-TR-LOC-N1.mp4,OBJ-N5-SBJ-N4-HIDE-TR-LOC-N1.mp3,ALP1109,19650915,2026-04-28_10h26.08.452,BrocantoHPilot1WOSession2,2025.2.4,Win32,59.95203837,,,,,,,,,,,,,,,,,,,,,,,,,,,,,,,,,,,,,,,,,,,,,,,,,,,,,,,,,,,,,,,,,0,12,12,12,1,,,,,,,,,,,,,,,,,,,,
,,,,,,,,,,,,3960.761,2,OBJ-N5-SBJ-N3-PUSH-TR-LOC-N1.mp4,OBJ-N5-SBJ-N3-PUSH-TR-LOC-N1.mp3,3972.202,mouse_continue,11.441,,,,,,,2,OBJ-N5-SBJ-N3-PUSH-TR-LOC-N1.mp4,OBJ-N5-SBJ-N3-PUSH-TR-LOC-N1.mp3,ALP1109,19650915,2026-04-28_10h26.08.452,BrocantoHPilot1WOSession2,2025.2.4,Win32,59.95203837,,,,,,,,,,,,,,,,,,,,,,,,,,,,,,,,,,,,,,,,,,,,,,,,,,,,,,,,,,,,,,,,,0,13,13,13,1,,,,,,,,,,,,,,,,,,,,
,,,,,,,,,,,,3972.204,2,OBJ-N5-Ab-SBJ-N2-REVEAL-TR.mp4,OBJ-N5-Ab-SBJ-N2-REVEAL-TR.mp3,3977.742,mouse_continue,5.538,,,,,,,2,OBJ-N5-Ab-SBJ-N2-REVEAL-TR.mp4,OBJ-N5-Ab-SBJ-N2-REVEAL-TR.mp3,ALP1109,19650915,2026-04-28_10h26.08.452,BrocantoHPilot1WOSession2,2025.2.4,Win32,59.95203837,,,,,,,,,,,,,,,,,,,,,,,,,,,,,,,,,,,,,,,,,,,,,,,,,,,,,,,,,,,,,,,,,0,14,14,14,1,,,,,,,,,,,,,,,,,,,,
,,,,,,,,,,,,3977.745,2,SBJ-N4-JUMP-INTR.mp4,SBJ-N4-JUMP-INTR.mp3,3983.185,mouse_continue,5.44,,,,,,,2,SBJ-N4-JUMP-INTR.mp4,SBJ-N4-JUMP-INTR.mp3,ALP1109,19650915,2026-04-28_10h26.08.452,BrocantoHPilot1WOSession2,2025.2.4,Win32,59.95203837,,,,,,,,,,,,,,,,,,,,,,,,,,,,,,,,,,,,,,,,,,,,,,,,,,,,,,,,,,,,,,,,,0,15,15,15,1,,,,,,,,,,,,,,,,,,,,
,,,,,,,,,,,,3983.187,2,Ab-SBJ-N4-JUMP-INTR.mp4,Ab-SBJ-N4-JUMP-INTR.mp3,3988.836,mouse_continue,5.649,,,,,,,2,Ab-SBJ-N4-JUMP-INTR.mp4,Ab-SBJ-N4-JUMP-INTR.mp3,ALP1109,19650915,2026-04-28_10h26.08.452,BrocantoHPilot1WOSession2,2025.2.4,Win32,59.95203837,,,,,,,,,,,,,,,,,,,,,,,,,,,,,,,,,,,,,,,,,,,,,,,,,,,,,,,,,,,,,,,,,0,16,16,16,1,,,,,,,,,,,,,,,,,,,,
,,,,,,,,,,,,3988.837,2,SBJ-N4-GO-INTR-LOC-N1.mp4,SBJ-N4-GO-INTR-LOC-N1.mp3,3994.538,mouse_continue,5.701,,,,,,,2,SBJ-N4-GO-INTR-LOC-N1.mp4,SBJ-N4-GO-INTR-LOC-N1.mp3,ALP1109,19650915,2026-04-28_10h26.08.452,BrocantoHPilot1WOSession2,2025.2.4,Win32,59.95203837,,,,,,,,,,,,,,,,,,,,,,,,,,,,,,,,,,,,,,,,,,,,,,,,,,,,,,,,,,,,,,,,,0,17,17,17,1,,,,,,,,,,,,,,,,,,,,
,,,,,,,,,,,,3994.539,2,SBJ-N3-HIDE-INTR-LOC-N5.mp4,SBJ-N3-HIDE-INTR-LOC-N5.mp3,4000.288,mouse_continue,5.749,,,,,,,2,SBJ-N3-HIDE-INTR-LOC-N5.mp4,SBJ-N3-HIDE-INTR-LOC-N5.mp3,ALP1109,19650915,2026-04-28_10h26.08.452,BrocantoHPilot1WOSession2,2025.2.4,Win32,59.95203837,,,,,,,,,,,,,,,,,,,,,,,,,,,,,,,,,,,,,,,,,,,,,,,,,,,,,,,,,,,,,,,,,0,18,18,18,1,,,,,,,,,,,,,,,,,,,,
,,,,,,,,,,,,4000.289,2,SBJ-N1-JUMP-INTR-LOC-N2.mp4,SBJ-N1-JUMP-INTR-LOC-N2.mp3,4008.386,mouse_continue,8.096,,,,,,,2,SBJ-N1-JUMP-INTR-LOC-N2.mp4,SBJ-N1-JUMP-INTR-LOC-N2.mp3,ALP1109,19650915,2026-04-28_10h26.08.452,BrocantoHPilot1WOSession2,2025.2.4,Win32,59.95203837,,,,,,,,,,,,,,,,,,,,,,,,,,,,,,,,,,,,,,,,,,,,,,,,,,,,,,,,,,,,,,,,,0,19,19,19,1,,,,,,,,,,,,,,,,,,,,
,,,,,,,,,,,,4008.389,2,OBJ-N5-Ab-SBJ-N4-REVEAL-TR.mp4,OBJ-N5-Ab-SBJ-N4-REVEAL-TR.mp3,4013.807,mouse_continue,5.417,,,,,,,2,OBJ-N5-Ab-SBJ-N4-REVEAL-TR.mp4,OBJ-N5-Ab-SBJ-N4-REVEAL-TR.mp3,ALP1109,19650915,2026-04-28_10h26.08.452,BrocantoHPilot1WOSession2,2025.2.4,Win32,59.95203837,,,,,,,,,,,,,,,,,,,,,,,,,,,,,,,,,,,,,,,,,,,,,,,,,,,,,,,,,,,,,,,,,0,20,20,20,1,,,,,,,,,,,,,,,,,,,,
,,,,,,,,,,,,4013.809,2,OBJ-N5-SBJ-N3-HIDE-TR-LOC-N2.mp4,OBJ-N5-SBJ-N3-HIDE-TR-LOC-N2.mp3,4019.233,mouse_continue,5.424,,,,,,,2,OBJ-N5-SBJ-N3-HIDE-TR-LOC-N2.mp4,OBJ-N5-SBJ-N3-HIDE-TR-LOC-N2.mp3,ALP1109,19650915,2026-04-28_10h26.08.452,BrocantoHPilot1WOSession2,2025.2.4,Win32,59.95203837,,,,,,,,,,,,,,,,,,,,,,,,,,,,,,,,,,,,,,,,,,,,,,,,,,,,,,,,,,,,,,,,,0,21,21,21,1,,,,,,,,,,,,,,,,,,,,
,,,,,,,,,,,,4019.235,2,Ab-SBJ-N5-REVEAL-INTR-Ab-LOC-N4.mp4,Ab-SBJ-N5-REVEAL-INTR-Ab-LOC-N4.mp3,4026.165,mouse_continue,6.93,,,,,,,2,Ab-SBJ-N5-REVEAL-INTR-Ab-LOC-N4.mp4,Ab-SBJ-N5-REVEAL-INTR-Ab-LOC-N4.mp3,ALP1109,19650915,2026-04-28_10h26.08.452,BrocantoHPilot1WOSession2,2025.2.4,Win32,59.95203837,,,,,,,,,,,,,,,,,,,,,,,,,,,,,,,,,,,,,,,,,,,,,,,,,,,,,,,,,,,,,,,,,0,22,22,22,1,,,,,,,,,,,,,,,,,,,,
,,,,,,,,,,,,4026.167,2,OBJ-N5-Ab-SBJ-N4-PUSH-TR-Ab-LOC-N2.mp4,OBJ-N5-Ab-SBJ-N4-PUSH-TR-Ab-LOC-N2.mp3,4031.658,mouse_continue,5.492,,,,,,,2,OBJ-N5-Ab-SBJ-N4-PUSH-TR-Ab-LOC-N2.mp4,OBJ-N5-Ab-SBJ-N4-PUSH-TR-Ab-LOC-N2.mp3,ALP1109,19650915,2026-04-28_10h26.08.452,BrocantoHPilot1WOSession2,2025.2.4,Win32,59.95203837,,,,,,,,,,,,,,,,,,,,,,,,,,,,,,,,,,,,,,,,,,,,,,,,,,,,,,,,,,,,,,,,,0,23,23,23,1,,,,,,,,,,,,,,,,,,,,
,,,,,,,,,,,,4031.66,2,OBJ-N5-Ab-SBJ-N2-REVEAL-TR-LOC-N4.mp4,OBJ-N5-Ab-SBJ-N2-REVEAL-TR-LOC-N4.mp3,4037.392,mouse_continue,5.733,,,,,,,2,OBJ-N5-Ab-SBJ-N2-REVEAL-TR-LOC-N4.mp4,OBJ-N5-Ab-SBJ-N2-REVEAL-TR-LOC-N4.mp3,ALP1109,19650915,2026-04-28_10h26.08.452,BrocantoHPilot1WOSession2,2025.2.4,Win32,59.95203837,,,,,,,,,,,,,,,,,,,,,,,,,,,,,,,,,,,,,,,,,,,,,,,,,,,,,,,,,,,,,,,,,0,24,24,24,1,,,,,,,,,,,,,,,,,,,,
,,,,,,,,,,,,4037.393,2,SBJ-N5-REVEAL-INTR-LOC-N3.mp4,SBJ-N5-REVEAL-INTR-LOC-N3.mp3,4044.731,mouse_continue,7.338,,,,,,,2,SBJ-N5-REVEAL-INTR-LOC-N3.mp4,SBJ-N5-REVEAL-INTR-LOC-N3.mp3,ALP1109,19650915,2026-04-28_10h26.08.452,BrocantoHPilot1WOSession2,2025.2.4,Win32,59.95203837,,,,,,,,,,,,,,,,,,,,,,,,,,,,,,,,,,,,,,,,,,,,,,,,,,,,,,,,,,,,,,,,,0,25,25,25,1,,,,,,,,,,,,,,,,,,,,
,,,,,,,,,,,,4044.733,2,OBJ-N5-SBJ-N1-PUSH-TR.mp4,OBJ-N5-SBJ-N1-PUSH-TR.mp3,4050.136,mouse_continue,5.402,,,,,,,2,OBJ-N5-SBJ-N1-PUSH-TR.mp4,OBJ-N5-SBJ-N1-PUSH-TR.mp3,ALP1109,19650915,2026-04-28_10h26.08.452,BrocantoHPilot1WOSession2,2025.2.4,Win32,59.95203837,,,,,,,,,,,,,,,,,,,,,,,,,,,,,,,,,,,,,,,,,,,,,,,,,,,,,,,,,,,,,,,,,0,26,26,26,1,,,,,,,,,,,,,,,,,,,,
,,,,,,,,,,,,4050.138,2,SBJ-N1-GO-INTR.mp4,SBJ-N1-GO-INTR.mp3,4055.752,mouse_continue,5.615,,,,,,,2,SBJ-N1-GO-INTR.mp4,SBJ-N1-GO-INTR.mp3,ALP1109,19650915,2026-04-28_10h26.08.452,BrocantoHPilot1WOSession2,2025.2.4,Win32,59.95203837,,,,,,,,,,,,,,,,,,,,,,,,,,,,,,,,,,,,,,,,,,,,,,,,,,,,,,,,,,,,,,,,,0,27,27,27,1,,,,,,,,,,,,,,,,,,,,
,,,,,,,,,,,,4055.753,2,OBJ-N5-SBJ-N1-REVEAL-TR-LOC-N2.mp4,OBJ-N5-SBJ-N1-REVEAL-TR-LOC-N2.mp3,4061.175,mouse_continue,5.421,,,,,,,2,OBJ-N5-SBJ-N1-REVEAL-TR-LOC-N2.mp4,OBJ-N5-SBJ-N1-REVEAL-TR-LOC-N2.mp3,ALP1109,19650915,2026-04-28_10h26.08.452,BrocantoHPilot1WOSession2,2025.2.4,Win32,59.95203837,,,,,,,,,,,,,,,,,,,,,,,,,,,,,,,,,,,,,,,,,,,,,,,,,,,,,,,,,,,,,,,,,0,28,28,28,1,,,,,,,,,,,,,,,,,,,,
,,,,,,,,,,,,4061.178,2,Ab-SBJ-N4-REVEAL-INTR-Ab-LOC-N5.mp4,Ab-SBJ-N4-REVEAL-INTR-Ab-LOC-N5.mp3,4073.05,mouse_continue,11.871,,,,,,,2,Ab-SBJ-N4-REVEAL-INTR-Ab-LOC-N5.mp4,Ab-SBJ-N4-REVEAL-INTR-Ab-LOC-N5.mp3,ALP1109,19650915,2026-04-28_10h26.08.452,BrocantoHPilot1WOSession2,2025.2.4,Win32,59.95203837,,,,,,,,,,,,,,,,,,,,,,,,,,,,,,,,,,,,,,,,,,,,,,,,,,,,,,,,,,,,,,,,,0,29,29,29,1,,,,,,,,,,,,,,,,,,,,
,,,,,,,,,,,,4073.055,2,OBJ-N5-SBJ-N4-HIDE-TR-Ab-LOC-N1.mp4,OBJ-N5-SBJ-N4-HIDE-TR-Ab-LOC-N1.mp3,4078.497,mouse_continue,5.443,,,,,,,2,OBJ-N5-SBJ-N4-HIDE-TR-Ab-LOC-N1.mp4,OBJ-N5-SBJ-N4-HIDE-TR-Ab-LOC-N1.mp3,ALP1109,19650915,2026-04-28_10h26.08.452,BrocantoHPilot1WOSession2,2025.2.4,Win32,59.95203837,,,,,,,,,,,,,,,,,,,,,,,,,,,,,,,,,,,,,,,,,,,,,,,,,,,,,,,,,,,,,,,,,0,30,30,30,1,,,,,,,,,,,,,,,,,,,,
,,,,,,,,,,,,4078.498,2,OBJ-N5-Ab-SBJ-N2-REVEAL-TR.mp4,OBJ-N5-Ab-SBJ-N2-REVEAL-TR.mp3,4087.665,mouse_continue,9.166,,,,,,,2,OBJ-N5-Ab-SBJ-N2-REVEAL-TR.mp4,OBJ-N5-Ab-SBJ-N2-REVEAL-TR.mp3,ALP1109,19650915,2026-04-28_10h26.08.452,BrocantoHPilot1WOSession2,2025.2.4,Win32,59.95203837,,,,,,,,,,,,,,,,,,,,,,,,,,,,,,,,,,,,,,,,,,,,,,,,,,,,,,,,,,,,,,,,,0,31,31,31,1,,,,,,,,,,,,,,,,,,,,
,,,,,,,,,,,,4087.668,2,Ab-SBJ-N1-HIDE-INTR.mp4,Ab-SBJ-N1-HIDE-INTR.mp3,4093.367,mouse_continue,5.7,,,,,,,2,Ab-SBJ-N1-HIDE-INTR.mp4,Ab-SBJ-N1-HIDE-INTR.mp3,ALP1109,19650915,2026-04-28_10h26.08.452,BrocantoHPilot1WOSession2,2025.2.4,Win32,59.95203837,,,,,,,,,,,,,,,,,,,,,,,,,,,,,,,,,,,,,,,,,,,,,,,,,,,,,,,,,,,,,,,,,0,32,32,32,1,,,,,,,,,,,,,,,,,,,,
,,,,,,,,,,,,4093.369,2,OBJ-N5-SBJ-N4-HIDE-TR-LOC-N2.mp4,OBJ-N5-SBJ-N4-HIDE-TR-LOC-N2.mp3,4098.555,mouse_continue,5.185,,,,,,,2,OBJ-N5-SBJ-N4-HIDE-TR-LOC-N2.mp4,OBJ-N5-SBJ-N4-HIDE-TR-LOC-N2.mp3,ALP1109,19650915,2026-04-28_10h26.08.452,BrocantoHPilot1WOSession2,2025.2.4,Win32,59.95203837,,,,,,,,,,,,,,,,,,,,,,,,,,,,,,,,,,,,,,,,,,,,,,,,,,,,,,,,,,,,,,,,,0,33,33,33,1,,,,,,,,,,,,,,,,,,,,
,,,,,,,,,,,,4098.557,2,SBJ-N4-JUMP-INTR.mp4,SBJ-N4-JUMP-INTR.mp3,4103.999,mouse_continue,5.442,,,,,,,2,SBJ-N4-JUMP-INTR.mp4,SBJ-N4-JUMP-INTR.mp3,ALP1109,19650915,2026-04-28_10h26.08.452,BrocantoHPilot1WOSession2,2025.2.4,Win32,59.95203837,,,,,,,,,,,,,,,,,,,,,,,,,,,,,,,,,,,,,,,,,,,,,,,,,,,,,,,,,,,,,,,,,0,34,34,34,1,,,,,,,,,,,,,,,,,,,,
,,,,,,,,,,,,4104.001,2,OBJ-N5-SBJ-N1-PUSH-TR.mp4,OBJ-N5-SBJ-N1-PUSH-TR.mp3,4121.416,mouse_continue,17.415,,,,,,,2,OBJ-N5-SBJ-N1-PUSH-TR.mp4,OBJ-N5-SBJ-N1-PUSH-TR.mp3,ALP1109,19650915,2026-04-28_10h26.08.452,BrocantoHPilot1WOSession2,2025.2.4,Win32,59.95203837,,,,,,,,,,,,,,,,,,,,,,,,,,,,,,,,,,,,,,,,,,,,,,,,,,,,,,,,,,,,,,,,,0,35,35,35,1,,,,,,,,,,,,,,,,,,,,
,,,,,,,,,,,,4121.419,2,Ab-SBJ-N4-GO-INTR.mp4,Ab-SBJ-N4-GO-INTR.mp3,4126.92,mouse_continue,5.502,,,,,,,2,Ab-SBJ-N4-GO-INTR.mp4,Ab-SBJ-N4-GO-INTR.mp3,ALP1109,19650915,2026-04-28_10h26.08.452,BrocantoHPilot1WOSession2,2025.2.4,Win32,59.95203837,,,,,,,,,,,,,,,,,,,,,,,,,,,,,,,,,,,,,,,,,,,,,,,,,,,,,,,,,,,,,,,,,0,36,36,36,1,,,,,,,,,,,,,,,,,,,,
,,,,,,,,,,,,4126.922,2,Ab-SBJ-N2-HIDE-INTR-LOC-N1.mp4,Ab-SBJ-N2-HIDE-INTR-LOC-N1.mp3,4132.328,mouse_continue,5.406,,,,,,,2,Ab-SBJ-N2-HIDE-INTR-LOC-N1.mp4,Ab-SBJ-N2-HIDE-INTR-LOC-N1.mp3,ALP1109,19650915,2026-04-28_10h26.08.452,BrocantoHPilot1WOSession2,2025.2.4,Win32,59.95203837,,,,,,,,,,,,,,,,,,,,,,,,,,,,,,,,,,,,,,,,,,,,,,,,,,,,,,,,,,,,,,,,,0,37,37,37,1,,,,,,,,,,,,,,,,,,,,
,,,,,,,,,,,,4132.33,2,Ab-SBJ-N3-JUMP-INTR-Ab-LOC-N4.mp4,Ab-SBJ-N3-JUMP-INTR-Ab-LOC-N4.mp3,4139.342,mouse_continue,7.012,,,,,,,2,Ab-SBJ-N3-JUMP-INTR-Ab-LOC-N4.mp4,Ab-SBJ-N3-JUMP-INTR-Ab-LOC-N4.mp3,ALP1109,19650915,2026-04-28_10h26.08.452,BrocantoHPilot1WOSession2,2025.2.4,Win32,59.95203837,,,,,,,,,,,,,,,,,,,,,,,,,,,,,,,,,,,,,,,,,,,,,,,,,,,,,,,,,,,,,,,,,0,38,38,38,1,,,,,,,,,,,,,,,,,,,,
,,,,,,,,,,,,4139.344,2,Aa-SBJ-N4-GO-INTR-Aa-LOC-N5.mp4,Aa-SBJ-N4-GO-INTR-Aa-LOC-N5.mp3,4145.163,mouse_continue,5.82,,,,,,,2,Aa-SBJ-N4-GO-INTR-Aa-LOC-N5.mp4,Aa-SBJ-N4-GO-INTR-Aa-LOC-N5.mp3,ALP1109,19650915,2026-04-28_10h26.08.452,BrocantoHPilot1WOSession2,2025.2.4,Win32,59.95203837,,,,,,,,,,,,,,,,,,,,,,,,,,,,,,,,,,,,,,,,,,,,,,,,,,,,,,,,,,,,,,,,,0,39,39,39,1,,,,,,,,,,,,,,,,,,,,
,,,,,,,,,,,,4145.164,2,OBJ-N5-SBJ-N2-PUSH-TR-Ab-LOC-N4.mp4,OBJ-N5-SBJ-N2-PUSH-TR-Ab-LOC-N4.mp3,4151.058,mouse_continue,5.894,,,,,,,2,OBJ-N5-SBJ-N2-PUSH-TR-Ab-LOC-N4.mp4,OBJ-N5-SBJ-N2-PUSH-TR-Ab-LOC-N4.mp3,ALP1109,19650915,2026-04-28_10h26.08.452,BrocantoHPilot1WOSession2,2025.2.4,Win32,59.95203837,,,,,,,,,,,,,,,,,,,,,,,,,,,,,,,,,,,,,,,,,,,,,,,,,,,,,,,,,,,,,,,,,0,40,40,40,1,,,,,,,,,,,,,,,,,,,,
,,,,,,,,,,,,4151.061,2,OBJ-N5-SBJ-N4-REVEAL-TR.mp4,OBJ-N5-SBJ-N4-REVEAL-TR.mp3,4157.079,mouse_continue,6.019,,,,,,,2,OBJ-N5-SBJ-N4-REVEAL-TR.mp4,OBJ-N5-SBJ-N4-REVEAL-TR.mp3,ALP1109,19650915,2026-04-28_10h26.08.452,BrocantoHPilot1WOSession2,2025.2.4,Win32,59.95203837,,,,,,,,,,,,,,,,,,,,,,,,,,,,,,,,,,,,,,,,,,,,,,,,,,,,,,,,,,,,,,,,,0,41,41,41,1,,,,,,,,,,,,,,,,,,,,
,,,,,,,,,,,,,,,,,,,,,,,,,2,,,ALP1109,19650915,2026-04-28_10h26.08.452,BrocantoHPilot1WOSession2,2025.2.4,Win32,59.95203837,4166.732,2,2,2,27.181,1,22.227,27.181,4195.675,,,,,,SBJ-N3-REVEAL-INTR-LOC-N5.mp3,SBJ-N3-REVEAL-INTR-LOC-N5.mp4,SBJ-N3-JUMP-INTR-LOC-N5.mp4,,,,,,,,,,,,,,,,,,,,,,,,,,,,,,,,,,,,,,,,,,,,,,,,,,,,,0,0,0,0,1,,,,,,,,,,,,,,,
,,,,,,,,,,,,,,,,,,,,,,,,,2,,,ALP1109,19650915,2026-04-28_10h26.08.452,BrocantoHPilot1WOSession2,2025.2.4,Win32,59.95203837,4195.677,2,2,2,25.656,1,24.917,25.656,4222.97,,,,,,OBJ-N5-SBJ-N4-PUSH-TR-LOC-N2.mp3,OBJ-N5-SBJ-N4-PUSH-TR-LOC-N2.mp4,OBJ-N4-SBJ-N5-REVEAL-TR-LOC-N2.mp4,,,,,,,,,,,,,,,,,,,,,,,,,,,,,,,,,,,,,,,,,,,,,,,,,,,,,0,1,1,1,1,,,,,,,,,,,,,,,
,,,,,,,,,,,,,,,,,,,,,,,,,2,,,ALP1109,19650915,2026-04-28_10h26.08.452,BrocantoHPilot1WOSession2,2025.2.4,Win32,59.95203837,4222.972,2,2,2,30.454,1,28.75,30.454,4255.132,,,,,,OBJ-N5-SBJ-N4-HIDE-TR-LOC-N3.mp3,OBJ-N5-SBJ-N4-HIDE-TR-LOC-N3.mp4,OBJ-N5-SBJ-N3-HIDE-TR-LOC-N4.mp4,,,,,,,,,,,,,,,,,,,,,,,,,,,,,,,,,,,,,,,,,,,,,,,,,,,,,0,2,2,2,1,,,,,,,,,,,,,,,
,,,,,,,,,,,,,,,,,,,,,,,,,2,,,ALP1109,19650915,2026-04-28_10h26.08.452,BrocantoHPilot1WOSession2,2025.2.4,Win32,59.95203837,4255.134,2,1,1,42.457,1,31.424,42.457,4299.522,,,,,,SBJ-N1-REVEAL-INTR-LOC-N2.mp3,SBJ-N1-REVEAL-INTR-LOC-N2.mp4,SBJ-N1-HIDE-INTR-LOC-N2.mp4,,,,,,,,,,,,,,,,,,,,,,,,,,,,,,,,,,,,,,,,,,,,,,,,,,,,,0,3,3,3,1,,,,,,,,,,,,,,,
,,,,,,,,,,,,,,,,,,,,,,,,,2,,,ALP1109,19650915,2026-04-28_10h26.08.452,BrocantoHPilot1WOSession2,2025.2.4,Win32,59.95203837,4299.525,2,1,1,38.242,1,29.64,38.242,4339.545,,,,,,OBJ-N5-SBJ-N4-REVEAL-TR.mp3,OBJ-N5-SBJ-N4-REVEAL-TR.mp4,OBJ-N4-SBJ-N5-PUSH-TR.mp4,,,,,,,,,,,,,,,,,,,,,,,,,,,,,,,,,,,,,,,,,,,,,,,,,,,,,0,4,4,4,1,,,,,,,,,,,,,,,
,,,,,,,,,,,,,,,,,,,,,,,,,2,,,ALP1109,19650915,2026-04-28_10h26.08.452,BrocantoHPilot1WOSession2,2025.2.4,Win32,59.95203837,4339.547,2,1,1,17.536,1,17.755,17.536,4358.783,,,,,,SBJ-N2-GO-INTR.mp3,SBJ-N2-GO-INTR.mp4,SBJ-N2-REVEAL-INTR.mp4,,,,,,,,,,,,,,,,,,,,,,,,,,,,,,,,,,,,,,,,,,,,,,,,,,,,,0,5,5,5,1,,,,,,,,,,,,,,,
,,,,,,,,,,,,,,,,,,,,,,,,,2,,,ALP1109,19650915,2026-04-28_10h26.08.452,BrocantoHPilot1WOSession2,2025.2.4,Win32,59.95203837,4358.787,2,1,1,16.66,1,16.569,16.66,4377.121,,,,,,SBJ-N5-JUMP-INTR.mp3,SBJ-N5-JUMP-INTR.mp4,SBJ-N5-HIDE-INTR.mp4,,,,,,,,,,,,,,,,,,,,,,,,,,,,,,,,,,,,,,,,,,,,,,,,,,,,,0,6,6,6,1,,,,,,,,,,,,,,,
,,,,,,,,,,,,,,,,,,,,,,,,,2,,,ALP1109,19650915,2026-04-28_10h26.08.452,BrocantoHPilot1WOSession2,2025.2.4,Win32,59.95203837,4377.123,2,2,2,41.929,1,23.757,41.929,4420.671,,,,,,OBJ-N5-SBJ-N1-PUSH-TR-LOC-N2.mp3,OBJ-N5-SBJ-N1-PUSH-TR-LOC-N2.mp4,OBJ-N5-SBJ-N2-PUSH-TR-LOC-N1.mp4,,,,,,,,,,,,,,,,,,,,,,,,,,,,,,,,,,,,,,,,,,,,,,,,,,,,,0,7,7,7,1,,,,,,,,,,,,,,,
,,,,,,,,,,,,,,,,,,,,,,,,,2,,,ALP1109,19650915,2026-04-28_10h26.08.452,BrocantoHPilot1WOSession2,2025.2.4,Win32,59.95203837,4420.673,2,2,2,25.218,1,24.111,25.218,4447.577,,,,,,SBJ-N1-REVEAL-INTR-LOC-N3.mp3,SBJ-N1-REVEAL-INTR-LOC-N3.mp4,SBJ-N3-JUMP-INTR-LOC-N1.mp4,,,,,,,,,,,,,,,,,,,,,,,,,,,,,,,,,,,,,,,,,,,,,,,,,,,,,0,8,8,8,1,,,,,,,,,,,,,,,
,,,,,,,,,,,,,,,,,,,,,,,,,2,,,ALP1109,19650915,2026-04-28_10h26.08.452,BrocantoHPilot1WOSession2,2025.2.4,Win32,59.95203837,4447.579,2,2,2,27.159,1,23.493,27.159,4476.72,,,,,,Ab-OBJ-N5-SBJ-N1-REVEAL-TR.mp3,Ab-OBJ-N5-SBJ-N1-REVEAL-TR.mp4,Aa-OBJ-N5-SBJ-N1-HIDE-TR.mp4,,,,,,,,,,,,,,,,,,,,,,,,,,,,,,,,,,,,,,,,,,,,,,,,,,,,,0,9,9,9,1,,,,,,,,,,,,,,,
,,,,,,,,,,,,,,,,,,,,,,,,,2,,,ALP1109,19650915,2026-04-28_10h26.08.452,BrocantoHPilot1WOSession2,2025.2.4,Win32,59.95203837,4476.722,2,2,2,36.959,1,24.824,36.959,4515.317,,,,,,Ab-SBJ-N2-HIDE-INTR.mp3,Ab-SBJ-N2-HIDE-INTR.mp4,Aa-SBJ-N2-HIDE-INTR.mp4,,,,,,,,,,,,,,,,,,,,,,,,,,,,,,,,,,,,,,,,,,,,,,,,,,,,,0,10,10,10,1,,,,,,,,,,,,,,,
,,,,,,,,,,,,,,,,,,,,,,,,,2,,,ALP1109,19650915,2026-04-28_10h26.08.452,BrocantoHPilot1WOSession2,2025.2.4,Win32,59.95203837,4515.318,2,2,2,35.087,1,27.322,35.087,4552.631,,,,,,OBJ-N5-SBJ-N1-HIDE-TR-LOC-N2.mp3,OBJ-N5-SBJ-N1-HIDE-TR-LOC-N2.mp4,OBJ-N2-SBJ-N1-HIDE-TR-LOC-N5.mp4,,,,,,,,,,,,,,,,,,,,,,,,,,,,,,,,,,,,,,,,,,,,,,,,,,,,,0,11,11,11,1,,,,,,,,,,,,,,,
,,,,,,,,,,,,,,,,,,,,,,,,,2,,,ALP1109,19650915,2026-04-28_10h26.08.452,BrocantoHPilot1WOSession2,2025.2.4,Win32,59.95203837,4552.632,2,1,1,40.17,1,26.954,40.17,4594.738,,,,,,OBJ-N5-Ab-SBJ-N1-HIDE-TR.mp3,OBJ-N5-Ab-SBJ-N1-HIDE-TR.mp4,Aa-OBJ-N1-SBJ-N5-HIDE-TR.mp4,,,,,,,,,,,,,,,,,,,,,,,,,,,,,,,,,,,,,,,,,,,,,,,,,,,,,0,12,12,12,1,,,,,,,,,,,,,,,
,,,,,,,,,,,,,,,,,,,,,,,,,2,,,ALP1109,19650915,2026-04-28_10h26.08.452,BrocantoHPilot1WOSession2,2025.2.4,Win32,59.95203837,4594.739,2,2,2,18.83,1,19.764,18.83,4615.563,,,,,,OBJ-N5-Ab-SBJ-N1-REVEAL-TR.mp3,OBJ-N5-Ab-SBJ-N1-REVEAL-TR.mp4,OBJ-N5-Aa-SBJ-N1-PUSH-TR.mp4,,,,,,,,,,,,,,,,,,,,,,,,,,,,,,,,,,,,,,,,,,,,,,,,,,,,,0,13,13,13,1,,,,,,,,,,,,,,,
,,,,,,,,,,,,,,,,,,,,,,,,,2,,,ALP1109,19650915,2026-04-28_10h26.08.452,BrocantoHPilot1WOSession2,2025.2.4,Win32,59.95203837,4615.564,2,2,1,17.84,0,15.227,17.84,4635.376,,,,,,OBJ-N5-SBJ-N4-PUSH-TR-LOC-N1.mp3,OBJ-N5-SBJ-N4-PUSH-TR-LOC-N1.mp4,OBJ-N4-SBJ-N5-HIDE-TR-LOC-N1.mp4,,,,,,,,,,,,,,,,,,,,,,,,,,,,,,,,,,,,,,,,,,,,,,,,,,,,,0,14,14,14,1,,,,,,,,,,,,,,,
,,,,,,,,,,,,,,,,,,,,,,,,,2,,,ALP1109,19650915,2026-04-28_10h26.08.452,BrocantoHPilot1WOSession2,2025.2.4,Win32,59.95203837,4635.377,2,2,2,24.276,1,17.843,24.276,4661.302,,,,,,Ab-SBJ-N2-GO-INTR.mp3,Ab-SBJ-N2-GO-INTR.mp4,Aa-SBJ-N2-GO-INTR.mp4,,,,,,,,,,,,,,,,,,,,,,,,,,,,,,,,,,,,,,,,,,,,,,,,,,,,,0,15,15,15,1,,,,,,,,,,,,,,,
,,,,,,,,,,,,,,,,,,,,,,,,,2,,,ALP1109,19650915,2026-04-28_10h26.08.452,BrocantoHPilot1WOSession2,2025.2.4,Win32,59.95203837,4661.304,2,1,1,25.437,1,23.282,25.437,4688.41,,,,,,SBJ-N5-HIDE-INTR.mp3,SBJ-N5-HIDE-INTR.mp4,SBJ-N5-REVEAL-INTR.mp4,,,,,,,,,,,,,,,,,,,,,,,,,,,,,,,,,,,,,,,,,,,,,,,,,,,,,0,16,16,16,1,,,,,,,,,,,,,,,
,,,,,,,,,,,,,,,,,,,,,,,,,2,,,ALP1109,19650915,2026-04-28_10h26.08.452,BrocantoHPilot1WOSession2,2025.2.4,Win32,59.95203837,4688.412,2,1,1,25.178,1,24.265,25.178,4715.262,,,,,,SBJ-N1-JUMP-INTR-LOC-N3.mp3,SBJ-N1-JUMP-INTR-LOC-N3.mp4,SBJ-N3-JUMP-INTR-LOC-N1.mp4,,,,,,,,,,,,,,,,,,,,,,,,,,,,,,,,,,,,,,,,,,,,,,,,,,,,,0,17,17,17,1,,,,,,,,,,,,,,,
,,,,,,,,,,,,,,,,,,,,,,,,,2,,,ALP1109,19650915,2026-04-28_10h26.08.452,BrocantoHPilot1WOSession2,2025.2.4,Win32,59.95203837,4715.263,2,1,1,26.066,1,18.105,26.066,4743.338,,,,,,SBJ-N5-GO-INTR-LOC-N2.mp3,SBJ-N5-GO-INTR-LOC-N2.mp4,SBJ-N2-HIDE-INTR-LOC-N5.mp4,,,,,,,,,,,,,,,,,,,,,,,,,,,,,,,,,,,,,,,,,,,,,,,,,,,,,0,18,18,18,1,,,,,,,,,,,,,,,
,,,,,,,,,,,,,,,,,,,,,,,,,2,,,ALP1109,19650915,2026-04-28_10h26.08.452,BrocantoHPilot1WOSession2,2025.2.4,Win32,59.95203837,4743.339,2,1,1,27.316,1,19.682,27.316,4772.292,,,,,,SBJ-N3-HIDE-INTR-LOC-N5.mp3,SBJ-N3-HIDE-INTR-LOC-N5.mp4,SBJ-N5-HIDE-INTR-LOC-N3.mp4,,,,,,,,,,,,,,,,,,,,,,,,,,,,,,,,,,,,,,,,,,,,,,,,,,,,,0,19,19,19,1,,,,,,,,,,,,,,,
,,,,,,,,,,,,,,,,,,,,,,,,,2,,,ALP1109,19650915,2026-04-28_10h26.08.452,BrocantoHPilot1WOSession2,2025.2.4,Win32,59.95203837,4772.294,2,1,1,19.341,1,17.588,19.341,4793.292,,,,,,OBJ-N5-SBJ-N3-PUSH-TR-LOC-N1.mp3,OBJ-N5-SBJ-N3-PUSH-TR-LOC-N1.mp4,OBJ-N5-SBJ-N3-REVEAL-TR-LOC-N1.mp4,,,,,,,,,,,,,,,,,,,,,,,,,,,,,,,,,,,,,,,,,,,,,,,,,,,,,0,20,20,20,1,,,,,,,,,,,,,,,
,,,,,,,,,,,,,,,,,,,,,,,,,2,,,ALP1109,19650915,2026-04-28_10h26.08.452,BrocantoHPilot1WOSession2,2025.2.4,Win32,59.95203837,4793.294,2,2,1,36.018,0,27.724,36.018,4830.941,,,,,,Ab-OBJ-N5-SBJ-N1-REVEAL-TR.mp3,Ab-OBJ-N5-SBJ-N1-REVEAL-TR.mp4,OBJ-N1-Aa-SBJ-N5-REVEAL-TR.mp4,,,,,,,,,,,,,,,,,,,,,,,,,,,,,,,,,,,,,,,,,,,,,,,,,,,,,0,21,21,21,1,,,,,,,,,,,,,,,
,,,,,,,,,,,,,,,,,,,,,,,,,2,,,ALP1109,19650915,2026-04-28_10h26.08.452,BrocantoHPilot1WOSession2,2025.2.4,Win32,59.95203837,4830.943,2,1,1,22.843,1,22.218,22.843,4855.545,,,,,,OBJ-N5-SBJ-N1-PUSH-TR-Ab-LOC-N3.mp3,OBJ-N5-SBJ-N1-PUSH-TR-Ab-LOC-N3.mp4,OBJ-N5-SBJ-N1-REVEAL-TR-Aa-LOC-N3.mp4,,,,,,,,,,,,,,,,,,,,,,,,,,,,,,,,,,,,,,,,,,,,,,,,,,,,,0,22,22,22,1,,,,,,,,,,,,,,,
,,,,,,,,,,,,,,,,,,,,,,,,,2,,,ALP1109,19650915,2026-04-28_10h26.08.452,BrocantoHPilot1WOSession2,2025.2.4,Win32,59.95203837,4855.546,2,1,2,46.5,0,29.231,46.5,4903.717,,,,,,Ab-SBJ-N2-REVEAL-INTR-Ab-LOC-N4.mp3,Ab-SBJ-N2-REVEAL-INTR-Ab-LOC-N4.mp4,Ab-SBJ-N4-REVEAL-INTR-Aa-LOC-N2.mp4,,,,,,,,,,,,,,,,,,,,,,,,,,,,,,,,,,,,,,,,,,,,,,,,,,,,,0,23,23,23,1,,,,,,,,,,,,,,,
,,,,,,,,,,,,,,,,,,,,,,,,,2,,,ALP1109,19650915,2026-04-28_10h26.08.452,BrocantoHPilot1WOSession2,2025.2.4,Win32,59.95203837,4903.718,2,1,2,17.141,0,16.456,17.141,4922.459,,,,,,OBJ-N5-Ab-SBJ-N1-REVEAL-TR-Ab-LOC-N3.mp3,OBJ-N5-Ab-SBJ-N1-REVEAL-TR-Ab-LOC-N3.mp4,OBJ-N5-Ab-SBJ-N1-REVEAL-TR-Aa-LOC-N3.mp4,,,,,,,,,,,,,,,,,,,,,,,,,,,,,,,,,,,,,,,,,,,,,,,,,,,,,0,24,24,24,1,,,,,,,,,,,,,,,
,,,,,,,,,,,,,,,,,,,,,,,,,2,,,ALP1109,19650915,2026-04-28_10h26.08.452,BrocantoHPilot1WOSession2,2025.2.4,Win32,59.95203837,4922.463,2,2,2,21.224,1,19.145,21.224,4945.308,,,,,,Ab-SBJ-N4-REVEAL-INTR-LOC-N3.mp3,Ab-SBJ-N4-REVEAL-INTR-LOC-N3.mp4,Aa-SBJ-N4-JUMP-INTR-LOC-N3.mp4,,,,,,,,,,,,,,,,,,,,,,,,,,,,,,,,,,,,,,,,,,,,,,,,,,,,,0,25,25,25,1,,,,,,,,,,,,,,,
,,,,,,,,,,,,,,,,,,,,,,,,,2,,,ALP1109,19650915,2026-04-28_10h26.08.452,BrocantoHPilot1WOSession2,2025.2.4,Win32,59.95203837,4945.309,2,2,1,32.212,0,19.203,32.212,4979.197,,,,,,Ab-SBJ-N5-REVEAL-INTR-Ab-LOC-N4.mp3,Ab-SBJ-N5-REVEAL-INTR-Ab-LOC-N4.mp4,Ab-SBJ-N4-REVEAL-INTR-Aa-LOC-N5.mp4,,,,,,,,,,,,,,,,,,,,,,,,,,,,,,,,,,,,,,,,,,,,,,,,,,,,,0,26,26,26,1,,,,,,,,,,,,,,,
,,,,,,,,,,,,,,,,,,,,,,,,,2,,,ALP1109,19650915,2026-04-28_10h26.08.452,BrocantoHPilot1WOSession2,2025.2.4,Win32,59.95203837,4979.198,2,2,1,16.452,0,15.871,16.452,4997.31,,,,,,Ab-OBJ-N5-SBJ-N3-PUSH-TR.mp3,Ab-OBJ-N5-SBJ-N3-PUSH-TR.mp4,Aa-OBJ-N5-SBJ-N3-PUSH-TR.mp4,,,,,,,,,,,,,,,,,,,,,,,,,,,,,,,,,,,,,,,,,,,,,,,,,,,,,0,27,27,27,1,,,,,,,,,,,,,,,
,,,,,,,,,,,,,,,,,,,,,,,,,2,,,ALP1109,19650915,2026-04-28_10h26.08.452,BrocantoHPilot1WOSession2,2025.2.4,Win32,59.95203837,4997.313,2,1,1,49.172,1,48.246,49.172,5048.388,,,,,,Ab-SBJ-N4-JUMP-INTR.mp3,Ab-SBJ-N4-JUMP-INTR.mp4,Aa-SBJ-N4-GO-INTR.mp4,,,,,,,,,,,,,,,,,,,,,,,,,,,,,,,,,,,,,,,,,,,,,,,,,,,,,0,28,28,28,1,,,,,,,,,,,,,,,
,,,,,,,,,,,,,,,,,,,,,,,,,2,,,ALP1109,19650915,2026-04-28_10h26.08.452,BrocantoHPilot1WOSession2,2025.2.4,Win32,59.95203837,5048.388,2,2,2,65.694,1,59.739,65.694,5115.993,,,,,,Ab-OBJ-N5-SBJ-N4-HIDE-TR-LOC-N3.mp3,Ab-OBJ-N5-SBJ-N4-HIDE-TR-LOC-N3.mp4,OBJ-N3-SBJ-N4-HIDE-TR-Aa-LOC-N5.mp4,,,,,,,,,,,,,,,,,,,,,,,,,,,,,,,,,,,,,,,,,,,,,,,,,,,,,0,29,29,29,1,,,,,,,,,,,,,,,
,,,,,,,,,,,,,,,,,,,,,,,,,2,,,ALP1109,19650915,2026-04-28_10h26.08.452,BrocantoHPilot1WOSession2,2025.2.4,Win32,59.95203837,5115.994,2,1,1,20.674,1,19.819,20.674,5138.56,,,,,,Ab-OBJ-N5-SBJ-N4-REVEAL-TR.mp3,Ab-OBJ-N5-SBJ-N4-REVEAL-TR.mp4,Aa-OBJ-N5-SBJ-N4-REVEAL-TR.mp4,,,,,,,,,,,,,,,,,,,,,,,,,,,,,,,,,,,,,,,,,,,,,,,,,,,,,0,30,30,30,1,,,,,,,,,,,,,,,
,,,,,,,,,,,,,,,,,,,,,,,,,2,,,ALP1109,19650915,2026-04-28_10h26.08.452,BrocantoHPilot1WOSession2,2025.2.4,Win32,59.95203837,5138.563,2,2,1,114.293,0,33.025,114.293,5254.929,,,,,,Ab-OBJ-N5-Ab-SBJ-N2-HIDE-TR-LOC-N4.mp3,Ab-OBJ-N5-Ab-SBJ-N2-HIDE-TR-LOC-N4.mp4,Ab-OBJ-N5-Aa-SBJ-N2-REVEAL-TR-LOC-N4.mp4,,,,,,,,,,,,,,,,,,,,,,,,,,,,,,,,,,,,,,,,,,,,,,,,,,,,,0,31,31,31,1,,,,,,,,,,,,,,,
,,,,,,,,,,,,,,,,,,,,,,,,,2,,,ALP1109,19650915,2026-04-28_10h26.08.452,BrocantoHPilot1WOSession2,2025.2.4,Win32,59.95203837,5254.93,2,1,1,36.43,1,28.98,36.43,5293.071,,,,,,Ab-SBJ-N4-GO-INTR.mp3,Ab-SBJ-N4-GO-INTR.mp4,Aa-SBJ-N4-GO-INTR.mp4,,,,,,,,,,,,,,,,,,,,,,,,,,,,,,,,,,,,,,,,,,,,,,,,,,,,,0,32,32,32,1,,,,,,,,,,,,,,,
,,,,,,,,,,,,,,,,,,,,,,,,,2,,,ALP1109,19650915,2026-04-28_10h26.08.452,BrocantoHPilot1WOSession2,2025.2.4,Win32,59.95203837,5293.073,2,1,1,138.988,1,133.597,138.988,5433.689,,,,,,Ab-OBJ-N5-Ab-SBJ-N1-PUSH-TR.mp3,Ab-OBJ-N5-Ab-SBJ-N1-PUSH-TR.mp4,Ab-OBJ-N1-Aa-SBJ-N5-PUSH-TR.mp4,,,,,,,,,,,,,,,,,,,,,,,,,,,,,,,,,,,,,,,,,,,,,,,,,,,,,0,33,33,33,1,,,,,,,,,,,,,,,
,,,,,,,,,,,,,,,,,,,,,,,,,2,,,ALP1109,19650915,2026-04-28_10h26.08.452,BrocantoHPilot1WOSession2,2025.2.4,Win32,59.95203837,5433.692,2,1,1,18.632,1,17.254,18.632,5453.996,,,,,,Ab-SBJ-N5-HIDE-INTR.mp3,Ab-SBJ-N5-HIDE-INTR.mp4,Aa-SBJ-N5-REVEAL-INTR.mp4,,,,,,,,,,,,,,,,,,,,,,,,,,,,,,,,,,,,,,,,,,,,,,,,,,,,,0,34,34,34,1,,,,,,,,,,,,,,,
,,,,,,,,,,,,,,,,,,,,,,,,,2,,,ALP1109,19650915,2026-04-28_10h26.08.452,BrocantoHPilot1WOSession2,2025.2.4,Win32,59.95203837,5453.997,2,1,1,19.507,1,18.885,19.507,5475.155,,,,,,Ab-OBJ-N5-SBJ-N2-REVEAL-TR-Ab-LOC-N3.mp3,Ab-OBJ-N5-SBJ-N2-REVEAL-TR-Ab-LOC-N3.mp4,Ab-OBJ-N3-SBJ-N2-HIDE-TR-Ab-LOC-N5.mp4,,,,,,,,,,,,,,,,,,,,,,,,,,,,,,,,,,,,,,,,,,,,,,,,,,,,,0,35,35,35,1,,,,,,,,,,,,,,,
,,,,,,,,,,,,,,,,,,,,,,,,,2,,,ALP1109,19650915,2026-04-28_10h26.08.452,BrocantoHPilot1WOSession2,2025.2.4,Win32,59.95203837,5475.158,2,1,1,17.431,1,16.73,17.431,5494.263,,,,,,Ab-SBJ-N5-HIDE-INTR.mp3,Ab-SBJ-N5-HIDE-INTR.mp4,Ab-SBJ-N5-GO-INTR.mp4,,,,,,,,,,,,,,,,,,,,,,,,,,,,,,,,,,,,,,,,,,,,,,,,,,,,,0,36,36,36,1,,,,,,,,,,,,,,,
,,,,,,,,,,,,,,,,,,,,,,,,,2,,,ALP1109,19650915,2026-04-28_10h26.08.452,BrocantoHPilot1WOSession2,2025.2.4,Win32,59.95203837,5494.264,2,1,1,17.809,1,17.032,17.809,5513.769,,,,,,Ab-SBJ-N4-JUMP-INTR-LOC-N3.mp3,Ab-SBJ-N4-JUMP-INTR-LOC-N3.mp4,SBJ-N3-JUMP-INTR-Ab-LOC-N4.mp4,,,,,,,,,,,,,,,,,,,,,,,,,,,,,,,,,,,,,,,,,,,,,,,,,,,,,0,37,37,37,1,,,,,,,,,,,,,,,
,,,,,,,,,,,,,,,,,,,,,,,,,2,,,ALP1109,19650915,2026-04-28_10h26.08.452,BrocantoHPilot1WOSession2,2025.2.4,Win32,59.95203837,5513.771,2,1,1,19.051,1,17.031,19.051,5534.463,,,,,,Ab-SBJ-N4-GO-INTR-Ab-LOC-N3.mp3,Ab-SBJ-N4-GO-INTR-Ab-LOC-N3.mp4,Ab-SBJ-N3-GO-INTR-Aa-LOC-N4.mp4,,,,,,,,,,,,,,,,,,,,,,,,,,,,,,,,,,,,,,,,,,,,,,,,,,,,,0,38,38,38,1,,,,,,,,,,,,,,,
,,,,,,,,,,,,,,,,,,,,,,,,,2,,,ALP1109,19650915,2026-04-28_10h26.08.452,BrocantoHPilot1WOSession2,2025.2.4,Win32,59.95203837,5534.465,2,2,2,38.255,1,19.243,38.255,5574.335,,,,,,Ab-SBJ-N2-HIDE-INTR-Aa-LOC-N1.mp3,Ab-SBJ-N2-HIDE-INTR-Aa-LOC-N1.mp4,Ab-SBJ-N2-HIDE-INTR-Ab-LOC-N1.mp4,,,,,,,,,,,,,,,,,,,,,,,,,,,,,,,,,,,,,,,,,,,,,,,,,,,,,0,39,39,39,1,,,,,,,,,,,,,,,
,,,,,,,,,,,,,,,,,,,,,,,,,2,,,ALP1109,19650915,2026-04-28_10h26.08.452,BrocantoHPilot1WOSession2,2025.2.4,Win32,59.95203837,5574.337,2,1,1,21.859,1,17.993,21.859,5597.77,,,,,,Ab-OBJ-N5-SBJ-N1-PUSH-TR-LOC-N4.mp3,Ab-OBJ-N5-SBJ-N1-PUSH-TR-LOC-N4.mp4,OBJ-N1-Ab-SBJ-N5-HIDE-TR-LOC-N4.mp4,,,,,,,,,,,,,,,,,,,,,,,,,,,,,,,,,,,,,,,,,,,,,,,,,,,,,0,40,40,40,1,,,,,,,,,,,,,,,
,,,,,,,,,,,,,,,,,,,,,,,,,2,,,ALP1109,19650915,2026-04-28_10h26.08.452,BrocantoHPilot1WOSession2,2025.2.4,Win32,59.95203837,5597.773,2,2,1,17.087,0,15.337,17.087,5616.525,,,,,,Ab-OBJ-N5-Ab-SBJ-N3-PUSH-TR.mp3,Ab-OBJ-N5-Ab-SBJ-N3-PUSH-TR.mp4,Ab-OBJ-N3-Ab-SBJ-N5-PUSH-TR.mp4,,,,,,,,,,,,,,,,,,,,,,,,,,,,,,,,,,,,,,,,,,,,,,,,,,,,,0,41,41,41,1,,,,,,,,,,,,,,,
,,,,,,,,,,,,,,,,,,,,,,,,,2,,,ALP1109,19650915,2026-04-28_10h26.08.452,BrocantoHPilot1WOSession2,2025.2.4,Win32,59.95203837,,,,,,,,,,,,,,,SBJ.N4 REVEAL-INTR LOC.N5,,,5939.54,2,SBJ-N4-REVEAL-INTR-LOC-N5.mp4,N4|REVEAL|N5,HIDE|Aa|PUSH|N2|N5|N4|REVEAL,dabi|girda|timó,zsübe|gyék|vánta|murak|timó|dabi|girda,1,17.009,35.649,dabi girda timó,5978.902,,,,,,SBJ-N4-REVEAL-INTR-LOC-N5.mp4,N4|REVEAL|N5,HIDE|Aa|PUSH|N2|N5|N4|REVEAL,dabi girda timó,dabi|girda|timó,zsübe|gyék|vánta|murak|timó|dabi|girda,,,,,,,,,,,,,,,,,,,,,,,,,,,,,,,,,,,0,0,0,0,1,,,,,,,,,,
,,,,,,,,,,,,,,,,,,,,,,,,,2,,,ALP1109,19650915,2026-04-28_10h26.08.452,BrocantoHPilot1WOSession2,2025.2.4,Win32,59.95203837,,,,,,,,,,,,,,,OBJ.N5 SBJ.N4 HIDE-TR LOC.N3,,,5979.421,2,OBJ-N5-SBJ-N4-HIDE-TR-LOC-N3.mp4,N5|N4|HIDE|N3,N3|N2|N4|HIDE|N5|N1|JUMP|Ab,timó|dabi|zsübe|zilép,zilép|murak|dabi|zsübe|timó|pekli|bonip|zsot,0,6.54,19.861,timó dabi zsübe,6003.685,,,,,,OBJ-N5-SBJ-N4-HIDE-TR-LOC-N3.mp4,N5|N4|HIDE|N3,N3|N2|N4|HIDE|N5|N1|JUMP|Ab,timó dabi zsübe zilép,timó|dabi|zsübe|zilép,zilép|murak|dabi|zsübe|timó|pekli|bonip|zsot,,,,,,,,,,,,,,,,,,,,,,,,,,,,,,,,,,,0,1,1,1,1,,,,,,,,,,
,,,,,,,,,,,,,,,,,,,,,,,,,2,,,ALP1109,19650915,2026-04-28_10h26.08.452,BrocantoHPilot1WOSession2,2025.2.4,Win32,59.95203837,,,,,,,,,,,,,,,SBJ.N3 REVEAL-INTR LOC.N4,,,6004.197,2,SBJ-N3-REVEAL-INTR-LOC-N4.mp4,N3|REVEAL|N4,JUMP|Aa|GO|REVEAL|N3|N5|N4,zilép|girda|dabi,bonip|gyék|kávler|girda|zilép|timó|dabi,1,6.005,26.566,zilép girda dabi,6033.451,,,,,,SBJ-N3-REVEAL-INTR-LOC-N4.mp4,N3|REVEAL|N4,JUMP|Aa|GO|REVEAL|N3|N5|N4,zilép girda dabi,zilép|girda|dabi,bonip|gyék|kávler|girda|zilép|timó|dabi,,,,,,,,,,,,,,,,,,,,,,,,,,,,,,,,,,,0,2,2,2,1,,,,,,,,,,
,,,,,,,,,,,,,,,,,,,,,,,,,2,,,ALP1109,19650915,2026-04-28_10h26.08.452,BrocantoHPilot1WOSession2,2025.2.4,Win32,59.95203837,,,,,,,,,,,,,,,OBJ.N5 SBJ.N1 REVEAL-TR LOC.N4,,,6033.968,2,OBJ-N5-SBJ-N1-REVEAL-TR-LOC-N4.mp4,N5|N1|REVEAL|N4,Aa|PUSH|REVEAL|N5|N4|GO|N1|N3,timó|pekli|girda|dabi,gyék|vánta|girda|timó|dabi|kávler|pekli|zilép,0,7.388,30.085,pekli girda timó,6068.649,,,,,,OBJ-N5-SBJ-N1-REVEAL-TR-LOC-N4.mp4,N5|N1|REVEAL|N4,Aa|PUSH|REVEAL|N5|N4|GO|N1|N3,timó pekli girda dabi,timó|pekli|girda|dabi,gyék|vánta|girda|timó|dabi|kávler|pekli|zilép,,,,,,,,,,,,,,,,,,,,,,,,,,,,,,,,,,,0,3,3,3,1,,,,,,,,,,
,,,,,,,,,,,,,,,,,,,,,,,,,2,,,ALP1109,19650915,2026-04-28_10h26.08.452,BrocantoHPilot1WOSession2,2025.2.4,Win32,59.95203837,,,,,,,,,,,,,,,SBJ.N3 JUMP-INTR,,,6069.164,2,SBJ-N3-JUMP-INTR.mp4,N3|JUMP,REVEAL|Aa|HIDE|JUMP|N2|N3,zilép|bonip,girda|gyék|zsübe|bonip|murak|zilép,1,6.007,14.024,zilép bonip,6090.493,,,,,,SBJ-N3-JUMP-INTR.mp4,N3|JUMP,REVEAL|Aa|HIDE|JUMP|N2|N3,zilép bonip,zilép|bonip,girda|gyék|zsübe|bonip|murak|zilép,,,,,,,,,,,,,,,,,,,,,,,,,,,,,,,,,,,0,4,4,4,1,,,,,,,,,,
,,,,,,,,,,,,,,,,,,,,,,,,,2,,,ALP1109,19650915,2026-04-28_10h26.08.452,BrocantoHPilot1WOSession2,2025.2.4,Win32,59.95203837,,,,,,,,,,,,,,,OBJ.N5 Ab SBJ.N3 PUSH-TR,,,6090.997,2,OBJ-N5-Ab-SBJ-N3-PUSH-TR.mp4,N5|Ab|N3|PUSH,Ab|N5|GO|N3|HIDE|Aa|N2|PUSH,timó|zsot|zilép|vánta,zsot|timó|kávler|zilép|zsübe|gyék|murak|vánta,0,6.166,21.567,zsot zilép zsübe timó,6115.517,,,,,,OBJ-N5-Ab-SBJ-N3-PUSH-TR.mp4,N5|Ab|N3|PUSH,Ab|N5|GO|N3|HIDE|Aa|N2|PUSH,timó zsot zilép vánta,timó|zsot|zilép|vánta,zsot|timó|kávler|zilép|zsübe|gyék|murak|vánta,,,,,,,,,,,,,,,,,,,,,,,,,,,,,,,,,,,0,5,5,5,1,,,,,,,,,,
,,,,,,,,,,,,,,,,,,,,,,,,,2,,,ALP1109,19650915,2026-04-28_10h26.08.452,BrocantoHPilot1WOSession2,2025.2.4,Win32,59.95203837,,,,,,,,,,,,,,,Ab SBJ.N4 HIDE-INTR,,,6116.026,2,Ab-SBJ-N4-HIDE-INTR.mp4,Ab|N4|HIDE,Ab|JUMP|N4|HIDE|GO|N2|REVEAL,zsot|dabi|zsübe,zsot|bonip|dabi|zsübe|kávler|murak|girda,1,6.374,11.47,zsot dabi zsübe,6130.429,,,,,,Ab-SBJ-N4-HIDE-INTR.mp4,Ab|N4|HIDE,Ab|JUMP|N4|HIDE|GO|N2|REVEAL,zsot dabi zsübe,zsot|dabi|zsübe,zsot|bonip|dabi|zsübe|kávler|murak|girda,,,,,,,,,,,,,,,,,,,,,,,,,,,,,,,,,,,0,6,6,6,1,,,,,,,,,,
,,,,,,,,,,,,,,,,,,,,,,,,,2,,,ALP1109,19650915,2026-04-28_10h26.08.452,BrocantoHPilot1WOSession2,2025.2.4,Win32,59.95203837,,,,,,,,,,,,,,,SBJ.N2 REVEAL-INTR LOC.N3,,,6130.945,2,SBJ-N2-REVEAL-INTR-LOC-N3.mp4,N2|REVEAL|N3,N3|JUMP|PUSH|N2|REVEAL|Ab|Aa,murak|girda|zilép,zilép|bonip|vánta|murak|girda|zsot|gyék,0,7.093,25.321,murak girda zsot zilép,6159.193,,,,,,SBJ-N2-REVEAL-INTR-LOC-N3.mp4,N2|REVEAL|N3,N3|JUMP|PUSH|N2|REVEAL|Ab|Aa,murak girda zilép,murak|girda|zilép,zilép|bonip|vánta|murak|girda|zsot|gyék,,,,,,,,,,,,,,,,,,,,,,,,,,,,,,,,,,,0,7,7,7,1,,,,,,,,,,
,,,,,,,,,,,,,,,,,,,,,,,,,2,,,ALP1109,19650915,2026-04-28_10h26.08.452,BrocantoHPilot1WOSession2,2025.2.4,Win32,59.95203837,,,,,,,,,,,,,,,OBJ.N5 SBJ.N3 PUSH-TR,,,6159.708,2,OBJ-N5-SBJ-N3-PUSH-TR.mp4,N5|N3|PUSH,JUMP|N3|PUSH|N4|HIDE|N5|N1,timó|zilép|vánta,bonip|zilép|vánta|dabi|zsübe|timó|pekli,0,4.794,18.152,zilép zsübe timó,6183.026,,,,,,OBJ-N5-SBJ-N3-PUSH-TR.mp4,N5|N3|PUSH,JUMP|N3|PUSH|N4|HIDE|N5|N1,timó zilép vánta,timó|zilép|vánta,bonip|zilép|vánta|dabi|zsübe|timó|pekli,,,,,,,,,,,,,,,,,,,,,,,,,,,,,,,,,,,0,8,8,8,1,,,,,,,,,,
,,,,,,,,,,,,,,,,,,,,,,,,,2,,,ALP1109,19650915,2026-04-28_10h26.08.452,BrocantoHPilot1WOSession2,2025.2.4,Win32,59.95203837,,,,,,,,,,,,,,,OBJ.N5 SBJ.N1 HIDE-TR LOC.N4,,,6183.537,2,OBJ-N5-SBJ-N1-HIDE-TR-LOC-N4.mp4,N5|N1|HIDE|N4,GO|N3|N2|N4|HIDE|JUMP|N1|N5,timó|pekli|zsübe|dabi,kávler|zilép|murak|dabi|zsübe|bonip|pekli|timó,0,7.601,24.917,zilép timó dabi,6210.877,,,,,,OBJ-N5-SBJ-N1-HIDE-TR-LOC-N4.mp4,N5|N1|HIDE|N4,GO|N3|N2|N4|HIDE|JUMP|N1|N5,timó pekli zsübe dabi,timó|pekli|zsübe|dabi,kávler|zilép|murak|dabi|zsübe|bonip|pekli|timó,,,,,,,,,,,,,,,,,,,,,,,,,,,,,,,,,,,0,9,9,9,1,,,,,,,,,,
,,,,,,,,,,,,,,,,,,,,,,,,,2,,,ALP1109,19650915,2026-04-28_10h26.08.452,BrocantoHPilot1WOSession2,2025.2.4,Win32,59.95203837,,,,,,,,,,,,,,,OBJ.N5 SBJ.N2 REVEAL-TR LOC.N1,,,6211.394,2,OBJ-N5-SBJ-N2-REVEAL-TR-LOC-N1.mp4,N5|N2|REVEAL|N1,N1|PUSH|HIDE|REVEAL|N4|N5|Aa|N2,timó|murak|girda|pekli,pekli|vánta|zsübe|girda|dabi|timó|gyék|murak,0,7.217,21.051,murak timó zsübe,6235.14,,,,,,OBJ-N5-SBJ-N2-REVEAL-TR-LOC-N1.mp4,N5|N2|REVEAL|N1,N1|PUSH|HIDE|REVEAL|N4|N5|Aa|N2,timó murak girda pekli,timó|murak|girda|pekli,pekli|vánta|zsübe|girda|dabi|timó|gyék|murak,,,,,,,,,,,,,,,,,,,,,,,,,,,,,,,,,,,0,10,10,10,1,,,,,,,,,,
,,,,,,,,,,,,,,,,,,,,,,,,,2,,,ALP1109,19650915,2026-04-28_10h26.08.452,BrocantoHPilot1WOSession2,2025.2.4,Win32,59.95203837,,,,,,,,,,,,,,,Ab OBJ.N5 SBJ.N1 PUSH-TR,,,6235.649,2,Ab-OBJ-N5-SBJ-N1-PUSH-TR.mp4,Ab|N5|N1|PUSH,Ab|N1|HIDE|Aa|N4|REVEAL|PUSH|N5,zsot|timó|pekli|vánta,zsot|pekli|zsübe|gyék|dabi|girda|vánta|timó,0,5.698,23.352,timó pekli vánta,6263.172,,,,,,Ab-OBJ-N5-SBJ-N1-PUSH-TR.mp4,Ab|N5|N1|PUSH,Ab|N1|HIDE|Aa|N4|REVEAL|PUSH|N5,zsot timó pekli vánta,zsot|timó|pekli|vánta,zsot|pekli|zsübe|gyék|dabi|girda|vánta|timó,,,,,,,,,,,,,,,,,,,,,,,,,,,,,,,,,,,0,11,11,11,1,,,,,,,,,,
,,,,,,,,,,,,,,,,,,,,,,,,,2,,,ALP1109,19650915,2026-04-28_10h26.08.452,BrocantoHPilot1WOSession2,2025.2.4,Win32,59.95203837,,,,,,,,,,,,,,,SBJ.N2 JUMP-INTR,,,6263.688,2,SBJ-N2-JUMP-INTR.mp4,N2|JUMP,N4|HIDE|N2|Aa|GO|JUMP,murak|bonip,dabi|zsübe|murak|gyék|kávler|bonip,1,5.76,12.929,murak bonip,6280.955,,,,,,SBJ-N2-JUMP-INTR.mp4,N2|JUMP,N4|HIDE|N2|Aa|GO|JUMP,murak bonip,murak|bonip,dabi|zsübe|murak|gyék|kávler|bonip,,,,,,,,,,,,,,,,,,,,,,,,,,,,,,,,,,,0,12,12,12,1,,,,,,,,,,
,,,,,,,,,,,,,,,,,,,,,,,,,2,,,ALP1109,19650915,2026-04-28_10h26.08.452,BrocantoHPilot1WOSession2,2025.2.4,Win32,59.95203837,,,,,,,,,,,,,,,Ab SBJ.N1 GO-INTR,,,6281.475,2,Ab-SBJ-N1-GO-INTR.mp4,Ab|N1|GO,N4|N2|Ab|HIDE|GO|N3|N1,zsot|pekli|kávler,dabi|murak|zsot|zsübe|kávler|zilép|pekli,0,5.551,13.553,zsot zilép kávler,6297.929,,,,,,Ab-SBJ-N1-GO-INTR.mp4,Ab|N1|GO,N4|N2|Ab|HIDE|GO|N3|N1,zsot pekli kávler,zsot|pekli|kávler,dabi|murak|zsot|zsübe|kávler|zilép|pekli,,,,,,,,,,,,,,,,,,,,,,,,,,,,,,,,,,,0,13,13,13,1,,,,,,,,,,
,,,,,,,,,,,,,,,,,,,,,,,,,2,,,ALP1109,19650915,2026-04-28_10h26.08.452,BrocantoHPilot1WOSession2,2025.2.4,Win32,59.95203837,,,,,,,,,,,,,,,OBJ.N5 Ab SBJ.N3 HIDE-TR,,,6298.442,2,OBJ-N5-Ab-SBJ-N3-HIDE-TR.mp4,N5|Ab|N3|HIDE,N5|HIDE|JUMP|Ab|N1|PUSH|N3|GO,timó|zsot|zilép|zsübe,timó|zsübe|bonip|zsot|pekli|vánta|zilép|kávler,0,9.229,24.019,zilép timó zsübe,6325.572,,,,,,OBJ-N5-Ab-SBJ-N3-HIDE-TR.mp4,N5|Ab|N3|HIDE,N5|HIDE|JUMP|Ab|N1|PUSH|N3|GO,timó zsot zilép zsübe,timó|zsot|zilép|zsübe,timó|zsübe|bonip|zsot|pekli|vánta|zilép|kávler,,,,,,,,,,,,,,,,,,,,,,,,,,,,,,,,,,,0,14,14,14,1,,,,,,,,,,
,,,,,,,,,,,,,,,,,,,,,,,,,2,,,ALP1109,19650915,2026-04-28_10h26.08.452,BrocantoHPilot1WOSession2,2025.2.4,Win32,59.95203837,,,,,,,,,,,,,,,OBJ.N5 SBJ.N2 REVEAL-TR LOC.N4,,,6326.097,2,OBJ-N5-SBJ-N2-REVEAL-TR-LOC-N4.mp4,N5|N2|REVEAL|N4,PUSH|N5|Aa|N4|HIDE|REVEAL|GO|N2,timó|murak|girda|dabi,vánta|timó|gyék|dabi|zsübe|girda|kávler|murak,0,5.97,39.259,murak timó vánta,6367.853,,,,,,OBJ-N5-SBJ-N2-REVEAL-TR-LOC-N4.mp4,N5|N2|REVEAL|N4,PUSH|N5|Aa|N4|HIDE|REVEAL|GO|N2,timó murak girda dabi,timó|murak|girda|dabi,vánta|timó|gyék|dabi|zsübe|girda|kávler|murak,,,,,,,,,,,,,,,,,,,,,,,,,,,,,,,,,,,0,15,15,15,1,,,,,,,,,,
,,,,,,,,,,,,,,,,,,,,,,,,,2,,,ALP1109,19650915,2026-04-28_10h26.08.452,BrocantoHPilot1WOSession2,2025.2.4,Win32,59.95203837,,,,,,,,,,,,,,,Ab SBJ.N5 JUMP-INTR,,,6368.356,2,Ab-SBJ-N5-JUMP-INTR.mp4,Ab|N5|JUMP,JUMP|N3|Aa|N2|N5|PUSH|Ab,zsot|timó|bonip,bonip|zilép|gyék|murak|timó|vánta|zsot,1,5.147,14.268,zsot timó bonip,6386.033,,,,,,Ab-SBJ-N5-JUMP-INTR.mp4,Ab|N5|JUMP,JUMP|N3|Aa|N2|N5|PUSH|Ab,zsot timó bonip,zsot|timó|bonip,bonip|zilép|gyék|murak|timó|vánta|zsot,,,,,,,,,,,,,,,,,,,,,,,,,,,,,,,,,,,0,16,16,16,1,,,,,,,,,,
,,,,,,,,,,,,,,,,,,,,,,,,,2,,,ALP1109,19650915,2026-04-28_10h26.08.452,BrocantoHPilot1WOSession2,2025.2.4,Win32,59.95203837,,,,,,,,,,,,,,,SBJ.N3 HIDE-INTR LOC.N5,,,6386.555,2,SBJ-N3-HIDE-INTR-LOC-N5.mp4,N3|HIDE|N5,N5|HIDE|N3|PUSH|GO|JUMP|Ab,zilép|zsübe|timó,timó|zsübe|zilép|vánta|kávler|bonip|zsot,0,7.927,21.265,zilép timó zsübe,6411.234,,,,,,SBJ-N3-HIDE-INTR-LOC-N5.mp4,N3|HIDE|N5,N5|HIDE|N3|PUSH|GO|JUMP|Ab,zilép zsübe timó,zilép|zsübe|timó,timó|zsübe|zilép|vánta|kávler|bonip|zsot,,,,,,,,,,,,,,,,,,,,,,,,,,,,,,,,,,,0,17,17,17,1,,,,,,,,,,
,,,,,,,,,,,,,,,,,,,,,,,,,2,,,ALP1109,19650915,2026-04-28_10h26.08.452,BrocantoHPilot1WOSession2,2025.2.4,Win32,59.95203837,,,,,,,,,,,,,,,SBJ.N3 GO-INTR LOC.N4,,,6411.742,2,SBJ-N3-GO-INTR-LOC-N4.mp4,N3|GO|N4,N3|Ab|GO|N1|N5|N4|N2,zilép|kávler|dabi,zilép|zsot|kávler|pekli|timó|dabi|murak,0,8.93,11.154,zilép kávler,6426.037,,,,,,SBJ-N3-GO-INTR-LOC-N4.mp4,N3|GO|N4,N3|Ab|GO|N1|N5|N4|N2,zilép kávler dabi,zilép|kávler|dabi,zilép|zsot|kávler|pekli|timó|dabi|murak,,,,,,,,,,,,,,,,,,,,,,,,,,,,,,,,,,,0,18,18,18,1,,,,,,,,,,
,,,,,,,,,,,,,,,,,,,,,,,,,2,,,ALP1109,19650915,2026-04-28_10h26.08.452,BrocantoHPilot1WOSession2,2025.2.4,Win32,59.95203837,,,,,,,,,,,,,,,SBJ.N4 JUMP-INTR LOC.N3,,,6426.557,2,SBJ-N4-JUMP-INTR-LOC-N3.mp4,N4|JUMP|N3,JUMP|N2|N3|HIDE|GO|N5|N4,dabi|bonip|zilép,bonip|murak|zilép|zsübe|kávler|timó|dabi,0,6.17,13.192,dabi bonip,6442.289,,,,,,SBJ-N4-JUMP-INTR-LOC-N3.mp4,N4|JUMP|N3,JUMP|N2|N3|HIDE|GO|N5|N4,dabi bonip zilép,dabi|bonip|zilép,bonip|murak|zilép|zsübe|kávler|timó|dabi,,,,,,,,,,,,,,,,,,,,,,,,,,,,,,,,,,,0,19,19,19,1,,,,,,,,,,
,,,,,,,,,,,,,,,,,,,,,,,,,2,,,ALP1109,19650915,2026-04-28_10h26.08.452,BrocantoHPilot1WOSession2,2025.2.4,Win32,59.95203837,,,,,,,,,,,,,,,OBJ.N5 SBJ.N1 PUSH-TR LOC.N3,,,6442.791,2,OBJ-N5-SBJ-N1-PUSH-TR-LOC-N3.mp4,N5|N1|PUSH|N3,N3|PUSH|N5|N4|GO|N1|REVEAL|Aa,timó|pekli|vánta|zilép,zilép|vánta|timó|dabi|kávler|pekli|girda|gyék,0,5.485,14.289,zilép timó vánta,6460.758,,,,,,OBJ-N5-SBJ-N1-PUSH-TR-LOC-N3.mp4,N5|N1|PUSH|N3,N3|PUSH|N5|N4|GO|N1|REVEAL|Aa,timó pekli vánta zilép,timó|pekli|vánta|zilép,zilép|vánta|timó|dabi|kávler|pekli|girda|gyék,,,,,,,,,,,,,,,,,,,,,,,,,,,,,,,,,,,0,20,20,20,1,,,,,,,,,,
,,,,,,,,,,,,,,,,,,,,,,,,,2,,,ALP1109,19650915,2026-04-28_10h26.08.452,BrocantoHPilot1WOSession2,2025.2.4,Win32,59.95203837,,,,,,,,,,,,,,,OBJ.N5 Ab SBJ.N1 REVEAL-TR,,,6461.27,2,OBJ-N5-Ab-SBJ-N1-REVEAL-TR.mp4,N5|Ab|N1|REVEAL,Aa|N1|JUMP|N5|Ab|N2|REVEAL|GO,timó|zsot|pekli|girda,gyék|pekli|bonip|timó|zsot|murak|girda|kávler,0,7.408,23.734,zsot timó girda,6487.438,,,,,,OBJ-N5-Ab-SBJ-N1-REVEAL-TR.mp4,N5|Ab|N1|REVEAL,Aa|N1|JUMP|N5|Ab|N2|REVEAL|GO,timó zsot pekli girda,timó|zsot|pekli|girda,gyék|pekli|bonip|timó|zsot|murak|girda|kávler,,,,,,,,,,,,,,,,,,,,,,,,,,,,,,,,,,,0,21,21,21,1,,,,,,,,,,
,,,,,,,,,,,,,,,,,,,,,,,,,2,,,ALP1109,19650915,2026-04-28_10h26.08.452,BrocantoHPilot1WOSession2,2025.2.4,Win32,59.95203837,,,,,,,,,,,,,,,Ab OBJ.N5 Ab SBJ.N1 REVEAL-TR LOC.N2,,,6487.941,2,Ab-OBJ-N5-Ab-SBJ-N1-REVEAL-TR-LOC-N2.mp4,Ab|N5|Ab|N1|REVEAL|N2,Ab|PUSH|N4|JUMP|REVEAL|N1|N5|N2|N3|Ab,zsot|timó|zsot|pekli|girda|murak,zsot|vánta|dabi|bonip|girda|pekli|timó|murak|zilép|zsot,0,7.274,17.519,timó zilép girda,6508.437,,,,,,Ab-OBJ-N5-Ab-SBJ-N1-REVEAL-TR-LOC-N2.mp4,Ab|N5|Ab|N1|REVEAL|N2,Ab|PUSH|N4|JUMP|REVEAL|N1|N5|N2|N3|Ab,zsot timó zsot pekli girda murak,zsot|timó|zsot|pekli|girda|murak,zsot|vánta|dabi|bonip|girda|pekli|timó|murak|zilép|zsot,,,,,,,,,,,,,,,,,,,,,,,,,,,,,,,,,,,0,22,22,22,1,,,,,,,,,,
,,,,,,,,,,,,,,,,,,,,,,,,,2,,,ALP1109,19650915,2026-04-28_10h26.08.452,BrocantoHPilot1WOSession2,2025.2.4,Win32,59.95203837,,,,,,,,,,,,,,,SBJ.N1 REVEAL-INTR LOC.N5,,,6508.957,2,SBJ-N1-REVEAL-INTR-LOC-N5.mp4,N1|REVEAL|N5,GO|N5|REVEAL|Aa|PUSH|Ab|N1,pekli|girda|timó,kávler|timó|girda|gyék|vánta|zsot|pekli,1,8.374,26.315,pekli girda timó,6539.657,,,,,,SBJ-N1-REVEAL-INTR-LOC-N5.mp4,N1|REVEAL|N5,GO|N5|REVEAL|Aa|PUSH|Ab|N1,pekli girda timó,pekli|girda|timó,kávler|timó|girda|gyék|vánta|zsot|pekli,,,,,,,,,,,,,,,,,,,,,,,,,,,,,,,,,,,0,23,23,23,1,,,,,,,,,,
,,,,,,,,,,,,,,,,,,,,,,,,,2,,,ALP1109,19650915,2026-04-28_10h26.08.452,BrocantoHPilot1WOSession2,2025.2.4,Win32,59.95203837,,,,,,,,,,,,,,,OBJ.N5 SBJ.N1 HIDE-TR Ab LOC.N4,,,6540.169,2,OBJ-N5-SBJ-N1-HIDE-TR-Ab-LOC-N4.mp4,N5|N1|HIDE|Ab|N4,N1|N5|GO|PUSH|HIDE|Ab|N2|N4|N3,timó|pekli|zsübe|zsot|dabi,pekli|timó|kávler|vánta|zsübe|zsot|murak|dabi|zilép,0,6.907,21.297,zsot zilép zsübe timó,6563.833,,,,,,OBJ-N5-SBJ-N1-HIDE-TR-Ab-LOC-N4.mp4,N5|N1|HIDE|Ab|N4,N1|N5|GO|PUSH|HIDE|Ab|N2|N4|N3,timó pekli zsübe zsot dabi,timó|pekli|zsübe|zsot|dabi,pekli|timó|kávler|vánta|zsübe|zsot|murak|dabi|zilép,,,,,,,,,,,,,,,,,,,,,,,,,,,,,,,,,,,0,24,24,24,1,,,,,,,,,,
,,,,,,,,,,,,,,,,,,,,,,,,,2,,,ALP1109,19650915,2026-04-28_10h26.08.452,BrocantoHPilot1WOSession2,2025.2.4,Win32,59.95203837,,,,,,,,,,,,,,,Ab SBJ.N1 REVEAL-INTR LOC.N5,,,6564.336,2,Ab-SBJ-N1-REVEAL-INTR-LOC-N5.mp4,Ab|N1|REVEAL|N5,GO|REVEAL|HIDE|Aa|N4|N5|N1|Ab,zsot|pekli|girda|timó,kávler|girda|zsübe|gyék|dabi|timó|pekli|zsot,0,7.302,25.793,zsot timó girda pekli,6593.119,,,,,,Ab-SBJ-N1-REVEAL-INTR-LOC-N5.mp4,Ab|N1|REVEAL|N5,GO|REVEAL|HIDE|Aa|N4|N5|N1|Ab,zsot pekli girda timó,zsot|pekli|girda|timó,kávler|girda|zsübe|gyék|dabi|timó|pekli|zsot,,,,,,,,,,,,,,,,,,,,,,,,,,,,,,,,,,,0,25,25,25,1,,,,,,,,,,
,,,,,,,,,,,,,,,,,,,,,,,,,2,,,ALP1109,19650915,2026-04-28_10h26.08.452,BrocantoHPilot1WOSession2,2025.2.4,Win32,59.95203837,,,,,,,,,,,,,,,OBJ.N5 Ab SBJ.N4 REVEAL-TR Ab LOC.N1,,,6593.657,2,OBJ-N5-Ab-SBJ-N4-REVEAL-TR-Ab-LOC-N1.mp4,N5|Ab|N4|REVEAL|Ab|N1,PUSH|REVEAL|N2|Aa|Ab|N4|Ab|N5|N1|GO,timó|zsot|dabi|girda|zsot|pekli,vánta|girda|murak|gyék|zsot|dabi|zsot|timó|pekli|kávler,0,5.995,18.409,timó girda zsot dabi,6615.44,,,,,,OBJ-N5-Ab-SBJ-N4-REVEAL-TR-Ab-LOC-N1.mp4,N5|Ab|N4|REVEAL|Ab|N1,PUSH|REVEAL|N2|Aa|Ab|N4|Ab|N5|N1|GO,timó zsot dabi girda zsot pekli,timó|zsot|dabi|girda|zsot|pekli,vánta|girda|murak|gyék|zsot|dabi|zsot|timó|pekli|kávler,,,,,,,,,,,,,,,,,,,,,,,,,,,,,,,,,,,0,26,26,26,1,,,,,,,,,,
,,,,,,,,,,,,,,,,,,,,,,,,,2,,,ALP1109,19650915,2026-04-28_10h26.08.452,BrocantoHPilot1WOSession2,2025.2.4,Win32,59.95203837,,,,,,,,,,,,,,,Ab SBJ.N2 REVEAL-INTR LOC.N3,,,6615.945,2,Ab-SBJ-N2-REVEAL-INTR-LOC-N3.mp4,Ab|N2|REVEAL|N3,Ab|HIDE|GO|REVEAL|N4|N3|Aa|N2,zsot|murak|girda|zilép,zsot|zsübe|kávler|girda|dabi|zilép|gyék|murak,0,6.833,26.742,zsot murak zilép zsübe,6645.143,,,,,,Ab-SBJ-N2-REVEAL-INTR-LOC-N3.mp4,Ab|N2|REVEAL|N3,Ab|HIDE|GO|REVEAL|N4|N3|Aa|N2,zsot murak girda zilép,zsot|murak|girda|zilép,zsot|zsübe|kávler|girda|dabi|zilép|gyék|murak,,,,,,,,,,,,,,,,,,,,,,,,,,,,,,,,,,,0,27,27,27,1,,,,,,,,,,
,,,,,,,,,,,,,,,,,,,,,,,,,2,,,ALP1109,19650915,2026-04-28_10h26.08.452,BrocantoHPilot1WOSession2,2025.2.4,Win32,59.95203837,,,,,,,,,,,,,,,OBJ.N5 SBJ.N1 PUSH-TR,,,6645.653,2,OBJ-N5-SBJ-N1-PUSH-TR.mp4,N5|N1|PUSH,Ab|PUSH|N5|N1|Aa|HIDE|N3,timó|pekli|vánta,zsot|vánta|timó|pekli|gyék|zsübe|zilép,0,5.38,17.142,zsot pekli timó zsübe,6666.401,,,,,,OBJ-N5-SBJ-N1-PUSH-TR.mp4,N5|N1|PUSH,Ab|PUSH|N5|N1|Aa|HIDE|N3,timó pekli vánta,timó|pekli|vánta,zsot|vánta|timó|pekli|gyék|zsübe|zilép,,,,,,,,,,,,,,,,,,,,,,,,,,,,,,,,,,,0,28,28,28,1,,,,,,,,,,
,,,,,,,,,,,,,,,,,,,,,,,,,2,,,ALP1109,19650915,2026-04-28_10h26.08.452,BrocantoHPilot1WOSession2,2025.2.4,Win32,59.95203837,,,,,,,,,,,,,,,SBJ.N2 GO-INTR,,,6666.912,2,SBJ-N2-GO-INTR.mp4,N2|GO,N2|JUMP|PUSH|REVEAL|GO|N3,murak|kávler,murak|bonip|vánta|girda|kávler|zilép,1,6.364,23.393,murak kávler,6693.275,,,,,,SBJ-N2-GO-INTR.mp4,N2|GO,N2|JUMP|PUSH|REVEAL|GO|N3,murak kávler,murak|kávler,murak|bonip|vánta|girda|kávler|zilép,,,,,,,,,,,,,,,,,,,,,,,,,,,,,,,,,,,0,29,29,29,1,,,,,,,,,,
,,,,,,,,,,,,,,,,,,,,,,,,,2,,,ALP1109,19650915,2026-04-28_10h26.08.452,BrocantoHPilot1WOSession2,2025.2.4,Win32,59.95203837,,,,,,,,,,,,,,,OBJ.N5 SBJ.N3 HIDE-TR LOC.N1,,,6693.8,2,OBJ-N5-SBJ-N3-HIDE-TR-LOC-N1.mp4,N5|N3|HIDE|N1,HIDE|GO|N1|JUMP|N5|N2|N3|REVEAL,timó|zilép|zsübe|pekli,zsübe|kávler|pekli|bonip|timó|murak|zilép|girda,0,8.469,37.989,timó zsübe zilép,6736.262,,,,,,OBJ-N5-SBJ-N3-HIDE-TR-LOC-N1.mp4,N5|N3|HIDE|N1,HIDE|GO|N1|JUMP|N5|N2|N3|REVEAL,timó zilép zsübe pekli,timó|zilép|zsübe|pekli,zsübe|kávler|pekli|bonip|timó|murak|zilép|girda,,,,,,,,,,,,,,,,,,,,,,,,,,,,,,,,,,,0,30,30,30,1,,,,,,,,,,
,,,,,,,,,,,,,,,,,,,,,,,,,2,,,ALP1109,19650915,2026-04-28_10h26.08.452,BrocantoHPilot1WOSession2,2025.2.4,Win32,59.95203837,,,,,,,,,,,,,,,Ab OBJ.N5 Aa SBJ.N5 REVEAL-TR,,,6736.765,2,Ab-OBJ-N5-Aa-SBJ-N5-REVEAL-TR.mp4,Ab|N5|Aa|N5|REVEAL,REVEAL|Aa|HIDE|N3|N4|N2|Ab|N5|N5,zsot|timó|gyék|timó|girda,girda|gyék|zsübe|zilép|dabi|murak|zsot|timó|timó,0,6.053,17.104,timó girda zsot timó,6758.866,,,,,,Ab-OBJ-N5-Aa-SBJ-N5-REVEAL-TR.mp4,Ab|N5|Aa|N5|REVEAL,REVEAL|Aa|HIDE|N3|N4|N2|Ab|N5|N5,zsot timó gyék timó girda,zsot|timó|gyék|timó|girda,girda|gyék|zsübe|zilép|dabi|murak|zsot|timó|timó,,,,,,,,,,,,,,,,,,,,,,,,,,,,,,,,,,,0,31,31,31,1,,,,,,,,,,
,,,,,,,,,,,,,,,,,,,,,,,,,2,,,ALP1109,19650915,2026-04-28_10h26.08.452,BrocantoHPilot1WOSession2,2025.2.4,Win32,59.95203837,,,,,,,,,,,,,,,Ab SBJ.N1 HIDE-INTR,,,6759.38,2,Ab-SBJ-N1-HIDE-INTR.mp4,Ab|N1|HIDE,Ab|HIDE|Aa|N2|N3|N1|N5,zsot|pekli|zsübe,zsot|zsübe|gyék|murak|zilép|pekli|timó,0,8.242,17.386,zilép zsübe zsot,6780.485,,,,,,Ab-SBJ-N1-HIDE-INTR.mp4,Ab|N1|HIDE,Ab|HIDE|Aa|N2|N3|N1|N5,zsot pekli zsübe,zsot|pekli|zsübe,zsot|zsübe|gyék|murak|zilép|pekli|timó,,,,,,,,,,,,,,,,,,,,,,,,,,,,,,,,,,,0,32,32,32,1,,,,,,,,,,
,,,,,,,,,,,,,,,,,,,,,,,,,2,,,ALP1109,19650915,2026-04-28_10h26.08.452,BrocantoHPilot1WOSession2,2025.2.4,Win32,59.95203837,,,,,,,,,,,,,,,OBJ.N5 SBJ.N4 PUSH-TR,,,6780.987,2,OBJ-N5-SBJ-N4-PUSH-TR.mp4,N5|N4|PUSH,N4|JUMP|Aa|PUSH|GO|N1|N5,timó|dabi|vánta,dabi|bonip|gyék|vánta|kávler|pekli|timó,1,5.649,23.533,timó dabi vánta,6807.849,,,,,,OBJ-N5-SBJ-N4-PUSH-TR.mp4,N5|N4|PUSH,N4|JUMP|Aa|PUSH|GO|N1|N5,timó dabi vánta,timó|dabi|vánta,dabi|bonip|gyék|vánta|kávler|pekli|timó,,,,,,,,,,,,,,,,,,,,,,,,,,,,,,,,,,,0,33,33,33,1,,,,,,,,,,
,,,,,,,,,,,,,,,,,,,,,,,,,2,,,ALP1109,19650915,2026-04-28_10h26.08.452,BrocantoHPilot1WOSession2,2025.2.4,Win32,59.95203837,,,,,,,,,,,,,,,Ab OBJ.N5 Ab SBJ.N3 HIDE-TR Ab LOC.N1,,,6808.353,2,Ab-OBJ-N5-Ab-SBJ-N3-HIDE-TR-Ab-LOC-N1.mp4,Ab|N5|Ab|N3|HIDE|Ab|N1,N3|Ab|N1|REVEAL|PUSH|N5|GO|Ab|HIDE|JUMP|Ab,zsot|timó|zsot|zilép|zsübe|zsot|pekli,zilép|zsot|pekli|girda|vánta|timó|kávler|zsot|zsübe|bonip|zsot,0,6.161,31.768,timó zilép zsübe zsot pekli,6843.437,,,,,,Ab-OBJ-N5-Ab-SBJ-N3-HIDE-TR-Ab-LOC-N1.mp4,Ab|N5|Ab|N3|HIDE|Ab|N1,N3|Ab|N1|REVEAL|PUSH|N5|GO|Ab|HIDE|JUMP|Ab,zsot timó zsot zilép zsübe zsot pekli,zsot|timó|zsot|zilép|zsübe|zsot|pekli,zilép|zsot|pekli|girda|vánta|timó|kávler|zsot|zsübe|bonip|zsot,,,,,,,,,,,,,,,,,,,,,,,,,,,,,,,,,,,0,34,34,34,1,,,,,,,,,,
,,,,,,,,,,,,,,,,,,,,,,,,,2,,,ALP1109,19650915,2026-04-28_10h26.08.452,BrocantoHPilot1WOSession2,2025.2.4,Win32,59.95203837,,,,,,,,,,,,,,,Ab SBJ.N3 JUMP-INTR,,,6843.95,2,Ab-SBJ-N3-JUMP-INTR.mp4,Ab|N3|JUMP,PUSH|REVEAL|N3|N1|JUMP|Ab|Aa,zsot|zilép|bonip,vánta|girda|zilép|pekli|bonip|zsot|gyék,1,6.281,14.724,zsot zilép bonip,6861.746,,,,,,Ab-SBJ-N3-JUMP-INTR.mp4,Ab|N3|JUMP,PUSH|REVEAL|N3|N1|JUMP|Ab|Aa,zsot zilép bonip,zsot|zilép|bonip,vánta|girda|zilép|pekli|bonip|zsot|gyék,,,,,,,,,,,,,,,,,,,,,,,,,,,,,,,,,,,0,35,35,35,1,,,,,,,,,,
,,,,,,,,,,,,,,,,,,,,,,,,,2,,,ALP1109,19650915,2026-04-28_10h26.08.452,BrocantoHPilot1WOSession2,2025.2.4,Win32,59.95203837,,,,,,,,,,,,,,,SBJ.N5 GO-INTR,,,6862.263,2,SBJ-N5-GO-INTR.mp4,N5|GO,Ab|N2|JUMP|N4|N5|GO,timó|kávler,zsot|murak|bonip|dabi|timó|kávler,1,6.308,10.551,timó kávler,6875.576,,,,,,SBJ-N5-GO-INTR.mp4,N5|GO,Ab|N2|JUMP|N4|N5|GO,timó kávler,timó|kávler,zsot|murak|bonip|dabi|timó|kávler,,,,,,,,,,,,,,,,,,,,,,,,,,,,,,,,,,,0,36,36,36,1,,,,,,,,,,
,,,,,,,,,,,,,,,,,,,,,,,,,2,,,ALP1109,19650915,2026-04-28_10h26.08.452,BrocantoHPilot1WOSession2,2025.2.4,Win32,59.95203837,,,,,,,,,,,,,,,Aa SBJ.N2 HIDE-INTR Ab LOC.N5,,,6876.096,2,Aa-SBJ-N2-HIDE-INTR-Ab-LOC-N5.mp4,Aa|N2|HIDE|Ab|N5,N4|Aa|PUSH|JUMP|Ab|N2|N5|N3|HIDE,gyék|murak|zsübe|zsot|timó,dabi|gyék|vánta|bonip|zsot|murak|timó|zilép|zsübe,0,8.004,29.123,murak timó zsot vánta,6908.349,,,,,,Aa-SBJ-N2-HIDE-INTR-Ab-LOC-N5.mp4,Aa|N2|HIDE|Ab|N5,N4|Aa|PUSH|JUMP|Ab|N2|N5|N3|HIDE,gyék murak zsübe zsot timó,gyék|murak|zsübe|zsot|timó,dabi|gyék|vánta|bonip|zsot|murak|timó|zilép|zsübe,,,,,,,,,,,,,,,,,,,,,,,,,,,,,,,,,,,0,37,37,37,1,,,,,,,,,,
,,,,,,,,,,,,,,,,,,,,,,,,,2,,,ALP1109,19650915,2026-04-28_10h26.08.452,BrocantoHPilot1WOSession2,2025.2.4,Win32,59.95203837,,,,,,,,,,,,,,,Ab SBJ.N1 JUMP-INTR Aa LOC.N4,,,6908.855,2,Ab-SBJ-N1-JUMP-INTR-Aa-LOC-N4.mp4,Ab|N1|JUMP|Aa|N4,Aa|N1|N3|JUMP|Ab|GO|N4|N2|REVEAL,zsot|pekli|bonip|gyék|dabi,gyék|pekli|zilép|bonip|zsot|kávler|dabi|murak|girda,0,6.605,21.978,zsot pekli dabi,6968.672,,,,,,Ab-SBJ-N1-JUMP-INTR-Aa-LOC-N4.mp4,Ab|N1|JUMP|Aa|N4,Aa|N1|N3|JUMP|Ab|GO|N4|N2|REVEAL,zsot pekli bonip gyék dabi,zsot|pekli|bonip|gyék|dabi,gyék|pekli|zilép|bonip|zsot|kávler|dabi|murak|girda,,,,,,,,,,,,,,,,,,,,,,,,,,,,,,,,,,,0,38,38,38,1,,,,,,,,,,
,,,,,,,,,,,,,,,,,,,,,,,,,2,,,ALP1109,19650915,2026-04-28_10h26.08.452,BrocantoHPilot1WOSession2,2025.2.4,Win32,59.95203837,,,,,,,,,,,,,,,Aa SBJ.N1 JUMP-INTR LOC.N4,,,6969.202,2,Aa-SBJ-N1-JUMP-INTR-LOC-N4.mp4,Aa|N1|JUMP|N4,GO|N4|N1|Ab|HIDE|JUMP|Aa|PUSH,gyék|pekli|bonip|dabi,kávler|dabi|pekli|zsot|zsübe|bonip|gyék|vánta,0,5.697,44.955,pekli dabi bonip zsot,7024.576,,,,,,Aa-SBJ-N1-JUMP-INTR-LOC-N4.mp4,Aa|N1|JUMP|N4,GO|N4|N1|Ab|HIDE|JUMP|Aa|PUSH,gyék pekli bonip dabi,gyék|pekli|bonip|dabi,kávler|dabi|pekli|zsot|zsübe|bonip|gyék|vánta,,,,,,,,,,,,,,,,,,,,,,,,,,,,,,,,,,,0,39,39,39,1,,,,,,,,,,
,,,,,,,,,,,,,,,,,,,,,,,,,2,,,ALP1109,19650915,2026-04-28_10h26.08.452,BrocantoHPilot1WOSession2,2025.2.4,Win32,59.95203837,,,,,,,,,,,,,,,OBJ.N5 SBJ.N4 PUSH-TR Ab LOC.N3,,,7025.082,2,OBJ-N5-SBJ-N4-PUSH-TR-Ab-LOC-N3.mp4,N5|N4|PUSH|Ab|N3,Ab|Aa|N3|GO|HIDE|N4|PUSH|N5|N2,timó|dabi|vánta|zsot|zilép,zsot|gyék|zilép|kávler|zsübe|dabi|vánta|timó|murak,0,5.309,39.652,murak dabi zsot vánta,7067.545,,,,,,OBJ-N5-SBJ-N4-PUSH-TR-Ab-LOC-N3.mp4,N5|N4|PUSH|Ab|N3,Ab|Aa|N3|GO|HIDE|N4|PUSH|N5|N2,timó dabi vánta zsot zilép,timó|dabi|vánta|zsot|zilép,zsot|gyék|zilép|kávler|zsübe|dabi|vánta|timó|murak,,,,,,,,,,,,,,,,,,,,,,,,,,,,,,,,,,,0,40,40,40,1,,,,,,,,,,
,,,,,,,,,,,,,,,,,,,,,,,,,2,,,ALP1109,19650915,2026-04-28_10h26.08.452,BrocantoHPilot1WOSession2,2025.2.4,Win32,59.95203837,,,,,,,,,,,,,,,Ab OBJ.N5 Ab SBJ.N1 REVEAL-TR,,,7068.071,2,Ab-OBJ-N5-Ab-SBJ-N1-REVEAL-TR.mp4,Ab|N5|Ab|N1|REVEAL,Aa|JUMP|PUSH|Ab|REVEAL|N1|Ab|N5|HIDE,zsot|timó|zsot|pekli|girda,gyék|bonip|vánta|zsot|girda|pekli|zsot|timó|zsübe,0,6.537,14.399,zsot pekli zsübe timó,7085.176,,,,,,Ab-OBJ-N5-Ab-SBJ-N1-REVEAL-TR.mp4,Ab|N5|Ab|N1|REVEAL,Aa|JUMP|PUSH|Ab|REVEAL|N1|Ab|N5|HIDE,zsot timó zsot pekli girda,zsot|timó|zsot|pekli|girda,gyék|bonip|vánta|zsot|girda|pekli|zsot|timó|zsübe,,,,,,,,,,,,,,,,,,,,,,,,,,,,,,,,,,,0,41,41,41,1,,,,,,,,,,
,,,,,,,,,,,,,,,,,,,,,,,,,2,,,ALP1109,19650915,2026-04-28_10h26.08.452,BrocantoHPilot1WOSession2,2025.2.4,Win32,59.95203837,,,,,,,,,,,,,,,,,,,,,,,,,,,,,,,,,,,,,,,,,8273.5,chunkTest_s2,0,2,JUMP-N2.mp3,3,1.76,6,1,3.59,4.699,8279.029,,,,,,JUMP-N2.mp3,3,,,,,,,,,,,,,,,,,,,,,0,0,0,10,1,,,,,
,,,,,,,,,,,,,,,,,,,,,,,,,2,,,ALP1109,19650915,2026-04-28_10h26.08.452,BrocantoHPilot1WOSession2,2025.2.4,Win32,59.95203837,,,,,,,,,,,,,,,,,,,,,,,,,,,,,,,,,,,,,,,,,8279.544,chunkTest_s2,1,2,HIDE-GO.mp3,0,3.817,6,2,6.897,7.148,8287.345,,,,,,HIDE-GO.mp3,0,,,,,,,,,,,,,,,,,,,,,0,1,1,17,1,,,,,
,,,,,,,,,,,,,,,,,,,,,,,,,2,,,ALP1109,19650915,2026-04-28_10h26.08.452,BrocantoHPilot1WOSession2,2025.2.4,Win32,59.95203837,,,,,,,,,,,,,,,,,,,,,,,,,,,,,,,,,,,,,,,,,8287.861,chunkTest_s2,2,2,REVEAL-GO.mp3,0,0.767,6,1,2.76,2.949,8291.654,,,,,,REVEAL-GO.mp3,0,,,,,,,,,,,,,,,,,,,,,0,2,2,19,1,,,,,
,,,,,,,,,,,,,,,,,,,,,,,,,2,,,ALP1109,19650915,2026-04-28_10h26.08.452,BrocantoHPilot1WOSession2,2025.2.4,Win32,59.95203837,,,,,,,,,,,,,,,,,,,,,,,,,,,,,,,,,,,,,,,,,8292.157,chunkTest_s2,3,2,N4-N1.mp3,0,0.792,6,1,2.708,2.784,8295.691,,,,,,N4-N1.mp3,0,,,,,,,,,,,,,,,,,,,,,0,3,3,18,1,,,,,
,,,,,,,,,,,,,,,,,,,,,,,,,2,,,ALP1109,19650915,2026-04-28_10h26.08.452,BrocantoHPilot1WOSession2,2025.2.4,Win32,59.95203837,,,,,,,,,,,,,,,,,,,,,,,,,,,,,,,,,,,,,,,,,8296.208,chunkTest_s2,4,2,PUSH-N4.mp3,6,0.771,6,1,2.229,2.229,8299.078,,,,,,PUSH-N4.mp3,6,,,,,,,,,,,,,,,,,,,,,0,4,4,15,1,,,,,
,,,,,,,,,,,,,,,,,,,,,,,,,2,,,ALP1109,19650915,2026-04-28_10h26.08.452,BrocantoHPilot1WOSession2,2025.2.4,Win32,59.95203837,,,,,,,,,,,,,,,,,,,,,,,,,,,,,,,,,,,,,,,,,8299.593,chunkTest_s2,5,2,N1-N4.mp3,0,0.765,6,1,2.471,2.613,8302.865,,,,,,N1-N4.mp3,0,,,,,,,,,,,,,,,,,,,,,0,5,5,3,1,,,,,
,,,,,,,,,,,,,,,,,,,,,,,,,2,,,ALP1109,19650915,2026-04-28_10h26.08.452,BrocantoHPilot1WOSession2,2025.2.4,Win32,59.95203837,,,,,,,,,,,,,,,,,,,,,,,,,,,,,,,,,,,,,,,,,8303.381,chunkTest_s2,6,2,GO-N1.mp3,1,1.094,6,1,3.118,10.188,8314.304,,,,,,GO-N1.mp3,1,,,,,,,,,,,,,,,,,,,,,0,6,6,11,1,,,,,
,,,,,,,,,,,,,,,,,,,,,,,,,2,,,ALP1109,19650915,2026-04-28_10h26.08.452,BrocantoHPilot1WOSession2,2025.2.4,Win32,59.95203837,,,,,,,,,,,,,,,,,,,,,,,,,,,,,,,,,,,,,,,,,8314.829,chunkTest_s2,7,2,GO-N3.mp3,2,5.651,6,2,3.329,9.096,8324.531,,,,,,GO-N3.mp3,2,,,,,,,,,,,,,,,,,,,,,0,7,7,9,1,,,,,
,,,,,,,,,,,,,,,,,,,,,,,,,2,,,ALP1109,19650915,2026-04-28_10h26.08.452,BrocantoHPilot1WOSession2,2025.2.4,Win32,59.95203837,,,,,,,,,,,,,,,,,,,,,,,,,,,,,,,,,,,,,,,,,8325.032,chunkTest_s2,8,2,N1-N5.mp3,0,1.173,6,1,2.949,3.945,8329.863,,,,,,N1-N5.mp3,0,,,,,,,,,,,,,,,,,,,,,0,8,8,0,1,,,,,
,,,,,,,,,,,,,,,,,,,,,,,,,2,,,ALP1109,19650915,2026-04-28_10h26.08.452,BrocantoHPilot1WOSession2,2025.2.4,Win32,59.95203837,,,,,,,,,,,,,,,,,,,,,,,,,,,,,,,,,,,,,,,,,8330.366,chunkTest_s2,9,2,HIDE-HIDE.mp3,0,0.695,6,1,2.446,2.664,8333.672,,,,,,HIDE-HIDE.mp3,0,,,,,,,,,,,,,,,,,,,,,0,9,9,2,1,,,,,
,,,,,,,,,,,,,,,,,,,,,,,,,2,,,ALP1109,19650915,2026-04-28_10h26.08.452,BrocantoHPilot1WOSession2,2025.2.4,Win32,59.95203837,,,,,,,,,,,,,,,,,,,,,,,,,,,,,,,,,,,,,,,,,8334.187,chunkTest_s2,10,2,N2-REVEAL.mp3,16,0.621,6,1,2.337,2.399,8337.36,,,,,,N2-REVEAL.mp3,16,,,,,,,,,,,,,,,,,,,,,0,10,10,14,1,,,,,
,,,,,,,,,,,,,,,,,,,,,,,,,2,,,ALP1109,19650915,2026-04-28_10h26.08.452,BrocantoHPilot1WOSession2,2025.2.4,Win32,59.95203837,,,,,,,,,,,,,,,,,,,,,,,,,,,,,,,,,,,,,,,,,8337.866,chunkTest_s2,11,2,N3-GO.mp3,6,0.642,6,1,2.94,3.015,8341.505,,,,,,N3-GO.mp3,6,,,,,,,,,,,,,,,,,,,,,0,11,11,12,1,,,,,
,,,,,,,,,,,,,,,,,,,,,,,,,2,,,ALP1109,19650915,2026-04-28_10h26.08.452,BrocantoHPilot1WOSession2,2025.2.4,Win32,59.95203837,,,,,,,,,,,,,,,,,,,,,,,,,,,,,,,,,,,,,,,,,8342.029,chunkTest_s2,12,2,N3-HIDE.mp3,16,0.584,6,1,2.295,2.371,8345.039,,,,,,N3-HIDE.mp3,16,,,,,,,,,,,,,,,,,,,,,0,12,12,8,1,,,,,
,,,,,,,,,,,,,,,,,,,,,,,,,2,,,ALP1109,19650915,2026-04-28_10h26.08.452,BrocantoHPilot1WOSession2,2025.2.4,Win32,59.95203837,,,,,,,,,,,,,,,,,,,,,,,,,,,,,,,,,,,,,,,,,8345.553,chunkTest_s2,13,2,JUMP-REVEAL.mp3,0,15.753,6,8,18.781,22.146,8368.585,,,,,,JUMP-REVEAL.mp3,0,,,,,,,,,,,,,,,,,,,,,0,13,13,7,1,,,,,
,,,,,,,,,,,,,,,,,,,,,,,,,2,,,ALP1109,19650915,2026-04-28_10h26.08.452,BrocantoHPilot1WOSession2,2025.2.4,Win32,59.95203837,,,,,,,,,,,,,,,,,,,,,,,,,,,,,,,,,,,,,,,,,8369.127,chunkTest_s2,14,2,N3-N5.mp3,0,2.867,6,3,4.941,5.862,8376.032,,,,,,N3-N5.mp3,0,,,,,,,,,,,,,,,,,,,,,0,14,14,6,1,,,,,
,,,,,,,,,,,,,,,,,,,,,,,,,2,,,ALP1109,19650915,2026-04-28_10h26.08.452,BrocantoHPilot1WOSession2,2025.2.4,Win32,59.95203837,,,,,,,,,,,,,,,,,,,,,,,,,,,,,,,,,,,,,,,,,8376.539,chunkTest_s2,15,2,HIDE-Aa.mp3,1,1.586,6,1,4.708,5.472,8382.746,,,,,,HIDE-Aa.mp3,1,,,,,,,,,,,,,,,,,,,,,0,15,15,4,1,,,,,
,,,,,,,,,,,,,,,,,,,,,,,,,2,,,ALP1109,19650915,2026-04-28_10h26.08.452,BrocantoHPilot1WOSession2,2025.2.4,Win32,59.95203837,,,,,,,,,,,,,,,,,,,,,,,,,,,,,,,,,,,,,,,,,8383.26,chunkTest_s2,16,2,JUMP-N4.mp3,2,1.269,6,1,3.093,3.164,8387.106,,,,,,JUMP-N4.mp3,2,,,,,,,,,,,,,,,,,,,,,0,16,16,13,1,,,,,
,,,,,,,,,,,,,,,,,,,,,,,,,2,,,ALP1109,19650915,2026-04-28_10h26.08.452,BrocantoHPilot1WOSession2,2025.2.4,Win32,59.95203837,,,,,,,,,,,,,,,,,,,,,,,,,,,,,,,,,,,,,,,,,8387.616,chunkTest_s2,17,2,PUSH-HIDE.mp3,0,9.02,6,1,10.877,11.349,8399.658,,,,,,PUSH-HIDE.mp3,0,,,,,,,,,,,,,,,,,,,,,0,17,17,1,1,,,,,
,,,,,,,,,,,,,,,,,,,,,,,,,2,,,ALP1109,19650915,2026-04-28_10h26.08.452,BrocantoHPilot1WOSession2,2025.2.4,Win32,59.95203837,,,,,,,,,,,,,,,,,,,,,,,,,,,,,,,,,,,,,,,,,8400.177,chunkTest_s2,18,2,N2-N4.mp3,0,1.096,6,1,2.733,3.634,8404.609,,,,,,N2-N4.mp3,0,,,,,,,,,,,,,,,,,,,,,0,18,18,5,1,,,,,
,,,,,,,,,,,,,,,,,,,,,,,,,2,,,ALP1109,19650915,2026-04-28_10h26.08.452,BrocantoHPilot1WOSession2,2025.2.4,Win32,59.95203837,,,,,,,,,,,,,,,,,,,,,,,,,,,,,,,,,,,,,,,,,8405.115,chunkTest_s2,19,2,PUSH-N2.mp3,6,1.229,6,1,2.851,3.849,8409.764,,,,,,PUSH-N2.mp3,6,,,,,,,,,,,,,,,,,,,,,0,19,19,16,1,,,,,
,,,,,,,,,,,,,,,,,,,,,,,,,2,,,ALP1109,19650915,2026-04-28_10h26.08.452,BrocantoHPilot1WOSession2,2025.2.4,Win32,59.95203837,,,,,,,,,,,,,,,,,,,,,,,,,,,,,,,,,,,,,,,,,8422.622,GJTest_s2,0,2,OBJ-N5-SBJ-N2-Ab-HIDE-TR-Ab-LOC-N1-LOC-N3.mp3,,1.266,6,1,10.927,16.702,8440.384,,,,,,OBJ-N5-SBJ-N2-Ab-HIDE-TR-Ab-LOC-N1-LOC-N3.mp3,,,,,,,,,,,,,,,,,,,,,,,,,,,0,0,0,15,1
,,,,,,,,,,,,,,,,,,,,,,,,,2,,,ALP1109,19650915,2026-04-28_10h26.08.452,BrocantoHPilot1WOSession2,2025.2.4,Win32,59.95203837,,,,,,,,,,,,,,,,,,,,,,,,,,,,,,,,,,,,,,,,,8440.911,GJTest_s2,1,2,Ab-OBJ-N5-SBJ-N2-HIDE-TR.mp3,3,1.433,6,1,3.924,6.01,8447.792,,,,,,Ab-OBJ-N5-SBJ-N2-HIDE-TR.mp3,3,,,,,,,,,,,,,,,,,,,,,,,,,,0,1,1,1,1
,,,,,,,,,,,,,,,,,,,,,,,,,2,,,ALP1109,19650915,2026-04-28_10h26.08.452,BrocantoHPilot1WOSession2,2025.2.4,Win32,59.95203837,,,,,,,,,,,,,,,,,,,,,,,,,,,,,,,,,,,,,,,,,8448.299,GJTest_s2,2,2,OBJ-N1-SBJ-N5-JUMP-INTR.mp3,,1.515,6,1,3.844,5.21,8454.494,,,,,,OBJ-N1-SBJ-N5-JUMP-INTR.mp3,,,,,,,,,,,,,,,,,,,,,,,,,,,0,2,2,13,1
,,,,,,,,,,,,,,,,,,,,,,,,,2,,,ALP1109,19650915,2026-04-28_10h26.08.452,BrocantoHPilot1WOSession2,2025.2.4,Win32,59.95203837,,,,,,,,,,,,,,,,,,,,,,,,,,,,,,,,,,,,,,,,,8455.061,GJTest_s2,3,2,JUMP-INTR-LOC-N1.mp3,,1.909,6,1,3.831,4.607,8460.452,,,,,,JUMP-INTR-LOC-N1.mp3,,,,,,,,,,,,,,,,,,,,,,,,,,,0,3,3,10,1
,,,,,,,,,,,,,,,,,,,,,,,,,2,,,ALP1109,19650915,2026-04-28_10h26.08.452,BrocantoHPilot1WOSession2,2025.2.4,Win32,59.95203837,,,,,,,,,,,,,,,,,,,,,,,,,,,,,,,,,,,,,,,,,8460.958,GJTest_s2,4,2,Ab-SBJ-N2-GO-INTR-LOC-N4.mp3,0,1.073,6,1,4.631,8.44,8470.221,,,,,,Ab-SBJ-N2-GO-INTR-LOC-N4.mp3,0,,,,,,,,,,,,,,,,,,,,,,,,,,0,4,4,8,1
,,,,,,,,,,,,,,,,,,,,,,,,,2,,,ALP1109,19650915,2026-04-28_10h26.08.452,BrocantoHPilot1WOSession2,2025.2.4,Win32,59.95203837,,,,,,,,,,,,,,,,,,,,,,,,,,,,,,,,,,,,,,,,,8470.736,GJTest_s2,5,2,Aa-SBJ-N1-HIDE-INTR-Ab-LOC-N5.mp3,0,1.094,3,1,4.71,17.402,8489.008,,,,,,Aa-SBJ-N1-HIDE-INTR-Ab-LOC-N5.mp3,0,,,,,,,,,,,,,,,,,,,,,,,,,,0,5,5,7,1
,,,,,,,,,,,,,,,,,,,,,,,,,2,,,ALP1109,19650915,2026-04-28_10h26.08.452,BrocantoHPilot1WOSession2,2025.2.4,Win32,59.95203837,,,,,,,,,,,,,,,,,,,,,,,,,,,,,,,,,,,,,,,,,8489.514,GJTest_s2,6,2,OBJ-N4-Ab-SBJ-N3-REVEAL-TR-Aa-LOC-N5-LOC-N1.mp3,,0.917,1,1,5.385,6.311,8496.562,,,,,,OBJ-N4-Ab-SBJ-N3-REVEAL-TR-Aa-LOC-N5-LOC-N1.mp3,,,,,,,,,,,,,,,,,,,,,,,,,,,0,6,6,19,1
,,,,,,,,,,,,,,,,,,,,,,,,,2,,,ALP1109,19650915,2026-04-28_10h26.08.452,BrocantoHPilot1WOSession2,2025.2.4,Win32,59.95203837,,,,,,,,,,,,,,,,,,,,,,,,,,,,,,,,,,,,,,,,,8497.094,GJTest_s2,7,2,SBJ-N1-PUSH-TR.mp3,,1.129,6,1,3.044,3.52,8501.269,,,,,,SBJ-N1-PUSH-TR.mp3,,,,,,,,,,,,,,,,,,,,,,,,,,,0,7,7,14,1
,,,,,,,,,,,,,,,,,,,,,,,,,2,,,ALP1109,19650915,2026-04-28_10h26.08.452,BrocantoHPilot1WOSession2,2025.2.4,Win32,59.95203837,,,,,,,,,,,,,,,,,,,,,,,,,,,,,,,,,,,,,,,,,8501.792,GJTest_s2,8,2,OBJ-N1-SBJ-N4-JUMP-INTR-Aa.mp3,,1.238,2,1,4.121,9.663,8512.166,,,,,,OBJ-N1-SBJ-N4-JUMP-INTR-Aa.mp3,,,,,,,,,,,,,,,,,,,,,,,,,,,0,8,8,16,1
,,,,,,,,,,,,,,,,,,,,,,,,,2,,,ALP1109,19650915,2026-04-28_10h26.08.452,BrocantoHPilot1WOSession2,2025.2.4,Win32,59.95203837,,,,,,,,,,,,,,,,,,,,,,,,,,,,,,,,,,,,,,,,,8512.669,GJTest_s2,9,2,OBJ-N5-Ab-SBJ-N2-HIDE-TR-Ab-LOC-N1.mp3,0,1.235,5,1,5.092,6.745,8519.999,,,,,,OBJ-N5-Ab-SBJ-N2-HIDE-TR-Ab-LOC-N1.mp3,0,,,,,,,,,,,,,,,,,,,,,,,,,,0,9,9,5,1
,,,,,,,,,,,,,,,,,,,,,,,,,2,,,ALP1109,19650915,2026-04-28_10h26.08.452,BrocantoHPilot1WOSession2,2025.2.4,Win32,59.95203837,,,,,,,,,,,,,,,,,,,,,,,,,,,,,,,,,,,,,,,,,8520.506,GJTest_s2,10,2,OBJ-N1-SBJ-N2-Ab-GO-INTR-LOC-N4.mp3,,0.906,1,1,4.807,6.805,8528.093,,,,,,OBJ-N1-SBJ-N2-Ab-GO-INTR-LOC-N4.mp3,,,,,,,,,,,,,,,,,,,,,,,,,,,0,10,10,18,1
,,,,,,,,,,,,,,,,,,,,,,,,,2,,,ALP1109,19650915,2026-04-28_10h26.08.452,BrocantoHPilot1WOSession2,2025.2.4,Win32,59.95203837,,,,,,,,,,,,,,,,,,,,,,,,,,,,,,,,,,,,,,,,,8528.608,GJTest_s2,11,2,Ab-OBJ-N4-SBJ-N3-REVEAL-TR-Aa-LOC-N5.mp3,0,0.846,5,1,4.827,8.395,8537.58,,,,,,Ab-OBJ-N4-SBJ-N3-REVEAL-TR-Aa-LOC-N5.mp3,0,,,,,,,,,,,,,,,,,,,,,,,,,,0,11,11,9,1
,,,,,,,,,,,,,,,,,,,,,,,,,2,,,ALP1109,19650915,2026-04-28_10h26.08.452,BrocantoHPilot1WOSession2,2025.2.4,Win32,59.95203837,,,,,,,,,,,,,,,,,,,,,,,,,,,,,,,,,,,,,,,,,8538.089,GJTest_s2,12,2,SBJ-N2-JUMP-INTR-LOC-N1.mp3,1,0.967,6,1,4.083,4.206,8543.045,,,,,,SBJ-N2-JUMP-INTR-LOC-N1.mp3,1,,,,,,,,,,,,,,,,,,,,,,,,,,0,12,12,0,1
,,,,,,,,,,,,,,,,,,,,,,,,,2,,,ALP1109,19650915,2026-04-28_10h26.08.452,BrocantoHPilot1WOSession2,2025.2.4,Win32,59.95203837,,,,,,,,,,,,,,,,,,,,,,,,,,,,,,,,,,,,,,,,,8543.559,GJTest_s2,13,2,SBJ-N5-JUMP-INTR.mp3,4,0.897,6,1,2.595,2.985,8547.327,,,,,,SBJ-N5-JUMP-INTR.mp3,4,,,,,,,,,,,,,,,,,,,,,,,,,,0,13,13,3,1
,,,,,,,,,,,,,,,,,,,,,,,,,2,,,ALP1109,19650915,2026-04-28_10h26.08.452,BrocantoHPilot1WOSession2,2025.2.4,Win32,59.95203837,,,,,,,,,,,,,,,,,,,,,,,,,,,,,,,,,,,,,,,,,8547.836,GJTest_s2,14,2,OBJ-N5-SBJ-N1-HIDE-TR-LOC-N2.mp3,6,0.86,6,1,3.777,4.171,8552.847,,,,,,OBJ-N5-SBJ-N1-HIDE-TR-LOC-N2.mp3,6,,,,,,,,,,,,,,,,,,,,,,,,,,0,14,14,2,1
,,,,,,,,,,,,,,,,,,,,,,,,,2,,,ALP1109,19650915,2026-04-28_10h26.08.452,BrocantoHPilot1WOSession2,2025.2.4,Win32,59.95203837,,,,,,,,,,,,,,,,,,,,,,,,,,,,,,,,,,,,,,,,,8553.367,GJTest_s2,15,2,SBJ-N1-Aa-HIDE-INTR-Ab-LOC-N5-LOC-N2.mp3,,1.033,1,1,4.886,5.081,8559.192,,,,,,SBJ-N1-Aa-HIDE-INTR-Ab-LOC-N5-LOC-N2.mp3,,,,,,,,,,,,,,,,,,,,,,,,,,,0,15,15,17,1
,,,,,,,,,,,,,,,,,,,,,,,,,2,,,ALP1109,19650915,2026-04-28_10h26.08.452,BrocantoHPilot1WOSession2,2025.2.4,Win32,59.95203837,,,,,,,,,,,,,,,,,,,,,,,,,,,,,,,,,,,,,,,,,8559.725,GJTest_s2,16,2,OBJ-N5-SBJ-N1-HIDE-TR-LOC-N2-LOC-N3.mp3,,0.793,6,1,4.661,5.775,8566.437,,,,,,OBJ-N5-SBJ-N1-HIDE-TR-LOC-N2-LOC-N3.mp3,,,,,,,,,,,,,,,,,,,,,,,,,,,0,16,16,12,1
,,,,,,,,,,,,,,,,,,,,,,,,,2,,,ALP1109,19650915,2026-04-28_10h26.08.452,BrocantoHPilot1WOSession2,2025.2.4,Win32,59.95203837,,,,,,,,,,,,,,,,,,,,,,,,,,,,,,,,,,,,,,,,,8566.949,GJTest_s2,17,2,Aa-SBJ-N4-JUMP-INTR.mp3,0,1.017,3,1,3.069,3.599,8571.216,,,,,,Aa-SBJ-N4-JUMP-INTR.mp3,0,,,,,,,,,,,,,,,,,,,,,,,,,,0,17,17,6,1
,,,,,,,,,,,,,,,,,,,,,,,,,2,,,ALP1109,19650915,2026-04-28_10h26.08.452,BrocantoHPilot1WOSession2,2025.2.4,Win32,59.95203837,,,,,,,,,,,,,,,,,,,,,,,,,,,,,,,,,,,,,,,,,8571.743,GJTest_s2,18,2,OBJ-N5-SBJ-N1-PUSH-TR.mp3,5,0.617,6,1,3.392,3.738,8576.124,,,,,,OBJ-N5-SBJ-N1-PUSH-TR.mp3,5,,,,,,,,,,,,,,,,,,,,,,,,,,0,18,18,4,1
,,,,,,,,,,,,,,,,,,,,,,,,,2,,,ALP1109,19650915,2026-04-28_10h26.08.452,BrocantoHPilot1WOSession2,2025.2.4,Win32,59.95203837,,,,,,,,,,,,,,,,,,,,,,,,,,,,,,,,,,,,,,,,,8576.642,GJTest_s2,19,2,OBJ-N5-SBJ-N2-HIDE-TR-Ab.mp3,,0.84,1,1,3.474,4.757,8582.196,,,,,,OBJ-N5-SBJ-N2-HIDE-TR-Ab.mp3,,,,,,,,,,,,,,,,,,,,,,,,,,,0,19,19,11,1
