wordLearning.exposure.itemIdx,wordLearning.exposure.pass,wordLearning.exposure.image,wordLearning.exposure.audio,wordLearning.test.started,wordLearning.test.targetIdx,wordLearning.test.targetImage,wordLearning.test.optionOrder,wordLearning.test.responseIdx,wordLearning.test.correct,wordLearning.test.streakAfter,wordLearning.test.masteredSnapshot,passiveTrial.started,passive.sessionIndex,passive.movie,passive.sound,passiveTrial.stopped,passiveSelfPaceKey.keys,passiveSelfPaceKey.rt,passiveSelfPaceKey.duration,passiveTrials_s1.thisRepN,passiveTrials_s1.thisTrialN,passiveTrials_s1.thisN,passiveTrials_s1.thisIndex,passiveTrials_s1.ran,sessionIndex,passiveMovie,passiveSound,participant,születési dátum (ÉÉÉÉ.HH.NN),date,expName,psychopyVersion,OS,frameRate,comprehensionTrial.started,comprehension.sessionIndex,comprehension.correctPosition,comprehension.response,comprehension.rt,comprehension.correct,comprehension.t_sentenceAudioEnd,comprehension.t_lastChoiceClick,comprehensionTrial.stopped,comprehensionTrials_s1.thisRepN,comprehensionTrials_s1.thisTrialN,comprehensionTrials_s1.thisN,comprehensionTrials_s1.thisIndex,comprehensionTrials_s1.ran,sentence,video_correct,video_incorrect,productionTrial.started,production.sessionIndex,production.video,production.correct_words,production.all_words,production.correct_words_form,production.all_words_form,production.correct,production.t_firstVideoEnd,production.t_lastWordClick,production.response,productionTrial.stopped,productionTrials_s1.thisRepN,productionTrials_s1.thisTrialN,productionTrials_s1.thisN,productionTrials_s1.thisIndex,productionTrials_s1.ran,video,correct_words,all_words,sentence_form,correct_words_form,all_words_form,familiarityTrial.started,familiarity.testName,familiarity.thisN,familiarity.sessionIndex,familiarity.audio,familiarity.previous_encounters,familiarity.playAttemptTime,familiarity.rating,familiarity.playClickCount,familiarity.t_audioEnd,familiarity.t_lastLikertClick,familiarityTrial.stopped,chunkTest_s1.thisRepN,chunkTest_s1.thisTrialN,chunkTest_s1.thisN,chunkTest_s1.thisIndex,chunkTest_s1.ran,audio,previous_encounters,GJTest_s1.thisRepN,GJTest_s1.thisTrialN,GJTest_s1.thisN,GJTest_s1.thisIndex,GJTest_s1.ran,passiveTrials_s2.thisRepN,passiveTrials_s2.thisTrialN,passiveTrials_s2.thisN,passiveTrials_s2.thisIndex,passiveTrials_s2.ran,comprehensionTrials_s2.thisRepN,comprehensionTrials_s2.thisTrialN,comprehensionTrials_s2.thisN,comprehensionTrials_s2.thisIndex,comprehensionTrials_s2.ran,productionTrials_s2.thisRepN,productionTrials_s2.thisTrialN,productionTrials_s2.thisN,productionTrials_s2.thisIndex,productionTrials_s2.ran,chunkTest_s2.thisRepN,chunkTest_s2.thisTrialN,chunkTest_s2.thisN,chunkTest_s2.thisIndex,chunkTest_s2.ran,GJTest_s2.thisRepN,GJTest_s2.thisTrialN,GJTest_s2.thisN,GJTest_s2.thisIndex,GJTest_s2.ran
2,2,Aa-N1.png,N1.mp3,245.927,5,N4.png,"6,3,5,1",5,1,5,1111111,268.111,1,SBJ-N1-GO-INTR.mp4,SBJ-N1-GO-INTR.mp3,277.741,mouse_continue,9.63,,0,0,0,0,1,1,SBJ-N1-GO-INTR.mp4,SBJ-N1-GO-INTR.mp3,ALP1102,2001.08.20,2026-04-19_10h21.15.918,BrocantoHPilot1WOSession2,2025.2.4,Win32,59.95203837,,,,,,,,,,,,,,,,,,,,,,,,,,,,,,,,,,,,,,,,,,,,,,,,,,,,,,,,,,,,,,,,,,,,,,,,,,,,,,,,,,,,,,,,,
,,,,,,,,,,,,277.741,1,OBJ-N5-SBJ-N3-REVEAL-TR.mp4,OBJ-N5-SBJ-N3-REVEAL-TR.mp3,289.842,mouse_continue,12.1,,0,1,1,1,1,1,OBJ-N5-SBJ-N3-REVEAL-TR.mp4,OBJ-N5-SBJ-N3-REVEAL-TR.mp3,ALP1102,2001.08.20,2026-04-19_10h21.15.918,BrocantoHPilot1WOSession2,2025.2.4,Win32,59.95203837,,,,,,,,,,,,,,,,,,,,,,,,,,,,,,,,,,,,,,,,,,,,,,,,,,,,,,,,,,,,,,,,,,,,,,,,,,,,,,,,,,,,,,,,,
,,,,,,,,,,,,289.843,1,OBJ-N5-SBJ-N2-PUSH-TR.mp4,OBJ-N5-SBJ-N2-PUSH-TR.mp3,295.691,mouse_continue,5.848,,0,2,2,2,1,1,OBJ-N5-SBJ-N2-PUSH-TR.mp4,OBJ-N5-SBJ-N2-PUSH-TR.mp3,ALP1102,2001.08.20,2026-04-19_10h21.15.918,BrocantoHPilot1WOSession2,2025.2.4,Win32,59.95203837,,,,,,,,,,,,,,,,,,,,,,,,,,,,,,,,,,,,,,,,,,,,,,,,,,,,,,,,,,,,,,,,,,,,,,,,,,,,,,,,,,,,,,,,,
,,,,,,,,,,,,295.692,1,SBJ-N1-GO-INTR.mp4,SBJ-N1-GO-INTR.mp3,301.957,mouse_continue,6.265,,0,3,3,3,1,1,SBJ-N1-GO-INTR.mp4,SBJ-N1-GO-INTR.mp3,ALP1102,2001.08.20,2026-04-19_10h21.15.918,BrocantoHPilot1WOSession2,2025.2.4,Win32,59.95203837,,,,,,,,,,,,,,,,,,,,,,,,,,,,,,,,,,,,,,,,,,,,,,,,,,,,,,,,,,,,,,,,,,,,,,,,,,,,,,,,,,,,,,,,,
,,,,,,,,,,,,301.958,1,OBJ-N5-SBJ-N4-HIDE-TR.mp4,OBJ-N5-SBJ-N4-HIDE-TR.mp3,308.375,mouse_continue,6.416,,0,4,4,4,1,1,OBJ-N5-SBJ-N4-HIDE-TR.mp4,OBJ-N5-SBJ-N4-HIDE-TR.mp3,ALP1102,2001.08.20,2026-04-19_10h21.15.918,BrocantoHPilot1WOSession2,2025.2.4,Win32,59.95203837,,,,,,,,,,,,,,,,,,,,,,,,,,,,,,,,,,,,,,,,,,,,,,,,,,,,,,,,,,,,,,,,,,,,,,,,,,,,,,,,,,,,,,,,,
,,,,,,,,,,,,308.375,1,SBJ-N2-HIDE-INTR.mp4,SBJ-N2-HIDE-INTR.mp3,314.191,mouse_continue,5.816,,0,5,5,5,1,1,SBJ-N2-HIDE-INTR.mp4,SBJ-N2-HIDE-INTR.mp3,ALP1102,2001.08.20,2026-04-19_10h21.15.918,BrocantoHPilot1WOSession2,2025.2.4,Win32,59.95203837,,,,,,,,,,,,,,,,,,,,,,,,,,,,,,,,,,,,,,,,,,,,,,,,,,,,,,,,,,,,,,,,,,,,,,,,,,,,,,,,,,,,,,,,,
,,,,,,,,,,,,314.191,1,OBJ-N5-SBJ-N3-REVEAL-TR.mp4,OBJ-N5-SBJ-N3-REVEAL-TR.mp3,321.908,mouse_continue,7.717,,0,6,6,6,1,1,OBJ-N5-SBJ-N3-REVEAL-TR.mp4,OBJ-N5-SBJ-N3-REVEAL-TR.mp3,ALP1102,2001.08.20,2026-04-19_10h21.15.918,BrocantoHPilot1WOSession2,2025.2.4,Win32,59.95203837,,,,,,,,,,,,,,,,,,,,,,,,,,,,,,,,,,,,,,,,,,,,,,,,,,,,,,,,,,,,,,,,,,,,,,,,,,,,,,,,,,,,,,,,,
,,,,,,,,,,,,321.909,1,SBJ-N3-JUMP-INTR.mp4,SBJ-N3-JUMP-INTR.mp3,327.541,mouse_continue,5.633,,0,7,7,7,1,1,SBJ-N3-JUMP-INTR.mp4,SBJ-N3-JUMP-INTR.mp3,ALP1102,2001.08.20,2026-04-19_10h21.15.918,BrocantoHPilot1WOSession2,2025.2.4,Win32,59.95203837,,,,,,,,,,,,,,,,,,,,,,,,,,,,,,,,,,,,,,,,,,,,,,,,,,,,,,,,,,,,,,,,,,,,,,,,,,,,,,,,,,,,,,,,,
,,,,,,,,,,,,327.541,1,SBJ-N5-REVEAL-INTR.mp4,SBJ-N5-REVEAL-INTR.mp3,333.307,mouse_continue,5.766,,0,8,8,8,1,1,SBJ-N5-REVEAL-INTR.mp4,SBJ-N5-REVEAL-INTR.mp3,ALP1102,2001.08.20,2026-04-19_10h21.15.918,BrocantoHPilot1WOSession2,2025.2.4,Win32,59.95203837,,,,,,,,,,,,,,,,,,,,,,,,,,,,,,,,,,,,,,,,,,,,,,,,,,,,,,,,,,,,,,,,,,,,,,,,,,,,,,,,,,,,,,,,,
,,,,,,,,,,,,333.308,1,OBJ-N5-SBJ-N4-HIDE-TR.mp4,OBJ-N5-SBJ-N4-HIDE-TR.mp3,340.174,mouse_continue,6.867,,0,9,9,9,1,1,OBJ-N5-SBJ-N4-HIDE-TR.mp4,OBJ-N5-SBJ-N4-HIDE-TR.mp3,ALP1102,2001.08.20,2026-04-19_10h21.15.918,BrocantoHPilot1WOSession2,2025.2.4,Win32,59.95203837,,,,,,,,,,,,,,,,,,,,,,,,,,,,,,,,,,,,,,,,,,,,,,,,,,,,,,,,,,,,,,,,,,,,,,,,,,,,,,,,,,,,,,,,,
,,,,,,,,,,,,340.175,1,SBJ-N3-JUMP-INTR.mp4,SBJ-N3-JUMP-INTR.mp3,345.958,mouse_continue,5.783,,0,10,10,10,1,1,SBJ-N3-JUMP-INTR.mp4,SBJ-N3-JUMP-INTR.mp3,ALP1102,2001.08.20,2026-04-19_10h21.15.918,BrocantoHPilot1WOSession2,2025.2.4,Win32,59.95203837,,,,,,,,,,,,,,,,,,,,,,,,,,,,,,,,,,,,,,,,,,,,,,,,,,,,,,,,,,,,,,,,,,,,,,,,,,,,,,,,,,,,,,,,,
,,,,,,,,,,,,345.959,1,OBJ-N5-SBJ-N2-PUSH-TR.mp4,OBJ-N5-SBJ-N2-PUSH-TR.mp3,351.641,mouse_continue,5.683,,0,11,11,11,1,1,OBJ-N5-SBJ-N2-PUSH-TR.mp4,OBJ-N5-SBJ-N2-PUSH-TR.mp3,ALP1102,2001.08.20,2026-04-19_10h21.15.918,BrocantoHPilot1WOSession2,2025.2.4,Win32,59.95203837,,,,,,,,,,,,,,,,,,,,,,,,,,,,,,,,,,,,,,,,,,,,,,,,,,,,,,,,,,,,,,,,,,,,,,,,,,,,,,,,,,,,,,,,,
,,,,,,,,,,,,351.642,1,OBJ-N5-SBJ-N1-HIDE-TR.mp4,OBJ-N5-SBJ-N1-HIDE-TR.mp3,362.525,mouse_continue,10.882,,0,12,12,12,1,1,OBJ-N5-SBJ-N1-HIDE-TR.mp4,OBJ-N5-SBJ-N1-HIDE-TR.mp3,ALP1102,2001.08.20,2026-04-19_10h21.15.918,BrocantoHPilot1WOSession2,2025.2.4,Win32,59.95203837,,,,,,,,,,,,,,,,,,,,,,,,,,,,,,,,,,,,,,,,,,,,,,,,,,,,,,,,,,,,,,,,,,,,,,,,,,,,,,,,,,,,,,,,,
,,,,,,,,,,,,362.526,1,SBJ-N2-HIDE-INTR.mp4,SBJ-N2-HIDE-INTR.mp3,367.974,mouse_continue,5.448,,0,13,13,13,1,1,SBJ-N2-HIDE-INTR.mp4,SBJ-N2-HIDE-INTR.mp3,ALP1102,2001.08.20,2026-04-19_10h21.15.918,BrocantoHPilot1WOSession2,2025.2.4,Win32,59.95203837,,,,,,,,,,,,,,,,,,,,,,,,,,,,,,,,,,,,,,,,,,,,,,,,,,,,,,,,,,,,,,,,,,,,,,,,,,,,,,,,,,,,,,,,,
,,,,,,,,,,,,367.976,1,OBJ-N5-SBJ-N2-PUSH-TR.mp4,OBJ-N5-SBJ-N2-PUSH-TR.mp3,374.791,mouse_continue,6.816,,0,14,14,14,1,1,OBJ-N5-SBJ-N2-PUSH-TR.mp4,OBJ-N5-SBJ-N2-PUSH-TR.mp3,ALP1102,2001.08.20,2026-04-19_10h21.15.918,BrocantoHPilot1WOSession2,2025.2.4,Win32,59.95203837,,,,,,,,,,,,,,,,,,,,,,,,,,,,,,,,,,,,,,,,,,,,,,,,,,,,,,,,,,,,,,,,,,,,,,,,,,,,,,,,,,,,,,,,,
,,,,,,,,,,,,374.792,1,SBJ-N3-GO-INTR.mp4,SBJ-N3-GO-INTR.mp3,381.174,mouse_continue,6.382,,0,15,15,15,1,1,SBJ-N3-GO-INTR.mp4,SBJ-N3-GO-INTR.mp3,ALP1102,2001.08.20,2026-04-19_10h21.15.918,BrocantoHPilot1WOSession2,2025.2.4,Win32,59.95203837,,,,,,,,,,,,,,,,,,,,,,,,,,,,,,,,,,,,,,,,,,,,,,,,,,,,,,,,,,,,,,,,,,,,,,,,,,,,,,,,,,,,,,,,,
,,,,,,,,,,,,381.175,1,SBJ-N4-REVEAL-INTR.mp4,SBJ-N4-REVEAL-INTR.mp3,388.225,mouse_continue,7.05,,0,16,16,16,1,1,SBJ-N4-REVEAL-INTR.mp4,SBJ-N4-REVEAL-INTR.mp3,ALP1102,2001.08.20,2026-04-19_10h21.15.918,BrocantoHPilot1WOSession2,2025.2.4,Win32,59.95203837,,,,,,,,,,,,,,,,,,,,,,,,,,,,,,,,,,,,,,,,,,,,,,,,,,,,,,,,,,,,,,,,,,,,,,,,,,,,,,,,,,,,,,,,,
,,,,,,,,,,,,388.226,1,OBJ-N5-SBJ-N3-REVEAL-TR.mp4,OBJ-N5-SBJ-N3-REVEAL-TR.mp3,393.758,mouse_continue,5.531,,0,17,17,17,1,1,OBJ-N5-SBJ-N3-REVEAL-TR.mp4,OBJ-N5-SBJ-N3-REVEAL-TR.mp3,ALP1102,2001.08.20,2026-04-19_10h21.15.918,BrocantoHPilot1WOSession2,2025.2.4,Win32,59.95203837,,,,,,,,,,,,,,,,,,,,,,,,,,,,,,,,,,,,,,,,,,,,,,,,,,,,,,,,,,,,,,,,,,,,,,,,,,,,,,,,,,,,,,,,,
,,,,,,,,,,,,393.758,1,SBJ-N5-JUMP-INTR.mp4,SBJ-N5-JUMP-INTR.mp3,399.291,mouse_continue,5.532,,0,18,18,18,1,1,SBJ-N5-JUMP-INTR.mp4,SBJ-N5-JUMP-INTR.mp3,ALP1102,2001.08.20,2026-04-19_10h21.15.918,BrocantoHPilot1WOSession2,2025.2.4,Win32,59.95203837,,,,,,,,,,,,,,,,,,,,,,,,,,,,,,,,,,,,,,,,,,,,,,,,,,,,,,,,,,,,,,,,,,,,,,,,,,,,,,,,,,,,,,,,,
,,,,,,,,,,,,399.292,1,SBJ-N3-GO-INTR.mp4,SBJ-N3-GO-INTR.mp3,404.674,mouse_continue,5.383,,0,19,19,19,1,1,SBJ-N3-GO-INTR.mp4,SBJ-N3-GO-INTR.mp3,ALP1102,2001.08.20,2026-04-19_10h21.15.918,BrocantoHPilot1WOSession2,2025.2.4,Win32,59.95203837,,,,,,,,,,,,,,,,,,,,,,,,,,,,,,,,,,,,,,,,,,,,,,,,,,,,,,,,,,,,,,,,,,,,,,,,,,,,,,,,,,,,,,,,,
,,,,,,,,,,,,404.675,1,OBJ-N5-SBJ-N3-REVEAL-TR.mp4,OBJ-N5-SBJ-N3-REVEAL-TR.mp3,410.591,mouse_continue,5.916,,0,20,20,20,1,1,OBJ-N5-SBJ-N3-REVEAL-TR.mp4,OBJ-N5-SBJ-N3-REVEAL-TR.mp3,ALP1102,2001.08.20,2026-04-19_10h21.15.918,BrocantoHPilot1WOSession2,2025.2.4,Win32,59.95203837,,,,,,,,,,,,,,,,,,,,,,,,,,,,,,,,,,,,,,,,,,,,,,,,,,,,,,,,,,,,,,,,,,,,,,,,,,,,,,,,,,,,,,,,,
,,,,,,,,,,,,410.592,1,OBJ-N5-SBJ-N1-REVEAL-TR.mp4,OBJ-N5-SBJ-N1-REVEAL-TR.mp3,463.707,mouse_continue,53.115,,0,21,21,21,1,1,OBJ-N5-SBJ-N1-REVEAL-TR.mp4,OBJ-N5-SBJ-N1-REVEAL-TR.mp3,ALP1102,2001.08.20,2026-04-19_10h21.15.918,BrocantoHPilot1WOSession2,2025.2.4,Win32,59.95203837,,,,,,,,,,,,,,,,,,,,,,,,,,,,,,,,,,,,,,,,,,,,,,,,,,,,,,,,,,,,,,,,,,,,,,,,,,,,,,,,,,,,,,,,,
,,,,,,,,,,,,463.709,1,OBJ-N5-SBJ-N2-PUSH-TR-LOC-N4.mp4,OBJ-N5-SBJ-N2-PUSH-TR-LOC-N4.mp3,471.908,mouse_continue,8.198,,0,22,22,22,1,1,OBJ-N5-SBJ-N2-PUSH-TR-LOC-N4.mp4,OBJ-N5-SBJ-N2-PUSH-TR-LOC-N4.mp3,ALP1102,2001.08.20,2026-04-19_10h21.15.918,BrocantoHPilot1WOSession2,2025.2.4,Win32,59.95203837,,,,,,,,,,,,,,,,,,,,,,,,,,,,,,,,,,,,,,,,,,,,,,,,,,,,,,,,,,,,,,,,,,,,,,,,,,,,,,,,,,,,,,,,,
,,,,,,,,,,,,471.909,1,SBJ-N4-REVEAL-INTR-LOC-N5.mp4,SBJ-N4-REVEAL-INTR-LOC-N5.mp3,478.774,mouse_continue,6.866,,0,23,23,23,1,1,SBJ-N4-REVEAL-INTR-LOC-N5.mp4,SBJ-N4-REVEAL-INTR-LOC-N5.mp3,ALP1102,2001.08.20,2026-04-19_10h21.15.918,BrocantoHPilot1WOSession2,2025.2.4,Win32,59.95203837,,,,,,,,,,,,,,,,,,,,,,,,,,,,,,,,,,,,,,,,,,,,,,,,,,,,,,,,,,,,,,,,,,,,,,,,,,,,,,,,,,,,,,,,,
,,,,,,,,,,,,478.775,1,OBJ-N5-SBJ-N1-HIDE-TR-LOC-N2.mp4,OBJ-N5-SBJ-N1-HIDE-TR-LOC-N2.mp3,487.475,mouse_continue,8.699,,0,24,24,24,1,1,OBJ-N5-SBJ-N1-HIDE-TR-LOC-N2.mp4,OBJ-N5-SBJ-N1-HIDE-TR-LOC-N2.mp3,ALP1102,2001.08.20,2026-04-19_10h21.15.918,BrocantoHPilot1WOSession2,2025.2.4,Win32,59.95203837,,,,,,,,,,,,,,,,,,,,,,,,,,,,,,,,,,,,,,,,,,,,,,,,,,,,,,,,,,,,,,,,,,,,,,,,,,,,,,,,,,,,,,,,,
,,,,,,,,,,,,487.476,1,SBJ-N2-REVEAL-INTR-LOC-N5.mp4,SBJ-N2-REVEAL-INTR-LOC-N5.mp3,493.041,mouse_continue,5.565,,0,25,25,25,1,1,SBJ-N2-REVEAL-INTR-LOC-N5.mp4,SBJ-N2-REVEAL-INTR-LOC-N5.mp3,ALP1102,2001.08.20,2026-04-19_10h21.15.918,BrocantoHPilot1WOSession2,2025.2.4,Win32,59.95203837,,,,,,,,,,,,,,,,,,,,,,,,,,,,,,,,,,,,,,,,,,,,,,,,,,,,,,,,,,,,,,,,,,,,,,,,,,,,,,,,,,,,,,,,,
,,,,,,,,,,,,493.042,1,OBJ-N5-SBJ-N1-PUSH-TR-LOC-N2.mp4,OBJ-N5-SBJ-N1-PUSH-TR-LOC-N2.mp3,502.791,mouse_continue,9.749,,0,26,26,26,1,1,OBJ-N5-SBJ-N1-PUSH-TR-LOC-N2.mp4,OBJ-N5-SBJ-N1-PUSH-TR-LOC-N2.mp3,ALP1102,2001.08.20,2026-04-19_10h21.15.918,BrocantoHPilot1WOSession2,2025.2.4,Win32,59.95203837,,,,,,,,,,,,,,,,,,,,,,,,,,,,,,,,,,,,,,,,,,,,,,,,,,,,,,,,,,,,,,,,,,,,,,,,,,,,,,,,,,,,,,,,,
,,,,,,,,,,,,502.792,1,SBJ-N3-REVEAL-INTR-LOC-N4.mp4,SBJ-N3-REVEAL-INTR-LOC-N4.mp3,508.34,mouse_continue,5.548,,0,27,27,27,1,1,SBJ-N3-REVEAL-INTR-LOC-N4.mp4,SBJ-N3-REVEAL-INTR-LOC-N4.mp3,ALP1102,2001.08.20,2026-04-19_10h21.15.918,BrocantoHPilot1WOSession2,2025.2.4,Win32,59.95203837,,,,,,,,,,,,,,,,,,,,,,,,,,,,,,,,,,,,,,,,,,,,,,,,,,,,,,,,,,,,,,,,,,,,,,,,,,,,,,,,,,,,,,,,,
,,,,,,,,,,,,508.341,1,OBJ-N5-SBJ-N4-HIDE-TR-LOC-N3.mp4,OBJ-N5-SBJ-N4-HIDE-TR-LOC-N3.mp3,517.941,mouse_continue,9.599,,0,28,28,28,1,1,OBJ-N5-SBJ-N4-HIDE-TR-LOC-N3.mp4,OBJ-N5-SBJ-N4-HIDE-TR-LOC-N3.mp3,ALP1102,2001.08.20,2026-04-19_10h21.15.918,BrocantoHPilot1WOSession2,2025.2.4,Win32,59.95203837,,,,,,,,,,,,,,,,,,,,,,,,,,,,,,,,,,,,,,,,,,,,,,,,,,,,,,,,,,,,,,,,,,,,,,,,,,,,,,,,,,,,,,,,,
,,,,,,,,,,,,517.941,1,OBJ-N5-SBJ-N3-REVEAL-TR-LOC-N4.mp4,OBJ-N5-SBJ-N3-REVEAL-TR-LOC-N4.mp3,524.591,mouse_continue,6.649,,0,29,29,29,1,1,OBJ-N5-SBJ-N3-REVEAL-TR-LOC-N4.mp4,OBJ-N5-SBJ-N3-REVEAL-TR-LOC-N4.mp3,ALP1102,2001.08.20,2026-04-19_10h21.15.918,BrocantoHPilot1WOSession2,2025.2.4,Win32,59.95203837,,,,,,,,,,,,,,,,,,,,,,,,,,,,,,,,,,,,,,,,,,,,,,,,,,,,,,,,,,,,,,,,,,,,,,,,,,,,,,,,,,,,,,,,,
,,,,,,,,,,,,524.592,1,OBJ-N5-SBJ-N2-PUSH-TR-LOC-N4.mp4,OBJ-N5-SBJ-N2-PUSH-TR-LOC-N4.mp3,531.24,mouse_continue,6.648,,0,30,30,30,1,1,OBJ-N5-SBJ-N2-PUSH-TR-LOC-N4.mp4,OBJ-N5-SBJ-N2-PUSH-TR-LOC-N4.mp3,ALP1102,2001.08.20,2026-04-19_10h21.15.918,BrocantoHPilot1WOSession2,2025.2.4,Win32,59.95203837,,,,,,,,,,,,,,,,,,,,,,,,,,,,,,,,,,,,,,,,,,,,,,,,,,,,,,,,,,,,,,,,,,,,,,,,,,,,,,,,,,,,,,,,,
,,,,,,,,,,,,531.241,1,OBJ-N5-SBJ-N1-REVEAL-TR.mp4,OBJ-N5-SBJ-N1-REVEAL-TR.mp3,536.941,mouse_continue,5.7,,0,31,31,31,1,1,OBJ-N5-SBJ-N1-REVEAL-TR.mp4,OBJ-N5-SBJ-N1-REVEAL-TR.mp3,ALP1102,2001.08.20,2026-04-19_10h21.15.918,BrocantoHPilot1WOSession2,2025.2.4,Win32,59.95203837,,,,,,,,,,,,,,,,,,,,,,,,,,,,,,,,,,,,,,,,,,,,,,,,,,,,,,,,,,,,,,,,,,,,,,,,,,,,,,,,,,,,,,,,,
,,,,,,,,,,,,536.941,1,OBJ-N5-SBJ-N4-HIDE-TR-LOC-N2.mp4,OBJ-N5-SBJ-N4-HIDE-TR-LOC-N2.mp3,543.324,mouse_continue,6.383,,0,32,32,32,1,1,OBJ-N5-SBJ-N4-HIDE-TR-LOC-N2.mp4,OBJ-N5-SBJ-N4-HIDE-TR-LOC-N2.mp3,ALP1102,2001.08.20,2026-04-19_10h21.15.918,BrocantoHPilot1WOSession2,2025.2.4,Win32,59.95203837,,,,,,,,,,,,,,,,,,,,,,,,,,,,,,,,,,,,,,,,,,,,,,,,,,,,,,,,,,,,,,,,,,,,,,,,,,,,,,,,,,,,,,,,,
,,,,,,,,,,,,543.325,1,SBJ-N5-JUMP-INTR.mp4,SBJ-N5-JUMP-INTR.mp3,548.841,mouse_continue,5.517,,0,33,33,33,1,1,SBJ-N5-JUMP-INTR.mp4,SBJ-N5-JUMP-INTR.mp3,ALP1102,2001.08.20,2026-04-19_10h21.15.918,BrocantoHPilot1WOSession2,2025.2.4,Win32,59.95203837,,,,,,,,,,,,,,,,,,,,,,,,,,,,,,,,,,,,,,,,,,,,,,,,,,,,,,,,,,,,,,,,,,,,,,,,,,,,,,,,,,,,,,,,,
,,,,,,,,,,,,548.842,1,Aa-SBJ-N5-HIDE-INTR.mp4,Aa-SBJ-N5-HIDE-INTR.mp3,555.608,mouse_continue,6.766,,0,34,34,34,1,1,Aa-SBJ-N5-HIDE-INTR.mp4,Aa-SBJ-N5-HIDE-INTR.mp3,ALP1102,2001.08.20,2026-04-19_10h21.15.918,BrocantoHPilot1WOSession2,2025.2.4,Win32,59.95203837,,,,,,,,,,,,,,,,,,,,,,,,,,,,,,,,,,,,,,,,,,,,,,,,,,,,,,,,,,,,,,,,,,,,,,,,,,,,,,,,,,,,,,,,,
,,,,,,,,,,,,555.609,1,SBJ-N5-GO-INTR-LOC-N3.mp4,SBJ-N5-GO-INTR-LOC-N3.mp3,569.458,mouse_continue,13.848,,0,35,35,35,1,1,SBJ-N5-GO-INTR-LOC-N3.mp4,SBJ-N5-GO-INTR-LOC-N3.mp3,ALP1102,2001.08.20,2026-04-19_10h21.15.918,BrocantoHPilot1WOSession2,2025.2.4,Win32,59.95203837,,,,,,,,,,,,,,,,,,,,,,,,,,,,,,,,,,,,,,,,,,,,,,,,,,,,,,,,,,,,,,,,,,,,,,,,,,,,,,,,,,,,,,,,,
,,,,,,,,,,,,569.458,1,SBJ-N2-JUMP-INTR-LOC-N1.mp4,SBJ-N2-JUMP-INTR-LOC-N1.mp3,575.574,mouse_continue,6.116,,0,36,36,36,1,1,SBJ-N2-JUMP-INTR-LOC-N1.mp4,SBJ-N2-JUMP-INTR-LOC-N1.mp3,ALP1102,2001.08.20,2026-04-19_10h21.15.918,BrocantoHPilot1WOSession2,2025.2.4,Win32,59.95203837,,,,,,,,,,,,,,,,,,,,,,,,,,,,,,,,,,,,,,,,,,,,,,,,,,,,,,,,,,,,,,,,,,,,,,,,,,,,,,,,,,,,,,,,,
,,,,,,,,,,,,575.576,1,SBJ-N3-GO-INTR-LOC-N2.mp4,SBJ-N3-GO-INTR-LOC-N2.mp3,581.04,mouse_continue,5.465,,0,37,37,37,1,1,SBJ-N3-GO-INTR-LOC-N2.mp4,SBJ-N3-GO-INTR-LOC-N2.mp3,ALP1102,2001.08.20,2026-04-19_10h21.15.918,BrocantoHPilot1WOSession2,2025.2.4,Win32,59.95203837,,,,,,,,,,,,,,,,,,,,,,,,,,,,,,,,,,,,,,,,,,,,,,,,,,,,,,,,,,,,,,,,,,,,,,,,,,,,,,,,,,,,,,,,,
,,,,,,,,,,,,581.041,1,SBJ-N5-HIDE-INTR-LOC-N3.mp4,SBJ-N5-HIDE-INTR-LOC-N3.mp3,589.557,mouse_continue,8.516,,0,38,38,38,1,1,SBJ-N5-HIDE-INTR-LOC-N3.mp4,SBJ-N5-HIDE-INTR-LOC-N3.mp3,ALP1102,2001.08.20,2026-04-19_10h21.15.918,BrocantoHPilot1WOSession2,2025.2.4,Win32,59.95203837,,,,,,,,,,,,,,,,,,,,,,,,,,,,,,,,,,,,,,,,,,,,,,,,,,,,,,,,,,,,,,,,,,,,,,,,,,,,,,,,,,,,,,,,,
,,,,,,,,,,,,589.559,1,SBJ-N1-HIDE-INTR-LOC-N3.mp4,SBJ-N1-HIDE-INTR-LOC-N3.mp3,598.591,mouse_continue,9.033,,0,39,39,39,1,1,SBJ-N1-HIDE-INTR-LOC-N3.mp4,SBJ-N1-HIDE-INTR-LOC-N3.mp3,ALP1102,2001.08.20,2026-04-19_10h21.15.918,BrocantoHPilot1WOSession2,2025.2.4,Win32,59.95203837,,,,,,,,,,,,,,,,,,,,,,,,,,,,,,,,,,,,,,,,,,,,,,,,,,,,,,,,,,,,,,,,,,,,,,,,,,,,,,,,,,,,,,,,,
,,,,,,,,,,,,598.592,1,OBJ-N5-SBJ-N4-HIDE-TR.mp4,OBJ-N5-SBJ-N4-HIDE-TR.mp3,605.491,mouse_continue,6.898,,0,40,40,40,1,1,OBJ-N5-SBJ-N4-HIDE-TR.mp4,OBJ-N5-SBJ-N4-HIDE-TR.mp3,ALP1102,2001.08.20,2026-04-19_10h21.15.918,BrocantoHPilot1WOSession2,2025.2.4,Win32,59.95203837,,,,,,,,,,,,,,,,,,,,,,,,,,,,,,,,,,,,,,,,,,,,,,,,,,,,,,,,,,,,,,,,,,,,,,,,,,,,,,,,,,,,,,,,,
,,,,,,,,,,,,605.491,1,OBJ-N5-SBJ-N1-HIDE-TR-LOC-N2.mp4,OBJ-N5-SBJ-N1-HIDE-TR-LOC-N2.mp3,611.623,mouse_continue,6.132,,0,41,41,41,1,1,OBJ-N5-SBJ-N1-HIDE-TR-LOC-N2.mp4,OBJ-N5-SBJ-N1-HIDE-TR-LOC-N2.mp3,ALP1102,2001.08.20,2026-04-19_10h21.15.918,BrocantoHPilot1WOSession2,2025.2.4,Win32,59.95203837,,,,,,,,,,,,,,,,,,,,,,,,,,,,,,,,,,,,,,,,,,,,,,,,,,,,,,,,,,,,,,,,,,,,,,,,,,,,,,,,,,,,,,,,,
,,,,,,,,,,,,,,,,,,,,,,,,,1,,,ALP1102,2001.08.20,2026-04-19_10h21.15.918,BrocantoHPilot1WOSession2,2025.2.4,Win32,59.95203837,636.693,1,2,1,75.159,0,51.487,75.159,714.058,0,0,0,0,1,OBJ-N5-SBJ-N2-HIDE-TR.mp3,OBJ-N5-SBJ-N2-HIDE-TR.mp4,OBJ-N5-SBJ-N2-REVEAL-TR.mp4,,,,,,,,,,,,,,,,,,,,,,,,,,,,,,,,,,,,,,,,,,,,,,,,,,,,,,,,,,,,,,,,,,,,,,,,
,,,,,,,,,,,,,,,,,,,,,,,,,1,,,ALP1102,2001.08.20,2026-04-19_10h21.15.918,BrocantoHPilot1WOSession2,2025.2.4,Win32,59.95203837,714.059,1,1,1,29.228,1,19.544,29.228,745.592,0,1,1,1,1,SBJ-N5-HIDE-INTR.mp3,SBJ-N5-HIDE-INTR.mp4,SBJ-N5-GO-INTR.mp4,,,,,,,,,,,,,,,,,,,,,,,,,,,,,,,,,,,,,,,,,,,,,,,,,,,,,,,,,,,,,,,,,,,,,,,,
,,,,,,,,,,,,,,,,,,,,,,,,,1,,,ALP1102,2001.08.20,2026-04-19_10h21.15.918,BrocantoHPilot1WOSession2,2025.2.4,Win32,59.95203837,745.593,1,1,1,17.516,1,17.384,17.516,764.974,0,2,2,2,1,SBJ-N5-JUMP-INTR.mp3,SBJ-N5-JUMP-INTR.mp4,SBJ-N5-HIDE-INTR.mp4,,,,,,,,,,,,,,,,,,,,,,,,,,,,,,,,,,,,,,,,,,,,,,,,,,,,,,,,,,,,,,,,,,,,,,,,
,,,,,,,,,,,,,,,,,,,,,,,,,1,,,ALP1102,2001.08.20,2026-04-19_10h21.15.918,BrocantoHPilot1WOSession2,2025.2.4,Win32,59.95203837,764.975,1,2,1,27.885,0,19.608,27.885,794.974,0,3,3,3,1,OBJ-N5-SBJ-N3-REVEAL-TR.mp3,OBJ-N5-SBJ-N3-REVEAL-TR.mp4,OBJ-N3-SBJ-N5-PUSH-TR.mp4,,,,,,,,,,,,,,,,,,,,,,,,,,,,,,,,,,,,,,,,,,,,,,,,,,,,,,,,,,,,,,,,,,,,,,,,
,,,,,,,,,,,,,,,,,,,,,,,,,1,,,ALP1102,2001.08.20,2026-04-19_10h21.15.918,BrocantoHPilot1WOSession2,2025.2.4,Win32,59.95203837,794.975,1,1,1,45.12,1,30.891,45.12,842.008,0,4,4,4,1,OBJ-N5-SBJ-N3-PUSH-TR.mp3,OBJ-N5-SBJ-N3-PUSH-TR.mp4,OBJ-N3-SBJ-N5-PUSH-TR.mp4,,,,,,,,,,,,,,,,,,,,,,,,,,,,,,,,,,,,,,,,,,,,,,,,,,,,,,,,,,,,,,,,,,,,,,,,
,,,,,,,,,,,,,,,,,,,,,,,,,1,,,ALP1102,2001.08.20,2026-04-19_10h21.15.918,BrocantoHPilot1WOSession2,2025.2.4,Win32,59.95203837,842.009,1,2,2,39.382,1,16.12,39.382,883.275,0,5,5,5,1,SBJ-N1-HIDE-INTR.mp3,SBJ-N1-HIDE-INTR.mp4,SBJ-N1-REVEAL-INTR.mp4,,,,,,,,,,,,,,,,,,,,,,,,,,,,,,,,,,,,,,,,,,,,,,,,,,,,,,,,,,,,,,,,,,,,,,,,
,,,,,,,,,,,,,,,,,,,,,,,,,1,,,ALP1102,2001.08.20,2026-04-19_10h21.15.918,BrocantoHPilot1WOSession2,2025.2.4,Win32,59.95203837,883.276,1,1,1,30.775,1,23.075,30.775,916.074,0,6,6,6,1,OBJ-N5-SBJ-N4-HIDE-TR.mp3,OBJ-N5-SBJ-N4-HIDE-TR.mp4,OBJ-N4-SBJ-N5-REVEAL-TR.mp4,,,,,,,,,,,,,,,,,,,,,,,,,,,,,,,,,,,,,,,,,,,,,,,,,,,,,,,,,,,,,,,,,,,,,,,,
,,,,,,,,,,,,,,,,,,,,,,,,,1,,,ALP1102,2001.08.20,2026-04-19_10h21.15.918,BrocantoHPilot1WOSession2,2025.2.4,Win32,59.95203837,916.075,1,1,1,18.094,1,17.232,18.094,938.391,0,7,7,7,1,SBJ-N2-REVEAL-INTR.mp3,SBJ-N2-REVEAL-INTR.mp4,SBJ-N2-HIDE-INTR.mp4,,,,,,,,,,,,,,,,,,,,,,,,,,,,,,,,,,,,,,,,,,,,,,,,,,,,,,,,,,,,,,,,,,,,,,,,
,,,,,,,,,,,,,,,,,,,,,,,,,1,,,ALP1102,2001.08.20,2026-04-19_10h21.15.918,BrocantoHPilot1WOSession2,2025.2.4,Win32,59.95203837,938.392,1,1,1,41.567,1,32.509,41.567,981.807,0,8,8,8,1,OBJ-N5-SBJ-N4-PUSH-TR.mp3,OBJ-N5-SBJ-N4-PUSH-TR.mp4,OBJ-N4-SBJ-N5-PUSH-TR.mp4,,,,,,,,,,,,,,,,,,,,,,,,,,,,,,,,,,,,,,,,,,,,,,,,,,,,,,,,,,,,,,,,,,,,,,,,
,,,,,,,,,,,,,,,,,,,,,,,,,1,,,ALP1102,2001.08.20,2026-04-19_10h21.15.918,BrocantoHPilot1WOSession2,2025.2.4,Win32,59.95203837,981.807,1,2,2,22.316,1,15.558,22.316,1006.024,0,9,9,9,1,SBJ-N1-GO-INTR.mp3,SBJ-N1-GO-INTR.mp4,SBJ-N1-HIDE-INTR.mp4,,,,,,,,,,,,,,,,,,,,,,,,,,,,,,,,,,,,,,,,,,,,,,,,,,,,,,,,,,,,,,,,,,,,,,,,
,,,,,,,,,,,,,,,,,,,,,,,,,1,,,ALP1102,2001.08.20,2026-04-19_10h21.15.918,BrocantoHPilot1WOSession2,2025.2.4,Win32,59.95203837,1006.026,1,1,1,22.321,1,15.111,22.321,1030.291,0,10,10,10,1,SBJ-N4-REVEAL-INTR.mp3,SBJ-N4-REVEAL-INTR.mp4,SBJ-N4-JUMP-INTR.mp4,,,,,,,,,,,,,,,,,,,,,,,,,,,,,,,,,,,,,,,,,,,,,,,,,,,,,,,,,,,,,,,,,,,,,,,,
,,,,,,,,,,,,,,,,,,,,,,,,,1,,,ALP1102,2001.08.20,2026-04-19_10h21.15.918,BrocantoHPilot1WOSession2,2025.2.4,Win32,59.95203837,1030.291,1,1,1,25.131,1,23.962,25.131,1057.407,0,11,11,11,1,OBJ-N5-SBJ-N4-REVEAL-TR.mp3,OBJ-N5-SBJ-N4-REVEAL-TR.mp4,OBJ-N4-SBJ-N5-PUSH-TR.mp4,,,,,,,,,,,,,,,,,,,,,,,,,,,,,,,,,,,,,,,,,,,,,,,,,,,,,,,,,,,,,,,,,,,,,,,,
,,,,,,,,,,,,,,,,,,,,,,,,,1,,,ALP1102,2001.08.20,2026-04-19_10h21.15.918,BrocantoHPilot1WOSession2,2025.2.4,Win32,59.95203837,1057.408,1,2,2,14.659,1,14.774,14.659,1073.875,0,12,12,12,1,SBJ-N3-JUMP-INTR.mp3,SBJ-N3-JUMP-INTR.mp4,SBJ-N3-GO-INTR.mp4,,,,,,,,,,,,,,,,,,,,,,,,,,,,,,,,,,,,,,,,,,,,,,,,,,,,,,,,,,,,,,,,,,,,,,,,
,,,,,,,,,,,,,,,,,,,,,,,,,1,,,ALP1102,2001.08.20,2026-04-19_10h21.15.918,BrocantoHPilot1WOSession2,2025.2.4,Win32,59.95203837,1073.876,1,2,2,17.813,1,16.616,17.813,1093.623,0,13,13,13,1,OBJ-N5-SBJ-N4-PUSH-TR.mp3,OBJ-N5-SBJ-N4-PUSH-TR.mp4,OBJ-N4-SBJ-N5-PUSH-TR.mp4,,,,,,,,,,,,,,,,,,,,,,,,,,,,,,,,,,,,,,,,,,,,,,,,,,,,,,,,,,,,,,,,,,,,,,,,
,,,,,,,,,,,,,,,,,,,,,,,,,1,,,ALP1102,2001.08.20,2026-04-19_10h21.15.918,BrocantoHPilot1WOSession2,2025.2.4,Win32,59.95203837,1093.624,1,2,2,27.867,1,18.619,27.867,1123.24,0,14,14,14,1,OBJ-N5-SBJ-N4-REVEAL-TR.mp3,OBJ-N5-SBJ-N4-REVEAL-TR.mp4,OBJ-N4-SBJ-N5-HIDE-TR.mp4,,,,,,,,,,,,,,,,,,,,,,,,,,,,,,,,,,,,,,,,,,,,,,,,,,,,,,,,,,,,,,,,,,,,,,,,
,,,,,,,,,,,,,,,,,,,,,,,,,1,,,ALP1102,2001.08.20,2026-04-19_10h21.15.918,BrocantoHPilot1WOSession2,2025.2.4,Win32,59.95203837,1123.241,1,1,1,14.26,1,14.011,14.26,1139.341,0,15,15,15,1,SBJ-N5-GO-INTR.mp3,SBJ-N5-GO-INTR.mp4,SBJ-N5-HIDE-INTR.mp4,,,,,,,,,,,,,,,,,,,,,,,,,,,,,,,,,,,,,,,,,,,,,,,,,,,,,,,,,,,,,,,,,,,,,,,,
,,,,,,,,,,,,,,,,,,,,,,,,,1,,,ALP1102,2001.08.20,2026-04-19_10h21.15.918,BrocantoHPilot1WOSession2,2025.2.4,Win32,59.95203837,1139.343,1,1,1,16.266,1,15.342,16.266,1157.34,0,16,16,16,1,SBJ-N1-HIDE-INTR.mp3,SBJ-N1-HIDE-INTR.mp4,SBJ-N1-REVEAL-INTR.mp4,,,,,,,,,,,,,,,,,,,,,,,,,,,,,,,,,,,,,,,,,,,,,,,,,,,,,,,,,,,,,,,,,,,,,,,,
,,,,,,,,,,,,,,,,,,,,,,,,,1,,,ALP1102,2001.08.20,2026-04-19_10h21.15.918,BrocantoHPilot1WOSession2,2025.2.4,Win32,59.95203837,1157.341,1,1,1,32.158,1,28.926,32.158,1191.124,0,17,17,17,1,OBJ-N5-SBJ-N3-HIDE-TR.mp3,OBJ-N5-SBJ-N3-HIDE-TR.mp4,OBJ-N3-SBJ-N5-HIDE-TR.mp4,,,,,,,,,,,,,,,,,,,,,,,,,,,,,,,,,,,,,,,,,,,,,,,,,,,,,,,,,,,,,,,,,,,,,,,,
,,,,,,,,,,,,,,,,,,,,,,,,,1,,,ALP1102,2001.08.20,2026-04-19_10h21.15.918,BrocantoHPilot1WOSession2,2025.2.4,Win32,59.95203837,1191.124,1,2,2,15.138,1,15.431,15.138,1208.008,0,18,18,18,1,SBJ-N5-REVEAL-INTR.mp3,SBJ-N5-REVEAL-INTR.mp4,SBJ-N5-JUMP-INTR.mp4,,,,,,,,,,,,,,,,,,,,,,,,,,,,,,,,,,,,,,,,,,,,,,,,,,,,,,,,,,,,,,,,,,,,,,,,
,,,,,,,,,,,,,,,,,,,,,,,,,1,,,ALP1102,2001.08.20,2026-04-19_10h21.15.918,BrocantoHPilot1WOSession2,2025.2.4,Win32,59.95203837,1208.009,1,1,1,14.089,1,14.243,14.089,1223.774,0,19,19,19,1,SBJ-N5-GO-INTR.mp3,SBJ-N5-GO-INTR.mp4,SBJ-N5-JUMP-INTR.mp4,,,,,,,,,,,,,,,,,,,,,,,,,,,,,,,,,,,,,,,,,,,,,,,,,,,,,,,,,,,,,,,,,,,,,,,,
,,,,,,,,,,,,,,,,,,,,,,,,,1,,,ALP1102,2001.08.20,2026-04-19_10h21.15.918,BrocantoHPilot1WOSession2,2025.2.4,Win32,59.95203837,1223.775,1,2,2,19.07,1,18.867,19.07,1244.607,0,20,20,20,1,OBJ-N5-SBJ-N1-HIDE-TR.mp3,OBJ-N5-SBJ-N1-HIDE-TR.mp4,OBJ-N1-SBJ-N5-REVEAL-TR.mp4,,,,,,,,,,,,,,,,,,,,,,,,,,,,,,,,,,,,,,,,,,,,,,,,,,,,,,,,,,,,,,,,,,,,,,,,
,,,,,,,,,,,,,,,,,,,,,,,,,1,,,ALP1102,2001.08.20,2026-04-19_10h21.15.918,BrocantoHPilot1WOSession2,2025.2.4,Win32,59.95203837,1244.609,1,2,2,17.496,1,17.59,17.496,1264.057,0,21,21,21,1,OBJ-N5-SBJ-N4-REVEAL-TR.mp3,OBJ-N5-SBJ-N4-REVEAL-TR.mp4,OBJ-N4-SBJ-N5-REVEAL-TR.mp4,,,,,,,,,,,,,,,,,,,,,,,,,,,,,,,,,,,,,,,,,,,,,,,,,,,,,,,,,,,,,,,,,,,,,,,,
,,,,,,,,,,,,,,,,,,,,,,,,,1,,,ALP1102,2001.08.20,2026-04-19_10h21.15.918,BrocantoHPilot1WOSession2,2025.2.4,Win32,59.95203837,1264.057,1,2,2,18.081,1,15.426,18.081,1283.957,0,22,22,22,1,SBJ-N2-REVEAL-INTR-LOC-N4.mp3,SBJ-N2-REVEAL-INTR-LOC-N4.mp4,SBJ-N4-JUMP-INTR-LOC-N2.mp4,,,,,,,,,,,,,,,,,,,,,,,,,,,,,,,,,,,,,,,,,,,,,,,,,,,,,,,,,,,,,,,,,,,,,,,,
,,,,,,,,,,,,,,,,,,,,,,,,,1,,,ALP1102,2001.08.20,2026-04-19_10h21.15.918,BrocantoHPilot1WOSession2,2025.2.4,Win32,59.95203837,1283.958,1,2,2,27.178,1,17.2,27.178,1312.907,0,23,23,23,1,OBJ-N5-SBJ-N4-PUSH-TR-LOC-N2.mp3,OBJ-N5-SBJ-N4-PUSH-TR-LOC-N2.mp4,OBJ-N4-SBJ-N5-PUSH-TR-LOC-N2.mp4,,,,,,,,,,,,,,,,,,,,,,,,,,,,,,,,,,,,,,,,,,,,,,,,,,,,,,,,,,,,,,,,,,,,,,,,
,,,,,,,,,,,,,,,,,,,,,,,,,1,,,ALP1102,2001.08.20,2026-04-19_10h21.15.918,BrocantoHPilot1WOSession2,2025.2.4,Win32,59.95203837,1312.908,1,2,2,27.127,1,19.038,27.127,1341.724,0,24,24,24,1,OBJ-N5-SBJ-N4-HIDE-TR-LOC-N2.mp3,OBJ-N5-SBJ-N4-HIDE-TR-LOC-N2.mp4,OBJ-N5-SBJ-N2-REVEAL-TR-LOC-N4.mp4,,,,,,,,,,,,,,,,,,,,,,,,,,,,,,,,,,,,,,,,,,,,,,,,,,,,,,,,,,,,,,,,,,,,,,,,
,,,,,,,,,,,,,,,,,,,,,,,,,1,,,ALP1102,2001.08.20,2026-04-19_10h21.15.918,BrocantoHPilot1WOSession2,2025.2.4,Win32,59.95203837,1341.724,1,2,2,16.434,1,15.19,16.434,1359.924,0,25,25,25,1,SBJ-N2-REVEAL-INTR-LOC-N4.mp3,SBJ-N2-REVEAL-INTR-LOC-N4.mp4,SBJ-N4-REVEAL-INTR-LOC-N2.mp4,,,,,,,,,,,,,,,,,,,,,,,,,,,,,,,,,,,,,,,,,,,,,,,,,,,,,,,,,,,,,,,,,,,,,,,,
,,,,,,,,,,,,,,,,,,,,,,,,,1,,,ALP1102,2001.08.20,2026-04-19_10h21.15.918,BrocantoHPilot1WOSession2,2025.2.4,Win32,59.95203837,1359.924,1,1,1,19.527,1,17.623,19.527,1381.091,0,26,26,26,1,SBJ-N5-REVEAL-INTR-LOC-N4.mp3,SBJ-N5-REVEAL-INTR-LOC-N4.mp4,SBJ-N4-JUMP-INTR-LOC-N5.mp4,,,,,,,,,,,,,,,,,,,,,,,,,,,,,,,,,,,,,,,,,,,,,,,,,,,,,,,,,,,,,,,,,,,,,,,,
,,,,,,,,,,,,,,,,,,,,,,,,,1,,,ALP1102,2001.08.20,2026-04-19_10h21.15.918,BrocantoHPilot1WOSession2,2025.2.4,Win32,59.95203837,1381.092,1,1,1,32.474,1,18.584,32.474,1415.274,0,27,27,27,1,OBJ-N5-SBJ-N4-REVEAL-TR-LOC-N1.mp3,OBJ-N5-SBJ-N4-REVEAL-TR-LOC-N1.mp4,OBJ-N4-SBJ-N5-REVEAL-TR-LOC-N1.mp4,,,,,,,,,,,,,,,,,,,,,,,,,,,,,,,,,,,,,,,,,,,,,,,,,,,,,,,,,,,,,,,,,,,,,,,,
,,,,,,,,,,,,,,,,,,,,,,,,,1,,,ALP1102,2001.08.20,2026-04-19_10h21.15.918,BrocantoHPilot1WOSession2,2025.2.4,Win32,59.95203837,1415.274,1,1,1,17.227,1,18.043,17.227,1434.474,0,28,28,28,1,OBJ-N5-SBJ-N1-HIDE-TR-LOC-N2.mp3,OBJ-N5-SBJ-N1-HIDE-TR-LOC-N2.mp4,OBJ-N1-SBJ-N5-REVEAL-TR-LOC-N2.mp4,,,,,,,,,,,,,,,,,,,,,,,,,,,,,,,,,,,,,,,,,,,,,,,,,,,,,,,,,,,,,,,,,,,,,,,,
,,,,,,,,,,,,,,,,,,,,,,,,,1,,,ALP1102,2001.08.20,2026-04-19_10h21.15.918,BrocantoHPilot1WOSession2,2025.2.4,Win32,59.95203837,1434.476,1,2,2,28.132,1,16.198,28.132,1464.393,0,29,29,29,1,OBJ-N5-SBJ-N2-PUSH-TR-LOC-N4.mp3,OBJ-N5-SBJ-N2-PUSH-TR-LOC-N4.mp4,OBJ-N2-SBJ-N5-PUSH-TR-LOC-N4.mp4,,,,,,,,,,,,,,,,,,,,,,,,,,,,,,,,,,,,,,,,,,,,,,,,,,,,,,,,,,,,,,,,,,,,,,,,
,,,,,,,,,,,,,,,,,,,,,,,,,1,,,ALP1102,2001.08.20,2026-04-19_10h21.15.918,BrocantoHPilot1WOSession2,2025.2.4,Win32,59.95203837,1464.394,1,1,1,20.458,1,19.746,20.458,1486.757,0,30,30,30,1,OBJ-N5-SBJ-N1-REVEAL-TR-LOC-N3.mp3,OBJ-N5-SBJ-N1-REVEAL-TR-LOC-N3.mp4,OBJ-N3-SBJ-N1-HIDE-TR-LOC-N5.mp4,,,,,,,,,,,,,,,,,,,,,,,,,,,,,,,,,,,,,,,,,,,,,,,,,,,,,,,,,,,,,,,,,,,,,,,,
,,,,,,,,,,,,,,,,,,,,,,,,,1,,,ALP1102,2001.08.20,2026-04-19_10h21.15.918,BrocantoHPilot1WOSession2,2025.2.4,Win32,59.95203837,1486.758,1,1,1,14.144,1,14.443,14.144,1502.534,0,31,31,31,1,SBJ-N3-GO-INTR.mp3,SBJ-N3-GO-INTR.mp4,SBJ-N3-HIDE-INTR.mp4,,,,,,,,,,,,,,,,,,,,,,,,,,,,,,,,,,,,,,,,,,,,,,,,,,,,,,,,,,,,,,,,,,,,,,,,
,,,,,,,,,,,,,,,,,,,,,,,,,1,,,ALP1102,2001.08.20,2026-04-19_10h21.15.918,BrocantoHPilot1WOSession2,2025.2.4,Win32,59.95203837,1502.535,1,2,2,39.556,1,24.46,39.556,1544.156,0,32,32,32,1,OBJ-N5-SBJ-N3-PUSH-TR-LOC-N4.mp3,OBJ-N5-SBJ-N3-PUSH-TR-LOC-N4.mp4,OBJ-N4-SBJ-N3-PUSH-TR-LOC-N5.mp4,,,,,,,,,,,,,,,,,,,,,,,,,,,,,,,,,,,,,,,,,,,,,,,,,,,,,,,,,,,,,,,,,,,,,,,,
,,,,,,,,,,,,,,,,,,,,,,,,,1,,,ALP1102,2001.08.20,2026-04-19_10h21.15.918,BrocantoHPilot1WOSession2,2025.2.4,Win32,59.95203837,1544.156,1,1,1,48.736,1,17.57,48.736,1594.678,0,33,33,33,1,OBJ-N5-Ab-SBJ-N1-HIDE-TR.mp3,OBJ-N5-Ab-SBJ-N1-HIDE-TR.mp4,OBJ-N5-Aa-SBJ-N1-PUSH-TR.mp4,,,,,,,,,,,,,,,,,,,,,,,,,,,,,,,,,,,,,,,,,,,,,,,,,,,,,,,,,,,,,,,,,,,,,,,,
,,,,,,,,,,,,,,,,,,,,,,,,,1,,,ALP1102,2001.08.20,2026-04-19_10h21.15.918,BrocantoHPilot1WOSession2,2025.2.4,Win32,59.95203837,1594.68,1,2,2,23.212,1,20.895,23.212,1619.541,0,34,34,34,1,SBJ-N1-JUMP-INTR.mp3,SBJ-N1-JUMP-INTR.mp4,SBJ-N1-GO-INTR.mp4,,,,,,,,,,,,,,,,,,,,,,,,,,,,,,,,,,,,,,,,,,,,,,,,,,,,,,,,,,,,,,,,,,,,,,,,
,,,,,,,,,,,,,,,,,,,,,,,,,1,,,ALP1102,2001.08.20,2026-04-19_10h21.15.918,BrocantoHPilot1WOSession2,2025.2.4,Win32,59.95203837,1619.542,1,1,1,35.037,1,23.819,35.037,1656.207,0,35,35,35,1,SBJ-N2-HIDE-INTR-LOC-N3.mp3,SBJ-N2-HIDE-INTR-LOC-N3.mp4,SBJ-N3-GO-INTR-LOC-N2.mp4,,,,,,,,,,,,,,,,,,,,,,,,,,,,,,,,,,,,,,,,,,,,,,,,,,,,,,,,,,,,,,,,,,,,,,,,
,,,,,,,,,,,,,,,,,,,,,,,,,1,,,ALP1102,2001.08.20,2026-04-19_10h21.15.918,BrocantoHPilot1WOSession2,2025.2.4,Win32,59.95203837,1656.208,1,2,2,27.436,1,22.137,27.436,1685.374,0,36,36,36,1,SBJ-N4-HIDE-INTR-LOC-N5.mp3,SBJ-N4-HIDE-INTR-LOC-N5.mp4,SBJ-N5-HIDE-INTR-LOC-N4.mp4,,,,,,,,,,,,,,,,,,,,,,,,,,,,,,,,,,,,,,,,,,,,,,,,,,,,,,,,,,,,,,,,,,,,,,,,
,,,,,,,,,,,,,,,,,,,,,,,,,1,,,ALP1102,2001.08.20,2026-04-19_10h21.15.918,BrocantoHPilot1WOSession2,2025.2.4,Win32,59.95203837,1685.374,1,1,1,19.101,1,19.365,19.101,1706.148,0,37,37,37,1,SBJ-N5-GO-INTR-LOC-N4.mp3,SBJ-N5-GO-INTR-LOC-N4.mp4,SBJ-N4-REVEAL-INTR-LOC-N5.mp4,,,,,,,,,,,,,,,,,,,,,,,,,,,,,,,,,,,,,,,,,,,,,,,,,,,,,,,,,,,,,,,,,,,,,,,,
,,,,,,,,,,,,,,,,,,,,,,,,,1,,,ALP1102,2001.08.20,2026-04-19_10h21.15.918,BrocantoHPilot1WOSession2,2025.2.4,Win32,59.95203837,1706.148,1,1,1,12.56,1,,12.56,1720.879,0,38,38,38,1,SBJ-N3-JUMP-INTR-LOC-N2.mp3,SBJ-N3-JUMP-INTR-LOC-N2.mp4,SBJ-N2-JUMP-INTR-LOC-N3.mp4,,,,,,,,,,,,,,,,,,,,,,,,,,,,,,,,,,,,,,,,,,,,,,,,,,,,,,,,,,,,,,,,,,,,,,,,
,,,,,,,,,,,,,,,,,,,,,,,,,1,,,ALP1102,2001.08.20,2026-04-19_10h21.15.918,BrocantoHPilot1WOSession2,2025.2.4,Win32,59.95203837,1720.88,1,1,1,19.278,1,17.667,19.278,1742.403,0,39,39,39,1,SBJ-N4-JUMP-INTR-LOC-N1.mp3,SBJ-N4-JUMP-INTR-LOC-N1.mp4,SBJ-N1-REVEAL-INTR-LOC-N4.mp4,,,,,,,,,,,,,,,,,,,,,,,,,,,,,,,,,,,,,,,,,,,,,,,,,,,,,,,,,,,,,,,,,,,,,,,,
,,,,,,,,,,,,,,,,,,,,,,,,,1,,,ALP1102,2001.08.20,2026-04-19_10h21.15.918,BrocantoHPilot1WOSession2,2025.2.4,Win32,59.95203837,1742.403,1,2,2,28.529,1,16.746,28.529,1772.638,0,40,40,40,1,Ab-OBJ-N5-SBJ-N2-HIDE-TR.mp3,Ab-OBJ-N5-SBJ-N2-HIDE-TR.mp4,OBJ-N2-Aa-SBJ-N5-HIDE-TR.mp4,,,,,,,,,,,,,,,,,,,,,,,,,,,,,,,,,,,,,,,,,,,,,,,,,,,,,,,,,,,,,,,,,,,,,,,,
,,,,,,,,,,,,,,,,,,,,,,,,,1,,,ALP1102,2001.08.20,2026-04-19_10h21.15.918,BrocantoHPilot1WOSession2,2025.2.4,Win32,59.95203837,1772.639,1,2,2,26.531,1,26.567,26.531,1801.143,0,41,41,41,1,OBJ-N5-SBJ-N3-REVEAL-TR-LOC-N4.mp3,OBJ-N5-SBJ-N3-REVEAL-TR-LOC-N4.mp4,OBJ-N4-SBJ-N3-REVEAL-TR-LOC-N5.mp4,,,,,,,,,,,,,,,,,,,,,,,,,,,,,,,,,,,,,,,,,,,,,,,,,,,,,,,,,,,,,,,,,,,,,,,,
,,,,,,,,,,,,,,,,,,,,,,,,,1,,,ALP1102,2001.08.20,2026-04-19_10h21.15.918,BrocantoHPilot1WOSession2,2025.2.4,Win32,59.95203837,,,,,,,,,,,,,,,OBJ.N5 SBJ.N4 HIDE-TR,,,1833.914,1,OBJ-N5-SBJ-N4-HIDE-TR.mp4,N5|N4|HIDE,JUMP|N5|N4|HIDE|Ab|N2|REVEAL,timó|dabi|zsübe,bonip|timó|dabi|zsübe|zsot|murak|girda,0,7.046,20.527,timó zsübe dabi,1873.217,0,0,0,0,1,OBJ-N5-SBJ-N4-HIDE-TR.mp4,N5|N4|HIDE,JUMP|N5|N4|HIDE|Ab|N2|REVEAL,timó dabi zsübe,timó|dabi|zsübe,bonip|timó|dabi|zsübe|zsot|murak|girda,,,,,,,,,,,,,,,,,,,,,,,,,,,,,,,,,,,,,,,,,,,,,,,,,
,,,,,,,,,,,,,,,,,,,,,,,,,1,,,ALP1102,2001.08.20,2026-04-19_10h21.15.918,BrocantoHPilot1WOSession2,2025.2.4,Win32,59.95203837,,,,,,,,,,,,,,,SBJ.N3 JUMP-INTR,,,1873.724,1,SBJ-N3-JUMP-INTR.mp4,N3|JUMP,N2|N1|Aa|JUMP|Ab|N3,zilép|bonip,murak|pekli|gyék|bonip|zsot|zilép,1,7.534,10.433,zilép bonip,1893.481,0,1,1,1,1,SBJ-N3-JUMP-INTR.mp4,N3|JUMP,N2|N1|Aa|JUMP|Ab|N3,zilép bonip,zilép|bonip,murak|pekli|gyék|bonip|zsot|zilép,,,,,,,,,,,,,,,,,,,,,,,,,,,,,,,,,,,,,,,,,,,,,,,,,
,,,,,,,,,,,,,,,,,,,,,,,,,1,,,ALP1102,2001.08.20,2026-04-19_10h21.15.918,BrocantoHPilot1WOSession2,2025.2.4,Win32,59.95203837,,,,,,,,,,,,,,,SBJ.N4 GO-INTR,,,1894.008,1,SBJ-N4-GO-INTR.mp4,N4|GO,N4|REVEAL|N2|N1|GO|JUMP,dabi|kávler,dabi|girda|murak|pekli|kávler|bonip,1,5.621,7.733,dabi kávler,1911.469,0,2,2,2,1,SBJ-N4-GO-INTR.mp4,N4|GO,N4|REVEAL|N2|N1|GO|JUMP,dabi kávler,dabi|kávler,dabi|girda|murak|pekli|kávler|bonip,,,,,,,,,,,,,,,,,,,,,,,,,,,,,,,,,,,,,,,,,,,,,,,,,
,,,,,,,,,,,,,,,,,,,,,,,,,1,,,ALP1102,2001.08.20,2026-04-19_10h21.15.918,BrocantoHPilot1WOSession2,2025.2.4,Win32,59.95203837,,,,,,,,,,,,,,,OBJ.N5 SBJ.N4 PUSH-TR,,,1911.975,1,OBJ-N5-SBJ-N4-PUSH-TR.mp4,N5|N4|PUSH,N2|GO|N1|JUMP|N5|PUSH|N4,timó|dabi|vánta,murak|kávler|pekli|bonip|timó|vánta|dabi,1,5.295,10.025,timó dabi vánta,1928.491,0,3,3,3,1,OBJ-N5-SBJ-N4-PUSH-TR.mp4,N5|N4|PUSH,N2|GO|N1|JUMP|N5|PUSH|N4,timó dabi vánta,timó|dabi|vánta,murak|kávler|pekli|bonip|timó|vánta|dabi,,,,,,,,,,,,,,,,,,,,,,,,,,,,,,,,,,,,,,,,,,,,,,,,,
,,,,,,,,,,,,,,,,,,,,,,,,,1,,,ALP1102,2001.08.20,2026-04-19_10h21.15.918,BrocantoHPilot1WOSession2,2025.2.4,Win32,59.95203837,,,,,,,,,,,,,,,OBJ.N5 SBJ.N3 REVEAL-TR,,,1929.009,1,OBJ-N5-SBJ-N3-REVEAL-TR.mp4,N5|N3|REVEAL,REVEAL|Ab|PUSH|N3|N5|Aa|N1,timó|zilép|girda,girda|zsot|vánta|zilép|timó|gyék|pekli,1,6.532,10.63,timó zilép girda,1949.781,0,4,4,4,1,OBJ-N5-SBJ-N3-REVEAL-TR.mp4,N5|N3|REVEAL,REVEAL|Ab|PUSH|N3|N5|Aa|N1,timó zilép girda,timó|zilép|girda,girda|zsot|vánta|zilép|timó|gyék|pekli,,,,,,,,,,,,,,,,,,,,,,,,,,,,,,,,,,,,,,,,,,,,,,,,,
,,,,,,,,,,,,,,,,,,,,,,,,,1,,,ALP1102,2001.08.20,2026-04-19_10h21.15.918,BrocantoHPilot1WOSession2,2025.2.4,Win32,59.95203837,,,,,,,,,,,,,,,SBJ.N4 HIDE-INTR,,,1950.284,1,SBJ-N4-HIDE-INTR.mp4,N4|HIDE,Ab|GO|HIDE|N4|Aa|JUMP,dabi|zsübe,zsot|kávler|zsübe|dabi|gyék|bonip,1,6.752,8.737,dabi zsübe,1962.857,0,5,5,5,1,SBJ-N4-HIDE-INTR.mp4,N4|HIDE,Ab|GO|HIDE|N4|Aa|JUMP,dabi zsübe,dabi|zsübe,zsot|kávler|zsübe|dabi|gyék|bonip,,,,,,,,,,,,,,,,,,,,,,,,,,,,,,,,,,,,,,,,,,,,,,,,,
,,,,,,,,,,,,,,,,,,,,,,,,,1,,,ALP1102,2001.08.20,2026-04-19_10h21.15.918,BrocantoHPilot1WOSession2,2025.2.4,Win32,59.95203837,,,,,,,,,,,,,,,OBJ.N5 SBJ.N4 PUSH-TR,,,1963.366,1,OBJ-N5-SBJ-N4-PUSH-TR.mp4,N5|N4|PUSH,N5|Aa|N3|Ab|PUSH|N1|N4,timó|dabi|vánta,timó|gyék|zilép|zsot|vánta|pekli|dabi,1,5.325,9.824,timó dabi vánta,1976.398,0,6,6,6,1,OBJ-N5-SBJ-N4-PUSH-TR.mp4,N5|N4|PUSH,N5|Aa|N3|Ab|PUSH|N1|N4,timó dabi vánta,timó|dabi|vánta,timó|gyék|zilép|zsot|vánta|pekli|dabi,,,,,,,,,,,,,,,,,,,,,,,,,,,,,,,,,,,,,,,,,,,,,,,,,
,,,,,,,,,,,,,,,,,,,,,,,,,1,,,ALP1102,2001.08.20,2026-04-19_10h21.15.918,BrocantoHPilot1WOSession2,2025.2.4,Win32,59.95203837,,,,,,,,,,,,,,,SBJ.N3 REVEAL-INTR,,,1976.901,1,SBJ-N3-REVEAL-INTR.mp4,N3|REVEAL,N1|N4|HIDE|N5|REVEAL|N3,zilép|girda,pekli|dabi|zsübe|timó|girda|zilép,1,3.99,8.789,zilép girda,1988.015,0,7,7,7,1,SBJ-N3-REVEAL-INTR.mp4,N3|REVEAL,N1|N4|HIDE|N5|REVEAL|N3,zilép girda,zilép|girda,pekli|dabi|zsübe|timó|girda|zilép,,,,,,,,,,,,,,,,,,,,,,,,,,,,,,,,,,,,,,,,,,,,,,,,,
,,,,,,,,,,,,,,,,,,,,,,,,,1,,,ALP1102,2001.08.20,2026-04-19_10h21.15.918,BrocantoHPilot1WOSession2,2025.2.4,Win32,59.95203837,,,,,,,,,,,,,,,OBJ.N5 SBJ.N4 REVEAL-TR,,,1988.527,1,OBJ-N5-SBJ-N4-REVEAL-TR.mp4,N5|N4|REVEAL,Ab|JUMP|N2|REVEAL|N5|PUSH|N4,timó|dabi|girda,zsot|bonip|murak|girda|timó|vánta|dabi,1,21.547,54.47,timó dabi girda,2052.701,0,8,8,8,1,OBJ-N5-SBJ-N4-REVEAL-TR.mp4,N5|N4|REVEAL,Ab|JUMP|N2|REVEAL|N5|PUSH|N4,timó dabi girda,timó|dabi|girda,zsot|bonip|murak|girda|timó|vánta|dabi,,,,,,,,,,,,,,,,,,,,,,,,,,,,,,,,,,,,,,,,,,,,,,,,,
,,,,,,,,,,,,,,,,,,,,,,,,,1,,,ALP1102,2001.08.20,2026-04-19_10h21.15.918,BrocantoHPilot1WOSession2,2025.2.4,Win32,59.95203837,,,,,,,,,,,,,,,SBJ.N3 JUMP-INTR,,,2053.216,1,SBJ-N3-JUMP-INTR.mp4,N3|JUMP,JUMP|PUSH|Aa|N3|Ab|GO,zilép|bonip,bonip|vánta|gyék|zilép|zsot|kávler,1,6.452,9.425,zilép bonip,2065.574,0,9,9,9,1,SBJ-N3-JUMP-INTR.mp4,N3|JUMP,JUMP|PUSH|Aa|N3|Ab|GO,zilép bonip,zilép|bonip,bonip|vánta|gyék|zilép|zsot|kávler,,,,,,,,,,,,,,,,,,,,,,,,,,,,,,,,,,,,,,,,,,,,,,,,,
,,,,,,,,,,,,,,,,,,,,,,,,,1,,,ALP1102,2001.08.20,2026-04-19_10h21.15.918,BrocantoHPilot1WOSession2,2025.2.4,Win32,59.95203837,,,,,,,,,,,,,,,OBJ.N5 SBJ.N4 HIDE-TR,,,2066.075,1,OBJ-N5-SBJ-N4-HIDE-TR.mp4,N5|N4|HIDE,N4|N3|REVEAL|N5|HIDE|Aa|N1,timó|dabi|zsübe,dabi|zilép|girda|timó|zsübe|gyék|pekli,1,6.434,12.117,timó dabi zsübe,2082.478,0,10,10,10,1,OBJ-N5-SBJ-N4-HIDE-TR.mp4,N5|N4|HIDE,N4|N3|REVEAL|N5|HIDE|Aa|N1,timó dabi zsübe,timó|dabi|zsübe,dabi|zilép|girda|timó|zsübe|gyék|pekli,,,,,,,,,,,,,,,,,,,,,,,,,,,,,,,,,,,,,,,,,,,,,,,,,
,,,,,,,,,,,,,,,,,,,,,,,,,1,,,ALP1102,2001.08.20,2026-04-19_10h21.15.918,BrocantoHPilot1WOSession2,2025.2.4,Win32,59.95203837,,,,,,,,,,,,,,,SBJ.N2 REVEAL-INTR,,,2082.995,1,SBJ-N2-REVEAL-INTR.mp4,N2|REVEAL,HIDE|N2|GO|REVEAL|PUSH|N5,murak|girda,zsübe|murak|kávler|girda|vánta|timó,1,6.696,9.596,murak girda,2096.364,0,11,11,11,1,SBJ-N2-REVEAL-INTR.mp4,N2|REVEAL,HIDE|N2|GO|REVEAL|PUSH|N5,murak girda,murak|girda,zsübe|murak|kávler|girda|vánta|timó,,,,,,,,,,,,,,,,,,,,,,,,,,,,,,,,,,,,,,,,,,,,,,,,,
,,,,,,,,,,,,,,,,,,,,,,,,,1,,,ALP1102,2001.08.20,2026-04-19_10h21.15.918,BrocantoHPilot1WOSession2,2025.2.4,Win32,59.95203837,,,,,,,,,,,,,,,OBJ.N5 SBJ.N4 HIDE-TR,,,2096.874,1,OBJ-N5-SBJ-N4-HIDE-TR.mp4,N5|N4|HIDE,Ab|HIDE|N4|N3|N2|GO|N5,timó|dabi|zsübe,zsot|zsübe|dabi|zilép|murak|kávler|timó,1,6.852,10.968,timó dabi zsübe,2111.901,0,12,12,12,1,OBJ-N5-SBJ-N4-HIDE-TR.mp4,N5|N4|HIDE,Ab|HIDE|N4|N3|N2|GO|N5,timó dabi zsübe,timó|dabi|zsübe,zsot|zsübe|dabi|zilép|murak|kávler|timó,,,,,,,,,,,,,,,,,,,,,,,,,,,,,,,,,,,,,,,,,,,,,,,,,
,,,,,,,,,,,,,,,,,,,,,,,,,1,,,ALP1102,2001.08.20,2026-04-19_10h21.15.918,BrocantoHPilot1WOSession2,2025.2.4,Win32,59.95203837,,,,,,,,,,,,,,,SBJ.N1 GO-INTR,,,2112.435,1,SBJ-N1-GO-INTR.mp4,N1|GO,HIDE|N2|N1|GO|REVEAL|N3,pekli|kávler,zsübe|murak|pekli|kávler|girda|zilép,1,5.925,12.574,pekli kávler,2131.631,0,13,13,13,1,SBJ-N1-GO-INTR.mp4,N1|GO,HIDE|N2|N1|GO|REVEAL|N3,pekli kávler,pekli|kávler,zsübe|murak|pekli|kávler|girda|zilép,,,,,,,,,,,,,,,,,,,,,,,,,,,,,,,,,,,,,,,,,,,,,,,,,
,,,,,,,,,,,,,,,,,,,,,,,,,1,,,ALP1102,2001.08.20,2026-04-19_10h21.15.918,BrocantoHPilot1WOSession2,2025.2.4,Win32,59.95203837,,,,,,,,,,,,,,,OBJ.N5 SBJ.N3 REVEAL-TR,,,2132.152,1,OBJ-N5-SBJ-N3-REVEAL-TR.mp4,N5|N3|REVEAL,N5|N4|REVEAL|N3|PUSH|GO|N2,timó|zilép|girda,timó|dabi|girda|zilép|vánta|kávler|murak,1,6.682,14.036,timó zilép girda,2153.683,0,14,14,14,1,OBJ-N5-SBJ-N3-REVEAL-TR.mp4,N5|N3|REVEAL,N5|N4|REVEAL|N3|PUSH|GO|N2,timó zilép girda,timó|zilép|girda,timó|dabi|girda|zilép|vánta|kávler|murak,,,,,,,,,,,,,,,,,,,,,,,,,,,,,,,,,,,,,,,,,,,,,,,,,
,,,,,,,,,,,,,,,,,,,,,,,,,1,,,ALP1102,2001.08.20,2026-04-19_10h21.15.918,BrocantoHPilot1WOSession2,2025.2.4,Win32,59.95203837,,,,,,,,,,,,,,,SBJ.N3 JUMP-INTR,,,2154.247,1,SBJ-N3-JUMP-INTR.mp4,N3|JUMP,JUMP|N2|REVEAL|N5|N3|N4,zilép|bonip,bonip|murak|girda|timó|zilép|dabi,1,5.711,8.169,zilép bonip,2166.969,0,15,15,15,1,SBJ-N3-JUMP-INTR.mp4,N3|JUMP,JUMP|N2|REVEAL|N5|N3|N4,zilép bonip,zilép|bonip,bonip|murak|girda|timó|zilép|dabi,,,,,,,,,,,,,,,,,,,,,,,,,,,,,,,,,,,,,,,,,,,,,,,,,
,,,,,,,,,,,,,,,,,,,,,,,,,1,,,ALP1102,2001.08.20,2026-04-19_10h21.15.918,BrocantoHPilot1WOSession2,2025.2.4,Win32,59.95203837,,,,,,,,,,,,,,,SBJ.N4 HIDE-INTR,,,2167.495,1,SBJ-N4-HIDE-INTR.mp4,N4|HIDE,GO|N4|Ab|N1|N2|HIDE,dabi|zsübe,kávler|dabi|zsot|pekli|murak|zsübe,1,6.68,8.812,dabi zsübe,2184.648,0,16,16,16,1,SBJ-N4-HIDE-INTR.mp4,N4|HIDE,GO|N4|Ab|N1|N2|HIDE,dabi zsübe,dabi|zsübe,kávler|dabi|zsot|pekli|murak|zsübe,,,,,,,,,,,,,,,,,,,,,,,,,,,,,,,,,,,,,,,,,,,,,,,,,
,,,,,,,,,,,,,,,,,,,,,,,,,1,,,ALP1102,2001.08.20,2026-04-19_10h21.15.918,BrocantoHPilot1WOSession2,2025.2.4,Win32,59.95203837,,,,,,,,,,,,,,,OBJ.N5 SBJ.N2 PUSH-TR,,,2185.15,1,OBJ-N5-SBJ-N2-PUSH-TR.mp4,N5|N2|PUSH,PUSH|N4|Ab|N1|N2|HIDE|N5,timó|murak|vánta,vánta|dabi|zsot|pekli|murak|zsübe|timó,1,5.207,10.59,timó murak vánta,2203.483,0,17,17,17,1,OBJ-N5-SBJ-N2-PUSH-TR.mp4,N5|N2|PUSH,PUSH|N4|Ab|N1|N2|HIDE|N5,timó murak vánta,timó|murak|vánta,vánta|dabi|zsot|pekli|murak|zsübe|timó,,,,,,,,,,,,,,,,,,,,,,,,,,,,,,,,,,,,,,,,,,,,,,,,,
,,,,,,,,,,,,,,,,,,,,,,,,,1,,,ALP1102,2001.08.20,2026-04-19_10h21.15.918,BrocantoHPilot1WOSession2,2025.2.4,Win32,59.95203837,,,,,,,,,,,,,,,SBJ.N5 REVEAL-INTR,,,2203.99,1,SBJ-N5-REVEAL-INTR.mp4,N5|REVEAL,PUSH|N5|GO|REVEAL|JUMP|N4,timó|girda,vánta|timó|kávler|girda|bonip|dabi,1,7.084,10.816,timó girda,2219.914,0,18,18,18,1,SBJ-N5-REVEAL-INTR.mp4,N5|REVEAL,PUSH|N5|GO|REVEAL|JUMP|N4,timó girda,timó|girda,vánta|timó|kávler|girda|bonip|dabi,,,,,,,,,,,,,,,,,,,,,,,,,,,,,,,,,,,,,,,,,,,,,,,,,
,,,,,,,,,,,,,,,,,,,,,,,,,1,,,ALP1102,2001.08.20,2026-04-19_10h21.15.918,BrocantoHPilot1WOSession2,2025.2.4,Win32,59.95203837,,,,,,,,,,,,,,,SBJ.N3 HIDE-INTR,,,2220.424,1,SBJ-N3-HIDE-INTR.mp4,N3|HIDE,N2|N3|N5|HIDE|N1|N4,zilép|zsübe,murak|zilép|timó|zsübe|pekli|dabi,1,85.283,90.917,zilép zsübe,2315.489,0,19,19,19,1,SBJ-N3-HIDE-INTR.mp4,N3|HIDE,N2|N3|N5|HIDE|N1|N4,zilép zsübe,zilép|zsübe,murak|zilép|timó|zsübe|pekli|dabi,,,,,,,,,,,,,,,,,,,,,,,,,,,,,,,,,,,,,,,,,,,,,,,,,
,,,,,,,,,,,,,,,,,,,,,,,,,1,,,ALP1102,2001.08.20,2026-04-19_10h21.15.918,BrocantoHPilot1WOSession2,2025.2.4,Win32,59.95203837,,,,,,,,,,,,,,,OBJ.N5 SBJ.N2 PUSH-TR,,,2315.996,1,OBJ-N5-SBJ-N2-PUSH-TR.mp4,N5|N2|PUSH,JUMP|N1|N2|N3|PUSH|Ab|N5,timó|murak|vánta,bonip|pekli|murak|zilép|vánta|zsot|timó,1,4.804,13.295,timó murak vánta,2332.672,0,20,20,20,1,OBJ-N5-SBJ-N2-PUSH-TR.mp4,N5|N2|PUSH,JUMP|N1|N2|N3|PUSH|Ab|N5,timó murak vánta,timó|murak|vánta,bonip|pekli|murak|zilép|vánta|zsot|timó,,,,,,,,,,,,,,,,,,,,,,,,,,,,,,,,,,,,,,,,,,,,,,,,,
,,,,,,,,,,,,,,,,,,,,,,,,,1,,,ALP1102,2001.08.20,2026-04-19_10h21.15.918,BrocantoHPilot1WOSession2,2025.2.4,Win32,59.95203837,,,,,,,,,,,,,,,OBJ.N5 SBJ.N1 PUSH-TR,,,2333.208,1,OBJ-N5-SBJ-N1-PUSH-TR.mp4,N5|N1|PUSH,JUMP|GO|PUSH|N1|Ab|Aa|N5,timó|pekli|vánta,bonip|kávler|vánta|pekli|zsot|gyék|timó,1,5.339,11.958,timó pekli vánta,2354.524,0,21,21,21,1,OBJ-N5-SBJ-N1-PUSH-TR.mp4,N5|N1|PUSH,JUMP|GO|PUSH|N1|Ab|Aa|N5,timó pekli vánta,timó|pekli|vánta,bonip|kávler|vánta|pekli|zsot|gyék|timó,,,,,,,,,,,,,,,,,,,,,,,,,,,,,,,,,,,,,,,,,,,,,,,,,
,,,,,,,,,,,,,,,,,,,,,,,,,1,,,ALP1102,2001.08.20,2026-04-19_10h21.15.918,BrocantoHPilot1WOSession2,2025.2.4,Win32,59.95203837,,,,,,,,,,,,,,,OBJ.N5 SBJ.N2 HIDE-TR LOC.N3,,,2355.027,1,OBJ-N5-SBJ-N2-HIDE-TR-LOC-N3.mp4,N5|N2|HIDE|N3,Aa|N5|N2|HIDE|N4|N1|GO|N3,timó|murak|zsübe|zilép,gyék|timó|murak|zsübe|dabi|pekli|kávler|zilép,1,6.414,40.025,timó murak zsübe zilép,2402.372,0,22,22,22,1,OBJ-N5-SBJ-N2-HIDE-TR-LOC-N3.mp4,N5|N2|HIDE|N3,Aa|N5|N2|HIDE|N4|N1|GO|N3,timó murak zsübe zilép,timó|murak|zsübe|zilép,gyék|timó|murak|zsübe|dabi|pekli|kávler|zilép,,,,,,,,,,,,,,,,,,,,,,,,,,,,,,,,,,,,,,,,,,,,,,,,,
,,,,,,,,,,,,,,,,,,,,,,,,,1,,,ALP1102,2001.08.20,2026-04-19_10h21.15.918,BrocantoHPilot1WOSession2,2025.2.4,Win32,59.95203837,,,,,,,,,,,,,,,SBJ.N4 REVEAL-INTR LOC.N3,,,2402.883,1,SBJ-N4-REVEAL-INTR-LOC-N3.mp4,N4|REVEAL|N3,N2|N3|Aa|N5|PUSH|REVEAL|N4,dabi|girda|zilép,murak|zilép|gyék|timó|vánta|girda|dabi,1,5.658,11.706,dabi girda zilép,2421.86,0,23,23,23,1,SBJ-N4-REVEAL-INTR-LOC-N3.mp4,N4|REVEAL|N3,N2|N3|Aa|N5|PUSH|REVEAL|N4,dabi girda zilép,dabi|girda|zilép,murak|zilép|gyék|timó|vánta|girda|dabi,,,,,,,,,,,,,,,,,,,,,,,,,,,,,,,,,,,,,,,,,,,,,,,,,
,,,,,,,,,,,,,,,,,,,,,,,,,1,,,ALP1102,2001.08.20,2026-04-19_10h21.15.918,BrocantoHPilot1WOSession2,2025.2.4,Win32,59.95203837,,,,,,,,,,,,,,,SBJ.N4 REVEAL-INTR LOC.N3,,,2422.363,1,SBJ-N4-REVEAL-INTR-LOC-N3.mp4,N4|REVEAL|N3,HIDE|PUSH|Ab|N3|REVEAL|GO|N4,dabi|girda|zilép,zsübe|vánta|zsot|zilép|girda|kávler|dabi,1,7.495,14.977,dabi girda zilép,2439.768,0,24,24,24,1,SBJ-N4-REVEAL-INTR-LOC-N3.mp4,N4|REVEAL|N3,HIDE|PUSH|Ab|N3|REVEAL|GO|N4,dabi girda zilép,dabi|girda|zilép,zsübe|vánta|zsot|zilép|girda|kávler|dabi,,,,,,,,,,,,,,,,,,,,,,,,,,,,,,,,,,,,,,,,,,,,,,,,,
,,,,,,,,,,,,,,,,,,,,,,,,,1,,,ALP1102,2001.08.20,2026-04-19_10h21.15.918,BrocantoHPilot1WOSession2,2025.2.4,Win32,59.95203837,,,,,,,,,,,,,,,OBJ.N5 SBJ.N1 PUSH-TR LOC.N2,,,2440.288,1,OBJ-N5-SBJ-N1-PUSH-TR-LOC-N2.mp4,N5|N1|PUSH|N2,N1|N2|HIDE|PUSH|N5|GO|REVEAL|N3,timó|pekli|vánta|murak,pekli|murak|zsübe|vánta|timó|kávler|girda|zilép,1,4.919,23.877,timó pekli vánta murak,2471.623,0,25,25,25,1,OBJ-N5-SBJ-N1-PUSH-TR-LOC-N2.mp4,N5|N1|PUSH|N2,N1|N2|HIDE|PUSH|N5|GO|REVEAL|N3,timó pekli vánta murak,timó|pekli|vánta|murak,pekli|murak|zsübe|vánta|timó|kávler|girda|zilép,,,,,,,,,,,,,,,,,,,,,,,,,,,,,,,,,,,,,,,,,,,,,,,,,
,,,,,,,,,,,,,,,,,,,,,,,,,1,,,ALP1102,2001.08.20,2026-04-19_10h21.15.918,BrocantoHPilot1WOSession2,2025.2.4,Win32,59.95203837,,,,,,,,,,,,,,,OBJ.N5 SBJ.N1 REVEAL-TR LOC.N3,,,2472.125,1,OBJ-N5-SBJ-N1-REVEAL-TR-LOC-N3.mp4,N5|N1|REVEAL|N3,N5|N3|GO|N2|HIDE|N1|JUMP|REVEAL,timó|pekli|girda|zilép,timó|zilép|kávler|murak|zsübe|pekli|bonip|girda,1,6.762,21.515,timó pekli girda zilép,2497.787,0,26,26,26,1,OBJ-N5-SBJ-N1-REVEAL-TR-LOC-N3.mp4,N5|N1|REVEAL|N3,N5|N3|GO|N2|HIDE|N1|JUMP|REVEAL,timó pekli girda zilép,timó|pekli|girda|zilép,timó|zilép|kávler|murak|zsübe|pekli|bonip|girda,,,,,,,,,,,,,,,,,,,,,,,,,,,,,,,,,,,,,,,,,,,,,,,,,
,,,,,,,,,,,,,,,,,,,,,,,,,1,,,ALP1102,2001.08.20,2026-04-19_10h21.15.918,BrocantoHPilot1WOSession2,2025.2.4,Win32,59.95203837,,,,,,,,,,,,,,,SBJ.N1 REVEAL-INTR LOC.N5,,,2498.29,1,SBJ-N1-REVEAL-INTR-LOC-N5.mp4,N1|REVEAL|N5,N1|REVEAL|Ab|N4|N5|HIDE|N3,pekli|girda|timó,pekli|girda|zsot|dabi|timó|zsübe|zilép,1,7.629,11.801,pekli girda timó,2520.8,0,27,27,27,1,SBJ-N1-REVEAL-INTR-LOC-N5.mp4,N1|REVEAL|N5,N1|REVEAL|Ab|N4|N5|HIDE|N3,pekli girda timó,pekli|girda|timó,pekli|girda|zsot|dabi|timó|zsübe|zilép,,,,,,,,,,,,,,,,,,,,,,,,,,,,,,,,,,,,,,,,,,,,,,,,,
,,,,,,,,,,,,,,,,,,,,,,,,,1,,,ALP1102,2001.08.20,2026-04-19_10h21.15.918,BrocantoHPilot1WOSession2,2025.2.4,Win32,59.95203837,,,,,,,,,,,,,,,OBJ.N5 SBJ.N2 PUSH-TR LOC.N3,,,2521.332,1,OBJ-N5-SBJ-N2-PUSH-TR-LOC-N3.mp4,N5|N2|PUSH|N3,GO|N1|REVEAL|N2|N5|Ab|PUSH|N3,timó|murak|vánta|zilép,kávler|pekli|girda|murak|timó|zsot|vánta|zilép,1,242.925,254.225,timó murak vánta zilép,2780.85,0,28,28,28,1,OBJ-N5-SBJ-N2-PUSH-TR-LOC-N3.mp4,N5|N2|PUSH|N3,GO|N1|REVEAL|N2|N5|Ab|PUSH|N3,timó murak vánta zilép,timó|murak|vánta|zilép,kávler|pekli|girda|murak|timó|zsot|vánta|zilép,,,,,,,,,,,,,,,,,,,,,,,,,,,,,,,,,,,,,,,,,,,,,,,,,
,,,,,,,,,,,,,,,,,,,,,,,,,1,,,ALP1102,2001.08.20,2026-04-19_10h21.15.918,BrocantoHPilot1WOSession2,2025.2.4,Win32,59.95203837,,,,,,,,,,,,,,,OBJ.N5 SBJ.N1 HIDE-TR LOC.N2,,,2781.357,1,OBJ-N5-SBJ-N1-HIDE-TR-LOC-N2.mp4,N5|N1|HIDE|N2,HIDE|N2|PUSH|N4|N1|JUMP|Ab|N5,timó|pekli|zsübe|murak,zsübe|murak|vánta|dabi|pekli|bonip|zsot|timó,1,6.501,17.883,timó pekli zsübe murak,2801.62,0,29,29,29,1,OBJ-N5-SBJ-N1-HIDE-TR-LOC-N2.mp4,N5|N1|HIDE|N2,HIDE|N2|PUSH|N4|N1|JUMP|Ab|N5,timó pekli zsübe murak,timó|pekli|zsübe|murak,zsübe|murak|vánta|dabi|pekli|bonip|zsot|timó,,,,,,,,,,,,,,,,,,,,,,,,,,,,,,,,,,,,,,,,,,,,,,,,,
,,,,,,,,,,,,,,,,,,,,,,,,,1,,,ALP1102,2001.08.20,2026-04-19_10h21.15.918,BrocantoHPilot1WOSession2,2025.2.4,Win32,59.95203837,,,,,,,,,,,,,,,OBJ.N5 SBJ.N2 PUSH-TR LOC.N4,,,2802.128,1,OBJ-N5-SBJ-N2-PUSH-TR-LOC-N4.mp4,N5|N2|PUSH|N4,N5|N4|REVEAL|N1|N2|GO|PUSH|N3,timó|murak|vánta|dabi,timó|dabi|girda|pekli|murak|kávler|vánta|zilép,1,5.262,29.32,timó murak vánta dabi,2833.902,0,30,30,30,1,OBJ-N5-SBJ-N2-PUSH-TR-LOC-N4.mp4,N5|N2|PUSH|N4,N5|N4|REVEAL|N1|N2|GO|PUSH|N3,timó murak vánta dabi,timó|murak|vánta|dabi,timó|dabi|girda|pekli|murak|kávler|vánta|zilép,,,,,,,,,,,,,,,,,,,,,,,,,,,,,,,,,,,,,,,,,,,,,,,,,
,,,,,,,,,,,,,,,,,,,,,,,,,1,,,ALP1102,2001.08.20,2026-04-19_10h21.15.918,BrocantoHPilot1WOSession2,2025.2.4,Win32,59.95203837,,,,,,,,,,,,,,,OBJ.N5 SBJ.N3 REVEAL-TR,,,2834.441,1,OBJ-N5-SBJ-N3-REVEAL-TR.mp4,N5|N3|REVEAL,GO|Aa|REVEAL|N3|N5|N1|JUMP,timó|zilép|girda,kávler|gyék|girda|zilép|timó|pekli|bonip,1,5.949,10.623,timó zilép girda,2848.73,0,31,31,31,1,OBJ-N5-SBJ-N3-REVEAL-TR.mp4,N5|N3|REVEAL,GO|Aa|REVEAL|N3|N5|N1|JUMP,timó zilép girda,timó|zilép|girda,kávler|gyék|girda|zilép|timó|pekli|bonip,,,,,,,,,,,,,,,,,,,,,,,,,,,,,,,,,,,,,,,,,,,,,,,,,
,,,,,,,,,,,,,,,,,,,,,,,,,1,,,ALP1102,2001.08.20,2026-04-19_10h21.15.918,BrocantoHPilot1WOSession2,2025.2.4,Win32,59.95203837,,,,,,,,,,,,,,,OBJ.N5 SBJ.N3 HIDE-TR LOC.N4,,,2849.251,1,OBJ-N5-SBJ-N3-HIDE-TR-LOC-N4.mp4,N5|N3|HIDE|N4,N4|N2|JUMP|REVEAL|N3|HIDE|N5|Ab,timó|zilép|zsübe|dabi,dabi|murak|bonip|girda|zilép|zsübe|timó|zsot,1,6.123,18.639,timó zilép zsübe dabi,2873.602,0,32,32,32,1,OBJ-N5-SBJ-N3-HIDE-TR-LOC-N4.mp4,N5|N3|HIDE|N4,N4|N2|JUMP|REVEAL|N3|HIDE|N5|Ab,timó zilép zsübe dabi,timó|zilép|zsübe|dabi,dabi|murak|bonip|girda|zilép|zsübe|timó|zsot,,,,,,,,,,,,,,,,,,,,,,,,,,,,,,,,,,,,,,,,,,,,,,,,,
,,,,,,,,,,,,,,,,,,,,,,,,,1,,,ALP1102,2001.08.20,2026-04-19_10h21.15.918,BrocantoHPilot1WOSession2,2025.2.4,Win32,59.95203837,,,,,,,,,,,,,,,Aa SBJ.N5 JUMP-INTR,,,2874.119,1,Aa-SBJ-N5-JUMP-INTR.mp4,Aa|N5|JUMP,JUMP|N4|GO|N1|Aa|Ab|N5,gyék|timó|bonip,bonip|dabi|kávler|pekli|gyék|zsot|timó,0,4.401,9.859,timó bonip,2901.933,0,33,33,33,1,Aa-SBJ-N5-JUMP-INTR.mp4,Aa|N5|JUMP,JUMP|N4|GO|N1|Aa|Ab|N5,gyék timó bonip,gyék|timó|bonip,bonip|dabi|kávler|pekli|gyék|zsot|timó,,,,,,,,,,,,,,,,,,,,,,,,,,,,,,,,,,,,,,,,,,,,,,,,,
,,,,,,,,,,,,,,,,,,,,,,,,,1,,,ALP1102,2001.08.20,2026-04-19_10h21.15.918,BrocantoHPilot1WOSession2,2025.2.4,Win32,59.95203837,,,,,,,,,,,,,,,SBJ.N3 HIDE-INTR,,,2902.44,1,SBJ-N3-HIDE-INTR.mp4,N3|HIDE,HIDE|Aa|REVEAL|GO|N2|N3,zilép|zsübe,zsübe|gyék|girda|kávler|murak|zilép,0,7.327,15.991,gyék zilép zsübe,3019.096,0,34,34,34,1,SBJ-N3-HIDE-INTR.mp4,N3|HIDE,HIDE|Aa|REVEAL|GO|N2|N3,zilép zsübe,zilép|zsübe,zsübe|gyék|girda|kávler|murak|zilép,,,,,,,,,,,,,,,,,,,,,,,,,,,,,,,,,,,,,,,,,,,,,,,,,
,,,,,,,,,,,,,,,,,,,,,,,,,1,,,ALP1102,2001.08.20,2026-04-19_10h21.15.918,BrocantoHPilot1WOSession2,2025.2.4,Win32,59.95203837,,,,,,,,,,,,,,,SBJ.N3 GO-INTR LOC.N2,,,3019.65,1,SBJ-N3-GO-INTR-LOC-N2.mp4,N3|GO|N2,GO|PUSH|N3|Ab|N1|HIDE|N2,zilép|kávler|murak,kávler|vánta|zilép|zsot|pekli|zsübe|murak,1,7.225,14.541,zilép kávler murak,3037.533,0,35,35,35,1,SBJ-N3-GO-INTR-LOC-N2.mp4,N3|GO|N2,GO|PUSH|N3|Ab|N1|HIDE|N2,zilép kávler murak,zilép|kávler|murak,kávler|vánta|zilép|zsot|pekli|zsübe|murak,,,,,,,,,,,,,,,,,,,,,,,,,,,,,,,,,,,,,,,,,,,,,,,,,
,,,,,,,,,,,,,,,,,,,,,,,,,1,,,ALP1102,2001.08.20,2026-04-19_10h21.15.918,BrocantoHPilot1WOSession2,2025.2.4,Win32,59.95203837,,,,,,,,,,,,,,,SBJ.N1 HIDE-INTR LOC.N5,,,3038.063,1,SBJ-N1-HIDE-INTR-LOC-N5.mp4,N1|HIDE|N5,Ab|PUSH|Aa|N5|N1|REVEAL|HIDE,pekli|zsübe|timó,zsot|vánta|gyék|timó|pekli|girda|zsübe,1,4.762,16.589,pekli zsübe timó,3058.933,0,36,36,36,1,SBJ-N1-HIDE-INTR-LOC-N5.mp4,N1|HIDE|N5,Ab|PUSH|Aa|N5|N1|REVEAL|HIDE,pekli zsübe timó,pekli|zsübe|timó,zsot|vánta|gyék|timó|pekli|girda|zsübe,,,,,,,,,,,,,,,,,,,,,,,,,,,,,,,,,,,,,,,,,,,,,,,,,
,,,,,,,,,,,,,,,,,,,,,,,,,1,,,ALP1102,2001.08.20,2026-04-19_10h21.15.918,BrocantoHPilot1WOSession2,2025.2.4,Win32,59.95203837,,,,,,,,,,,,,,,SBJ.N1 JUMP-INTR LOC.N5,,,3059.479,1,SBJ-N1-JUMP-INTR-LOC-N5.mp4,N1|JUMP|N5,PUSH|N2|N1|N5|GO|JUMP|Aa,pekli|bonip|timó,vánta|murak|pekli|timó|kávler|bonip|gyék,1,4.946,12.511,pekli bonip timó,3075.699,0,37,37,37,1,SBJ-N1-JUMP-INTR-LOC-N5.mp4,N1|JUMP|N5,PUSH|N2|N1|N5|GO|JUMP|Aa,pekli bonip timó,pekli|bonip|timó,vánta|murak|pekli|timó|kávler|bonip|gyék,,,,,,,,,,,,,,,,,,,,,,,,,,,,,,,,,,,,,,,,,,,,,,,,,
,,,,,,,,,,,,,,,,,,,,,,,,,1,,,ALP1102,2001.08.20,2026-04-19_10h21.15.918,BrocantoHPilot1WOSession2,2025.2.4,Win32,59.95203837,,,,,,,,,,,,,,,SBJ.N5 GO-INTR LOC.N3,,,3076.253,1,SBJ-N5-GO-INTR-LOC-N3.mp4,N5|GO|N3,N5|N4|N3|PUSH|GO|HIDE|Aa,timó|kávler|zilép,timó|dabi|zilép|vánta|kávler|zsübe|gyék,1,7.956,23.056,timó kávler zilép,3103.386,0,38,38,38,1,SBJ-N5-GO-INTR-LOC-N3.mp4,N5|GO|N3,N5|N4|N3|PUSH|GO|HIDE|Aa,timó kávler zilép,timó|kávler|zilép,timó|dabi|zilép|vánta|kávler|zsübe|gyék,,,,,,,,,,,,,,,,,,,,,,,,,,,,,,,,,,,,,,,,,,,,,,,,,
,,,,,,,,,,,,,,,,,,,,,,,,,1,,,ALP1102,2001.08.20,2026-04-19_10h21.15.918,BrocantoHPilot1WOSession2,2025.2.4,Win32,59.95203837,,,,,,,,,,,,,,,SBJ.N5 HIDE-INTR LOC.N2,,,3103.903,1,SBJ-N5-HIDE-INTR-LOC-N2.mp4,N5|HIDE|N2,HIDE|N2|JUMP|N5|Aa|N3|Ab,timó|zsübe|murak,zsübe|murak|bonip|timó|gyék|zilép|zsot,1,7.322,13.155,timó zsübe murak,3120.277,0,39,39,39,1,SBJ-N5-HIDE-INTR-LOC-N2.mp4,N5|HIDE|N2,HIDE|N2|JUMP|N5|Aa|N3|Ab,timó zsübe murak,timó|zsübe|murak,zsübe|murak|bonip|timó|gyék|zilép|zsot,,,,,,,,,,,,,,,,,,,,,,,,,,,,,,,,,,,,,,,,,,,,,,,,,
,,,,,,,,,,,,,,,,,,,,,,,,,1,,,ALP1102,2001.08.20,2026-04-19_10h21.15.918,BrocantoHPilot1WOSession2,2025.2.4,Win32,59.95203837,,,,,,,,,,,,,,,OBJ.N5 SBJ.N3 HIDE-TR LOC.N2,,,3120.794,1,OBJ-N5-SBJ-N3-HIDE-TR-LOC-N2.mp4,N5|N3|HIDE|N2,Aa|Ab|PUSH|REVEAL|N3|HIDE|N2|N5,timó|zilép|zsübe|murak,gyék|zsot|vánta|girda|zilép|zsübe|murak|timó,0,6.529,50.713,zsot timó zilép zsübe murak,3224.612,0,40,40,40,1,OBJ-N5-SBJ-N3-HIDE-TR-LOC-N2.mp4,N5|N3|HIDE|N2,Aa|Ab|PUSH|REVEAL|N3|HIDE|N2|N5,timó zilép zsübe murak,timó|zilép|zsübe|murak,gyék|zsot|vánta|girda|zilép|zsübe|murak|timó,,,,,,,,,,,,,,,,,,,,,,,,,,,,,,,,,,,,,,,,,,,,,,,,,
,,,,,,,,,,,,,,,,,,,,,,,,,1,,,ALP1102,2001.08.20,2026-04-19_10h21.15.918,BrocantoHPilot1WOSession2,2025.2.4,Win32,59.95203837,,,,,,,,,,,,,,,Ab OBJ.N5 SBJ.N2 HIDE-TR,,,3225.117,1,Ab-OBJ-N5-SBJ-N2-HIDE-TR.mp4,Ab|N5|N2|HIDE,N1|N5|N4|Ab|HIDE|REVEAL|N2|PUSH,zsot|timó|murak|zsübe,pekli|timó|dabi|zsot|zsübe|girda|murak|vánta,1,6.707,42.69,zsot timó murak zsübe,3274.733,0,41,41,41,1,Ab-OBJ-N5-SBJ-N2-HIDE-TR.mp4,Ab|N5|N2|HIDE,N1|N5|N4|Ab|HIDE|REVEAL|N2|PUSH,zsot timó murak zsübe,zsot|timó|murak|zsübe,pekli|timó|dabi|zsot|zsübe|girda|murak|vánta,,,,,,,,,,,,,,,,,,,,,,,,,,,,,,,,,,,,,,,,,,,,,,,,,
,,,,,,,,,,,,,,,,,,,,,,,,,1,,,ALP1102,2001.08.20,2026-04-19_10h21.15.918,BrocantoHPilot1WOSession2,2025.2.4,Win32,59.95203837,,,,,,,,,,,,,,,,,,,,,,,,,,,,,,,,,,,,,,,,,3318.784,chunkTest_s1,0,1,N1-JUMP.mp3,3,2.461,6,1,4.125,6.197,3327.112,0,0,0,5,1,N1-JUMP.mp3,3,,,,,,,,,,,,,,,,,,,,,,,,,,,,,,
,,,,,,,,,,,,,,,,,,,,,,,,,1,,,ALP1102,2001.08.20,2026-04-19_10h21.15.918,BrocantoHPilot1WOSession2,2025.2.4,Win32,59.95203837,,,,,,,,,,,,,,,,,,,,,,,,,,,,,,,,,,,,,,,,,3327.615,chunkTest_s1,1,1,N4-Aa.mp3,0,1.49,6,1,3.231,4.814,3333.473,0,1,1,6,1,N4-Aa.mp3,0,,,,,,,,,,,,,,,,,,,,,,,,,,,,,,
,,,,,,,,,,,,,,,,,,,,,,,,,1,,,ALP1102,2001.08.20,2026-04-19_10h21.15.918,BrocantoHPilot1WOSession2,2025.2.4,Win32,59.95203837,,,,,,,,,,,,,,,,,,,,,,,,,,,,,,,,,,,,,,,,,3334.004,chunkTest_s1,2,1,HIDE-JUMP.mp3,0,112.07,4,2,4.157,149.053,3492.26,0,2,2,14,1,HIDE-JUMP.mp3,0,,,,,,,,,,,,,,,,,,,,,,,,,,,,,,
,,,,,,,,,,,,,,,,,,,,,,,,,1,,,ALP1102,2001.08.20,2026-04-19_10h21.15.918,BrocantoHPilot1WOSession2,2025.2.4,Win32,59.95203837,,,,,,,,,,,,,,,,,,,,,,,,,,,,,,,,,,,,,,,,,3492.827,chunkTest_s1,3,1,N1-N2.mp3,0,0.868,6,1,2.496,94.049,3590.955,0,3,3,18,1,N1-N2.mp3,0,,,,,,,,,,,,,,,,,,,,,,,,,,,,,,
,,,,,,,,,,,,,,,,,,,,,,,,,1,,,ALP1102,2001.08.20,2026-04-19_10h21.15.918,BrocantoHPilot1WOSession2,2025.2.4,Win32,59.95203837,,,,,,,,,,,,,,,,,,,,,,,,,,,,,,,,,,,,,,,,,3591.502,chunkTest_s1,4,1,HIDE-N1.mp3,2,2.276,6,1,3.95,16.555,3609.392,0,4,4,4,1,HIDE-N1.mp3,2,,,,,,,,,,,,,,,,,,,,,,,,,,,,,,
,,,,,,,,,,,,,,,,,,,,,,,,,1,,,ALP1102,2001.08.20,2026-04-19_10h21.15.918,BrocantoHPilot1WOSession2,2025.2.4,Win32,59.95203837,,,,,,,,,,,,,,,,,,,,,,,,,,,,,,,,,,,,,,,,,3609.924,chunkTest_s1,5,1,JUMP-N5.mp3,1,1.107,6,1,3.116,4.399,3620.673,0,5,5,0,1,JUMP-N5.mp3,1,,,,,,,,,,,,,,,,,,,,,,,,,,,,,,
,,,,,,,,,,,,,,,,,,,,,,,,,1,,,ALP1102,2001.08.20,2026-04-19_10h21.15.918,BrocantoHPilot1WOSession2,2025.2.4,Win32,59.95203837,,,,,,,,,,,,,,,,,,,,,,,,,,,,,,,,,,,,,,,,,3621.209,chunkTest_s1,6,1,N4-N2.mp3,0,8.665,6,3,4.265,13.055,3637.204,0,6,6,8,1,N4-N2.mp3,0,,,,,,,,,,,,,,,,,,,,,,,,,,,,,,
,,,,,,,,,,,,,,,,,,,,,,,,,1,,,ALP1102,2001.08.20,2026-04-19_10h21.15.918,BrocantoHPilot1WOSession2,2025.2.4,Win32,59.95203837,,,,,,,,,,,,,,,,,,,,,,,,,,,,,,,,,,,,,,,,,3637.761,chunkTest_s1,7,1,N5-Ab.mp3,3,1.352,1,1,2.748,5.93,3649.504,0,7,7,19,1,N5-Ab.mp3,3,,,,,,,,,,,,,,,,,,,,,,,,,,,,,,
,,,,,,,,,,,,,,,,,,,,,,,,,1,,,ALP1102,2001.08.20,2026-04-19_10h21.15.918,BrocantoHPilot1WOSession2,2025.2.4,Win32,59.95203837,,,,,,,,,,,,,,,,,,,,,,,,,,,,,,,,,,,,,,,,,3650.018,chunkTest_s1,8,1,N5-N3.mp3,19,1.224,6,1,2.844,23.895,3675.905,0,8,8,10,1,N5-N3.mp3,19,,,,,,,,,,,,,,,,,,,,,,,,,,,,,,
,,,,,,,,,,,,,,,,,,,,,,,,,1,,,ALP1102,2001.08.20,2026-04-19_10h21.15.918,BrocantoHPilot1WOSession2,2025.2.4,Win32,59.95203837,,,,,,,,,,,,,,,,,,,,,,,,,,,,,,,,,,,,,,,,,3676.449,chunkTest_s1,9,1,N4-N5.mp3,0,1.061,6,1,2.671,7.296,3684.838,0,9,9,15,1,N4-N5.mp3,0,,,,,,,,,,,,,,,,,,,,,,,,,,,,,,
,,,,,,,,,,,,,,,,,,,,,,,,,1,,,ALP1102,2001.08.20,2026-04-19_10h21.15.918,BrocantoHPilot1WOSession2,2025.2.4,Win32,59.95203837,,,,,,,,,,,,,,,,,,,,,,,,,,,,,,,,,,,,,,,,,3685.371,chunkTest_s1,10,1,N2-N3.mp3,0,4.435,6,3,7.686,10.401,3698.191,0,10,10,3,1,N2-N3.mp3,0,,,,,,,,,,,,,,,,,,,,,,,,,,,,,,
,,,,,,,,,,,,,,,,,,,,,,,,,1,,,ALP1102,2001.08.20,2026-04-19_10h21.15.918,BrocantoHPilot1WOSession2,2025.2.4,Win32,59.95203837,,,,,,,,,,,,,,,,,,,,,,,,,,,,,,,,,,,,,,,,,3698.736,chunkTest_s1,11,1,N2-HIDE.mp3,8,1.125,6,1,2.825,8.122,3710.819,0,11,11,11,1,N2-HIDE.mp3,8,,,,,,,,,,,,,,,,,,,,,,,,,,,,,,
,,,,,,,,,,,,,,,,,,,,,,,,,1,,,ALP1102,2001.08.20,2026-04-19_10h21.15.918,BrocantoHPilot1WOSession2,2025.2.4,Win32,59.95203837,,,,,,,,,,,,,,,,,,,,,,,,,,,,,,,,,,,,,,,,,3711.33,chunkTest_s1,12,1,N1-N1.mp3,0,1.81,1,1,3.683,4.768,3724.938,0,12,12,7,1,N1-N1.mp3,0,,,,,,,,,,,,,,,,,,,,,,,,,,,,,,
,,,,,,,,,,,,,,,,,,,,,,,,,1,,,ALP1102,2001.08.20,2026-04-19_10h21.15.918,BrocantoHPilot1WOSession2,2025.2.4,Win32,59.95203837,,,,,,,,,,,,,,,,,,,,,,,,,,,,,,,,,,,,,,,,,3725.473,chunkTest_s1,13,1,N4-N4.mp3,0,1.219,1,1,2.868,3.916,3732.204,0,13,13,1,1,N4-N4.mp3,0,,,,,,,,,,,,,,,,,,,,,,,,,,,,,,
,,,,,,,,,,,,,,,,,,,,,,,,,1,,,ALP1102,2001.08.20,2026-04-19_10h21.15.918,BrocantoHPilot1WOSession2,2025.2.4,Win32,59.95203837,,,,,,,,,,,,,,,,,,,,,,,,,,,,,,,,,,,,,,,,,3732.736,chunkTest_s1,14,1,PUSH-PUSH.mp3,0,1.171,1,1,2.793,5.118,3742.022,0,14,14,16,1,PUSH-PUSH.mp3,0,,,,,,,,,,,,,,,,,,,,,,,,,,,,,,
,,,,,,,,,,,,,,,,,,,,,,,,,1,,,ALP1102,2001.08.20,2026-04-19_10h21.15.918,BrocantoHPilot1WOSession2,2025.2.4,Win32,59.95203837,,,,,,,,,,,,,,,,,,,,,,,,,,,,,,,,,,,,,,,,,3742.539,chunkTest_s1,15,1,GO-N4.mp3,2,1.051,5,1,2.973,27.224,3770.525,0,15,15,12,1,GO-N4.mp3,2,,,,,,,,,,,,,,,,,,,,,,,,,,,,,,
,,,,,,,,,,,,,,,,,,,,,,,,,1,,,ALP1102,2001.08.20,2026-04-19_10h21.15.918,BrocantoHPilot1WOSession2,2025.2.4,Win32,59.95203837,,,,,,,,,,,,,,,,,,,,,,,,,,,,,,,,,,,,,,,,,3771.048,chunkTest_s1,16,1,REVEAL-N3.mp3,7,1.713,6,1,3.718,11.376,3791.693,0,16,16,13,1,REVEAL-N3.mp3,7,,,,,,,,,,,,,,,,,,,,,,,,,,,,,,
,,,,,,,,,,,,,,,,,,,,,,,,,1,,,ALP1102,2001.08.20,2026-04-19_10h21.15.918,BrocantoHPilot1WOSession2,2025.2.4,Win32,59.95203837,,,,,,,,,,,,,,,,,,,,,,,,,,,,,,,,,,,,,,,,,3792.242,chunkTest_s1,17,1,REVEAL-N4.mp3,6,2.445,6,1,4.108,6.197,3799.094,0,17,17,2,1,REVEAL-N4.mp3,6,,,,,,,,,,,,,,,,,,,,,,,,,,,,,,
,,,,,,,,,,,,,,,,,,,,,,,,,1,,,ALP1102,2001.08.20,2026-04-19_10h21.15.918,BrocantoHPilot1WOSession2,2025.2.4,Win32,59.95203837,,,,,,,,,,,,,,,,,,,,,,,,,,,,,,,,,,,,,,,,,3799.658,chunkTest_s1,18,1,GO-PUSH.mp3,0,0.696,5,1,2.621,17.099,3822.962,0,18,18,17,1,GO-PUSH.mp3,0,,,,,,,,,,,,,,,,,,,,,,,,,,,,,,
,,,,,,,,,,,,,,,,,,,,,,,,,1,,,ALP1102,2001.08.20,2026-04-19_10h21.15.918,BrocantoHPilot1WOSession2,2025.2.4,Win32,59.95203837,,,,,,,,,,,,,,,,,,,,,,,,,,,,,,,,,,,,,,,,,3823.491,chunkTest_s1,19,1,N1-GO.mp3,4,1.118,6,1,3.183,23.149,3855.417,0,19,19,9,1,N1-GO.mp3,4,,,,,,,,,,,,,,,,,,,,,,,,,,,,,,
,,,,,,,,,,,,,,,,,,,,,,,,,1,,,ALP1102,2001.08.20,2026-04-19_10h21.15.918,BrocantoHPilot1WOSession2,2025.2.4,Win32,59.95203837,,,,,,,,,,,,,,,,,,,,,,,,,,,,,,,,,,,,,,,,,3886.976,GJTest_s1,0,1,Ab-SBJ-N2-GO-INTR.mp3,0,1.479,6,1,3.767,33.656,3926.774,,,,,,Ab-SBJ-N2-GO-INTR.mp3,0,0,0,0,7,1,,,,,,,,,,,,,,,,,,,,,,,,,
,,,,,,,,,,,,,,,,,,,,,,,,,1,,,ALP1102,2001.08.20,2026-04-19_10h21.15.918,BrocantoHPilot1WOSession2,2025.2.4,Win32,59.95203837,,,,,,,,,,,,,,,,,,,,,,,,,,,,,,,,,,,,,,,,,3927.31,GJTest_s1,1,1,OBJ-N5-SBJ-N3-HIDE-TR-LOC-N4.mp3,2,0.797,6,1,3.82,9.279,3937.852,,,,,,OBJ-N5-SBJ-N3-HIDE-TR-LOC-N4.mp3,2,0,1,1,3,1,,,,,,,,,,,,,,,,,,,,,,,,,
,,,,,,,,,,,,,,,,,,,,,,,,,1,,,ALP1102,2001.08.20,2026-04-19_10h21.15.918,BrocantoHPilot1WOSession2,2025.2.4,Win32,59.95203837,,,,,,,,,,,,,,,,,,,,,,,,,,,,,,,,,,,,,,,,,3938.435,GJTest_s1,2,1,OBJ-N5-Ab-SBJ-N1-PUSH-TR.mp3,1,2.822,6,1,5.564,12.057,3953.148,,,,,,OBJ-N5-Ab-SBJ-N1-PUSH-TR.mp3,1,0,2,2,1,1,,,,,,,,,,,,,,,,,,,,,,,,,
,,,,,,,,,,,,,,,,,,,,,,,,,1,,,ALP1102,2001.08.20,2026-04-19_10h21.15.918,BrocantoHPilot1WOSession2,2025.2.4,Win32,59.95203837,,,,,,,,,,,,,,,,,,,,,,,,,,,,,,,,,,,,,,,,,3953.66,GJTest_s1,3,1,SBJ-N3-Aa-PUSH-TR.mp3,,0.947,1,1,3.845,17.64,3973.094,,,,,,SBJ-N3-Aa-PUSH-TR.mp3,,0,3,3,18,1,,,,,,,,,,,,,,,,,,,,,,,,,
,,,,,,,,,,,,,,,,,,,,,,,,,1,,,ALP1102,2001.08.20,2026-04-19_10h21.15.918,BrocantoHPilot1WOSession2,2025.2.4,Win32,59.95203837,,,,,,,,,,,,,,,,,,,,,,,,,,,,,,,,,,,,,,,,,3973.629,GJTest_s1,4,1,OBJ-N4-Ab-SBJ-N2-PUSH-TR.mp3,0,4.727,6,2,3.516,18.269,3992.876,,,,,,OBJ-N4-Ab-SBJ-N2-PUSH-TR.mp3,0,0,4,4,6,1,,,,,,,,,,,,,,,,,,,,,,,,,
,,,,,,,,,,,,,,,,,,,,,,,,,1,,,ALP1102,2001.08.20,2026-04-19_10h21.15.918,BrocantoHPilot1WOSession2,2025.2.4,Win32,59.95203837,,,,,,,,,,,,,,,,,,,,,,,,,,,,,,,,,,,,,,,,,3993.386,GJTest_s1,5,1,SBJ-N4-REVEAL-INTR-LOC-N3.mp3,4,0.674,6,1,3.096,10.408,4008.161,,,,,,SBJ-N4-REVEAL-INTR-LOC-N3.mp3,4,0,5,5,2,1,,,,,,,,,,,,,,,,,,,,,,,,,
,,,,,,,,,,,,,,,,,,,,,,,,,1,,,ALP1102,2001.08.20,2026-04-19_10h21.15.918,BrocantoHPilot1WOSession2,2025.2.4,Win32,59.95203837,,,,,,,,,,,,,,,,,,,,,,,,,,,,,,,,,,,,,,,,,4008.665,GJTest_s1,6,1,OBJ-N1-SBJ-N4-Ab-JUMP-INTR.mp3,,4.636,1,2,3.455,27.857,4052.647,,,,,,OBJ-N1-SBJ-N4-Ab-JUMP-INTR.mp3,,0,6,6,15,1,,,,,,,,,,,,,,,,,,,,,,,,,
,,,,,,,,,,,,,,,,,,,,,,,,,1,,,ALP1102,2001.08.20,2026-04-19_10h21.15.918,BrocantoHPilot1WOSession2,2025.2.4,Win32,59.95203837,,,,,,,,,,,,,,,,,,,,,,,,,,,,,,,,,,,,,,,,,4053.2,GJTest_s1,7,1,SBJ-N2-Ab-PUSH-TR.mp3,,7.487,1,2,2.802,15.689,4069.59,,,,,,SBJ-N2-Ab-PUSH-TR.mp3,,0,7,7,16,1,,,,,,,,,,,,,,,,,,,,,,,,,
,,,,,,,,,,,,,,,,,,,,,,,,,1,,,ALP1102,2001.08.20,2026-04-19_10h21.15.918,BrocantoHPilot1WOSession2,2025.2.4,Win32,59.95203837,,,,,,,,,,,,,,,,,,,,,,,,,,,,,,,,,,,,,,,,,4070.146,GJTest_s1,8,1,SBJ-N4-PUSH-TR.mp3,,0.473,1,1,2.146,4.777,4076.347,,,,,,SBJ-N4-PUSH-TR.mp3,,0,8,8,14,1,,,,,,,,,,,,,,,,,,,,,,,,,
,,,,,,,,,,,,,,,,,,,,,,,,,1,,,ALP1102,2001.08.20,2026-04-19_10h21.15.918,BrocantoHPilot1WOSession2,2025.2.4,Win32,59.95203837,,,,,,,,,,,,,,,,,,,,,,,,,,,,,,,,,,,,,,,,,4076.876,GJTest_s1,9,1,Ab-SBJ-N4-JUMP-INTR.mp3,0,0.952,6,1,2.847,23.239,4101.422,,,,,,Ab-SBJ-N4-JUMP-INTR.mp3,0,0,9,9,5,1,,,,,,,,,,,,,,,,,,,,,,,,,
,,,,,,,,,,,,,,,,,,,,,,,,,1,,,ALP1102,2001.08.20,2026-04-19_10h21.15.918,BrocantoHPilot1WOSession2,2025.2.4,Win32,59.95203837,,,,,,,,,,,,,,,,,,,,,,,,,,,,,,,,,,,,,,,,,4101.932,GJTest_s1,10,1,OBJ-N1-SBJ-N5-Ab-JUMP-INTR.mp3,,6.297,2,2,4.466,22.598,4126.721,,,,,,OBJ-N1-SBJ-N5-Ab-JUMP-INTR.mp3,,0,10,10,19,1,,,,,,,,,,,,,,,,,,,,,,,,,
,,,,,,,,,,,,,,,,,,,,,,,,,1,,,ALP1102,2001.08.20,2026-04-19_10h21.15.918,BrocantoHPilot1WOSession2,2025.2.4,Win32,59.95203837,,,,,,,,,,,,,,,,,,,,,,,,,,,,,,,,,,,,,,,,,4127.249,GJTest_s1,11,1,OBJ-N1-SBJ-N2-Ab-GO-INTR.mp3,,6.108,2,2,5.005,16.179,4147.148,,,,,,OBJ-N1-SBJ-N2-Ab-GO-INTR.mp3,,0,11,11,17,1,,,,,,,,,,,,,,,,,,,,,,,,,
,,,,,,,,,,,,,,,,,,,,,,,,,1,,,ALP1102,2001.08.20,2026-04-19_10h21.15.918,BrocantoHPilot1WOSession2,2025.2.4,Win32,59.95203837,,,,,,,,,,,,,,,,,,,,,,,,,,,,,,,,,,,,,,,,,4147.687,GJTest_s1,12,1,Ab-SBJ-N1-PUSH-TR.mp3,,0.653,3,1,3.061,10.592,4158.933,,,,,,Ab-SBJ-N1-PUSH-TR.mp3,,0,12,12,11,1,,,,,,,,,,,,,,,,,,,,,,,,,
,,,,,,,,,,,,,,,,,,,,,,,,,1,,,ALP1102,2001.08.20,2026-04-19_10h21.15.918,BrocantoHPilot1WOSession2,2025.2.4,Win32,59.95203837,,,,,,,,,,,,,,,,,,,,,,,,,,,,,,,,,,,,,,,,,4159.474,GJTest_s1,13,1,SBJ-N3-JUMP-INTR.mp3,6,0.64,6,1,2.45,4.566,4165.197,,,,,,SBJ-N3-JUMP-INTR.mp3,6,0,13,13,0,1,,,,,,,,,,,,,,,,,,,,,,,,,
,,,,,,,,,,,,,,,,,,,,,,,,,1,,,ALP1102,2001.08.20,2026-04-19_10h21.15.918,BrocantoHPilot1WOSession2,2025.2.4,Win32,59.95203837,,,,,,,,,,,,,,,,,,,,,,,,,,,,,,,,,,,,,,,,,4165.703,GJTest_s1,14,1,OBJ-N2-Aa-SBJ-N3-PUSH-TR.mp3,0,1.695,6,1,4.776,8.054,4177.111,,,,,,OBJ-N2-Aa-SBJ-N3-PUSH-TR.mp3,0,0,14,14,8,1,,,,,,,,,,,,,,,,,,,,,,,,,
,,,,,,,,,,,,,,,,,,,,,,,,,1,,,ALP1102,2001.08.20,2026-04-19_10h21.15.918,BrocantoHPilot1WOSession2,2025.2.4,Win32,59.95203837,,,,,,,,,,,,,,,,,,,,,,,,,,,,,,,,,,,,,,,,,4177.631,GJTest_s1,15,1,HIDE-TR-LOC-N4.mp3,,0.984,3,1,3.394,13.372,4191.862,,,,,,HIDE-TR-LOC-N4.mp3,,0,15,15,13,1,,,,,,,,,,,,,,,,,,,,,,,,,
,,,,,,,,,,,,,,,,,,,,,,,,,1,,,ALP1102,2001.08.20,2026-04-19_10h21.15.918,BrocantoHPilot1WOSession2,2025.2.4,Win32,59.95203837,,,,,,,,,,,,,,,,,,,,,,,,,,,,,,,,,,,,,,,,,4192.425,GJTest_s1,16,1,Ab-SBJ-N5-JUMP-INTR.mp3,0,0.705,6,1,2.591,7.599,4201.319,,,,,,Ab-SBJ-N5-JUMP-INTR.mp3,0,0,16,16,9,1,,,,,,,,,,,,,,,,,,,,,,,,,
,,,,,,,,,,,,,,,,,,,,,,,,,1,,,ALP1102,2001.08.20,2026-04-19_10h21.15.918,BrocantoHPilot1WOSession2,2025.2.4,Win32,59.95203837,,,,,,,,,,,,,,,,,,,,,,,,,,,,,,,,,,,,,,,,,4201.822,GJTest_s1,17,1,OBJ-N5-SBJ-N4-PUSH-TR.mp3,5,5.742,6,2,4.073,8.617,4211.576,,,,,,OBJ-N5-SBJ-N4-PUSH-TR.mp3,5,0,17,17,4,1,,,,,,,,,,,,,,,,,,,,,,,,,
,,,,,,,,,,,,,,,,,,,,,,,,,1,,,ALP1102,2001.08.20,2026-04-19_10h21.15.918,BrocantoHPilot1WOSession2,2025.2.4,Win32,59.95203837,,,,,,,,,,,,,,,,,,,,,,,,,,,,,,,,,,,,,,,,,4212.079,GJTest_s1,18,1,SBJ-N4-REVEAL-INTR-LOC-N3-LOC-N1.mp3,,69.617,5,2,4.045,78.905,4291.965,,,,,,SBJ-N4-REVEAL-INTR-LOC-N3-LOC-N1.mp3,,0,18,18,12,1,,,,,,,,,,,,,,,,,,,,,,,,,
,,,,,,,,,,,,,,,,,,,,,,,,,1,,,ALP1102,2001.08.20,2026-04-19_10h21.15.918,BrocantoHPilot1WOSession2,2025.2.4,Win32,59.95203837,,,,,,,,,,,,,,,,,,,,,,,,,,,,,,,,,,,,,,,,,4292.499,GJTest_s1,19,1,OBJ-N1-SBJ-N3-JUMP-INTR.mp3,,0.964,5,1,3.56,19.057,4312.105,,,,,,OBJ-N1-SBJ-N3-JUMP-INTR.mp3,,0,19,19,10,1,,,,,,,,,,,,,,,,,,,,,,,,,
,,,,,,,,,,,,4331.908,2,OBJ-N5-SBJ-N4-PUSH-TR-LOC-N1.mp4,OBJ-N5-SBJ-N4-PUSH-TR-LOC-N1.mp3,4344.843,mouse_continue,12.935,,,,,,,2,OBJ-N5-SBJ-N4-PUSH-TR-LOC-N1.mp4,OBJ-N5-SBJ-N4-PUSH-TR-LOC-N1.mp3,ALP1102,2001.08.20,2026-04-19_10h21.15.918,BrocantoHPilot1WOSession2,2025.2.4,Win32,59.95203837,,,,,,,,,,,,,,,,,,,,,,,,,,,,,,,,,,,,,,,,,,,,,,,,,,,,,,,,,,,,,,,,,0,0,0,0,1,,,,,,,,,,,,,,,,,,,,
,,,,,,,,,,,,4344.844,2,SBJ-N3-REVEAL-INTR-LOC-N2.mp4,SBJ-N3-REVEAL-INTR-LOC-N2.mp3,4351.724,mouse_continue,6.879,,,,,,,2,SBJ-N3-REVEAL-INTR-LOC-N2.mp4,SBJ-N3-REVEAL-INTR-LOC-N2.mp3,ALP1102,2001.08.20,2026-04-19_10h21.15.918,BrocantoHPilot1WOSession2,2025.2.4,Win32,59.95203837,,,,,,,,,,,,,,,,,,,,,,,,,,,,,,,,,,,,,,,,,,,,,,,,,,,,,,,,,,,,,,,,,0,1,1,1,1,,,,,,,,,,,,,,,,,,,,
,,,,,,,,,,,,4351.725,2,OBJ-N5-SBJ-N4-REVEAL-TR-LOC-N1.mp4,OBJ-N5-SBJ-N4-REVEAL-TR-LOC-N1.mp3,4365.573,mouse_continue,13.847,,,,,,,2,OBJ-N5-SBJ-N4-REVEAL-TR-LOC-N1.mp4,OBJ-N5-SBJ-N4-REVEAL-TR-LOC-N1.mp3,ALP1102,2001.08.20,2026-04-19_10h21.15.918,BrocantoHPilot1WOSession2,2025.2.4,Win32,59.95203837,,,,,,,,,,,,,,,,,,,,,,,,,,,,,,,,,,,,,,,,,,,,,,,,,,,,,,,,,,,,,,,,,0,2,2,2,1,,,,,,,,,,,,,,,,,,,,
,,,,,,,,,,,,4365.574,2,SBJ-N5-REVEAL-INTR-LOC-N3.mp4,SBJ-N5-REVEAL-INTR-LOC-N3.mp3,4371.756,mouse_continue,6.182,,,,,,,2,SBJ-N5-REVEAL-INTR-LOC-N3.mp4,SBJ-N5-REVEAL-INTR-LOC-N3.mp3,ALP1102,2001.08.20,2026-04-19_10h21.15.918,BrocantoHPilot1WOSession2,2025.2.4,Win32,59.95203837,,,,,,,,,,,,,,,,,,,,,,,,,,,,,,,,,,,,,,,,,,,,,,,,,,,,,,,,,,,,,,,,,0,3,3,3,1,,,,,,,,,,,,,,,,,,,,
,,,,,,,,,,,,4371.757,2,Ab-SBJ-N1-GO-INTR.mp4,Ab-SBJ-N1-GO-INTR.mp3,4377.745,mouse_continue,5.988,,,,,,,2,Ab-SBJ-N1-GO-INTR.mp4,Ab-SBJ-N1-GO-INTR.mp3,ALP1102,2001.08.20,2026-04-19_10h21.15.918,BrocantoHPilot1WOSession2,2025.2.4,Win32,59.95203837,,,,,,,,,,,,,,,,,,,,,,,,,,,,,,,,,,,,,,,,,,,,,,,,,,,,,,,,,,,,,,,,,0,4,4,4,1,,,,,,,,,,,,,,,,,,,,
,,,,,,,,,,,,4377.746,2,Ab-OBJ-N5-SBJ-N2-HIDE-TR.mp4,Ab-OBJ-N5-SBJ-N2-HIDE-TR.mp3,4386.556,mouse_continue,8.81,,,,,,,2,Ab-OBJ-N5-SBJ-N2-HIDE-TR.mp4,Ab-OBJ-N5-SBJ-N2-HIDE-TR.mp3,ALP1102,2001.08.20,2026-04-19_10h21.15.918,BrocantoHPilot1WOSession2,2025.2.4,Win32,59.95203837,,,,,,,,,,,,,,,,,,,,,,,,,,,,,,,,,,,,,,,,,,,,,,,,,,,,,,,,,,,,,,,,,0,5,5,5,1,,,,,,,,,,,,,,,,,,,,
,,,,,,,,,,,,4386.557,2,Ab-SBJ-N3-HIDE-INTR.mp4,Ab-SBJ-N3-HIDE-INTR.mp3,4392.989,mouse_continue,6.433,,,,,,,2,Ab-SBJ-N3-HIDE-INTR.mp4,Ab-SBJ-N3-HIDE-INTR.mp3,ALP1102,2001.08.20,2026-04-19_10h21.15.918,BrocantoHPilot1WOSession2,2025.2.4,Win32,59.95203837,,,,,,,,,,,,,,,,,,,,,,,,,,,,,,,,,,,,,,,,,,,,,,,,,,,,,,,,,,,,,,,,,0,6,6,6,1,,,,,,,,,,,,,,,,,,,,
,,,,,,,,,,,,4392.991,2,OBJ-N5-SBJ-N4-PUSH-TR-LOC-N1.mp4,OBJ-N5-SBJ-N4-PUSH-TR-LOC-N1.mp3,4400.695,mouse_continue,7.703,,,,,,,2,OBJ-N5-SBJ-N4-PUSH-TR-LOC-N1.mp4,OBJ-N5-SBJ-N4-PUSH-TR-LOC-N1.mp3,ALP1102,2001.08.20,2026-04-19_10h21.15.918,BrocantoHPilot1WOSession2,2025.2.4,Win32,59.95203837,,,,,,,,,,,,,,,,,,,,,,,,,,,,,,,,,,,,,,,,,,,,,,,,,,,,,,,,,,,,,,,,,0,7,7,7,1,,,,,,,,,,,,,,,,,,,,
,,,,,,,,,,,,4400.695,2,OBJ-N5-SBJ-N4-REVEAL-TR.mp4,OBJ-N5-SBJ-N4-REVEAL-TR.mp3,4406.807,mouse_continue,6.112,,,,,,,2,OBJ-N5-SBJ-N4-REVEAL-TR.mp4,OBJ-N5-SBJ-N4-REVEAL-TR.mp3,ALP1102,2001.08.20,2026-04-19_10h21.15.918,BrocantoHPilot1WOSession2,2025.2.4,Win32,59.95203837,,,,,,,,,,,,,,,,,,,,,,,,,,,,,,,,,,,,,,,,,,,,,,,,,,,,,,,,,,,,,,,,,0,8,8,8,1,,,,,,,,,,,,,,,,,,,,
,,,,,,,,,,,,4406.808,2,SBJ-N5-REVEAL-INTR-LOC-N4.mp4,SBJ-N5-REVEAL-INTR-LOC-N4.mp3,4413.341,mouse_continue,6.532,,,,,,,2,SBJ-N5-REVEAL-INTR-LOC-N4.mp4,SBJ-N5-REVEAL-INTR-LOC-N4.mp3,ALP1102,2001.08.20,2026-04-19_10h21.15.918,BrocantoHPilot1WOSession2,2025.2.4,Win32,59.95203837,,,,,,,,,,,,,,,,,,,,,,,,,,,,,,,,,,,,,,,,,,,,,,,,,,,,,,,,,,,,,,,,,0,9,9,9,1,,,,,,,,,,,,,,,,,,,,
,,,,,,,,,,,,4413.341,2,SBJ-N5-GO-INTR.mp4,SBJ-N5-GO-INTR.mp3,4419.013,mouse_continue,5.672,,,,,,,2,SBJ-N5-GO-INTR.mp4,SBJ-N5-GO-INTR.mp3,ALP1102,2001.08.20,2026-04-19_10h21.15.918,BrocantoHPilot1WOSession2,2025.2.4,Win32,59.95203837,,,,,,,,,,,,,,,,,,,,,,,,,,,,,,,,,,,,,,,,,,,,,,,,,,,,,,,,,,,,,,,,,0,10,10,10,1,,,,,,,,,,,,,,,,,,,,
,,,,,,,,,,,,4419.014,2,OBJ-N5-SBJ-N3-HIDE-TR.mp4,OBJ-N5-SBJ-N3-HIDE-TR.mp3,4426.5,mouse_continue,7.485,,,,,,,2,OBJ-N5-SBJ-N3-HIDE-TR.mp4,OBJ-N5-SBJ-N3-HIDE-TR.mp3,ALP1102,2001.08.20,2026-04-19_10h21.15.918,BrocantoHPilot1WOSession2,2025.2.4,Win32,59.95203837,,,,,,,,,,,,,,,,,,,,,,,,,,,,,,,,,,,,,,,,,,,,,,,,,,,,,,,,,,,,,,,,,0,11,11,11,1,,,,,,,,,,,,,,,,,,,,
,,,,,,,,,,,,4426.501,2,OBJ-N5-SBJ-N4-HIDE-TR-LOC-N1.mp4,OBJ-N5-SBJ-N4-HIDE-TR-LOC-N1.mp3,4438.617,mouse_continue,12.116,,,,,,,2,OBJ-N5-SBJ-N4-HIDE-TR-LOC-N1.mp4,OBJ-N5-SBJ-N4-HIDE-TR-LOC-N1.mp3,ALP1102,2001.08.20,2026-04-19_10h21.15.918,BrocantoHPilot1WOSession2,2025.2.4,Win32,59.95203837,,,,,,,,,,,,,,,,,,,,,,,,,,,,,,,,,,,,,,,,,,,,,,,,,,,,,,,,,,,,,,,,,0,12,12,12,1,,,,,,,,,,,,,,,,,,,,
,,,,,,,,,,,,4438.617,2,OBJ-N5-SBJ-N3-PUSH-TR-LOC-N1.mp4,OBJ-N5-SBJ-N3-PUSH-TR-LOC-N1.mp3,4463.506,mouse_continue,24.889,,,,,,,2,OBJ-N5-SBJ-N3-PUSH-TR-LOC-N1.mp4,OBJ-N5-SBJ-N3-PUSH-TR-LOC-N1.mp3,ALP1102,2001.08.20,2026-04-19_10h21.15.918,BrocantoHPilot1WOSession2,2025.2.4,Win32,59.95203837,,,,,,,,,,,,,,,,,,,,,,,,,,,,,,,,,,,,,,,,,,,,,,,,,,,,,,,,,,,,,,,,,0,13,13,13,1,,,,,,,,,,,,,,,,,,,,
,,,,,,,,,,,,4463.508,2,OBJ-N5-Ab-SBJ-N2-REVEAL-TR.mp4,OBJ-N5-Ab-SBJ-N2-REVEAL-TR.mp3,4469.432,mouse_continue,5.925,,,,,,,2,OBJ-N5-Ab-SBJ-N2-REVEAL-TR.mp4,OBJ-N5-Ab-SBJ-N2-REVEAL-TR.mp3,ALP1102,2001.08.20,2026-04-19_10h21.15.918,BrocantoHPilot1WOSession2,2025.2.4,Win32,59.95203837,,,,,,,,,,,,,,,,,,,,,,,,,,,,,,,,,,,,,,,,,,,,,,,,,,,,,,,,,,,,,,,,,0,14,14,14,1,,,,,,,,,,,,,,,,,,,,
,,,,,,,,,,,,4469.433,2,SBJ-N4-JUMP-INTR.mp4,SBJ-N4-JUMP-INTR.mp3,4475.864,mouse_continue,6.43,,,,,,,2,SBJ-N4-JUMP-INTR.mp4,SBJ-N4-JUMP-INTR.mp3,ALP1102,2001.08.20,2026-04-19_10h21.15.918,BrocantoHPilot1WOSession2,2025.2.4,Win32,59.95203837,,,,,,,,,,,,,,,,,,,,,,,,,,,,,,,,,,,,,,,,,,,,,,,,,,,,,,,,,,,,,,,,,0,15,15,15,1,,,,,,,,,,,,,,,,,,,,
,,,,,,,,,,,,4475.865,2,Ab-SBJ-N4-JUMP-INTR.mp4,Ab-SBJ-N4-JUMP-INTR.mp3,4481.406,mouse_continue,5.542,,,,,,,2,Ab-SBJ-N4-JUMP-INTR.mp4,Ab-SBJ-N4-JUMP-INTR.mp3,ALP1102,2001.08.20,2026-04-19_10h21.15.918,BrocantoHPilot1WOSession2,2025.2.4,Win32,59.95203837,,,,,,,,,,,,,,,,,,,,,,,,,,,,,,,,,,,,,,,,,,,,,,,,,,,,,,,,,,,,,,,,,0,16,16,16,1,,,,,,,,,,,,,,,,,,,,
,,,,,,,,,,,,4481.407,2,SBJ-N4-GO-INTR-LOC-N1.mp4,SBJ-N4-GO-INTR-LOC-N1.mp3,4549.885,mouse_continue,68.479,,,,,,,2,SBJ-N4-GO-INTR-LOC-N1.mp4,SBJ-N4-GO-INTR-LOC-N1.mp3,ALP1102,2001.08.20,2026-04-19_10h21.15.918,BrocantoHPilot1WOSession2,2025.2.4,Win32,59.95203837,,,,,,,,,,,,,,,,,,,,,,,,,,,,,,,,,,,,,,,,,,,,,,,,,,,,,,,,,,,,,,,,,0,17,17,17,1,,,,,,,,,,,,,,,,,,,,
,,,,,,,,,,,,4549.887,2,SBJ-N3-HIDE-INTR-LOC-N5.mp4,SBJ-N3-HIDE-INTR-LOC-N5.mp3,4559.695,mouse_continue,9.807,,,,,,,2,SBJ-N3-HIDE-INTR-LOC-N5.mp4,SBJ-N3-HIDE-INTR-LOC-N5.mp3,ALP1102,2001.08.20,2026-04-19_10h21.15.918,BrocantoHPilot1WOSession2,2025.2.4,Win32,59.95203837,,,,,,,,,,,,,,,,,,,,,,,,,,,,,,,,,,,,,,,,,,,,,,,,,,,,,,,,,,,,,,,,,0,18,18,18,1,,,,,,,,,,,,,,,,,,,,
,,,,,,,,,,,,4559.697,2,SBJ-N1-JUMP-INTR-LOC-N2.mp4,SBJ-N1-JUMP-INTR-LOC-N2.mp3,4568.146,mouse_continue,8.449,,,,,,,2,SBJ-N1-JUMP-INTR-LOC-N2.mp4,SBJ-N1-JUMP-INTR-LOC-N2.mp3,ALP1102,2001.08.20,2026-04-19_10h21.15.918,BrocantoHPilot1WOSession2,2025.2.4,Win32,59.95203837,,,,,,,,,,,,,,,,,,,,,,,,,,,,,,,,,,,,,,,,,,,,,,,,,,,,,,,,,,,,,,,,,0,19,19,19,1,,,,,,,,,,,,,,,,,,,,
,,,,,,,,,,,,4568.147,2,OBJ-N5-Ab-SBJ-N4-REVEAL-TR.mp4,OBJ-N5-Ab-SBJ-N4-REVEAL-TR.mp3,4576.999,mouse_continue,8.852,,,,,,,2,OBJ-N5-Ab-SBJ-N4-REVEAL-TR.mp4,OBJ-N5-Ab-SBJ-N4-REVEAL-TR.mp3,ALP1102,2001.08.20,2026-04-19_10h21.15.918,BrocantoHPilot1WOSession2,2025.2.4,Win32,59.95203837,,,,,,,,,,,,,,,,,,,,,,,,,,,,,,,,,,,,,,,,,,,,,,,,,,,,,,,,,,,,,,,,,0,20,20,20,1,,,,,,,,,,,,,,,,,,,,
,,,,,,,,,,,,4576.999,2,OBJ-N5-SBJ-N3-HIDE-TR-LOC-N2.mp4,OBJ-N5-SBJ-N3-HIDE-TR-LOC-N2.mp3,4590.502,mouse_continue,13.502,,,,,,,2,OBJ-N5-SBJ-N3-HIDE-TR-LOC-N2.mp4,OBJ-N5-SBJ-N3-HIDE-TR-LOC-N2.mp3,ALP1102,2001.08.20,2026-04-19_10h21.15.918,BrocantoHPilot1WOSession2,2025.2.4,Win32,59.95203837,,,,,,,,,,,,,,,,,,,,,,,,,,,,,,,,,,,,,,,,,,,,,,,,,,,,,,,,,,,,,,,,,0,21,21,21,1,,,,,,,,,,,,,,,,,,,,
,,,,,,,,,,,,4590.504,2,Ab-SBJ-N5-REVEAL-INTR-Ab-LOC-N4.mp4,Ab-SBJ-N5-REVEAL-INTR-Ab-LOC-N4.mp3,4613.811,mouse_continue,23.307,,,,,,,2,Ab-SBJ-N5-REVEAL-INTR-Ab-LOC-N4.mp4,Ab-SBJ-N5-REVEAL-INTR-Ab-LOC-N4.mp3,ALP1102,2001.08.20,2026-04-19_10h21.15.918,BrocantoHPilot1WOSession2,2025.2.4,Win32,59.95203837,,,,,,,,,,,,,,,,,,,,,,,,,,,,,,,,,,,,,,,,,,,,,,,,,,,,,,,,,,,,,,,,,0,22,22,22,1,,,,,,,,,,,,,,,,,,,,
,,,,,,,,,,,,4613.812,2,OBJ-N5-Ab-SBJ-N4-PUSH-TR-Ab-LOC-N2.mp4,OBJ-N5-Ab-SBJ-N4-PUSH-TR-Ab-LOC-N2.mp3,4644.977,mouse_continue,31.165,,,,,,,2,OBJ-N5-Ab-SBJ-N4-PUSH-TR-Ab-LOC-N2.mp4,OBJ-N5-Ab-SBJ-N4-PUSH-TR-Ab-LOC-N2.mp3,ALP1102,2001.08.20,2026-04-19_10h21.15.918,BrocantoHPilot1WOSession2,2025.2.4,Win32,59.95203837,,,,,,,,,,,,,,,,,,,,,,,,,,,,,,,,,,,,,,,,,,,,,,,,,,,,,,,,,,,,,,,,,0,23,23,23,1,,,,,,,,,,,,,,,,,,,,
,,,,,,,,,,,,4644.978,2,OBJ-N5-Ab-SBJ-N2-REVEAL-TR-LOC-N4.mp4,OBJ-N5-Ab-SBJ-N2-REVEAL-TR-LOC-N4.mp3,4678.235,mouse_continue,33.257,,,,,,,2,OBJ-N5-Ab-SBJ-N2-REVEAL-TR-LOC-N4.mp4,OBJ-N5-Ab-SBJ-N2-REVEAL-TR-LOC-N4.mp3,ALP1102,2001.08.20,2026-04-19_10h21.15.918,BrocantoHPilot1WOSession2,2025.2.4,Win32,59.95203837,,,,,,,,,,,,,,,,,,,,,,,,,,,,,,,,,,,,,,,,,,,,,,,,,,,,,,,,,,,,,,,,,0,24,24,24,1,,,,,,,,,,,,,,,,,,,,
,,,,,,,,,,,,4678.238,2,SBJ-N5-REVEAL-INTR-LOC-N3.mp4,SBJ-N5-REVEAL-INTR-LOC-N3.mp3,4688.256,mouse_continue,10.019,,,,,,,2,SBJ-N5-REVEAL-INTR-LOC-N3.mp4,SBJ-N5-REVEAL-INTR-LOC-N3.mp3,ALP1102,2001.08.20,2026-04-19_10h21.15.918,BrocantoHPilot1WOSession2,2025.2.4,Win32,59.95203837,,,,,,,,,,,,,,,,,,,,,,,,,,,,,,,,,,,,,,,,,,,,,,,,,,,,,,,,,,,,,,,,,0,25,25,25,1,,,,,,,,,,,,,,,,,,,,
,,,,,,,,,,,,4688.256,2,OBJ-N5-SBJ-N1-PUSH-TR.mp4,OBJ-N5-SBJ-N1-PUSH-TR.mp3,4694.446,mouse_continue,6.19,,,,,,,2,OBJ-N5-SBJ-N1-PUSH-TR.mp4,OBJ-N5-SBJ-N1-PUSH-TR.mp3,ALP1102,2001.08.20,2026-04-19_10h21.15.918,BrocantoHPilot1WOSession2,2025.2.4,Win32,59.95203837,,,,,,,,,,,,,,,,,,,,,,,,,,,,,,,,,,,,,,,,,,,,,,,,,,,,,,,,,,,,,,,,,0,26,26,26,1,,,,,,,,,,,,,,,,,,,,
,,,,,,,,,,,,4694.448,2,SBJ-N1-GO-INTR.mp4,SBJ-N1-GO-INTR.mp3,4699.963,mouse_continue,5.514,,,,,,,2,SBJ-N1-GO-INTR.mp4,SBJ-N1-GO-INTR.mp3,ALP1102,2001.08.20,2026-04-19_10h21.15.918,BrocantoHPilot1WOSession2,2025.2.4,Win32,59.95203837,,,,,,,,,,,,,,,,,,,,,,,,,,,,,,,,,,,,,,,,,,,,,,,,,,,,,,,,,,,,,,,,,0,27,27,27,1,,,,,,,,,,,,,,,,,,,,
,,,,,,,,,,,,4699.963,2,OBJ-N5-SBJ-N1-REVEAL-TR-LOC-N2.mp4,OBJ-N5-SBJ-N1-REVEAL-TR-LOC-N2.mp3,4707.064,mouse_continue,7.1,,,,,,,2,OBJ-N5-SBJ-N1-REVEAL-TR-LOC-N2.mp4,OBJ-N5-SBJ-N1-REVEAL-TR-LOC-N2.mp3,ALP1102,2001.08.20,2026-04-19_10h21.15.918,BrocantoHPilot1WOSession2,2025.2.4,Win32,59.95203837,,,,,,,,,,,,,,,,,,,,,,,,,,,,,,,,,,,,,,,,,,,,,,,,,,,,,,,,,,,,,,,,,0,28,28,28,1,,,,,,,,,,,,,,,,,,,,
,,,,,,,,,,,,4707.064,2,Ab-SBJ-N4-REVEAL-INTR-Ab-LOC-N5.mp4,Ab-SBJ-N4-REVEAL-INTR-Ab-LOC-N5.mp3,4715.715,mouse_continue,8.651,,,,,,,2,Ab-SBJ-N4-REVEAL-INTR-Ab-LOC-N5.mp4,Ab-SBJ-N4-REVEAL-INTR-Ab-LOC-N5.mp3,ALP1102,2001.08.20,2026-04-19_10h21.15.918,BrocantoHPilot1WOSession2,2025.2.4,Win32,59.95203837,,,,,,,,,,,,,,,,,,,,,,,,,,,,,,,,,,,,,,,,,,,,,,,,,,,,,,,,,,,,,,,,,0,29,29,29,1,,,,,,,,,,,,,,,,,,,,
,,,,,,,,,,,,4715.715,2,OBJ-N5-SBJ-N4-HIDE-TR-Ab-LOC-N1.mp4,OBJ-N5-SBJ-N4-HIDE-TR-Ab-LOC-N1.mp3,4723.723,mouse_continue,8.008,,,,,,,2,OBJ-N5-SBJ-N4-HIDE-TR-Ab-LOC-N1.mp4,OBJ-N5-SBJ-N4-HIDE-TR-Ab-LOC-N1.mp3,ALP1102,2001.08.20,2026-04-19_10h21.15.918,BrocantoHPilot1WOSession2,2025.2.4,Win32,59.95203837,,,,,,,,,,,,,,,,,,,,,,,,,,,,,,,,,,,,,,,,,,,,,,,,,,,,,,,,,,,,,,,,,0,30,30,30,1,,,,,,,,,,,,,,,,,,,,
,,,,,,,,,,,,4723.723,2,OBJ-N5-Ab-SBJ-N2-REVEAL-TR.mp4,OBJ-N5-Ab-SBJ-N2-REVEAL-TR.mp3,4730.983,mouse_continue,7.26,,,,,,,2,OBJ-N5-Ab-SBJ-N2-REVEAL-TR.mp4,OBJ-N5-Ab-SBJ-N2-REVEAL-TR.mp3,ALP1102,2001.08.20,2026-04-19_10h21.15.918,BrocantoHPilot1WOSession2,2025.2.4,Win32,59.95203837,,,,,,,,,,,,,,,,,,,,,,,,,,,,,,,,,,,,,,,,,,,,,,,,,,,,,,,,,,,,,,,,,0,31,31,31,1,,,,,,,,,,,,,,,,,,,,
,,,,,,,,,,,,4730.985,2,Ab-SBJ-N1-HIDE-INTR.mp4,Ab-SBJ-N1-HIDE-INTR.mp3,4738.383,mouse_continue,7.399,,,,,,,2,Ab-SBJ-N1-HIDE-INTR.mp4,Ab-SBJ-N1-HIDE-INTR.mp3,ALP1102,2001.08.20,2026-04-19_10h21.15.918,BrocantoHPilot1WOSession2,2025.2.4,Win32,59.95203837,,,,,,,,,,,,,,,,,,,,,,,,,,,,,,,,,,,,,,,,,,,,,,,,,,,,,,,,,,,,,,,,,0,32,32,32,1,,,,,,,,,,,,,,,,,,,,
,,,,,,,,,,,,4738.384,2,OBJ-N5-SBJ-N4-HIDE-TR-LOC-N2.mp4,OBJ-N5-SBJ-N4-HIDE-TR-LOC-N2.mp3,4744.659,mouse_continue,6.274,,,,,,,2,OBJ-N5-SBJ-N4-HIDE-TR-LOC-N2.mp4,OBJ-N5-SBJ-N4-HIDE-TR-LOC-N2.mp3,ALP1102,2001.08.20,2026-04-19_10h21.15.918,BrocantoHPilot1WOSession2,2025.2.4,Win32,59.95203837,,,,,,,,,,,,,,,,,,,,,,,,,,,,,,,,,,,,,,,,,,,,,,,,,,,,,,,,,,,,,,,,,0,33,33,33,1,,,,,,,,,,,,,,,,,,,,
,,,,,,,,,,,,4744.659,2,SBJ-N4-JUMP-INTR.mp4,SBJ-N4-JUMP-INTR.mp3,4752.408,mouse_continue,7.749,,,,,,,2,SBJ-N4-JUMP-INTR.mp4,SBJ-N4-JUMP-INTR.mp3,ALP1102,2001.08.20,2026-04-19_10h21.15.918,BrocantoHPilot1WOSession2,2025.2.4,Win32,59.95203837,,,,,,,,,,,,,,,,,,,,,,,,,,,,,,,,,,,,,,,,,,,,,,,,,,,,,,,,,,,,,,,,,0,34,34,34,1,,,,,,,,,,,,,,,,,,,,
,,,,,,,,,,,,4752.409,2,OBJ-N5-SBJ-N1-PUSH-TR.mp4,OBJ-N5-SBJ-N1-PUSH-TR.mp3,4760.966,mouse_continue,8.558,,,,,,,2,OBJ-N5-SBJ-N1-PUSH-TR.mp4,OBJ-N5-SBJ-N1-PUSH-TR.mp3,ALP1102,2001.08.20,2026-04-19_10h21.15.918,BrocantoHPilot1WOSession2,2025.2.4,Win32,59.95203837,,,,,,,,,,,,,,,,,,,,,,,,,,,,,,,,,,,,,,,,,,,,,,,,,,,,,,,,,,,,,,,,,0,35,35,35,1,,,,,,,,,,,,,,,,,,,,
,,,,,,,,,,,,4760.968,2,Ab-SBJ-N4-GO-INTR.mp4,Ab-SBJ-N4-GO-INTR.mp3,4766.455,mouse_continue,5.487,,,,,,,2,Ab-SBJ-N4-GO-INTR.mp4,Ab-SBJ-N4-GO-INTR.mp3,ALP1102,2001.08.20,2026-04-19_10h21.15.918,BrocantoHPilot1WOSession2,2025.2.4,Win32,59.95203837,,,,,,,,,,,,,,,,,,,,,,,,,,,,,,,,,,,,,,,,,,,,,,,,,,,,,,,,,,,,,,,,,0,36,36,36,1,,,,,,,,,,,,,,,,,,,,
,,,,,,,,,,,,4766.456,2,Ab-SBJ-N2-HIDE-INTR-LOC-N1.mp4,Ab-SBJ-N2-HIDE-INTR-LOC-N1.mp3,4774.423,mouse_continue,7.966,,,,,,,2,Ab-SBJ-N2-HIDE-INTR-LOC-N1.mp4,Ab-SBJ-N2-HIDE-INTR-LOC-N1.mp3,ALP1102,2001.08.20,2026-04-19_10h21.15.918,BrocantoHPilot1WOSession2,2025.2.4,Win32,59.95203837,,,,,,,,,,,,,,,,,,,,,,,,,,,,,,,,,,,,,,,,,,,,,,,,,,,,,,,,,,,,,,,,,0,37,37,37,1,,,,,,,,,,,,,,,,,,,,
,,,,,,,,,,,,4774.424,2,Ab-SBJ-N3-JUMP-INTR-Ab-LOC-N4.mp4,Ab-SBJ-N3-JUMP-INTR-Ab-LOC-N4.mp3,4800.34,mouse_continue,25.915,,,,,,,2,Ab-SBJ-N3-JUMP-INTR-Ab-LOC-N4.mp4,Ab-SBJ-N3-JUMP-INTR-Ab-LOC-N4.mp3,ALP1102,2001.08.20,2026-04-19_10h21.15.918,BrocantoHPilot1WOSession2,2025.2.4,Win32,59.95203837,,,,,,,,,,,,,,,,,,,,,,,,,,,,,,,,,,,,,,,,,,,,,,,,,,,,,,,,,,,,,,,,,0,38,38,38,1,,,,,,,,,,,,,,,,,,,,
,,,,,,,,,,,,4800.341,2,Aa-SBJ-N4-GO-INTR-Aa-LOC-N5.mp4,Aa-SBJ-N4-GO-INTR-Aa-LOC-N5.mp3,4810.156,mouse_continue,9.815,,,,,,,2,Aa-SBJ-N4-GO-INTR-Aa-LOC-N5.mp4,Aa-SBJ-N4-GO-INTR-Aa-LOC-N5.mp3,ALP1102,2001.08.20,2026-04-19_10h21.15.918,BrocantoHPilot1WOSession2,2025.2.4,Win32,59.95203837,,,,,,,,,,,,,,,,,,,,,,,,,,,,,,,,,,,,,,,,,,,,,,,,,,,,,,,,,,,,,,,,,0,39,39,39,1,,,,,,,,,,,,,,,,,,,,
,,,,,,,,,,,,4810.157,2,OBJ-N5-SBJ-N2-PUSH-TR-Ab-LOC-N4.mp4,OBJ-N5-SBJ-N2-PUSH-TR-Ab-LOC-N4.mp3,4817.271,mouse_continue,7.113,,,,,,,2,OBJ-N5-SBJ-N2-PUSH-TR-Ab-LOC-N4.mp4,OBJ-N5-SBJ-N2-PUSH-TR-Ab-LOC-N4.mp3,ALP1102,2001.08.20,2026-04-19_10h21.15.918,BrocantoHPilot1WOSession2,2025.2.4,Win32,59.95203837,,,,,,,,,,,,,,,,,,,,,,,,,,,,,,,,,,,,,,,,,,,,,,,,,,,,,,,,,,,,,,,,,0,40,40,40,1,,,,,,,,,,,,,,,,,,,,
,,,,,,,,,,,,4817.271,2,OBJ-N5-SBJ-N4-REVEAL-TR.mp4,OBJ-N5-SBJ-N4-REVEAL-TR.mp3,4823.906,mouse_continue,6.635,,,,,,,2,OBJ-N5-SBJ-N4-REVEAL-TR.mp4,OBJ-N5-SBJ-N4-REVEAL-TR.mp3,ALP1102,2001.08.20,2026-04-19_10h21.15.918,BrocantoHPilot1WOSession2,2025.2.4,Win32,59.95203837,,,,,,,,,,,,,,,,,,,,,,,,,,,,,,,,,,,,,,,,,,,,,,,,,,,,,,,,,,,,,,,,,0,41,41,41,1,,,,,,,,,,,,,,,,,,,,
,,,,,,,,,,,,,,,,,,,,,,,,,2,,,ALP1102,2001.08.20,2026-04-19_10h21.15.918,BrocantoHPilot1WOSession2,2025.2.4,Win32,59.95203837,4849.997,2,2,2,18.776,1,18.601,18.776,4870.968,,,,,,SBJ-N3-REVEAL-INTR-LOC-N5.mp3,SBJ-N3-REVEAL-INTR-LOC-N5.mp4,SBJ-N3-JUMP-INTR-LOC-N5.mp4,,,,,,,,,,,,,,,,,,,,,,,,,,,,,,,,,,,,,,,,,,,,,,,,,,,,,0,0,0,0,1,,,,,,,,,,,,,,,
,,,,,,,,,,,,,,,,,,,,,,,,,2,,,ALP1102,2001.08.20,2026-04-19_10h21.15.918,BrocantoHPilot1WOSession2,2025.2.4,Win32,59.95203837,4870.968,2,2,2,32.909,1,32.438,32.909,4905.816,,,,,,OBJ-N5-SBJ-N4-PUSH-TR-LOC-N2.mp3,OBJ-N5-SBJ-N4-PUSH-TR-LOC-N2.mp4,OBJ-N4-SBJ-N5-REVEAL-TR-LOC-N2.mp4,,,,,,,,,,,,,,,,,,,,,,,,,,,,,,,,,,,,,,,,,,,,,,,,,,,,,0,1,1,1,1,,,,,,,,,,,,,,,
,,,,,,,,,,,,,,,,,,,,,,,,,2,,,ALP1102,2001.08.20,2026-04-19_10h21.15.918,BrocantoHPilot1WOSession2,2025.2.4,Win32,59.95203837,4905.817,2,1,1,38.256,1,21.264,38.256,4946.121,,,,,,OBJ-N5-SBJ-N4-HIDE-TR-LOC-N3.mp3,OBJ-N5-SBJ-N4-HIDE-TR-LOC-N3.mp4,OBJ-N5-SBJ-N3-HIDE-TR-LOC-N4.mp4,,,,,,,,,,,,,,,,,,,,,,,,,,,,,,,,,,,,,,,,,,,,,,,,,,,,,0,2,2,2,1,,,,,,,,,,,,,,,
,,,,,,,,,,,,,,,,,,,,,,,,,2,,,ALP1102,2001.08.20,2026-04-19_10h21.15.918,BrocantoHPilot1WOSession2,2025.2.4,Win32,59.95203837,4946.122,2,1,1,17.391,1,15.842,17.391,4966.744,,,,,,SBJ-N1-REVEAL-INTR-LOC-N2.mp3,SBJ-N1-REVEAL-INTR-LOC-N2.mp4,SBJ-N1-HIDE-INTR-LOC-N2.mp4,,,,,,,,,,,,,,,,,,,,,,,,,,,,,,,,,,,,,,,,,,,,,,,,,,,,,0,3,3,3,1,,,,,,,,,,,,,,,
,,,,,,,,,,,,,,,,,,,,,,,,,2,,,ALP1102,2001.08.20,2026-04-19_10h21.15.918,BrocantoHPilot1WOSession2,2025.2.4,Win32,59.95203837,4966.745,2,2,2,15.658,1,15.352,15.658,4984.439,,,,,,OBJ-N5-SBJ-N4-REVEAL-TR.mp3,OBJ-N5-SBJ-N4-REVEAL-TR.mp4,OBJ-N4-SBJ-N5-PUSH-TR.mp4,,,,,,,,,,,,,,,,,,,,,,,,,,,,,,,,,,,,,,,,,,,,,,,,,,,,,0,4,4,4,1,,,,,,,,,,,,,,,
,,,,,,,,,,,,,,,,,,,,,,,,,2,,,ALP1102,2001.08.20,2026-04-19_10h21.15.918,BrocantoHPilot1WOSession2,2025.2.4,Win32,59.95203837,4984.441,2,2,2,18.889,1,18.952,18.889,5005.122,,,,,,SBJ-N2-GO-INTR.mp3,SBJ-N2-GO-INTR.mp4,SBJ-N2-REVEAL-INTR.mp4,,,,,,,,,,,,,,,,,,,,,,,,,,,,,,,,,,,,,,,,,,,,,,,,,,,,,0,5,5,5,1,,,,,,,,,,,,,,,
,,,,,,,,,,,,,,,,,,,,,,,,,2,,,ALP1102,2001.08.20,2026-04-19_10h21.15.918,BrocantoHPilot1WOSession2,2025.2.4,Win32,59.95203837,5005.122,2,1,1,13.035,1,12.854,13.035,5019.789,,,,,,SBJ-N5-JUMP-INTR.mp3,SBJ-N5-JUMP-INTR.mp4,SBJ-N5-HIDE-INTR.mp4,,,,,,,,,,,,,,,,,,,,,,,,,,,,,,,,,,,,,,,,,,,,,,,,,,,,,0,6,6,6,1,,,,,,,,,,,,,,,
,,,,,,,,,,,,,,,,,,,,,,,,,2,,,ALP1102,2001.08.20,2026-04-19_10h21.15.918,BrocantoHPilot1WOSession2,2025.2.4,Win32,59.95203837,5019.79,2,2,2,15.25,1,14.968,15.25,5040.058,,,,,,OBJ-N5-SBJ-N1-PUSH-TR-LOC-N2.mp3,OBJ-N5-SBJ-N1-PUSH-TR-LOC-N2.mp4,OBJ-N5-SBJ-N2-PUSH-TR-LOC-N1.mp4,,,,,,,,,,,,,,,,,,,,,,,,,,,,,,,,,,,,,,,,,,,,,,,,,,,,,0,7,7,7,1,,,,,,,,,,,,,,,
,,,,,,,,,,,,,,,,,,,,,,,,,2,,,ALP1102,2001.08.20,2026-04-19_10h21.15.918,BrocantoHPilot1WOSession2,2025.2.4,Win32,59.95203837,5040.059,2,1,1,18.847,1,15.73,18.847,5061.188,,,,,,SBJ-N1-REVEAL-INTR-LOC-N3.mp3,SBJ-N1-REVEAL-INTR-LOC-N3.mp4,SBJ-N3-JUMP-INTR-LOC-N1.mp4,,,,,,,,,,,,,,,,,,,,,,,,,,,,,,,,,,,,,,,,,,,,,,,,,,,,,0,8,8,8,1,,,,,,,,,,,,,,,
,,,,,,,,,,,,,,,,,,,,,,,,,2,,,ALP1102,2001.08.20,2026-04-19_10h21.15.918,BrocantoHPilot1WOSession2,2025.2.4,Win32,59.95203837,5061.189,2,1,1,28.351,1,17.502,28.351,5091.389,,,,,,Ab-OBJ-N5-SBJ-N1-REVEAL-TR.mp3,Ab-OBJ-N5-SBJ-N1-REVEAL-TR.mp4,Aa-OBJ-N5-SBJ-N1-HIDE-TR.mp4,,,,,,,,,,,,,,,,,,,,,,,,,,,,,,,,,,,,,,,,,,,,,,,,,,,,,0,9,9,9,1,,,,,,,,,,,,,,,
,,,,,,,,,,,,,,,,,,,,,,,,,2,,,ALP1102,2001.08.20,2026-04-19_10h21.15.918,BrocantoHPilot1WOSession2,2025.2.4,Win32,59.95203837,5091.389,2,1,1,16.824,1,16.925,16.824,5110.214,,,,,,Ab-SBJ-N2-HIDE-INTR.mp3,Ab-SBJ-N2-HIDE-INTR.mp4,Aa-SBJ-N2-HIDE-INTR.mp4,,,,,,,,,,,,,,,,,,,,,,,,,,,,,,,,,,,,,,,,,,,,,,,,,,,,,0,10,10,10,1,,,,,,,,,,,,,,,
,,,,,,,,,,,,,,,,,,,,,,,,,2,,,ALP1102,2001.08.20,2026-04-19_10h21.15.918,BrocantoHPilot1WOSession2,2025.2.4,Win32,59.95203837,5110.215,2,1,1,30.541,1,19.074,30.541,5142.713,,,,,,OBJ-N5-SBJ-N1-HIDE-TR-LOC-N2.mp3,OBJ-N5-SBJ-N1-HIDE-TR-LOC-N2.mp4,OBJ-N2-SBJ-N1-HIDE-TR-LOC-N5.mp4,,,,,,,,,,,,,,,,,,,,,,,,,,,,,,,,,,,,,,,,,,,,,,,,,,,,,0,11,11,11,1,,,,,,,,,,,,,,,
,,,,,,,,,,,,,,,,,,,,,,,,,2,,,ALP1102,2001.08.20,2026-04-19_10h21.15.918,BrocantoHPilot1WOSession2,2025.2.4,Win32,59.95203837,5142.714,2,2,2,27.992,1,18.136,27.992,5172.517,,,,,,OBJ-N5-Ab-SBJ-N1-HIDE-TR.mp3,OBJ-N5-Ab-SBJ-N1-HIDE-TR.mp4,Aa-OBJ-N1-SBJ-N5-HIDE-TR.mp4,,,,,,,,,,,,,,,,,,,,,,,,,,,,,,,,,,,,,,,,,,,,,,,,,,,,,0,12,12,12,1,,,,,,,,,,,,,,,
,,,,,,,,,,,,,,,,,,,,,,,,,2,,,ALP1102,2001.08.20,2026-04-19_10h21.15.918,BrocantoHPilot1WOSession2,2025.2.4,Win32,59.95203837,5172.518,2,2,2,14.688,1,14.888,14.688,5189.167,,,,,,OBJ-N5-Ab-SBJ-N1-REVEAL-TR.mp3,OBJ-N5-Ab-SBJ-N1-REVEAL-TR.mp4,OBJ-N5-Aa-SBJ-N1-PUSH-TR.mp4,,,,,,,,,,,,,,,,,,,,,,,,,,,,,,,,,,,,,,,,,,,,,,,,,,,,,0,13,13,13,1,,,,,,,,,,,,,,,
,,,,,,,,,,,,,,,,,,,,,,,,,2,,,ALP1102,2001.08.20,2026-04-19_10h21.15.918,BrocantoHPilot1WOSession2,2025.2.4,Win32,59.95203837,5189.167,2,1,1,16.556,1,16.489,16.556,5207.74,,,,,,OBJ-N5-SBJ-N4-PUSH-TR-LOC-N1.mp3,OBJ-N5-SBJ-N4-PUSH-TR-LOC-N1.mp4,OBJ-N4-SBJ-N5-HIDE-TR-LOC-N1.mp4,,,,,,,,,,,,,,,,,,,,,,,,,,,,,,,,,,,,,,,,,,,,,,,,,,,,,0,14,14,14,1,,,,,,,,,,,,,,,
,,,,,,,,,,,,,,,,,,,,,,,,,2,,,ALP1102,2001.08.20,2026-04-19_10h21.15.918,BrocantoHPilot1WOSession2,2025.2.4,Win32,59.95203837,5207.741,2,2,2,31.831,1,17.644,31.831,5241.432,,,,,,Ab-SBJ-N2-GO-INTR.mp3,Ab-SBJ-N2-GO-INTR.mp4,Aa-SBJ-N2-GO-INTR.mp4,,,,,,,,,,,,,,,,,,,,,,,,,,,,,,,,,,,,,,,,,,,,,,,,,,,,,0,15,15,15,1,,,,,,,,,,,,,,,
,,,,,,,,,,,,,,,,,,,,,,,,,2,,,ALP1102,2001.08.20,2026-04-19_10h21.15.918,BrocantoHPilot1WOSession2,2025.2.4,Win32,59.95203837,5241.433,2,2,2,21.881,1,15.306,21.881,5265.205,,,,,,SBJ-N5-HIDE-INTR.mp3,SBJ-N5-HIDE-INTR.mp4,SBJ-N5-REVEAL-INTR.mp4,,,,,,,,,,,,,,,,,,,,,,,,,,,,,,,,,,,,,,,,,,,,,,,,,,,,,0,16,16,16,1,,,,,,,,,,,,,,,
,,,,,,,,,,,,,,,,,,,,,,,,,2,,,ALP1102,2001.08.20,2026-04-19_10h21.15.918,BrocantoHPilot1WOSession2,2025.2.4,Win32,59.95203837,5265.206,2,1,1,13.116,1,13.912,13.116,5280.449,,,,,,SBJ-N1-JUMP-INTR-LOC-N3.mp3,SBJ-N1-JUMP-INTR-LOC-N3.mp4,SBJ-N3-JUMP-INTR-LOC-N1.mp4,,,,,,,,,,,,,,,,,,,,,,,,,,,,,,,,,,,,,,,,,,,,,,,,,,,,,0,17,17,17,1,,,,,,,,,,,,,,,
,,,,,,,,,,,,,,,,,,,,,,,,,2,,,ALP1102,2001.08.20,2026-04-19_10h21.15.918,BrocantoHPilot1WOSession2,2025.2.4,Win32,59.95203837,5280.45,2,1,1,17.356,1,17.54,17.356,5299.869,,,,,,SBJ-N5-GO-INTR-LOC-N2.mp3,SBJ-N5-GO-INTR-LOC-N2.mp4,SBJ-N2-HIDE-INTR-LOC-N5.mp4,,,,,,,,,,,,,,,,,,,,,,,,,,,,,,,,,,,,,,,,,,,,,,,,,,,,,0,18,18,18,1,,,,,,,,,,,,,,,
,,,,,,,,,,,,,,,,,,,,,,,,,2,,,ALP1102,2001.08.20,2026-04-19_10h21.15.918,BrocantoHPilot1WOSession2,2025.2.4,Win32,59.95203837,5299.871,2,1,1,28.618,1,21.779,28.618,5330.422,,,,,,SBJ-N3-HIDE-INTR-LOC-N5.mp3,SBJ-N3-HIDE-INTR-LOC-N5.mp4,SBJ-N5-HIDE-INTR-LOC-N3.mp4,,,,,,,,,,,,,,,,,,,,,,,,,,,,,,,,,,,,,,,,,,,,,,,,,,,,,0,19,19,19,1,,,,,,,,,,,,,,,
,,,,,,,,,,,,,,,,,,,,,,,,,2,,,ALP1102,2001.08.20,2026-04-19_10h21.15.918,BrocantoHPilot1WOSession2,2025.2.4,Win32,59.95203837,5330.423,2,2,2,28.799,1,18.899,28.799,5361.323,,,,,,OBJ-N5-SBJ-N3-PUSH-TR-LOC-N1.mp3,OBJ-N5-SBJ-N3-PUSH-TR-LOC-N1.mp4,OBJ-N5-SBJ-N3-REVEAL-TR-LOC-N1.mp4,,,,,,,,,,,,,,,,,,,,,,,,,,,,,,,,,,,,,,,,,,,,,,,,,,,,,0,20,20,20,1,,,,,,,,,,,,,,,
,,,,,,,,,,,,,,,,,,,,,,,,,2,,,ALP1102,2001.08.20,2026-04-19_10h21.15.918,BrocantoHPilot1WOSession2,2025.2.4,Win32,59.95203837,5361.324,2,1,1,24.733,1,17.832,24.733,5388.444,,,,,,Ab-OBJ-N5-SBJ-N1-REVEAL-TR.mp3,Ab-OBJ-N5-SBJ-N1-REVEAL-TR.mp4,OBJ-N1-Aa-SBJ-N5-REVEAL-TR.mp4,,,,,,,,,,,,,,,,,,,,,,,,,,,,,,,,,,,,,,,,,,,,,,,,,,,,,0,21,21,21,1,,,,,,,,,,,,,,,
,,,,,,,,,,,,,,,,,,,,,,,,,2,,,ALP1102,2001.08.20,2026-04-19_10h21.15.918,BrocantoHPilot1WOSession2,2025.2.4,Win32,59.95203837,5388.444,2,2,2,17.894,1,17.375,17.894,5408.415,,,,,,OBJ-N5-SBJ-N1-PUSH-TR-Ab-LOC-N3.mp3,OBJ-N5-SBJ-N1-PUSH-TR-Ab-LOC-N3.mp4,OBJ-N5-SBJ-N1-REVEAL-TR-Aa-LOC-N3.mp4,,,,,,,,,,,,,,,,,,,,,,,,,,,,,,,,,,,,,,,,,,,,,,,,,,,,,0,22,22,22,1,,,,,,,,,,,,,,,
,,,,,,,,,,,,,,,,,,,,,,,,,2,,,ALP1102,2001.08.20,2026-04-19_10h21.15.918,BrocantoHPilot1WOSession2,2025.2.4,Win32,59.95203837,5408.416,2,2,2,25.174,1,23.925,25.174,5435.459,,,,,,Ab-SBJ-N2-REVEAL-INTR-Ab-LOC-N4.mp3,Ab-SBJ-N2-REVEAL-INTR-Ab-LOC-N4.mp4,Ab-SBJ-N4-REVEAL-INTR-Aa-LOC-N2.mp4,,,,,,,,,,,,,,,,,,,,,,,,,,,,,,,,,,,,,,,,,,,,,,,,,,,,,0,23,23,23,1,,,,,,,,,,,,,,,
,,,,,,,,,,,,,,,,,,,,,,,,,2,,,ALP1102,2001.08.20,2026-04-19_10h21.15.918,BrocantoHPilot1WOSession2,2025.2.4,Win32,59.95203837,5435.46,2,2,2,54.645,1,22.646,54.645,5491.909,,,,,,OBJ-N5-Ab-SBJ-N1-REVEAL-TR-Ab-LOC-N3.mp3,OBJ-N5-Ab-SBJ-N1-REVEAL-TR-Ab-LOC-N3.mp4,OBJ-N5-Ab-SBJ-N1-REVEAL-TR-Aa-LOC-N3.mp4,,,,,,,,,,,,,,,,,,,,,,,,,,,,,,,,,,,,,,,,,,,,,,,,,,,,,0,24,24,24,1,,,,,,,,,,,,,,,
,,,,,,,,,,,,,,,,,,,,,,,,,2,,,ALP1102,2001.08.20,2026-04-19_10h21.15.918,BrocantoHPilot1WOSession2,2025.2.4,Win32,59.95203837,5491.91,2,1,1,17.146,1,16.731,17.146,5512.891,,,,,,Ab-SBJ-N4-REVEAL-INTR-LOC-N3.mp3,Ab-SBJ-N4-REVEAL-INTR-LOC-N3.mp4,Aa-SBJ-N4-JUMP-INTR-LOC-N3.mp4,,,,,,,,,,,,,,,,,,,,,,,,,,,,,,,,,,,,,,,,,,,,,,,,,,,,,0,25,25,25,1,,,,,,,,,,,,,,,
,,,,,,,,,,,,,,,,,,,,,,,,,2,,,ALP1102,2001.08.20,2026-04-19_10h21.15.918,BrocantoHPilot1WOSession2,2025.2.4,Win32,59.95203837,5512.891,2,2,2,20.465,1,18.265,20.465,5535.866,,,,,,Ab-SBJ-N5-REVEAL-INTR-Ab-LOC-N4.mp3,Ab-SBJ-N5-REVEAL-INTR-Ab-LOC-N4.mp4,Ab-SBJ-N4-REVEAL-INTR-Aa-LOC-N5.mp4,,,,,,,,,,,,,,,,,,,,,,,,,,,,,,,,,,,,,,,,,,,,,,,,,,,,,0,26,26,26,1,,,,,,,,,,,,,,,
,,,,,,,,,,,,,,,,,,,,,,,,,2,,,ALP1102,2001.08.20,2026-04-19_10h21.15.918,BrocantoHPilot1WOSession2,2025.2.4,Win32,59.95203837,5535.867,2,2,2,27.556,1,20.589,27.556,5565.46,,,,,,Ab-OBJ-N5-SBJ-N3-PUSH-TR.mp3,Ab-OBJ-N5-SBJ-N3-PUSH-TR.mp4,Aa-OBJ-N5-SBJ-N3-PUSH-TR.mp4,,,,,,,,,,,,,,,,,,,,,,,,,,,,,,,,,,,,,,,,,,,,,,,,,,,,,0,27,27,27,1,,,,,,,,,,,,,,,
,,,,,,,,,,,,,,,,,,,,,,,,,2,,,ALP1102,2001.08.20,2026-04-19_10h21.15.918,BrocantoHPilot1WOSession2,2025.2.4,Win32,59.95203837,5565.46,2,2,2,15.18,1,13.664,15.18,5582.691,,,,,,Ab-SBJ-N4-JUMP-INTR.mp3,Ab-SBJ-N4-JUMP-INTR.mp4,Aa-SBJ-N4-GO-INTR.mp4,,,,,,,,,,,,,,,,,,,,,,,,,,,,,,,,,,,,,,,,,,,,,,,,,,,,,0,28,28,28,1,,,,,,,,,,,,,,,
,,,,,,,,,,,,,,,,,,,,,,,,,2,,,ALP1102,2001.08.20,2026-04-19_10h21.15.918,BrocantoHPilot1WOSession2,2025.2.4,Win32,59.95203837,5582.692,2,1,1,23.497,1,24.597,23.497,5608.976,,,,,,Ab-OBJ-N5-SBJ-N4-HIDE-TR-LOC-N3.mp3,Ab-OBJ-N5-SBJ-N4-HIDE-TR-LOC-N3.mp4,OBJ-N3-SBJ-N4-HIDE-TR-Aa-LOC-N5.mp4,,,,,,,,,,,,,,,,,,,,,,,,,,,,,,,,,,,,,,,,,,,,,,,,,,,,,0,29,29,29,1,,,,,,,,,,,,,,,
,,,,,,,,,,,,,,,,,,,,,,,,,2,,,ALP1102,2001.08.20,2026-04-19_10h21.15.918,BrocantoHPilot1WOSession2,2025.2.4,Win32,59.95203837,5608.977,2,2,2,18.629,1,18.479,18.629,5629.484,,,,,,Ab-OBJ-N5-SBJ-N4-REVEAL-TR.mp3,Ab-OBJ-N5-SBJ-N4-REVEAL-TR.mp4,Aa-OBJ-N5-SBJ-N4-REVEAL-TR.mp4,,,,,,,,,,,,,,,,,,,,,,,,,,,,,,,,,,,,,,,,,,,,,,,,,,,,,0,30,30,30,1,,,,,,,,,,,,,,,
,,,,,,,,,,,,,,,,,,,,,,,,,2,,,ALP1102,2001.08.20,2026-04-19_10h21.15.918,BrocantoHPilot1WOSession2,2025.2.4,Win32,59.95203837,5629.484,2,2,2,26.447,1,25.257,26.447,5658.376,,,,,,Ab-OBJ-N5-Ab-SBJ-N2-HIDE-TR-LOC-N4.mp3,Ab-OBJ-N5-Ab-SBJ-N2-HIDE-TR-LOC-N4.mp4,Ab-OBJ-N5-Aa-SBJ-N2-REVEAL-TR-LOC-N4.mp4,,,,,,,,,,,,,,,,,,,,,,,,,,,,,,,,,,,,,,,,,,,,,,,,,,,,,0,31,31,31,1,,,,,,,,,,,,,,,
,,,,,,,,,,,,,,,,,,,,,,,,,2,,,ALP1102,2001.08.20,2026-04-19_10h21.15.918,BrocantoHPilot1WOSession2,2025.2.4,Win32,59.95203837,5658.377,2,1,1,16.761,1,17.329,16.761,5677.573,,,,,,Ab-SBJ-N4-GO-INTR.mp3,Ab-SBJ-N4-GO-INTR.mp4,Aa-SBJ-N4-GO-INTR.mp4,,,,,,,,,,,,,,,,,,,,,,,,,,,,,,,,,,,,,,,,,,,,,,,,,,,,,0,32,32,32,1,,,,,,,,,,,,,,,
,,,,,,,,,,,,,,,,,,,,,,,,,2,,,ALP1102,2001.08.20,2026-04-19_10h21.15.918,BrocantoHPilot1WOSession2,2025.2.4,Win32,59.95203837,5677.574,2,2,2,31.865,1,20.987,31.865,5711.423,,,,,,Ab-OBJ-N5-Ab-SBJ-N1-PUSH-TR.mp3,Ab-OBJ-N5-Ab-SBJ-N1-PUSH-TR.mp4,Ab-OBJ-N1-Aa-SBJ-N5-PUSH-TR.mp4,,,,,,,,,,,,,,,,,,,,,,,,,,,,,,,,,,,,,,,,,,,,,,,,,,,,,0,33,33,33,1,,,,,,,,,,,,,,,
,,,,,,,,,,,,,,,,,,,,,,,,,2,,,ALP1102,2001.08.20,2026-04-19_10h21.15.918,BrocantoHPilot1WOSession2,2025.2.4,Win32,59.95203837,5711.424,2,1,1,23.449,1,16.562,23.449,5736.59,,,,,,Ab-SBJ-N5-HIDE-INTR.mp3,Ab-SBJ-N5-HIDE-INTR.mp4,Aa-SBJ-N5-REVEAL-INTR.mp4,,,,,,,,,,,,,,,,,,,,,,,,,,,,,,,,,,,,,,,,,,,,,,,,,,,,,0,34,34,34,1,,,,,,,,,,,,,,,
,,,,,,,,,,,,,,,,,,,,,,,,,2,,,ALP1102,2001.08.20,2026-04-19_10h21.15.918,BrocantoHPilot1WOSession2,2025.2.4,Win32,59.95203837,5736.59,2,1,1,23.666,1,,23.666,5762.625,,,,,,Ab-OBJ-N5-SBJ-N2-REVEAL-TR-Ab-LOC-N3.mp3,Ab-OBJ-N5-SBJ-N2-REVEAL-TR-Ab-LOC-N3.mp4,Ab-OBJ-N3-SBJ-N2-HIDE-TR-Ab-LOC-N5.mp4,,,,,,,,,,,,,,,,,,,,,,,,,,,,,,,,,,,,,,,,,,,,,,,,,,,,,0,35,35,35,1,,,,,,,,,,,,,,,
,,,,,,,,,,,,,,,,,,,,,,,,,2,,,ALP1102,2001.08.20,2026-04-19_10h21.15.918,BrocantoHPilot1WOSession2,2025.2.4,Win32,59.95203837,5762.625,2,2,2,16.681,1,16.117,16.681,5781.192,,,,,,Ab-SBJ-N5-HIDE-INTR.mp3,Ab-SBJ-N5-HIDE-INTR.mp4,Ab-SBJ-N5-GO-INTR.mp4,,,,,,,,,,,,,,,,,,,,,,,,,,,,,,,,,,,,,,,,,,,,,,,,,,,,,0,36,36,36,1,,,,,,,,,,,,,,,
,,,,,,,,,,,,,,,,,,,,,,,,,2,,,ALP1102,2001.08.20,2026-04-19_10h21.15.918,BrocantoHPilot1WOSession2,2025.2.4,Win32,59.95203837,5781.194,2,2,2,115.678,1,102.785,115.678,5898.825,,,,,,Ab-SBJ-N4-JUMP-INTR-LOC-N3.mp3,Ab-SBJ-N4-JUMP-INTR-LOC-N3.mp4,SBJ-N3-JUMP-INTR-Ab-LOC-N4.mp4,,,,,,,,,,,,,,,,,,,,,,,,,,,,,,,,,,,,,,,,,,,,,,,,,,,,,0,37,37,37,1,,,,,,,,,,,,,,,
,,,,,,,,,,,,,,,,,,,,,,,,,2,,,ALP1102,2001.08.20,2026-04-19_10h21.15.918,BrocantoHPilot1WOSession2,2025.2.4,Win32,59.95203837,5898.827,2,2,2,23.01,1,19.207,23.01,5923.717,,,,,,Ab-SBJ-N4-GO-INTR-Ab-LOC-N3.mp3,Ab-SBJ-N4-GO-INTR-Ab-LOC-N3.mp4,Ab-SBJ-N3-GO-INTR-Aa-LOC-N4.mp4,,,,,,,,,,,,,,,,,,,,,,,,,,,,,,,,,,,,,,,,,,,,,,,,,,,,,0,38,38,38,1,,,,,,,,,,,,,,,
,,,,,,,,,,,,,,,,,,,,,,,,,2,,,ALP1102,2001.08.20,2026-04-19_10h21.15.918,BrocantoHPilot1WOSession2,2025.2.4,Win32,59.95203837,5923.718,2,2,2,19.471,1,18.105,19.471,5949.823,,,,,,Ab-SBJ-N2-HIDE-INTR-Aa-LOC-N1.mp3,Ab-SBJ-N2-HIDE-INTR-Aa-LOC-N1.mp4,Ab-SBJ-N2-HIDE-INTR-Ab-LOC-N1.mp4,,,,,,,,,,,,,,,,,,,,,,,,,,,,,,,,,,,,,,,,,,,,,,,,,,,,,0,39,39,39,1,,,,,,,,,,,,,,,
,,,,,,,,,,,,,,,,,,,,,,,,,2,,,ALP1102,2001.08.20,2026-04-19_10h21.15.918,BrocantoHPilot1WOSession2,2025.2.4,Win32,59.95203837,5949.823,2,1,1,18.22,1,16.049,18.22,5969.851,,,,,,Ab-OBJ-N5-SBJ-N1-PUSH-TR-LOC-N4.mp3,Ab-OBJ-N5-SBJ-N1-PUSH-TR-LOC-N4.mp4,OBJ-N1-Ab-SBJ-N5-HIDE-TR-LOC-N4.mp4,,,,,,,,,,,,,,,,,,,,,,,,,,,,,,,,,,,,,,,,,,,,,,,,,,,,,0,40,40,40,1,,,,,,,,,,,,,,,
,,,,,,,,,,,,,,,,,,,,,,,,,2,,,ALP1102,2001.08.20,2026-04-19_10h21.15.918,BrocantoHPilot1WOSession2,2025.2.4,Win32,59.95203837,5969.852,2,2,2,16.598,1,16.787,16.598,5988.587,,,,,,Ab-OBJ-N5-Ab-SBJ-N3-PUSH-TR.mp3,Ab-OBJ-N5-Ab-SBJ-N3-PUSH-TR.mp4,Ab-OBJ-N3-Ab-SBJ-N5-PUSH-TR.mp4,,,,,,,,,,,,,,,,,,,,,,,,,,,,,,,,,,,,,,,,,,,,,,,,,,,,,0,41,41,41,1,,,,,,,,,,,,,,,
,,,,,,,,,,,,,,,,,,,,,,,,,2,,,ALP1102,2001.08.20,2026-04-19_10h21.15.918,BrocantoHPilot1WOSession2,2025.2.4,Win32,59.95203837,,,,,,,,,,,,,,,SBJ.N4 REVEAL-INTR LOC.N5,,,6105.824,2,SBJ-N4-REVEAL-INTR-LOC-N5.mp4,N4|REVEAL|N5,HIDE|Aa|PUSH|N2|N5|N4|REVEAL,dabi|girda|timó,zsübe|gyék|vánta|murak|timó|dabi|girda,1,6.832,21.184,dabi girda timó,6131.904,,,,,,SBJ-N4-REVEAL-INTR-LOC-N5.mp4,N4|REVEAL|N5,HIDE|Aa|PUSH|N2|N5|N4|REVEAL,dabi girda timó,dabi|girda|timó,zsübe|gyék|vánta|murak|timó|dabi|girda,,,,,,,,,,,,,,,,,,,,,,,,,,,,,,,,,,,0,0,0,0,1,,,,,,,,,,
,,,,,,,,,,,,,,,,,,,,,,,,,2,,,ALP1102,2001.08.20,2026-04-19_10h21.15.918,BrocantoHPilot1WOSession2,2025.2.4,Win32,59.95203837,,,,,,,,,,,,,,,OBJ.N5 SBJ.N4 HIDE-TR LOC.N3,,,6132.472,2,OBJ-N5-SBJ-N4-HIDE-TR-LOC-N3.mp4,N5|N4|HIDE|N3,N3|N2|N4|HIDE|N5|N1|JUMP|Ab,timó|dabi|zsübe|zilép,zilép|murak|dabi|zsübe|timó|pekli|bonip|zsot,0,5.986,24.051,timó dabi zsübe,6167.443,,,,,,OBJ-N5-SBJ-N4-HIDE-TR-LOC-N3.mp4,N5|N4|HIDE|N3,N3|N2|N4|HIDE|N5|N1|JUMP|Ab,timó dabi zsübe zilép,timó|dabi|zsübe|zilép,zilép|murak|dabi|zsübe|timó|pekli|bonip|zsot,,,,,,,,,,,,,,,,,,,,,,,,,,,,,,,,,,,0,1,1,1,1,,,,,,,,,,
,,,,,,,,,,,,,,,,,,,,,,,,,2,,,ALP1102,2001.08.20,2026-04-19_10h21.15.918,BrocantoHPilot1WOSession2,2025.2.4,Win32,59.95203837,,,,,,,,,,,,,,,SBJ.N3 REVEAL-INTR LOC.N4,,,6167.981,2,SBJ-N3-REVEAL-INTR-LOC-N4.mp4,N3|REVEAL|N4,JUMP|Aa|GO|REVEAL|N3|N5|N4,zilép|girda|dabi,bonip|gyék|kávler|girda|zilép|timó|dabi,1,6.608,34.241,zilép girda dabi,6207.233,,,,,,SBJ-N3-REVEAL-INTR-LOC-N4.mp4,N3|REVEAL|N4,JUMP|Aa|GO|REVEAL|N3|N5|N4,zilép girda dabi,zilép|girda|dabi,bonip|gyék|kávler|girda|zilép|timó|dabi,,,,,,,,,,,,,,,,,,,,,,,,,,,,,,,,,,,0,2,2,2,1,,,,,,,,,,
,,,,,,,,,,,,,,,,,,,,,,,,,2,,,ALP1102,2001.08.20,2026-04-19_10h21.15.918,BrocantoHPilot1WOSession2,2025.2.4,Win32,59.95203837,,,,,,,,,,,,,,,OBJ.N5 SBJ.N1 REVEAL-TR LOC.N4,,,6207.739,2,OBJ-N5-SBJ-N1-REVEAL-TR-LOC-N4.mp4,N5|N1|REVEAL|N4,Aa|PUSH|REVEAL|N5|N4|GO|N1|N3,timó|pekli|girda|dabi,gyék|vánta|girda|timó|dabi|kávler|pekli|zilép,0,8.1,42.227,timó girda pekli,6346.505,,,,,,OBJ-N5-SBJ-N1-REVEAL-TR-LOC-N4.mp4,N5|N1|REVEAL|N4,Aa|PUSH|REVEAL|N5|N4|GO|N1|N3,timó pekli girda dabi,timó|pekli|girda|dabi,gyék|vánta|girda|timó|dabi|kávler|pekli|zilép,,,,,,,,,,,,,,,,,,,,,,,,,,,,,,,,,,,0,3,3,3,1,,,,,,,,,,
,,,,,,,,,,,,,,,,,,,,,,,,,2,,,ALP1102,2001.08.20,2026-04-19_10h21.15.918,BrocantoHPilot1WOSession2,2025.2.4,Win32,59.95203837,,,,,,,,,,,,,,,SBJ.N3 JUMP-INTR,,,6347.029,2,SBJ-N3-JUMP-INTR.mp4,N3|JUMP,REVEAL|Aa|HIDE|JUMP|N2|N3,zilép|bonip,girda|gyék|zsübe|bonip|murak|zilép,1,6.244,8.744,zilép bonip,6359.336,,,,,,SBJ-N3-JUMP-INTR.mp4,N3|JUMP,REVEAL|Aa|HIDE|JUMP|N2|N3,zilép bonip,zilép|bonip,girda|gyék|zsübe|bonip|murak|zilép,,,,,,,,,,,,,,,,,,,,,,,,,,,,,,,,,,,0,4,4,4,1,,,,,,,,,,
,,,,,,,,,,,,,,,,,,,,,,,,,2,,,ALP1102,2001.08.20,2026-04-19_10h21.15.918,BrocantoHPilot1WOSession2,2025.2.4,Win32,59.95203837,,,,,,,,,,,,,,,OBJ.N5 Ab SBJ.N3 PUSH-TR,,,6359.87,2,OBJ-N5-Ab-SBJ-N3-PUSH-TR.mp4,N5|Ab|N3|PUSH,Ab|N5|GO|N3|HIDE|Aa|N2|PUSH,timó|zsot|zilép|vánta,zsot|timó|kávler|zilép|zsübe|gyék|murak|vánta,1,5.069,29.454,timó zsot zilép vánta,6392.985,,,,,,OBJ-N5-Ab-SBJ-N3-PUSH-TR.mp4,N5|Ab|N3|PUSH,Ab|N5|GO|N3|HIDE|Aa|N2|PUSH,timó zsot zilép vánta,timó|zsot|zilép|vánta,zsot|timó|kávler|zilép|zsübe|gyék|murak|vánta,,,,,,,,,,,,,,,,,,,,,,,,,,,,,,,,,,,0,5,5,5,1,,,,,,,,,,
,,,,,,,,,,,,,,,,,,,,,,,,,2,,,ALP1102,2001.08.20,2026-04-19_10h21.15.918,BrocantoHPilot1WOSession2,2025.2.4,Win32,59.95203837,,,,,,,,,,,,,,,Ab SBJ.N4 HIDE-INTR,,,6393.498,2,Ab-SBJ-N4-HIDE-INTR.mp4,Ab|N4|HIDE,Ab|JUMP|N4|HIDE|GO|N2|REVEAL,zsot|dabi|zsübe,zsot|bonip|dabi|zsübe|kávler|murak|girda,1,5.657,11.409,zsot dabi zsübe,6411.777,,,,,,Ab-SBJ-N4-HIDE-INTR.mp4,Ab|N4|HIDE,Ab|JUMP|N4|HIDE|GO|N2|REVEAL,zsot dabi zsübe,zsot|dabi|zsübe,zsot|bonip|dabi|zsübe|kávler|murak|girda,,,,,,,,,,,,,,,,,,,,,,,,,,,,,,,,,,,0,6,6,6,1,,,,,,,,,,
,,,,,,,,,,,,,,,,,,,,,,,,,2,,,ALP1102,2001.08.20,2026-04-19_10h21.15.918,BrocantoHPilot1WOSession2,2025.2.4,Win32,59.95203837,,,,,,,,,,,,,,,SBJ.N2 REVEAL-INTR LOC.N3,,,6412.308,2,SBJ-N2-REVEAL-INTR-LOC-N3.mp4,N2|REVEAL|N3,N3|JUMP|PUSH|N2|REVEAL|Ab|Aa,murak|girda|zilép,zilép|bonip|vánta|murak|girda|zsot|gyék,1,6.898,12.031,murak girda zilép,6427.028,,,,,,SBJ-N2-REVEAL-INTR-LOC-N3.mp4,N2|REVEAL|N3,N3|JUMP|PUSH|N2|REVEAL|Ab|Aa,murak girda zilép,murak|girda|zilép,zilép|bonip|vánta|murak|girda|zsot|gyék,,,,,,,,,,,,,,,,,,,,,,,,,,,,,,,,,,,0,7,7,7,1,,,,,,,,,,
,,,,,,,,,,,,,,,,,,,,,,,,,2,,,ALP1102,2001.08.20,2026-04-19_10h21.15.918,BrocantoHPilot1WOSession2,2025.2.4,Win32,59.95203837,,,,,,,,,,,,,,,OBJ.N5 SBJ.N3 PUSH-TR,,,6427.548,2,OBJ-N5-SBJ-N3-PUSH-TR.mp4,N5|N3|PUSH,JUMP|N3|PUSH|N4|HIDE|N5|N1,timó|zilép|vánta,bonip|zilép|vánta|dabi|zsübe|timó|pekli,1,4.758,18.808,timó zilép vánta,6451.214,,,,,,OBJ-N5-SBJ-N3-PUSH-TR.mp4,N5|N3|PUSH,JUMP|N3|PUSH|N4|HIDE|N5|N1,timó zilép vánta,timó|zilép|vánta,bonip|zilép|vánta|dabi|zsübe|timó|pekli,,,,,,,,,,,,,,,,,,,,,,,,,,,,,,,,,,,0,8,8,8,1,,,,,,,,,,
,,,,,,,,,,,,,,,,,,,,,,,,,2,,,ALP1102,2001.08.20,2026-04-19_10h21.15.918,BrocantoHPilot1WOSession2,2025.2.4,Win32,59.95203837,,,,,,,,,,,,,,,OBJ.N5 SBJ.N1 HIDE-TR LOC.N4,,,6451.777,2,OBJ-N5-SBJ-N1-HIDE-TR-LOC-N4.mp4,N5|N1|HIDE|N4,GO|N3|N2|N4|HIDE|JUMP|N1|N5,timó|pekli|zsübe|dabi,kávler|zilép|murak|dabi|zsübe|bonip|pekli|timó,1,6.879,27.094,timó pekli zsübe dabi,6482.117,,,,,,OBJ-N5-SBJ-N1-HIDE-TR-LOC-N4.mp4,N5|N1|HIDE|N4,GO|N3|N2|N4|HIDE|JUMP|N1|N5,timó pekli zsübe dabi,timó|pekli|zsübe|dabi,kávler|zilép|murak|dabi|zsübe|bonip|pekli|timó,,,,,,,,,,,,,,,,,,,,,,,,,,,,,,,,,,,0,9,9,9,1,,,,,,,,,,
,,,,,,,,,,,,,,,,,,,,,,,,,2,,,ALP1102,2001.08.20,2026-04-19_10h21.15.918,BrocantoHPilot1WOSession2,2025.2.4,Win32,59.95203837,,,,,,,,,,,,,,,OBJ.N5 SBJ.N2 REVEAL-TR LOC.N1,,,6482.631,2,OBJ-N5-SBJ-N2-REVEAL-TR-LOC-N1.mp4,N5|N2|REVEAL|N1,N1|PUSH|HIDE|REVEAL|N4|N5|Aa|N2,timó|murak|girda|pekli,pekli|vánta|zsübe|girda|dabi|timó|gyék|murak,1,118.858,126.699,timó murak girda pekli,6627.749,,,,,,OBJ-N5-SBJ-N2-REVEAL-TR-LOC-N1.mp4,N5|N2|REVEAL|N1,N1|PUSH|HIDE|REVEAL|N4|N5|Aa|N2,timó murak girda pekli,timó|murak|girda|pekli,pekli|vánta|zsübe|girda|dabi|timó|gyék|murak,,,,,,,,,,,,,,,,,,,,,,,,,,,,,,,,,,,0,10,10,10,1,,,,,,,,,,
,,,,,,,,,,,,,,,,,,,,,,,,,2,,,ALP1102,2001.08.20,2026-04-19_10h21.15.918,BrocantoHPilot1WOSession2,2025.2.4,Win32,59.95203837,,,,,,,,,,,,,,,Ab OBJ.N5 SBJ.N1 PUSH-TR,,,6628.298,2,Ab-OBJ-N5-SBJ-N1-PUSH-TR.mp4,Ab|N5|N1|PUSH,Ab|N1|HIDE|Aa|N4|REVEAL|PUSH|N5,zsot|timó|pekli|vánta,zsot|pekli|zsübe|gyék|dabi|girda|vánta|timó,1,5.125,19.735,zsot timó pekli vánta,6652.134,,,,,,Ab-OBJ-N5-SBJ-N1-PUSH-TR.mp4,Ab|N5|N1|PUSH,Ab|N1|HIDE|Aa|N4|REVEAL|PUSH|N5,zsot timó pekli vánta,zsot|timó|pekli|vánta,zsot|pekli|zsübe|gyék|dabi|girda|vánta|timó,,,,,,,,,,,,,,,,,,,,,,,,,,,,,,,,,,,0,11,11,11,1,,,,,,,,,,
,,,,,,,,,,,,,,,,,,,,,,,,,2,,,ALP1102,2001.08.20,2026-04-19_10h21.15.918,BrocantoHPilot1WOSession2,2025.2.4,Win32,59.95203837,,,,,,,,,,,,,,,SBJ.N2 JUMP-INTR,,,6652.673,2,SBJ-N2-JUMP-INTR.mp4,N2|JUMP,N4|HIDE|N2|Aa|GO|JUMP,murak|bonip,dabi|zsübe|murak|gyék|kávler|bonip,1,7.97,11.382,murak bonip,6666.578,,,,,,SBJ-N2-JUMP-INTR.mp4,N2|JUMP,N4|HIDE|N2|Aa|GO|JUMP,murak bonip,murak|bonip,dabi|zsübe|murak|gyék|kávler|bonip,,,,,,,,,,,,,,,,,,,,,,,,,,,,,,,,,,,0,12,12,12,1,,,,,,,,,,
,,,,,,,,,,,,,,,,,,,,,,,,,2,,,ALP1102,2001.08.20,2026-04-19_10h21.15.918,BrocantoHPilot1WOSession2,2025.2.4,Win32,59.95203837,,,,,,,,,,,,,,,Ab SBJ.N1 GO-INTR,,,6667.079,2,Ab-SBJ-N1-GO-INTR.mp4,Ab|N1|GO,N4|N2|Ab|HIDE|GO|N3|N1,zsot|pekli|kávler,dabi|murak|zsot|zsübe|kávler|zilép|pekli,1,5.093,17.06,zsot pekli kávler,6687.561,,,,,,Ab-SBJ-N1-GO-INTR.mp4,Ab|N1|GO,N4|N2|Ab|HIDE|GO|N3|N1,zsot pekli kávler,zsot|pekli|kávler,dabi|murak|zsot|zsübe|kávler|zilép|pekli,,,,,,,,,,,,,,,,,,,,,,,,,,,,,,,,,,,0,13,13,13,1,,,,,,,,,,
,,,,,,,,,,,,,,,,,,,,,,,,,2,,,ALP1102,2001.08.20,2026-04-19_10h21.15.918,BrocantoHPilot1WOSession2,2025.2.4,Win32,59.95203837,,,,,,,,,,,,,,,OBJ.N5 Ab SBJ.N3 HIDE-TR,,,6688.066,2,OBJ-N5-Ab-SBJ-N3-HIDE-TR.mp4,N5|Ab|N3|HIDE,N5|HIDE|JUMP|Ab|N1|PUSH|N3|GO,timó|zsot|zilép|zsübe,timó|zsübe|bonip|zsot|pekli|vánta|zilép|kávler,1,7.023,24.923,timó zsot zilép zsübe,6716.129,,,,,,OBJ-N5-Ab-SBJ-N3-HIDE-TR.mp4,N5|Ab|N3|HIDE,N5|HIDE|JUMP|Ab|N1|PUSH|N3|GO,timó zsot zilép zsübe,timó|zsot|zilép|zsübe,timó|zsübe|bonip|zsot|pekli|vánta|zilép|kávler,,,,,,,,,,,,,,,,,,,,,,,,,,,,,,,,,,,0,14,14,14,1,,,,,,,,,,
,,,,,,,,,,,,,,,,,,,,,,,,,2,,,ALP1102,2001.08.20,2026-04-19_10h21.15.918,BrocantoHPilot1WOSession2,2025.2.4,Win32,59.95203837,,,,,,,,,,,,,,,OBJ.N5 SBJ.N2 REVEAL-TR LOC.N4,,,6716.645,2,OBJ-N5-SBJ-N2-REVEAL-TR-LOC-N4.mp4,N5|N2|REVEAL|N4,PUSH|N5|Aa|N4|HIDE|REVEAL|GO|N2,timó|murak|girda|dabi,vánta|timó|gyék|dabi|zsübe|girda|kávler|murak,1,5.894,31.13,timó murak girda dabi,6751.192,,,,,,OBJ-N5-SBJ-N2-REVEAL-TR-LOC-N4.mp4,N5|N2|REVEAL|N4,PUSH|N5|Aa|N4|HIDE|REVEAL|GO|N2,timó murak girda dabi,timó|murak|girda|dabi,vánta|timó|gyék|dabi|zsübe|girda|kávler|murak,,,,,,,,,,,,,,,,,,,,,,,,,,,,,,,,,,,0,15,15,15,1,,,,,,,,,,
,,,,,,,,,,,,,,,,,,,,,,,,,2,,,ALP1102,2001.08.20,2026-04-19_10h21.15.918,BrocantoHPilot1WOSession2,2025.2.4,Win32,59.95203837,,,,,,,,,,,,,,,Ab SBJ.N5 JUMP-INTR,,,6751.698,2,Ab-SBJ-N5-JUMP-INTR.mp4,Ab|N5|JUMP,JUMP|N3|Aa|N2|N5|PUSH|Ab,zsot|timó|bonip,bonip|zilép|gyék|murak|timó|vánta|zsot,1,22.742,37.04,zsot timó bonip,6792.415,,,,,,Ab-SBJ-N5-JUMP-INTR.mp4,Ab|N5|JUMP,JUMP|N3|Aa|N2|N5|PUSH|Ab,zsot timó bonip,zsot|timó|bonip,bonip|zilép|gyék|murak|timó|vánta|zsot,,,,,,,,,,,,,,,,,,,,,,,,,,,,,,,,,,,0,16,16,16,1,,,,,,,,,,
,,,,,,,,,,,,,,,,,,,,,,,,,2,,,ALP1102,2001.08.20,2026-04-19_10h21.15.918,BrocantoHPilot1WOSession2,2025.2.4,Win32,59.95203837,,,,,,,,,,,,,,,SBJ.N3 HIDE-INTR LOC.N5,,,6792.967,2,SBJ-N3-HIDE-INTR-LOC-N5.mp4,N3|HIDE|N5,N5|HIDE|N3|PUSH|GO|JUMP|Ab,zilép|zsübe|timó,timó|zsübe|zilép|vánta|kávler|bonip|zsot,1,6.038,29.181,zilép zsübe timó,6825.349,,,,,,SBJ-N3-HIDE-INTR-LOC-N5.mp4,N3|HIDE|N5,N5|HIDE|N3|PUSH|GO|JUMP|Ab,zilép zsübe timó,zilép|zsübe|timó,timó|zsübe|zilép|vánta|kávler|bonip|zsot,,,,,,,,,,,,,,,,,,,,,,,,,,,,,,,,,,,0,17,17,17,1,,,,,,,,,,
,,,,,,,,,,,,,,,,,,,,,,,,,2,,,ALP1102,2001.08.20,2026-04-19_10h21.15.918,BrocantoHPilot1WOSession2,2025.2.4,Win32,59.95203837,,,,,,,,,,,,,,,SBJ.N3 GO-INTR LOC.N4,,,6825.922,2,SBJ-N3-GO-INTR-LOC-N4.mp4,N3|GO|N4,N3|Ab|GO|N1|N5|N4|N2,zilép|kávler|dabi,zilép|zsot|kávler|pekli|timó|dabi|murak,1,6.967,14.503,zilép kávler dabi,6844.398,,,,,,SBJ-N3-GO-INTR-LOC-N4.mp4,N3|GO|N4,N3|Ab|GO|N1|N5|N4|N2,zilép kávler dabi,zilép|kávler|dabi,zilép|zsot|kávler|pekli|timó|dabi|murak,,,,,,,,,,,,,,,,,,,,,,,,,,,,,,,,,,,0,18,18,18,1,,,,,,,,,,
,,,,,,,,,,,,,,,,,,,,,,,,,2,,,ALP1102,2001.08.20,2026-04-19_10h21.15.918,BrocantoHPilot1WOSession2,2025.2.4,Win32,59.95203837,,,,,,,,,,,,,,,SBJ.N4 JUMP-INTR LOC.N3,,,6844.963,2,SBJ-N4-JUMP-INTR-LOC-N3.mp4,N4|JUMP|N3,JUMP|N2|N3|HIDE|GO|N5|N4,dabi|bonip|zilép,bonip|murak|zilép|zsübe|kávler|timó|dabi,1,17.742,23.705,dabi bonip zilép,6871.632,,,,,,SBJ-N4-JUMP-INTR-LOC-N3.mp4,N4|JUMP|N3,JUMP|N2|N3|HIDE|GO|N5|N4,dabi bonip zilép,dabi|bonip|zilép,bonip|murak|zilép|zsübe|kávler|timó|dabi,,,,,,,,,,,,,,,,,,,,,,,,,,,,,,,,,,,0,19,19,19,1,,,,,,,,,,
,,,,,,,,,,,,,,,,,,,,,,,,,2,,,ALP1102,2001.08.20,2026-04-19_10h21.15.918,BrocantoHPilot1WOSession2,2025.2.4,Win32,59.95203837,,,,,,,,,,,,,,,OBJ.N5 SBJ.N1 PUSH-TR LOC.N3,,,6872.178,2,OBJ-N5-SBJ-N1-PUSH-TR-LOC-N3.mp4,N5|N1|PUSH|N3,N3|PUSH|N5|N4|GO|N1|REVEAL|Aa,timó|pekli|vánta|zilép,zilép|vánta|timó|dabi|kávler|pekli|girda|gyék,1,4.742,24.344,timó pekli vánta zilép,6900.764,,,,,,OBJ-N5-SBJ-N1-PUSH-TR-LOC-N3.mp4,N5|N1|PUSH|N3,N3|PUSH|N5|N4|GO|N1|REVEAL|Aa,timó pekli vánta zilép,timó|pekli|vánta|zilép,zilép|vánta|timó|dabi|kávler|pekli|girda|gyék,,,,,,,,,,,,,,,,,,,,,,,,,,,,,,,,,,,0,20,20,20,1,,,,,,,,,,
,,,,,,,,,,,,,,,,,,,,,,,,,2,,,ALP1102,2001.08.20,2026-04-19_10h21.15.918,BrocantoHPilot1WOSession2,2025.2.4,Win32,59.95203837,,,,,,,,,,,,,,,OBJ.N5 Ab SBJ.N1 REVEAL-TR,,,6901.331,2,OBJ-N5-Ab-SBJ-N1-REVEAL-TR.mp4,N5|Ab|N1|REVEAL,Aa|N1|JUMP|N5|Ab|N2|REVEAL|GO,timó|zsot|pekli|girda,gyék|pekli|bonip|timó|zsot|murak|girda|kávler,1,6.008,11.558,timó zsot pekli girda,6915.769,,,,,,OBJ-N5-Ab-SBJ-N1-REVEAL-TR.mp4,N5|Ab|N1|REVEAL,Aa|N1|JUMP|N5|Ab|N2|REVEAL|GO,timó zsot pekli girda,timó|zsot|pekli|girda,gyék|pekli|bonip|timó|zsot|murak|girda|kávler,,,,,,,,,,,,,,,,,,,,,,,,,,,,,,,,,,,0,21,21,21,1,,,,,,,,,,
,,,,,,,,,,,,,,,,,,,,,,,,,2,,,ALP1102,2001.08.20,2026-04-19_10h21.15.918,BrocantoHPilot1WOSession2,2025.2.4,Win32,59.95203837,,,,,,,,,,,,,,,Ab OBJ.N5 Ab SBJ.N1 REVEAL-TR LOC.N2,,,6916.317,2,Ab-OBJ-N5-Ab-SBJ-N1-REVEAL-TR-LOC-N2.mp4,Ab|N5|Ab|N1|REVEAL|N2,Ab|PUSH|N4|JUMP|REVEAL|N1|N5|N2|N3|Ab,zsot|timó|zsot|pekli|girda|murak,zsot|vánta|dabi|bonip|girda|pekli|timó|murak|zilép|zsot,1,6.005,42.627,zsot timó zsot pekli girda murak,6987.071,,,,,,Ab-OBJ-N5-Ab-SBJ-N1-REVEAL-TR-LOC-N2.mp4,Ab|N5|Ab|N1|REVEAL|N2,Ab|PUSH|N4|JUMP|REVEAL|N1|N5|N2|N3|Ab,zsot timó zsot pekli girda murak,zsot|timó|zsot|pekli|girda|murak,zsot|vánta|dabi|bonip|girda|pekli|timó|murak|zilép|zsot,,,,,,,,,,,,,,,,,,,,,,,,,,,,,,,,,,,0,22,22,22,1,,,,,,,,,,
,,,,,,,,,,,,,,,,,,,,,,,,,2,,,ALP1102,2001.08.20,2026-04-19_10h21.15.918,BrocantoHPilot1WOSession2,2025.2.4,Win32,59.95203837,,,,,,,,,,,,,,,SBJ.N1 REVEAL-INTR LOC.N5,,,6987.573,2,SBJ-N1-REVEAL-INTR-LOC-N5.mp4,N1|REVEAL|N5,GO|N5|REVEAL|Aa|PUSH|Ab|N1,pekli|girda|timó,kávler|timó|girda|gyék|vánta|zsot|pekli,1,7.382,13.73,pekli girda timó,7003.848,,,,,,SBJ-N1-REVEAL-INTR-LOC-N5.mp4,N1|REVEAL|N5,GO|N5|REVEAL|Aa|PUSH|Ab|N1,pekli girda timó,pekli|girda|timó,kávler|timó|girda|gyék|vánta|zsot|pekli,,,,,,,,,,,,,,,,,,,,,,,,,,,,,,,,,,,0,23,23,23,1,,,,,,,,,,
,,,,,,,,,,,,,,,,,,,,,,,,,2,,,ALP1102,2001.08.20,2026-04-19_10h21.15.918,BrocantoHPilot1WOSession2,2025.2.4,Win32,59.95203837,,,,,,,,,,,,,,,OBJ.N5 SBJ.N1 HIDE-TR Ab LOC.N4,,,7004.393,2,OBJ-N5-SBJ-N1-HIDE-TR-Ab-LOC-N4.mp4,N5|N1|HIDE|Ab|N4,N1|N5|GO|PUSH|HIDE|Ab|N2|N4|N3,timó|pekli|zsübe|zsot|dabi,pekli|timó|kávler|vánta|zsübe|zsot|murak|dabi|zilép,1,6.946,25.773,timó pekli zsübe zsot dabi,7034.969,,,,,,OBJ-N5-SBJ-N1-HIDE-TR-Ab-LOC-N4.mp4,N5|N1|HIDE|Ab|N4,N1|N5|GO|PUSH|HIDE|Ab|N2|N4|N3,timó pekli zsübe zsot dabi,timó|pekli|zsübe|zsot|dabi,pekli|timó|kávler|vánta|zsübe|zsot|murak|dabi|zilép,,,,,,,,,,,,,,,,,,,,,,,,,,,,,,,,,,,0,24,24,24,1,,,,,,,,,,
,,,,,,,,,,,,,,,,,,,,,,,,,2,,,ALP1102,2001.08.20,2026-04-19_10h21.15.918,BrocantoHPilot1WOSession2,2025.2.4,Win32,59.95203837,,,,,,,,,,,,,,,Ab SBJ.N1 REVEAL-INTR LOC.N5,,,7035.505,2,Ab-SBJ-N1-REVEAL-INTR-LOC-N5.mp4,Ab|N1|REVEAL|N5,GO|REVEAL|HIDE|Aa|N4|N5|N1|Ab,zsot|pekli|girda|timó,kávler|girda|zsübe|gyék|dabi|timó|pekli|zsot,1,15.117,23.933,zsot pekli girda timó,7062.467,,,,,,Ab-SBJ-N1-REVEAL-INTR-LOC-N5.mp4,Ab|N1|REVEAL|N5,GO|REVEAL|HIDE|Aa|N4|N5|N1|Ab,zsot pekli girda timó,zsot|pekli|girda|timó,kávler|girda|zsübe|gyék|dabi|timó|pekli|zsot,,,,,,,,,,,,,,,,,,,,,,,,,,,,,,,,,,,0,25,25,25,1,,,,,,,,,,
,,,,,,,,,,,,,,,,,,,,,,,,,2,,,ALP1102,2001.08.20,2026-04-19_10h21.15.918,BrocantoHPilot1WOSession2,2025.2.4,Win32,59.95203837,,,,,,,,,,,,,,,OBJ.N5 Ab SBJ.N4 REVEAL-TR Ab LOC.N1,,,7062.984,2,OBJ-N5-Ab-SBJ-N4-REVEAL-TR-Ab-LOC-N1.mp4,N5|Ab|N4|REVEAL|Ab|N1,PUSH|REVEAL|N2|Aa|Ab|N4|Ab|N5|N1|GO,timó|zsot|dabi|girda|zsot|pekli,vánta|girda|murak|gyék|zsot|dabi|zsot|timó|pekli|kávler,1,35.637,68.871,timó zsot dabi girda zsot pekli,7135.171,,,,,,OBJ-N5-Ab-SBJ-N4-REVEAL-TR-Ab-LOC-N1.mp4,N5|Ab|N4|REVEAL|Ab|N1,PUSH|REVEAL|N2|Aa|Ab|N4|Ab|N5|N1|GO,timó zsot dabi girda zsot pekli,timó|zsot|dabi|girda|zsot|pekli,vánta|girda|murak|gyék|zsot|dabi|zsot|timó|pekli|kávler,,,,,,,,,,,,,,,,,,,,,,,,,,,,,,,,,,,0,26,26,26,1,,,,,,,,,,
,,,,,,,,,,,,,,,,,,,,,,,,,2,,,ALP1102,2001.08.20,2026-04-19_10h21.15.918,BrocantoHPilot1WOSession2,2025.2.4,Win32,59.95203837,,,,,,,,,,,,,,,Ab SBJ.N2 REVEAL-INTR LOC.N3,,,7135.697,2,Ab-SBJ-N2-REVEAL-INTR-LOC-N3.mp4,Ab|N2|REVEAL|N3,Ab|HIDE|GO|REVEAL|N4|N3|Aa|N2,zsot|murak|girda|zilép,zsot|zsübe|kávler|girda|dabi|zilép|gyék|murak,1,11.058,32.441,zsot murak girda zilép,7172.81,,,,,,Ab-SBJ-N2-REVEAL-INTR-LOC-N3.mp4,Ab|N2|REVEAL|N3,Ab|HIDE|GO|REVEAL|N4|N3|Aa|N2,zsot murak girda zilép,zsot|murak|girda|zilép,zsot|zsübe|kávler|girda|dabi|zilép|gyék|murak,,,,,,,,,,,,,,,,,,,,,,,,,,,,,,,,,,,0,27,27,27,1,,,,,,,,,,
,,,,,,,,,,,,,,,,,,,,,,,,,2,,,ALP1102,2001.08.20,2026-04-19_10h21.15.918,BrocantoHPilot1WOSession2,2025.2.4,Win32,59.95203837,,,,,,,,,,,,,,,OBJ.N5 SBJ.N1 PUSH-TR,,,7173.392,2,OBJ-N5-SBJ-N1-PUSH-TR.mp4,N5|N1|PUSH,Ab|PUSH|N5|N1|Aa|HIDE|N3,timó|pekli|vánta,zsot|vánta|timó|pekli|gyék|zsübe|zilép,1,13.729,22.312,timó pekli vánta,7198.981,,,,,,OBJ-N5-SBJ-N1-PUSH-TR.mp4,N5|N1|PUSH,Ab|PUSH|N5|N1|Aa|HIDE|N3,timó pekli vánta,timó|pekli|vánta,zsot|vánta|timó|pekli|gyék|zsübe|zilép,,,,,,,,,,,,,,,,,,,,,,,,,,,,,,,,,,,0,28,28,28,1,,,,,,,,,,
,,,,,,,,,,,,,,,,,,,,,,,,,2,,,ALP1102,2001.08.20,2026-04-19_10h21.15.918,BrocantoHPilot1WOSession2,2025.2.4,Win32,59.95203837,,,,,,,,,,,,,,,SBJ.N2 GO-INTR,,,7199.488,2,SBJ-N2-GO-INTR.mp4,N2|GO,N2|JUMP|PUSH|REVEAL|GO|N3,murak|kávler,murak|bonip|vánta|girda|kávler|zilép,1,5.992,10.267,murak kávler,7212.75,,,,,,SBJ-N2-GO-INTR.mp4,N2|GO,N2|JUMP|PUSH|REVEAL|GO|N3,murak kávler,murak|kávler,murak|bonip|vánta|girda|kávler|zilép,,,,,,,,,,,,,,,,,,,,,,,,,,,,,,,,,,,0,29,29,29,1,,,,,,,,,,
,,,,,,,,,,,,,,,,,,,,,,,,,2,,,ALP1102,2001.08.20,2026-04-19_10h21.15.918,BrocantoHPilot1WOSession2,2025.2.4,Win32,59.95203837,,,,,,,,,,,,,,,OBJ.N5 SBJ.N3 HIDE-TR LOC.N1,,,7213.279,2,OBJ-N5-SBJ-N3-HIDE-TR-LOC-N1.mp4,N5|N3|HIDE|N1,HIDE|GO|N1|JUMP|N5|N2|N3|REVEAL,timó|zilép|zsübe|pekli,zsübe|kávler|pekli|bonip|timó|murak|zilép|girda,1,6.226,17.375,timó zilép zsübe pekli,7238.049,,,,,,OBJ-N5-SBJ-N3-HIDE-TR-LOC-N1.mp4,N5|N3|HIDE|N1,HIDE|GO|N1|JUMP|N5|N2|N3|REVEAL,timó zilép zsübe pekli,timó|zilép|zsübe|pekli,zsübe|kávler|pekli|bonip|timó|murak|zilép|girda,,,,,,,,,,,,,,,,,,,,,,,,,,,,,,,,,,,0,30,30,30,1,,,,,,,,,,
,,,,,,,,,,,,,,,,,,,,,,,,,2,,,ALP1102,2001.08.20,2026-04-19_10h21.15.918,BrocantoHPilot1WOSession2,2025.2.4,Win32,59.95203837,,,,,,,,,,,,,,,Ab OBJ.N5 Aa SBJ.N5 REVEAL-TR,,,7238.584,2,Ab-OBJ-N5-Aa-SBJ-N5-REVEAL-TR.mp4,Ab|N5|Aa|N5|REVEAL,REVEAL|Aa|HIDE|N3|N4|N2|Ab|N5|N5,zsot|timó|gyék|timó|girda,girda|gyék|zsübe|zilép|dabi|murak|zsot|timó|timó,1,5.872,32.294,zsot timó gyék timó girda,7278.172,,,,,,Ab-OBJ-N5-Aa-SBJ-N5-REVEAL-TR.mp4,Ab|N5|Aa|N5|REVEAL,REVEAL|Aa|HIDE|N3|N4|N2|Ab|N5|N5,zsot timó gyék timó girda,zsot|timó|gyék|timó|girda,girda|gyék|zsübe|zilép|dabi|murak|zsot|timó|timó,,,,,,,,,,,,,,,,,,,,,,,,,,,,,,,,,,,0,31,31,31,1,,,,,,,,,,
,,,,,,,,,,,,,,,,,,,,,,,,,2,,,ALP1102,2001.08.20,2026-04-19_10h21.15.918,BrocantoHPilot1WOSession2,2025.2.4,Win32,59.95203837,,,,,,,,,,,,,,,Ab SBJ.N1 HIDE-INTR,,,7278.677,2,Ab-SBJ-N1-HIDE-INTR.mp4,Ab|N1|HIDE,Ab|HIDE|Aa|N2|N3|N1|N5,zsot|pekli|zsübe,zsot|zsübe|gyék|murak|zilép|pekli|timó,1,5.579,9.062,zsot pekli zsübe,7290.948,,,,,,Ab-SBJ-N1-HIDE-INTR.mp4,Ab|N1|HIDE,Ab|HIDE|Aa|N2|N3|N1|N5,zsot pekli zsübe,zsot|pekli|zsübe,zsot|zsübe|gyék|murak|zilép|pekli|timó,,,,,,,,,,,,,,,,,,,,,,,,,,,,,,,,,,,0,32,32,32,1,,,,,,,,,,
,,,,,,,,,,,,,,,,,,,,,,,,,2,,,ALP1102,2001.08.20,2026-04-19_10h21.15.918,BrocantoHPilot1WOSession2,2025.2.4,Win32,59.95203837,,,,,,,,,,,,,,,OBJ.N5 SBJ.N4 PUSH-TR,,,7291.508,2,OBJ-N5-SBJ-N4-PUSH-TR.mp4,N5|N4|PUSH,N4|JUMP|Aa|PUSH|GO|N1|N5,timó|dabi|vánta,dabi|bonip|gyék|vánta|kávler|pekli|timó,1,5.259,14.296,timó dabi vánta,7308.882,,,,,,OBJ-N5-SBJ-N4-PUSH-TR.mp4,N5|N4|PUSH,N4|JUMP|Aa|PUSH|GO|N1|N5,timó dabi vánta,timó|dabi|vánta,dabi|bonip|gyék|vánta|kávler|pekli|timó,,,,,,,,,,,,,,,,,,,,,,,,,,,,,,,,,,,0,33,33,33,1,,,,,,,,,,
,,,,,,,,,,,,,,,,,,,,,,,,,2,,,ALP1102,2001.08.20,2026-04-19_10h21.15.918,BrocantoHPilot1WOSession2,2025.2.4,Win32,59.95203837,,,,,,,,,,,,,,,Ab OBJ.N5 Ab SBJ.N3 HIDE-TR Ab LOC.N1,,,7309.388,2,Ab-OBJ-N5-Ab-SBJ-N3-HIDE-TR-Ab-LOC-N1.mp4,Ab|N5|Ab|N3|HIDE|Ab|N1,N3|Ab|N1|REVEAL|PUSH|N5|GO|Ab|HIDE|JUMP|Ab,zsot|timó|zsot|zilép|zsübe|zsot|pekli,zilép|zsot|pekli|girda|vánta|timó|kávler|zsot|zsübe|bonip|zsot,1,6.216,54.777,zsot timó zsot zilép zsübe zsot pekli,7367.891,,,,,,Ab-OBJ-N5-Ab-SBJ-N3-HIDE-TR-Ab-LOC-N1.mp4,Ab|N5|Ab|N3|HIDE|Ab|N1,N3|Ab|N1|REVEAL|PUSH|N5|GO|Ab|HIDE|JUMP|Ab,zsot timó zsot zilép zsübe zsot pekli,zsot|timó|zsot|zilép|zsübe|zsot|pekli,zilép|zsot|pekli|girda|vánta|timó|kávler|zsot|zsübe|bonip|zsot,,,,,,,,,,,,,,,,,,,,,,,,,,,,,,,,,,,0,34,34,34,1,,,,,,,,,,
,,,,,,,,,,,,,,,,,,,,,,,,,2,,,ALP1102,2001.08.20,2026-04-19_10h21.15.918,BrocantoHPilot1WOSession2,2025.2.4,Win32,59.95203837,,,,,,,,,,,,,,,Ab SBJ.N3 JUMP-INTR,,,7368.416,2,Ab-SBJ-N3-JUMP-INTR.mp4,Ab|N3|JUMP,PUSH|REVEAL|N3|N1|JUMP|Ab|Aa,zsot|zilép|bonip,vánta|girda|zilép|pekli|bonip|zsot|gyék,0,6.472,13.052,zsot pekli bonip,7389.064,,,,,,Ab-SBJ-N3-JUMP-INTR.mp4,Ab|N3|JUMP,PUSH|REVEAL|N3|N1|JUMP|Ab|Aa,zsot zilép bonip,zsot|zilép|bonip,vánta|girda|zilép|pekli|bonip|zsot|gyék,,,,,,,,,,,,,,,,,,,,,,,,,,,,,,,,,,,0,35,35,35,1,,,,,,,,,,
,,,,,,,,,,,,,,,,,,,,,,,,,2,,,ALP1102,2001.08.20,2026-04-19_10h21.15.918,BrocantoHPilot1WOSession2,2025.2.4,Win32,59.95203837,,,,,,,,,,,,,,,SBJ.N5 GO-INTR,,,7389.585,2,SBJ-N5-GO-INTR.mp4,N5|GO,Ab|N2|JUMP|N4|N5|GO,timó|kávler,zsot|murak|bonip|dabi|timó|kávler,1,6.353,10.003,timó kávler,7402.67,,,,,,SBJ-N5-GO-INTR.mp4,N5|GO,Ab|N2|JUMP|N4|N5|GO,timó kávler,timó|kávler,zsot|murak|bonip|dabi|timó|kávler,,,,,,,,,,,,,,,,,,,,,,,,,,,,,,,,,,,0,36,36,36,1,,,,,,,,,,
,,,,,,,,,,,,,,,,,,,,,,,,,2,,,ALP1102,2001.08.20,2026-04-19_10h21.15.918,BrocantoHPilot1WOSession2,2025.2.4,Win32,59.95203837,,,,,,,,,,,,,,,Aa SBJ.N2 HIDE-INTR Ab LOC.N5,,,7403.196,2,Aa-SBJ-N2-HIDE-INTR-Ab-LOC-N5.mp4,Aa|N2|HIDE|Ab|N5,N4|Aa|PUSH|JUMP|Ab|N2|N5|N3|HIDE,gyék|murak|zsübe|zsot|timó,dabi|gyék|vánta|bonip|zsot|murak|timó|zilép|zsübe,1,8.276,38.042,gyék murak zsübe zsot timó,7446.23,,,,,,Aa-SBJ-N2-HIDE-INTR-Ab-LOC-N5.mp4,Aa|N2|HIDE|Ab|N5,N4|Aa|PUSH|JUMP|Ab|N2|N5|N3|HIDE,gyék murak zsübe zsot timó,gyék|murak|zsübe|zsot|timó,dabi|gyék|vánta|bonip|zsot|murak|timó|zilép|zsübe,,,,,,,,,,,,,,,,,,,,,,,,,,,,,,,,,,,0,37,37,37,1,,,,,,,,,,
,,,,,,,,,,,,,,,,,,,,,,,,,2,,,ALP1102,2001.08.20,2026-04-19_10h21.15.918,BrocantoHPilot1WOSession2,2025.2.4,Win32,59.95203837,,,,,,,,,,,,,,,Ab SBJ.N1 JUMP-INTR Aa LOC.N4,,,7446.738,2,Ab-SBJ-N1-JUMP-INTR-Aa-LOC-N4.mp4,Ab|N1|JUMP|Aa|N4,Aa|N1|N3|JUMP|Ab|GO|N4|N2|REVEAL,zsot|pekli|bonip|gyék|dabi,gyék|pekli|zilép|bonip|zsot|kávler|dabi|murak|girda,1,31.634,50.094,zsot pekli bonip gyék dabi,7501.388,,,,,,Ab-SBJ-N1-JUMP-INTR-Aa-LOC-N4.mp4,Ab|N1|JUMP|Aa|N4,Aa|N1|N3|JUMP|Ab|GO|N4|N2|REVEAL,zsot pekli bonip gyék dabi,zsot|pekli|bonip|gyék|dabi,gyék|pekli|zilép|bonip|zsot|kávler|dabi|murak|girda,,,,,,,,,,,,,,,,,,,,,,,,,,,,,,,,,,,0,38,38,38,1,,,,,,,,,,
,,,,,,,,,,,,,,,,,,,,,,,,,2,,,ALP1102,2001.08.20,2026-04-19_10h21.15.918,BrocantoHPilot1WOSession2,2025.2.4,Win32,59.95203837,,,,,,,,,,,,,,,Aa SBJ.N1 JUMP-INTR LOC.N4,,,7501.891,2,Aa-SBJ-N1-JUMP-INTR-LOC-N4.mp4,Aa|N1|JUMP|N4,GO|N4|N1|Ab|HIDE|JUMP|Aa|PUSH,gyék|pekli|bonip|dabi,kávler|dabi|pekli|zsot|zsübe|bonip|gyék|vánta,1,5.096,18.997,gyék pekli bonip dabi,7523.901,,,,,,Aa-SBJ-N1-JUMP-INTR-LOC-N4.mp4,Aa|N1|JUMP|N4,GO|N4|N1|Ab|HIDE|JUMP|Aa|PUSH,gyék pekli bonip dabi,gyék|pekli|bonip|dabi,kávler|dabi|pekli|zsot|zsübe|bonip|gyék|vánta,,,,,,,,,,,,,,,,,,,,,,,,,,,,,,,,,,,0,39,39,39,1,,,,,,,,,,
,,,,,,,,,,,,,,,,,,,,,,,,,2,,,ALP1102,2001.08.20,2026-04-19_10h21.15.918,BrocantoHPilot1WOSession2,2025.2.4,Win32,59.95203837,,,,,,,,,,,,,,,OBJ.N5 SBJ.N4 PUSH-TR Ab LOC.N3,,,7524.424,2,OBJ-N5-SBJ-N4-PUSH-TR-Ab-LOC-N3.mp4,N5|N4|PUSH|Ab|N3,Ab|Aa|N3|GO|HIDE|N4|PUSH|N5|N2,timó|dabi|vánta|zsot|zilép,zsot|gyék|zilép|kávler|zsübe|dabi|vánta|timó|murak,1,5.698,44.531,timó dabi vánta zsot zilép,7572.903,,,,,,OBJ-N5-SBJ-N4-PUSH-TR-Ab-LOC-N3.mp4,N5|N4|PUSH|Ab|N3,Ab|Aa|N3|GO|HIDE|N4|PUSH|N5|N2,timó dabi vánta zsot zilép,timó|dabi|vánta|zsot|zilép,zsot|gyék|zilép|kávler|zsübe|dabi|vánta|timó|murak,,,,,,,,,,,,,,,,,,,,,,,,,,,,,,,,,,,0,40,40,40,1,,,,,,,,,,
,,,,,,,,,,,,,,,,,,,,,,,,,2,,,ALP1102,2001.08.20,2026-04-19_10h21.15.918,BrocantoHPilot1WOSession2,2025.2.4,Win32,59.95203837,,,,,,,,,,,,,,,Ab OBJ.N5 Ab SBJ.N1 REVEAL-TR,,,7573.422,2,Ab-OBJ-N5-Ab-SBJ-N1-REVEAL-TR.mp4,Ab|N5|Ab|N1|REVEAL,Aa|JUMP|PUSH|Ab|REVEAL|N1|Ab|N5|HIDE,zsot|timó|zsot|pekli|girda,gyék|bonip|vánta|zsot|girda|pekli|zsot|timó|zsübe,1,6.616,14.627,zsot timó zsot pekli girda,7591.351,,,,,,Ab-OBJ-N5-Ab-SBJ-N1-REVEAL-TR.mp4,Ab|N5|Ab|N1|REVEAL,Aa|JUMP|PUSH|Ab|REVEAL|N1|Ab|N5|HIDE,zsot timó zsot pekli girda,zsot|timó|zsot|pekli|girda,gyék|bonip|vánta|zsot|girda|pekli|zsot|timó|zsübe,,,,,,,,,,,,,,,,,,,,,,,,,,,,,,,,,,,0,41,41,41,1,,,,,,,,,,
,,,,,,,,,,,,,,,,,,,,,,,,,2,,,ALP1102,2001.08.20,2026-04-19_10h21.15.918,BrocantoHPilot1WOSession2,2025.2.4,Win32,59.95203837,,,,,,,,,,,,,,,,,,,,,,,,,,,,,,,,,,,,,,,,,7711.145,chunkTest_s2,0,2,N1-N5.mp3,0,1.462,6,1,3.206,7.312,7719.389,,,,,,N1-N5.mp3,0,,,,,,,,,,,,,,,,,,,,,0,0,0,0,1,,,,,
,,,,,,,,,,,,,,,,,,,,,,,,,2,,,ALP1102,2001.08.20,2026-04-19_10h21.15.918,BrocantoHPilot1WOSession2,2025.2.4,Win32,59.95203837,,,,,,,,,,,,,,,,,,,,,,,,,,,,,,,,,,,,,,,,,7719.898,chunkTest_s2,1,2,PUSH-HIDE.mp3,0,1.327,6,1,3.167,5.689,7726.578,,,,,,PUSH-HIDE.mp3,0,,,,,,,,,,,,,,,,,,,,,0,1,1,1,1,,,,,
,,,,,,,,,,,,,,,,,,,,,,,,,2,,,ALP1102,2001.08.20,2026-04-19_10h21.15.918,BrocantoHPilot1WOSession2,2025.2.4,Win32,59.95203837,,,,,,,,,,,,,,,,,,,,,,,,,,,,,,,,,,,,,,,,,7727.081,chunkTest_s2,2,2,N2-REVEAL.mp3,16,1.028,6,1,2.712,9.352,7740.94,,,,,,N2-REVEAL.mp3,16,,,,,,,,,,,,,,,,,,,,,0,2,2,14,1,,,,,
,,,,,,,,,,,,,,,,,,,,,,,,,2,,,ALP1102,2001.08.20,2026-04-19_10h21.15.918,BrocantoHPilot1WOSession2,2025.2.4,Win32,59.95203837,,,,,,,,,,,,,,,,,,,,,,,,,,,,,,,,,,,,,,,,,7741.551,chunkTest_s2,3,2,N3-N5.mp3,0,1.42,6,1,3.487,5.026,7748.553,,,,,,N3-N5.mp3,0,,,,,,,,,,,,,,,,,,,,,0,3,3,6,1,,,,,
,,,,,,,,,,,,,,,,,,,,,,,,,2,,,ALP1102,2001.08.20,2026-04-19_10h21.15.918,BrocantoHPilot1WOSession2,2025.2.4,Win32,59.95203837,,,,,,,,,,,,,,,,,,,,,,,,,,,,,,,,,,,,,,,,,7749.063,chunkTest_s2,4,2,N3-HIDE.mp3,16,1.278,6,1,2.942,4.536,7761.203,,,,,,N3-HIDE.mp3,16,,,,,,,,,,,,,,,,,,,,,0,4,4,8,1,,,,,
,,,,,,,,,,,,,,,,,,,,,,,,,2,,,ALP1102,2001.08.20,2026-04-19_10h21.15.918,BrocantoHPilot1WOSession2,2025.2.4,Win32,59.95203837,,,,,,,,,,,,,,,,,,,,,,,,,,,,,,,,,,,,,,,,,7761.732,chunkTest_s2,5,2,PUSH-N2.mp3,6,1.842,6,1,3.481,5.923,7773.193,,,,,,PUSH-N2.mp3,6,,,,,,,,,,,,,,,,,,,,,0,5,5,16,1,,,,,
,,,,,,,,,,,,,,,,,,,,,,,,,2,,,ALP1102,2001.08.20,2026-04-19_10h21.15.918,BrocantoHPilot1WOSession2,2025.2.4,Win32,59.95203837,,,,,,,,,,,,,,,,,,,,,,,,,,,,,,,,,,,,,,,,,7773.734,chunkTest_s2,6,2,N2-N4.mp3,0,1.404,6,1,3.044,7.121,7785.357,,,,,,N2-N4.mp3,0,,,,,,,,,,,,,,,,,,,,,0,6,6,5,1,,,,,
,,,,,,,,,,,,,,,,,,,,,,,,,2,,,ALP1102,2001.08.20,2026-04-19_10h21.15.918,BrocantoHPilot1WOSession2,2025.2.4,Win32,59.95203837,,,,,,,,,,,,,,,,,,,,,,,,,,,,,,,,,,,,,,,,,7785.857,chunkTest_s2,7,2,HIDE-HIDE.mp3,0,2.483,1,1,4.213,5.698,7799.436,,,,,,HIDE-HIDE.mp3,0,,,,,,,,,,,,,,,,,,,,,0,7,7,2,1,,,,,
,,,,,,,,,,,,,,,,,,,,,,,,,2,,,ALP1102,2001.08.20,2026-04-19_10h21.15.918,BrocantoHPilot1WOSession2,2025.2.4,Win32,59.95203837,,,,,,,,,,,,,,,,,,,,,,,,,,,,,,,,,,,,,,,,,7799.972,chunkTest_s2,8,2,JUMP-REVEAL.mp3,0,0.982,6,1,4,9.45,7810.536,,,,,,JUMP-REVEAL.mp3,0,,,,,,,,,,,,,,,,,,,,,0,8,8,7,1,,,,,
,,,,,,,,,,,,,,,,,,,,,,,,,2,,,ALP1102,2001.08.20,2026-04-19_10h21.15.918,BrocantoHPilot1WOSession2,2025.2.4,Win32,59.95203837,,,,,,,,,,,,,,,,,,,,,,,,,,,,,,,,,,,,,,,,,7811.049,chunkTest_s2,9,2,HIDE-Aa.mp3,1,0.989,5,1,4.092,11.525,7824.006,,,,,,HIDE-Aa.mp3,1,,,,,,,,,,,,,,,,,,,,,0,9,9,4,1,,,,,
,,,,,,,,,,,,,,,,,,,,,,,,,2,,,ALP1102,2001.08.20,2026-04-19_10h21.15.918,BrocantoHPilot1WOSession2,2025.2.4,Win32,59.95203837,,,,,,,,,,,,,,,,,,,,,,,,,,,,,,,,,,,,,,,,,7824.513,chunkTest_s2,10,2,JUMP-N4.mp3,2,1.373,6,1,3.175,6.808,7832.407,,,,,,JUMP-N4.mp3,2,,,,,,,,,,,,,,,,,,,,,0,10,10,13,1,,,,,
,,,,,,,,,,,,,,,,,,,,,,,,,2,,,ALP1102,2001.08.20,2026-04-19_10h21.15.918,BrocantoHPilot1WOSession2,2025.2.4,Win32,59.95203837,,,,,,,,,,,,,,,,,,,,,,,,,,,,,,,,,,,,,,,,,7832.913,chunkTest_s2,11,2,GO-N3.mp3,2,0.712,5,1,2.792,12.842,7847.687,,,,,,GO-N3.mp3,2,,,,,,,,,,,,,,,,,,,,,0,11,11,9,1,,,,,
,,,,,,,,,,,,,,,,,,,,,,,,,2,,,ALP1102,2001.08.20,2026-04-19_10h21.15.918,BrocantoHPilot1WOSession2,2025.2.4,Win32,59.95203837,,,,,,,,,,,,,,,,,,,,,,,,,,,,,,,,,,,,,,,,,7848.262,chunkTest_s2,12,2,GO-N1.mp3,1,1.23,5,1,3.261,16.38,7865.919,,,,,,GO-N1.mp3,1,,,,,,,,,,,,,,,,,,,,,0,12,12,11,1,,,,,
,,,,,,,,,,,,,,,,,,,,,,,,,2,,,ALP1102,2001.08.20,2026-04-19_10h21.15.918,BrocantoHPilot1WOSession2,2025.2.4,Win32,59.95203837,,,,,,,,,,,,,,,,,,,,,,,,,,,,,,,,,,,,,,,,,7866.42,chunkTest_s2,13,2,HIDE-GO.mp3,0,0.802,1,1,3.885,6.473,7873.457,,,,,,HIDE-GO.mp3,0,,,,,,,,,,,,,,,,,,,,,0,13,13,17,1,,,,,
,,,,,,,,,,,,,,,,,,,,,,,,,2,,,ALP1102,2001.08.20,2026-04-19_10h21.15.918,BrocantoHPilot1WOSession2,2025.2.4,Win32,59.95203837,,,,,,,,,,,,,,,,,,,,,,,,,,,,,,,,,,,,,,,,,7874.069,chunkTest_s2,14,2,PUSH-N4.mp3,6,0.824,6,1,2.236,3.812,7878.646,,,,,,PUSH-N4.mp3,6,,,,,,,,,,,,,,,,,,,,,0,14,14,15,1,,,,,
,,,,,,,,,,,,,,,,,,,,,,,,,2,,,ALP1102,2001.08.20,2026-04-19_10h21.15.918,BrocantoHPilot1WOSession2,2025.2.4,Win32,59.95203837,,,,,,,,,,,,,,,,,,,,,,,,,,,,,,,,,,,,,,,,,7879.162,chunkTest_s2,15,2,N3-GO.mp3,6,3.411,5,1,5.668,16.625,7896.32,,,,,,N3-GO.mp3,6,,,,,,,,,,,,,,,,,,,,,0,15,15,12,1,,,,,
,,,,,,,,,,,,,,,,,,,,,,,,,2,,,ALP1102,2001.08.20,2026-04-19_10h21.15.918,BrocantoHPilot1WOSession2,2025.2.4,Win32,59.95203837,,,,,,,,,,,,,,,,,,,,,,,,,,,,,,,,,,,,,,,,,7896.824,chunkTest_s2,16,2,N4-N1.mp3,0,2.415,6,1,4.314,10.339,7908.737,,,,,,N4-N1.mp3,0,,,,,,,,,,,,,,,,,,,,,0,16,16,18,1,,,,,
,,,,,,,,,,,,,,,,,,,,,,,,,2,,,ALP1102,2001.08.20,2026-04-19_10h21.15.918,BrocantoHPilot1WOSession2,2025.2.4,Win32,59.95203837,,,,,,,,,,,,,,,,,,,,,,,,,,,,,,,,,,,,,,,,,7909.246,chunkTest_s2,17,2,JUMP-N2.mp3,3,1.488,5,1,3.318,9.511,7919.449,,,,,,JUMP-N2.mp3,3,,,,,,,,,,,,,,,,,,,,,0,17,17,10,1,,,,,
,,,,,,,,,,,,,,,,,,,,,,,,,2,,,ALP1102,2001.08.20,2026-04-19_10h21.15.918,BrocantoHPilot1WOSession2,2025.2.4,Win32,59.95203837,,,,,,,,,,,,,,,,,,,,,,,,,,,,,,,,,,,,,,,,,7920.019,chunkTest_s2,18,2,N1-N4.mp3,0,0.67,6,1,2.353,4.92,7931.303,,,,,,N1-N4.mp3,0,,,,,,,,,,,,,,,,,,,,,0,18,18,3,1,,,,,
,,,,,,,,,,,,,,,,,,,,,,,,,2,,,ALP1102,2001.08.20,2026-04-19_10h21.15.918,BrocantoHPilot1WOSession2,2025.2.4,Win32,59.95203837,,,,,,,,,,,,,,,,,,,,,,,,,,,,,,,,,,,,,,,,,7931.852,chunkTest_s2,19,2,REVEAL-GO.mp3,0,0.831,1,1,2.869,14.302,7946.893,,,,,,REVEAL-GO.mp3,0,,,,,,,,,,,,,,,,,,,,,0,19,19,19,1,,,,,
,,,,,,,,,,,,,,,,,,,,,,,,,2,,,ALP1102,2001.08.20,2026-04-19_10h21.15.918,BrocantoHPilot1WOSession2,2025.2.4,Win32,59.95203837,,,,,,,,,,,,,,,,,,,,,,,,,,,,,,,,,,,,,,,,,7954.973,GJTest_s2,0,2,OBJ-N1-SBJ-N4-JUMP-INTR-Aa.mp3,,8.934,1,3,3.919,24.966,7981.285,,,,,,OBJ-N1-SBJ-N4-JUMP-INTR-Aa.mp3,,,,,,,,,,,,,,,,,,,,,,,,,,,0,0,0,16,1
,,,,,,,,,,,,,,,,,,,,,,,,,2,,,ALP1102,2001.08.20,2026-04-19_10h21.15.918,BrocantoHPilot1WOSession2,2025.2.4,Win32,59.95203837,,,,,,,,,,,,,,,,,,,,,,,,,,,,,,,,,,,,,,,,,7981.852,GJTest_s2,1,2,OBJ-N5-Ab-SBJ-N2-HIDE-TR-Ab-LOC-N1.mp3,0,40.71,6,4,4.349,65.137,8048.32,,,,,,OBJ-N5-Ab-SBJ-N2-HIDE-TR-Ab-LOC-N1.mp3,0,,,,,,,,,,,,,,,,,,,,,,,,,,0,1,1,5,1
,,,,,,,,,,,,,,,,,,,,,,,,,2,,,ALP1102,2001.08.20,2026-04-19_10h21.15.918,BrocantoHPilot1WOSession2,2025.2.4,Win32,59.95203837,,,,,,,,,,,,,,,,,,,,,,,,,,,,,,,,,,,,,,,,,8048.835,GJTest_s2,2,2,OBJ-N5-SBJ-N2-HIDE-TR-Ab.mp3,,11.32,2,2,4.854,24.193,8075.969,,,,,,OBJ-N5-SBJ-N2-HIDE-TR-Ab.mp3,,,,,,,,,,,,,,,,,,,,,,,,,,,0,2,2,11,1
,,,,,,,,,,,,,,,,,,,,,,,,,2,,,ALP1102,2001.08.20,2026-04-19_10h21.15.918,BrocantoHPilot1WOSession2,2025.2.4,Win32,59.95203837,,,,,,,,,,,,,,,,,,,,,,,,,,,,,,,,,,,,,,,,,8076.553,GJTest_s2,3,2,SBJ-N1-Aa-HIDE-INTR-Ab-LOC-N5-LOC-N2.mp3,,19.502,2,3,4.985,23.863,8101.669,,,,,,SBJ-N1-Aa-HIDE-INTR-Ab-LOC-N5-LOC-N2.mp3,,,,,,,,,,,,,,,,,,,,,,,,,,,0,3,3,17,1
,,,,,,,,,,,,,,,,,,,,,,,,,2,,,ALP1102,2001.08.20,2026-04-19_10h21.15.918,BrocantoHPilot1WOSession2,2025.2.4,Win32,59.95203837,,,,,,,,,,,,,,,,,,,,,,,,,,,,,,,,,,,,,,,,,8102.18,GJTest_s2,4,2,SBJ-N5-JUMP-INTR.mp3,4,0.741,6,1,2.406,5.071,8108.085,,,,,,SBJ-N5-JUMP-INTR.mp3,4,,,,,,,,,,,,,,,,,,,,,,,,,,0,4,4,3,1
,,,,,,,,,,,,,,,,,,,,,,,,,2,,,ALP1102,2001.08.20,2026-04-19_10h21.15.918,BrocantoHPilot1WOSession2,2025.2.4,Win32,59.95203837,,,,,,,,,,,,,,,,,,,,,,,,,,,,,,,,,,,,,,,,,8108.645,GJTest_s2,5,2,OBJ-N4-Ab-SBJ-N3-REVEAL-TR-Aa-LOC-N5-LOC-N1.mp3,,30.359,3,5,5.072,44.574,8154.303,,,,,,OBJ-N4-Ab-SBJ-N3-REVEAL-TR-Aa-LOC-N5-LOC-N1.mp3,,,,,,,,,,,,,,,,,,,,,,,,,,,0,5,5,19,1
,,,,,,,,,,,,,,,,,,,,,,,,,2,,,ALP1102,2001.08.20,2026-04-19_10h21.15.918,BrocantoHPilot1WOSession2,2025.2.4,Win32,59.95203837,,,,,,,,,,,,,,,,,,,,,,,,,,,,,,,,,,,,,,,,,8154.851,GJTest_s2,6,2,OBJ-N5-SBJ-N1-HIDE-TR-LOC-N2-LOC-N3.mp3,,13.142,5,3,6.024,42.762,8198.655,,,,,,OBJ-N5-SBJ-N1-HIDE-TR-LOC-N2-LOC-N3.mp3,,,,,,,,,,,,,,,,,,,,,,,,,,,0,6,6,12,1
,,,,,,,,,,,,,,,,,,,,,,,,,2,,,ALP1102,2001.08.20,2026-04-19_10h21.15.918,BrocantoHPilot1WOSession2,2025.2.4,Win32,59.95203837,,,,,,,,,,,,,,,,,,,,,,,,,,,,,,,,,,,,,,,,,8199.213,GJTest_s2,7,2,Ab-OBJ-N4-SBJ-N3-REVEAL-TR-Aa-LOC-N5.mp3,0,43.642,6,5,5.208,48.046,8248.202,,,,,,Ab-OBJ-N4-SBJ-N3-REVEAL-TR-Aa-LOC-N5.mp3,0,,,,,,,,,,,,,,,,,,,,,,,,,,0,7,7,9,1
,,,,,,,,,,,,,,,,,,,,,,,,,2,,,ALP1102,2001.08.20,2026-04-19_10h21.15.918,BrocantoHPilot1WOSession2,2025.2.4,Win32,59.95203837,,,,,,,,,,,,,,,,,,,,,,,,,,,,,,,,,,,,,,,,,8248.704,GJTest_s2,8,2,OBJ-N5-SBJ-N1-HIDE-TR-LOC-N2.mp3,6,6.468,6,2,3.49,19.941,8269.886,,,,,,OBJ-N5-SBJ-N1-HIDE-TR-LOC-N2.mp3,6,,,,,,,,,,,,,,,,,,,,,,,,,,0,8,8,2,1
,,,,,,,,,,,,,,,,,,,,,,,,,2,,,ALP1102,2001.08.20,2026-04-19_10h21.15.918,BrocantoHPilot1WOSession2,2025.2.4,Win32,59.95203837,,,,,,,,,,,,,,,,,,,,,,,,,,,,,,,,,,,,,,,,,8270.461,GJTest_s2,9,2,Ab-SBJ-N2-GO-INTR-LOC-N4.mp3,0,11.663,3,2,4.489,29.416,8300.505,,,,,,Ab-SBJ-N2-GO-INTR-LOC-N4.mp3,0,,,,,,,,,,,,,,,,,,,,,,,,,,0,9,9,8,1
,,,,,,,,,,,,,,,,,,,,,,,,,2,,,ALP1102,2001.08.20,2026-04-19_10h21.15.918,BrocantoHPilot1WOSession2,2025.2.4,Win32,59.95203837,,,,,,,,,,,,,,,,,,,,,,,,,,,,,,,,,,,,,,,,,8301.036,GJTest_s2,10,2,OBJ-N5-SBJ-N2-Ab-HIDE-TR-Ab-LOC-N1-LOC-N3.mp3,,33.102,2,4,12.635,43.985,8345.653,,,,,,OBJ-N5-SBJ-N2-Ab-HIDE-TR-Ab-LOC-N1-LOC-N3.mp3,,,,,,,,,,,,,,,,,,,,,,,,,,,0,10,10,15,1
,,,,,,,,,,,,,,,,,,,,,,,,,2,,,ALP1102,2001.08.20,2026-04-19_10h21.15.918,BrocantoHPilot1WOSession2,2025.2.4,Win32,59.95203837,,,,,,,,,,,,,,,,,,,,,,,,,,,,,,,,,,,,,,,,,8346.19,GJTest_s2,11,2,Ab-OBJ-N5-SBJ-N2-HIDE-TR.mp3,3,7.131,6,2,4.081,23.765,8370.581,,,,,,Ab-OBJ-N5-SBJ-N2-HIDE-TR.mp3,3,,,,,,,,,,,,,,,,,,,,,,,,,,0,11,11,1,1
,,,,,,,,,,,,,,,,,,,,,,,,,2,,,ALP1102,2001.08.20,2026-04-19_10h21.15.918,BrocantoHPilot1WOSession2,2025.2.4,Win32,59.95203837,,,,,,,,,,,,,,,,,,,,,,,,,,,,,,,,,,,,,,,,,8371.124,GJTest_s2,12,2,SBJ-N2-JUMP-INTR-LOC-N1.mp3,1,0.68,6,1,3.8,7.578,8380.928,,,,,,SBJ-N2-JUMP-INTR-LOC-N1.mp3,1,,,,,,,,,,,,,,,,,,,,,,,,,,0,12,12,0,1
,,,,,,,,,,,,,,,,,,,,,,,,,2,,,ALP1102,2001.08.20,2026-04-19_10h21.15.918,BrocantoHPilot1WOSession2,2025.2.4,Win32,59.95203837,,,,,,,,,,,,,,,,,,,,,,,,,,,,,,,,,,,,,,,,,8381.431,GJTest_s2,13,2,SBJ-N1-PUSH-TR.mp3,,0.858,3,1,2.758,9.508,8392.154,,,,,,SBJ-N1-PUSH-TR.mp3,,,,,,,,,,,,,,,,,,,,,,,,,,,0,13,13,14,1
,,,,,,,,,,,,,,,,,,,,,,,,,2,,,ALP1102,2001.08.20,2026-04-19_10h21.15.918,BrocantoHPilot1WOSession2,2025.2.4,Win32,59.95203837,,,,,,,,,,,,,,,,,,,,,,,,,,,,,,,,,,,,,,,,,8392.717,GJTest_s2,14,2,Aa-SBJ-N1-HIDE-INTR-Ab-LOC-N5.mp3,0,4.989,3,2,4.322,18.389,8414.477,,,,,,Aa-SBJ-N1-HIDE-INTR-Ab-LOC-N5.mp3,0,,,,,,,,,,,,,,,,,,,,,,,,,,0,14,14,7,1
,,,,,,,,,,,,,,,,,,,,,,,,,2,,,ALP1102,2001.08.20,2026-04-19_10h21.15.918,BrocantoHPilot1WOSession2,2025.2.4,Win32,59.95203837,,,,,,,,,,,,,,,,,,,,,,,,,,,,,,,,,,,,,,,,,8415.065,GJTest_s2,15,2,OBJ-N1-SBJ-N2-Ab-GO-INTR-LOC-N4.mp3,,15.306,2,3,4.822,29.144,8445.269,,,,,,OBJ-N1-SBJ-N2-Ab-GO-INTR-LOC-N4.mp3,,,,,,,,,,,,,,,,,,,,,,,,,,,0,15,15,18,1
,,,,,,,,,,,,,,,,,,,,,,,,,2,,,ALP1102,2001.08.20,2026-04-19_10h21.15.918,BrocantoHPilot1WOSession2,2025.2.4,Win32,59.95203837,,,,,,,,,,,,,,,,,,,,,,,,,,,,,,,,,,,,,,,,,8445.774,GJTest_s2,16,2,OBJ-N1-SBJ-N5-JUMP-INTR.mp3,,6.098,3,2,3.051,16.33,8462.635,,,,,,OBJ-N1-SBJ-N5-JUMP-INTR.mp3,,,,,,,,,,,,,,,,,,,,,,,,,,,0,16,16,13,1
,,,,,,,,,,,,,,,,,,,,,,,,,2,,,ALP1102,2001.08.20,2026-04-19_10h21.15.918,BrocantoHPilot1WOSession2,2025.2.4,Win32,59.95203837,,,,,,,,,,,,,,,,,,,,,,,,,,,,,,,,,,,,,,,,,8463.148,GJTest_s2,17,2,JUMP-INTR-LOC-N1.mp3,,1.092,3,1,2.989,5.423,8471.731,,,,,,JUMP-INTR-LOC-N1.mp3,,,,,,,,,,,,,,,,,,,,,,,,,,,0,17,17,10,1
,,,,,,,,,,,,,,,,,,,,,,,,,2,,,ALP1102,2001.08.20,2026-04-19_10h21.15.918,BrocantoHPilot1WOSession2,2025.2.4,Win32,59.95203837,,,,,,,,,,,,,,,,,,,,,,,,,,,,,,,,,,,,,,,,,8472.242,GJTest_s2,18,2,Aa-SBJ-N4-JUMP-INTR.mp3,0,9.084,6,3,3.278,14.795,8487.953,,,,,,Aa-SBJ-N4-JUMP-INTR.mp3,0,,,,,,,,,,,,,,,,,,,,,,,,,,0,18,18,6,1
,,,,,,,,,,,,,,,,,,,,,,,,,2,,,ALP1102,2001.08.20,2026-04-19_10h21.15.918,BrocantoHPilot1WOSession2,2025.2.4,Win32,59.95203837,,,,,,,,,,,,,,,,,,,,,,,,,,,,,,,,,,,,,,,,,8488.487,GJTest_s2,19,2,OBJ-N5-SBJ-N1-PUSH-TR.mp3,5,14.151,6,2,3.951,22.485,8511.756,,,,,,OBJ-N5-SBJ-N1-PUSH-TR.mp3,5,,,,,,,,,,,,,,,,,,,,,,,,,,0,19,19,4,1
