passiveTrial.started,passive.sessionIndex,passive.movie,passive.sound,passiveTrial.stopped,passiveSelfPaceKey.keys,passiveSelfPaceKey.rt,passiveSelfPaceKey.duration,passiveTrials_s1.thisRepN,passiveTrials_s1.thisTrialN,passiveTrials_s1.thisN,passiveTrials_s1.thisIndex,passiveTrials_s1.ran,sessionIndex,passiveMovie,passiveSound,participant,születési dátum (ÉÉÉÉ.HH.NN),date,expName,psychopyVersion,OS,frameRate,comprehensionTrial.started,comprehension.sessionIndex,comprehension.correctPosition,comprehension.response,comprehension.rt,comprehension.correct,comprehension.t_sentenceAudioEnd,comprehension.t_lastChoiceClick,comprehensionTrial.stopped,comprehensionTrials_s1.thisRepN,comprehensionTrials_s1.thisTrialN,comprehensionTrials_s1.thisN,comprehensionTrials_s1.thisIndex,comprehensionTrials_s1.ran,sentence,video_correct,video_incorrect,productionTrial.started,production.sessionIndex,production.video,production.correct_words,production.all_words,production.correct_words_form,production.all_words_form,production.correct,production.t_firstVideoEnd,production.t_lastWordClick,production.response,productionTrial.stopped,productionTrials_s1.thisRepN,productionTrials_s1.thisTrialN,productionTrials_s1.thisN,productionTrials_s1.thisIndex,productionTrials_s1.ran,video,correct_words,all_words,sentence_form,correct_words_form,all_words_form,familiarityTrial.started,familiarity.testName,familiarity.thisN,familiarity.sessionIndex,familiarity.audio,familiarity.previous_encounters,familiarity.playAttemptTime,familiarity.rating,familiarity.playClickCount,familiarity.t_audioEnd,familiarity.t_lastLikertClick,familiarityTrial.stopped,chunkTest_s1.thisRepN,chunkTest_s1.thisTrialN,chunkTest_s1.thisN,chunkTest_s1.thisIndex,chunkTest_s1.ran,audio,previous_encounters,GJTest_s1.thisRepN,GJTest_s1.thisTrialN,GJTest_s1.thisN,GJTest_s1.thisIndex,GJTest_s1.ran,passiveTrials_s2.thisRepN,passiveTrials_s2.thisTrialN,passiveTrials_s2.thisN,passiveTrials_s2.thisIndex,passiveTrials_s2.ran,comprehensionTrials_s2.thisRepN,comprehensionTrials_s2.thisTrialN,comprehensionTrials_s2.thisN,comprehensionTrials_s2.thisIndex,comprehensionTrials_s2.ran,productionTrials_s2.thisRepN,productionTrials_s2.thisTrialN,productionTrials_s2.thisN,productionTrials_s2.thisIndex,productionTrials_s2.ran,chunkTest_s2.thisRepN,chunkTest_s2.thisTrialN,chunkTest_s2.thisN,chunkTest_s2.thisIndex,chunkTest_s2.ran,GJTest_s2.thisRepN,GJTest_s2.thisTrialN,GJTest_s2.thisN,GJTest_s2.thisIndex,GJTest_s2.ran
23.676,1,OBJ-N5-SBJ-N1-PUSH-TR-Ab-LOC-N2.mp4,OBJ-N5-SBJ-N1-PUSH-TR-Ab-LOC-N2.mp3,36.26,mouse_continue,12.588,,0,0,0,0,1,1,OBJ-N5-SBJ-N1-PUSH-TR-Ab-LOC-N2.mp4,OBJ-N5-SBJ-N1-PUSH-TR-Ab-LOC-N2.mp3,268039,,2026-04-27_17h11.22.286,BrocantoHPilot1WOSession3,2025.2.4,Win32,120.1923077,,,,,,,,,,,,,,,,,,,,,,,,,,,,,,,,,,,,,,,,,,,,,,,,,,,,,,,,,,,,,,,,,,,,,,,,,,,,,,,,,,,,,,,,,
36.261,1,Ab-SBJ-N4-REVEAL-INTR-LOC-N5.mp4,Ab-SBJ-N4-REVEAL-INTR-LOC-N5.mp3,44.501,mouse_continue,8.24,,0,1,1,1,1,1,Ab-SBJ-N4-REVEAL-INTR-LOC-N5.mp4,Ab-SBJ-N4-REVEAL-INTR-LOC-N5.mp3,268039,,2026-04-27_17h11.22.286,BrocantoHPilot1WOSession3,2025.2.4,Win32,120.1923077,,,,,,,,,,,,,,,,,,,,,,,,,,,,,,,,,,,,,,,,,,,,,,,,,,,,,,,,,,,,,,,,,,,,,,,,,,,,,,,,,,,,,,,,,
44.502,1,OBJ-N5-SBJ-N2-HIDE-TR-Ab-LOC-N4.mp4,OBJ-N5-SBJ-N2-HIDE-TR-Ab-LOC-N4.mp3,53.11,mouse_continue,8.607,,0,2,2,2,1,1,OBJ-N5-SBJ-N2-HIDE-TR-Ab-LOC-N4.mp4,OBJ-N5-SBJ-N2-HIDE-TR-Ab-LOC-N4.mp3,268039,,2026-04-27_17h11.22.286,BrocantoHPilot1WOSession3,2025.2.4,Win32,120.1923077,,,,,,,,,,,,,,,,,,,,,,,,,,,,,,,,,,,,,,,,,,,,,,,,,,,,,,,,,,,,,,,,,,,,,,,,,,,,,,,,,,,,,,,,,
53.111,1,Ab-SBJ-N4-REVEAL-INTR-Ab-LOC-N5.mp4,Ab-SBJ-N4-REVEAL-INTR-Ab-LOC-N5.mp3,61.634,mouse_continue,8.523,,0,3,3,3,1,1,Ab-SBJ-N4-REVEAL-INTR-Ab-LOC-N5.mp4,Ab-SBJ-N4-REVEAL-INTR-Ab-LOC-N5.mp3,268039,,2026-04-27_17h11.22.286,BrocantoHPilot1WOSession3,2025.2.4,Win32,120.1923077,,,,,,,,,,,,,,,,,,,,,,,,,,,,,,,,,,,,,,,,,,,,,,,,,,,,,,,,,,,,,,,,,,,,,,,,,,,,,,,,,,,,,,,,,
61.635,1,OBJ-N5-Ab-SBJ-N4-REVEAL-TR-Ab-LOC-N1.mp4,OBJ-N5-Ab-SBJ-N4-REVEAL-TR-Ab-LOC-N1.mp3,68.409,mouse_continue,6.774,,0,4,4,4,1,1,OBJ-N5-Ab-SBJ-N4-REVEAL-TR-Ab-LOC-N1.mp4,OBJ-N5-Ab-SBJ-N4-REVEAL-TR-Ab-LOC-N1.mp3,268039,,2026-04-27_17h11.22.286,BrocantoHPilot1WOSession3,2025.2.4,Win32,120.1923077,,,,,,,,,,,,,,,,,,,,,,,,,,,,,,,,,,,,,,,,,,,,,,,,,,,,,,,,,,,,,,,,,,,,,,,,,,,,,,,,,,,,,,,,,
68.409,1,SBJ-N3-REVEAL-INTR-Ab-LOC-N2.mp4,SBJ-N3-REVEAL-INTR-Ab-LOC-N2.mp3,75.442,mouse_continue,7.032,,0,5,5,5,1,1,SBJ-N3-REVEAL-INTR-Ab-LOC-N2.mp4,SBJ-N3-REVEAL-INTR-Ab-LOC-N2.mp3,268039,,2026-04-27_17h11.22.286,BrocantoHPilot1WOSession3,2025.2.4,Win32,120.1923077,,,,,,,,,,,,,,,,,,,,,,,,,,,,,,,,,,,,,,,,,,,,,,,,,,,,,,,,,,,,,,,,,,,,,,,,,,,,,,,,,,,,,,,,,
75.442,1,OBJ-N5-SBJ-N4-HIDE-TR-Ab-LOC-N2.mp4,OBJ-N5-SBJ-N4-HIDE-TR-Ab-LOC-N2.mp3,83.401,mouse_continue,7.958,,0,6,6,6,1,1,OBJ-N5-SBJ-N4-HIDE-TR-Ab-LOC-N2.mp4,OBJ-N5-SBJ-N4-HIDE-TR-Ab-LOC-N2.mp3,268039,,2026-04-27_17h11.22.286,BrocantoHPilot1WOSession3,2025.2.4,Win32,120.1923077,,,,,,,,,,,,,,,,,,,,,,,,,,,,,,,,,,,,,,,,,,,,,,,,,,,,,,,,,,,,,,,,,,,,,,,,,,,,,,,,,,,,,,,,,
83.401,1,Ab-SBJ-N2-HIDE-INTR.mp4,Ab-SBJ-N2-HIDE-INTR.mp3,90.05,mouse_continue,6.649,,0,7,7,7,1,1,Ab-SBJ-N2-HIDE-INTR.mp4,Ab-SBJ-N2-HIDE-INTR.mp3,268039,,2026-04-27_17h11.22.286,BrocantoHPilot1WOSession3,2025.2.4,Win32,120.1923077,,,,,,,,,,,,,,,,,,,,,,,,,,,,,,,,,,,,,,,,,,,,,,,,,,,,,,,,,,,,,,,,,,,,,,,,,,,,,,,,,,,,,,,,,
90.052,1,SBJ-N5-REVEAL-INTR-Ab-LOC-N4.mp4,SBJ-N5-REVEAL-INTR-Ab-LOC-N4.mp3,96.392,mouse_continue,6.339,,0,8,8,8,1,1,SBJ-N5-REVEAL-INTR-Ab-LOC-N4.mp4,SBJ-N5-REVEAL-INTR-Ab-LOC-N4.mp3,268039,,2026-04-27_17h11.22.286,BrocantoHPilot1WOSession3,2025.2.4,Win32,120.1923077,,,,,,,,,,,,,,,,,,,,,,,,,,,,,,,,,,,,,,,,,,,,,,,,,,,,,,,,,,,,,,,,,,,,,,,,,,,,,,,,,,,,,,,,,
96.392,1,OBJ-N5-Ab-SBJ-N1-PUSH-TR.mp4,OBJ-N5-Ab-SBJ-N1-PUSH-TR.mp3,106.083,mouse_continue,9.69,,0,9,9,9,1,1,OBJ-N5-Ab-SBJ-N1-PUSH-TR.mp4,OBJ-N5-Ab-SBJ-N1-PUSH-TR.mp3,268039,,2026-04-27_17h11.22.286,BrocantoHPilot1WOSession3,2025.2.4,Win32,120.1923077,,,,,,,,,,,,,,,,,,,,,,,,,,,,,,,,,,,,,,,,,,,,,,,,,,,,,,,,,,,,,,,,,,,,,,,,,,,,,,,,,,,,,,,,,
106.083,1,SBJ-N5-REVEAL-INTR-Ab-LOC-N3.mp4,SBJ-N5-REVEAL-INTR-Ab-LOC-N3.mp3,112.274,mouse_continue,6.191,,0,10,10,10,1,1,SBJ-N5-REVEAL-INTR-Ab-LOC-N3.mp4,SBJ-N5-REVEAL-INTR-Ab-LOC-N3.mp3,268039,,2026-04-27_17h11.22.286,BrocantoHPilot1WOSession3,2025.2.4,Win32,120.1923077,,,,,,,,,,,,,,,,,,,,,,,,,,,,,,,,,,,,,,,,,,,,,,,,,,,,,,,,,,,,,,,,,,,,,,,,,,,,,,,,,,,,,,,,,
112.275,1,OBJ-N5-Ab-SBJ-N4-REVEAL-TR-LOC-N3.mp4,OBJ-N5-Ab-SBJ-N4-REVEAL-TR-LOC-N3.mp3,119.625,mouse_continue,7.35,,0,11,11,11,1,1,OBJ-N5-Ab-SBJ-N4-REVEAL-TR-LOC-N3.mp4,OBJ-N5-Ab-SBJ-N4-REVEAL-TR-LOC-N3.mp3,268039,,2026-04-27_17h11.22.286,BrocantoHPilot1WOSession3,2025.2.4,Win32,120.1923077,,,,,,,,,,,,,,,,,,,,,,,,,,,,,,,,,,,,,,,,,,,,,,,,,,,,,,,,,,,,,,,,,,,,,,,,,,,,,,,,,,,,,,,,,
119.626,1,SBJ-N3-JUMP-INTR.mp4,SBJ-N3-JUMP-INTR.mp3,125.249,mouse_continue,5.622,,0,12,12,12,1,1,SBJ-N3-JUMP-INTR.mp4,SBJ-N3-JUMP-INTR.mp3,268039,,2026-04-27_17h11.22.286,BrocantoHPilot1WOSession3,2025.2.4,Win32,120.1923077,,,,,,,,,,,,,,,,,,,,,,,,,,,,,,,,,,,,,,,,,,,,,,,,,,,,,,,,,,,,,,,,,,,,,,,,,,,,,,,,,,,,,,,,,
125.25,1,Ab-OBJ-N5-Ab-SBJ-N3-REVEAL-TR.mp4,Ab-OBJ-N5-Ab-SBJ-N3-REVEAL-TR.mp3,132.955,mouse_continue,7.705,,0,13,13,13,1,1,Ab-OBJ-N5-Ab-SBJ-N3-REVEAL-TR.mp4,Ab-OBJ-N5-Ab-SBJ-N3-REVEAL-TR.mp3,268039,,2026-04-27_17h11.22.286,BrocantoHPilot1WOSession3,2025.2.4,Win32,120.1923077,,,,,,,,,,,,,,,,,,,,,,,,,,,,,,,,,,,,,,,,,,,,,,,,,,,,,,,,,,,,,,,,,,,,,,,,,,,,,,,,,,,,,,,,,
132.956,1,OBJ-N5-Ab-SBJ-N4-PUSH-TR-Ab-LOC-N2.mp4,OBJ-N5-Ab-SBJ-N4-PUSH-TR-Ab-LOC-N2.mp3,141.549,mouse_continue,8.593,,0,14,14,14,1,1,OBJ-N5-Ab-SBJ-N4-PUSH-TR-Ab-LOC-N2.mp4,OBJ-N5-Ab-SBJ-N4-PUSH-TR-Ab-LOC-N2.mp3,268039,,2026-04-27_17h11.22.286,BrocantoHPilot1WOSession3,2025.2.4,Win32,120.1923077,,,,,,,,,,,,,,,,,,,,,,,,,,,,,,,,,,,,,,,,,,,,,,,,,,,,,,,,,,,,,,,,,,,,,,,,,,,,,,,,,,,,,,,,,
141.549,1,Ab-SBJ-N3-REVEAL-INTR-LOC-N4.mp4,Ab-SBJ-N3-REVEAL-INTR-LOC-N4.mp3,148.465,mouse_continue,6.915,,0,15,15,15,1,1,Ab-SBJ-N3-REVEAL-INTR-LOC-N4.mp4,Ab-SBJ-N3-REVEAL-INTR-LOC-N4.mp3,268039,,2026-04-27_17h11.22.286,BrocantoHPilot1WOSession3,2025.2.4,Win32,120.1923077,,,,,,,,,,,,,,,,,,,,,,,,,,,,,,,,,,,,,,,,,,,,,,,,,,,,,,,,,,,,,,,,,,,,,,,,,,,,,,,,,,,,,,,,,
148.465,1,Ab-SBJ-N2-GO-INTR.mp4,Ab-SBJ-N2-GO-INTR.mp3,154.598,mouse_continue,6.133,,0,16,16,16,1,1,Ab-SBJ-N2-GO-INTR.mp4,Ab-SBJ-N2-GO-INTR.mp3,268039,,2026-04-27_17h11.22.286,BrocantoHPilot1WOSession3,2025.2.4,Win32,120.1923077,,,,,,,,,,,,,,,,,,,,,,,,,,,,,,,,,,,,,,,,,,,,,,,,,,,,,,,,,,,,,,,,,,,,,,,,,,,,,,,,,,,,,,,,,
154.6,1,OBJ-N5-SBJ-N2-HIDE-TR.mp4,OBJ-N5-SBJ-N2-HIDE-TR.mp3,160.423,mouse_continue,5.823,,0,17,17,17,1,1,OBJ-N5-SBJ-N2-HIDE-TR.mp4,OBJ-N5-SBJ-N2-HIDE-TR.mp3,268039,,2026-04-27_17h11.22.286,BrocantoHPilot1WOSession3,2025.2.4,Win32,120.1923077,,,,,,,,,,,,,,,,,,,,,,,,,,,,,,,,,,,,,,,,,,,,,,,,,,,,,,,,,,,,,,,,,,,,,,,,,,,,,,,,,,,,,,,,,
160.423,1,Ab-OBJ-N5-Ab-SBJ-N1-REVEAL-TR.mp4,Ab-OBJ-N5-Ab-SBJ-N1-REVEAL-TR.mp3,167.59,mouse_continue,7.166,,0,18,18,18,1,1,Ab-OBJ-N5-Ab-SBJ-N1-REVEAL-TR.mp4,Ab-OBJ-N5-Ab-SBJ-N1-REVEAL-TR.mp3,268039,,2026-04-27_17h11.22.286,BrocantoHPilot1WOSession3,2025.2.4,Win32,120.1923077,,,,,,,,,,,,,,,,,,,,,,,,,,,,,,,,,,,,,,,,,,,,,,,,,,,,,,,,,,,,,,,,,,,,,,,,,,,,,,,,,,,,,,,,,
167.591,1,OBJ-N5-Ab-SBJ-N4-PUSH-TR-LOC-N3.mp4,OBJ-N5-Ab-SBJ-N4-PUSH-TR-LOC-N3.mp3,175.906,mouse_continue,8.316,,0,19,19,19,1,1,OBJ-N5-Ab-SBJ-N4-PUSH-TR-LOC-N3.mp4,OBJ-N5-Ab-SBJ-N4-PUSH-TR-LOC-N3.mp3,268039,,2026-04-27_17h11.22.286,BrocantoHPilot1WOSession3,2025.2.4,Win32,120.1923077,,,,,,,,,,,,,,,,,,,,,,,,,,,,,,,,,,,,,,,,,,,,,,,,,,,,,,,,,,,,,,,,,,,,,,,,,,,,,,,,,,,,,,,,,
175.906,1,SBJ-N1-GO-INTR.mp4,SBJ-N1-GO-INTR.mp3,181.522,mouse_continue,5.616,,0,20,20,20,1,1,SBJ-N1-GO-INTR.mp4,SBJ-N1-GO-INTR.mp3,268039,,2026-04-27_17h11.22.286,BrocantoHPilot1WOSession3,2025.2.4,Win32,120.1923077,,,,,,,,,,,,,,,,,,,,,,,,,,,,,,,,,,,,,,,,,,,,,,,,,,,,,,,,,,,,,,,,,,,,,,,,,,,,,,,,,,,,,,,,,
181.523,1,Ab-OBJ-N5-SBJ-N1-HIDE-TR.mp4,Ab-OBJ-N5-SBJ-N1-HIDE-TR.mp3,189.12,mouse_continue,7.596,,0,21,21,21,1,1,Ab-OBJ-N5-SBJ-N1-HIDE-TR.mp4,Ab-OBJ-N5-SBJ-N1-HIDE-TR.mp3,268039,,2026-04-27_17h11.22.286,BrocantoHPilot1WOSession3,2025.2.4,Win32,120.1923077,,,,,,,,,,,,,,,,,,,,,,,,,,,,,,,,,,,,,,,,,,,,,,,,,,,,,,,,,,,,,,,,,,,,,,,,,,,,,,,,,,,,,,,,,
189.121,1,OBJ-N5-Ab-SBJ-N3-HIDE-TR-LOC-N4.mp4,OBJ-N5-Ab-SBJ-N3-HIDE-TR-LOC-N4.mp3,196.322,mouse_continue,7.201,,0,22,22,22,1,1,OBJ-N5-Ab-SBJ-N3-HIDE-TR-LOC-N4.mp4,OBJ-N5-Ab-SBJ-N3-HIDE-TR-LOC-N4.mp3,268039,,2026-04-27_17h11.22.286,BrocantoHPilot1WOSession3,2025.2.4,Win32,120.1923077,,,,,,,,,,,,,,,,,,,,,,,,,,,,,,,,,,,,,,,,,,,,,,,,,,,,,,,,,,,,,,,,,,,,,,,,,,,,,,,,,,,,,,,,,
196.323,1,Ab-SBJ-N2-HIDE-INTR.mp4,Ab-SBJ-N2-HIDE-INTR.mp3,201.956,mouse_continue,5.632,,0,23,23,23,1,1,Ab-SBJ-N2-HIDE-INTR.mp4,Ab-SBJ-N2-HIDE-INTR.mp3,268039,,2026-04-27_17h11.22.286,BrocantoHPilot1WOSession3,2025.2.4,Win32,120.1923077,,,,,,,,,,,,,,,,,,,,,,,,,,,,,,,,,,,,,,,,,,,,,,,,,,,,,,,,,,,,,,,,,,,,,,,,,,,,,,,,,,,,,,,,,
201.956,1,Ab-OBJ-N5-SBJ-N2-REVEAL-TR-Ab-LOC-N1.mp4,Ab-OBJ-N5-SBJ-N2-REVEAL-TR-Ab-LOC-N1.mp3,208.755,mouse_continue,6.799,,0,24,24,24,1,1,Ab-OBJ-N5-SBJ-N2-REVEAL-TR-Ab-LOC-N1.mp4,Ab-OBJ-N5-SBJ-N2-REVEAL-TR-Ab-LOC-N1.mp3,268039,,2026-04-27_17h11.22.286,BrocantoHPilot1WOSession3,2025.2.4,Win32,120.1923077,,,,,,,,,,,,,,,,,,,,,,,,,,,,,,,,,,,,,,,,,,,,,,,,,,,,,,,,,,,,,,,,,,,,,,,,,,,,,,,,,,,,,,,,,
208.756,1,Ab-SBJ-N1-JUMP-INTR.mp4,Ab-SBJ-N1-JUMP-INTR.mp3,215.179,mouse_continue,6.424,,0,25,25,25,1,1,Ab-SBJ-N1-JUMP-INTR.mp4,Ab-SBJ-N1-JUMP-INTR.mp3,268039,,2026-04-27_17h11.22.286,BrocantoHPilot1WOSession3,2025.2.4,Win32,120.1923077,,,,,,,,,,,,,,,,,,,,,,,,,,,,,,,,,,,,,,,,,,,,,,,,,,,,,,,,,,,,,,,,,,,,,,,,,,,,,,,,,,,,,,,,,
215.18,1,OBJ-N5-SBJ-N2-PUSH-TR.mp4,OBJ-N5-SBJ-N2-PUSH-TR.mp3,221.779,mouse_continue,6.599,,0,26,26,26,1,1,OBJ-N5-SBJ-N2-PUSH-TR.mp4,OBJ-N5-SBJ-N2-PUSH-TR.mp3,268039,,2026-04-27_17h11.22.286,BrocantoHPilot1WOSession3,2025.2.4,Win32,120.1923077,,,,,,,,,,,,,,,,,,,,,,,,,,,,,,,,,,,,,,,,,,,,,,,,,,,,,,,,,,,,,,,,,,,,,,,,,,,,,,,,,,,,,,,,,
221.781,1,Ab-SBJ-N4-JUMP-INTR.mp4,Ab-SBJ-N4-JUMP-INTR.mp3,228.296,mouse_continue,6.515,,0,27,27,27,1,1,Ab-SBJ-N4-JUMP-INTR.mp4,Ab-SBJ-N4-JUMP-INTR.mp3,268039,,2026-04-27_17h11.22.286,BrocantoHPilot1WOSession3,2025.2.4,Win32,120.1923077,,,,,,,,,,,,,,,,,,,,,,,,,,,,,,,,,,,,,,,,,,,,,,,,,,,,,,,,,,,,,,,,,,,,,,,,,,,,,,,,,,,,,,,,,
228.297,1,Ab-OBJ-N5-Ab-SBJ-N2-REVEAL-TR.mp4,Ab-OBJ-N5-Ab-SBJ-N2-REVEAL-TR.mp3,236.546,mouse_continue,8.248,,0,28,28,28,1,1,Ab-OBJ-N5-Ab-SBJ-N2-REVEAL-TR.mp4,Ab-OBJ-N5-Ab-SBJ-N2-REVEAL-TR.mp3,268039,,2026-04-27_17h11.22.286,BrocantoHPilot1WOSession3,2025.2.4,Win32,120.1923077,,,,,,,,,,,,,,,,,,,,,,,,,,,,,,,,,,,,,,,,,,,,,,,,,,,,,,,,,,,,,,,,,,,,,,,,,,,,,,,,,,,,,,,,,
236.547,1,OBJ-N5-SBJ-N2-PUSH-TR-LOC-N4.mp4,OBJ-N5-SBJ-N2-PUSH-TR-LOC-N4.mp3,244.113,mouse_continue,7.566,,0,29,29,29,1,1,OBJ-N5-SBJ-N2-PUSH-TR-LOC-N4.mp4,OBJ-N5-SBJ-N2-PUSH-TR-LOC-N4.mp3,268039,,2026-04-27_17h11.22.286,BrocantoHPilot1WOSession3,2025.2.4,Win32,120.1923077,,,,,,,,,,,,,,,,,,,,,,,,,,,,,,,,,,,,,,,,,,,,,,,,,,,,,,,,,,,,,,,,,,,,,,,,,,,,,,,,,,,,,,,,,
244.113,1,OBJ-N5-Ab-SBJ-N2-HIDE-TR-Ab-LOC-N3.mp4,OBJ-N5-Ab-SBJ-N2-HIDE-TR-Ab-LOC-N3.mp3,255.889,mouse_continue,11.776,,0,30,30,30,1,1,OBJ-N5-Ab-SBJ-N2-HIDE-TR-Ab-LOC-N3.mp4,OBJ-N5-Ab-SBJ-N2-HIDE-TR-Ab-LOC-N3.mp3,268039,,2026-04-27_17h11.22.286,BrocantoHPilot1WOSession3,2025.2.4,Win32,120.1923077,,,,,,,,,,,,,,,,,,,,,,,,,,,,,,,,,,,,,,,,,,,,,,,,,,,,,,,,,,,,,,,,,,,,,,,,,,,,,,,,,,,,,,,,,
255.89,1,Ab-SBJ-N3-GO-INTR.mp4,Ab-SBJ-N3-GO-INTR.mp3,261.662,mouse_continue,5.772,,0,31,31,31,1,1,Ab-SBJ-N3-GO-INTR.mp4,Ab-SBJ-N3-GO-INTR.mp3,268039,,2026-04-27_17h11.22.286,BrocantoHPilot1WOSession3,2025.2.4,Win32,120.1923077,,,,,,,,,,,,,,,,,,,,,,,,,,,,,,,,,,,,,,,,,,,,,,,,,,,,,,,,,,,,,,,,,,,,,,,,,,,,,,,,,,,,,,,,,
261.662,1,SBJ-N5-HIDE-INTR.mp4,SBJ-N5-HIDE-INTR.mp3,267.22,mouse_continue,5.557,,0,32,32,32,1,1,SBJ-N5-HIDE-INTR.mp4,SBJ-N5-HIDE-INTR.mp3,268039,,2026-04-27_17h11.22.286,BrocantoHPilot1WOSession3,2025.2.4,Win32,120.1923077,,,,,,,,,,,,,,,,,,,,,,,,,,,,,,,,,,,,,,,,,,,,,,,,,,,,,,,,,,,,,,,,,,,,,,,,,,,,,,,,,,,,,,,,,
267.221,1,Ab-SBJ-N5-HIDE-INTR-LOC-N2.mp4,Ab-SBJ-N5-HIDE-INTR-LOC-N2.mp3,272.77,mouse_continue,5.548,,0,33,33,33,1,1,Ab-SBJ-N5-HIDE-INTR-LOC-N2.mp4,Ab-SBJ-N5-HIDE-INTR-LOC-N2.mp3,268039,,2026-04-27_17h11.22.286,BrocantoHPilot1WOSession3,2025.2.4,Win32,120.1923077,,,,,,,,,,,,,,,,,,,,,,,,,,,,,,,,,,,,,,,,,,,,,,,,,,,,,,,,,,,,,,,,,,,,,,,,,,,,,,,,,,,,,,,,,
272.77,1,SBJ-N3-JUMP-INTR-Aa-LOC-N4.mp4,SBJ-N3-JUMP-INTR-Aa-LOC-N4.mp3,279.303,mouse_continue,6.533,,0,34,34,34,1,1,SBJ-N3-JUMP-INTR-Aa-LOC-N4.mp4,SBJ-N3-JUMP-INTR-Aa-LOC-N4.mp3,268039,,2026-04-27_17h11.22.286,BrocantoHPilot1WOSession3,2025.2.4,Win32,120.1923077,,,,,,,,,,,,,,,,,,,,,,,,,,,,,,,,,,,,,,,,,,,,,,,,,,,,,,,,,,,,,,,,,,,,,,,,,,,,,,,,,,,,,,,,,
279.304,1,Ab-SBJ-N5-GO-INTR-Aa-LOC-N3.mp4,Ab-SBJ-N5-GO-INTR-Aa-LOC-N3.mp3,285.553,mouse_continue,6.249,,0,35,35,35,1,1,Ab-SBJ-N5-GO-INTR-Aa-LOC-N3.mp4,Ab-SBJ-N5-GO-INTR-Aa-LOC-N3.mp3,268039,,2026-04-27_17h11.22.286,BrocantoHPilot1WOSession3,2025.2.4,Win32,120.1923077,,,,,,,,,,,,,,,,,,,,,,,,,,,,,,,,,,,,,,,,,,,,,,,,,,,,,,,,,,,,,,,,,,,,,,,,,,,,,,,,,,,,,,,,,
285.556,1,Ab-SBJ-N4-HIDE-INTR-Aa-LOC-N3.mp4,Ab-SBJ-N4-HIDE-INTR-Aa-LOC-N3.mp3,292.194,mouse_continue,6.638,,0,36,36,36,1,1,Ab-SBJ-N4-HIDE-INTR-Aa-LOC-N3.mp4,Ab-SBJ-N4-HIDE-INTR-Aa-LOC-N3.mp3,268039,,2026-04-27_17h11.22.286,BrocantoHPilot1WOSession3,2025.2.4,Win32,120.1923077,,,,,,,,,,,,,,,,,,,,,,,,,,,,,,,,,,,,,,,,,,,,,,,,,,,,,,,,,,,,,,,,,,,,,,,,,,,,,,,,,,,,,,,,,
292.195,1,Aa-SBJ-N1-GO-INTR-Aa-LOC-N4.mp4,Aa-SBJ-N1-GO-INTR-Aa-LOC-N4.mp3,308.802,mouse_continue,16.607,,0,37,37,37,1,1,Aa-SBJ-N1-GO-INTR-Aa-LOC-N4.mp4,Aa-SBJ-N1-GO-INTR-Aa-LOC-N4.mp3,268039,,2026-04-27_17h11.22.286,BrocantoHPilot1WOSession3,2025.2.4,Win32,120.1923077,,,,,,,,,,,,,,,,,,,,,,,,,,,,,,,,,,,,,,,,,,,,,,,,,,,,,,,,,,,,,,,,,,,,,,,,,,,,,,,,,,,,,,,,,
308.802,1,Ab-SBJ-N1-JUMP-INTR-LOC-N4.mp4,Ab-SBJ-N1-JUMP-INTR-LOC-N4.mp3,316.636,mouse_continue,7.834,,0,38,38,38,1,1,Ab-SBJ-N1-JUMP-INTR-LOC-N4.mp4,Ab-SBJ-N1-JUMP-INTR-LOC-N4.mp3,268039,,2026-04-27_17h11.22.286,BrocantoHPilot1WOSession3,2025.2.4,Win32,120.1923077,,,,,,,,,,,,,,,,,,,,,,,,,,,,,,,,,,,,,,,,,,,,,,,,,,,,,,,,,,,,,,,,,,,,,,,,,,,,,,,,,,,,,,,,,
316.638,1,Ab-OBJ-N5-Ab-SBJ-N3-REVEAL-TR.mp4,Ab-OBJ-N5-Ab-SBJ-N3-REVEAL-TR.mp3,322.854,mouse_continue,6.216,,0,39,39,39,1,1,Ab-OBJ-N5-Ab-SBJ-N3-REVEAL-TR.mp4,Ab-OBJ-N5-Ab-SBJ-N3-REVEAL-TR.mp3,268039,,2026-04-27_17h11.22.286,BrocantoHPilot1WOSession3,2025.2.4,Win32,120.1923077,,,,,,,,,,,,,,,,,,,,,,,,,,,,,,,,,,,,,,,,,,,,,,,,,,,,,,,,,,,,,,,,,,,,,,,,,,,,,,,,,,,,,,,,,
322.855,1,Ab-OBJ-N5-SBJ-N4-PUSH-TR-LOC-N2.mp4,Ab-OBJ-N5-SBJ-N4-PUSH-TR-LOC-N2.mp3,333.477,mouse_continue,10.622,,0,40,40,40,1,1,Ab-OBJ-N5-SBJ-N4-PUSH-TR-LOC-N2.mp4,Ab-OBJ-N5-SBJ-N4-PUSH-TR-LOC-N2.mp3,268039,,2026-04-27_17h11.22.286,BrocantoHPilot1WOSession3,2025.2.4,Win32,120.1923077,,,,,,,,,,,,,,,,,,,,,,,,,,,,,,,,,,,,,,,,,,,,,,,,,,,,,,,,,,,,,,,,,,,,,,,,,,,,,,,,,,,,,,,,,
333.478,1,Ab-OBJ-N5-SBJ-N4-REVEAL-TR.mp4,Ab-OBJ-N5-SBJ-N4-REVEAL-TR.mp3,339.164,mouse_continue,5.686,,0,41,41,41,1,1,Ab-OBJ-N5-SBJ-N4-REVEAL-TR.mp4,Ab-OBJ-N5-SBJ-N4-REVEAL-TR.mp3,268039,,2026-04-27_17h11.22.286,BrocantoHPilot1WOSession3,2025.2.4,Win32,120.1923077,,,,,,,,,,,,,,,,,,,,,,,,,,,,,,,,,,,,,,,,,,,,,,,,,,,,,,,,,,,,,,,,,,,,,,,,,,,,,,,,,,,,,,,,,
,,,,,,,,,,,,,1,,,268039,,2026-04-27_17h11.22.286,BrocantoHPilot1WOSession3,2025.2.4,Win32,120.1923077,352.275,1,2,2,22.409,1,20.416,22.409,377.163,0,0,0,0,1,Ab-SBJ-N3-REVEAL-INTR-Ab-LOC-N2.mp3,Ab-SBJ-N3-REVEAL-INTR-Ab-LOC-N2.mp4,Aa-SBJ-N3-HIDE-INTR-Ab-LOC-N2.mp4,,,,,,,,,,,,,,,,,,,,,,,,,,,,,,,,,,,,,,,,,,,,,,,,,,,,,,,,,,,,,,,,,,,,,,,,
,,,,,,,,,,,,,1,,,268039,,2026-04-27_17h11.22.286,BrocantoHPilot1WOSession3,2025.2.4,Win32,120.1923077,377.163,1,1,2,29.71,0,20.451,29.71,409.161,0,1,1,1,1,OBJ-N5-Ab-SBJ-N3-PUSH-TR-Ab-LOC-N2.mp3,OBJ-N5-Ab-SBJ-N3-PUSH-TR-Ab-LOC-N2.mp4,OBJ-N5-Ab-SBJ-N3-REVEAL-TR-Ab-LOC-N2.mp4,,,,,,,,,,,,,,,,,,,,,,,,,,,,,,,,,,,,,,,,,,,,,,,,,,,,,,,,,,,,,,,,,,,,,,,,
,,,,,,,,,,,,,1,,,268039,,2026-04-27_17h11.22.286,BrocantoHPilot1WOSession3,2025.2.4,Win32,120.1923077,409.162,1,1,1,25.518,1,17.37,25.518,436.827,0,2,2,2,1,SBJ-N5-REVEAL-INTR-LOC-N4.mp3,SBJ-N5-REVEAL-INTR-LOC-N4.mp4,SBJ-N4-HIDE-INTR-LOC-N5.mp4,,,,,,,,,,,,,,,,,,,,,,,,,,,,,,,,,,,,,,,,,,,,,,,,,,,,,,,,,,,,,,,,,,,,,,,,
,,,,,,,,,,,,,1,,,268039,,2026-04-27_17h11.22.286,BrocantoHPilot1WOSession3,2025.2.4,Win32,120.1923077,436.828,1,2,1,31.428,0,20.653,31.428,470.209,0,3,3,3,1,OBJ-N5-SBJ-N1-REVEAL-TR-Ab-LOC-N4.mp3,OBJ-N5-SBJ-N1-REVEAL-TR-Ab-LOC-N4.mp4,OBJ-N5-Aa-SBJ-N4-REVEAL-TR-LOC-N1.mp4,,,,,,,,,,,,,,,,,,,,,,,,,,,,,,,,,,,,,,,,,,,,,,,,,,,,,,,,,,,,,,,,,,,,,,,,
,,,,,,,,,,,,,1,,,268039,,2026-04-27_17h11.22.286,BrocantoHPilot1WOSession3,2025.2.4,Win32,120.1923077,470.21,1,1,2,28.263,0,18.58,28.263,500.569,0,4,4,4,1,Ab-SBJ-N4-REVEAL-INTR-LOC-N5.mp3,Ab-SBJ-N4-REVEAL-INTR-LOC-N5.mp4,Aa-SBJ-N4-REVEAL-INTR-LOC-N5.mp4,,,,,,,,,,,,,,,,,,,,,,,,,,,,,,,,,,,,,,,,,,,,,,,,,,,,,,,,,,,,,,,,,,,,,,,,
,,,,,,,,,,,,,1,,,268039,,2026-04-27_17h11.22.286,BrocantoHPilot1WOSession3,2025.2.4,Win32,120.1923077,500.57,1,1,1,40.268,1,19.411,40.268,542.692,0,5,5,5,1,Ab-OBJ-N5-Ab-SBJ-N2-HIDE-TR-LOC-N4.mp3,Ab-OBJ-N5-Ab-SBJ-N2-HIDE-TR-LOC-N4.mp4,Ab-OBJ-N2-Ab-SBJ-N5-HIDE-TR-LOC-N4.mp4,,,,,,,,,,,,,,,,,,,,,,,,,,,,,,,,,,,,,,,,,,,,,,,,,,,,,,,,,,,,,,,,,,,,,,,,
,,,,,,,,,,,,,1,,,268039,,2026-04-27_17h11.22.286,BrocantoHPilot1WOSession3,2025.2.4,Win32,120.1923077,542.692,1,1,1,35.671,1,17.546,35.671,580.35,0,6,6,6,1,OBJ-N5-SBJ-N1-REVEAL-TR-Ab-LOC-N2.mp3,OBJ-N5-SBJ-N1-REVEAL-TR-Ab-LOC-N2.mp4,OBJ-N5-SBJ-N1-HIDE-TR-Aa-LOC-N2.mp4,,,,,,,,,,,,,,,,,,,,,,,,,,,,,,,,,,,,,,,,,,,,,,,,,,,,,,,,,,,,,,,,,,,,,,,,
,,,,,,,,,,,,,1,,,268039,,2026-04-27_17h11.22.286,BrocantoHPilot1WOSession3,2025.2.4,Win32,120.1923077,580.351,1,2,2,18.683,1,17.607,18.683,601.378,0,7,7,7,1,Ab-OBJ-N5-Ab-SBJ-N4-PUSH-TR.mp3,Ab-OBJ-N5-Ab-SBJ-N4-PUSH-TR.mp4,Ab-OBJ-N5-Ab-SBJ-N4-REVEAL-TR.mp4,,,,,,,,,,,,,,,,,,,,,,,,,,,,,,,,,,,,,,,,,,,,,,,,,,,,,,,,,,,,,,,,,,,,,,,,
,,,,,,,,,,,,,1,,,268039,,2026-04-27_17h11.22.286,BrocantoHPilot1WOSession3,2025.2.4,Win32,120.1923077,601.378,1,1,1,33.865,1,18.158,33.865,637.184,0,8,8,8,1,Ab-SBJ-N3-REVEAL-INTR-LOC-N5.mp3,Ab-SBJ-N3-REVEAL-INTR-LOC-N5.mp4,SBJ-N5-REVEAL-INTR-Aa-LOC-N3.mp4,,,,,,,,,,,,,,,,,,,,,,,,,,,,,,,,,,,,,,,,,,,,,,,,,,,,,,,,,,,,,,,,,,,,,,,,
,,,,,,,,,,,,,1,,,268039,,2026-04-27_17h11.22.286,BrocantoHPilot1WOSession3,2025.2.4,Win32,120.1923077,637.185,1,2,2,17.025,1,15.688,17.025,661.512,0,9,9,9,1,SBJ-N3-JUMP-INTR.mp3,SBJ-N3-JUMP-INTR.mp4,SBJ-N3-GO-INTR.mp4,,,,,,,,,,,,,,,,,,,,,,,,,,,,,,,,,,,,,,,,,,,,,,,,,,,,,,,,,,,,,,,,,,,,,,,,
,,,,,,,,,,,,,1,,,268039,,2026-04-27_17h11.22.286,BrocantoHPilot1WOSession3,2025.2.4,Win32,120.1923077,661.513,1,2,1,34.478,0,18.147,34.478,697.926,0,10,10,10,1,Ab-SBJ-N5-HIDE-INTR.mp3,Ab-SBJ-N5-HIDE-INTR.mp4,Aa-SBJ-N5-HIDE-INTR.mp4,,,,,,,,,,,,,,,,,,,,,,,,,,,,,,,,,,,,,,,,,,,,,,,,,,,,,,,,,,,,,,,,,,,,,,,,
,,,,,,,,,,,,,1,,,268039,,2026-04-27_17h11.22.286,BrocantoHPilot1WOSession3,2025.2.4,Win32,120.1923077,697.927,1,1,1,37.065,1,19.423,37.065,737.221,0,11,11,11,1,SBJ-N2-REVEAL-INTR-Ab-LOC-N3.mp3,SBJ-N2-REVEAL-INTR-Ab-LOC-N3.mp4,Ab-SBJ-N3-GO-INTR-LOC-N2.mp4,,,,,,,,,,,,,,,,,,,,,,,,,,,,,,,,,,,,,,,,,,,,,,,,,,,,,,,,,,,,,,,,,,,,,,,,
,,,,,,,,,,,,,1,,,268039,,2026-04-27_17h11.22.286,BrocantoHPilot1WOSession3,2025.2.4,Win32,120.1923077,737.222,1,1,1,30.927,1,19.884,30.927,770.294,0,12,12,12,1,Ab-OBJ-N5-Ab-SBJ-N3-HIDE-TR-LOC-N4.mp3,Ab-OBJ-N5-Ab-SBJ-N3-HIDE-TR-LOC-N4.mp4,Ab-OBJ-N5-SBJ-N4-HIDE-TR-Ab-LOC-N3.mp4,,,,,,,,,,,,,,,,,,,,,,,,,,,,,,,,,,,,,,,,,,,,,,,,,,,,,,,,,,,,,,,,,,,,,,,,
,,,,,,,,,,,,,1,,,268039,,2026-04-27_17h11.22.286,BrocantoHPilot1WOSession3,2025.2.4,Win32,120.1923077,770.294,1,1,1,26.8,1,18.258,26.8,799.058,0,13,13,13,1,Ab-OBJ-N5-Ab-SBJ-N2-HIDE-TR.mp3,Ab-OBJ-N5-Ab-SBJ-N2-HIDE-TR.mp4,Aa-OBJ-N5-Ab-SBJ-N2-REVEAL-TR.mp4,,,,,,,,,,,,,,,,,,,,,,,,,,,,,,,,,,,,,,,,,,,,,,,,,,,,,,,,,,,,,,,,,,,,,,,,
,,,,,,,,,,,,,1,,,268039,,2026-04-27_17h11.22.286,BrocantoHPilot1WOSession3,2025.2.4,Win32,120.1923077,799.059,1,2,1,30.841,0,15.955,30.841,831.797,0,14,14,14,1,Ab-SBJ-N2-GO-INTR.mp3,Ab-SBJ-N2-GO-INTR.mp4,Aa-SBJ-N2-GO-INTR.mp4,,,,,,,,,,,,,,,,,,,,,,,,,,,,,,,,,,,,,,,,,,,,,,,,,,,,,,,,,,,,,,,,,,,,,,,,
,,,,,,,,,,,,,1,,,268039,,2026-04-27_17h11.22.286,BrocantoHPilot1WOSession3,2025.2.4,Win32,120.1923077,831.797,1,2,2,33.656,1,17.682,33.656,867.698,0,15,15,15,1,SBJ-N5-REVEAL-INTR-Ab-LOC-N4.mp3,SBJ-N5-REVEAL-INTR-Ab-LOC-N4.mp4,Aa-SBJ-N4-REVEAL-INTR-LOC-N5.mp4,,,,,,,,,,,,,,,,,,,,,,,,,,,,,,,,,,,,,,,,,,,,,,,,,,,,,,,,,,,,,,,,,,,,,,,,
,,,,,,,,,,,,,1,,,268039,,2026-04-27_17h11.22.286,BrocantoHPilot1WOSession3,2025.2.4,Win32,120.1923077,867.699,1,2,2,23.545,1,15.88,23.545,893.276,0,16,16,16,1,OBJ-N5-SBJ-N2-PUSH-TR.mp3,OBJ-N5-SBJ-N2-PUSH-TR.mp4,OBJ-N2-SBJ-N5-HIDE-TR.mp4,,,,,,,,,,,,,,,,,,,,,,,,,,,,,,,,,,,,,,,,,,,,,,,,,,,,,,,,,,,,,,,,,,,,,,,,
,,,,,,,,,,,,,1,,,268039,,2026-04-27_17h11.22.286,BrocantoHPilot1WOSession3,2025.2.4,Win32,120.1923077,893.277,1,1,1,36.943,1,20.925,36.943,932.035,0,17,17,17,1,Ab-OBJ-N5-SBJ-N1-REVEAL-TR-Ab-LOC-N2.mp3,Ab-OBJ-N5-SBJ-N1-REVEAL-TR-Ab-LOC-N2.mp4,Ab-OBJ-N5-Ab-SBJ-N2-REVEAL-TR-LOC-N1.mp4,,,,,,,,,,,,,,,,,,,,,,,,,,,,,,,,,,,,,,,,,,,,,,,,,,,,,,,,,,,,,,,,,,,,,,,,
,,,,,,,,,,,,,1,,,268039,,2026-04-27_17h11.22.286,BrocantoHPilot1WOSession3,2025.2.4,Win32,120.1923077,932.036,1,2,2,17.098,1,16.224,17.098,951.294,0,18,18,18,1,SBJ-N1-HIDE-INTR.mp3,SBJ-N1-HIDE-INTR.mp4,SBJ-N1-GO-INTR.mp4,,,,,,,,,,,,,,,,,,,,,,,,,,,,,,,,,,,,,,,,,,,,,,,,,,,,,,,,,,,,,,,,,,,,,,,,
,,,,,,,,,,,,,1,,,268039,,2026-04-27_17h11.22.286,BrocantoHPilot1WOSession3,2025.2.4,Win32,120.1923077,951.296,1,1,1,26.971,1,17.29,26.971,980.324,0,19,19,19,1,Ab-OBJ-N5-Ab-SBJ-N1-HIDE-TR.mp3,Ab-OBJ-N5-Ab-SBJ-N1-HIDE-TR.mp4,Ab-OBJ-N5-Aa-SBJ-N1-PUSH-TR.mp4,,,,,,,,,,,,,,,,,,,,,,,,,,,,,,,,,,,,,,,,,,,,,,,,,,,,,,,,,,,,,,,,,,,,,,,,
,,,,,,,,,,,,,1,,,268039,,2026-04-27_17h11.22.286,BrocantoHPilot1WOSession3,2025.2.4,Win32,120.1923077,980.325,1,1,1,19.701,1,18.627,19.701,1001.981,0,20,20,20,1,OBJ-N5-Ab-SBJ-N1-REVEAL-TR-Ab-LOC-N2.mp3,OBJ-N5-Ab-SBJ-N1-REVEAL-TR-Ab-LOC-N2.mp4,Ab-OBJ-N1-SBJ-N5-REVEAL-TR-Aa-LOC-N2.mp4,,,,,,,,,,,,,,,,,,,,,,,,,,,,,,,,,,,,,,,,,,,,,,,,,,,,,,,,,,,,,,,,,,,,,,,,
,,,,,,,,,,,,,1,,,268039,,2026-04-27_17h11.22.286,BrocantoHPilot1WOSession3,2025.2.4,Win32,120.1923077,1001.981,1,1,1,57.276,1,43.111,57.276,1061.113,0,21,21,21,1,Ab-OBJ-N5-Ab-SBJ-N4-PUSH-TR.mp3,Ab-OBJ-N5-Ab-SBJ-N4-PUSH-TR.mp4,Aa-OBJ-N5-Ab-SBJ-N4-PUSH-TR.mp4,,,,,,,,,,,,,,,,,,,,,,,,,,,,,,,,,,,,,,,,,,,,,,,,,,,,,,,,,,,,,,,,,,,,,,,,
,,,,,,,,,,,,,1,,,268039,,2026-04-27_17h11.22.286,BrocantoHPilot1WOSession3,2025.2.4,Win32,120.1923077,1061.114,1,2,2,24.231,1,17.436,24.231,1087.672,0,22,22,22,1,OBJ-N5-Ab-SBJ-N3-REVEAL-TR-Ab-LOC-N1.mp3,OBJ-N5-Ab-SBJ-N3-REVEAL-TR-Ab-LOC-N1.mp4,Ab-OBJ-N1-Ab-SBJ-N3-PUSH-TR-LOC-N5.mp4,,,,,,,,,,,,,,,,,,,,,,,,,,,,,,,,,,,,,,,,,,,,,,,,,,,,,,,,,,,,,,,,,,,,,,,,
,,,,,,,,,,,,,1,,,268039,,2026-04-27_17h11.22.286,BrocantoHPilot1WOSession3,2025.2.4,Win32,120.1923077,1087.673,1,1,1,744.134,1,735.197,744.134,1834.131,0,23,23,23,1,Ab-SBJ-N3-JUMP-INTR.mp3,Ab-SBJ-N3-JUMP-INTR.mp4,Aa-SBJ-N3-REVEAL-INTR.mp4,,,,,,,,,,,,,,,,,,,,,,,,,,,,,,,,,,,,,,,,,,,,,,,,,,,,,,,,,,,,,,,,,,,,,,,,
,,,,,,,,,,,,,1,,,268039,,2026-04-27_17h11.22.286,BrocantoHPilot1WOSession3,2025.2.4,Win32,120.1923077,1834.132,1,2,2,29.962,1,17.035,29.962,1866.258,0,24,24,24,1,OBJ-N5-SBJ-N4-PUSH-TR-LOC-N2.mp3,OBJ-N5-SBJ-N4-PUSH-TR-LOC-N2.mp4,OBJ-N5-SBJ-N2-PUSH-TR-LOC-N4.mp4,,,,,,,,,,,,,,,,,,,,,,,,,,,,,,,,,,,,,,,,,,,,,,,,,,,,,,,,,,,,,,,,,,,,,,,,
,,,,,,,,,,,,,1,,,268039,,2026-04-27_17h11.22.286,BrocantoHPilot1WOSession3,2025.2.4,Win32,120.1923077,1866.259,1,1,2,35.615,0,17.72,35.615,1904.275,0,25,25,25,1,Ab-OBJ-N5-SBJ-N3-HIDE-TR.mp3,Ab-OBJ-N5-SBJ-N3-HIDE-TR.mp4,Ab-OBJ-N5-SBJ-N3-REVEAL-TR.mp4,,,,,,,,,,,,,,,,,,,,,,,,,,,,,,,,,,,,,,,,,,,,,,,,,,,,,,,,,,,,,,,,,,,,,,,,
,,,,,,,,,,,,,1,,,268039,,2026-04-27_17h11.22.286,BrocantoHPilot1WOSession3,2025.2.4,Win32,120.1923077,1904.276,1,1,1,24.406,1,16.609,24.406,1930.847,0,26,26,26,1,SBJ-N1-GO-INTR.mp3,SBJ-N1-GO-INTR.mp4,SBJ-N1-REVEAL-INTR.mp4,,,,,,,,,,,,,,,,,,,,,,,,,,,,,,,,,,,,,,,,,,,,,,,,,,,,,,,,,,,,,,,,,,,,,,,,
,,,,,,,,,,,,,1,,,268039,,2026-04-27_17h11.22.286,BrocantoHPilot1WOSession3,2025.2.4,Win32,120.1923077,1930.848,1,1,1,16.275,1,15.701,16.275,1949.557,0,27,27,27,1,SBJ-N5-HIDE-INTR.mp3,SBJ-N5-HIDE-INTR.mp4,SBJ-N5-GO-INTR.mp4,,,,,,,,,,,,,,,,,,,,,,,,,,,,,,,,,,,,,,,,,,,,,,,,,,,,,,,,,,,,,,,,,,,,,,,,
,,,,,,,,,,,,,1,,,268039,,2026-04-27_17h11.22.286,BrocantoHPilot1WOSession3,2025.2.4,Win32,120.1923077,1949.558,1,2,2,24.456,1,16.464,24.456,1976.201,0,28,28,28,1,Ab-OBJ-N5-SBJ-N4-REVEAL-TR.mp3,Ab-OBJ-N5-SBJ-N4-REVEAL-TR.mp4,OBJ-N4-Aa-SBJ-N5-REVEAL-TR.mp4,,,,,,,,,,,,,,,,,,,,,,,,,,,,,,,,,,,,,,,,,,,,,,,,,,,,,,,,,,,,,,,,,,,,,,,,
,,,,,,,,,,,,,1,,,268039,,2026-04-27_17h11.22.286,BrocantoHPilot1WOSession3,2025.2.4,Win32,120.1923077,1976.203,1,2,2,24.085,1,17.002,24.085,2002.339,0,29,29,29,1,Ab-OBJ-N5-Ab-SBJ-N3-PUSH-TR-LOC-N2.mp3,Ab-OBJ-N5-Ab-SBJ-N3-PUSH-TR-LOC-N2.mp4,Ab-OBJ-N5-Aa-SBJ-N3-PUSH-TR-LOC-N2.mp4,,,,,,,,,,,,,,,,,,,,,,,,,,,,,,,,,,,,,,,,,,,,,,,,,,,,,,,,,,,,,,,,,,,,,,,,
,,,,,,,,,,,,,1,,,268039,,2026-04-27_17h11.22.286,BrocantoHPilot1WOSession3,2025.2.4,Win32,120.1923077,2002.34,1,1,1,26.256,1,16.753,26.256,2030.623,0,30,30,30,1,Ab-OBJ-N5-SBJ-N2-HIDE-TR.mp3,Ab-OBJ-N5-SBJ-N2-HIDE-TR.mp4,OBJ-N2-Ab-SBJ-N5-PUSH-TR.mp4,,,,,,,,,,,,,,,,,,,,,,,,,,,,,,,,,,,,,,,,,,,,,,,,,,,,,,,,,,,,,,,,,,,,,,,,
,,,,,,,,,,,,,1,,,268039,,2026-04-27_17h11.22.286,BrocantoHPilot1WOSession3,2025.2.4,Win32,120.1923077,2030.624,1,1,1,23.03,1,15.626,23.03,2056.187,0,31,31,31,1,SBJ-N3-JUMP-INTR.mp3,SBJ-N3-JUMP-INTR.mp4,SBJ-N3-GO-INTR.mp4,,,,,,,,,,,,,,,,,,,,,,,,,,,,,,,,,,,,,,,,,,,,,,,,,,,,,,,,,,,,,,,,,,,,,,,,
,,,,,,,,,,,,,1,,,268039,,2026-04-27_17h11.22.286,BrocantoHPilot1WOSession3,2025.2.4,Win32,120.1923077,2056.188,1,1,1,23.473,1,15.723,23.473,2081.707,0,32,32,32,1,SBJ-N1-GO-INTR.mp3,SBJ-N1-GO-INTR.mp4,SBJ-N1-JUMP-INTR.mp4,,,,,,,,,,,,,,,,,,,,,,,,,,,,,,,,,,,,,,,,,,,,,,,,,,,,,,,,,,,,,,,,,,,,,,,,
,,,,,,,,,,,,,1,,,268039,,2026-04-27_17h11.22.286,BrocantoHPilot1WOSession3,2025.2.4,Win32,120.1923077,2081.707,1,2,2,35.161,1,19.103,35.161,2118.951,0,33,33,33,1,Aa-SBJ-N5-GO-INTR-LOC-N4.mp3,Aa-SBJ-N5-GO-INTR-LOC-N4.mp4,SBJ-N4-GO-INTR-Aa-LOC-N5.mp4,,,,,,,,,,,,,,,,,,,,,,,,,,,,,,,,,,,,,,,,,,,,,,,,,,,,,,,,,,,,,,,,,,,,,,,,
,,,,,,,,,,,,,1,,,268039,,2026-04-27_17h11.22.286,BrocantoHPilot1WOSession3,2025.2.4,Win32,120.1923077,2118.952,1,1,1,23.438,1,16.999,23.438,2144.725,0,34,34,34,1,SBJ-N3-JUMP-INTR-Aa-LOC-N1.mp3,SBJ-N3-JUMP-INTR-Aa-LOC-N1.mp4,SBJ-N3-HIDE-INTR-Ab-LOC-N1.mp4,,,,,,,,,,,,,,,,,,,,,,,,,,,,,,,,,,,,,,,,,,,,,,,,,,,,,,,,,,,,,,,,,,,,,,,,
,,,,,,,,,,,,,1,,,268039,,2026-04-27_17h11.22.286,BrocantoHPilot1WOSession3,2025.2.4,Win32,120.1923077,2144.726,1,2,2,54.572,1,35.674,54.572,2201.596,0,35,35,35,1,SBJ-N1-HIDE-INTR-Ab-LOC-N3.mp3,SBJ-N1-HIDE-INTR-Ab-LOC-N3.mp4,Aa-SBJ-N3-HIDE-INTR-LOC-N1.mp4,,,,,,,,,,,,,,,,,,,,,,,,,,,,,,,,,,,,,,,,,,,,,,,,,,,,,,,,,,,,,,,,,,,,,,,,
,,,,,,,,,,,,,1,,,268039,,2026-04-27_17h11.22.286,BrocantoHPilot1WOSession3,2025.2.4,Win32,120.1923077,2201.598,1,1,1,26.425,1,19.338,26.425,2230.278,0,36,36,36,1,Ab-SBJ-N5-JUMP-INTR-LOC-N1.mp3,Ab-SBJ-N5-JUMP-INTR-LOC-N1.mp4,Aa-SBJ-N5-JUMP-INTR-LOC-N1.mp4,,,,,,,,,,,,,,,,,,,,,,,,,,,,,,,,,,,,,,,,,,,,,,,,,,,,,,,,,,,,,,,,,,,,,,,,
,,,,,,,,,,,,,1,,,268039,,2026-04-27_17h11.22.286,BrocantoHPilot1WOSession3,2025.2.4,Win32,120.1923077,2230.278,1,2,2,240.474,1,223.558,240.474,2473.081,0,37,37,37,1,Aa-SBJ-N5-GO-INTR-Aa-LOC-N2.mp3,Aa-SBJ-N5-GO-INTR-Aa-LOC-N2.mp4,Aa-SBJ-N2-HIDE-INTR-Aa-LOC-N5.mp4,,,,,,,,,,,,,,,,,,,,,,,,,,,,,,,,,,,,,,,,,,,,,,,,,,,,,,,,,,,,,,,,,,,,,,,,
,,,,,,,,,,,,,1,,,268039,,2026-04-27_17h11.22.286,BrocantoHPilot1WOSession3,2025.2.4,Win32,120.1923077,2473.081,1,1,1,27.984,1,18.877,27.984,2503.612,0,38,38,38,1,SBJ-N1-HIDE-INTR-Ab-LOC-N4.mp3,SBJ-N1-HIDE-INTR-Ab-LOC-N4.mp4,Ab-SBJ-N4-HIDE-INTR-LOC-N1.mp4,,,,,,,,,,,,,,,,,,,,,,,,,,,,,,,,,,,,,,,,,,,,,,,,,,,,,,,,,,,,,,,,,,,,,,,,
,,,,,,,,,,,,,1,,,268039,,2026-04-27_17h11.22.286,BrocantoHPilot1WOSession3,2025.2.4,Win32,120.1923077,2503.613,1,1,2,23.776,0,17.175,23.776,2529.601,0,39,39,39,1,OBJ-N5-Ab-SBJ-N1-REVEAL-TR-Ab-LOC-N3.mp3,OBJ-N5-Ab-SBJ-N1-REVEAL-TR-Ab-LOC-N3.mp4,OBJ-N5-Ab-SBJ-N1-PUSH-TR-Aa-LOC-N3.mp4,,,,,,,,,,,,,,,,,,,,,,,,,,,,,,,,,,,,,,,,,,,,,,,,,,,,,,,,,,,,,,,,,,,,,,,,
,,,,,,,,,,,,,1,,,268039,,2026-04-27_17h11.22.286,BrocantoHPilot1WOSession3,2025.2.4,Win32,120.1923077,2529.601,1,1,2,42.146,0,26.104,42.146,2573.714,0,40,40,40,1,Ab-OBJ-N5-Ab-SBJ-N3-HIDE-TR-Ab-LOC-N4.mp3,Ab-OBJ-N5-Ab-SBJ-N3-HIDE-TR-Ab-LOC-N4.mp4,Ab-OBJ-N4-Aa-SBJ-N3-HIDE-TR-Ab-LOC-N5.mp4,,,,,,,,,,,,,,,,,,,,,,,,,,,,,,,,,,,,,,,,,,,,,,,,,,,,,,,,,,,,,,,,,,,,,,,,
,,,,,,,,,,,,,1,,,268039,,2026-04-27_17h11.22.286,BrocantoHPilot1WOSession3,2025.2.4,Win32,120.1923077,2573.714,1,2,2,253.559,1,234.717,253.559,2829.532,0,41,41,41,1,Ab-OBJ-N5-SBJ-N4-HIDE-TR.mp3,Ab-OBJ-N5-SBJ-N4-HIDE-TR.mp4,Aa-OBJ-N5-SBJ-N4-HIDE-TR.mp4,,,,,,,,,,,,,,,,,,,,,,,,,,,,,,,,,,,,,,,,,,,,,,,,,,,,,,,,,,,,,,,,,,,,,,,,
,,,,,,,,,,,,,1,,,268039,,2026-04-27_17h11.22.286,BrocantoHPilot1WOSession3,2025.2.4,Win32,120.1923077,,,,,,,,,,,,,,,Ab OBJ.N5 Ab SBJ.N2 REVEAL-TR LOC.N1,,,2852.796,1,Ab-OBJ-N5-Ab-SBJ-N2-REVEAL-TR-LOC-N1.mp4,Ab|N5|Ab|N2|REVEAL|N1,HIDE|Aa|N1|Ab|N2|N4|REVEAL|N5|JUMP|Ab,zsot|timó|zsot|murak|girda|pekli,zsübe|gyék|pekli|zsot|murak|dabi|girda|timó|bonip|zsot,0,43.841,137.514,zsot murak zsübe timó zsot pekli,3000.219,0,0,0,0,1,Ab-OBJ-N5-Ab-SBJ-N2-REVEAL-TR-LOC-N1.mp4,Ab|N5|Ab|N2|REVEAL|N1,HIDE|Aa|N1|Ab|N2|N4|REVEAL|N5|JUMP|Ab,zsot timó zsot murak girda pekli,zsot|timó|zsot|murak|girda|pekli,zsübe|gyék|pekli|zsot|murak|dabi|girda|timó|bonip|zsot,,,,,,,,,,,,,,,,,,,,,,,,,,,,,,,,,,,,,,,,,,,,,,,,,
,,,,,,,,,,,,,1,,,268039,,2026-04-27_17h11.22.286,BrocantoHPilot1WOSession3,2025.2.4,Win32,120.1923077,,,,,,,,,,,,,,,Ab SBJ.N2 REVEAL-INTR Ab LOC.N5,,,3000.721,1,Ab-SBJ-N2-REVEAL-INTR-Ab-LOC-N5.mp4,Ab|N2|REVEAL|Ab|N5,Ab|PUSH|N5|HIDE|REVEAL|Ab|N3|N2|N4,zsot|murak|girda|zsot|timó,zsot|vánta|timó|zsübe|girda|zsot|zilép|murak|dabi,0,8.113,94.128,zsot timó zsot murak girda,3101.701,0,1,1,1,1,Ab-SBJ-N2-REVEAL-INTR-Ab-LOC-N5.mp4,Ab|N2|REVEAL|Ab|N5,Ab|PUSH|N5|HIDE|REVEAL|Ab|N3|N2|N4,zsot murak girda zsot timó,zsot|murak|girda|zsot|timó,zsot|vánta|timó|zsübe|girda|zsot|zilép|murak|dabi,,,,,,,,,,,,,,,,,,,,,,,,,,,,,,,,,,,,,,,,,,,,,,,,,
,,,,,,,,,,,,,1,,,268039,,2026-04-27_17h11.22.286,BrocantoHPilot1WOSession3,2025.2.4,Win32,120.1923077,,,,,,,,,,,,,,,Ab SBJ.N5 REVEAL-INTR LOC.N2,,,3102.213,1,Ab-SBJ-N5-REVEAL-INTR-LOC-N2.mp4,Ab|N5|REVEAL|N2,PUSH|REVEAL|Aa|N2|GO|N5|Ab|N4,zsot|timó|girda|murak,vánta|girda|gyék|murak|kávler|timó|zsot|dabi,0,7.278,35.827,murak zsot timó girda,3144.857,0,2,2,2,1,Ab-SBJ-N5-REVEAL-INTR-LOC-N2.mp4,Ab|N5|REVEAL|N2,PUSH|REVEAL|Aa|N2|GO|N5|Ab|N4,zsot timó girda murak,zsot|timó|girda|murak,vánta|girda|gyék|murak|kávler|timó|zsot|dabi,,,,,,,,,,,,,,,,,,,,,,,,,,,,,,,,,,,,,,,,,,,,,,,,,
,,,,,,,,,,,,,1,,,268039,,2026-04-27_17h11.22.286,BrocantoHPilot1WOSession3,2025.2.4,Win32,120.1923077,,,,,,,,,,,,,,,OBJ.N5 Ab SBJ.N3 HIDE-TR LOC.N4,,,3145.389,1,OBJ-N5-Ab-SBJ-N3-HIDE-TR-LOC-N4.mp4,N5|Ab|N3|HIDE|N4,N2|N3|Ab|GO|HIDE|REVEAL|N4|N5|PUSH,timó|zsot|zilép|zsübe|dabi,murak|zilép|zsot|kávler|zsübe|girda|dabi|timó|vánta,0,5.801,80.147,timó zilép zsübe dabi,3235.048,0,3,3,3,1,OBJ-N5-Ab-SBJ-N3-HIDE-TR-LOC-N4.mp4,N5|Ab|N3|HIDE|N4,N2|N3|Ab|GO|HIDE|REVEAL|N4|N5|PUSH,timó zsot zilép zsübe dabi,timó|zsot|zilép|zsübe|dabi,murak|zilép|zsot|kávler|zsübe|girda|dabi|timó|vánta,,,,,,,,,,,,,,,,,,,,,,,,,,,,,,,,,,,,,,,,,,,,,,,,,
,,,,,,,,,,,,,1,,,268039,,2026-04-27_17h11.22.286,BrocantoHPilot1WOSession3,2025.2.4,Win32,120.1923077,,,,,,,,,,,,,,,OBJ.N5 Ab SBJ.N3 PUSH-TR Ab LOC.N4,,,3235.62,1,OBJ-N5-Ab-SBJ-N3-PUSH-TR-Ab-LOC-N4.mp4,N5|Ab|N3|PUSH|Ab|N4,HIDE|Ab|JUMP|N2|N3|PUSH|N5|N1|N4|Ab,timó|zsot|zilép|vánta|zsot|dabi,zsübe|zsot|bonip|murak|zilép|vánta|timó|pekli|dabi|zsot,0,5.991,64.973,zsot zilép vánta murak zsot dabi,3312.172,0,4,4,4,1,OBJ-N5-Ab-SBJ-N3-PUSH-TR-Ab-LOC-N4.mp4,N5|Ab|N3|PUSH|Ab|N4,HIDE|Ab|JUMP|N2|N3|PUSH|N5|N1|N4|Ab,timó zsot zilép vánta zsot dabi,timó|zsot|zilép|vánta|zsot|dabi,zsübe|zsot|bonip|murak|zilép|vánta|timó|pekli|dabi|zsot,,,,,,,,,,,,,,,,,,,,,,,,,,,,,,,,,,,,,,,,,,,,,,,,,
,,,,,,,,,,,,,1,,,268039,,2026-04-27_17h11.22.286,BrocantoHPilot1WOSession3,2025.2.4,Win32,120.1923077,,,,,,,,,,,,,,,Ab SBJ.N5 REVEAL-INTR Ab LOC.N2,,,3312.709,1,Ab-SBJ-N5-REVEAL-INTR-Ab-LOC-N2.mp4,Ab|N5|REVEAL|Ab|N2,Ab|JUMP|HIDE|Ab|REVEAL|N2|N1|N5|N3,zsot|timó|girda|zsot|murak,zsot|bonip|zsübe|zsot|girda|murak|pekli|timó|zilép,0,6.7,34.55,zsot murak zsot timó girda,3352.995,0,5,5,5,1,Ab-SBJ-N5-REVEAL-INTR-Ab-LOC-N2.mp4,Ab|N5|REVEAL|Ab|N2,Ab|JUMP|HIDE|Ab|REVEAL|N2|N1|N5|N3,zsot timó girda zsot murak,zsot|timó|girda|zsot|murak,zsot|bonip|zsübe|zsot|girda|murak|pekli|timó|zilép,,,,,,,,,,,,,,,,,,,,,,,,,,,,,,,,,,,,,,,,,,,,,,,,,
,,,,,,,,,,,,,1,,,268039,,2026-04-27_17h11.22.286,BrocantoHPilot1WOSession3,2025.2.4,Win32,120.1923077,,,,,,,,,,,,,,,OBJ.N5 SBJ.N3 HIDE-TR Ab LOC.N2,,,3353.551,1,OBJ-N5-SBJ-N3-HIDE-TR-Ab-LOC-N2.mp4,N5|N3|HIDE|Ab|N2,Aa|PUSH|HIDE|N3|N1|N2|Ab|N5|N4,timó|zilép|zsübe|zsot|murak,gyék|vánta|zsübe|zilép|pekli|murak|zsot|timó|dabi,0,8.607,82.513,timó zsübe zilép zsot murak,3445.3,0,6,6,6,1,OBJ-N5-SBJ-N3-HIDE-TR-Ab-LOC-N2.mp4,N5|N3|HIDE|Ab|N2,Aa|PUSH|HIDE|N3|N1|N2|Ab|N5|N4,timó zilép zsübe zsot murak,timó|zilép|zsübe|zsot|murak,gyék|vánta|zsübe|zilép|pekli|murak|zsot|timó|dabi,,,,,,,,,,,,,,,,,,,,,,,,,,,,,,,,,,,,,,,,,,,,,,,,,
,,,,,,,,,,,,,1,,,268039,,2026-04-27_17h11.22.286,BrocantoHPilot1WOSession3,2025.2.4,Win32,120.1923077,,,,,,,,,,,,,,,SBJ.N3 REVEAL-INTR Ab LOC.N2,,,3445.845,1,SBJ-N3-REVEAL-INTR-Ab-LOC-N2.mp4,N3|REVEAL|Ab|N2,REVEAL|PUSH|N3|Ab|N2|GO|N5|N1,zilép|girda|zsot|murak,girda|vánta|zilép|zsot|murak|kávler|timó|pekli,0,15.268,39.226,pekli girda zsot murak,3497.047,0,7,7,7,1,SBJ-N3-REVEAL-INTR-Ab-LOC-N2.mp4,N3|REVEAL|Ab|N2,REVEAL|PUSH|N3|Ab|N2|GO|N5|N1,zilép girda zsot murak,zilép|girda|zsot|murak,girda|vánta|zilép|zsot|murak|kávler|timó|pekli,,,,,,,,,,,,,,,,,,,,,,,,,,,,,,,,,,,,,,,,,,,,,,,,,
,,,,,,,,,,,,,1,,,268039,,2026-04-27_17h11.22.286,BrocantoHPilot1WOSession3,2025.2.4,Win32,120.1923077,,,,,,,,,,,,,,,Ab OBJ.N5 Ab SBJ.N3 REVEAL-TR,,,3497.612,1,Ab-OBJ-N5-Ab-SBJ-N3-REVEAL-TR.mp4,Ab|N5|Ab|N3|REVEAL,N5|PUSH|Aa|REVEAL|HIDE|N4|N3|Ab|Ab,zsot|timó|zsot|zilép|girda,timó|vánta|gyék|girda|zsübe|dabi|zilép|zsot|zsot,0,10.383,28.566,timó girda zsot zilép,3545.854,0,8,8,8,1,Ab-OBJ-N5-Ab-SBJ-N3-REVEAL-TR.mp4,Ab|N5|Ab|N3|REVEAL,N5|PUSH|Aa|REVEAL|HIDE|N4|N3|Ab|Ab,zsot timó zsot zilép girda,zsot|timó|zsot|zilép|girda,timó|vánta|gyék|girda|zsübe|dabi|zilép|zsot|zsot,,,,,,,,,,,,,,,,,,,,,,,,,,,,,,,,,,,,,,,,,,,,,,,,,
,,,,,,,,,,,,,1,,,268039,,2026-04-27_17h11.22.286,BrocantoHPilot1WOSession3,2025.2.4,Win32,120.1923077,,,,,,,,,,,,,,,SBJ.N4 JUMP-INTR,,,3546.432,1,SBJ-N4-JUMP-INTR.mp4,N4|JUMP,N2|N4|JUMP|N1|N5|Aa,dabi|bonip,murak|dabi|bonip|pekli|timó|gyék,1,6.37,12.179,dabi bonip,3568.028,0,9,9,9,1,SBJ-N4-JUMP-INTR.mp4,N4|JUMP,N2|N4|JUMP|N1|N5|Aa,dabi bonip,dabi|bonip,murak|dabi|bonip|pekli|timó|gyék,,,,,,,,,,,,,,,,,,,,,,,,,,,,,,,,,,,,,,,,,,,,,,,,,
,,,,,,,,,,,,,1,,,268039,,2026-04-27_17h11.22.286,BrocantoHPilot1WOSession3,2025.2.4,Win32,120.1923077,,,,,,,,,,,,,,,Ab SBJ.N3 REVEAL-INTR LOC.N4,,,3568.538,1,Ab-SBJ-N3-REVEAL-INTR-LOC-N4.mp4,Ab|N3|REVEAL|N4,N4|Aa|N2|HIDE|Ab|JUMP|N3|REVEAL,zsot|zilép|girda|dabi,dabi|gyék|murak|zsübe|zsot|bonip|zilép|girda,0,8.714,36.288,dabi zsot zilép girda,3611.17,0,10,10,10,1,Ab-SBJ-N3-REVEAL-INTR-LOC-N4.mp4,Ab|N3|REVEAL|N4,N4|Aa|N2|HIDE|Ab|JUMP|N3|REVEAL,zsot zilép girda dabi,zsot|zilép|girda|dabi,dabi|gyék|murak|zsübe|zsot|bonip|zilép|girda,,,,,,,,,,,,,,,,,,,,,,,,,,,,,,,,,,,,,,,,,,,,,,,,,
,,,,,,,,,,,,,1,,,268039,,2026-04-27_17h11.22.286,BrocantoHPilot1WOSession3,2025.2.4,Win32,120.1923077,,,,,,,,,,,,,,,SBJ.N1 GO-INTR,,,3611.721,1,SBJ-N1-GO-INTR.mp4,N1|GO,Ab|N3|PUSH|HIDE|N1|GO,pekli|kávler,zsot|zilép|vánta|zsübe|pekli|kávler,1,13.195,24.663,pekli kávler,3640.755,0,11,11,11,1,SBJ-N1-GO-INTR.mp4,N1|GO,Ab|N3|PUSH|HIDE|N1|GO,pekli kávler,pekli|kávler,zsot|zilép|vánta|zsübe|pekli|kávler,,,,,,,,,,,,,,,,,,,,,,,,,,,,,,,,,,,,,,,,,,,,,,,,,
,,,,,,,,,,,,,1,,,268039,,2026-04-27_17h11.22.286,BrocantoHPilot1WOSession3,2025.2.4,Win32,120.1923077,,,,,,,,,,,,,,,Ab OBJ.N5 Ab SBJ.N4 PUSH-TR,,,3641.304,1,Ab-OBJ-N5-Ab-SBJ-N4-PUSH-TR.mp4,Ab|N5|Ab|N4|PUSH,JUMP|REVEAL|Aa|GO|Ab|N5|Ab|N4|PUSH,zsot|timó|zsot|dabi|vánta,bonip|girda|gyék|kávler|zsot|timó|zsot|dabi|vánta,1,5.671,59.071,zsot timó zsot dabi vánta,3707.468,0,12,12,12,1,Ab-OBJ-N5-Ab-SBJ-N4-PUSH-TR.mp4,Ab|N5|Ab|N4|PUSH,JUMP|REVEAL|Aa|GO|Ab|N5|Ab|N4|PUSH,zsot timó zsot dabi vánta,zsot|timó|zsot|dabi|vánta,bonip|girda|gyék|kávler|zsot|timó|zsot|dabi|vánta,,,,,,,,,,,,,,,,,,,,,,,,,,,,,,,,,,,,,,,,,,,,,,,,,
,,,,,,,,,,,,,1,,,268039,,2026-04-27_17h11.22.286,BrocantoHPilot1WOSession3,2025.2.4,Win32,120.1923077,,,,,,,,,,,,,,,Ab OBJ.N5 Ab SBJ.N3 REVEAL-TR Ab LOC.N4,,,3708.001,1,Ab-OBJ-N5-Ab-SBJ-N3-REVEAL-TR-Ab-LOC-N4.mp4,Ab|N5|Ab|N3|REVEAL|Ab|N4,N3|HIDE|Aa|Ab|PUSH|N5|Ab|N4|Ab|REVEAL|N2,zsot|timó|zsot|zilép|girda|zsot|dabi,zilép|zsübe|gyék|zsot|vánta|timó|zsot|dabi|zsot|girda|murak,1,6.638,105.903,zsot timó zsot zilép girda zsot dabi,3821.2,0,13,13,13,1,Ab-OBJ-N5-Ab-SBJ-N3-REVEAL-TR-Ab-LOC-N4.mp4,Ab|N5|Ab|N3|REVEAL|Ab|N4,N3|HIDE|Aa|Ab|PUSH|N5|Ab|N4|Ab|REVEAL|N2,zsot timó zsot zilép girda zsot dabi,zsot|timó|zsot|zilép|girda|zsot|dabi,zilép|zsübe|gyék|zsot|vánta|timó|zsot|dabi|zsot|girda|murak,,,,,,,,,,,,,,,,,,,,,,,,,,,,,,,,,,,,,,,,,,,,,,,,,
,,,,,,,,,,,,,1,,,268039,,2026-04-27_17h11.22.286,BrocantoHPilot1WOSession3,2025.2.4,Win32,120.1923077,,,,,,,,,,,,,,,Ab OBJ.N5 Ab SBJ.N1 PUSH-TR LOC.N2,,,3821.809,1,Ab-OBJ-N5-Ab-SBJ-N1-PUSH-TR-LOC-N2.mp4,Ab|N5|Ab|N1|PUSH|N2,Ab|JUMP|N2|HIDE|N4|Ab|PUSH|N5|N1|N3,zsot|timó|zsot|pekli|vánta|murak,zsot|bonip|murak|zsübe|dabi|zsot|vánta|timó|pekli|zilép,0,6.527,37.009,zsot timó vánta zsot pekli murak,3878.664,0,14,14,14,1,Ab-OBJ-N5-Ab-SBJ-N1-PUSH-TR-LOC-N2.mp4,Ab|N5|Ab|N1|PUSH|N2,Ab|JUMP|N2|HIDE|N4|Ab|PUSH|N5|N1|N3,zsot timó zsot pekli vánta murak,zsot|timó|zsot|pekli|vánta|murak,zsot|bonip|murak|zsübe|dabi|zsot|vánta|timó|pekli|zilép,,,,,,,,,,,,,,,,,,,,,,,,,,,,,,,,,,,,,,,,,,,,,,,,,
,,,,,,,,,,,,,1,,,268039,,2026-04-27_17h11.22.286,BrocantoHPilot1WOSession3,2025.2.4,Win32,120.1923077,,,,,,,,,,,,,,,Ab OBJ.N5 SBJ.N1 HIDE-TR,,,3879.199,1,Ab-OBJ-N5-SBJ-N1-HIDE-TR.mp4,Ab|N5|N1|HIDE,REVEAL|GO|N5|HIDE|N1|Ab|Aa|N3,zsot|timó|pekli|zsübe,girda|kávler|timó|zsübe|pekli|zsot|gyék|zilép,0,7.369,43.518,zsot timó zsübe pekli,3929.114,0,15,15,15,1,Ab-OBJ-N5-SBJ-N1-HIDE-TR.mp4,Ab|N5|N1|HIDE,REVEAL|GO|N5|HIDE|N1|Ab|Aa|N3,zsot timó pekli zsübe,zsot|timó|pekli|zsübe,girda|kávler|timó|zsübe|pekli|zsot|gyék|zilép,,,,,,,,,,,,,,,,,,,,,,,,,,,,,,,,,,,,,,,,,,,,,,,,,
,,,,,,,,,,,,,1,,,268039,,2026-04-27_17h11.22.286,BrocantoHPilot1WOSession3,2025.2.4,Win32,120.1923077,,,,,,,,,,,,,,,SBJ.N5 REVEAL-INTR LOC.N3,,,3929.665,1,SBJ-N5-REVEAL-INTR-LOC-N3.mp4,N5|REVEAL|N3,N4|JUMP|PUSH|N5|HIDE|REVEAL|N3,timó|girda|zilép,dabi|bonip|vánta|timó|zsübe|girda|zilép,0,7.81,37.526,timó zilép girda,3971.904,0,16,16,16,1,SBJ-N5-REVEAL-INTR-LOC-N3.mp4,N5|REVEAL|N3,N4|JUMP|PUSH|N5|HIDE|REVEAL|N3,timó girda zilép,timó|girda|zilép,dabi|bonip|vánta|timó|zsübe|girda|zilép,,,,,,,,,,,,,,,,,,,,,,,,,,,,,,,,,,,,,,,,,,,,,,,,,
,,,,,,,,,,,,,1,,,268039,,2026-04-27_17h11.22.286,BrocantoHPilot1WOSession3,2025.2.4,Win32,120.1923077,,,,,,,,,,,,,,,Ab SBJ.N5 HIDE-INTR,,,3972.408,1,Ab-SBJ-N5-HIDE-INTR.mp4,Ab|N5|HIDE,Aa|N5|HIDE|N1|Ab|N2|GO,zsot|timó|zsübe,gyék|timó|zsübe|pekli|zsot|murak|kávler,1,10.79,22.673,zsot timó zsübe,4000.188,0,17,17,17,1,Ab-SBJ-N5-HIDE-INTR.mp4,Ab|N5|HIDE,Aa|N5|HIDE|N1|Ab|N2|GO,zsot timó zsübe,zsot|timó|zsübe,gyék|timó|zsübe|pekli|zsot|murak|kávler,,,,,,,,,,,,,,,,,,,,,,,,,,,,,,,,,,,,,,,,,,,,,,,,,
,,,,,,,,,,,,,1,,,268039,,2026-04-27_17h11.22.286,BrocantoHPilot1WOSession3,2025.2.4,Win32,120.1923077,,,,,,,,,,,,,,,Ab SBJ.N2 GO-INTR,,,4000.709,1,Ab-SBJ-N2-GO-INTR.mp4,Ab|N2|GO,REVEAL|Ab|GO|HIDE|N3|N5|N2,zsot|murak|kávler,girda|zsot|kávler|zsübe|zilép|timó|murak,1,6.599,12.58,zsot murak kávler,4017.688,0,18,18,18,1,Ab-SBJ-N2-GO-INTR.mp4,Ab|N2|GO,REVEAL|Ab|GO|HIDE|N3|N5|N2,zsot murak kávler,zsot|murak|kávler,girda|zsot|kávler|zsübe|zilép|timó|murak,,,,,,,,,,,,,,,,,,,,,,,,,,,,,,,,,,,,,,,,,,,,,,,,,
,,,,,,,,,,,,,1,,,268039,,2026-04-27_17h11.22.286,BrocantoHPilot1WOSession3,2025.2.4,Win32,120.1923077,,,,,,,,,,,,,,,Ab OBJ.N5 Ab SBJ.N3 REVEAL-TR,,,4018.224,1,Ab-OBJ-N5-Ab-SBJ-N3-REVEAL-TR.mp4,Ab|N5|Ab|N3|REVEAL,JUMP|Ab|GO|N5|REVEAL|Ab|N3|HIDE|N4,zsot|timó|zsot|zilép|girda,bonip|zsot|kávler|timó|girda|zsot|zilép|zsübe|dabi,0,6.649,49.422,zsot timó girda zsot zilép,4072.825,0,19,19,19,1,Ab-OBJ-N5-Ab-SBJ-N3-REVEAL-TR.mp4,Ab|N5|Ab|N3|REVEAL,JUMP|Ab|GO|N5|REVEAL|Ab|N3|HIDE|N4,zsot timó zsot zilép girda,zsot|timó|zsot|zilép|girda,bonip|zsot|kávler|timó|girda|zsot|zilép|zsübe|dabi,,,,,,,,,,,,,,,,,,,,,,,,,,,,,,,,,,,,,,,,,,,,,,,,,
,,,,,,,,,,,,,1,,,268039,,2026-04-27_17h11.22.286,BrocantoHPilot1WOSession3,2025.2.4,Win32,120.1923077,,,,,,,,,,,,,,,OBJ.N5 SBJ.N4 HIDE-TR Ab LOC.N2,,,4073.354,1,OBJ-N5-SBJ-N4-HIDE-TR-Ab-LOC-N2.mp4,N5|N4|HIDE|Ab|N2,Aa|N2|N3|N4|JUMP|PUSH|N5|Ab|HIDE,timó|dabi|zsübe|zsot|murak,gyék|murak|zilép|dabi|bonip|vánta|timó|zsot|zsübe,0,8.867,58.325,zsot timó zsübe dabi vánta murak,4140.846,0,20,20,20,1,OBJ-N5-SBJ-N4-HIDE-TR-Ab-LOC-N2.mp4,N5|N4|HIDE|Ab|N2,Aa|N2|N3|N4|JUMP|PUSH|N5|Ab|HIDE,timó dabi zsübe zsot murak,timó|dabi|zsübe|zsot|murak,gyék|murak|zilép|dabi|bonip|vánta|timó|zsot|zsübe,,,,,,,,,,,,,,,,,,,,,,,,,,,,,,,,,,,,,,,,,,,,,,,,,
,,,,,,,,,,,,,1,,,268039,,2026-04-27_17h11.22.286,BrocantoHPilot1WOSession3,2025.2.4,Win32,120.1923077,,,,,,,,,,,,,,,Aa SBJ.N5 JUMP-INTR,,,4141.371,1,Aa-SBJ-N5-JUMP-INTR.mp4,Aa|N5|JUMP,REVEAL|N5|N3|JUMP|HIDE|N1|Aa,gyék|timó|bonip,girda|timó|zilép|bonip|zsübe|pekli|gyék,0,5.739,23.589,timó bonip,4171.893,0,21,21,21,1,Aa-SBJ-N5-JUMP-INTR.mp4,Aa|N5|JUMP,REVEAL|N5|N3|JUMP|HIDE|N1|Aa,gyék timó bonip,gyék|timó|bonip,girda|timó|zilép|bonip|zsübe|pekli|gyék,,,,,,,,,,,,,,,,,,,,,,,,,,,,,,,,,,,,,,,,,,,,,,,,,
,,,,,,,,,,,,,1,,,268039,,2026-04-27_17h11.22.286,BrocantoHPilot1WOSession3,2025.2.4,Win32,120.1923077,,,,,,,,,,,,,,,Ab OBJ.N5 SBJ.N3 PUSH-TR Ab LOC.N1,,,4172.402,1,Ab-OBJ-N5-SBJ-N3-PUSH-TR-Ab-LOC-N1.mp4,Ab|N5|N3|PUSH|Ab|N1,N5|REVEAL|Ab|N1|Aa|N3|N2|PUSH|JUMP|Ab,zsot|timó|zilép|vánta|zsot|pekli,timó|girda|zsot|pekli|gyék|zilép|murak|vánta|bonip|zsot,0,9.316,54.748,zsot timó vánta zilép zsot pekli,4238.314,0,22,22,22,1,Ab-OBJ-N5-SBJ-N3-PUSH-TR-Ab-LOC-N1.mp4,Ab|N5|N3|PUSH|Ab|N1,N5|REVEAL|Ab|N1|Aa|N3|N2|PUSH|JUMP|Ab,zsot timó zilép vánta zsot pekli,zsot|timó|zilép|vánta|zsot|pekli,timó|girda|zsot|pekli|gyék|zilép|murak|vánta|bonip|zsot,,,,,,,,,,,,,,,,,,,,,,,,,,,,,,,,,,,,,,,,,,,,,,,,,
,,,,,,,,,,,,,1,,,268039,,2026-04-27_17h11.22.286,BrocantoHPilot1WOSession3,2025.2.4,Win32,120.1923077,,,,,,,,,,,,,,,OBJ.N5 Ab SBJ.N1 REVEAL-TR,,,4238.856,1,OBJ-N5-Ab-SBJ-N1-REVEAL-TR.mp4,N5|Ab|N1|REVEAL,Aa|N3|Ab|N5|GO|REVEAL|N1|JUMP,timó|zsot|pekli|girda,gyék|zilép|zsot|timó|kávler|girda|pekli|bonip,0,7.26,48.551,timó girda zsot pekli,4292.784,0,23,23,23,1,OBJ-N5-Ab-SBJ-N1-REVEAL-TR.mp4,N5|Ab|N1|REVEAL,Aa|N3|Ab|N5|GO|REVEAL|N1|JUMP,timó zsot pekli girda,timó|zsot|pekli|girda,gyék|zilép|zsot|timó|kávler|girda|pekli|bonip,,,,,,,,,,,,,,,,,,,,,,,,,,,,,,,,,,,,,,,,,,,,,,,,,
,,,,,,,,,,,,,1,,,268039,,2026-04-27_17h11.22.286,BrocantoHPilot1WOSession3,2025.2.4,Win32,120.1923077,,,,,,,,,,,,,,,OBJ.N5 SBJ.N1 HIDE-TR,,,4293.355,1,OBJ-N5-SBJ-N1-HIDE-TR.mp4,N5|N1|HIDE,GO|N1|Aa|N5|HIDE|N2|PUSH,timó|pekli|zsübe,kávler|pekli|gyék|timó|zsübe|murak|vánta,0,6.785,13.078,timó zsübe pekli,4312.58,0,24,24,24,1,OBJ-N5-SBJ-N1-HIDE-TR.mp4,N5|N1|HIDE,GO|N1|Aa|N5|HIDE|N2|PUSH,timó pekli zsübe,timó|pekli|zsübe,kávler|pekli|gyék|timó|zsübe|murak|vánta,,,,,,,,,,,,,,,,,,,,,,,,,,,,,,,,,,,,,,,,,,,,,,,,,
,,,,,,,,,,,,,1,,,268039,,2026-04-27_17h11.22.286,BrocantoHPilot1WOSession3,2025.2.4,Win32,120.1923077,,,,,,,,,,,,,,,Aa SBJ.N5 HIDE-INTR,,,4313.107,1,Aa-SBJ-N5-HIDE-INTR.mp4,Aa|N5|HIDE,N1|HIDE|N4|REVEAL|Ab|Aa|N5,gyék|timó|zsübe,pekli|zsübe|dabi|girda|zsot|gyék|timó,0,8.811,16.081,zsot timó zsübe,4334.464,0,25,25,25,1,Aa-SBJ-N5-HIDE-INTR.mp4,Aa|N5|HIDE,N1|HIDE|N4|REVEAL|Ab|Aa|N5,gyék timó zsübe,gyék|timó|zsübe,pekli|zsübe|dabi|girda|zsot|gyék|timó,,,,,,,,,,,,,,,,,,,,,,,,,,,,,,,,,,,,,,,,,,,,,,,,,
,,,,,,,,,,,,,1,,,268039,,2026-04-27_17h11.22.286,BrocantoHPilot1WOSession3,2025.2.4,Win32,120.1923077,,,,,,,,,,,,,,,OBJ.N5 SBJ.N4 PUSH-TR Ab LOC.N2,,,4334.99,1,OBJ-N5-SBJ-N4-PUSH-TR-Ab-LOC-N2.mp4,N5|N4|PUSH|Ab|N2,PUSH|HIDE|N4|N5|Ab|Aa|N3|N2|REVEAL,timó|dabi|vánta|zsot|murak,vánta|zsübe|dabi|timó|zsot|gyék|zilép|murak|girda,1,8.09,35.006,timó dabi vánta zsot murak,4374.732,0,26,26,26,1,OBJ-N5-SBJ-N4-PUSH-TR-Ab-LOC-N2.mp4,N5|N4|PUSH|Ab|N2,PUSH|HIDE|N4|N5|Ab|Aa|N3|N2|REVEAL,timó dabi vánta zsot murak,timó|dabi|vánta|zsot|murak,vánta|zsübe|dabi|timó|zsot|gyék|zilép|murak|girda,,,,,,,,,,,,,,,,,,,,,,,,,,,,,,,,,,,,,,,,,,,,,,,,,
,,,,,,,,,,,,,1,,,268039,,2026-04-27_17h11.22.286,BrocantoHPilot1WOSession3,2025.2.4,Win32,120.1923077,,,,,,,,,,,,,,,Ab OBJ.N5 SBJ.N2 REVEAL-TR Ab LOC.N3,,,4375.264,1,Ab-OBJ-N5-SBJ-N2-REVEAL-TR-Ab-LOC-N3.mp4,Ab|N5|N2|REVEAL|Ab|N3,N3|HIDE|N1|N5|Ab|Ab|PUSH|N2|REVEAL|GO,zsot|timó|murak|girda|zsot|zilép,zilép|zsübe|pekli|timó|zsot|zsot|vánta|murak|girda|kávler,0,7.057,63.988,zsot timó zsot murak girda,4460.015,0,27,27,27,1,Ab-OBJ-N5-SBJ-N2-REVEAL-TR-Ab-LOC-N3.mp4,Ab|N5|N2|REVEAL|Ab|N3,N3|HIDE|N1|N5|Ab|Ab|PUSH|N2|REVEAL|GO,zsot timó murak girda zsot zilép,zsot|timó|murak|girda|zsot|zilép,zilép|zsübe|pekli|timó|zsot|zsot|vánta|murak|girda|kávler,,,,,,,,,,,,,,,,,,,,,,,,,,,,,,,,,,,,,,,,,,,,,,,,,
,,,,,,,,,,,,,1,,,268039,,2026-04-27_17h11.22.286,BrocantoHPilot1WOSession3,2025.2.4,Win32,120.1923077,,,,,,,,,,,,,,,OBJ.N5 SBJ.N3 PUSH-TR,,,4460.62,1,OBJ-N5-SBJ-N3-PUSH-TR.mp4,N5|N3|PUSH,JUMP|Aa|GO|N5|N3|PUSH|N2,timó|zilép|vánta,bonip|gyék|kávler|timó|zilép|vánta|murak,1,5.279,22.862,timó zilép vánta,4487.26,0,28,28,28,1,OBJ-N5-SBJ-N3-PUSH-TR.mp4,N5|N3|PUSH,JUMP|Aa|GO|N5|N3|PUSH|N2,timó zilép vánta,timó|zilép|vánta,bonip|gyék|kávler|timó|zilép|vánta|murak,,,,,,,,,,,,,,,,,,,,,,,,,,,,,,,,,,,,,,,,,,,,,,,,,
,,,,,,,,,,,,,1,,,268039,,2026-04-27_17h11.22.286,BrocantoHPilot1WOSession3,2025.2.4,Win32,120.1923077,,,,,,,,,,,,,,,SBJ.N5 HIDE-INTR,,,4487.795,1,SBJ-N5-HIDE-INTR.mp4,N5|HIDE,N3|PUSH|N5|N1|GO|HIDE,timó|zsübe,zilép|vánta|timó|pekli|kávler|zsübe,1,5.898,15.031,timó zsübe,4506.193,0,29,29,29,1,SBJ-N5-HIDE-INTR.mp4,N5|HIDE,N3|PUSH|N5|N1|GO|HIDE,timó zsübe,timó|zsübe,zilép|vánta|timó|pekli|kávler|zsübe,,,,,,,,,,,,,,,,,,,,,,,,,,,,,,,,,,,,,,,,,,,,,,,,,
,,,,,,,,,,,,,1,,,268039,,2026-04-27_17h11.22.286,BrocantoHPilot1WOSession3,2025.2.4,Win32,120.1923077,,,,,,,,,,,,,,,Ab OBJ.N5 SBJ.N3 HIDE-TR,,,4506.764,1,Ab-OBJ-N5-SBJ-N3-HIDE-TR.mp4,Ab|N5|N3|HIDE,PUSH|HIDE|N3|JUMP|REVEAL|N5|Ab|Aa,zsot|timó|zilép|zsübe,vánta|zsübe|zilép|bonip|girda|timó|zsot|gyék,1,8.861,32.27,zsot timó zilép zsübe,4546.264,0,30,30,30,1,Ab-OBJ-N5-SBJ-N3-HIDE-TR.mp4,Ab|N5|N3|HIDE,PUSH|HIDE|N3|JUMP|REVEAL|N5|Ab|Aa,zsot timó zilép zsübe,zsot|timó|zilép|zsübe,vánta|zsübe|zilép|bonip|girda|timó|zsot|gyék,,,,,,,,,,,,,,,,,,,,,,,,,,,,,,,,,,,,,,,,,,,,,,,,,
,,,,,,,,,,,,,1,,,268039,,2026-04-27_17h11.22.286,BrocantoHPilot1WOSession3,2025.2.4,Win32,120.1923077,,,,,,,,,,,,,,,SBJ.N5 JUMP-INTR,,,4546.835,1,SBJ-N5-JUMP-INTR.mp4,N5|JUMP,REVEAL|N5|HIDE|N1|Aa|JUMP,timó|bonip,girda|timó|zsübe|pekli|gyék|bonip,1,6.323,15.621,timó bonip,4565.647,0,31,31,31,1,SBJ-N5-JUMP-INTR.mp4,N5|JUMP,REVEAL|N5|HIDE|N1|Aa|JUMP,timó bonip,timó|bonip,girda|timó|zsübe|pekli|gyék|bonip,,,,,,,,,,,,,,,,,,,,,,,,,,,,,,,,,,,,,,,,,,,,,,,,,
,,,,,,,,,,,,,1,,,268039,,2026-04-27_17h11.22.286,BrocantoHPilot1WOSession3,2025.2.4,Win32,120.1923077,,,,,,,,,,,,,,,Ab SBJ.N2 GO-INTR,,,4566.299,1,Ab-SBJ-N2-GO-INTR.mp4,Ab|N2|GO,N1|GO|HIDE|N2|Ab|N4|JUMP,zsot|murak|kávler,pekli|kávler|zsübe|murak|zsot|dabi|bonip,1,6.691,20.157,zsot murak kávler,4590.33,0,32,32,32,1,Ab-SBJ-N2-GO-INTR.mp4,Ab|N2|GO,N1|GO|HIDE|N2|Ab|N4|JUMP,zsot murak kávler,zsot|murak|kávler,pekli|kávler|zsübe|murak|zsot|dabi|bonip,,,,,,,,,,,,,,,,,,,,,,,,,,,,,,,,,,,,,,,,,,,,,,,,,
,,,,,,,,,,,,,1,,,268039,,2026-04-27_17h11.22.286,BrocantoHPilot1WOSession3,2025.2.4,Win32,120.1923077,,,,,,,,,,,,,,,Ab SBJ.N2 GO-INTR Aa LOC.N3,,,4590.841,1,Ab-SBJ-N2-GO-INTR-Aa-LOC-N3.mp4,Ab|N2|GO|Aa|N3,N5|N2|N3|N4|GO|Aa|Ab|JUMP|REVEAL,zsot|murak|kávler|gyék|zilép,timó|murak|zilép|dabi|kávler|gyék|zsot|bonip|girda,0,8.455,40.167,zsot zilép murak kávler,4639.733,0,33,33,33,1,Ab-SBJ-N2-GO-INTR-Aa-LOC-N3.mp4,Ab|N2|GO|Aa|N3,N5|N2|N3|N4|GO|Aa|Ab|JUMP|REVEAL,zsot murak kávler gyék zilép,zsot|murak|kávler|gyék|zilép,timó|murak|zilép|dabi|kávler|gyék|zsot|bonip|girda,,,,,,,,,,,,,,,,,,,,,,,,,,,,,,,,,,,,,,,,,,,,,,,,,
,,,,,,,,,,,,,1,,,268039,,2026-04-27_17h11.22.286,BrocantoHPilot1WOSession3,2025.2.4,Win32,120.1923077,,,,,,,,,,,,,,,Ab SBJ.N4 JUMP-INTR Ab LOC.N1,,,4640.28,1,Ab-SBJ-N4-JUMP-INTR-Ab-LOC-N1.mp4,Ab|N4|JUMP|Ab|N1,N2|HIDE|JUMP|N1|Ab|N3|Ab|N4|REVEAL,zsot|dabi|bonip|zsot|pekli,murak|zsübe|bonip|pekli|zsot|zilép|zsot|dabi|girda,0,6.684,39.217,zsot pekli bonip dabi,4685.907,0,34,34,34,1,Ab-SBJ-N4-JUMP-INTR-Ab-LOC-N1.mp4,Ab|N4|JUMP|Ab|N1,N2|HIDE|JUMP|N1|Ab|N3|Ab|N4|REVEAL,zsot dabi bonip zsot pekli,zsot|dabi|bonip|zsot|pekli,murak|zsübe|bonip|pekli|zsot|zilép|zsot|dabi|girda,,,,,,,,,,,,,,,,,,,,,,,,,,,,,,,,,,,,,,,,,,,,,,,,,
,,,,,,,,,,,,,1,,,268039,,2026-04-27_17h11.22.286,BrocantoHPilot1WOSession3,2025.2.4,Win32,120.1923077,,,,,,,,,,,,,,,Aa SBJ.N4 HIDE-INTR LOC.N3,,,4686.446,1,Aa-SBJ-N4-HIDE-INTR-LOC-N3.mp4,Aa|N4|HIDE|N3,Aa|Ab|N4|JUMP|N2|N3|HIDE|PUSH,gyék|dabi|zsübe|zilép,gyék|zsot|dabi|bonip|murak|zilép|zsübe|vánta,0,9.181,52.756,zilép dabi zsübe gyék,4744.462,0,35,35,35,1,Aa-SBJ-N4-HIDE-INTR-LOC-N3.mp4,Aa|N4|HIDE|N3,Aa|Ab|N4|JUMP|N2|N3|HIDE|PUSH,gyék dabi zsübe zilép,gyék|dabi|zsübe|zilép,gyék|zsot|dabi|bonip|murak|zilép|zsübe|vánta,,,,,,,,,,,,,,,,,,,,,,,,,,,,,,,,,,,,,,,,,,,,,,,,,
,,,,,,,,,,,,,1,,,268039,,2026-04-27_17h11.22.286,BrocantoHPilot1WOSession3,2025.2.4,Win32,120.1923077,,,,,,,,,,,,,,,Aa SBJ.N5 GO-INTR Ab LOC.N4,,,4744.997,1,Aa-SBJ-N5-GO-INTR-Ab-LOC-N4.mp4,Aa|N5|GO|Ab|N4,N3|Aa|Ab|N5|REVEAL|PUSH|N4|HIDE|GO,gyék|timó|kávler|zsot|dabi,zilép|gyék|zsot|timó|girda|vánta|dabi|zsübe|kávler,0,8.021,68.079,zsot dabi vánta timó,4818.153,0,36,36,36,1,Aa-SBJ-N5-GO-INTR-Ab-LOC-N4.mp4,Aa|N5|GO|Ab|N4,N3|Aa|Ab|N5|REVEAL|PUSH|N4|HIDE|GO,gyék timó kávler zsot dabi,gyék|timó|kávler|zsot|dabi,zilép|gyék|zsot|timó|girda|vánta|dabi|zsübe|kávler,,,,,,,,,,,,,,,,,,,,,,,,,,,,,,,,,,,,,,,,,,,,,,,,,
,,,,,,,,,,,,,1,,,268039,,2026-04-27_17h11.22.286,BrocantoHPilot1WOSession3,2025.2.4,Win32,120.1923077,,,,,,,,,,,,,,,Ab SBJ.N5 JUMP-INTR Aa LOC.N3,,,4818.724,1,Ab-SBJ-N5-JUMP-INTR-Aa-LOC-N3.mp4,Ab|N5|JUMP|Aa|N3,Ab|N3|GO|N1|JUMP|REVEAL|Aa|N5|PUSH,zsot|timó|bonip|gyék|zilép,zsot|zilép|kávler|pekli|bonip|girda|gyék|timó|vánta,0,9.218,62.325,zsot pekli bonip gyék timó,4886.675,0,37,37,37,1,Ab-SBJ-N5-JUMP-INTR-Aa-LOC-N3.mp4,Ab|N5|JUMP|Aa|N3,Ab|N3|GO|N1|JUMP|REVEAL|Aa|N5|PUSH,zsot timó bonip gyék zilép,zsot|timó|bonip|gyék|zilép,zsot|zilép|kávler|pekli|bonip|girda|gyék|timó|vánta,,,,,,,,,,,,,,,,,,,,,,,,,,,,,,,,,,,,,,,,,,,,,,,,,
,,,,,,,,,,,,,1,,,268039,,2026-04-27_17h11.22.286,BrocantoHPilot1WOSession3,2025.2.4,Win32,120.1923077,,,,,,,,,,,,,,,SBJ.N5 HIDE-INTR Aa LOC.N3,,,4887.25,1,SBJ-N5-HIDE-INTR-Aa-LOC-N3.mp4,N5|HIDE|Aa|N3,N3|Aa|REVEAL|N5|GO|HIDE|Ab|PUSH,timó|zsübe|gyék|zilép,zilép|gyék|girda|timó|kávler|zsübe|zsot|vánta,0,7.289,30.489,zsot zilép zsübe timó,5138.642,0,38,38,38,1,SBJ-N5-HIDE-INTR-Aa-LOC-N3.mp4,N5|HIDE|Aa|N3,N3|Aa|REVEAL|N5|GO|HIDE|Ab|PUSH,timó zsübe gyék zilép,timó|zsübe|gyék|zilép,zilép|gyék|girda|timó|kávler|zsübe|zsot|vánta,,,,,,,,,,,,,,,,,,,,,,,,,,,,,,,,,,,,,,,,,,,,,,,,,
,,,,,,,,,,,,,1,,,268039,,2026-04-27_17h11.22.286,BrocantoHPilot1WOSession3,2025.2.4,Win32,120.1923077,,,,,,,,,,,,,,,OBJ.N5 SBJ.N2 PUSH-TR LOC.N1,,,5139.205,1,OBJ-N5-SBJ-N2-PUSH-TR-LOC-N1.mp4,N5|N2|PUSH|N1,Aa|Ab|N2|PUSH|N4|N5|N1|HIDE,timó|murak|vánta|pekli,gyék|zsot|murak|vánta|dabi|timó|pekli|zsübe,0,8.524,40.46,timó vánta murak gyék pekli,5186.74,0,39,39,39,1,OBJ-N5-SBJ-N2-PUSH-TR-LOC-N1.mp4,N5|N2|PUSH|N1,Aa|Ab|N2|PUSH|N4|N5|N1|HIDE,timó murak vánta pekli,timó|murak|vánta|pekli,gyék|zsot|murak|vánta|dabi|timó|pekli|zsübe,,,,,,,,,,,,,,,,,,,,,,,,,,,,,,,,,,,,,,,,,,,,,,,,,
,,,,,,,,,,,,,1,,,268039,,2026-04-27_17h11.22.286,BrocantoHPilot1WOSession3,2025.2.4,Win32,120.1923077,,,,,,,,,,,,,,,OBJ.N5 SBJ.N4 HIDE-TR Ab LOC.N2,,,5187.345,1,OBJ-N5-SBJ-N4-HIDE-TR-Ab-LOC-N2.mp4,N5|N4|HIDE|Ab|N2,HIDE|REVEAL|N4|N2|GO|Ab|Aa|PUSH|N5,timó|dabi|zsübe|zsot|murak,zsübe|girda|dabi|murak|kávler|zsot|gyék|vánta|timó,0,11.33,79.051,gyék timó dabi zsübe zsot murak,5271.812,0,40,40,40,1,OBJ-N5-SBJ-N4-HIDE-TR-Ab-LOC-N2.mp4,N5|N4|HIDE|Ab|N2,HIDE|REVEAL|N4|N2|GO|Ab|Aa|PUSH|N5,timó dabi zsübe zsot murak,timó|dabi|zsübe|zsot|murak,zsübe|girda|dabi|murak|kávler|zsot|gyék|vánta|timó,,,,,,,,,,,,,,,,,,,,,,,,,,,,,,,,,,,,,,,,,,,,,,,,,
,,,,,,,,,,,,,1,,,268039,,2026-04-27_17h11.22.286,BrocantoHPilot1WOSession3,2025.2.4,Win32,120.1923077,,,,,,,,,,,,,,,Ab OBJ.N5 SBJ.N1 HIDE-TR,,,5272.343,1,Ab-OBJ-N5-SBJ-N1-HIDE-TR.mp4,Ab|N5|N1|HIDE,Ab|HIDE|PUSH|N5|N1|Aa|N2|N3,zsot|timó|pekli|zsübe,zsot|zsübe|vánta|timó|pekli|gyék|murak|zilép,0,9.743,43.693,timó pekli zsübe,5327.952,0,41,41,41,1,Ab-OBJ-N5-SBJ-N1-HIDE-TR.mp4,Ab|N5|N1|HIDE,Ab|HIDE|PUSH|N5|N1|Aa|N2|N3,zsot timó pekli zsübe,zsot|timó|pekli|zsübe,zsot|zsübe|vánta|timó|pekli|gyék|murak|zilép,,,,,,,,,,,,,,,,,,,,,,,,,,,,,,,,,,,,,,,,,,,,,,,,,
,,,,,,,,,,,,,1,,,268039,,2026-04-27_17h11.22.286,BrocantoHPilot1WOSession3,2025.2.4,Win32,120.1923077,,,,,,,,,,,,,,,,,,,,,,,,,,,,,,,,,,,,,,,,,5372.497,chunkTest_s1,0,1,PUSH-Ab.mp3,10,9.328,1,2,5.087,16.927,5390.827,0,0,0,4,1,PUSH-Ab.mp3,10,,,,,,,,,,,,,,,,,,,,,,,,,,,,,,
,,,,,,,,,,,,,1,,,268039,,2026-04-27_17h11.22.286,BrocantoHPilot1WOSession3,2025.2.4,Win32,120.1923077,,,,,,,,,,,,,,,,,,,,,,,,,,,,,,,,,,,,,,,,,5391.352,chunkTest_s1,1,1,PUSH-N5.mp3,0,1.537,1,1,3.532,6.481,5398.729,0,1,1,18,1,PUSH-N5.mp3,0,,,,,,,,,,,,,,,,,,,,,,,,,,,,,,
,,,,,,,,,,,,,1,,,268039,,2026-04-27_17h11.22.286,BrocantoHPilot1WOSession3,2025.2.4,Win32,120.1923077,,,,,,,,,,,,,,,,,,,,,,,,,,,,,,,,,,,,,,,,,5399.255,chunkTest_s1,2,1,GO-N2.mp3,3,1.753,6,1,3.759,6.146,5406.347,0,2,2,7,1,GO-N2.mp3,3,,,,,,,,,,,,,,,,,,,,,,,,,,,,,,
,,,,,,,,,,,,,1,,,268039,,2026-04-27_17h11.22.286,BrocantoHPilot1WOSession3,2025.2.4,Win32,120.1923077,,,,,,,,,,,,,,,,,,,,,,,,,,,,,,,,,,,,,,,,,5406.922,chunkTest_s1,3,1,N1-Ab.mp3,0,1.469,1,1,2.903,7.141,5416.266,0,3,3,19,1,N1-Ab.mp3,0,,,,,,,,,,,,,,,,,,,,,,,,,,,,,,
,,,,,,,,,,,,,1,,,268039,,2026-04-27_17h11.22.286,BrocantoHPilot1WOSession3,2025.2.4,Win32,120.1923077,,,,,,,,,,,,,,,,,,,,,,,,,,,,,,,,,,,,,,,,,5416.793,chunkTest_s1,4,1,GO-Aa.mp3,5,2.698,6,1,4.654,7.417,5425.094,0,4,4,1,1,GO-Aa.mp3,5,,,,,,,,,,,,,,,,,,,,,,,,,,,,,,
,,,,,,,,,,,,,1,,,268039,,2026-04-27_17h11.22.286,BrocantoHPilot1WOSession3,2025.2.4,Win32,120.1923077,,,,,,,,,,,,,,,,,,,,,,,,,,,,,,,,,,,,,,,,,5425.675,chunkTest_s1,5,1,REVEAL-PUSH.mp3,0,1.982,1,1,3.982,8.399,5434.769,0,5,5,16,1,REVEAL-PUSH.mp3,0,,,,,,,,,,,,,,,,,,,,,,,,,,,,,,
,,,,,,,,,,,,,1,,,268039,,2026-04-27_17h11.22.286,BrocantoHPilot1WOSession3,2025.2.4,Win32,120.1923077,,,,,,,,,,,,,,,,,,,,,,,,,,,,,,,,,,,,,,,,,5435.341,chunkTest_s1,6,1,PUSH-N3.mp3,3,1.374,6,1,3.449,5.228,5441.566,0,6,6,17,1,PUSH-N3.mp3,3,,,,,,,,,,,,,,,,,,,,,,,,,,,,,,
,,,,,,,,,,,,,1,,,268039,,2026-04-27_17h11.22.286,BrocantoHPilot1WOSession3,2025.2.4,Win32,120.1923077,,,,,,,,,,,,,,,,,,,,,,,,,,,,,,,,,,,,,,,,,5442.093,chunkTest_s1,7,1,N3-PUSH.mp3,14,1.567,1,1,3.564,5.433,5448.802,0,7,7,11,1,N3-PUSH.mp3,14,,,,,,,,,,,,,,,,,,,,,,,,,,,,,,
,,,,,,,,,,,,,1,,,268039,,2026-04-27_17h11.22.286,BrocantoHPilot1WOSession3,2025.2.4,Win32,120.1923077,,,,,,,,,,,,,,,,,,,,,,,,,,,,,,,,,,,,,,,,,5449.448,chunkTest_s1,8,1,Ab-N4.mp3,42,1,6,1,3.441,5.841,5456.172,0,8,8,10,1,Ab-N4.mp3,42,,,,,,,,,,,,,,,,,,,,,,,,,,,,,,
,,,,,,,,,,,,,1,,,268039,,2026-04-27_17h11.22.286,BrocantoHPilot1WOSession3,2025.2.4,Win32,120.1923077,,,,,,,,,,,,,,,,,,,,,,,,,,,,,,,,,,,,,,,,,5456.784,chunkTest_s1,9,1,PUSH-N1.mp3,8,1.335,1,1,3.425,6.114,5464.202,0,9,9,15,1,PUSH-N1.mp3,8,,,,,,,,,,,,,,,,,,,,,,,,,,,,,,
,,,,,,,,,,,,,1,,,268039,,2026-04-27_17h11.22.286,BrocantoHPilot1WOSession3,2025.2.4,Win32,120.1923077,,,,,,,,,,,,,,,,,,,,,,,,,,,,,,,,,,,,,,,,,5464.712,chunkTest_s1,10,1,Ab-Ab.mp3,0,1.362,1,1,3.719,7.553,5473.159,0,10,10,2,1,Ab-Ab.mp3,0,,,,,,,,,,,,,,,,,,,,,,,,,,,,,,
,,,,,,,,,,,,,1,,,268039,,2026-04-27_17h11.22.286,BrocantoHPilot1WOSession3,2025.2.4,Win32,120.1923077,,,,,,,,,,,,,,,,,,,,,,,,,,,,,,,,,,,,,,,,,5473.666,chunkTest_s1,11,1,N4-N3.mp3,0,1.641,6,1,3.443,7.457,5481.926,0,11,11,3,1,N4-N3.mp3,0,,,,,,,,,,,,,,,,,,,,,,,,,,,,,,
,,,,,,,,,,,,,1,,,268039,,2026-04-27_17h11.22.286,BrocantoHPilot1WOSession3,2025.2.4,Win32,120.1923077,,,,,,,,,,,,,,,,,,,,,,,,,,,,,,,,,,,,,,,,,5482.453,chunkTest_s1,12,1,Aa-PUSH.mp3,0,1.16,6,1,2.783,6.177,5489.451,0,12,12,14,1,Aa-PUSH.mp3,0,,,,,,,,,,,,,,,,,,,,,,,,,,,,,,
,,,,,,,,,,,,,1,,,268039,,2026-04-27_17h11.22.286,BrocantoHPilot1WOSession3,2025.2.4,Win32,120.1923077,,,,,,,,,,,,,,,,,,,,,,,,,,,,,,,,,,,,,,,,,5489.992,chunkTest_s1,13,1,JUMP-Ab.mp3,2,1.714,1,1,3.622,5.488,5496.272,0,13,13,6,1,JUMP-Ab.mp3,2,,,,,,,,,,,,,,,,,,,,,,,,,,,,,,
,,,,,,,,,,,,,1,,,268039,,2026-04-27_17h11.22.286,BrocantoHPilot1WOSession3,2025.2.4,Win32,120.1923077,,,,,,,,,,,,,,,,,,,,,,,,,,,,,,,,,,,,,,,,,5496.787,chunkTest_s1,14,1,N3-N3.mp3,0,1.444,1,1,4.187,5.815,5503.534,0,14,14,5,1,N3-N3.mp3,0,,,,,,,,,,,,,,,,,,,,,,,,,,,,,,
,,,,,,,,,,,,,1,,,268039,,2026-04-27_17h11.22.286,BrocantoHPilot1WOSession3,2025.2.4,Win32,120.1923077,,,,,,,,,,,,,,,,,,,,,,,,,,,,,,,,,,,,,,,,,5504.097,chunkTest_s1,15,1,N1-Aa.mp3,0,1.108,6,1,3.992,9.499,5514.36,0,15,15,9,1,N1-Aa.mp3,0,,,,,,,,,,,,,,,,,,,,,,,,,,,,,,
,,,,,,,,,,,,,1,,,268039,,2026-04-27_17h11.22.286,BrocantoHPilot1WOSession3,2025.2.4,Win32,120.1923077,,,,,,,,,,,,,,,,,,,,,,,,,,,,,,,,,,,,,,,,,5514.933,chunkTest_s1,16,1,N2-N2.mp3,0,1.1,1,1,3.416,4.479,5520.375,0,16,16,0,1,N2-N2.mp3,0,,,,,,,,,,,,,,,,,,,,,,,,,,,,,,
,,,,,,,,,,,,,1,,,268039,,2026-04-27_17h11.22.286,BrocantoHPilot1WOSession3,2025.2.4,Win32,120.1923077,,,,,,,,,,,,,,,,,,,,,,,,,,,,,,,,,,,,,,,,,5520.89,chunkTest_s1,17,1,N5-GO.mp3,13,6.681,6,3,3.089,11.369,5533.353,0,17,17,8,1,N5-GO.mp3,13,,,,,,,,,,,,,,,,,,,,,,,,,,,,,,
,,,,,,,,,,,,,1,,,268039,,2026-04-27_17h11.22.286,BrocantoHPilot1WOSession3,2025.2.4,Win32,120.1923077,,,,,,,,,,,,,,,,,,,,,,,,,,,,,,,,,,,,,,,,,5533.909,chunkTest_s1,18,1,JUMP-N3.mp3,3,1.595,6,1,3.357,6.173,5541.133,0,18,18,12,1,JUMP-N3.mp3,3,,,,,,,,,,,,,,,,,,,,,,,,,,,,,,
,,,,,,,,,,,,,1,,,268039,,2026-04-27_17h11.22.286,BrocantoHPilot1WOSession3,2025.2.4,Win32,120.1923077,,,,,,,,,,,,,,,,,,,,,,,,,,,,,,,,,,,,,,,,,5541.639,chunkTest_s1,19,1,N3-Aa.mp3,0,1.39,6,1,3.257,4.156,5547.002,0,19,19,13,1,N3-Aa.mp3,0,,,,,,,,,,,,,,,,,,,,,,,,,,,,,,
,,,,,,,,,,,,,1,,,268039,,2026-04-27_17h11.22.286,BrocantoHPilot1WOSession3,2025.2.4,Win32,120.1923077,,,,,,,,,,,,,,,,,,,,,,,,,,,,,,,,,,,,,,,,,5570.506,GJTest_s1,0,1,Ab-OBJ-N5-Aa-SBJ-N5-PUSH-TR.mp3,0,6.76,1,2,5.767,12.69,5584.174,,,,,,Ab-OBJ-N5-Aa-SBJ-N5-PUSH-TR.mp3,0,0,0,0,7,1,,,,,,,,,,,,,,,,,,,,,,,,,
,,,,,,,,,,,,,1,,,268039,,2026-04-27_17h11.22.286,BrocantoHPilot1WOSession3,2025.2.4,Win32,120.1923077,,,,,,,,,,,,,,,,,,,,,,,,,,,,,,,,,,,,,,,,,5584.686,GJTest_s1,1,1,SBJ-N1-HIDE-INTR-Ab-LOC-N4-LOC-N2.mp3,,1.307,6,1,4.535,5.016,5590.723,,,,,,SBJ-N1-HIDE-INTR-Ab-LOC-N4-LOC-N2.mp3,,0,1,1,14,1,,,,,,,,,,,,,,,,,,,,,,,,,
,,,,,,,,,,,,,1,,,268039,,2026-04-27_17h11.22.286,BrocantoHPilot1WOSession3,2025.2.4,Win32,120.1923077,,,,,,,,,,,,,,,,,,,,,,,,,,,,,,,,,,,,,,,,,5591.412,GJTest_s1,2,1,Aa-SBJ-N2-JUMP-INTR.mp3,0,1.389,6,1,3.655,8.459,5601.051,,,,,,Aa-SBJ-N2-JUMP-INTR.mp3,0,0,2,2,9,1,,,,,,,,,,,,,,,,,,,,,,,,,
,,,,,,,,,,,,,1,,,268039,,2026-04-27_17h11.22.286,BrocantoHPilot1WOSession3,2025.2.4,Win32,120.1923077,,,,,,,,,,,,,,,,,,,,,,,,,,,,,,,,,,,,,,,,,5601.581,GJTest_s1,3,1,SBJ-N2-GO-INTR.mp3,5,1.246,6,1,4.005,4.971,5608.133,,,,,,SBJ-N2-GO-INTR.mp3,5,0,3,3,2,1,,,,,,,,,,,,,,,,,,,,,,,,,
,,,,,,,,,,,,,1,,,268039,,2026-04-27_17h11.22.286,BrocantoHPilot1WOSession3,2025.2.4,Win32,120.1923077,,,,,,,,,,,,,,,,,,,,,,,,,,,,,,,,,,,,,,,,,5608.701,GJTest_s1,4,1,OBJ-N5-SBJ-N4-HIDE-TR-LOC-N2.mp3,3,1.267,6,1,4.004,4.838,5614.645,,,,,,OBJ-N5-SBJ-N4-HIDE-TR-LOC-N2.mp3,3,0,4,4,3,1,,,,,,,,,,,,,,,,,,,,,,,,,
,,,,,,,,,,,,,1,,,268039,,2026-04-27_17h11.22.286,BrocantoHPilot1WOSession3,2025.2.4,Win32,120.1923077,,,,,,,,,,,,,,,,,,,,,,,,,,,,,,,,,,,,,,,,,5615.284,GJTest_s1,5,1,OBJ-N5-Ab-SBJ-N2-PUSH-TR-Ab-Aa-LOC-N2-LOC-N1.mp3,,1.159,6,1,6.876,8.389,5624.904,,,,,,OBJ-N5-Ab-SBJ-N2-PUSH-TR-Ab-Aa-LOC-N2-LOC-N1.mp3,,0,5,5,16,1,,,,,,,,,,,,,,,,,,,,,,,,,
,,,,,,,,,,,,,1,,,268039,,2026-04-27_17h11.22.286,BrocantoHPilot1WOSession3,2025.2.4,Win32,120.1923077,,,,,,,,,,,,,,,,,,,,,,,,,,,,,,,,,,,,,,,,,5625.412,GJTest_s1,6,1,OBJ-N5-SBJ-N4-HIDE-TR-LOC-N2-LOC-N1.mp3,,5.346,6,2,4.473,10.317,5637.859,,,,,,OBJ-N5-SBJ-N4-HIDE-TR-LOC-N2-LOC-N1.mp3,,0,6,6,13,1,,,,,,,,,,,,,,,,,,,,,,,,,
,,,,,,,,,,,,,1,,,268039,,2026-04-27_17h11.22.286,BrocantoHPilot1WOSession3,2025.2.4,Win32,120.1923077,,,,,,,,,,,,,,,,,,,,,,,,,,,,,,,,,,,,,,,,,5638.411,GJTest_s1,7,1,OBJ-N1-SBJ-N2-Aa-JUMP-INTR.mp3,,8.902,1,2,7.276,14.897,5654.113,,,,,,OBJ-N1-SBJ-N2-Aa-JUMP-INTR.mp3,,0,7,7,19,1,,,,,,,,,,,,,,,,,,,,,,,,,
,,,,,,,,,,,,,1,,,268039,,2026-04-27_17h11.22.286,BrocantoHPilot1WOSession3,2025.2.4,Win32,120.1923077,,,,,,,,,,,,,,,,,,,,,,,,,,,,,,,,,,,,,,,,,5654.786,GJTest_s1,8,1,SBJ-N5-Aa-PUSH-TR.mp3,,1.189,6,1,3.449,5.782,5661.573,,,,,,SBJ-N5-Aa-PUSH-TR.mp3,,0,8,8,17,1,,,,,,,,,,,,,,,,,,,,,,,,,
,,,,,,,,,,,,,1,,,268039,,2026-04-27_17h11.22.286,BrocantoHPilot1WOSession3,2025.2.4,Win32,120.1923077,,,,,,,,,,,,,,,,,,,,,,,,,,,,,,,,,,,,,,,,,5662.125,GJTest_s1,9,1,OBJ-N2-Ab-SBJ-N4-HIDE-TR-LOC-N3-LOC-N1.mp3,,1.1,6,1,6.008,6.379,5670.038,,,,,,OBJ-N2-Ab-SBJ-N4-HIDE-TR-LOC-N3-LOC-N1.mp3,,0,9,9,18,1,,,,,,,,,,,,,,,,,,,,,,,,,
,,,,,,,,,,,,,1,,,268039,,2026-04-27_17h11.22.286,BrocantoHPilot1WOSession3,2025.2.4,Win32,120.1923077,,,,,,,,,,,,,,,,,,,,,,,,,,,,,,,,,,,,,,,,,5670.657,GJTest_s1,10,1,SBJ-N2-PUSH-TR.mp3,,0.91,6,1,2.569,4.437,5676.229,,,,,,SBJ-N2-PUSH-TR.mp3,,0,10,10,10,1,,,,,,,,,,,,,,,,,,,,,,,,,
,,,,,,,,,,,,,1,,,268039,,2026-04-27_17h11.22.286,BrocantoHPilot1WOSession3,2025.2.4,Win32,120.1923077,,,,,,,,,,,,,,,,,,,,,,,,,,,,,,,,,,,,,,,,,5676.77,GJTest_s1,11,1,OBJ-N5-SBJ-N2-PUSH-TR.mp3,8,1.217,6,1,3.715,5.713,5683.605,,,,,,OBJ-N5-SBJ-N2-PUSH-TR.mp3,8,0,11,11,0,1,,,,,,,,,,,,,,,,,,,,,,,,,
,,,,,,,,,,,,,1,,,268039,,2026-04-27_17h11.22.286,BrocantoHPilot1WOSession3,2025.2.4,Win32,120.1923077,,,,,,,,,,,,,,,,,,,,,,,,,,,,,,,,,,,,,,,,,5684.133,GJTest_s1,12,1,Ab-SBJ-N1-JUMP-INTR-LOC-N5.mp3,0,5.959,1,2,4.58,11.925,5697.155,,,,,,Ab-SBJ-N1-JUMP-INTR-LOC-N5.mp3,0,0,12,12,5,1,,,,,,,,,,,,,,,,,,,,,,,,,
,,,,,,,,,,,,,1,,,268039,,2026-04-27_17h11.22.286,BrocantoHPilot1WOSession3,2025.2.4,Win32,120.1923077,,,,,,,,,,,,,,,,,,,,,,,,,,,,,,,,,,,,,,,,,5697.796,GJTest_s1,13,1,SBJ-N3-REVEAL-INTR-Ab-LOC-N2.mp3,2,0.881,6,1,4.378,9.162,5707.894,,,,,,SBJ-N3-REVEAL-INTR-Ab-LOC-N2.mp3,2,0,13,13,1,1,,,,,,,,,,,,,,,,,,,,,,,,,
,,,,,,,,,,,,,1,,,268039,,2026-04-27_17h11.22.286,BrocantoHPilot1WOSession3,2025.2.4,Win32,120.1923077,,,,,,,,,,,,,,,,,,,,,,,,,,,,,,,,,,,,,,,,,5708.458,GJTest_s1,14,1,Ab-OBJ-N5-Ab-SBJ-N2-PUSH-TR-Aa-LOC-N2.mp3,0,1.166,6,1,6.816,7.467,5717.083,,,,,,Ab-OBJ-N5-Ab-SBJ-N2-PUSH-TR-Aa-LOC-N2.mp3,0,0,14,14,6,1,,,,,,,,,,,,,,,,,,,,,,,,,
,,,,,,,,,,,,,1,,,268039,,2026-04-27_17h11.22.286,BrocantoHPilot1WOSession3,2025.2.4,Win32,120.1923077,,,,,,,,,,,,,,,,,,,,,,,,,,,,,,,,,,,,,,,,,5717.61,GJTest_s1,15,1,SBJ-N1-Ab-JUMP-INTR-LOC-N5-LOC-N2.mp3,,5.831,1,2,5.03,11.455,5729.877,,,,,,SBJ-N1-Ab-JUMP-INTR-LOC-N5-LOC-N2.mp3,,0,15,15,15,1,,,,,,,,,,,,,,,,,,,,,,,,,
,,,,,,,,,,,,,1,,,268039,,2026-04-27_17h11.22.286,BrocantoHPilot1WOSession3,2025.2.4,Win32,120.1923077,,,,,,,,,,,,,,,,,,,,,,,,,,,,,,,,,,,,,,,,,5730.461,GJTest_s1,16,1,Ab-OBJ-N2-SBJ-N4-HIDE-TR-LOC-N3.mp3,0,6.013,6,2,5.53,11.587,5743.111,,,,,,Ab-OBJ-N2-SBJ-N4-HIDE-TR-LOC-N3.mp3,0,0,16,16,8,1,,,,,,,,,,,,,,,,,,,,,,,,,
,,,,,,,,,,,,,1,,,268039,,2026-04-27_17h11.22.286,BrocantoHPilot1WOSession3,2025.2.4,Win32,120.1923077,,,,,,,,,,,,,,,,,,,,,,,,,,,,,,,,,,,,,,,,,5743.67,GJTest_s1,17,1,OBJ-N1-SBJ-N2-GO-INTR.mp3,,1.397,6,1,4.069,6.691,5751.418,,,,,,OBJ-N1-SBJ-N2-GO-INTR.mp3,,0,17,17,12,1,,,,,,,,,,,,,,,,,,,,,,,,,
,,,,,,,,,,,,,1,,,268039,,2026-04-27_17h11.22.286,BrocantoHPilot1WOSession3,2025.2.4,Win32,120.1923077,,,,,,,,,,,,,,,,,,,,,,,,,,,,,,,,,,,,,,,,,5752.002,GJTest_s1,18,1,SBJ-N1-HIDE-INTR-Ab-LOC-N4.mp3,1,0.931,6,1,3.482,5.69,5758.817,,,,,,SBJ-N1-HIDE-INTR-Ab-LOC-N4.mp3,1,0,18,18,4,1,,,,,,,,,,,,,,,,,,,,,,,,,
,,,,,,,,,,,,,1,,,268039,,2026-04-27_17h11.22.286,BrocantoHPilot1WOSession3,2025.2.4,Win32,120.1923077,,,,,,,,,,,,,,,,,,,,,,,,,,,,,,,,,,,,,,,,,5759.454,GJTest_s1,19,1,REVEAL-INTR-Ab-LOC-N2.mp3,,2.594,1,1,4.929,10.503,5770.879,,,,,,REVEAL-INTR-Ab-LOC-N2.mp3,,0,19,19,11,1,,,,,,,,,,,,,,,,,,,,,,,,,
5793.495,2,Ab-OBJ-N5-SBJ-N3-HIDE-TR-Ab-LOC-N2.mp4,Ab-OBJ-N5-SBJ-N3-HIDE-TR-Ab-LOC-N2.mp3,5803.038,mouse_continue,9.544,,,,,,,2,Ab-OBJ-N5-SBJ-N3-HIDE-TR-Ab-LOC-N2.mp4,Ab-OBJ-N5-SBJ-N3-HIDE-TR-Ab-LOC-N2.mp3,268039,,2026-04-27_17h11.22.286,BrocantoHPilot1WOSession3,2025.2.4,Win32,120.1923077,,,,,,,,,,,,,,,,,,,,,,,,,,,,,,,,,,,,,,,,,,,,,,,,,,,,,,,,,,,,,,,,,0,0,0,0,1,,,,,,,,,,,,,,,,,,,,
5803.039,2,Ab-SBJ-N2-REVEAL-INTR-LOC-N3.mp4,Ab-SBJ-N2-REVEAL-INTR-LOC-N3.mp3,5809.579,mouse_continue,6.54,,,,,,,2,Ab-SBJ-N2-REVEAL-INTR-LOC-N3.mp4,Ab-SBJ-N2-REVEAL-INTR-LOC-N3.mp3,268039,,2026-04-27_17h11.22.286,BrocantoHPilot1WOSession3,2025.2.4,Win32,120.1923077,,,,,,,,,,,,,,,,,,,,,,,,,,,,,,,,,,,,,,,,,,,,,,,,,,,,,,,,,,,,,,,,,0,1,1,1,1,,,,,,,,,,,,,,,,,,,,
5809.579,2,Ab-OBJ-N5-SBJ-N4-PUSH-TR-Ab-LOC-N3.mp4,Ab-OBJ-N5-SBJ-N4-PUSH-TR-Ab-LOC-N3.mp3,5816.914,mouse_continue,7.334,,,,,,,2,Ab-OBJ-N5-SBJ-N4-PUSH-TR-Ab-LOC-N3.mp4,Ab-OBJ-N5-SBJ-N4-PUSH-TR-Ab-LOC-N3.mp3,268039,,2026-04-27_17h11.22.286,BrocantoHPilot1WOSession3,2025.2.4,Win32,120.1923077,,,,,,,,,,,,,,,,,,,,,,,,,,,,,,,,,,,,,,,,,,,,,,,,,,,,,,,,,,,,,,,,,0,2,2,2,1,,,,,,,,,,,,,,,,,,,,
5816.914,2,Ab-SBJ-N1-GO-INTR.mp4,Ab-SBJ-N1-GO-INTR.mp3,5822.711,mouse_continue,5.797,,,,,,,2,Ab-SBJ-N1-GO-INTR.mp4,Ab-SBJ-N1-GO-INTR.mp3,268039,,2026-04-27_17h11.22.286,BrocantoHPilot1WOSession3,2025.2.4,Win32,120.1923077,,,,,,,,,,,,,,,,,,,,,,,,,,,,,,,,,,,,,,,,,,,,,,,,,,,,,,,,,,,,,,,,,0,3,3,3,1,,,,,,,,,,,,,,,,,,,,
5822.713,2,Ab-OBJ-N5-Ab-SBJ-N2-REVEAL-TR.mp4,Ab-OBJ-N5-Ab-SBJ-N2-REVEAL-TR.mp3,5828.913,mouse_continue,6.199,,,,,,,2,Ab-OBJ-N5-Ab-SBJ-N2-REVEAL-TR.mp4,Ab-OBJ-N5-Ab-SBJ-N2-REVEAL-TR.mp3,268039,,2026-04-27_17h11.22.286,BrocantoHPilot1WOSession3,2025.2.4,Win32,120.1923077,,,,,,,,,,,,,,,,,,,,,,,,,,,,,,,,,,,,,,,,,,,,,,,,,,,,,,,,,,,,,,,,,0,4,4,4,1,,,,,,,,,,,,,,,,,,,,
5828.913,2,SBJ-N2-REVEAL-INTR-LOC-N4.mp4,SBJ-N2-REVEAL-INTR-LOC-N4.mp3,5836.046,mouse_continue,7.133,,,,,,,2,SBJ-N2-REVEAL-INTR-LOC-N4.mp4,SBJ-N2-REVEAL-INTR-LOC-N4.mp3,268039,,2026-04-27_17h11.22.286,BrocantoHPilot1WOSession3,2025.2.4,Win32,120.1923077,,,,,,,,,,,,,,,,,,,,,,,,,,,,,,,,,,,,,,,,,,,,,,,,,,,,,,,,,,,,,,,,,0,5,5,5,1,,,,,,,,,,,,,,,,,,,,
5836.047,2,SBJ-N4-REVEAL-INTR-LOC-N5.mp4,SBJ-N4-REVEAL-INTR-LOC-N5.mp3,5841.922,mouse_continue,5.875,,,,,,,2,SBJ-N4-REVEAL-INTR-LOC-N5.mp4,SBJ-N4-REVEAL-INTR-LOC-N5.mp3,268039,,2026-04-27_17h11.22.286,BrocantoHPilot1WOSession3,2025.2.4,Win32,120.1923077,,,,,,,,,,,,,,,,,,,,,,,,,,,,,,,,,,,,,,,,,,,,,,,,,,,,,,,,,,,,,,,,,0,6,6,6,1,,,,,,,,,,,,,,,,,,,,
5841.922,2,Ab-OBJ-N5-Ab-SBJ-N4-PUSH-TR.mp4,Ab-OBJ-N5-Ab-SBJ-N4-PUSH-TR.mp3,5848.306,mouse_continue,6.384,,,,,,,2,Ab-OBJ-N5-Ab-SBJ-N4-PUSH-TR.mp4,Ab-OBJ-N5-Ab-SBJ-N4-PUSH-TR.mp3,268039,,2026-04-27_17h11.22.286,BrocantoHPilot1WOSession3,2025.2.4,Win32,120.1923077,,,,,,,,,,,,,,,,,,,,,,,,,,,,,,,,,,,,,,,,,,,,,,,,,,,,,,,,,,,,,,,,,0,7,7,7,1,,,,,,,,,,,,,,,,,,,,
5848.307,2,Ab-OBJ-N5-Ab-SBJ-N2-REVEAL-TR-Ab-LOC-N4.mp4,Ab-OBJ-N5-Ab-SBJ-N2-REVEAL-TR-Ab-LOC-N4.mp3,5863.431,mouse_continue,15.124,,,,,,,2,Ab-OBJ-N5-Ab-SBJ-N2-REVEAL-TR-Ab-LOC-N4.mp4,Ab-OBJ-N5-Ab-SBJ-N2-REVEAL-TR-Ab-LOC-N4.mp3,268039,,2026-04-27_17h11.22.286,BrocantoHPilot1WOSession3,2025.2.4,Win32,120.1923077,,,,,,,,,,,,,,,,,,,,,,,,,,,,,,,,,,,,,,,,,,,,,,,,,,,,,,,,,,,,,,,,,0,8,8,8,1,,,,,,,,,,,,,,,,,,,,
5863.434,2,Aa-SBJ-N5-JUMP-INTR.mp4,Aa-SBJ-N5-JUMP-INTR.mp3,5870.656,mouse_continue,7.223,,,,,,,2,Aa-SBJ-N5-JUMP-INTR.mp4,Aa-SBJ-N5-JUMP-INTR.mp3,268039,,2026-04-27_17h11.22.286,BrocantoHPilot1WOSession3,2025.2.4,Win32,120.1923077,,,,,,,,,,,,,,,,,,,,,,,,,,,,,,,,,,,,,,,,,,,,,,,,,,,,,,,,,,,,,,,,,0,9,9,9,1,,,,,,,,,,,,,,,,,,,,
5870.657,2,Ab-OBJ-N5-SBJ-N3-HIDE-TR-LOC-N2.mp4,Ab-OBJ-N5-SBJ-N3-HIDE-TR-LOC-N2.mp3,5877.998,mouse_continue,7.341,,,,,,,2,Ab-OBJ-N5-SBJ-N3-HIDE-TR-LOC-N2.mp4,Ab-OBJ-N5-SBJ-N3-HIDE-TR-LOC-N2.mp3,268039,,2026-04-27_17h11.22.286,BrocantoHPilot1WOSession3,2025.2.4,Win32,120.1923077,,,,,,,,,,,,,,,,,,,,,,,,,,,,,,,,,,,,,,,,,,,,,,,,,,,,,,,,,,,,,,,,,0,10,10,10,1,,,,,,,,,,,,,,,,,,,,
5877.999,2,Ab-OBJ-N5-Ab-SBJ-N2-REVEAL-TR.mp4,Ab-OBJ-N5-Ab-SBJ-N2-REVEAL-TR.mp3,5886.59,mouse_continue,8.59,,,,,,,2,Ab-OBJ-N5-Ab-SBJ-N2-REVEAL-TR.mp4,Ab-OBJ-N5-Ab-SBJ-N2-REVEAL-TR.mp3,268039,,2026-04-27_17h11.22.286,BrocantoHPilot1WOSession3,2025.2.4,Win32,120.1923077,,,,,,,,,,,,,,,,,,,,,,,,,,,,,,,,,,,,,,,,,,,,,,,,,,,,,,,,,,,,,,,,,0,11,11,11,1,,,,,,,,,,,,,,,,,,,,
5886.591,2,Aa-SBJ-N5-HIDE-INTR.mp4,Aa-SBJ-N5-HIDE-INTR.mp3,5892.602,mouse_continue,6.01,,,,,,,2,Aa-SBJ-N5-HIDE-INTR.mp4,Aa-SBJ-N5-HIDE-INTR.mp3,268039,,2026-04-27_17h11.22.286,BrocantoHPilot1WOSession3,2025.2.4,Win32,120.1923077,,,,,,,,,,,,,,,,,,,,,,,,,,,,,,,,,,,,,,,,,,,,,,,,,,,,,,,,,,,,,,,,,0,12,12,12,1,,,,,,,,,,,,,,,,,,,,
5892.602,2,SBJ-N5-REVEAL-INTR-Ab-LOC-N3.mp4,SBJ-N5-REVEAL-INTR-Ab-LOC-N3.mp3,5902.113,mouse_continue,9.51,,,,,,,2,SBJ-N5-REVEAL-INTR-Ab-LOC-N3.mp4,SBJ-N5-REVEAL-INTR-Ab-LOC-N3.mp3,268039,,2026-04-27_17h11.22.286,BrocantoHPilot1WOSession3,2025.2.4,Win32,120.1923077,,,,,,,,,,,,,,,,,,,,,,,,,,,,,,,,,,,,,,,,,,,,,,,,,,,,,,,,,,,,,,,,,0,13,13,13,1,,,,,,,,,,,,,,,,,,,,
5902.113,2,SBJ-N5-REVEAL-INTR-LOC-N2.mp4,SBJ-N5-REVEAL-INTR-LOC-N2.mp3,5913.517,mouse_continue,11.404,,,,,,,2,SBJ-N5-REVEAL-INTR-LOC-N2.mp4,SBJ-N5-REVEAL-INTR-LOC-N2.mp3,268039,,2026-04-27_17h11.22.286,BrocantoHPilot1WOSession3,2025.2.4,Win32,120.1923077,,,,,,,,,,,,,,,,,,,,,,,,,,,,,,,,,,,,,,,,,,,,,,,,,,,,,,,,,,,,,,,,,0,14,14,14,1,,,,,,,,,,,,,,,,,,,,
5913.518,2,Aa-SBJ-N5-JUMP-INTR.mp4,Aa-SBJ-N5-JUMP-INTR.mp3,5919.83,mouse_continue,6.312,,,,,,,2,Aa-SBJ-N5-JUMP-INTR.mp4,Aa-SBJ-N5-JUMP-INTR.mp3,268039,,2026-04-27_17h11.22.286,BrocantoHPilot1WOSession3,2025.2.4,Win32,120.1923077,,,,,,,,,,,,,,,,,,,,,,,,,,,,,,,,,,,,,,,,,,,,,,,,,,,,,,,,,,,,,,,,,0,15,15,15,1,,,,,,,,,,,,,,,,,,,,
5919.831,2,Ab-OBJ-N5-Aa-SBJ-N5-PUSH-TR.mp4,Ab-OBJ-N5-Aa-SBJ-N5-PUSH-TR.mp3,5926.945,mouse_continue,7.113,,,,,,,2,Ab-OBJ-N5-Aa-SBJ-N5-PUSH-TR.mp4,Ab-OBJ-N5-Aa-SBJ-N5-PUSH-TR.mp3,268039,,2026-04-27_17h11.22.286,BrocantoHPilot1WOSession3,2025.2.4,Win32,120.1923077,,,,,,,,,,,,,,,,,,,,,,,,,,,,,,,,,,,,,,,,,,,,,,,,,,,,,,,,,,,,,,,,,0,16,16,16,1,,,,,,,,,,,,,,,,,,,,
5926.946,2,Ab-OBJ-N5-SBJ-N3-HIDE-TR-Ab-LOC-N4.mp4,Ab-OBJ-N5-SBJ-N3-HIDE-TR-Ab-LOC-N4.mp3,5934.63,mouse_continue,7.685,,,,,,,2,Ab-OBJ-N5-SBJ-N3-HIDE-TR-Ab-LOC-N4.mp4,Ab-OBJ-N5-SBJ-N3-HIDE-TR-Ab-LOC-N4.mp3,268039,,2026-04-27_17h11.22.286,BrocantoHPilot1WOSession3,2025.2.4,Win32,120.1923077,,,,,,,,,,,,,,,,,,,,,,,,,,,,,,,,,,,,,,,,,,,,,,,,,,,,,,,,,,,,,,,,,0,17,17,17,1,,,,,,,,,,,,,,,,,,,,
5934.631,2,SBJ-N3-GO-INTR.mp4,SBJ-N3-GO-INTR.mp3,5940.587,mouse_continue,5.957,,,,,,,2,SBJ-N3-GO-INTR.mp4,SBJ-N3-GO-INTR.mp3,268039,,2026-04-27_17h11.22.286,BrocantoHPilot1WOSession3,2025.2.4,Win32,120.1923077,,,,,,,,,,,,,,,,,,,,,,,,,,,,,,,,,,,,,,,,,,,,,,,,,,,,,,,,,,,,,,,,,0,18,18,18,1,,,,,,,,,,,,,,,,,,,,
5940.588,2,Ab-OBJ-N5-SBJ-N4-REVEAL-TR-LOC-N3.mp4,Ab-OBJ-N5-SBJ-N4-REVEAL-TR-LOC-N3.mp3,5948.276,mouse_continue,7.687,,,,,,,2,Ab-OBJ-N5-SBJ-N4-REVEAL-TR-LOC-N3.mp4,Ab-OBJ-N5-SBJ-N4-REVEAL-TR-LOC-N3.mp3,268039,,2026-04-27_17h11.22.286,BrocantoHPilot1WOSession3,2025.2.4,Win32,120.1923077,,,,,,,,,,,,,,,,,,,,,,,,,,,,,,,,,,,,,,,,,,,,,,,,,,,,,,,,,,,,,,,,,0,19,19,19,1,,,,,,,,,,,,,,,,,,,,
5948.278,2,Ab-OBJ-N5-Aa-SBJ-N5-HIDE-TR.mp4,Ab-OBJ-N5-Aa-SBJ-N5-HIDE-TR.mp3,5956.458,mouse_continue,8.181,,,,,,,2,Ab-OBJ-N5-Aa-SBJ-N5-HIDE-TR.mp4,Ab-OBJ-N5-Aa-SBJ-N5-HIDE-TR.mp3,268039,,2026-04-27_17h11.22.286,BrocantoHPilot1WOSession3,2025.2.4,Win32,120.1923077,,,,,,,,,,,,,,,,,,,,,,,,,,,,,,,,,,,,,,,,,,,,,,,,,,,,,,,,,,,,,,,,,0,20,20,20,1,,,,,,,,,,,,,,,,,,,,
5956.459,2,SBJ-N3-REVEAL-INTR-Ab-LOC-N5.mp4,SBJ-N3-REVEAL-INTR-Ab-LOC-N5.mp3,5963.355,mouse_continue,6.896,,,,,,,2,SBJ-N3-REVEAL-INTR-Ab-LOC-N5.mp4,SBJ-N3-REVEAL-INTR-Ab-LOC-N5.mp3,268039,,2026-04-27_17h11.22.286,BrocantoHPilot1WOSession3,2025.2.4,Win32,120.1923077,,,,,,,,,,,,,,,,,,,,,,,,,,,,,,,,,,,,,,,,,,,,,,,,,,,,,,,,,,,,,,,,,0,21,21,21,1,,,,,,,,,,,,,,,,,,,,
5963.355,2,OBJ-N5-SBJ-N4-PUSH-TR.mp4,OBJ-N5-SBJ-N4-PUSH-TR.mp3,5973.362,mouse_continue,10.006,,,,,,,2,OBJ-N5-SBJ-N4-PUSH-TR.mp4,OBJ-N5-SBJ-N4-PUSH-TR.mp3,268039,,2026-04-27_17h11.22.286,BrocantoHPilot1WOSession3,2025.2.4,Win32,120.1923077,,,,,,,,,,,,,,,,,,,,,,,,,,,,,,,,,,,,,,,,,,,,,,,,,,,,,,,,,,,,,,,,,0,22,22,22,1,,,,,,,,,,,,,,,,,,,,
5973.363,2,Ab-SBJ-N5-HIDE-INTR.mp4,Ab-SBJ-N5-HIDE-INTR.mp3,5979.613,mouse_continue,6.25,,,,,,,2,Ab-SBJ-N5-HIDE-INTR.mp4,Ab-SBJ-N5-HIDE-INTR.mp3,268039,,2026-04-27_17h11.22.286,BrocantoHPilot1WOSession3,2025.2.4,Win32,120.1923077,,,,,,,,,,,,,,,,,,,,,,,,,,,,,,,,,,,,,,,,,,,,,,,,,,,,,,,,,,,,,,,,,0,23,23,23,1,,,,,,,,,,,,,,,,,,,,
5979.615,2,OBJ-N5-Ab-SBJ-N4-PUSH-TR-Ab-LOC-N3.mp4,OBJ-N5-Ab-SBJ-N4-PUSH-TR-Ab-LOC-N3.mp3,5986.079,mouse_continue,6.465,,,,,,,2,OBJ-N5-Ab-SBJ-N4-PUSH-TR-Ab-LOC-N3.mp4,OBJ-N5-Ab-SBJ-N4-PUSH-TR-Ab-LOC-N3.mp3,268039,,2026-04-27_17h11.22.286,BrocantoHPilot1WOSession3,2025.2.4,Win32,120.1923077,,,,,,,,,,,,,,,,,,,,,,,,,,,,,,,,,,,,,,,,,,,,,,,,,,,,,,,,,,,,,,,,,0,24,24,24,1,,,,,,,,,,,,,,,,,,,,
5986.08,2,Ab-SBJ-N5-JUMP-INTR.mp4,Ab-SBJ-N5-JUMP-INTR.mp3,5991.751,mouse_continue,5.672,,,,,,,2,Ab-SBJ-N5-JUMP-INTR.mp4,Ab-SBJ-N5-JUMP-INTR.mp3,268039,,2026-04-27_17h11.22.286,BrocantoHPilot1WOSession3,2025.2.4,Win32,120.1923077,,,,,,,,,,,,,,,,,,,,,,,,,,,,,,,,,,,,,,,,,,,,,,,,,,,,,,,,,,,,,,,,,0,25,25,25,1,,,,,,,,,,,,,,,,,,,,
5991.752,2,OBJ-N5-SBJ-N2-HIDE-TR.mp4,OBJ-N5-SBJ-N2-HIDE-TR.mp3,5997.676,mouse_continue,5.924,,,,,,,2,OBJ-N5-SBJ-N2-HIDE-TR.mp4,OBJ-N5-SBJ-N2-HIDE-TR.mp3,268039,,2026-04-27_17h11.22.286,BrocantoHPilot1WOSession3,2025.2.4,Win32,120.1923077,,,,,,,,,,,,,,,,,,,,,,,,,,,,,,,,,,,,,,,,,,,,,,,,,,,,,,,,,,,,,,,,,0,26,26,26,1,,,,,,,,,,,,,,,,,,,,
5997.677,2,OBJ-N5-Ab-SBJ-N2-REVEAL-TR-LOC-N4.mp4,OBJ-N5-Ab-SBJ-N2-REVEAL-TR-LOC-N4.mp3,6009.483,mouse_continue,11.806,,,,,,,2,OBJ-N5-Ab-SBJ-N2-REVEAL-TR-LOC-N4.mp4,OBJ-N5-Ab-SBJ-N2-REVEAL-TR-LOC-N4.mp3,268039,,2026-04-27_17h11.22.286,BrocantoHPilot1WOSession3,2025.2.4,Win32,120.1923077,,,,,,,,,,,,,,,,,,,,,,,,,,,,,,,,,,,,,,,,,,,,,,,,,,,,,,,,,,,,,,,,,0,27,27,27,1,,,,,,,,,,,,,,,,,,,,
6009.484,2,Aa-SBJ-N5-HIDE-INTR.mp4,Aa-SBJ-N5-HIDE-INTR.mp3,6015.428,mouse_continue,5.943,,,,,,,2,Aa-SBJ-N5-HIDE-INTR.mp4,Aa-SBJ-N5-HIDE-INTR.mp3,268039,,2026-04-27_17h11.22.286,BrocantoHPilot1WOSession3,2025.2.4,Win32,120.1923077,,,,,,,,,,,,,,,,,,,,,,,,,,,,,,,,,,,,,,,,,,,,,,,,,,,,,,,,,,,,,,,,,0,28,28,28,1,,,,,,,,,,,,,,,,,,,,
6015.428,2,OBJ-N5-SBJ-N2-HIDE-TR-LOC-N3.mp4,OBJ-N5-SBJ-N2-HIDE-TR-LOC-N3.mp3,6023.08,mouse_continue,7.651,,,,,,,2,OBJ-N5-SBJ-N2-HIDE-TR-LOC-N3.mp4,OBJ-N5-SBJ-N2-HIDE-TR-LOC-N3.mp3,268039,,2026-04-27_17h11.22.286,BrocantoHPilot1WOSession3,2025.2.4,Win32,120.1923077,,,,,,,,,,,,,,,,,,,,,,,,,,,,,,,,,,,,,,,,,,,,,,,,,,,,,,,,,,,,,,,,,0,29,29,29,1,,,,,,,,,,,,,,,,,,,,
6023.08,2,OBJ-N5-SBJ-N4-REVEAL-TR.mp4,OBJ-N5-SBJ-N4-REVEAL-TR.mp3,6028.948,mouse_continue,5.868,,,,,,,2,OBJ-N5-SBJ-N4-REVEAL-TR.mp4,OBJ-N5-SBJ-N4-REVEAL-TR.mp3,268039,,2026-04-27_17h11.22.286,BrocantoHPilot1WOSession3,2025.2.4,Win32,120.1923077,,,,,,,,,,,,,,,,,,,,,,,,,,,,,,,,,,,,,,,,,,,,,,,,,,,,,,,,,,,,,,,,,0,30,30,30,1,,,,,,,,,,,,,,,,,,,,
6028.948,2,Ab-OBJ-N5-Ab-SBJ-N4-PUSH-TR.mp4,Ab-OBJ-N5-Ab-SBJ-N4-PUSH-TR.mp3,6035.606,mouse_continue,6.658,,,,,,,2,Ab-OBJ-N5-Ab-SBJ-N4-PUSH-TR.mp4,Ab-OBJ-N5-Ab-SBJ-N4-PUSH-TR.mp3,268039,,2026-04-27_17h11.22.286,BrocantoHPilot1WOSession3,2025.2.4,Win32,120.1923077,,,,,,,,,,,,,,,,,,,,,,,,,,,,,,,,,,,,,,,,,,,,,,,,,,,,,,,,,,,,,,,,,0,31,31,31,1,,,,,,,,,,,,,,,,,,,,
6035.607,2,Ab-SBJ-N5-GO-INTR.mp4,Ab-SBJ-N5-GO-INTR.mp3,6044.944,mouse_continue,9.337,,,,,,,2,Ab-SBJ-N5-GO-INTR.mp4,Ab-SBJ-N5-GO-INTR.mp3,268039,,2026-04-27_17h11.22.286,BrocantoHPilot1WOSession3,2025.2.4,Win32,120.1923077,,,,,,,,,,,,,,,,,,,,,,,,,,,,,,,,,,,,,,,,,,,,,,,,,,,,,,,,,,,,,,,,,0,32,32,32,1,,,,,,,,,,,,,,,,,,,,
6044.945,2,SBJ-N5-JUMP-INTR.mp4,SBJ-N5-JUMP-INTR.mp3,6050.782,mouse_continue,5.837,,,,,,,2,SBJ-N5-JUMP-INTR.mp4,SBJ-N5-JUMP-INTR.mp3,268039,,2026-04-27_17h11.22.286,BrocantoHPilot1WOSession3,2025.2.4,Win32,120.1923077,,,,,,,,,,,,,,,,,,,,,,,,,,,,,,,,,,,,,,,,,,,,,,,,,,,,,,,,,,,,,,,,,0,33,33,33,1,,,,,,,,,,,,,,,,,,,,
6050.783,2,SBJ-N3-HIDE-INTR-Aa-LOC-N2.mp4,SBJ-N3-HIDE-INTR-Aa-LOC-N2.mp3,6057.298,mouse_continue,6.515,,,,,,,2,SBJ-N3-HIDE-INTR-Aa-LOC-N2.mp4,SBJ-N3-HIDE-INTR-Aa-LOC-N2.mp3,268039,,2026-04-27_17h11.22.286,BrocantoHPilot1WOSession3,2025.2.4,Win32,120.1923077,,,,,,,,,,,,,,,,,,,,,,,,,,,,,,,,,,,,,,,,,,,,,,,,,,,,,,,,,,,,,,,,,0,34,34,34,1,,,,,,,,,,,,,,,,,,,,
6057.299,2,Aa-SBJ-N1-GO-INTR-LOC-N4.mp4,Aa-SBJ-N1-GO-INTR-LOC-N4.mp3,6065.088,mouse_continue,7.789,,,,,,,2,Aa-SBJ-N1-GO-INTR-LOC-N4.mp4,Aa-SBJ-N1-GO-INTR-LOC-N4.mp3,268039,,2026-04-27_17h11.22.286,BrocantoHPilot1WOSession3,2025.2.4,Win32,120.1923077,,,,,,,,,,,,,,,,,,,,,,,,,,,,,,,,,,,,,,,,,,,,,,,,,,,,,,,,,,,,,,,,,0,35,35,35,1,,,,,,,,,,,,,,,,,,,,
6065.089,2,SBJ-N4-GO-INTR-Ab-LOC-N2.mp4,SBJ-N4-GO-INTR-Ab-LOC-N2.mp3,6074.865,mouse_continue,9.776,,,,,,,2,SBJ-N4-GO-INTR-Ab-LOC-N2.mp4,SBJ-N4-GO-INTR-Ab-LOC-N2.mp3,268039,,2026-04-27_17h11.22.286,BrocantoHPilot1WOSession3,2025.2.4,Win32,120.1923077,,,,,,,,,,,,,,,,,,,,,,,,,,,,,,,,,,,,,,,,,,,,,,,,,,,,,,,,,,,,,,,,,0,36,36,36,1,,,,,,,,,,,,,,,,,,,,
6074.867,2,Ab-SBJ-N1-JUMP-INTR-Aa-LOC-N2.mp4,Ab-SBJ-N1-JUMP-INTR-Aa-LOC-N2.mp3,6087.067,mouse_continue,12.201,,,,,,,2,Ab-SBJ-N1-JUMP-INTR-Aa-LOC-N2.mp4,Ab-SBJ-N1-JUMP-INTR-Aa-LOC-N2.mp3,268039,,2026-04-27_17h11.22.286,BrocantoHPilot1WOSession3,2025.2.4,Win32,120.1923077,,,,,,,,,,,,,,,,,,,,,,,,,,,,,,,,,,,,,,,,,,,,,,,,,,,,,,,,,,,,,,,,,0,37,37,37,1,,,,,,,,,,,,,,,,,,,,
6087.068,2,Aa-SBJ-N2-HIDE-INTR-LOC-N1.mp4,Aa-SBJ-N2-HIDE-INTR-LOC-N1.mp3,6093.473,mouse_continue,6.406,,,,,,,2,Aa-SBJ-N2-HIDE-INTR-LOC-N1.mp4,Aa-SBJ-N2-HIDE-INTR-LOC-N1.mp3,268039,,2026-04-27_17h11.22.286,BrocantoHPilot1WOSession3,2025.2.4,Win32,120.1923077,,,,,,,,,,,,,,,,,,,,,,,,,,,,,,,,,,,,,,,,,,,,,,,,,,,,,,,,,,,,,,,,,0,38,38,38,1,,,,,,,,,,,,,,,,,,,,
6093.474,2,Ab-OBJ-N5-SBJ-N3-REVEAL-TR-LOC-N2.mp4,Ab-OBJ-N5-SBJ-N3-REVEAL-TR-LOC-N2.mp3,6101.15,mouse_continue,7.676,,,,,,,2,Ab-OBJ-N5-SBJ-N3-REVEAL-TR-LOC-N2.mp4,Ab-OBJ-N5-SBJ-N3-REVEAL-TR-LOC-N2.mp3,268039,,2026-04-27_17h11.22.286,BrocantoHPilot1WOSession3,2025.2.4,Win32,120.1923077,,,,,,,,,,,,,,,,,,,,,,,,,,,,,,,,,,,,,,,,,,,,,,,,,,,,,,,,,,,,,,,,,0,39,39,39,1,,,,,,,,,,,,,,,,,,,,
6101.151,2,OBJ-N5-Ab-SBJ-N1-PUSH-TR-Ab-LOC-N3.mp4,OBJ-N5-Ab-SBJ-N1-PUSH-TR-Ab-LOC-N3.mp3,6107.139,mouse_continue,5.987,,,,,,,2,OBJ-N5-Ab-SBJ-N1-PUSH-TR-Ab-LOC-N3.mp4,OBJ-N5-Ab-SBJ-N1-PUSH-TR-Ab-LOC-N3.mp3,268039,,2026-04-27_17h11.22.286,BrocantoHPilot1WOSession3,2025.2.4,Win32,120.1923077,,,,,,,,,,,,,,,,,,,,,,,,,,,,,,,,,,,,,,,,,,,,,,,,,,,,,,,,,,,,,,,,,0,40,40,40,1,,,,,,,,,,,,,,,,,,,,
6107.141,2,Ab-OBJ-N5-Aa-SBJ-N5-REVEAL-TR.mp4,Ab-OBJ-N5-Aa-SBJ-N5-REVEAL-TR.mp3,6115.903,mouse_continue,8.763,,,,,,,2,Ab-OBJ-N5-Aa-SBJ-N5-REVEAL-TR.mp4,Ab-OBJ-N5-Aa-SBJ-N5-REVEAL-TR.mp3,268039,,2026-04-27_17h11.22.286,BrocantoHPilot1WOSession3,2025.2.4,Win32,120.1923077,,,,,,,,,,,,,,,,,,,,,,,,,,,,,,,,,,,,,,,,,,,,,,,,,,,,,,,,,,,,,,,,,0,41,41,41,1,,,,,,,,,,,,,,,,,,,,
,,,,,,,,,,,,,2,,,268039,,2026-04-27_17h11.22.286,BrocantoHPilot1WOSession3,2025.2.4,Win32,120.1923077,6425.237,2,2,1,26.426,0,16.851,26.426,6453.886,,,,,,Ab-OBJ-N5-SBJ-N2-REVEAL-TR-LOC-N4.mp3,Ab-OBJ-N5-SBJ-N2-REVEAL-TR-LOC-N4.mp4,Aa-OBJ-N5-SBJ-N2-PUSH-TR-LOC-N4.mp4,,,,,,,,,,,,,,,,,,,,,,,,,,,,,,,,,,,,,,,,,,,,,,,,,,,,,0,0,0,0,1,,,,,,,,,,,,,,,
,,,,,,,,,,,,,2,,,268039,,2026-04-27_17h11.22.286,BrocantoHPilot1WOSession3,2025.2.4,Win32,120.1923077,6453.886,2,2,2,30.146,1,20.346,30.146,6486.429,,,,,,Ab-SBJ-N5-REVEAL-INTR-Ab-LOC-N4.mp3,Ab-SBJ-N5-REVEAL-INTR-Ab-LOC-N4.mp4,Ab-SBJ-N5-GO-INTR-Ab-LOC-N4.mp4,,,,,,,,,,,,,,,,,,,,,,,,,,,,,,,,,,,,,,,,,,,,,,,,,,,,,0,1,1,1,1,,,,,,,,,,,,,,,
,,,,,,,,,,,,,2,,,268039,,2026-04-27_17h11.22.286,BrocantoHPilot1WOSession3,2025.2.4,Win32,120.1923077,6486.43,2,2,1,21.867,0,20.447,21.867,6510.563,,,,,,Aa-SBJ-N5-GO-INTR.mp3,Aa-SBJ-N5-GO-INTR.mp4,Ab-SBJ-N5-GO-INTR.mp4,,,,,,,,,,,,,,,,,,,,,,,,,,,,,,,,,,,,,,,,,,,,,,,,,,,,,0,2,2,2,1,,,,,,,,,,,,,,,
,,,,,,,,,,,,,2,,,268039,,2026-04-27_17h11.22.286,BrocantoHPilot1WOSession3,2025.2.4,Win32,120.1923077,6510.564,2,1,2,34.443,0,20.803,34.443,6547.702,,,,,,Ab-OBJ-N5-SBJ-N2-HIDE-TR.mp3,Ab-OBJ-N5-SBJ-N2-HIDE-TR.mp4,OBJ-N2-Aa-SBJ-N5-HIDE-TR.mp4,,,,,,,,,,,,,,,,,,,,,,,,,,,,,,,,,,,,,,,,,,,,,,,,,,,,,0,3,3,3,1,,,,,,,,,,,,,,,
,,,,,,,,,,,,,2,,,268039,,2026-04-27_17h11.22.286,BrocantoHPilot1WOSession3,2025.2.4,Win32,120.1923077,6547.703,2,2,2,20.988,1,17.288,20.988,6571.171,,,,,,SBJ-N2-REVEAL-INTR-LOC-N3.mp3,SBJ-N2-REVEAL-INTR-LOC-N3.mp4,SBJ-N3-JUMP-INTR-LOC-N2.mp4,,,,,,,,,,,,,,,,,,,,,,,,,,,,,,,,,,,,,,,,,,,,,,,,,,,,,0,4,4,4,1,,,,,,,,,,,,,,,
,,,,,,,,,,,,,2,,,268039,,2026-04-27_17h11.22.286,BrocantoHPilot1WOSession3,2025.2.4,Win32,120.1923077,6571.172,2,1,1,37.554,1,17.572,37.554,6613.384,,,,,,OBJ-N5-Ab-SBJ-N4-PUSH-TR-LOC-N2.mp3,OBJ-N5-Ab-SBJ-N4-PUSH-TR-LOC-N2.mp4,Ab-OBJ-N4-SBJ-N5-PUSH-TR-LOC-N2.mp4,,,,,,,,,,,,,,,,,,,,,,,,,,,,,,,,,,,,,,,,,,,,,,,,,,,,,0,5,5,5,1,,,,,,,,,,,,,,,
,,,,,,,,,,,,,2,,,268039,,2026-04-27_17h11.22.286,BrocantoHPilot1WOSession3,2025.2.4,Win32,120.1923077,6613.385,2,1,1,27.722,1,16.995,27.722,6643.688,,,,,,Ab-OBJ-N5-SBJ-N2-HIDE-TR.mp3,Ab-OBJ-N5-SBJ-N2-HIDE-TR.mp4,Aa-OBJ-N5-SBJ-N2-PUSH-TR.mp4,,,,,,,,,,,,,,,,,,,,,,,,,,,,,,,,,,,,,,,,,,,,,,,,,,,,,0,6,6,6,1,,,,,,,,,,,,,,,
,,,,,,,,,,,,,2,,,268039,,2026-04-27_17h11.22.286,BrocantoHPilot1WOSession3,2025.2.4,Win32,120.1923077,6643.689,2,2,2,21.291,1,19.45,21.291,6667.391,,,,,,Ab-OBJ-N5-SBJ-N3-PUSH-TR-Ab-LOC-N1.mp3,Ab-OBJ-N5-SBJ-N3-PUSH-TR-Ab-LOC-N1.mp4,Ab-OBJ-N5-SBJ-N3-HIDE-TR-Ab-LOC-N1.mp4,,,,,,,,,,,,,,,,,,,,,,,,,,,,,,,,,,,,,,,,,,,,,,,,,,,,,0,7,7,7,1,,,,,,,,,,,,,,,
,,,,,,,,,,,,,2,,,268039,,2026-04-27_17h11.22.286,BrocantoHPilot1WOSession3,2025.2.4,Win32,120.1923077,6667.393,2,1,1,23.054,1,15.636,23.054,6692.928,,,,,,SBJ-N4-JUMP-INTR.mp3,SBJ-N4-JUMP-INTR.mp4,SBJ-N4-HIDE-INTR.mp4,,,,,,,,,,,,,,,,,,,,,,,,,,,,,,,,,,,,,,,,,,,,,,,,,,,,,0,8,8,8,1,,,,,,,,,,,,,,,
,,,,,,,,,,,,,2,,,268039,,2026-04-27_17h11.22.286,BrocantoHPilot1WOSession3,2025.2.4,Win32,120.1923077,6692.928,2,1,1,33.609,1,19.241,33.609,6728.942,,,,,,SBJ-N3-REVEAL-INTR-Ab-LOC-N5.mp3,SBJ-N3-REVEAL-INTR-Ab-LOC-N5.mp4,Aa-SBJ-N5-REVEAL-INTR-LOC-N3.mp4,,,,,,,,,,,,,,,,,,,,,,,,,,,,,,,,,,,,,,,,,,,,,,,,,,,,,0,9,9,9,1,,,,,,,,,,,,,,,
,,,,,,,,,,,,,2,,,268039,,2026-04-27_17h11.22.286,BrocantoHPilot1WOSession3,2025.2.4,Win32,120.1923077,6728.943,2,2,2,35.13,1,18.593,35.13,6766.631,,,,,,Ab-SBJ-N5-HIDE-INTR.mp3,Ab-SBJ-N5-HIDE-INTR.mp4,Aa-SBJ-N5-HIDE-INTR.mp4,,,,,,,,,,,,,,,,,,,,,,,,,,,,,,,,,,,,,,,,,,,,,,,,,,,,,0,10,10,10,1,,,,,,,,,,,,,,,
,,,,,,,,,,,,,2,,,268039,,2026-04-27_17h11.22.286,BrocantoHPilot1WOSession3,2025.2.4,Win32,120.1923077,6766.632,2,2,1,32.407,0,19.016,32.407,6801.748,,,,,,Ab-OBJ-N5-Ab-SBJ-N2-REVEAL-TR.mp3,Ab-OBJ-N5-Ab-SBJ-N2-REVEAL-TR.mp4,Ab-OBJ-N2-Ab-SBJ-N5-PUSH-TR.mp4,,,,,,,,,,,,,,,,,,,,,,,,,,,,,,,,,,,,,,,,,,,,,,,,,,,,,0,11,11,11,1,,,,,,,,,,,,,,,
,,,,,,,,,,,,,2,,,268039,,2026-04-27_17h11.22.286,BrocantoHPilot1WOSession3,2025.2.4,Win32,120.1923077,6801.748,2,2,2,29.664,1,21.058,29.664,6834.02,,,,,,SBJ-N5-REVEAL-INTR-LOC-N4.mp3,SBJ-N5-REVEAL-INTR-LOC-N4.mp4,SBJ-N4-REVEAL-INTR-LOC-N5.mp4,,,,,,,,,,,,,,,,,,,,,,,,,,,,,,,,,,,,,,,,,,,,,,,,,,,,,0,12,12,12,1,,,,,,,,,,,,,,,
,,,,,,,,,,,,,2,,,268039,,2026-04-27_17h11.22.286,BrocantoHPilot1WOSession3,2025.2.4,Win32,120.1923077,6834.021,2,1,2,43.337,0,24.079,43.337,6879.639,,,,,,OBJ-N5-SBJ-N1-REVEAL-TR-LOC-N3.mp3,OBJ-N5-SBJ-N1-REVEAL-TR-LOC-N3.mp4,OBJ-N3-SBJ-N1-PUSH-TR-LOC-N5.mp4,,,,,,,,,,,,,,,,,,,,,,,,,,,,,,,,,,,,,,,,,,,,,,,,,,,,,0,13,13,13,1,,,,,,,,,,,,,,,
,,,,,,,,,,,,,2,,,268039,,2026-04-27_17h11.22.286,BrocantoHPilot1WOSession3,2025.2.4,Win32,120.1923077,6879.639,2,1,1,34.093,1,23.676,34.093,6916.217,,,,,,SBJ-N1-REVEAL-INTR-Ab-LOC-N5.mp3,SBJ-N1-REVEAL-INTR-Ab-LOC-N5.mp4,SBJ-N1-HIDE-INTR-Aa-LOC-N5.mp4,,,,,,,,,,,,,,,,,,,,,,,,,,,,,,,,,,,,,,,,,,,,,,,,,,,,,0,14,14,14,1,,,,,,,,,,,,,,,
,,,,,,,,,,,,,2,,,268039,,2026-04-27_17h11.22.286,BrocantoHPilot1WOSession3,2025.2.4,Win32,120.1923077,6916.218,2,2,2,25.093,1,23.137,25.093,6944.072,,,,,,Ab-OBJ-N5-SBJ-N3-HIDE-TR-Ab-LOC-N1.mp3,Ab-OBJ-N5-SBJ-N3-HIDE-TR-Ab-LOC-N1.mp4,OBJ-N3-Ab-SBJ-N5-HIDE-TR-Aa-LOC-N1.mp4,,,,,,,,,,,,,,,,,,,,,,,,,,,,,,,,,,,,,,,,,,,,,,,,,,,,,0,15,15,15,1,,,,,,,,,,,,,,,
,,,,,,,,,,,,,2,,,268039,,2026-04-27_17h11.22.286,BrocantoHPilot1WOSession3,2025.2.4,Win32,120.1923077,6944.073,2,2,2,19.034,1,18.142,19.034,6965.454,,,,,,Aa-SBJ-N5-HIDE-INTR.mp3,Aa-SBJ-N5-HIDE-INTR.mp4,Ab-SBJ-N5-HIDE-INTR.mp4,,,,,,,,,,,,,,,,,,,,,,,,,,,,,,,,,,,,,,,,,,,,,,,,,,,,,0,16,16,16,1,,,,,,,,,,,,,,,
,,,,,,,,,,,,,2,,,268039,,2026-04-27_17h11.22.286,BrocantoHPilot1WOSession3,2025.2.4,Win32,120.1923077,6965.455,2,2,1,23.719,0,16.416,23.719,6991.555,,,,,,Ab-OBJ-N5-Aa-SBJ-N5-PUSH-TR.mp3,Ab-OBJ-N5-Aa-SBJ-N5-PUSH-TR.mp4,Aa-OBJ-N5-Ab-SBJ-N5-PUSH-TR.mp4,,,,,,,,,,,,,,,,,,,,,,,,,,,,,,,,,,,,,,,,,,,,,,,,,,,,,0,17,17,17,1,,,,,,,,,,,,,,,
,,,,,,,,,,,,,2,,,268039,,2026-04-27_17h11.22.286,BrocantoHPilot1WOSession3,2025.2.4,Win32,120.1923077,6991.556,2,1,1,18.589,1,17.062,18.589,7012.566,,,,,,SBJ-N2-GO-INTR.mp3,SBJ-N2-GO-INTR.mp4,SBJ-N2-JUMP-INTR.mp4,,,,,,,,,,,,,,,,,,,,,,,,,,,,,,,,,,,,,,,,,,,,,,,,,,,,,0,18,18,18,1,,,,,,,,,,,,,,,
,,,,,,,,,,,,,2,,,268039,,2026-04-27_17h11.22.286,BrocantoHPilot1WOSession3,2025.2.4,Win32,120.1923077,7012.566,2,1,1,26.394,1,17.871,26.394,7041.49,,,,,,Ab-SBJ-N4-REVEAL-INTR-LOC-N2.mp3,Ab-SBJ-N4-REVEAL-INTR-LOC-N2.mp4,Aa-SBJ-N4-HIDE-INTR-LOC-N2.mp4,,,,,,,,,,,,,,,,,,,,,,,,,,,,,,,,,,,,,,,,,,,,,,,,,,,,,0,19,19,19,1,,,,,,,,,,,,,,,
,,,,,,,,,,,,,2,,,268039,,2026-04-27_17h11.22.286,BrocantoHPilot1WOSession3,2025.2.4,Win32,120.1923077,7041.491,2,2,1,29.732,0,19.27,29.732,7073.681,,,,,,Ab-OBJ-N5-SBJ-N2-HIDE-TR-Ab-LOC-N4.mp3,Ab-OBJ-N5-SBJ-N2-HIDE-TR-Ab-LOC-N4.mp4,OBJ-N2-Aa-SBJ-N5-HIDE-TR-Ab-LOC-N4.mp4,,,,,,,,,,,,,,,,,,,,,,,,,,,,,,,,,,,,,,,,,,,,,,,,,,,,,0,20,20,20,1,,,,,,,,,,,,,,,
,,,,,,,,,,,,,2,,,268039,,2026-04-27_17h11.22.286,BrocantoHPilot1WOSession3,2025.2.4,Win32,120.1923077,7073.683,2,2,2,31.486,1,16.028,31.486,7107.415,,,,,,OBJ-N5-Ab-SBJ-N1-PUSH-TR.mp3,OBJ-N5-Ab-SBJ-N1-PUSH-TR.mp4,OBJ-N5-Aa-SBJ-N1-PUSH-TR.mp4,,,,,,,,,,,,,,,,,,,,,,,,,,,,,,,,,,,,,,,,,,,,,,,,,,,,,0,21,21,21,1,,,,,,,,,,,,,,,
,,,,,,,,,,,,,2,,,268039,,2026-04-27_17h11.22.286,BrocantoHPilot1WOSession3,2025.2.4,Win32,120.1923077,7107.416,2,2,2,37.762,1,22.693,37.762,7147.509,,,,,,Ab-SBJ-N3-JUMP-INTR.mp3,Ab-SBJ-N3-JUMP-INTR.mp4,Aa-SBJ-N3-REVEAL-INTR.mp4,,,,,,,,,,,,,,,,,,,,,,,,,,,,,,,,,,,,,,,,,,,,,,,,,,,,,0,22,22,22,1,,,,,,,,,,,,,,,
,,,,,,,,,,,,,2,,,268039,,2026-04-27_17h11.22.286,BrocantoHPilot1WOSession3,2025.2.4,Win32,120.1923077,7147.51,2,1,2,29.039,0,21.785,29.039,7178.845,,,,,,Ab-OBJ-N5-Ab-SBJ-N3-REVEAL-TR-LOC-N4.mp3,Ab-OBJ-N5-Ab-SBJ-N3-REVEAL-TR-LOC-N4.mp4,Ab-OBJ-N3-Ab-SBJ-N5-PUSH-TR-LOC-N4.mp4,,,,,,,,,,,,,,,,,,,,,,,,,,,,,,,,,,,,,,,,,,,,,,,,,,,,,0,23,23,23,1,,,,,,,,,,,,,,,
,,,,,,,,,,,,,2,,,268039,,2026-04-27_17h11.22.286,BrocantoHPilot1WOSession3,2025.2.4,Win32,120.1923077,7178.846,2,2,2,32.455,1,18.745,32.455,7213.855,,,,,,OBJ-N5-Ab-SBJ-N4-PUSH-TR.mp3,OBJ-N5-Ab-SBJ-N4-PUSH-TR.mp4,Ab-OBJ-N4-SBJ-N5-PUSH-TR.mp4,,,,,,,,,,,,,,,,,,,,,,,,,,,,,,,,,,,,,,,,,,,,,,,,,,,,,0,24,24,24,1,,,,,,,,,,,,,,,
,,,,,,,,,,,,,2,,,268039,,2026-04-27_17h11.22.286,BrocantoHPilot1WOSession3,2025.2.4,Win32,120.1923077,7213.856,2,2,2,35.745,1,20.217,35.745,7252.56,,,,,,Ab-OBJ-N5-Ab-SBJ-N2-HIDE-TR-LOC-N4.mp3,Ab-OBJ-N5-Ab-SBJ-N2-HIDE-TR-LOC-N4.mp4,Ab-OBJ-N5-Ab-SBJ-N2-REVEAL-TR-LOC-N4.mp4,,,,,,,,,,,,,,,,,,,,,,,,,,,,,,,,,,,,,,,,,,,,,,,,,,,,,0,25,25,25,1,,,,,,,,,,,,,,,
,,,,,,,,,,,,,2,,,268039,,2026-04-27_17h11.22.286,BrocantoHPilot1WOSession3,2025.2.4,Win32,120.1923077,7252.561,2,1,1,70.163,1,59.018,70.163,7325.351,,,,,,OBJ-N5-Ab-SBJ-N4-REVEAL-TR.mp3,OBJ-N5-Ab-SBJ-N4-REVEAL-TR.mp4,Aa-OBJ-N4-SBJ-N5-REVEAL-TR.mp4,,,,,,,,,,,,,,,,,,,,,,,,,,,,,,,,,,,,,,,,,,,,,,,,,,,,,0,26,26,26,1,,,,,,,,,,,,,,,
,,,,,,,,,,,,,2,,,268039,,2026-04-27_17h11.22.286,BrocantoHPilot1WOSession3,2025.2.4,Win32,120.1923077,7325.352,2,2,2,17.151,1,16.114,17.151,7345.23,,,,,,SBJ-N4-HIDE-INTR.mp3,SBJ-N4-HIDE-INTR.mp4,SBJ-N4-GO-INTR.mp4,,,,,,,,,,,,,,,,,,,,,,,,,,,,,,,,,,,,,,,,,,,,,,,,,,,,,0,27,27,27,1,,,,,,,,,,,,,,,
,,,,,,,,,,,,,2,,,268039,,2026-04-27_17h11.22.286,BrocantoHPilot1WOSession3,2025.2.4,Win32,120.1923077,7345.23,2,2,2,19.689,1,18.314,19.689,7367.134,,,,,,Ab-SBJ-N3-GO-INTR.mp3,Ab-SBJ-N3-GO-INTR.mp4,Aa-SBJ-N3-GO-INTR.mp4,,,,,,,,,,,,,,,,,,,,,,,,,,,,,,,,,,,,,,,,,,,,,,,,,,,,,0,28,28,28,1,,,,,,,,,,,,,,,
,,,,,,,,,,,,,2,,,268039,,2026-04-27_17h11.22.286,BrocantoHPilot1WOSession3,2025.2.4,Win32,120.1923077,7367.136,2,1,2,63.821,0,51.538,63.821,7433.464,,,,,,OBJ-N5-Ab-SBJ-N1-PUSH-TR-Ab-LOC-N4.mp3,OBJ-N5-Ab-SBJ-N1-PUSH-TR-Ab-LOC-N4.mp4,OBJ-N5-Ab-SBJ-N4-HIDE-TR-Ab-LOC-N1.mp4,,,,,,,,,,,,,,,,,,,,,,,,,,,,,,,,,,,,,,,,,,,,,,,,,,,,,0,29,29,29,1,,,,,,,,,,,,,,,
,,,,,,,,,,,,,2,,,268039,,2026-04-27_17h11.22.286,BrocantoHPilot1WOSession3,2025.2.4,Win32,120.1923077,7433.466,2,1,2,136.188,0,120.664,136.188,7572.189,,,,,,Aa-OBJ-N5-Ab-SBJ-N5-REVEAL-TR.mp3,Aa-OBJ-N5-Ab-SBJ-N5-REVEAL-TR.mp4,Ab-OBJ-N5-Aa-SBJ-N5-REVEAL-TR.mp4,,,,,,,,,,,,,,,,,,,,,,,,,,,,,,,,,,,,,,,,,,,,,,,,,,,,,0,30,30,30,1,,,,,,,,,,,,,,,
,,,,,,,,,,,,,2,,,268039,,2026-04-27_17h11.22.286,BrocantoHPilot1WOSession3,2025.2.4,Win32,120.1923077,7572.19,2,1,1,22.831,1,15.898,22.831,7597.33,,,,,,Ab-SBJ-N5-JUMP-INTR.mp3,Ab-SBJ-N5-JUMP-INTR.mp4,Aa-SBJ-N5-GO-INTR.mp4,,,,,,,,,,,,,,,,,,,,,,,,,,,,,,,,,,,,,,,,,,,,,,,,,,,,,0,31,31,31,1,,,,,,,,,,,,,,,
,,,,,,,,,,,,,2,,,268039,,2026-04-27_17h11.22.286,BrocantoHPilot1WOSession3,2025.2.4,Win32,120.1923077,7597.332,2,1,1,18.696,1,17.879,18.696,7618.454,,,,,,OBJ-N5-SBJ-N2-HIDE-TR.mp3,OBJ-N5-SBJ-N2-HIDE-TR.mp4,OBJ-N2-SBJ-N5-PUSH-TR.mp4,,,,,,,,,,,,,,,,,,,,,,,,,,,,,,,,,,,,,,,,,,,,,,,,,,,,,0,32,32,32,1,,,,,,,,,,,,,,,
,,,,,,,,,,,,,2,,,268039,,2026-04-27_17h11.22.286,BrocantoHPilot1WOSession3,2025.2.4,Win32,120.1923077,7618.456,2,1,2,26.464,0,17.323,26.464,7647.595,,,,,,Ab-SBJ-N4-HIDE-INTR.mp3,Ab-SBJ-N4-HIDE-INTR.mp4,Aa-SBJ-N4-HIDE-INTR.mp4,,,,,,,,,,,,,,,,,,,,,,,,,,,,,,,,,,,,,,,,,,,,,,,,,,,,,0,33,33,33,1,,,,,,,,,,,,,,,
,,,,,,,,,,,,,2,,,268039,,2026-04-27_17h11.22.286,BrocantoHPilot1WOSession3,2025.2.4,Win32,120.1923077,7647.596,2,2,2,35.023,1,19.823,35.023,7685.024,,,,,,Ab-SBJ-N1-JUMP-INTR-Aa-LOC-N4.mp3,Ab-SBJ-N1-JUMP-INTR-Aa-LOC-N4.mp4,Aa-SBJ-N4-JUMP-INTR-Aa-LOC-N1.mp4,,,,,,,,,,,,,,,,,,,,,,,,,,,,,,,,,,,,,,,,,,,,,,,,,,,,,0,34,34,34,1,,,,,,,,,,,,,,,
,,,,,,,,,,,,,2,,,268039,,2026-04-27_17h11.22.286,BrocantoHPilot1WOSession3,2025.2.4,Win32,120.1923077,7685.026,2,2,1,25.234,0,18.517,25.234,7712.502,,,,,,Aa-SBJ-N5-GO-INTR-Ab-LOC-N3.mp3,Aa-SBJ-N5-GO-INTR-Ab-LOC-N3.mp4,Ab-SBJ-N3-GO-INTR-Aa-LOC-N5.mp4,,,,,,,,,,,,,,,,,,,,,,,,,,,,,,,,,,,,,,,,,,,,,,,,,,,,,0,35,35,35,1,,,,,,,,,,,,,,,
,,,,,,,,,,,,,2,,,268039,,2026-04-27_17h11.22.286,BrocantoHPilot1WOSession3,2025.2.4,Win32,120.1923077,7712.503,2,1,2,32.33,0,16.864,32.33,7747.178,,,,,,SBJ-N1-GO-INTR-Aa-LOC-N4.mp3,SBJ-N1-GO-INTR-Aa-LOC-N4.mp4,SBJ-N1-JUMP-INTR-Ab-LOC-N4.mp4,,,,,,,,,,,,,,,,,,,,,,,,,,,,,,,,,,,,,,,,,,,,,,,,,,,,,0,36,36,36,1,,,,,,,,,,,,,,,
,,,,,,,,,,,,,2,,,268039,,2026-04-27_17h11.22.286,BrocantoHPilot1WOSession3,2025.2.4,Win32,120.1923077,7747.179,2,2,1,24.203,0,22.153,24.203,7773.515,,,,,,Aa-SBJ-N2-HIDE-INTR-Ab-LOC-N5.mp3,Aa-SBJ-N2-HIDE-INTR-Ab-LOC-N5.mp4,Aa-SBJ-N2-GO-INTR-Ab-LOC-N5.mp4,,,,,,,,,,,,,,,,,,,,,,,,,,,,,,,,,,,,,,,,,,,,,,,,,,,,,0,37,37,37,1,,,,,,,,,,,,,,,
,,,,,,,,,,,,,2,,,268039,,2026-04-27_17h11.22.286,BrocantoHPilot1WOSession3,2025.2.4,Win32,120.1923077,7773.517,2,1,1,33.082,1,24.04,33.082,7809.16,,,,,,SBJ-N4-JUMP-INTR-Aa-LOC-N5.mp3,SBJ-N4-JUMP-INTR-Aa-LOC-N5.mp4,Ab-SBJ-N5-JUMP-INTR-LOC-N4.mp4,,,,,,,,,,,,,,,,,,,,,,,,,,,,,,,,,,,,,,,,,,,,,,,,,,,,,0,38,38,38,1,,,,,,,,,,,,,,,
,,,,,,,,,,,,,2,,,268039,,2026-04-27_17h11.22.286,BrocantoHPilot1WOSession3,2025.2.4,Win32,120.1923077,7809.161,2,1,2,22.753,0,20.125,22.753,7834.092,,,,,,OBJ-N5-Ab-SBJ-N3-HIDE-TR-Ab-LOC-N4.mp3,OBJ-N5-Ab-SBJ-N3-HIDE-TR-Ab-LOC-N4.mp4,OBJ-N5-Ab-SBJ-N3-HIDE-TR-Aa-LOC-N4.mp4,,,,,,,,,,,,,,,,,,,,,,,,,,,,,,,,,,,,,,,,,,,,,,,,,,,,,0,39,39,39,1,,,,,,,,,,,,,,,
,,,,,,,,,,,,,2,,,268039,,2026-04-27_17h11.22.286,BrocantoHPilot1WOSession3,2025.2.4,Win32,120.1923077,7834.092,2,1,1,230.79,1,223.499,230.79,8067.614,,,,,,Ab-OBJ-N5-Ab-SBJ-N3-REVEAL-TR-LOC-N4.mp3,Ab-OBJ-N5-Ab-SBJ-N3-REVEAL-TR-LOC-N4.mp4,Ab-OBJ-N5-SBJ-N4-HIDE-TR-Ab-LOC-N3.mp4,,,,,,,,,,,,,,,,,,,,,,,,,,,,,,,,,,,,,,,,,,,,,,,,,,,,,0,40,40,40,1,,,,,,,,,,,,,,,
,,,,,,,,,,,,,2,,,268039,,2026-04-27_17h11.22.286,BrocantoHPilot1WOSession3,2025.2.4,Win32,120.1923077,8067.615,2,1,2,17.198,0,16.167,17.198,8087.37,,,,,,OBJ-N5-Ab-SBJ-N3-PUSH-TR.mp3,OBJ-N5-Ab-SBJ-N3-PUSH-TR.mp4,Ab-OBJ-N3-SBJ-N5-PUSH-TR.mp4,,,,,,,,,,,,,,,,,,,,,,,,,,,,,,,,,,,,,,,,,,,,,,,,,,,,,0,41,41,41,1,,,,,,,,,,,,,,,
,,,,,,,,,,,,,2,,,268039,,2026-04-27_17h11.22.286,BrocantoHPilot1WOSession3,2025.2.4,Win32,120.1923077,,,,,,,,,,,,,,,Ab SBJ.N4 REVEAL-INTR LOC.N3,,,8108.254,2,Ab-SBJ-N4-REVEAL-INTR-LOC-N3.mp4,Ab|N4|REVEAL|N3,N5|N4|Aa|REVEAL|GO|HIDE|Ab|N3,zsot|dabi|girda|zilép,timó|dabi|gyék|girda|kávler|zsübe|zsot|zilép,1,7.627,43.092,zsot dabi girda zilép,8158.066,,,,,,Ab-SBJ-N4-REVEAL-INTR-LOC-N3.mp4,Ab|N4|REVEAL|N3,N5|N4|Aa|REVEAL|GO|HIDE|Ab|N3,zsot dabi girda zilép,zsot|dabi|girda|zilép,timó|dabi|gyék|girda|kávler|zsübe|zsot|zilép,,,,,,,,,,,,,,,,,,,,,,,,,,,,,,,,,,,0,0,0,0,1,,,,,,,,,,
,,,,,,,,,,,,,2,,,268039,,2026-04-27_17h11.22.286,BrocantoHPilot1WOSession3,2025.2.4,Win32,120.1923077,,,,,,,,,,,,,,,OBJ.N5 Ab SBJ.N4 PUSH-TR Ab LOC.N3,,,8158.61,2,OBJ-N5-Ab-SBJ-N4-PUSH-TR-Ab-LOC-N3.mp4,N5|Ab|N4|PUSH|Ab|N3,GO|N3|JUMP|N1|Ab|N4|PUSH|N5|Ab|N2,timó|zsot|dabi|vánta|zsot|zilép,kávler|zilép|bonip|pekli|zsot|dabi|vánta|timó|zsot|murak,0,5.574,62.102,zsot dabi timó kávler zsot zilép,8231.133,,,,,,OBJ-N5-Ab-SBJ-N4-PUSH-TR-Ab-LOC-N3.mp4,N5|Ab|N4|PUSH|Ab|N3,GO|N3|JUMP|N1|Ab|N4|PUSH|N5|Ab|N2,timó zsot dabi vánta zsot zilép,timó|zsot|dabi|vánta|zsot|zilép,kávler|zilép|bonip|pekli|zsot|dabi|vánta|timó|zsot|murak,,,,,,,,,,,,,,,,,,,,,,,,,,,,,,,,,,,0,1,1,1,1,,,,,,,,,,
,,,,,,,,,,,,,2,,,268039,,2026-04-27_17h11.22.286,BrocantoHPilot1WOSession3,2025.2.4,Win32,120.1923077,,,,,,,,,,,,,,,Ab OBJ.N5 SBJ.N4 HIDE-TR,,,8231.732,2,Ab-OBJ-N5-SBJ-N4-HIDE-TR.mp4,Ab|N5|N4|HIDE,N4|GO|Ab|N1|Aa|HIDE|N5|REVEAL,zsot|timó|dabi|zsübe,dabi|kávler|zsot|pekli|gyék|zsübe|timó|girda,0,9.845,27.834,timó dabi zsübe gyék,8283.769,,,,,,Ab-OBJ-N5-SBJ-N4-HIDE-TR.mp4,Ab|N5|N4|HIDE,N4|GO|Ab|N1|Aa|HIDE|N5|REVEAL,zsot timó dabi zsübe,zsot|timó|dabi|zsübe,dabi|kávler|zsot|pekli|gyék|zsübe|timó|girda,,,,,,,,,,,,,,,,,,,,,,,,,,,,,,,,,,,0,2,2,2,1,,,,,,,,,,
,,,,,,,,,,,,,2,,,268039,,2026-04-27_17h11.22.286,BrocantoHPilot1WOSession3,2025.2.4,Win32,120.1923077,,,,,,,,,,,,,,,Aa SBJ.N5 JUMP-INTR,,,8284.322,2,Aa-SBJ-N5-JUMP-INTR.mp4,Aa|N5|JUMP,N3|HIDE|GO|JUMP|N5|Aa|Ab,gyék|timó|bonip,zilép|zsübe|kávler|bonip|timó|gyék|zsot,0,6.871,22.112,zsot timó kávler,8311.924,,,,,,Aa-SBJ-N5-JUMP-INTR.mp4,Aa|N5|JUMP,N3|HIDE|GO|JUMP|N5|Aa|Ab,gyék timó bonip,gyék|timó|bonip,zilép|zsübe|kávler|bonip|timó|gyék|zsot,,,,,,,,,,,,,,,,,,,,,,,,,,,,,,,,,,,0,3,3,3,1,,,,,,,,,,
,,,,,,,,,,,,,2,,,268039,,2026-04-27_17h11.22.286,BrocantoHPilot1WOSession3,2025.2.4,Win32,120.1923077,,,,,,,,,,,,,,,Ab SBJ.N3 REVEAL-INTR LOC.N5,,,8312.547,2,Ab-SBJ-N3-REVEAL-INTR-LOC-N5.mp4,Ab|N3|REVEAL|N5,REVEAL|PUSH|Aa|Ab|N5|HIDE|N3|N1,zsot|zilép|girda|timó,girda|vánta|gyék|zsot|timó|zsübe|zilép|pekli,1,6.636,42.794,zsot zilép girda timó,8359.484,,,,,,Ab-SBJ-N3-REVEAL-INTR-LOC-N5.mp4,Ab|N3|REVEAL|N5,REVEAL|PUSH|Aa|Ab|N5|HIDE|N3|N1,zsot zilép girda timó,zsot|zilép|girda|timó,girda|vánta|gyék|zsot|timó|zsübe|zilép|pekli,,,,,,,,,,,,,,,,,,,,,,,,,,,,,,,,,,,0,4,4,4,1,,,,,,,,,,
,,,,,,,,,,,,,2,,,268039,,2026-04-27_17h11.22.286,BrocantoHPilot1WOSession3,2025.2.4,Win32,120.1923077,,,,,,,,,,,,,,,Ab OBJ.N5 SBJ.N2 REVEAL-TR LOC.N4,,,8360.089,2,Ab-OBJ-N5-SBJ-N2-REVEAL-TR-LOC-N4.mp4,Ab|N5|N2|REVEAL|N4,Aa|Ab|N4|N2|N3|PUSH|REVEAL|HIDE|N5,zsot|timó|murak|girda|dabi,gyék|zsot|dabi|murak|zilép|vánta|girda|zsübe|timó,0,5.852,109.399,timó zsübe zsot murak gyék dabi,8476.175,,,,,,Ab-OBJ-N5-SBJ-N2-REVEAL-TR-LOC-N4.mp4,Ab|N5|N2|REVEAL|N4,Aa|Ab|N4|N2|N3|PUSH|REVEAL|HIDE|N5,zsot timó murak girda dabi,zsot|timó|murak|girda|dabi,gyék|zsot|dabi|murak|zilép|vánta|girda|zsübe|timó,,,,,,,,,,,,,,,,,,,,,,,,,,,,,,,,,,,0,5,5,5,1,,,,,,,,,,
,,,,,,,,,,,,,2,,,268039,,2026-04-27_17h11.22.286,BrocantoHPilot1WOSession3,2025.2.4,Win32,120.1923077,,,,,,,,,,,,,,,Ab OBJ.N5 SBJ.N3 HIDE-TR Ab LOC.N4,,,8476.727,2,Ab-OBJ-N5-SBJ-N3-HIDE-TR-Ab-LOC-N4.mp4,Ab|N5|N3|HIDE|Ab|N4,N3|HIDE|N1|Aa|REVEAL|Ab|N4|N5|Ab|GO,zsot|timó|zilép|zsübe|zsot|dabi,zilép|zsübe|pekli|gyék|girda|zsot|dabi|timó|zsot|kávler,0,8.451,64.704,zsot timó zsübe zilép zsot dabi gyék,8552.838,,,,,,Ab-OBJ-N5-SBJ-N3-HIDE-TR-Ab-LOC-N4.mp4,Ab|N5|N3|HIDE|Ab|N4,N3|HIDE|N1|Aa|REVEAL|Ab|N4|N5|Ab|GO,zsot timó zilép zsübe zsot dabi,zsot|timó|zilép|zsübe|zsot|dabi,zilép|zsübe|pekli|gyék|girda|zsot|dabi|timó|zsot|kávler,,,,,,,,,,,,,,,,,,,,,,,,,,,,,,,,,,,0,6,6,6,1,,,,,,,,,,
,,,,,,,,,,,,,2,,,268039,,2026-04-27_17h11.22.286,BrocantoHPilot1WOSession3,2025.2.4,Win32,120.1923077,,,,,,,,,,,,,,,SBJ.N5 REVEAL-INTR Ab LOC.N3,,,8553.4,2,SBJ-N5-REVEAL-INTR-Ab-LOC-N3.mp4,N5|REVEAL|Ab|N3,REVEAL|JUMP|PUSH|N2|N5|Ab|N3|N1,timó|girda|zsot|zilép,girda|bonip|vánta|murak|timó|zsot|zilép|pekli,1,10.109,26.159,timó girda zsot zilép,8583.977,,,,,,SBJ-N5-REVEAL-INTR-Ab-LOC-N3.mp4,N5|REVEAL|Ab|N3,REVEAL|JUMP|PUSH|N2|N5|Ab|N3|N1,timó girda zsot zilép,timó|girda|zsot|zilép,girda|bonip|vánta|murak|timó|zsot|zilép|pekli,,,,,,,,,,,,,,,,,,,,,,,,,,,,,,,,,,,0,7,7,7,1,,,,,,,,,,
,,,,,,,,,,,,,2,,,268039,,2026-04-27_17h11.22.286,BrocantoHPilot1WOSession3,2025.2.4,Win32,120.1923077,,,,,,,,,,,,,,,OBJ.N5 Ab SBJ.N2 PUSH-TR,,,8584.631,2,OBJ-N5-Ab-SBJ-N2-PUSH-TR.mp4,N5|Ab|N2|PUSH,N1|N2|JUMP|Ab|HIDE|N5|PUSH|N4,timó|zsot|murak|vánta,pekli|murak|bonip|zsot|zsübe|timó|vánta|dabi,0,322.887,347.394,timó vánta zsot murak,8937.717,,,,,,OBJ-N5-Ab-SBJ-N2-PUSH-TR.mp4,N5|Ab|N2|PUSH,N1|N2|JUMP|Ab|HIDE|N5|PUSH|N4,timó zsot murak vánta,timó|zsot|murak|vánta,pekli|murak|bonip|zsot|zsübe|timó|vánta|dabi,,,,,,,,,,,,,,,,,,,,,,,,,,,,,,,,,,,0,8,8,8,1,,,,,,,,,,
,,,,,,,,,,,,,2,,,268039,,2026-04-27_17h11.22.286,BrocantoHPilot1WOSession3,2025.2.4,Win32,120.1923077,,,,,,,,,,,,,,,SBJ.N3 HIDE-INTR,,,8938.273,2,SBJ-N3-HIDE-INTR.mp4,N3|HIDE,PUSH|N5|Ab|HIDE|N1|N3,zilép|zsübe,vánta|timó|zsot|zsübe|pekli|zilép,1,6.96,19.285,zilép zsübe,8963.338,,,,,,SBJ-N3-HIDE-INTR.mp4,N3|HIDE,PUSH|N5|Ab|HIDE|N1|N3,zilép zsübe,zilép|zsübe,vánta|timó|zsot|zsübe|pekli|zilép,,,,,,,,,,,,,,,,,,,,,,,,,,,,,,,,,,,0,9,9,9,1,,,,,,,,,,
,,,,,,,,,,,,,2,,,268039,,2026-04-27_17h11.22.286,BrocantoHPilot1WOSession3,2025.2.4,Win32,120.1923077,,,,,,,,,,,,,,,SBJ.N5 GO-INTR,,,8963.901,2,SBJ-N5-GO-INTR.mp4,N5|GO,HIDE|Ab|N4|PUSH|GO|N5,timó|kávler,zsübe|zsot|dabi|vánta|kávler|timó,1,6.638,11.789,timó kávler,8979.809,,,,,,SBJ-N5-GO-INTR.mp4,N5|GO,HIDE|Ab|N4|PUSH|GO|N5,timó kávler,timó|kávler,zsübe|zsot|dabi|vánta|kávler|timó,,,,,,,,,,,,,,,,,,,,,,,,,,,,,,,,,,,0,10,10,10,1,,,,,,,,,,
,,,,,,,,,,,,,2,,,268039,,2026-04-27_17h11.22.286,BrocantoHPilot1WOSession3,2025.2.4,Win32,120.1923077,,,,,,,,,,,,,,,OBJ.N5 Ab SBJ.N1 REVEAL-TR LOC.N2,,,8980.336,2,OBJ-N5-Ab-SBJ-N1-REVEAL-TR-LOC-N2.mp4,N5|Ab|N1|REVEAL|N2,GO|N3|Aa|Ab|N5|N1|N2|HIDE|REVEAL,timó|zsot|pekli|girda|murak,kávler|zilép|gyék|zsot|timó|pekli|murak|zsübe|girda,0,8.03,63.745,timó zsot pekli girda gyék murak,9051.908,,,,,,OBJ-N5-Ab-SBJ-N1-REVEAL-TR-LOC-N2.mp4,N5|Ab|N1|REVEAL|N2,GO|N3|Aa|Ab|N5|N1|N2|HIDE|REVEAL,timó zsot pekli girda murak,timó|zsot|pekli|girda|murak,kávler|zilép|gyék|zsot|timó|pekli|murak|zsübe|girda,,,,,,,,,,,,,,,,,,,,,,,,,,,,,,,,,,,0,11,11,11,1,,,,,,,,,,
,,,,,,,,,,,,,2,,,268039,,2026-04-27_17h11.22.286,BrocantoHPilot1WOSession3,2025.2.4,Win32,120.1923077,,,,,,,,,,,,,,,Ab SBJ.N4 REVEAL-INTR Ab LOC.N5,,,9052.591,2,Ab-SBJ-N4-REVEAL-INTR-Ab-LOC-N5.mp4,Ab|N4|REVEAL|Ab|N5,Ab|REVEAL|N2|N5|Ab|PUSH|N4|N1|N3,zsot|dabi|girda|zsot|timó,zsot|girda|murak|timó|zsot|vánta|dabi|pekli|zilép,0,7.206,49.115,zsot timó zsot dabi girda,9107.78,,,,,,Ab-SBJ-N4-REVEAL-INTR-Ab-LOC-N5.mp4,Ab|N4|REVEAL|Ab|N5,Ab|REVEAL|N2|N5|Ab|PUSH|N4|N1|N3,zsot dabi girda zsot timó,zsot|dabi|girda|zsot|timó,zsot|girda|murak|timó|zsot|vánta|dabi|pekli|zilép,,,,,,,,,,,,,,,,,,,,,,,,,,,,,,,,,,,0,12,12,12,1,,,,,,,,,,
,,,,,,,,,,,,,2,,,268039,,2026-04-27_17h11.22.286,BrocantoHPilot1WOSession3,2025.2.4,Win32,120.1923077,,,,,,,,,,,,,,,Ab OBJ.N5 SBJ.N2 HIDE-TR,,,9108.347,2,Ab-OBJ-N5-SBJ-N2-HIDE-TR.mp4,Ab|N5|N2|HIDE,Aa|N2|N4|PUSH|HIDE|N3|N5|Ab,zsot|timó|murak|zsübe,gyék|murak|dabi|vánta|zsübe|zilép|timó|zsot,0,10.431,35.781,zsot timó zsübe murak,9152.912,,,,,,Ab-OBJ-N5-SBJ-N2-HIDE-TR.mp4,Ab|N5|N2|HIDE,Aa|N2|N4|PUSH|HIDE|N3|N5|Ab,zsot timó murak zsübe,zsot|timó|murak|zsübe,gyék|murak|dabi|vánta|zsübe|zilép|timó|zsot,,,,,,,,,,,,,,,,,,,,,,,,,,,,,,,,,,,0,13,13,13,1,,,,,,,,,,
,,,,,,,,,,,,,2,,,268039,,2026-04-27_17h11.22.286,BrocantoHPilot1WOSession3,2025.2.4,Win32,120.1923077,,,,,,,,,,,,,,,Ab SBJ.N2 REVEAL-INTR Ab LOC.N5,,,9153.48,2,Ab-SBJ-N2-REVEAL-INTR-Ab-LOC-N5.mp4,Ab|N2|REVEAL|Ab|N5,REVEAL|JUMP|N2|Ab|Ab|N4|N3|N5|GO,zsot|murak|girda|zsot|timó,girda|bonip|murak|zsot|zsot|dabi|zilép|timó|kávler,0,6.814,47.404,zsot murak kávler zsot timó,9212.319,,,,,,Ab-SBJ-N2-REVEAL-INTR-Ab-LOC-N5.mp4,Ab|N2|REVEAL|Ab|N5,REVEAL|JUMP|N2|Ab|Ab|N4|N3|N5|GO,zsot murak girda zsot timó,zsot|murak|girda|zsot|timó,girda|bonip|murak|zsot|zsot|dabi|zilép|timó|kávler,,,,,,,,,,,,,,,,,,,,,,,,,,,,,,,,,,,0,14,14,14,1,,,,,,,,,,
,,,,,,,,,,,,,2,,,268039,,2026-04-27_17h11.22.286,BrocantoHPilot1WOSession3,2025.2.4,Win32,120.1923077,,,,,,,,,,,,,,,OBJ.N5 SBJ.N1 REVEAL-TR Ab LOC.N2,,,9212.854,2,OBJ-N5-SBJ-N1-REVEAL-TR-Ab-LOC-N2.mp4,N5|N1|REVEAL|Ab|N2,GO|JUMP|REVEAL|N1|N4|N2|N5|HIDE|Ab,timó|pekli|girda|zsot|murak,kávler|bonip|girda|pekli|dabi|murak|timó|zsübe|zsot,0,8.837,67.768,timó pekli zsübe zsot murak,9301.748,,,,,,OBJ-N5-SBJ-N1-REVEAL-TR-Ab-LOC-N2.mp4,N5|N1|REVEAL|Ab|N2,GO|JUMP|REVEAL|N1|N4|N2|N5|HIDE|Ab,timó pekli girda zsot murak,timó|pekli|girda|zsot|murak,kávler|bonip|girda|pekli|dabi|murak|timó|zsübe|zsot,,,,,,,,,,,,,,,,,,,,,,,,,,,,,,,,,,,0,15,15,15,1,,,,,,,,,,
,,,,,,,,,,,,,2,,,268039,,2026-04-27_17h11.22.286,BrocantoHPilot1WOSession3,2025.2.4,Win32,120.1923077,,,,,,,,,,,,,,,Ab OBJ.N5 Ab SBJ.N4 PUSH-TR,,,9302.252,2,Ab-OBJ-N5-Ab-SBJ-N4-PUSH-TR.mp4,Ab|N5|Ab|N4|PUSH,Ab|N5|N3|JUMP|GO|PUSH|Ab|N4|N1,zsot|timó|zsot|dabi|vánta,zsot|timó|zilép|bonip|kávler|vánta|zsot|dabi|pekli,0,5.978,31.637,zsot timó zsot dabi kávler,9339.861,,,,,,Ab-OBJ-N5-Ab-SBJ-N4-PUSH-TR.mp4,Ab|N5|Ab|N4|PUSH,Ab|N5|N3|JUMP|GO|PUSH|Ab|N4|N1,zsot timó zsot dabi vánta,zsot|timó|zsot|dabi|vánta,zsot|timó|zilép|bonip|kávler|vánta|zsot|dabi|pekli,,,,,,,,,,,,,,,,,,,,,,,,,,,,,,,,,,,0,16,16,16,1,,,,,,,,,,
,,,,,,,,,,,,,2,,,268039,,2026-04-27_17h11.22.286,BrocantoHPilot1WOSession3,2025.2.4,Win32,120.1923077,,,,,,,,,,,,,,,SBJ.N1 HIDE-INTR,,,9340.579,2,SBJ-N1-HIDE-INTR.mp4,N1|HIDE,N2|N3|HIDE|N1|JUMP|Ab,pekli|zsübe,murak|zilép|zsübe|pekli|bonip|zsot,1,7.5,13.217,pekli zsübe,9358.244,,,,,,SBJ-N1-HIDE-INTR.mp4,N1|HIDE,N2|N3|HIDE|N1|JUMP|Ab,pekli zsübe,pekli|zsübe,murak|zilép|zsübe|pekli|bonip|zsot,,,,,,,,,,,,,,,,,,,,,,,,,,,,,,,,,,,0,17,17,17,1,,,,,,,,,,
,,,,,,,,,,,,,2,,,268039,,2026-04-27_17h11.22.286,BrocantoHPilot1WOSession3,2025.2.4,Win32,120.1923077,,,,,,,,,,,,,,,Ab SBJ.N4 REVEAL-INTR Ab LOC.N5,,,9358.97,2,Ab-SBJ-N4-REVEAL-INTR-Ab-LOC-N5.mp4,Ab|N4|REVEAL|Ab|N5,N4|GO|Ab|Aa|N3|Ab|N1|N5|REVEAL,zsot|dabi|girda|zsot|timó,dabi|kávler|zsot|gyék|zilép|zsot|pekli|timó|girda,1,6.742,47.642,zsot dabi girda zsot timó,9410.722,,,,,,Ab-SBJ-N4-REVEAL-INTR-Ab-LOC-N5.mp4,Ab|N4|REVEAL|Ab|N5,N4|GO|Ab|Aa|N3|Ab|N1|N5|REVEAL,zsot dabi girda zsot timó,zsot|dabi|girda|zsot|timó,dabi|kávler|zsot|gyék|zilép|zsot|pekli|timó|girda,,,,,,,,,,,,,,,,,,,,,,,,,,,,,,,,,,,0,18,18,18,1,,,,,,,,,,
,,,,,,,,,,,,,2,,,268039,,2026-04-27_17h11.22.286,BrocantoHPilot1WOSession3,2025.2.4,Win32,120.1923077,,,,,,,,,,,,,,,Ab OBJ.N5 SBJ.N1 PUSH-TR Ab LOC.N3,,,9411.398,2,Ab-OBJ-N5-SBJ-N1-PUSH-TR-Ab-LOC-N3.mp4,Ab|N5|N1|PUSH|Ab|N3,PUSH|HIDE|N3|JUMP|Ab|N5|N2|N1|Aa|Ab,zsot|timó|pekli|vánta|zsot|zilép,vánta|zsübe|zilép|bonip|zsot|timó|murak|pekli|gyék|zsot,0,6.219,50.269,zsot timó vánta pekli zsot zilép,9473.572,,,,,,Ab-OBJ-N5-SBJ-N1-PUSH-TR-Ab-LOC-N3.mp4,Ab|N5|N1|PUSH|Ab|N3,PUSH|HIDE|N3|JUMP|Ab|N5|N2|N1|Aa|Ab,zsot timó pekli vánta zsot zilép,zsot|timó|pekli|vánta|zsot|zilép,vánta|zsübe|zilép|bonip|zsot|timó|murak|pekli|gyék|zsot,,,,,,,,,,,,,,,,,,,,,,,,,,,,,,,,,,,0,19,19,19,1,,,,,,,,,,
,,,,,,,,,,,,,2,,,268039,,2026-04-27_17h11.22.286,BrocantoHPilot1WOSession3,2025.2.4,Win32,120.1923077,,,,,,,,,,,,,,,Aa SBJ.N5 JUMP-INTR,,,9474.184,2,Aa-SBJ-N5-JUMP-INTR.mp4,Aa|N5|JUMP,JUMP|GO|N1|REVEAL|N5|Ab|Aa,gyék|timó|bonip,bonip|kávler|pekli|girda|timó|zsot|gyék,0,47.106,75.706,zsot timó bonip,9555.014,,,,,,Aa-SBJ-N5-JUMP-INTR.mp4,Aa|N5|JUMP,JUMP|GO|N1|REVEAL|N5|Ab|Aa,gyék timó bonip,gyék|timó|bonip,bonip|kávler|pekli|girda|timó|zsot|gyék,,,,,,,,,,,,,,,,,,,,,,,,,,,,,,,,,,,0,20,20,20,1,,,,,,,,,,
,,,,,,,,,,,,,2,,,268039,,2026-04-27_17h11.22.286,BrocantoHPilot1WOSession3,2025.2.4,Win32,120.1923077,,,,,,,,,,,,,,,Ab OBJ.N5 Ab SBJ.N3 HIDE-TR,,,9555.544,2,Ab-OBJ-N5-Ab-SBJ-N3-HIDE-TR.mp4,Ab|N5|Ab|N3|HIDE,HIDE|N3|N4|Ab|JUMP|N5|REVEAL|Ab|N1,zsot|timó|zsot|zilép|zsübe,zsübe|zilép|dabi|zsot|bonip|timó|girda|zsot|pekli,0,13.529,44.813,timó zsübe zsot pekli,9619.097,,,,,,Ab-OBJ-N5-Ab-SBJ-N3-HIDE-TR.mp4,Ab|N5|Ab|N3|HIDE,HIDE|N3|N4|Ab|JUMP|N5|REVEAL|Ab|N1,zsot timó zsot zilép zsübe,zsot|timó|zsot|zilép|zsübe,zsübe|zilép|dabi|zsot|bonip|timó|girda|zsot|pekli,,,,,,,,,,,,,,,,,,,,,,,,,,,,,,,,,,,0,21,21,21,1,,,,,,,,,,
,,,,,,,,,,,,,2,,,268039,,2026-04-27_17h11.22.286,BrocantoHPilot1WOSession3,2025.2.4,Win32,120.1923077,,,,,,,,,,,,,,,Ab OBJ.N5 Ab SBJ.N4 REVEAL-TR LOC.N1,,,9619.607,2,Ab-OBJ-N5-Ab-SBJ-N4-REVEAL-TR-LOC-N1.mp4,Ab|N5|Ab|N4|REVEAL|N1,PUSH|Ab|Ab|N2|REVEAL|N5|GO|HIDE|N1|N4,zsot|timó|zsot|dabi|girda|pekli,vánta|zsot|zsot|murak|girda|timó|kávler|zsübe|pekli|dabi,0,9.407,67.047,zsot timó girda zsot dabi pekli,9694.025,,,,,,Ab-OBJ-N5-Ab-SBJ-N4-REVEAL-TR-LOC-N1.mp4,Ab|N5|Ab|N4|REVEAL|N1,PUSH|Ab|Ab|N2|REVEAL|N5|GO|HIDE|N1|N4,zsot timó zsot dabi girda pekli,zsot|timó|zsot|dabi|girda|pekli,vánta|zsot|zsot|murak|girda|timó|kávler|zsübe|pekli|dabi,,,,,,,,,,,,,,,,,,,,,,,,,,,,,,,,,,,0,22,22,22,1,,,,,,,,,,
,,,,,,,,,,,,,2,,,268039,,2026-04-27_17h11.22.286,BrocantoHPilot1WOSession3,2025.2.4,Win32,120.1923077,,,,,,,,,,,,,,,OBJ.N5 Ab SBJ.N2 REVEAL-TR,,,9694.625,2,OBJ-N5-Ab-SBJ-N2-REVEAL-TR.mp4,N5|Ab|N2|REVEAL,N4|N2|N5|REVEAL|PUSH|Ab|N3|HIDE,timó|zsot|murak|girda,dabi|murak|timó|girda|vánta|zsot|zilép|zsübe,1,10.202,34.185,timó zsot murak girda,9738.144,,,,,,OBJ-N5-Ab-SBJ-N2-REVEAL-TR.mp4,N5|Ab|N2|REVEAL,N4|N2|N5|REVEAL|PUSH|Ab|N3|HIDE,timó zsot murak girda,timó|zsot|murak|girda,dabi|murak|timó|girda|vánta|zsot|zilép|zsübe,,,,,,,,,,,,,,,,,,,,,,,,,,,,,,,,,,,0,23,23,23,1,,,,,,,,,,
,,,,,,,,,,,,,2,,,268039,,2026-04-27_17h11.22.286,BrocantoHPilot1WOSession3,2025.2.4,Win32,120.1923077,,,,,,,,,,,,,,,Ab SBJ.N3 GO-INTR,,,9738.778,2,Ab-SBJ-N3-GO-INTR.mp4,Ab|N3|GO,N3|N1|JUMP|Ab|Aa|N2|GO,zsot|zilép|kávler,zilép|pekli|bonip|zsot|gyék|murak|kávler,0,11.374,17.589,zsot pekli bonip,9761.646,,,,,,Ab-SBJ-N3-GO-INTR.mp4,Ab|N3|GO,N3|N1|JUMP|Ab|Aa|N2|GO,zsot zilép kávler,zsot|zilép|kávler,zilép|pekli|bonip|zsot|gyék|murak|kávler,,,,,,,,,,,,,,,,,,,,,,,,,,,,,,,,,,,0,24,24,24,1,,,,,,,,,,
,,,,,,,,,,,,,2,,,268039,,2026-04-27_17h11.22.286,BrocantoHPilot1WOSession3,2025.2.4,Win32,120.1923077,,,,,,,,,,,,,,,OBJ.N5 Ab SBJ.N3 PUSH-TR LOC.N1,,,9762.147,2,OBJ-N5-Ab-SBJ-N3-PUSH-TR-LOC-N1.mp4,N5|Ab|N3|PUSH|N1,Aa|N2|Ab|PUSH|N3|REVEAL|N1|HIDE|N5,timó|zsot|zilép|vánta|pekli,gyék|murak|zsot|vánta|zilép|girda|pekli|zsübe|timó,1,49.42,78.403,timó zsot zilép vánta pekli,9848.474,,,,,,OBJ-N5-Ab-SBJ-N3-PUSH-TR-LOC-N1.mp4,N5|Ab|N3|PUSH|N1,Aa|N2|Ab|PUSH|N3|REVEAL|N1|HIDE|N5,timó zsot zilép vánta pekli,timó|zsot|zilép|vánta|pekli,gyék|murak|zsot|vánta|zilép|girda|pekli|zsübe|timó,,,,,,,,,,,,,,,,,,,,,,,,,,,,,,,,,,,0,25,25,25,1,,,,,,,,,,
,,,,,,,,,,,,,2,,,268039,,2026-04-27_17h11.22.286,BrocantoHPilot1WOSession3,2025.2.4,Win32,120.1923077,,,,,,,,,,,,,,,SBJ.N2 HIDE-INTR,,,9849.125,2,SBJ-N2-HIDE-INTR.mp4,N2|HIDE,REVEAL|Aa|N3|HIDE|GO|N2,murak|zsübe,girda|gyék|zilép|zsübe|kávler|murak,1,14.456,30.188,murak zsübe,9884.279,,,,,,SBJ-N2-HIDE-INTR.mp4,N2|HIDE,REVEAL|Aa|N3|HIDE|GO|N2,murak zsübe,murak|zsübe,girda|gyék|zilép|zsübe|kávler|murak,,,,,,,,,,,,,,,,,,,,,,,,,,,,,,,,,,,0,26,26,26,1,,,,,,,,,,
,,,,,,,,,,,,,2,,,268039,,2026-04-27_17h11.22.286,BrocantoHPilot1WOSession3,2025.2.4,Win32,120.1923077,,,,,,,,,,,,,,,Ab OBJ.N5 SBJ.N3 HIDE-TR,,,9884.78,2,Ab-OBJ-N5-SBJ-N3-HIDE-TR.mp4,Ab|N5|N3|HIDE,N3|JUMP|Ab|HIDE|N4|PUSH|N5|N1,zsot|timó|zilép|zsübe,zilép|bonip|zsot|zsübe|dabi|vánta|timó|pekli,0,8.251,22.233,zsot timó pekli zsübe,9915.94,,,,,,Ab-OBJ-N5-SBJ-N3-HIDE-TR.mp4,Ab|N5|N3|HIDE,N3|JUMP|Ab|HIDE|N4|PUSH|N5|N1,zsot timó zilép zsübe,zsot|timó|zilép|zsübe,zilép|bonip|zsot|zsübe|dabi|vánta|timó|pekli,,,,,,,,,,,,,,,,,,,,,,,,,,,,,,,,,,,0,27,27,27,1,,,,,,,,,,
,,,,,,,,,,,,,2,,,268039,,2026-04-27_17h11.22.286,BrocantoHPilot1WOSession3,2025.2.4,Win32,120.1923077,,,,,,,,,,,,,,,Ab SBJ.N3 JUMP-INTR,,,9916.567,2,Ab-SBJ-N3-JUMP-INTR.mp4,Ab|N3|JUMP,Ab|REVEAL|N1|N3|HIDE|JUMP|N2,zsot|zilép|bonip,zsot|girda|pekli|zilép|zsübe|bonip|murak,1,17.779,37.561,zsot zilép bonip,9966.844,,,,,,Ab-SBJ-N3-JUMP-INTR.mp4,Ab|N3|JUMP,Ab|REVEAL|N1|N3|HIDE|JUMP|N2,zsot zilép bonip,zsot|zilép|bonip,zsot|girda|pekli|zilép|zsübe|bonip|murak,,,,,,,,,,,,,,,,,,,,,,,,,,,,,,,,,,,0,28,28,28,1,,,,,,,,,,
,,,,,,,,,,,,,2,,,268039,,2026-04-27_17h11.22.286,BrocantoHPilot1WOSession3,2025.2.4,Win32,120.1923077,,,,,,,,,,,,,,,OBJ.N5 SBJ.N4 HIDE-TR Ab LOC.N2,,,9967.41,2,OBJ-N5-SBJ-N4-HIDE-TR-Ab-LOC-N2.mp4,N5|N4|HIDE|Ab|N2,N2|REVEAL|PUSH|HIDE|N5|Ab|N4|GO|N3,timó|dabi|zsübe|zsot|murak,murak|girda|vánta|zsübe|timó|zsot|dabi|kávler|zilép,1,15.467,58.875,timó dabi zsübe zsot murak,10034.722,,,,,,OBJ-N5-SBJ-N4-HIDE-TR-Ab-LOC-N2.mp4,N5|N4|HIDE|Ab|N2,N2|REVEAL|PUSH|HIDE|N5|Ab|N4|GO|N3,timó dabi zsübe zsot murak,timó|dabi|zsübe|zsot|murak,murak|girda|vánta|zsübe|timó|zsot|dabi|kávler|zilép,,,,,,,,,,,,,,,,,,,,,,,,,,,,,,,,,,,0,29,29,29,1,,,,,,,,,,
,,,,,,,,,,,,,2,,,268039,,2026-04-27_17h11.22.286,BrocantoHPilot1WOSession3,2025.2.4,Win32,120.1923077,,,,,,,,,,,,,,,OBJ.N5 SBJ.N3 PUSH-TR,,,10035.353,2,OBJ-N5-SBJ-N3-PUSH-TR.mp4,N5|N3|PUSH,HIDE|N3|N1|N2|N4|PUSH|N5,timó|zilép|vánta,zsübe|zilép|pekli|murak|dabi|vánta|timó,1,166.527,183.607,timó zilép vánta,10223.339,,,,,,OBJ-N5-SBJ-N3-PUSH-TR.mp4,N5|N3|PUSH,HIDE|N3|N1|N2|N4|PUSH|N5,timó zilép vánta,timó|zilép|vánta,zsübe|zilép|pekli|murak|dabi|vánta|timó,,,,,,,,,,,,,,,,,,,,,,,,,,,,,,,,,,,0,30,30,30,1,,,,,,,,,,
,,,,,,,,,,,,,2,,,268039,,2026-04-27_17h11.22.286,BrocantoHPilot1WOSession3,2025.2.4,Win32,120.1923077,,,,,,,,,,,,,,,OBJ.N5 Ab SBJ.N1 REVEAL-TR Ab LOC.N3,,,10223.868,2,OBJ-N5-Ab-SBJ-N1-REVEAL-TR-Ab-LOC-N3.mp4,N5|Ab|N1|REVEAL|Ab|N3,Ab|N2|N5|JUMP|N4|N3|GO|REVEAL|Ab|N1,timó|zsot|pekli|girda|zsot|zilép,zsot|murak|timó|bonip|dabi|zilép|kávler|girda|zsot|pekli,1,26.942,74.057,timó zsot pekli girda zsot zilép,10304.915,,,,,,OBJ-N5-Ab-SBJ-N1-REVEAL-TR-Ab-LOC-N3.mp4,N5|Ab|N1|REVEAL|Ab|N3,Ab|N2|N5|JUMP|N4|N3|GO|REVEAL|Ab|N1,timó zsot pekli girda zsot zilép,timó|zsot|pekli|girda|zsot|zilép,zsot|murak|timó|bonip|dabi|zilép|kávler|girda|zsot|pekli,,,,,,,,,,,,,,,,,,,,,,,,,,,,,,,,,,,0,31,31,31,1,,,,,,,,,,
,,,,,,,,,,,,,2,,,268039,,2026-04-27_17h11.22.286,BrocantoHPilot1WOSession3,2025.2.4,Win32,120.1923077,,,,,,,,,,,,,,,Ab SBJ.N2 GO-INTR,,,10305.47,2,Ab-SBJ-N2-GO-INTR.mp4,Ab|N2|GO,N2|Ab|Aa|N1|REVEAL|N3|GO,zsot|murak|kávler,murak|zsot|gyék|pekli|girda|zilép|kávler,1,322.758,339.723,zsot murak kávler,10655.195,,,,,,Ab-SBJ-N2-GO-INTR.mp4,Ab|N2|GO,N2|Ab|Aa|N1|REVEAL|N3|GO,zsot murak kávler,zsot|murak|kávler,murak|zsot|gyék|pekli|girda|zilép|kávler,,,,,,,,,,,,,,,,,,,,,,,,,,,,,,,,,,,0,32,32,32,1,,,,,,,,,,
,,,,,,,,,,,,,2,,,268039,,2026-04-27_17h11.22.286,BrocantoHPilot1WOSession3,2025.2.4,Win32,120.1923077,,,,,,,,,,,,,,,Ab SBJ.N5 GO-INTR,,,10655.759,2,Ab-SBJ-N5-GO-INTR.mp4,Ab|N5|GO,GO|N4|N5|Ab|REVEAL|JUMP|PUSH,zsot|timó|kávler,kávler|dabi|timó|zsot|girda|bonip|vánta,1,9.457,21.199,zsot timó kávler,10685.88,,,,,,Ab-SBJ-N5-GO-INTR.mp4,Ab|N5|GO,GO|N4|N5|Ab|REVEAL|JUMP|PUSH,zsot timó kávler,zsot|timó|kávler,kávler|dabi|timó|zsot|girda|bonip|vánta,,,,,,,,,,,,,,,,,,,,,,,,,,,,,,,,,,,0,33,33,33,1,,,,,,,,,,
,,,,,,,,,,,,,2,,,268039,,2026-04-27_17h11.22.286,BrocantoHPilot1WOSession3,2025.2.4,Win32,120.1923077,,,,,,,,,,,,,,,Aa SBJ.N4 HIDE-INTR Aa LOC.N5,,,10686.477,2,Aa-SBJ-N4-HIDE-INTR-Aa-LOC-N5.mp4,Aa|N4|HIDE|Aa|N5,N4|N3|N5|HIDE|JUMP|Aa|GO|Aa|N2,gyék|dabi|zsübe|gyék|timó,dabi|zilép|timó|zsübe|bonip|gyék|kávler|gyék|murak,0,9.364,103.301,gyék timó dabi zsübe gyék,10795.575,,,,,,Aa-SBJ-N4-HIDE-INTR-Aa-LOC-N5.mp4,Aa|N4|HIDE|Aa|N5,N4|N3|N5|HIDE|JUMP|Aa|GO|Aa|N2,gyék dabi zsübe gyék timó,gyék|dabi|zsübe|gyék|timó,dabi|zilép|timó|zsübe|bonip|gyék|kávler|gyék|murak,,,,,,,,,,,,,,,,,,,,,,,,,,,,,,,,,,,0,34,34,34,1,,,,,,,,,,
,,,,,,,,,,,,,2,,,268039,,2026-04-27_17h11.22.286,BrocantoHPilot1WOSession3,2025.2.4,Win32,120.1923077,,,,,,,,,,,,,,,SBJ.N1 JUMP-INTR LOC.N4,,,10796.192,2,SBJ-N1-JUMP-INTR-LOC-N4.mp4,N1|JUMP|N4,REVEAL|N4|N1|JUMP|HIDE|Aa|N5,pekli|bonip|dabi,girda|dabi|pekli|bonip|zsübe|gyék|timó,0,7.116,142.067,pekli dabi bonip,10943.917,,,,,,SBJ-N1-JUMP-INTR-LOC-N4.mp4,N1|JUMP|N4,REVEAL|N4|N1|JUMP|HIDE|Aa|N5,pekli bonip dabi,pekli|bonip|dabi,girda|dabi|pekli|bonip|zsübe|gyék|timó,,,,,,,,,,,,,,,,,,,,,,,,,,,,,,,,,,,0,35,35,35,1,,,,,,,,,,
,,,,,,,,,,,,,2,,,268039,,2026-04-27_17h11.22.286,BrocantoHPilot1WOSession3,2025.2.4,Win32,120.1923077,,,,,,,,,,,,,,,Aa SBJ.N1 HIDE-INTR Ab LOC.N5,,,10944.554,2,Aa-SBJ-N1-HIDE-INTR-Ab-LOC-N5.mp4,Aa|N1|HIDE|Ab|N5,N1|HIDE|N2|Ab|PUSH|REVEAL|N5|Aa|N4,gyék|pekli|zsübe|zsot|timó,pekli|zsübe|murak|zsot|vánta|girda|timó|gyék|dabi,1,10.829,45.279,gyék pekli zsübe zsot timó,11000.377,,,,,,Aa-SBJ-N1-HIDE-INTR-Ab-LOC-N5.mp4,Aa|N1|HIDE|Ab|N5,N1|HIDE|N2|Ab|PUSH|REVEAL|N5|Aa|N4,gyék pekli zsübe zsot timó,gyék|pekli|zsübe|zsot|timó,pekli|zsübe|murak|zsot|vánta|girda|timó|gyék|dabi,,,,,,,,,,,,,,,,,,,,,,,,,,,,,,,,,,,0,36,36,36,1,,,,,,,,,,
,,,,,,,,,,,,,2,,,268039,,2026-04-27_17h11.22.286,BrocantoHPilot1WOSession3,2025.2.4,Win32,120.1923077,,,,,,,,,,,,,,,Aa SBJ.N1 GO-INTR Aa LOC.N5,,,11001.126,2,Aa-SBJ-N1-GO-INTR-Aa-LOC-N5.mp4,Aa|N1|GO|Aa|N5,Aa|Aa|N5|HIDE|N4|GO|N3|N1|PUSH,gyék|pekli|kávler|gyék|timó,gyék|gyék|timó|zsübe|dabi|kávler|zilép|pekli|vánta,0,70.488,113.744,gyék pekli vánta gyék timó,11121.165,,,,,,Aa-SBJ-N1-GO-INTR-Aa-LOC-N5.mp4,Aa|N1|GO|Aa|N5,Aa|Aa|N5|HIDE|N4|GO|N3|N1|PUSH,gyék pekli kávler gyék timó,gyék|pekli|kávler|gyék|timó,gyék|gyék|timó|zsübe|dabi|kávler|zilép|pekli|vánta,,,,,,,,,,,,,,,,,,,,,,,,,,,,,,,,,,,0,37,37,37,1,,,,,,,,,,
,,,,,,,,,,,,,2,,,268039,,2026-04-27_17h11.22.286,BrocantoHPilot1WOSession3,2025.2.4,Win32,120.1923077,,,,,,,,,,,,,,,Aa SBJ.N3 JUMP-INTR Aa LOC.N2,,,11121.793,2,Aa-SBJ-N3-JUMP-INTR-Aa-LOC-N2.mp4,Aa|N3|JUMP|Aa|N2,GO|N5|Aa|PUSH|N2|JUMP|HIDE|N3|Aa,gyék|zilép|bonip|gyék|murak,kávler|timó|gyék|vánta|murak|bonip|zsübe|zilép|gyék,0,13.86,87.576,gyék zilép kávler gyék murak,11214.897,,,,,,Aa-SBJ-N3-JUMP-INTR-Aa-LOC-N2.mp4,Aa|N3|JUMP|Aa|N2,GO|N5|Aa|PUSH|N2|JUMP|HIDE|N3|Aa,gyék zilép bonip gyék murak,gyék|zilép|bonip|gyék|murak,kávler|timó|gyék|vánta|murak|bonip|zsübe|zilép|gyék,,,,,,,,,,,,,,,,,,,,,,,,,,,,,,,,,,,0,38,38,38,1,,,,,,,,,,
,,,,,,,,,,,,,2,,,268039,,2026-04-27_17h11.22.286,BrocantoHPilot1WOSession3,2025.2.4,Win32,120.1923077,,,,,,,,,,,,,,,OBJ.N5 Ab SBJ.N4 PUSH-TR,,,11215.682,2,OBJ-N5-Ab-SBJ-N4-PUSH-TR.mp4,N5|Ab|N4|PUSH,N2|Aa|N5|PUSH|N3|Ab|JUMP|N4,timó|zsot|dabi|vánta,murak|gyék|timó|vánta|zilép|zsot|bonip|dabi,1,6.652,35.227,timó zsot dabi vánta,11352.274,,,,,,OBJ-N5-Ab-SBJ-N4-PUSH-TR.mp4,N5|Ab|N4|PUSH,N2|Aa|N5|PUSH|N3|Ab|JUMP|N4,timó zsot dabi vánta,timó|zsot|dabi|vánta,murak|gyék|timó|vánta|zilép|zsot|bonip|dabi,,,,,,,,,,,,,,,,,,,,,,,,,,,,,,,,,,,0,39,39,39,1,,,,,,,,,,
,,,,,,,,,,,,,2,,,268039,,2026-04-27_17h11.22.286,BrocantoHPilot1WOSession3,2025.2.4,Win32,120.1923077,,,,,,,,,,,,,,,Ab OBJ.N5 Ab SBJ.N1 HIDE-TR Ab LOC.N2,,,11352.846,2,Ab-OBJ-N5-Ab-SBJ-N1-HIDE-TR-Ab-LOC-N2.mp4,Ab|N5|Ab|N1|HIDE|Ab|N2,N2|HIDE|JUMP|Ab|Aa|Ab|N4|Ab|N5|PUSH|N1,zsot|timó|zsot|pekli|zsübe|zsot|murak,murak|zsübe|bonip|zsot|gyék|zsot|dabi|zsot|timó|vánta|pekli,1,20.784,71.367,zsot timó zsot pekli zsübe zsot murak,11432.173,,,,,,Ab-OBJ-N5-Ab-SBJ-N1-HIDE-TR-Ab-LOC-N2.mp4,Ab|N5|Ab|N1|HIDE|Ab|N2,N2|HIDE|JUMP|Ab|Aa|Ab|N4|Ab|N5|PUSH|N1,zsot timó zsot pekli zsübe zsot murak,zsot|timó|zsot|pekli|zsübe|zsot|murak,murak|zsübe|bonip|zsot|gyék|zsot|dabi|zsot|timó|vánta|pekli,,,,,,,,,,,,,,,,,,,,,,,,,,,,,,,,,,,0,40,40,40,1,,,,,,,,,,
,,,,,,,,,,,,,2,,,268039,,2026-04-27_17h11.22.286,BrocantoHPilot1WOSession3,2025.2.4,Win32,120.1923077,,,,,,,,,,,,,,,Ab OBJ.N5 Ab SBJ.N1 PUSH-TR,,,11432.713,2,Ab-OBJ-N5-Ab-SBJ-N1-PUSH-TR.mp4,Ab|N5|Ab|N1|PUSH,N1|GO|Aa|Ab|N5|Ab|N3|PUSH|N2,zsot|timó|zsot|pekli|vánta,pekli|kávler|gyék|zsot|timó|zsot|zilép|vánta|murak,0,10.29,202.732,zsot timó kávler zsot pekli,11640.461,,,,,,Ab-OBJ-N5-Ab-SBJ-N1-PUSH-TR.mp4,Ab|N5|Ab|N1|PUSH,N1|GO|Aa|Ab|N5|Ab|N3|PUSH|N2,zsot timó zsot pekli vánta,zsot|timó|zsot|pekli|vánta,pekli|kávler|gyék|zsot|timó|zsot|zilép|vánta|murak,,,,,,,,,,,,,,,,,,,,,,,,,,,,,,,,,,,0,41,41,41,1,,,,,,,,,,
,,,,,,,,,,,,,2,,,268039,,2026-04-27_17h11.22.286,BrocantoHPilot1WOSession3,2025.2.4,Win32,120.1923077,,,,,,,,,,,,,,,,,,,,,,,,,,,,,,,,,,,,,,,,,11705.566,chunkTest_s2,0,2,JUMP-N1.mp3,3,2.698,6,1,4.564,9.135,11719.062,,,,,,JUMP-N1.mp3,3,,,,,,,,,,,,,,,,,,,,,0,0,0,11,1,,,,,
,,,,,,,,,,,,,2,,,268039,,2026-04-27_17h11.22.286,BrocantoHPilot1WOSession3,2025.2.4,Win32,120.1923077,,,,,,,,,,,,,,,,,,,,,,,,,,,,,,,,,,,,,,,,,11719.707,chunkTest_s2,1,2,HIDE-N2.mp3,14,1.129,1,1,2.671,7.643,11728.866,,,,,,HIDE-N2.mp3,14,,,,,,,,,,,,,,,,,,,,,0,1,1,5,1,,,,,
,,,,,,,,,,,,,2,,,268039,,2026-04-27_17h11.22.286,BrocantoHPilot1WOSession3,2025.2.4,Win32,120.1923077,,,,,,,,,,,,,,,,,,,,,,,,,,,,,,,,,,,,,,,,,11729.626,chunkTest_s2,2,2,HIDE-N3.mp3,10,1.763,1,1,3.371,5.503,11736.339,,,,,,HIDE-N3.mp3,10,,,,,,,,,,,,,,,,,,,,,0,2,2,17,1,,,,,
,,,,,,,,,,,,,2,,,268039,,2026-04-27_17h11.22.286,BrocantoHPilot1WOSession3,2025.2.4,Win32,120.1923077,,,,,,,,,,,,,,,,,,,,,,,,,,,,,,,,,,,,,,,,,11737,chunkTest_s2,3,2,Aa-GO.mp3,0,1.171,1,1,3.111,7.355,11745.682,,,,,,Aa-GO.mp3,0,,,,,,,,,,,,,,,,,,,,,0,3,3,3,1,,,,,
,,,,,,,,,,,,,2,,,268039,,2026-04-27_17h11.22.286,BrocantoHPilot1WOSession3,2025.2.4,Win32,120.1923077,,,,,,,,,,,,,,,,,,,,,,,,,,,,,,,,,,,,,,,,,11746.456,chunkTest_s2,4,2,N2-GO.mp3,13,4.791,6,1,7.471,8.821,11756.497,,,,,,N2-GO.mp3,13,,,,,,,,,,,,,,,,,,,,,0,4,4,2,1,,,,,
,,,,,,,,,,,,,2,,,268039,,2026-04-27_17h11.22.286,BrocantoHPilot1WOSession3,2025.2.4,Win32,120.1923077,,,,,,,,,,,,,,,,,,,,,,,,,,,,,,,,,,,,,,,,,11757.158,chunkTest_s2,5,2,N2-Aa.mp3,0,1.219,6,1,3.111,4.327,11762.731,,,,,,N2-Aa.mp3,0,,,,,,,,,,,,,,,,,,,,,0,5,5,13,1,,,,,
,,,,,,,,,,,,,2,,,268039,,2026-04-27_17h11.22.286,BrocantoHPilot1WOSession3,2025.2.4,Win32,120.1923077,,,,,,,,,,,,,,,,,,,,,,,,,,,,,,,,,,,,,,,,,11763.393,chunkTest_s2,6,2,HIDE-REVEAL.mp3,0,2.9,1,1,4.876,8.697,11773.031,,,,,,HIDE-REVEAL.mp3,0,,,,,,,,,,,,,,,,,,,,,0,6,6,8,1,,,,,
,,,,,,,,,,,,,2,,,268039,,2026-04-27_17h11.22.286,BrocantoHPilot1WOSession3,2025.2.4,Win32,120.1923077,,,,,,,,,,,,,,,,,,,,,,,,,,,,,,,,,,,,,,,,,11773.66,chunkTest_s2,7,2,Ab-GO.mp3,0,1.54,1,1,4.669,6.446,11781.389,,,,,,Ab-GO.mp3,0,,,,,,,,,,,,,,,,,,,,,0,7,7,18,1,,,,,
,,,,,,,,,,,,,2,,,268039,,2026-04-27_17h11.22.286,BrocantoHPilot1WOSession3,2025.2.4,Win32,120.1923077,,,,,,,,,,,,,,,,,,,,,,,,,,,,,,,,,,,,,,,,,11782.153,chunkTest_s2,8,2,N5-Aa.mp3,5,1.658,6,1,4.099,5.189,11788.815,,,,,,N5-Aa.mp3,5,,,,,,,,,,,,,,,,,,,,,0,8,8,19,1,,,,,
,,,,,,,,,,,,,2,,,268039,,2026-04-27_17h11.22.286,BrocantoHPilot1WOSession3,2025.2.4,Win32,120.1923077,,,,,,,,,,,,,,,,,,,,,,,,,,,,,,,,,,,,,,,,,11789.446,chunkTest_s2,9,2,REVEAL-N1.mp3,6,6.83,1,1,8.713,16.421,11806.864,,,,,,REVEAL-N1.mp3,6,,,,,,,,,,,,,,,,,,,,,0,9,9,14,1,,,,,
,,,,,,,,,,,,,2,,,268039,,2026-04-27_17h11.22.286,BrocantoHPilot1WOSession3,2025.2.4,Win32,120.1923077,,,,,,,,,,,,,,,,,,,,,,,,,,,,,,,,,,,,,,,,,11807.523,chunkTest_s2,10,2,N2-N1.mp3,0,9.842,6,2,4.653,14.869,11823.454,,,,,,N2-N1.mp3,0,,,,,,,,,,,,,,,,,,,,,0,10,10,4,1,,,,,
,,,,,,,,,,,,,2,,,268039,,2026-04-27_17h11.22.286,BrocantoHPilot1WOSession3,2025.2.4,Win32,120.1923077,,,,,,,,,,,,,,,,,,,,,,,,,,,,,,,,,,,,,,,,,11824.187,chunkTest_s2,11,2,GO-HIDE.mp3,0,14.657,1,1,16.467,17.913,11843.195,,,,,,GO-HIDE.mp3,0,,,,,,,,,,,,,,,,,,,,,0,11,11,12,1,,,,,
,,,,,,,,,,,,,2,,,268039,,2026-04-27_17h11.22.286,BrocantoHPilot1WOSession3,2025.2.4,Win32,120.1923077,,,,,,,,,,,,,,,,,,,,,,,,,,,,,,,,,,,,,,,,,11843.812,chunkTest_s2,12,2,N4-GO.mp3,7,97.706,6,1,99.877,101.235,11946.259,,,,,,N4-GO.mp3,7,,,,,,,,,,,,,,,,,,,,,0,12,12,9,1,,,,,
,,,,,,,,,,,,,2,,,268039,,2026-04-27_17h11.22.286,BrocantoHPilot1WOSession3,2025.2.4,Win32,120.1923077,,,,,,,,,,,,,,,,,,,,,,,,,,,,,,,,,,,,,,,,,11947.007,chunkTest_s2,13,2,GO-REVEAL.mp3,0,1.523,1,1,3.516,4.051,11952.142,,,,,,GO-REVEAL.mp3,0,,,,,,,,,,,,,,,,,,,,,0,13,13,15,1,,,,,
,,,,,,,,,,,,,2,,,268039,,2026-04-27_17h11.22.286,BrocantoHPilot1WOSession3,2025.2.4,Win32,120.1923077,,,,,,,,,,,,,,,,,,,,,,,,,,,,,,,,,,,,,,,,,11952.88,chunkTest_s2,14,2,N1-PUSH.mp3,22,1.384,6,1,3.538,4.191,11958.132,,,,,,N1-PUSH.mp3,22,,,,,,,,,,,,,,,,,,,,,0,14,14,7,1,,,,,
,,,,,,,,,,,,,2,,,268039,,2026-04-27_17h11.22.286,BrocantoHPilot1WOSession3,2025.2.4,Win32,120.1923077,,,,,,,,,,,,,,,,,,,,,,,,,,,,,,,,,,,,,,,,,11958.749,chunkTest_s2,15,2,N5-PUSH.mp3,2,1.425,6,1,3.493,4.015,11963.491,,,,,,N5-PUSH.mp3,2,,,,,,,,,,,,,,,,,,,,,0,15,15,10,1,,,,,
,,,,,,,,,,,,,2,,,268039,,2026-04-27_17h11.22.286,BrocantoHPilot1WOSession3,2025.2.4,Win32,120.1923077,,,,,,,,,,,,,,,,,,,,,,,,,,,,,,,,,,,,,,,,,11964.155,chunkTest_s2,16,2,HIDE-N5.mp3,5,0.967,1,1,2.687,5.228,11970.267,,,,,,HIDE-N5.mp3,5,,,,,,,,,,,,,,,,,,,,,0,16,16,16,1,,,,,
,,,,,,,,,,,,,2,,,268039,,2026-04-27_17h11.22.286,BrocantoHPilot1WOSession3,2025.2.4,Win32,120.1923077,,,,,,,,,,,,,,,,,,,,,,,,,,,,,,,,,,,,,,,,,11970.832,chunkTest_s2,17,2,N2-Ab.mp3,0,1.789,1,1,3.24,6.747,11981.615,,,,,,N2-Ab.mp3,0,,,,,,,,,,,,,,,,,,,,,0,17,17,1,1,,,,,
,,,,,,,,,,,,,2,,,268039,,2026-04-27_17h11.22.286,BrocantoHPilot1WOSession3,2025.2.4,Win32,120.1923077,,,,,,,,,,,,,,,,,,,,,,,,,,,,,,,,,,,,,,,,,11982.154,chunkTest_s2,18,2,REVEAL-Aa.mp3,0,2.35,1,1,4.158,6.842,11991.568,,,,,,REVEAL-Aa.mp3,0,,,,,,,,,,,,,,,,,,,,,0,18,18,0,1,,,,,
,,,,,,,,,,,,,2,,,268039,,2026-04-27_17h11.22.286,BrocantoHPilot1WOSession3,2025.2.4,Win32,120.1923077,,,,,,,,,,,,,,,,,,,,,,,,,,,,,,,,,,,,,,,,,11992.337,chunkTest_s2,19,2,N3-N4.mp3,0,8.417,6,1,11,11.929,12005.714,,,,,,N3-N4.mp3,0,,,,,,,,,,,,,,,,,,,,,0,19,19,6,1,,,,,
,,,,,,,,,,,,,2,,,268039,,2026-04-27_17h11.22.286,BrocantoHPilot1WOSession3,2025.2.4,Win32,120.1923077,,,,,,,,,,,,,,,,,,,,,,,,,,,,,,,,,,,,,,,,,12086.171,GJTest_s2,0,2,SBJ-N1-Ab-HIDE-INTR-Ab-LOC-N4-LOC-N2.mp3,,2.259,6,1,6.731,7.539,12098.313,,,,,,SBJ-N1-Ab-HIDE-INTR-Ab-LOC-N4-LOC-N2.mp3,,,,,,,,,,,,,,,,,,,,,,,,,,,0,0,0,16,1
,,,,,,,,,,,,,2,,,268039,,2026-04-27_17h11.22.286,BrocantoHPilot1WOSession3,2025.2.4,Win32,120.1923077,,,,,,,,,,,,,,,,,,,,,,,,,,,,,,,,,,,,,,,,,12099.072,GJTest_s2,1,2,OBJ-N5-SBJ-N2-PUSH-TR-LOC-N4-LOC-N1.mp3,,7.046,6,2,5.778,17.654,12117.862,,,,,,OBJ-N5-SBJ-N2-PUSH-TR-LOC-N4-LOC-N1.mp3,,,,,,,,,,,,,,,,,,,,,,,,,,,0,1,1,12,1
,,,,,,,,,,,,,2,,,268039,,2026-04-27_17h11.22.286,BrocantoHPilot1WOSession3,2025.2.4,Win32,120.1923077,,,,,,,,,,,,,,,,,,,,,,,,,,,,,,,,,,,,,,,,,12118.64,GJTest_s2,2,2,OBJ-N1-SBJ-N4-Ab-JUMP-INTR-LOC-N2.mp3,,2.043,6,1,5.368,7.056,12126.888,,,,,,OBJ-N1-SBJ-N4-Ab-JUMP-INTR-LOC-N2.mp3,,,,,,,,,,,,,,,,,,,,,,,,,,,0,2,2,18,1
,,,,,,,,,,,,,2,,,268039,,2026-04-27_17h11.22.286,BrocantoHPilot1WOSession3,2025.2.4,Win32,120.1923077,,,,,,,,,,,,,,,,,,,,,,,,,,,,,,,,,,,,,,,,,12127.421,GJTest_s2,3,2,HIDE-TR-LOC-N2.mp3,,2.381,1,1,5.464,8.446,12138.229,,,,,,HIDE-TR-LOC-N2.mp3,,,,,,,,,,,,,,,,,,,,,,,,,,,0,3,3,11,1
,,,,,,,,,,,,,2,,,268039,,2026-04-27_17h11.22.286,BrocantoHPilot1WOSession3,2025.2.4,Win32,120.1923077,,,,,,,,,,,,,,,,,,,,,,,,,,,,,,,,,,,,,,,,,12138.886,GJTest_s2,4,2,SBJ-N3-Ab-PUSH-TR-LOC-N1.mp3,,1.789,1,1,4.738,8.905,12148.669,,,,,,SBJ-N3-Ab-PUSH-TR-LOC-N1.mp3,,,,,,,,,,,,,,,,,,,,,,,,,,,0,4,4,17,1
,,,,,,,,,,,,,2,,,268039,,2026-04-27_17h11.22.286,BrocantoHPilot1WOSession3,2025.2.4,Win32,120.1923077,,,,,,,,,,,,,,,,,,,,,,,,,,,,,,,,,,,,,,,,,12149.191,GJTest_s2,5,2,SBJ-N3-GO-INTR-LOC-N2.mp3,2,5.003,6,1,7.684,11.566,12161.746,,,,,,SBJ-N3-GO-INTR-LOC-N2.mp3,2,,,,,,,,,,,,,,,,,,,,,,,,,,0,5,5,4,1
,,,,,,,,,,,,,2,,,268039,,2026-04-27_17h11.22.286,BrocantoHPilot1WOSession3,2025.2.4,Win32,120.1923077,,,,,,,,,,,,,,,,,,,,,,,,,,,,,,,,,,,,,,,,,12162.513,GJTest_s2,6,2,Ab-SBJ-N4-JUMP-INTR-LOC-N2.mp3,0,16.18,6,5,5.761,21.847,12186.085,,,,,,Ab-SBJ-N4-JUMP-INTR-LOC-N2.mp3,0,,,,,,,,,,,,,,,,,,,,,,,,,,0,6,6,8,1
,,,,,,,,,,,,,2,,,268039,,2026-04-27_17h11.22.286,BrocantoHPilot1WOSession3,2025.2.4,Win32,120.1923077,,,,,,,,,,,,,,,,,,,,,,,,,,,,,,,,,,,,,,,,,12186.727,GJTest_s2,7,2,OBJ-N5-SBJ-N1-HIDE-TR-LOC-N2.mp3,6,1.488,6,1,4.527,9.434,12197.797,,,,,,OBJ-N5-SBJ-N1-HIDE-TR-LOC-N2.mp3,6,,,,,,,,,,,,,,,,,,,,,,,,,,0,7,7,1,1
,,,,,,,,,,,,,2,,,268039,,2026-04-27_17h11.22.286,BrocantoHPilot1WOSession3,2025.2.4,Win32,120.1923077,,,,,,,,,,,,,,,,,,,,,,,,,,,,,,,,,,,,,,,,,12198.402,GJTest_s2,8,2,OBJ-N1-SBJ-N4-Aa-GO-INTR.mp3,,2.455,1,1,5.426,8.641,12208.268,,,,,,OBJ-N1-SBJ-N4-Aa-GO-INTR.mp3,,,,,,,,,,,,,,,,,,,,,,,,,,,0,8,8,19,1
,,,,,,,,,,,,,2,,,268039,,2026-04-27_17h11.22.286,BrocantoHPilot1WOSession3,2025.2.4,Win32,120.1923077,,,,,,,,,,,,,,,,,,,,,,,,,,,,,,,,,,,,,,,,,12208.899,GJTest_s2,9,2,Aa-OBJ-N3-Ab-SBJ-N5-PUSH-TR.mp3,0,13.016,6,2,5.814,20.316,12243.919,,,,,,Aa-OBJ-N3-Ab-SBJ-N5-PUSH-TR.mp3,0,,,,,,,,,,,,,,,,,,,,,,,,,,0,9,9,5,1
,,,,,,,,,,,,,2,,,268039,,2026-04-27_17h11.22.286,BrocantoHPilot1WOSession3,2025.2.4,Win32,120.1923077,,,,,,,,,,,,,,,,,,,,,,,,,,,,,,,,,,,,,,,,,12244.566,GJTest_s2,10,2,OBJ-N5-SBJ-N2-PUSH-TR-LOC-N4.mp3,5,5.156,6,2,4.306,11.495,12257.257,,,,,,OBJ-N5-SBJ-N2-PUSH-TR-LOC-N4.mp3,5,,,,,,,,,,,,,,,,,,,,,,,,,,0,10,10,2,1
,,,,,,,,,,,,,2,,,268039,,2026-04-27_17h11.22.286,BrocantoHPilot1WOSession3,2025.2.4,Win32,120.1923077,,,,,,,,,,,,,,,,,,,,,,,,,,,,,,,,,,,,,,,,,12257.886,GJTest_s2,11,2,SBJ-N5-Ab-PUSH-TR.mp3,,1.571,1,1,3.943,5.594,12264.6,,,,,,SBJ-N5-Ab-PUSH-TR.mp3,,,,,,,,,,,,,,,,,,,,,,,,,,,0,11,11,15,1
,,,,,,,,,,,,,2,,,268039,,2026-04-27_17h11.22.286,BrocantoHPilot1WOSession3,2025.2.4,Win32,120.1923077,,,,,,,,,,,,,,,,,,,,,,,,,,,,,,,,,,,,,,,,,12265.284,GJTest_s2,12,2,SBJ-N3-GO-INTR-LOC-N2-LOC-N1.mp3,,1.531,6,1,5.115,7.762,12274.4,,,,,,SBJ-N3-GO-INTR-LOC-N2-LOC-N1.mp3,,,,,,,,,,,,,,,,,,,,,,,,,,,0,12,12,14,1
,,,,,,,,,,,,,2,,,268039,,2026-04-27_17h11.22.286,BrocantoHPilot1WOSession3,2025.2.4,Win32,120.1923077,,,,,,,,,,,,,,,,,,,,,,,,,,,,,,,,,,,,,,,,,12275.007,GJTest_s2,13,2,OBJ-N1-Ab-SBJ-N3-JUMP-INTR.mp3,,6.973,6,2,5.143,11.258,12289.491,,,,,,OBJ-N1-Ab-SBJ-N3-JUMP-INTR.mp3,,,,,,,,,,,,,,,,,,,,,,,,,,,0,13,13,13,1
,,,,,,,,,,,,,2,,,268039,,2026-04-27_17h11.22.286,BrocantoHPilot1WOSession3,2025.2.4,Win32,120.1923077,,,,,,,,,,,,,,,,,,,,,,,,,,,,,,,,,,,,,,,,,12290.049,GJTest_s2,14,2,Aa-OBJ-N5-Ab-SBJ-N3-PUSH-TR-LOC-N1.mp3,0,7.587,6,2,5.513,14.003,12312.64,,,,,,Aa-OBJ-N5-Ab-SBJ-N3-PUSH-TR-LOC-N1.mp3,0,,,,,,,,,,,,,,,,,,,,,,,,,,0,14,14,7,1
,,,,,,,,,,,,,2,,,268039,,2026-04-27_17h11.22.286,BrocantoHPilot1WOSession3,2025.2.4,Win32,120.1923077,,,,,,,,,,,,,,,,,,,,,,,,,,,,,,,,,,,,,,,,,12313.172,GJTest_s2,15,2,Ab-SBJ-N1-HIDE-INTR-Ab-LOC-N4.mp3,0,1.786,6,1,4.948,6.225,12321.211,,,,,,Ab-SBJ-N1-HIDE-INTR-Ab-LOC-N4.mp3,0,,,,,,,,,,,,,,,,,,,,,,,,,,0,15,15,6,1
,,,,,,,,,,,,,2,,,268039,,2026-04-27_17h11.22.286,BrocantoHPilot1WOSession3,2025.2.4,Win32,120.1923077,,,,,,,,,,,,,,,,,,,,,,,,,,,,,,,,,,,,,,,,,12321.783,GJTest_s2,16,2,OBJ-N5-SBJ-N3-HIDE-TR-Ab.mp3,,1.598,1,1,5.22,7.949,12331.44,,,,,,OBJ-N5-SBJ-N3-HIDE-TR-Ab.mp3,,,,,,,,,,,,,,,,,,,,,,,,,,,0,16,16,10,1
,,,,,,,,,,,,,2,,,268039,,2026-04-27_17h11.22.286,BrocantoHPilot1WOSession3,2025.2.4,Win32,120.1923077,,,,,,,,,,,,,,,,,,,,,,,,,,,,,,,,,,,,,,,,,12332.109,GJTest_s2,17,2,Aa-SBJ-N4-GO-INTR.mp3,0,1.789,6,1,4.402,9.236,12342.498,,,,,,Aa-SBJ-N4-GO-INTR.mp3,0,,,,,,,,,,,,,,,,,,,,,,,,,,0,17,17,9,1
,,,,,,,,,,,,,2,,,268039,,2026-04-27_17h11.22.286,BrocantoHPilot1WOSession3,2025.2.4,Win32,120.1923077,,,,,,,,,,,,,,,,,,,,,,,,,,,,,,,,,,,,,,,,,12343.158,GJTest_s2,18,2,Ab-OBJ-N5-SBJ-N3-HIDE-TR.mp3,3,9.018,6,3,4.503,17.394,12361.423,,,,,,Ab-OBJ-N5-SBJ-N3-HIDE-TR.mp3,3,,,,,,,,,,,,,,,,,,,,,,,,,,0,18,18,0,1
,,,,,,,,,,,,,2,,,268039,,2026-04-27_17h11.22.286,BrocantoHPilot1WOSession3,2025.2.4,Win32,120.1923077,,,,,,,,,,,,,,,,,,,,,,,,,,,,,,,,,,,,,,,,,12361.924,GJTest_s2,19,2,Ab-SBJ-N3-JUMP-INTR.mp3,4,1.622,6,1,3.961,5.37,12368.282,,,,,,Ab-SBJ-N3-JUMP-INTR.mp3,4,,,,,,,,,,,,,,,,,,,,,,,,,,0,19,19,3,1
