passiveTrial.started,passive.sessionIndex,passive.movie,passive.sound,passiveTrial.stopped,passiveSelfPaceKey.keys,passiveSelfPaceKey.rt,passiveSelfPaceKey.duration,passiveTrials_s1.thisRepN,passiveTrials_s1.thisTrialN,passiveTrials_s1.thisN,passiveTrials_s1.thisIndex,passiveTrials_s1.ran,sessionIndex,passiveMovie,passiveSound,participant,születési dátum (ÉÉÉÉ.HH.NN),date,expName,psychopyVersion,OS,frameRate,comprehensionTrial.started,comprehension.sessionIndex,comprehension.correctPosition,comprehension.response,comprehension.rt,comprehension.correct,comprehension.t_sentenceAudioEnd,comprehension.t_lastChoiceClick,comprehensionTrial.stopped,comprehensionTrials_s1.thisRepN,comprehensionTrials_s1.thisTrialN,comprehensionTrials_s1.thisN,comprehensionTrials_s1.thisIndex,comprehensionTrials_s1.ran,sentence,video_correct,video_incorrect,productionTrial.started,production.sessionIndex,production.video,production.correct_words,production.all_words,production.correct_words_form,production.all_words_form,production.correct,production.t_firstVideoEnd,production.t_lastWordClick,production.response,productionTrial.stopped,productionTrials_s1.thisRepN,productionTrials_s1.thisTrialN,productionTrials_s1.thisN,productionTrials_s1.thisIndex,productionTrials_s1.ran,video,correct_words,all_words,sentence_form,correct_words_form,all_words_form,familiarityTrial.started,familiarity.testName,familiarity.thisN,familiarity.sessionIndex,familiarity.audio,familiarity.previous_encounters,familiarity.playAttemptTime,familiarity.rating,familiarity.playClickCount,familiarity.t_audioEnd,familiarity.t_lastLikertClick,familiarityTrial.stopped,chunkTest_s1.thisRepN,chunkTest_s1.thisTrialN,chunkTest_s1.thisN,chunkTest_s1.thisIndex,chunkTest_s1.ran,audio,previous_encounters,GJTest_s1.thisRepN,GJTest_s1.thisTrialN,GJTest_s1.thisN,GJTest_s1.thisIndex,GJTest_s1.ran,passiveTrials_s2.thisRepN,passiveTrials_s2.thisTrialN,passiveTrials_s2.thisN,passiveTrials_s2.thisIndex,passiveTrials_s2.ran,comprehensionTrials_s2.thisRepN,comprehensionTrials_s2.thisTrialN,comprehensionTrials_s2.thisN,comprehensionTrials_s2.thisIndex,comprehensionTrials_s2.ran,productionTrials_s2.thisRepN,productionTrials_s2.thisTrialN,productionTrials_s2.thisN,productionTrials_s2.thisIndex,productionTrials_s2.ran,chunkTest_s2.thisRepN,chunkTest_s2.thisTrialN,chunkTest_s2.thisN,chunkTest_s2.thisIndex,chunkTest_s2.ran,GJTest_s2.thisRepN,GJTest_s2.thisTrialN,GJTest_s2.thisN,GJTest_s2.thisIndex,GJTest_s2.ran
1.4512,1,OBJ-N5-SBJ-N1-PUSH-TR-Ab-LOC-N2.mp4,OBJ-N5-SBJ-N1-PUSH-TR-Ab-LOC-N2.mp3,30.3529,mouse_continue,28.9008,,0,0,0,0,1,1,OBJ-N5-SBJ-N1-PUSH-TR-Ab-LOC-N2.mp4,OBJ-N5-SBJ-N1-PUSH-TR-Ab-LOC-N2.mp3,590950,2006.09.19,2026-05-10_22h15.10.303,BrocantoHPilot1WOSession3,2025.2.4,Win32,60.24096386,,,,,,,,,,,,,,,,,,,,,,,,,,,,,,,,,,,,,,,,,,,,,,,,,,,,,,,,,,,,,,,,,,,,,,,,,,,,,,,,,,,,,,,,,
30.3563,1,Ab-SBJ-N4-REVEAL-INTR-LOC-N5.mp4,Ab-SBJ-N4-REVEAL-INTR-LOC-N5.mp3,54.1102,mouse_continue,23.7544,,0,1,1,1,1,1,Ab-SBJ-N4-REVEAL-INTR-LOC-N5.mp4,Ab-SBJ-N4-REVEAL-INTR-LOC-N5.mp3,590950,2006.09.19,2026-05-10_22h15.10.303,BrocantoHPilot1WOSession3,2025.2.4,Win32,60.24096386,,,,,,,,,,,,,,,,,,,,,,,,,,,,,,,,,,,,,,,,,,,,,,,,,,,,,,,,,,,,,,,,,,,,,,,,,,,,,,,,,,,,,,,,,
54.1127,1,OBJ-N5-SBJ-N2-HIDE-TR-Ab-LOC-N4.mp4,OBJ-N5-SBJ-N2-HIDE-TR-Ab-LOC-N4.mp3,60.3137,mouse_continue,6.2017,,0,2,2,2,1,1,OBJ-N5-SBJ-N2-HIDE-TR-Ab-LOC-N4.mp4,OBJ-N5-SBJ-N2-HIDE-TR-Ab-LOC-N4.mp3,590950,2006.09.19,2026-05-10_22h15.10.303,BrocantoHPilot1WOSession3,2025.2.4,Win32,60.24096386,,,,,,,,,,,,,,,,,,,,,,,,,,,,,,,,,,,,,,,,,,,,,,,,,,,,,,,,,,,,,,,,,,,,,,,,,,,,,,,,,,,,,,,,,
60.3143,1,Ab-SBJ-N4-REVEAL-INTR-Ab-LOC-N5.mp4,Ab-SBJ-N4-REVEAL-INTR-Ab-LOC-N5.mp3,65.3234,mouse_continue,5.0088,,0,3,3,3,1,1,Ab-SBJ-N4-REVEAL-INTR-Ab-LOC-N5.mp4,Ab-SBJ-N4-REVEAL-INTR-Ab-LOC-N5.mp3,590950,2006.09.19,2026-05-10_22h15.10.303,BrocantoHPilot1WOSession3,2025.2.4,Win32,60.24096386,,,,,,,,,,,,,,,,,,,,,,,,,,,,,,,,,,,,,,,,,,,,,,,,,,,,,,,,,,,,,,,,,,,,,,,,,,,,,,,,,,,,,,,,,
65.326,1,OBJ-N5-Ab-SBJ-N4-REVEAL-TR-Ab-LOC-N1.mp4,OBJ-N5-Ab-SBJ-N4-REVEAL-TR-Ab-LOC-N1.mp3,70.5547,mouse_continue,5.2291,,0,4,4,4,1,1,OBJ-N5-Ab-SBJ-N4-REVEAL-TR-Ab-LOC-N1.mp4,OBJ-N5-Ab-SBJ-N4-REVEAL-TR-Ab-LOC-N1.mp3,590950,2006.09.19,2026-05-10_22h15.10.303,BrocantoHPilot1WOSession3,2025.2.4,Win32,60.24096386,,,,,,,,,,,,,,,,,,,,,,,,,,,,,,,,,,,,,,,,,,,,,,,,,,,,,,,,,,,,,,,,,,,,,,,,,,,,,,,,,,,,,,,,,
70.5574,1,SBJ-N3-REVEAL-INTR-Ab-LOC-N2.mp4,SBJ-N3-REVEAL-INTR-Ab-LOC-N2.mp3,75.6256,mouse_continue,5.0691,,0,5,5,5,1,1,SBJ-N3-REVEAL-INTR-Ab-LOC-N2.mp4,SBJ-N3-REVEAL-INTR-Ab-LOC-N2.mp3,590950,2006.09.19,2026-05-10_22h15.10.303,BrocantoHPilot1WOSession3,2025.2.4,Win32,60.24096386,,,,,,,,,,,,,,,,,,,,,,,,,,,,,,,,,,,,,,,,,,,,,,,,,,,,,,,,,,,,,,,,,,,,,,,,,,,,,,,,,,,,,,,,,
75.6277,1,OBJ-N5-SBJ-N4-HIDE-TR-Ab-LOC-N2.mp4,OBJ-N5-SBJ-N4-HIDE-TR-Ab-LOC-N2.mp3,81.1072,mouse_continue,5.4801,,0,6,6,6,1,1,OBJ-N5-SBJ-N4-HIDE-TR-Ab-LOC-N2.mp4,OBJ-N5-SBJ-N4-HIDE-TR-Ab-LOC-N2.mp3,590950,2006.09.19,2026-05-10_22h15.10.303,BrocantoHPilot1WOSession3,2025.2.4,Win32,60.24096386,,,,,,,,,,,,,,,,,,,,,,,,,,,,,,,,,,,,,,,,,,,,,,,,,,,,,,,,,,,,,,,,,,,,,,,,,,,,,,,,,,,,,,,,,
81.1092,1,Ab-SBJ-N2-HIDE-INTR.mp4,Ab-SBJ-N2-HIDE-INTR.mp3,86.2383,mouse_continue,5.1297,,0,7,7,7,1,1,Ab-SBJ-N2-HIDE-INTR.mp4,Ab-SBJ-N2-HIDE-INTR.mp3,590950,2006.09.19,2026-05-10_22h15.10.303,BrocantoHPilot1WOSession3,2025.2.4,Win32,60.24096386,,,,,,,,,,,,,,,,,,,,,,,,,,,,,,,,,,,,,,,,,,,,,,,,,,,,,,,,,,,,,,,,,,,,,,,,,,,,,,,,,,,,,,,,,
86.2394,1,SBJ-N5-REVEAL-INTR-Ab-LOC-N4.mp4,SBJ-N5-REVEAL-INTR-Ab-LOC-N4.mp3,91.3362,mouse_continue,5.097,,0,8,8,8,1,1,SBJ-N5-REVEAL-INTR-Ab-LOC-N4.mp4,SBJ-N5-REVEAL-INTR-Ab-LOC-N4.mp3,590950,2006.09.19,2026-05-10_22h15.10.303,BrocantoHPilot1WOSession3,2025.2.4,Win32,60.24096386,,,,,,,,,,,,,,,,,,,,,,,,,,,,,,,,,,,,,,,,,,,,,,,,,,,,,,,,,,,,,,,,,,,,,,,,,,,,,,,,,,,,,,,,,
91.337,1,OBJ-N5-Ab-SBJ-N1-PUSH-TR.mp4,OBJ-N5-Ab-SBJ-N1-PUSH-TR.mp3,96.9616,mouse_continue,5.6247,,0,9,9,9,1,1,OBJ-N5-Ab-SBJ-N1-PUSH-TR.mp4,OBJ-N5-Ab-SBJ-N1-PUSH-TR.mp3,590950,2006.09.19,2026-05-10_22h15.10.303,BrocantoHPilot1WOSession3,2025.2.4,Win32,60.24096386,,,,,,,,,,,,,,,,,,,,,,,,,,,,,,,,,,,,,,,,,,,,,,,,,,,,,,,,,,,,,,,,,,,,,,,,,,,,,,,,,,,,,,,,,
96.9643,1,SBJ-N5-REVEAL-INTR-Ab-LOC-N3.mp4,SBJ-N5-REVEAL-INTR-Ab-LOC-N3.mp3,102.4166,mouse_continue,5.4532,,0,10,10,10,1,1,SBJ-N5-REVEAL-INTR-Ab-LOC-N3.mp4,SBJ-N5-REVEAL-INTR-Ab-LOC-N3.mp3,590950,2006.09.19,2026-05-10_22h15.10.303,BrocantoHPilot1WOSession3,2025.2.4,Win32,60.24096386,,,,,,,,,,,,,,,,,,,,,,,,,,,,,,,,,,,,,,,,,,,,,,,,,,,,,,,,,,,,,,,,,,,,,,,,,,,,,,,,,,,,,,,,,
102.4175,1,OBJ-N5-Ab-SBJ-N4-REVEAL-TR-LOC-N3.mp4,OBJ-N5-Ab-SBJ-N4-REVEAL-TR-LOC-N3.mp3,107.7579,mouse_continue,5.3406,,0,11,11,11,1,1,OBJ-N5-Ab-SBJ-N4-REVEAL-TR-LOC-N3.mp4,OBJ-N5-Ab-SBJ-N4-REVEAL-TR-LOC-N3.mp3,590950,2006.09.19,2026-05-10_22h15.10.303,BrocantoHPilot1WOSession3,2025.2.4,Win32,60.24096386,,,,,,,,,,,,,,,,,,,,,,,,,,,,,,,,,,,,,,,,,,,,,,,,,,,,,,,,,,,,,,,,,,,,,,,,,,,,,,,,,,,,,,,,,
107.7597,1,SBJ-N3-JUMP-INTR.mp4,SBJ-N3-JUMP-INTR.mp3,112.8729,mouse_continue,5.1139,,0,12,12,12,1,1,SBJ-N3-JUMP-INTR.mp4,SBJ-N3-JUMP-INTR.mp3,590950,2006.09.19,2026-05-10_22h15.10.303,BrocantoHPilot1WOSession3,2025.2.4,Win32,60.24096386,,,,,,,,,,,,,,,,,,,,,,,,,,,,,,,,,,,,,,,,,,,,,,,,,,,,,,,,,,,,,,,,,,,,,,,,,,,,,,,,,,,,,,,,,
112.8748,1,Ab-OBJ-N5-Ab-SBJ-N3-REVEAL-TR.mp4,Ab-OBJ-N5-Ab-SBJ-N3-REVEAL-TR.mp3,118.2577,mouse_continue,5.3834,,0,13,13,13,1,1,Ab-OBJ-N5-Ab-SBJ-N3-REVEAL-TR.mp4,Ab-OBJ-N5-Ab-SBJ-N3-REVEAL-TR.mp3,590950,2006.09.19,2026-05-10_22h15.10.303,BrocantoHPilot1WOSession3,2025.2.4,Win32,60.24096386,,,,,,,,,,,,,,,,,,,,,,,,,,,,,,,,,,,,,,,,,,,,,,,,,,,,,,,,,,,,,,,,,,,,,,,,,,,,,,,,,,,,,,,,,
118.2586,1,OBJ-N5-Ab-SBJ-N4-PUSH-TR-Ab-LOC-N2.mp4,OBJ-N5-Ab-SBJ-N4-PUSH-TR-Ab-LOC-N2.mp3,123.8091,mouse_continue,5.5506,,0,14,14,14,1,1,OBJ-N5-Ab-SBJ-N4-PUSH-TR-Ab-LOC-N2.mp4,OBJ-N5-Ab-SBJ-N4-PUSH-TR-Ab-LOC-N2.mp3,590950,2006.09.19,2026-05-10_22h15.10.303,BrocantoHPilot1WOSession3,2025.2.4,Win32,60.24096386,,,,,,,,,,,,,,,,,,,,,,,,,,,,,,,,,,,,,,,,,,,,,,,,,,,,,,,,,,,,,,,,,,,,,,,,,,,,,,,,,,,,,,,,,
123.8099,1,Ab-SBJ-N3-REVEAL-INTR-LOC-N4.mp4,Ab-SBJ-N3-REVEAL-INTR-LOC-N4.mp3,128.8508,mouse_continue,5.0411,,0,15,15,15,1,1,Ab-SBJ-N3-REVEAL-INTR-LOC-N4.mp4,Ab-SBJ-N3-REVEAL-INTR-LOC-N4.mp3,590950,2006.09.19,2026-05-10_22h15.10.303,BrocantoHPilot1WOSession3,2025.2.4,Win32,60.24096386,,,,,,,,,,,,,,,,,,,,,,,,,,,,,,,,,,,,,,,,,,,,,,,,,,,,,,,,,,,,,,,,,,,,,,,,,,,,,,,,,,,,,,,,,
128.8525,1,Ab-SBJ-N2-GO-INTR.mp4,Ab-SBJ-N2-GO-INTR.mp3,133.9066,mouse_continue,5.0544,,0,16,16,16,1,1,Ab-SBJ-N2-GO-INTR.mp4,Ab-SBJ-N2-GO-INTR.mp3,590950,2006.09.19,2026-05-10_22h15.10.303,BrocantoHPilot1WOSession3,2025.2.4,Win32,60.24096386,,,,,,,,,,,,,,,,,,,,,,,,,,,,,,,,,,,,,,,,,,,,,,,,,,,,,,,,,,,,,,,,,,,,,,,,,,,,,,,,,,,,,,,,,
133.9085,1,OBJ-N5-SBJ-N2-HIDE-TR.mp4,OBJ-N5-SBJ-N2-HIDE-TR.mp3,139.2709,mouse_continue,5.3628,,0,17,17,17,1,1,OBJ-N5-SBJ-N2-HIDE-TR.mp4,OBJ-N5-SBJ-N2-HIDE-TR.mp3,590950,2006.09.19,2026-05-10_22h15.10.303,BrocantoHPilot1WOSession3,2025.2.4,Win32,60.24096386,,,,,,,,,,,,,,,,,,,,,,,,,,,,,,,,,,,,,,,,,,,,,,,,,,,,,,,,,,,,,,,,,,,,,,,,,,,,,,,,,,,,,,,,,
139.2724,1,Ab-OBJ-N5-Ab-SBJ-N1-REVEAL-TR.mp4,Ab-OBJ-N5-Ab-SBJ-N1-REVEAL-TR.mp3,144.6195,mouse_continue,5.3475,,0,18,18,18,1,1,Ab-OBJ-N5-Ab-SBJ-N1-REVEAL-TR.mp4,Ab-OBJ-N5-Ab-SBJ-N1-REVEAL-TR.mp3,590950,2006.09.19,2026-05-10_22h15.10.303,BrocantoHPilot1WOSession3,2025.2.4,Win32,60.24096386,,,,,,,,,,,,,,,,,,,,,,,,,,,,,,,,,,,,,,,,,,,,,,,,,,,,,,,,,,,,,,,,,,,,,,,,,,,,,,,,,,,,,,,,,
144.6214,1,OBJ-N5-Ab-SBJ-N4-PUSH-TR-LOC-N3.mp4,OBJ-N5-Ab-SBJ-N4-PUSH-TR-LOC-N3.mp3,149.6276,mouse_continue,5.0065,,0,19,19,19,1,1,OBJ-N5-Ab-SBJ-N4-PUSH-TR-LOC-N3.mp4,OBJ-N5-Ab-SBJ-N4-PUSH-TR-LOC-N3.mp3,590950,2006.09.19,2026-05-10_22h15.10.303,BrocantoHPilot1WOSession3,2025.2.4,Win32,60.24096386,,,,,,,,,,,,,,,,,,,,,,,,,,,,,,,,,,,,,,,,,,,,,,,,,,,,,,,,,,,,,,,,,,,,,,,,,,,,,,,,,,,,,,,,,
149.6301,1,SBJ-N1-GO-INTR.mp4,SBJ-N1-GO-INTR.mp3,154.6462,mouse_continue,5.0168,,0,20,20,20,1,1,SBJ-N1-GO-INTR.mp4,SBJ-N1-GO-INTR.mp3,590950,2006.09.19,2026-05-10_22h15.10.303,BrocantoHPilot1WOSession3,2025.2.4,Win32,60.24096386,,,,,,,,,,,,,,,,,,,,,,,,,,,,,,,,,,,,,,,,,,,,,,,,,,,,,,,,,,,,,,,,,,,,,,,,,,,,,,,,,,,,,,,,,
154.6479,1,Ab-OBJ-N5-SBJ-N1-HIDE-TR.mp4,Ab-OBJ-N5-SBJ-N1-HIDE-TR.mp3,159.8412,mouse_continue,5.1935,,0,21,21,21,1,1,Ab-OBJ-N5-SBJ-N1-HIDE-TR.mp4,Ab-OBJ-N5-SBJ-N1-HIDE-TR.mp3,590950,2006.09.19,2026-05-10_22h15.10.303,BrocantoHPilot1WOSession3,2025.2.4,Win32,60.24096386,,,,,,,,,,,,,,,,,,,,,,,,,,,,,,,,,,,,,,,,,,,,,,,,,,,,,,,,,,,,,,,,,,,,,,,,,,,,,,,,,,,,,,,,,
159.8432,1,OBJ-N5-Ab-SBJ-N3-HIDE-TR-LOC-N4.mp4,OBJ-N5-Ab-SBJ-N3-HIDE-TR-LOC-N4.mp3,165.2057,mouse_continue,5.3629,,0,22,22,22,1,1,OBJ-N5-Ab-SBJ-N3-HIDE-TR-LOC-N4.mp4,OBJ-N5-Ab-SBJ-N3-HIDE-TR-LOC-N4.mp3,590950,2006.09.19,2026-05-10_22h15.10.303,BrocantoHPilot1WOSession3,2025.2.4,Win32,60.24096386,,,,,,,,,,,,,,,,,,,,,,,,,,,,,,,,,,,,,,,,,,,,,,,,,,,,,,,,,,,,,,,,,,,,,,,,,,,,,,,,,,,,,,,,,
165.2081,1,Ab-SBJ-N2-HIDE-INTR.mp4,Ab-SBJ-N2-HIDE-INTR.mp3,170.3271,mouse_continue,5.1196,,0,23,23,23,1,1,Ab-SBJ-N2-HIDE-INTR.mp4,Ab-SBJ-N2-HIDE-INTR.mp3,590950,2006.09.19,2026-05-10_22h15.10.303,BrocantoHPilot1WOSession3,2025.2.4,Win32,60.24096386,,,,,,,,,,,,,,,,,,,,,,,,,,,,,,,,,,,,,,,,,,,,,,,,,,,,,,,,,,,,,,,,,,,,,,,,,,,,,,,,,,,,,,,,,
170.3288,1,Ab-OBJ-N5-SBJ-N2-REVEAL-TR-Ab-LOC-N1.mp4,Ab-OBJ-N5-SBJ-N2-REVEAL-TR-Ab-LOC-N1.mp3,175.3355,mouse_continue,5.0071,,0,24,24,24,1,1,Ab-OBJ-N5-SBJ-N2-REVEAL-TR-Ab-LOC-N1.mp4,Ab-OBJ-N5-SBJ-N2-REVEAL-TR-Ab-LOC-N1.mp3,590950,2006.09.19,2026-05-10_22h15.10.303,BrocantoHPilot1WOSession3,2025.2.4,Win32,60.24096386,,,,,,,,,,,,,,,,,,,,,,,,,,,,,,,,,,,,,,,,,,,,,,,,,,,,,,,,,,,,,,,,,,,,,,,,,,,,,,,,,,,,,,,,,
175.3382,1,Ab-SBJ-N1-JUMP-INTR.mp4,Ab-SBJ-N1-JUMP-INTR.mp3,180.6173,mouse_continue,5.2799,,0,25,25,25,1,1,Ab-SBJ-N1-JUMP-INTR.mp4,Ab-SBJ-N1-JUMP-INTR.mp3,590950,2006.09.19,2026-05-10_22h15.10.303,BrocantoHPilot1WOSession3,2025.2.4,Win32,60.24096386,,,,,,,,,,,,,,,,,,,,,,,,,,,,,,,,,,,,,,,,,,,,,,,,,,,,,,,,,,,,,,,,,,,,,,,,,,,,,,,,,,,,,,,,,
180.6194,1,OBJ-N5-SBJ-N2-PUSH-TR.mp4,OBJ-N5-SBJ-N2-PUSH-TR.mp3,185.9886,mouse_continue,5.3696,,0,26,26,26,1,1,OBJ-N5-SBJ-N2-PUSH-TR.mp4,OBJ-N5-SBJ-N2-PUSH-TR.mp3,590950,2006.09.19,2026-05-10_22h15.10.303,BrocantoHPilot1WOSession3,2025.2.4,Win32,60.24096386,,,,,,,,,,,,,,,,,,,,,,,,,,,,,,,,,,,,,,,,,,,,,,,,,,,,,,,,,,,,,,,,,,,,,,,,,,,,,,,,,,,,,,,,,
185.9903,1,Ab-SBJ-N4-JUMP-INTR.mp4,Ab-SBJ-N4-JUMP-INTR.mp3,191.2642,mouse_continue,5.274,,0,27,27,27,1,1,Ab-SBJ-N4-JUMP-INTR.mp4,Ab-SBJ-N4-JUMP-INTR.mp3,590950,2006.09.19,2026-05-10_22h15.10.303,BrocantoHPilot1WOSession3,2025.2.4,Win32,60.24096386,,,,,,,,,,,,,,,,,,,,,,,,,,,,,,,,,,,,,,,,,,,,,,,,,,,,,,,,,,,,,,,,,,,,,,,,,,,,,,,,,,,,,,,,,
191.2663,1,Ab-OBJ-N5-Ab-SBJ-N2-REVEAL-TR.mp4,Ab-OBJ-N5-Ab-SBJ-N2-REVEAL-TR.mp3,196.9185,mouse_continue,5.6527,,0,28,28,28,1,1,Ab-OBJ-N5-Ab-SBJ-N2-REVEAL-TR.mp4,Ab-OBJ-N5-Ab-SBJ-N2-REVEAL-TR.mp3,590950,2006.09.19,2026-05-10_22h15.10.303,BrocantoHPilot1WOSession3,2025.2.4,Win32,60.24096386,,,,,,,,,,,,,,,,,,,,,,,,,,,,,,,,,,,,,,,,,,,,,,,,,,,,,,,,,,,,,,,,,,,,,,,,,,,,,,,,,,,,,,,,,
196.9204,1,OBJ-N5-SBJ-N2-PUSH-TR-LOC-N4.mp4,OBJ-N5-SBJ-N2-PUSH-TR-LOC-N4.mp3,202.3259,mouse_continue,5.406,,0,29,29,29,1,1,OBJ-N5-SBJ-N2-PUSH-TR-LOC-N4.mp4,OBJ-N5-SBJ-N2-PUSH-TR-LOC-N4.mp3,590950,2006.09.19,2026-05-10_22h15.10.303,BrocantoHPilot1WOSession3,2025.2.4,Win32,60.24096386,,,,,,,,,,,,,,,,,,,,,,,,,,,,,,,,,,,,,,,,,,,,,,,,,,,,,,,,,,,,,,,,,,,,,,,,,,,,,,,,,,,,,,,,,
202.3271,1,OBJ-N5-Ab-SBJ-N2-HIDE-TR-Ab-LOC-N3.mp4,OBJ-N5-Ab-SBJ-N2-HIDE-TR-Ab-LOC-N3.mp3,209.3407,mouse_continue,7.0138,,0,30,30,30,1,1,OBJ-N5-Ab-SBJ-N2-HIDE-TR-Ab-LOC-N3.mp4,OBJ-N5-Ab-SBJ-N2-HIDE-TR-Ab-LOC-N3.mp3,590950,2006.09.19,2026-05-10_22h15.10.303,BrocantoHPilot1WOSession3,2025.2.4,Win32,60.24096386,,,,,,,,,,,,,,,,,,,,,,,,,,,,,,,,,,,,,,,,,,,,,,,,,,,,,,,,,,,,,,,,,,,,,,,,,,,,,,,,,,,,,,,,,
209.3434,1,Ab-SBJ-N3-GO-INTR.mp4,Ab-SBJ-N3-GO-INTR.mp3,232.7499,mouse_continue,23.4069,,0,31,31,31,1,1,Ab-SBJ-N3-GO-INTR.mp4,Ab-SBJ-N3-GO-INTR.mp3,590950,2006.09.19,2026-05-10_22h15.10.303,BrocantoHPilot1WOSession3,2025.2.4,Win32,60.24096386,,,,,,,,,,,,,,,,,,,,,,,,,,,,,,,,,,,,,,,,,,,,,,,,,,,,,,,,,,,,,,,,,,,,,,,,,,,,,,,,,,,,,,,,,
232.7521,1,SBJ-N5-HIDE-INTR.mp4,SBJ-N5-HIDE-INTR.mp3,237.8873,mouse_continue,5.1357,,0,32,32,32,1,1,SBJ-N5-HIDE-INTR.mp4,SBJ-N5-HIDE-INTR.mp3,590950,2006.09.19,2026-05-10_22h15.10.303,BrocantoHPilot1WOSession3,2025.2.4,Win32,60.24096386,,,,,,,,,,,,,,,,,,,,,,,,,,,,,,,,,,,,,,,,,,,,,,,,,,,,,,,,,,,,,,,,,,,,,,,,,,,,,,,,,,,,,,,,,
237.8887,1,Ab-SBJ-N5-HIDE-INTR-LOC-N2.mp4,Ab-SBJ-N5-HIDE-INTR-LOC-N2.mp3,243.1516,mouse_continue,5.2632,,0,33,33,33,1,1,Ab-SBJ-N5-HIDE-INTR-LOC-N2.mp4,Ab-SBJ-N5-HIDE-INTR-LOC-N2.mp3,590950,2006.09.19,2026-05-10_22h15.10.303,BrocantoHPilot1WOSession3,2025.2.4,Win32,60.24096386,,,,,,,,,,,,,,,,,,,,,,,,,,,,,,,,,,,,,,,,,,,,,,,,,,,,,,,,,,,,,,,,,,,,,,,,,,,,,,,,,,,,,,,,,
243.1534,1,SBJ-N3-JUMP-INTR-Aa-LOC-N4.mp4,SBJ-N3-JUMP-INTR-Aa-LOC-N4.mp3,248.2779,mouse_continue,5.1246,,0,34,34,34,1,1,SBJ-N3-JUMP-INTR-Aa-LOC-N4.mp4,SBJ-N3-JUMP-INTR-Aa-LOC-N4.mp3,590950,2006.09.19,2026-05-10_22h15.10.303,BrocantoHPilot1WOSession3,2025.2.4,Win32,60.24096386,,,,,,,,,,,,,,,,,,,,,,,,,,,,,,,,,,,,,,,,,,,,,,,,,,,,,,,,,,,,,,,,,,,,,,,,,,,,,,,,,,,,,,,,,
248.28,1,Ab-SBJ-N5-GO-INTR-Aa-LOC-N3.mp4,Ab-SBJ-N5-GO-INTR-Aa-LOC-N3.mp3,253.5991,mouse_continue,5.3196,,0,35,35,35,1,1,Ab-SBJ-N5-GO-INTR-Aa-LOC-N3.mp4,Ab-SBJ-N5-GO-INTR-Aa-LOC-N3.mp3,590950,2006.09.19,2026-05-10_22h15.10.303,BrocantoHPilot1WOSession3,2025.2.4,Win32,60.24096386,,,,,,,,,,,,,,,,,,,,,,,,,,,,,,,,,,,,,,,,,,,,,,,,,,,,,,,,,,,,,,,,,,,,,,,,,,,,,,,,,,,,,,,,,
253.6009,1,Ab-SBJ-N4-HIDE-INTR-Aa-LOC-N3.mp4,Ab-SBJ-N4-HIDE-INTR-Aa-LOC-N3.mp3,258.7639,mouse_continue,5.1633,,0,36,36,36,1,1,Ab-SBJ-N4-HIDE-INTR-Aa-LOC-N3.mp4,Ab-SBJ-N4-HIDE-INTR-Aa-LOC-N3.mp3,590950,2006.09.19,2026-05-10_22h15.10.303,BrocantoHPilot1WOSession3,2025.2.4,Win32,60.24096386,,,,,,,,,,,,,,,,,,,,,,,,,,,,,,,,,,,,,,,,,,,,,,,,,,,,,,,,,,,,,,,,,,,,,,,,,,,,,,,,,,,,,,,,,
258.7655,1,Aa-SBJ-N1-GO-INTR-Aa-LOC-N4.mp4,Aa-SBJ-N1-GO-INTR-Aa-LOC-N4.mp3,264.2284,mouse_continue,5.4633,,0,37,37,37,1,1,Aa-SBJ-N1-GO-INTR-Aa-LOC-N4.mp4,Aa-SBJ-N1-GO-INTR-Aa-LOC-N4.mp3,590950,2006.09.19,2026-05-10_22h15.10.303,BrocantoHPilot1WOSession3,2025.2.4,Win32,60.24096386,,,,,,,,,,,,,,,,,,,,,,,,,,,,,,,,,,,,,,,,,,,,,,,,,,,,,,,,,,,,,,,,,,,,,,,,,,,,,,,,,,,,,,,,,
264.23,1,Ab-SBJ-N1-JUMP-INTR-LOC-N4.mp4,Ab-SBJ-N1-JUMP-INTR-LOC-N4.mp3,269.4538,mouse_continue,5.2241,,0,38,38,38,1,1,Ab-SBJ-N1-JUMP-INTR-LOC-N4.mp4,Ab-SBJ-N1-JUMP-INTR-LOC-N4.mp3,590950,2006.09.19,2026-05-10_22h15.10.303,BrocantoHPilot1WOSession3,2025.2.4,Win32,60.24096386,,,,,,,,,,,,,,,,,,,,,,,,,,,,,,,,,,,,,,,,,,,,,,,,,,,,,,,,,,,,,,,,,,,,,,,,,,,,,,,,,,,,,,,,,
269.4558,1,Ab-OBJ-N5-Ab-SBJ-N3-REVEAL-TR.mp4,Ab-OBJ-N5-Ab-SBJ-N3-REVEAL-TR.mp3,274.7748,mouse_continue,5.3196,,0,39,39,39,1,1,Ab-OBJ-N5-Ab-SBJ-N3-REVEAL-TR.mp4,Ab-OBJ-N5-Ab-SBJ-N3-REVEAL-TR.mp3,590950,2006.09.19,2026-05-10_22h15.10.303,BrocantoHPilot1WOSession3,2025.2.4,Win32,60.24096386,,,,,,,,,,,,,,,,,,,,,,,,,,,,,,,,,,,,,,,,,,,,,,,,,,,,,,,,,,,,,,,,,,,,,,,,,,,,,,,,,,,,,,,,,
274.7765,1,Ab-OBJ-N5-SBJ-N4-PUSH-TR-LOC-N2.mp4,Ab-OBJ-N5-SBJ-N4-PUSH-TR-LOC-N2.mp3,279.7839,mouse_continue,5.0076,,0,40,40,40,1,1,Ab-OBJ-N5-SBJ-N4-PUSH-TR-LOC-N2.mp4,Ab-OBJ-N5-SBJ-N4-PUSH-TR-LOC-N2.mp3,590950,2006.09.19,2026-05-10_22h15.10.303,BrocantoHPilot1WOSession3,2025.2.4,Win32,60.24096386,,,,,,,,,,,,,,,,,,,,,,,,,,,,,,,,,,,,,,,,,,,,,,,,,,,,,,,,,,,,,,,,,,,,,,,,,,,,,,,,,,,,,,,,,
279.7864,1,Ab-OBJ-N5-SBJ-N4-REVEAL-TR.mp4,Ab-OBJ-N5-SBJ-N4-REVEAL-TR.mp3,284.9047,mouse_continue,5.1193,,0,41,41,41,1,1,Ab-OBJ-N5-SBJ-N4-REVEAL-TR.mp4,Ab-OBJ-N5-SBJ-N4-REVEAL-TR.mp3,590950,2006.09.19,2026-05-10_22h15.10.303,BrocantoHPilot1WOSession3,2025.2.4,Win32,60.24096386,,,,,,,,,,,,,,,,,,,,,,,,,,,,,,,,,,,,,,,,,,,,,,,,,,,,,,,,,,,,,,,,,,,,,,,,,,,,,,,,,,,,,,,,,
,,,,,,,,,,,,,1,,,590950,2006.09.19,2026-05-10_22h15.10.303,BrocantoHPilot1WOSession3,2025.2.4,Win32,60.24096386,287.2549,1,1,1,35.4999,1,,35.4999,324.7683,0,0,0,0,1,Ab-SBJ-N3-REVEAL-INTR-Ab-LOC-N2.mp3,Ab-SBJ-N3-REVEAL-INTR-Ab-LOC-N2.mp4,Aa-SBJ-N3-HIDE-INTR-Ab-LOC-N2.mp4,,,,,,,,,,,,,,,,,,,,,,,,,,,,,,,,,,,,,,,,,,,,,,,,,,,,,,,,,,,,,,,,,,,,,,,,
,,,,,,,,,,,,,1,,,590950,2006.09.19,2026-05-10_22h15.10.303,BrocantoHPilot1WOSession3,2025.2.4,Win32,60.24096386,324.7689,1,1,1,22.7748,1,17.477,22.7748,349.6103,0,1,1,1,1,OBJ-N5-Ab-SBJ-N3-PUSH-TR-Ab-LOC-N2.mp3,OBJ-N5-Ab-SBJ-N3-PUSH-TR-Ab-LOC-N2.mp4,OBJ-N5-Ab-SBJ-N3-REVEAL-TR-Ab-LOC-N2.mp4,,,,,,,,,,,,,,,,,,,,,,,,,,,,,,,,,,,,,,,,,,,,,,,,,,,,,,,,,,,,,,,,,,,,,,,,
,,,,,,,,,,,,,1,,,590950,2006.09.19,2026-05-10_22h15.10.303,BrocantoHPilot1WOSession3,2025.2.4,Win32,60.24096386,349.6112,1,1,1,16.8927,1,15.7126,16.8927,368.8872,0,2,2,2,1,SBJ-N5-REVEAL-INTR-LOC-N4.mp3,SBJ-N5-REVEAL-INTR-LOC-N4.mp4,SBJ-N4-HIDE-INTR-LOC-N5.mp4,,,,,,,,,,,,,,,,,,,,,,,,,,,,,,,,,,,,,,,,,,,,,,,,,,,,,,,,,,,,,,,,,,,,,,,,
,,,,,,,,,,,,,1,,,590950,2006.09.19,2026-05-10_22h15.10.303,BrocantoHPilot1WOSession3,2025.2.4,Win32,60.24096386,368.8881,1,2,2,42.372,1,40.8345,42.372,413.3388,0,3,3,3,1,OBJ-N5-SBJ-N1-REVEAL-TR-Ab-LOC-N4.mp3,OBJ-N5-SBJ-N1-REVEAL-TR-Ab-LOC-N4.mp4,OBJ-N5-Aa-SBJ-N4-REVEAL-TR-LOC-N1.mp4,,,,,,,,,,,,,,,,,,,,,,,,,,,,,,,,,,,,,,,,,,,,,,,,,,,,,,,,,,,,,,,,,,,,,,,,
,,,,,,,,,,,,,1,,,590950,2006.09.19,2026-05-10_22h15.10.303,BrocantoHPilot1WOSession3,2025.2.4,Win32,60.24096386,413.3401,1,1,1,15.0929,1,,15.0929,430.333,0,4,4,4,1,Ab-SBJ-N4-REVEAL-INTR-LOC-N5.mp3,Ab-SBJ-N4-REVEAL-INTR-LOC-N5.mp4,Aa-SBJ-N4-REVEAL-INTR-LOC-N5.mp4,,,,,,,,,,,,,,,,,,,,,,,,,,,,,,,,,,,,,,,,,,,,,,,,,,,,,,,,,,,,,,,,,,,,,,,,
,,,,,,,,,,,,,1,,,590950,2006.09.19,2026-05-10_22h15.10.303,BrocantoHPilot1WOSession3,2025.2.4,Win32,60.24096386,430.334,1,2,1,27.9724,0,17.9924,27.9724,459.9898,0,5,5,5,1,Ab-OBJ-N5-Ab-SBJ-N2-HIDE-TR-LOC-N4.mp3,Ab-OBJ-N5-Ab-SBJ-N2-HIDE-TR-LOC-N4.mp4,Ab-OBJ-N2-Ab-SBJ-N5-HIDE-TR-LOC-N4.mp4,,,,,,,,,,,,,,,,,,,,,,,,,,,,,,,,,,,,,,,,,,,,,,,,,,,,,,,,,,,,,,,,,,,,,,,,
,,,,,,,,,,,,,1,,,590950,2006.09.19,2026-05-10_22h15.10.303,BrocantoHPilot1WOSession3,2025.2.4,Win32,60.24096386,459.9907,1,1,1,17.4925,1,17.4262,17.4925,479.333,0,6,6,6,1,OBJ-N5-SBJ-N1-REVEAL-TR-Ab-LOC-N2.mp3,OBJ-N5-SBJ-N1-REVEAL-TR-Ab-LOC-N2.mp4,OBJ-N5-SBJ-N1-HIDE-TR-Aa-LOC-N2.mp4,,,,,,,,,,,,,,,,,,,,,,,,,,,,,,,,,,,,,,,,,,,,,,,,,,,,,,,,,,,,,,,,,,,,,,,,
,,,,,,,,,,,,,1,,,590950,2006.09.19,2026-05-10_22h15.10.303,BrocantoHPilot1WOSession3,2025.2.4,Win32,60.24096386,479.3339,1,2,1,16.1596,0,16.0016,16.1596,497.1771,0,7,7,7,1,Ab-OBJ-N5-Ab-SBJ-N4-PUSH-TR.mp3,Ab-OBJ-N5-Ab-SBJ-N4-PUSH-TR.mp4,Ab-OBJ-N5-Ab-SBJ-N4-REVEAL-TR.mp4,,,,,,,,,,,,,,,,,,,,,,,,,,,,,,,,,,,,,,,,,,,,,,,,,,,,,,,,,,,,,,,,,,,,,,,,
,,,,,,,,,,,,,1,,,590950,2006.09.19,2026-05-10_22h15.10.303,BrocantoHPilot1WOSession3,2025.2.4,Win32,60.24096386,497.178,1,1,1,15.9761,1,17.1098,15.9761,515.4537,0,8,8,8,1,Ab-SBJ-N3-REVEAL-INTR-LOC-N5.mp3,Ab-SBJ-N3-REVEAL-INTR-LOC-N5.mp4,SBJ-N5-REVEAL-INTR-Aa-LOC-N3.mp4,,,,,,,,,,,,,,,,,,,,,,,,,,,,,,,,,,,,,,,,,,,,,,,,,,,,,,,,,,,,,,,,,,,,,,,,
,,,,,,,,,,,,,1,,,590950,2006.09.19,2026-05-10_22h15.10.303,BrocantoHPilot1WOSession3,2025.2.4,Win32,60.24096386,515.4544,1,1,1,14.7774,1,13.4781,14.7774,532.183,0,9,9,9,1,SBJ-N3-JUMP-INTR.mp3,SBJ-N3-JUMP-INTR.mp4,SBJ-N3-GO-INTR.mp4,,,,,,,,,,,,,,,,,,,,,,,,,,,,,,,,,,,,,,,,,,,,,,,,,,,,,,,,,,,,,,,,,,,,,,,,
,,,,,,,,,,,,,1,,,590950,2006.09.19,2026-05-10_22h15.10.303,BrocantoHPilot1WOSession3,2025.2.4,Win32,60.24096386,532.184,1,2,2,21.2369,1,15.2591,21.2369,555.8402,0,10,10,10,1,Ab-SBJ-N5-HIDE-INTR.mp3,Ab-SBJ-N5-HIDE-INTR.mp4,Aa-SBJ-N5-HIDE-INTR.mp4,,,,,,,,,,,,,,,,,,,,,,,,,,,,,,,,,,,,,,,,,,,,,,,,,,,,,,,,,,,,,,,,,,,,,,,,
,,,,,,,,,,,,,1,,,590950,2006.09.19,2026-05-10_22h15.10.303,BrocantoHPilot1WOSession3,2025.2.4,Win32,60.24096386,555.841,1,2,2,14.9937,1,,14.9937,572.5516,0,11,11,11,1,SBJ-N2-REVEAL-INTR-Ab-LOC-N3.mp3,SBJ-N2-REVEAL-INTR-Ab-LOC-N3.mp4,Ab-SBJ-N3-GO-INTR-LOC-N2.mp4,,,,,,,,,,,,,,,,,,,,,,,,,,,,,,,,,,,,,,,,,,,,,,,,,,,,,,,,,,,,,,,,,,,,,,,,
,,,,,,,,,,,,,1,,,590950,2006.09.19,2026-05-10_22h15.10.303,BrocantoHPilot1WOSession3,2025.2.4,Win32,60.24096386,572.5526,1,2,2,18.0888,1,17.8603,18.0888,594.7273,0,12,12,12,1,Ab-OBJ-N5-Ab-SBJ-N3-HIDE-TR-LOC-N4.mp3,Ab-OBJ-N5-Ab-SBJ-N3-HIDE-TR-LOC-N4.mp4,Ab-OBJ-N5-SBJ-N4-HIDE-TR-Ab-LOC-N3.mp4,,,,,,,,,,,,,,,,,,,,,,,,,,,,,,,,,,,,,,,,,,,,,,,,,,,,,,,,,,,,,,,,,,,,,,,,
,,,,,,,,,,,,,1,,,590950,2006.09.19,2026-05-10_22h15.10.303,BrocantoHPilot1WOSession3,2025.2.4,Win32,60.24096386,594.7282,1,2,2,16.5096,1,16.2932,16.5096,613.154,0,13,13,13,1,Ab-OBJ-N5-Ab-SBJ-N2-HIDE-TR.mp3,Ab-OBJ-N5-Ab-SBJ-N2-HIDE-TR.mp4,Aa-OBJ-N5-Ab-SBJ-N2-REVEAL-TR.mp4,,,,,,,,,,,,,,,,,,,,,,,,,,,,,,,,,,,,,,,,,,,,,,,,,,,,,,,,,,,,,,,,,,,,,,,,
,,,,,,,,,,,,,1,,,590950,2006.09.19,2026-05-10_22h15.10.303,BrocantoHPilot1WOSession3,2025.2.4,Win32,60.24096386,613.1548,1,2,2,14.2774,1,13.8446,14.2774,629.199,0,14,14,14,1,Ab-SBJ-N2-GO-INTR.mp3,Ab-SBJ-N2-GO-INTR.mp4,Aa-SBJ-N2-GO-INTR.mp4,,,,,,,,,,,,,,,,,,,,,,,,,,,,,,,,,,,,,,,,,,,,,,,,,,,,,,,,,,,,,,,,,,,,,,,,
,,,,,,,,,,,,,1,,,590950,2006.09.19,2026-05-10_22h15.10.303,BrocantoHPilot1WOSession3,2025.2.4,Win32,60.24096386,629.2003,1,2,2,13.8055,1,,13.8055,644.9602,0,15,15,15,1,SBJ-N5-REVEAL-INTR-Ab-LOC-N4.mp3,SBJ-N5-REVEAL-INTR-Ab-LOC-N4.mp4,Aa-SBJ-N4-REVEAL-INTR-LOC-N5.mp4,,,,,,,,,,,,,,,,,,,,,,,,,,,,,,,,,,,,,,,,,,,,,,,,,,,,,,,,,,,,,,,,,,,,,,,,
,,,,,,,,,,,,,1,,,590950,2006.09.19,2026-05-10_22h15.10.303,BrocantoHPilot1WOSession3,2025.2.4,Win32,60.24096386,644.9606,1,1,1,13.7776,1,13.8609,13.7776,660.3551,0,16,16,16,1,OBJ-N5-SBJ-N2-PUSH-TR.mp3,OBJ-N5-SBJ-N2-PUSH-TR.mp4,OBJ-N2-SBJ-N5-HIDE-TR.mp4,,,,,,,,,,,,,,,,,,,,,,,,,,,,,,,,,,,,,,,,,,,,,,,,,,,,,,,,,,,,,,,,,,,,,,,,
,,,,,,,,,,,,,1,,,590950,2006.09.19,2026-05-10_22h15.10.303,BrocantoHPilot1WOSession3,2025.2.4,Win32,60.24096386,660.356,1,1,2,16.801,0,17.1763,16.801,678.9323,0,17,17,17,1,Ab-OBJ-N5-SBJ-N1-REVEAL-TR-Ab-LOC-N2.mp3,Ab-OBJ-N5-SBJ-N1-REVEAL-TR-Ab-LOC-N2.mp4,Ab-OBJ-N5-Ab-SBJ-N2-REVEAL-TR-LOC-N1.mp4,,,,,,,,,,,,,,,,,,,,,,,,,,,,,,,,,,,,,,,,,,,,,,,,,,,,,,,,,,,,,,,,,,,,,,,,
,,,,,,,,,,,,,1,,,590950,2006.09.19,2026-05-10_22h15.10.303,BrocantoHPilot1WOSession3,2025.2.4,Win32,60.24096386,678.9332,1,1,1,15.0264,1,14.7935,15.0264,695.5767,0,18,18,18,1,SBJ-N1-HIDE-INTR.mp3,SBJ-N1-HIDE-INTR.mp4,SBJ-N1-GO-INTR.mp4,,,,,,,,,,,,,,,,,,,,,,,,,,,,,,,,,,,,,,,,,,,,,,,,,,,,,,,,,,,,,,,,,,,,,,,,
,,,,,,,,,,,,,1,,,590950,2006.09.19,2026-05-10_22h15.10.303,BrocantoHPilot1WOSession3,2025.2.4,Win32,60.24096386,695.5776,1,2,2,16.2095,1,16.1847,16.2095,713.5705,0,19,19,19,1,Ab-OBJ-N5-Ab-SBJ-N1-HIDE-TR.mp3,Ab-OBJ-N5-Ab-SBJ-N1-HIDE-TR.mp4,Ab-OBJ-N5-Aa-SBJ-N1-PUSH-TR.mp4,,,,,,,,,,,,,,,,,,,,,,,,,,,,,,,,,,,,,,,,,,,,,,,,,,,,,,,,,,,,,,,,,,,,,,,,
,,,,,,,,,,,,,1,,,590950,2006.09.19,2026-05-10_22h15.10.303,BrocantoHPilot1WOSession3,2025.2.4,Win32,60.24096386,713.5713,1,2,2,23.8903,1,17.0098,23.8903,739.0953,0,20,20,20,1,OBJ-N5-Ab-SBJ-N1-REVEAL-TR-Ab-LOC-N2.mp3,OBJ-N5-Ab-SBJ-N1-REVEAL-TR-Ab-LOC-N2.mp4,Ab-OBJ-N1-SBJ-N5-REVEAL-TR-Aa-LOC-N2.mp4,,,,,,,,,,,,,,,,,,,,,,,,,,,,,,,,,,,,,,,,,,,,,,,,,,,,,,,,,,,,,,,,,,,,,,,,
,,,,,,,,,,,,,1,,,590950,2006.09.19,2026-05-10_22h15.10.303,BrocantoHPilot1WOSession3,2025.2.4,Win32,60.24096386,739.0963,1,1,2,18.7485,0,,18.7485,759.8381,0,21,21,21,1,Ab-OBJ-N5-Ab-SBJ-N4-PUSH-TR.mp3,Ab-OBJ-N5-Ab-SBJ-N4-PUSH-TR.mp4,Aa-OBJ-N5-Ab-SBJ-N4-PUSH-TR.mp4,,,,,,,,,,,,,,,,,,,,,,,,,,,,,,,,,,,,,,,,,,,,,,,,,,,,,,,,,,,,,,,,,,,,,,,,
,,,,,,,,,,,,,1,,,590950,2006.09.19,2026-05-10_22h15.10.303,BrocantoHPilot1WOSession3,2025.2.4,Win32,60.24096386,759.8391,1,1,1,15.56,1,15.8204,15.56,777.1652,0,22,22,22,1,OBJ-N5-Ab-SBJ-N3-REVEAL-TR-Ab-LOC-N1.mp3,OBJ-N5-Ab-SBJ-N3-REVEAL-TR-Ab-LOC-N1.mp4,Ab-OBJ-N1-Ab-SBJ-N3-PUSH-TR-LOC-N5.mp4,,,,,,,,,,,,,,,,,,,,,,,,,,,,,,,,,,,,,,,,,,,,,,,,,,,,,,,,,,,,,,,,,,,,,,,,
,,,,,,,,,,,,,1,,,590950,2006.09.19,2026-05-10_22h15.10.303,BrocantoHPilot1WOSession3,2025.2.4,Win32,60.24096386,777.1662,1,1,1,15.0153,1,15.1936,15.0153,794.2765,0,23,23,23,1,Ab-SBJ-N3-JUMP-INTR.mp3,Ab-SBJ-N3-JUMP-INTR.mp4,Aa-SBJ-N3-REVEAL-INTR.mp4,,,,,,,,,,,,,,,,,,,,,,,,,,,,,,,,,,,,,,,,,,,,,,,,,,,,,,,,,,,,,,,,,,,,,,,,
,,,,,,,,,,,,,1,,,590950,2006.09.19,2026-05-10_22h15.10.303,BrocantoHPilot1WOSession3,2025.2.4,Win32,60.24096386,794.2774,1,1,2,15.1268,0,14.1846,15.1268,811.7703,0,24,24,24,1,OBJ-N5-SBJ-N4-PUSH-TR-LOC-N2.mp3,OBJ-N5-SBJ-N4-PUSH-TR-LOC-N2.mp4,OBJ-N5-SBJ-N2-PUSH-TR-LOC-N4.mp4,,,,,,,,,,,,,,,,,,,,,,,,,,,,,,,,,,,,,,,,,,,,,,,,,,,,,,,,,,,,,,,,,,,,,,,,
,,,,,,,,,,,,,1,,,590950,2006.09.19,2026-05-10_22h15.10.303,BrocantoHPilot1WOSession3,2025.2.4,Win32,60.24096386,811.7711,1,2,2,15.9107,1,16.1007,15.9107,829.8976,0,25,25,25,1,Ab-OBJ-N5-SBJ-N3-HIDE-TR.mp3,Ab-OBJ-N5-SBJ-N3-HIDE-TR.mp4,Ab-OBJ-N5-SBJ-N3-REVEAL-TR.mp4,,,,,,,,,,,,,,,,,,,,,,,,,,,,,,,,,,,,,,,,,,,,,,,,,,,,,,,,,,,,,,,,,,,,,,,,
,,,,,,,,,,,,,1,,,590950,2006.09.19,2026-05-10_22h15.10.303,BrocantoHPilot1WOSession3,2025.2.4,Win32,60.24096386,829.8982,1,1,1,14.4967,1,14.3779,14.4967,846.3255,0,26,26,26,1,SBJ-N1-GO-INTR.mp3,SBJ-N1-GO-INTR.mp4,SBJ-N1-REVEAL-INTR.mp4,,,,,,,,,,,,,,,,,,,,,,,,,,,,,,,,,,,,,,,,,,,,,,,,,,,,,,,,,,,,,,,,,,,,,,,,
,,,,,,,,,,,,,1,,,590950,2006.09.19,2026-05-10_22h15.10.303,BrocantoHPilot1WOSession3,2025.2.4,Win32,60.24096386,846.3267,1,2,2,13.5434,1,13.9238,13.5434,861.52,0,27,27,27,1,SBJ-N5-HIDE-INTR.mp3,SBJ-N5-HIDE-INTR.mp4,SBJ-N5-GO-INTR.mp4,,,,,,,,,,,,,,,,,,,,,,,,,,,,,,,,,,,,,,,,,,,,,,,,,,,,,,,,,,,,,,,,,,,,,,,,
,,,,,,,,,,,,,1,,,590950,2006.09.19,2026-05-10_22h15.10.303,BrocantoHPilot1WOSession3,2025.2.4,Win32,60.24096386,861.521,1,1,1,12.8117,1,,12.8117,876.171,0,28,28,28,1,Ab-OBJ-N5-SBJ-N4-REVEAL-TR.mp3,Ab-OBJ-N5-SBJ-N4-REVEAL-TR.mp4,OBJ-N4-Aa-SBJ-N5-REVEAL-TR.mp4,,,,,,,,,,,,,,,,,,,,,,,,,,,,,,,,,,,,,,,,,,,,,,,,,,,,,,,,,,,,,,,,,,,,,,,,
,,,,,,,,,,,,,1,,,590950,2006.09.19,2026-05-10_22h15.10.303,BrocantoHPilot1WOSession3,2025.2.4,Win32,60.24096386,876.1718,1,2,2,20.6357,1,14.7046,20.6357,898.6242,0,29,29,29,1,Ab-OBJ-N5-Ab-SBJ-N3-PUSH-TR-LOC-N2.mp3,Ab-OBJ-N5-Ab-SBJ-N3-PUSH-TR-LOC-N2.mp4,Ab-OBJ-N5-Aa-SBJ-N3-PUSH-TR-LOC-N2.mp4,,,,,,,,,,,,,,,,,,,,,,,,,,,,,,,,,,,,,,,,,,,,,,,,,,,,,,,,,,,,,,,,,,,,,,,,
,,,,,,,,,,,,,1,,,590950,2006.09.19,2026-05-10_22h15.10.303,BrocantoHPilot1WOSession3,2025.2.4,Win32,60.24096386,898.6252,1,2,2,14.5603,1,14.4786,14.5603,915.1352,0,30,30,30,1,Ab-OBJ-N5-SBJ-N2-HIDE-TR.mp3,Ab-OBJ-N5-SBJ-N2-HIDE-TR.mp4,OBJ-N2-Ab-SBJ-N5-PUSH-TR.mp4,,,,,,,,,,,,,,,,,,,,,,,,,,,,,,,,,,,,,,,,,,,,,,,,,,,,,,,,,,,,,,,,,,,,,,,,
,,,,,,,,,,,,,1,,,590950,2006.09.19,2026-05-10_22h15.10.303,BrocantoHPilot1WOSession3,2025.2.4,Win32,60.24096386,915.1362,1,1,1,13.3778,1,12.7329,13.3778,930.3301,0,31,31,31,1,SBJ-N3-JUMP-INTR.mp3,SBJ-N3-JUMP-INTR.mp4,SBJ-N3-GO-INTR.mp4,,,,,,,,,,,,,,,,,,,,,,,,,,,,,,,,,,,,,,,,,,,,,,,,,,,,,,,,,,,,,,,,,,,,,,,,
,,,,,,,,,,,,,1,,,590950,2006.09.19,2026-05-10_22h15.10.303,BrocantoHPilot1WOSession3,2025.2.4,Win32,60.24096386,930.3307,1,1,1,12.5069,1,12.6025,12.5069,944.4981,0,32,32,32,1,SBJ-N1-GO-INTR.mp3,SBJ-N1-GO-INTR.mp4,SBJ-N1-JUMP-INTR.mp4,,,,,,,,,,,,,,,,,,,,,,,,,,,,,,,,,,,,,,,,,,,,,,,,,,,,,,,,,,,,,,,,,,,,,,,,
,,,,,,,,,,,,,1,,,590950,2006.09.19,2026-05-10_22h15.10.303,BrocantoHPilot1WOSession3,2025.2.4,Win32,60.24096386,944.4991,1,2,2,14.6542,1,,14.6542,960.9371,0,33,33,33,1,Aa-SBJ-N5-GO-INTR-LOC-N4.mp3,Aa-SBJ-N5-GO-INTR-LOC-N4.mp4,SBJ-N4-GO-INTR-Aa-LOC-N5.mp4,,,,,,,,,,,,,,,,,,,,,,,,,,,,,,,,,,,,,,,,,,,,,,,,,,,,,,,,,,,,,,,,,,,,,,,,
,,,,,,,,,,,,,1,,,590950,2006.09.19,2026-05-10_22h15.10.303,BrocantoHPilot1WOSession3,2025.2.4,Win32,60.24096386,960.9378,1,2,2,13.2307,1,,13.2307,975.6982,0,34,34,34,1,SBJ-N3-JUMP-INTR-Aa-LOC-N1.mp3,SBJ-N3-JUMP-INTR-Aa-LOC-N1.mp4,SBJ-N3-HIDE-INTR-Ab-LOC-N1.mp4,,,,,,,,,,,,,,,,,,,,,,,,,,,,,,,,,,,,,,,,,,,,,,,,,,,,,,,,,,,,,,,,,,,,,,,,
,,,,,,,,,,,,,1,,,590950,2006.09.19,2026-05-10_22h15.10.303,BrocantoHPilot1WOSession3,2025.2.4,Win32,60.24096386,975.6994,1,1,2,15.7766,0,15.6268,15.7766,993.3092,0,35,35,35,1,SBJ-N1-HIDE-INTR-Ab-LOC-N3.mp3,SBJ-N1-HIDE-INTR-Ab-LOC-N3.mp4,Aa-SBJ-N3-HIDE-INTR-LOC-N1.mp4,,,,,,,,,,,,,,,,,,,,,,,,,,,,,,,,,,,,,,,,,,,,,,,,,,,,,,,,,,,,,,,,,,,,,,,,
,,,,,,,,,,,,,1,,,590950,2006.09.19,2026-05-10_22h15.10.303,BrocantoHPilot1WOSession3,2025.2.4,Win32,60.24096386,993.31,1,1,1,12.5945,1,,12.5945,1007.4544,0,36,36,36,1,Ab-SBJ-N5-JUMP-INTR-LOC-N1.mp3,Ab-SBJ-N5-JUMP-INTR-LOC-N1.mp4,Aa-SBJ-N5-JUMP-INTR-LOC-N1.mp4,,,,,,,,,,,,,,,,,,,,,,,,,,,,,,,,,,,,,,,,,,,,,,,,,,,,,,,,,,,,,,,,,,,,,,,,
,,,,,,,,,,,,,1,,,590950,2006.09.19,2026-05-10_22h15.10.303,BrocantoHPilot1WOSession3,2025.2.4,Win32,60.24096386,1007.4552,1,2,2,13.2258,1,,13.2258,1022.8491,0,37,37,37,1,Aa-SBJ-N5-GO-INTR-Aa-LOC-N2.mp3,Aa-SBJ-N5-GO-INTR-Aa-LOC-N2.mp4,Aa-SBJ-N2-HIDE-INTR-Aa-LOC-N5.mp4,,,,,,,,,,,,,,,,,,,,,,,,,,,,,,,,,,,,,,,,,,,,,,,,,,,,,,,,,,,,,,,,,,,,,,,,
,,,,,,,,,,,,,1,,,590950,2006.09.19,2026-05-10_22h15.10.303,BrocantoHPilot1WOSession3,2025.2.4,Win32,60.24096386,1022.85,1,1,1,15.2597,1,15.7938,15.2597,1040.0598,0,38,38,38,1,SBJ-N1-HIDE-INTR-Ab-LOC-N4.mp3,SBJ-N1-HIDE-INTR-Ab-LOC-N4.mp4,Ab-SBJ-N4-HIDE-INTR-LOC-N1.mp4,,,,,,,,,,,,,,,,,,,,,,,,,,,,,,,,,,,,,,,,,,,,,,,,,,,,,,,,,,,,,,,,,,,,,,,,
,,,,,,,,,,,,,1,,,590950,2006.09.19,2026-05-10_22h15.10.303,BrocantoHPilot1WOSession3,2025.2.4,Win32,60.24096386,1040.0606,1,1,1,16.2263,1,16.06,16.2263,1058.3036,0,39,39,39,1,OBJ-N5-Ab-SBJ-N1-REVEAL-TR-Ab-LOC-N3.mp3,OBJ-N5-Ab-SBJ-N1-REVEAL-TR-Ab-LOC-N3.mp4,OBJ-N5-Ab-SBJ-N1-PUSH-TR-Aa-LOC-N3.mp4,,,,,,,,,,,,,,,,,,,,,,,,,,,,,,,,,,,,,,,,,,,,,,,,,,,,,,,,,,,,,,,,,,,,,,,,
,,,,,,,,,,,,,1,,,590950,2006.09.19,2026-05-10_22h15.10.303,BrocantoHPilot1WOSession3,2025.2.4,Win32,60.24096386,1058.3043,1,2,2,15.7935,1,,15.7935,1075.8979,0,40,40,40,1,Ab-OBJ-N5-Ab-SBJ-N3-HIDE-TR-Ab-LOC-N4.mp3,Ab-OBJ-N5-Ab-SBJ-N3-HIDE-TR-Ab-LOC-N4.mp4,Ab-OBJ-N4-Aa-SBJ-N3-HIDE-TR-Ab-LOC-N5.mp4,,,,,,,,,,,,,,,,,,,,,,,,,,,,,,,,,,,,,,,,,,,,,,,,,,,,,,,,,,,,,,,,,,,,,,,,
,,,,,,,,,,,,,1,,,590950,2006.09.19,2026-05-10_22h15.10.303,BrocantoHPilot1WOSession3,2025.2.4,Win32,60.24096386,1075.8989,1,1,1,14.1177,1,,14.1177,1091.8592,0,41,41,41,1,Ab-OBJ-N5-SBJ-N4-HIDE-TR.mp3,Ab-OBJ-N5-SBJ-N4-HIDE-TR.mp4,Aa-OBJ-N5-SBJ-N4-HIDE-TR.mp4,,,,,,,,,,,,,,,,,,,,,,,,,,,,,,,,,,,,,,,,,,,,,,,,,,,,,,,,,,,,,,,,,,,,,,,,
,,,,,,,,,,,,,1,,,590950,2006.09.19,2026-05-10_22h15.10.303,BrocantoHPilot1WOSession3,2025.2.4,Win32,60.24096386,,,,,,,,,,,,,,,Ab OBJ.N5 Ab SBJ.N2 REVEAL-TR LOC.N1,,,1093.1304,1,Ab-OBJ-N5-Ab-SBJ-N2-REVEAL-TR-LOC-N1.mp4,Ab|N5|Ab|N2|REVEAL|N1,HIDE|Aa|N1|Ab|N2|N4|REVEAL|N5|JUMP|Ab,zsot|timó|zsot|murak|girda|pekli,zsübe|gyék|pekli|zsot|murak|dabi|girda|timó|bonip|zsot,1,7.2399,25.3362,zsot timó zsot murak girda pekli,1120.9333,0,0,0,0,1,Ab-OBJ-N5-Ab-SBJ-N2-REVEAL-TR-LOC-N1.mp4,Ab|N5|Ab|N2|REVEAL|N1,HIDE|Aa|N1|Ab|N2|N4|REVEAL|N5|JUMP|Ab,zsot timó zsot murak girda pekli,zsot|timó|zsot|murak|girda|pekli,zsübe|gyék|pekli|zsot|murak|dabi|girda|timó|bonip|zsot,,,,,,,,,,,,,,,,,,,,,,,,,,,,,,,,,,,,,,,,,,,,,,,,,
,,,,,,,,,,,,,1,,,590950,2006.09.19,2026-05-10_22h15.10.303,BrocantoHPilot1WOSession3,2025.2.4,Win32,60.24096386,,,,,,,,,,,,,,,Ab SBJ.N2 REVEAL-INTR Ab LOC.N5,,,1121.4499,1,Ab-SBJ-N2-REVEAL-INTR-Ab-LOC-N5.mp4,Ab|N2|REVEAL|Ab|N5,Ab|PUSH|N5|HIDE|REVEAL|Ab|N3|N2|N4,zsot|murak|girda|zsot|timó,zsot|vánta|timó|zsübe|girda|zsot|zilép|murak|dabi,1,6.5141,25.8262,zsot murak girda zsot timó,1149.4734,0,1,1,1,1,Ab-SBJ-N2-REVEAL-INTR-Ab-LOC-N5.mp4,Ab|N2|REVEAL|Ab|N5,Ab|PUSH|N5|HIDE|REVEAL|Ab|N3|N2|N4,zsot murak girda zsot timó,zsot|murak|girda|zsot|timó,zsot|vánta|timó|zsübe|girda|zsot|zilép|murak|dabi,,,,,,,,,,,,,,,,,,,,,,,,,,,,,,,,,,,,,,,,,,,,,,,,,
,,,,,,,,,,,,,1,,,590950,2006.09.19,2026-05-10_22h15.10.303,BrocantoHPilot1WOSession3,2025.2.4,Win32,60.24096386,,,,,,,,,,,,,,,Ab SBJ.N5 REVEAL-INTR LOC.N2,,,1149.9903,1,Ab-SBJ-N5-REVEAL-INTR-LOC-N2.mp4,Ab|N5|REVEAL|N2,PUSH|REVEAL|Aa|N2|GO|N5|Ab|N4,zsot|timó|girda|murak,vánta|girda|gyék|murak|kávler|timó|zsot|dabi,1,6.863,22.7644,zsot timó girda murak,1187.8666,0,2,2,2,1,Ab-SBJ-N5-REVEAL-INTR-LOC-N2.mp4,Ab|N5|REVEAL|N2,PUSH|REVEAL|Aa|N2|GO|N5|Ab|N4,zsot timó girda murak,zsot|timó|girda|murak,vánta|girda|gyék|murak|kávler|timó|zsot|dabi,,,,,,,,,,,,,,,,,,,,,,,,,,,,,,,,,,,,,,,,,,,,,,,,,
,,,,,,,,,,,,,1,,,590950,2006.09.19,2026-05-10_22h15.10.303,BrocantoHPilot1WOSession3,2025.2.4,Win32,60.24096386,,,,,,,,,,,,,,,OBJ.N5 Ab SBJ.N3 HIDE-TR LOC.N4,,,1188.3778,1,OBJ-N5-Ab-SBJ-N3-HIDE-TR-LOC-N4.mp4,N5|Ab|N3|HIDE|N4,N2|N3|Ab|GO|HIDE|REVEAL|N4|N5|PUSH,timó|zsot|zilép|zsübe|dabi,murak|zilép|zsot|kávler|zsübe|girda|dabi|timó|vánta,0,5.1022,32.8529,girda timó zsot zilép zsübe dabi,1227.0356,0,3,3,3,1,OBJ-N5-Ab-SBJ-N3-HIDE-TR-LOC-N4.mp4,N5|Ab|N3|HIDE|N4,N2|N3|Ab|GO|HIDE|REVEAL|N4|N5|PUSH,timó zsot zilép zsübe dabi,timó|zsot|zilép|zsübe|dabi,murak|zilép|zsot|kávler|zsübe|girda|dabi|timó|vánta,,,,,,,,,,,,,,,,,,,,,,,,,,,,,,,,,,,,,,,,,,,,,,,,,
,,,,,,,,,,,,,1,,,590950,2006.09.19,2026-05-10_22h15.10.303,BrocantoHPilot1WOSession3,2025.2.4,Win32,60.24096386,,,,,,,,,,,,,,,OBJ.N5 Ab SBJ.N3 PUSH-TR Ab LOC.N4,,,1227.5481,1,OBJ-N5-Ab-SBJ-N3-PUSH-TR-Ab-LOC-N4.mp4,N5|Ab|N3|PUSH|Ab|N4,HIDE|Ab|JUMP|N2|N3|PUSH|N5|N1|N4|Ab,timó|zsot|zilép|vánta|zsot|dabi,zsübe|zsot|bonip|murak|zilép|vánta|timó|pekli|dabi|zsot,1,5.215,57.0291,timó zsot zilép vánta zsot dabi,1287.1102,0,4,4,4,1,OBJ-N5-Ab-SBJ-N3-PUSH-TR-Ab-LOC-N4.mp4,N5|Ab|N3|PUSH|Ab|N4,HIDE|Ab|JUMP|N2|N3|PUSH|N5|N1|N4|Ab,timó zsot zilép vánta zsot dabi,timó|zsot|zilép|vánta|zsot|dabi,zsübe|zsot|bonip|murak|zilép|vánta|timó|pekli|dabi|zsot,,,,,,,,,,,,,,,,,,,,,,,,,,,,,,,,,,,,,,,,,,,,,,,,,
,,,,,,,,,,,,,1,,,590950,2006.09.19,2026-05-10_22h15.10.303,BrocantoHPilot1WOSession3,2025.2.4,Win32,60.24096386,,,,,,,,,,,,,,,Ab SBJ.N5 REVEAL-INTR Ab LOC.N2,,,1287.6268,1,Ab-SBJ-N5-REVEAL-INTR-Ab-LOC-N2.mp4,Ab|N5|REVEAL|Ab|N2,Ab|JUMP|HIDE|Ab|REVEAL|N2|N1|N5|N3,zsot|timó|girda|zsot|murak,zsot|bonip|zsübe|zsot|girda|murak|pekli|timó|zilép,1,6.2056,16.9706,zsot timó girda zsot murak,1306.9157,0,5,5,5,1,Ab-SBJ-N5-REVEAL-INTR-Ab-LOC-N2.mp4,Ab|N5|REVEAL|Ab|N2,Ab|JUMP|HIDE|Ab|REVEAL|N2|N1|N5|N3,zsot timó girda zsot murak,zsot|timó|girda|zsot|murak,zsot|bonip|zsübe|zsot|girda|murak|pekli|timó|zilép,,,,,,,,,,,,,,,,,,,,,,,,,,,,,,,,,,,,,,,,,,,,,,,,,
,,,,,,,,,,,,,1,,,590950,2006.09.19,2026-05-10_22h15.10.303,BrocantoHPilot1WOSession3,2025.2.4,Win32,60.24096386,,,,,,,,,,,,,,,OBJ.N5 SBJ.N3 HIDE-TR Ab LOC.N2,,,1307.4203,1,OBJ-N5-SBJ-N3-HIDE-TR-Ab-LOC-N2.mp4,N5|N3|HIDE|Ab|N2,Aa|PUSH|HIDE|N3|N1|N2|Ab|N5|N4,timó|zilép|zsübe|zsot|murak,gyék|vánta|zsübe|zilép|pekli|murak|zsot|timó|dabi,0,6.513,39.5687,timó zilép zsübe gyék murak,1350.1862,0,6,6,6,1,OBJ-N5-SBJ-N3-HIDE-TR-Ab-LOC-N2.mp4,N5|N3|HIDE|Ab|N2,Aa|PUSH|HIDE|N3|N1|N2|Ab|N5|N4,timó zilép zsübe zsot murak,timó|zilép|zsübe|zsot|murak,gyék|vánta|zsübe|zilép|pekli|murak|zsot|timó|dabi,,,,,,,,,,,,,,,,,,,,,,,,,,,,,,,,,,,,,,,,,,,,,,,,,
,,,,,,,,,,,,,1,,,590950,2006.09.19,2026-05-10_22h15.10.303,BrocantoHPilot1WOSession3,2025.2.4,Win32,60.24096386,,,,,,,,,,,,,,,SBJ.N3 REVEAL-INTR Ab LOC.N2,,,1350.6891,1,SBJ-N3-REVEAL-INTR-Ab-LOC-N2.mp4,N3|REVEAL|Ab|N2,REVEAL|PUSH|N3|Ab|N2|GO|N5|N1,zilép|girda|zsot|murak,girda|vánta|zilép|zsot|murak|kávler|timó|pekli,0,6.8031,24.8767,zilép girda murak,1377.7243,0,7,7,7,1,SBJ-N3-REVEAL-INTR-Ab-LOC-N2.mp4,N3|REVEAL|Ab|N2,REVEAL|PUSH|N3|Ab|N2|GO|N5|N1,zilép girda zsot murak,zilép|girda|zsot|murak,girda|vánta|zilép|zsot|murak|kávler|timó|pekli,,,,,,,,,,,,,,,,,,,,,,,,,,,,,,,,,,,,,,,,,,,,,,,,,
,,,,,,,,,,,,,1,,,590950,2006.09.19,2026-05-10_22h15.10.303,BrocantoHPilot1WOSession3,2025.2.4,Win32,60.24096386,,,,,,,,,,,,,,,Ab OBJ.N5 Ab SBJ.N3 REVEAL-TR,,,1378.2293,1,Ab-OBJ-N5-Ab-SBJ-N3-REVEAL-TR.mp4,Ab|N5|Ab|N3|REVEAL,N5|PUSH|Aa|REVEAL|HIDE|N4|N3|Ab|Ab,zsot|timó|zsot|zilép|girda,timó|vánta|gyék|girda|zsübe|dabi|zilép|zsot|zsot,1,6.2041,22.2747,zsot timó zsot zilép girda,1405.0988,0,8,8,8,1,Ab-OBJ-N5-Ab-SBJ-N3-REVEAL-TR.mp4,Ab|N5|Ab|N3|REVEAL,N5|PUSH|Aa|REVEAL|HIDE|N4|N3|Ab|Ab,zsot timó zsot zilép girda,zsot|timó|zsot|zilép|girda,timó|vánta|gyék|girda|zsübe|dabi|zilép|zsot|zsot,,,,,,,,,,,,,,,,,,,,,,,,,,,,,,,,,,,,,,,,,,,,,,,,,
,,,,,,,,,,,,,1,,,590950,2006.09.19,2026-05-10_22h15.10.303,BrocantoHPilot1WOSession3,2025.2.4,Win32,60.24096386,,,,,,,,,,,,,,,SBJ.N4 JUMP-INTR,,,1405.6037,1,SBJ-N4-JUMP-INTR.mp4,N4|JUMP,N2|N4|JUMP|N1|N5|Aa,dabi|bonip,murak|dabi|bonip|pekli|timó|gyék,1,5.1143,7.7348,dabi bonip,1417.0603,0,9,9,9,1,SBJ-N4-JUMP-INTR.mp4,N4|JUMP,N2|N4|JUMP|N1|N5|Aa,dabi bonip,dabi|bonip,murak|dabi|bonip|pekli|timó|gyék,,,,,,,,,,,,,,,,,,,,,,,,,,,,,,,,,,,,,,,,,,,,,,,,,
,,,,,,,,,,,,,1,,,590950,2006.09.19,2026-05-10_22h15.10.303,BrocantoHPilot1WOSession3,2025.2.4,Win32,60.24096386,,,,,,,,,,,,,,,Ab SBJ.N3 REVEAL-INTR LOC.N4,,,1417.5666,1,Ab-SBJ-N3-REVEAL-INTR-LOC-N4.mp4,Ab|N3|REVEAL|N4,N4|Aa|N2|HIDE|Ab|JUMP|N3|REVEAL,zsot|zilép|girda|dabi,dabi|gyék|murak|zsübe|zsot|bonip|zilép|girda,0,7.2336,16.2266,zsot zilép dabi girda,1438.0746,0,10,10,10,1,Ab-SBJ-N3-REVEAL-INTR-LOC-N4.mp4,Ab|N3|REVEAL|N4,N4|Aa|N2|HIDE|Ab|JUMP|N3|REVEAL,zsot zilép girda dabi,zsot|zilép|girda|dabi,dabi|gyék|murak|zsübe|zsot|bonip|zilép|girda,,,,,,,,,,,,,,,,,,,,,,,,,,,,,,,,,,,,,,,,,,,,,,,,,
,,,,,,,,,,,,,1,,,590950,2006.09.19,2026-05-10_22h15.10.303,BrocantoHPilot1WOSession3,2025.2.4,Win32,60.24096386,,,,,,,,,,,,,,,SBJ.N1 GO-INTR,,,1438.5919,1,SBJ-N1-GO-INTR.mp4,N1|GO,Ab|N3|PUSH|HIDE|N1|GO,pekli|kávler,zsot|zilép|vánta|zsübe|pekli|kávler,1,7.106,9.8214,pekli kávler,1452.7491,0,11,11,11,1,SBJ-N1-GO-INTR.mp4,N1|GO,Ab|N3|PUSH|HIDE|N1|GO,pekli kávler,pekli|kávler,zsot|zilép|vánta|zsübe|pekli|kávler,,,,,,,,,,,,,,,,,,,,,,,,,,,,,,,,,,,,,,,,,,,,,,,,,
,,,,,,,,,,,,,1,,,590950,2006.09.19,2026-05-10_22h15.10.303,BrocantoHPilot1WOSession3,2025.2.4,Win32,60.24096386,,,,,,,,,,,,,,,Ab OBJ.N5 Ab SBJ.N4 PUSH-TR,,,1453.2538,1,Ab-OBJ-N5-Ab-SBJ-N4-PUSH-TR.mp4,Ab|N5|Ab|N4|PUSH,JUMP|REVEAL|Aa|GO|Ab|N5|Ab|N4|PUSH,zsot|timó|zsot|dabi|vánta,bonip|girda|gyék|kávler|zsot|timó|zsot|dabi|vánta,0,4.8817,67.3928,zsot timó zsot dabi vánta gyék,1525.8297,0,12,12,12,1,Ab-OBJ-N5-Ab-SBJ-N4-PUSH-TR.mp4,Ab|N5|Ab|N4|PUSH,JUMP|REVEAL|Aa|GO|Ab|N5|Ab|N4|PUSH,zsot timó zsot dabi vánta,zsot|timó|zsot|dabi|vánta,bonip|girda|gyék|kávler|zsot|timó|zsot|dabi|vánta,,,,,,,,,,,,,,,,,,,,,,,,,,,,,,,,,,,,,,,,,,,,,,,,,
,,,,,,,,,,,,,1,,,590950,2006.09.19,2026-05-10_22h15.10.303,BrocantoHPilot1WOSession3,2025.2.4,Win32,60.24096386,,,,,,,,,,,,,,,Ab OBJ.N5 Ab SBJ.N3 REVEAL-TR Ab LOC.N4,,,1526.3457,1,Ab-OBJ-N5-Ab-SBJ-N3-REVEAL-TR-Ab-LOC-N4.mp4,Ab|N5|Ab|N3|REVEAL|Ab|N4,N3|HIDE|Aa|Ab|PUSH|N5|Ab|N4|Ab|REVEAL|N2,zsot|timó|zsot|zilép|girda|zsot|dabi,zilép|zsübe|gyék|zsot|vánta|timó|zsot|dabi|zsot|girda|murak,1,5.8805,24.5406,zsot timó zsot zilép girda zsot dabi,1554.2342,0,13,13,13,1,Ab-OBJ-N5-Ab-SBJ-N3-REVEAL-TR-Ab-LOC-N4.mp4,Ab|N5|Ab|N3|REVEAL|Ab|N4,N3|HIDE|Aa|Ab|PUSH|N5|Ab|N4|Ab|REVEAL|N2,zsot timó zsot zilép girda zsot dabi,zsot|timó|zsot|zilép|girda|zsot|dabi,zilép|zsübe|gyék|zsot|vánta|timó|zsot|dabi|zsot|girda|murak,,,,,,,,,,,,,,,,,,,,,,,,,,,,,,,,,,,,,,,,,,,,,,,,,
,,,,,,,,,,,,,1,,,590950,2006.09.19,2026-05-10_22h15.10.303,BrocantoHPilot1WOSession3,2025.2.4,Win32,60.24096386,,,,,,,,,,,,,,,Ab OBJ.N5 Ab SBJ.N1 PUSH-TR LOC.N2,,,1554.7363,1,Ab-OBJ-N5-Ab-SBJ-N1-PUSH-TR-LOC-N2.mp4,Ab|N5|Ab|N1|PUSH|N2,Ab|JUMP|N2|HIDE|N4|Ab|PUSH|N5|N1|N3,zsot|timó|zsot|pekli|vánta|murak,zsot|bonip|murak|zsübe|dabi|zsot|vánta|timó|pekli|zilép,1,4.687,17.2099,zsot timó zsot pekli vánta murak,1574.6593,0,14,14,14,1,Ab-OBJ-N5-Ab-SBJ-N1-PUSH-TR-LOC-N2.mp4,Ab|N5|Ab|N1|PUSH|N2,Ab|JUMP|N2|HIDE|N4|Ab|PUSH|N5|N1|N3,zsot timó zsot pekli vánta murak,zsot|timó|zsot|pekli|vánta|murak,zsot|bonip|murak|zsübe|dabi|zsot|vánta|timó|pekli|zilép,,,,,,,,,,,,,,,,,,,,,,,,,,,,,,,,,,,,,,,,,,,,,,,,,
,,,,,,,,,,,,,1,,,590950,2006.09.19,2026-05-10_22h15.10.303,BrocantoHPilot1WOSession3,2025.2.4,Win32,60.24096386,,,,,,,,,,,,,,,Ab OBJ.N5 SBJ.N1 HIDE-TR,,,1575.1625,1,Ab-OBJ-N5-SBJ-N1-HIDE-TR.mp4,Ab|N5|N1|HIDE,REVEAL|GO|N5|HIDE|N1|Ab|Aa|N3,zsot|timó|pekli|zsübe,girda|kávler|timó|zsübe|pekli|zsot|gyék|zilép,1,5.3985,14.3446,zsot timó pekli zsübe,1594.9231,0,15,15,15,1,Ab-OBJ-N5-SBJ-N1-HIDE-TR.mp4,Ab|N5|N1|HIDE,REVEAL|GO|N5|HIDE|N1|Ab|Aa|N3,zsot timó pekli zsübe,zsot|timó|pekli|zsübe,girda|kávler|timó|zsübe|pekli|zsot|gyék|zilép,,,,,,,,,,,,,,,,,,,,,,,,,,,,,,,,,,,,,,,,,,,,,,,,,
,,,,,,,,,,,,,1,,,590950,2006.09.19,2026-05-10_22h15.10.303,BrocantoHPilot1WOSession3,2025.2.4,Win32,60.24096386,,,,,,,,,,,,,,,SBJ.N5 REVEAL-INTR LOC.N3,,,1595.4401,1,SBJ-N5-REVEAL-INTR-LOC-N3.mp4,N5|REVEAL|N3,N4|JUMP|PUSH|N5|HIDE|REVEAL|N3,timó|girda|zilép,dabi|bonip|vánta|timó|zsübe|girda|zilép,1,7.2184,22.5245,timó girda zilép,1620.1191,0,16,16,16,1,SBJ-N5-REVEAL-INTR-LOC-N3.mp4,N5|REVEAL|N3,N4|JUMP|PUSH|N5|HIDE|REVEAL|N3,timó girda zilép,timó|girda|zilép,dabi|bonip|vánta|timó|zsübe|girda|zilép,,,,,,,,,,,,,,,,,,,,,,,,,,,,,,,,,,,,,,,,,,,,,,,,,
,,,,,,,,,,,,,1,,,590950,2006.09.19,2026-05-10_22h15.10.303,BrocantoHPilot1WOSession3,2025.2.4,Win32,60.24096386,,,,,,,,,,,,,,,Ab SBJ.N5 HIDE-INTR,,,1620.6306,1,Ab-SBJ-N5-HIDE-INTR.mp4,Ab|N5|HIDE,Aa|N5|HIDE|N1|Ab|N2|GO,zsot|timó|zsübe,gyék|timó|zsübe|pekli|zsot|murak|kávler,1,6.9536,12.4449,zsot timó zsübe,1635.314,0,17,17,17,1,Ab-SBJ-N5-HIDE-INTR.mp4,Ab|N5|HIDE,Aa|N5|HIDE|N1|Ab|N2|GO,zsot timó zsübe,zsot|timó|zsübe,gyék|timó|zsübe|pekli|zsot|murak|kávler,,,,,,,,,,,,,,,,,,,,,,,,,,,,,,,,,,,,,,,,,,,,,,,,,
,,,,,,,,,,,,,1,,,590950,2006.09.19,2026-05-10_22h15.10.303,BrocantoHPilot1WOSession3,2025.2.4,Win32,60.24096386,,,,,,,,,,,,,,,Ab SBJ.N2 GO-INTR,,,1635.8254,1,Ab-SBJ-N2-GO-INTR.mp4,Ab|N2|GO,REVEAL|Ab|GO|HIDE|N3|N5|N2,zsot|murak|kávler,girda|zsot|kávler|zsübe|zilép|timó|murak,1,6.396,10.5685,zsot murak kávler,1649.7013,0,18,18,18,1,Ab-SBJ-N2-GO-INTR.mp4,Ab|N2|GO,REVEAL|Ab|GO|HIDE|N3|N5|N2,zsot murak kávler,zsot|murak|kávler,girda|zsot|kávler|zsübe|zilép|timó|murak,,,,,,,,,,,,,,,,,,,,,,,,,,,,,,,,,,,,,,,,,,,,,,,,,
,,,,,,,,,,,,,1,,,590950,2006.09.19,2026-05-10_22h15.10.303,BrocantoHPilot1WOSession3,2025.2.4,Win32,60.24096386,,,,,,,,,,,,,,,Ab OBJ.N5 Ab SBJ.N3 REVEAL-TR,,,1650.2036,1,Ab-OBJ-N5-Ab-SBJ-N3-REVEAL-TR.mp4,Ab|N5|Ab|N3|REVEAL,JUMP|Ab|GO|N5|REVEAL|Ab|N3|HIDE|N4,zsot|timó|zsot|zilép|girda,bonip|zsot|kávler|timó|girda|zsot|zilép|zsübe|dabi,1,5.9974,16.7533,zsot timó zsot zilép girda,1672.9875,0,19,19,19,1,Ab-OBJ-N5-Ab-SBJ-N3-REVEAL-TR.mp4,Ab|N5|Ab|N3|REVEAL,JUMP|Ab|GO|N5|REVEAL|Ab|N3|HIDE|N4,zsot timó zsot zilép girda,zsot|timó|zsot|zilép|girda,bonip|zsot|kávler|timó|girda|zsot|zilép|zsübe|dabi,,,,,,,,,,,,,,,,,,,,,,,,,,,,,,,,,,,,,,,,,,,,,,,,,
,,,,,,,,,,,,,1,,,590950,2006.09.19,2026-05-10_22h15.10.303,BrocantoHPilot1WOSession3,2025.2.4,Win32,60.24096386,,,,,,,,,,,,,,,OBJ.N5 SBJ.N4 HIDE-TR Ab LOC.N2,,,1673.4966,1,OBJ-N5-SBJ-N4-HIDE-TR-Ab-LOC-N2.mp4,N5|N4|HIDE|Ab|N2,Aa|N2|N3|N4|JUMP|PUSH|N5|Ab|HIDE,timó|dabi|zsübe|zsot|murak,gyék|murak|zilép|dabi|bonip|vánta|timó|zsot|zsübe,0,6.2137,31.8776,gyék timó dabi zsübe zsot murak,1721.701,0,20,20,20,1,OBJ-N5-SBJ-N4-HIDE-TR-Ab-LOC-N2.mp4,N5|N4|HIDE|Ab|N2,Aa|N2|N3|N4|JUMP|PUSH|N5|Ab|HIDE,timó dabi zsübe zsot murak,timó|dabi|zsübe|zsot|murak,gyék|murak|zilép|dabi|bonip|vánta|timó|zsot|zsübe,,,,,,,,,,,,,,,,,,,,,,,,,,,,,,,,,,,,,,,,,,,,,,,,,
,,,,,,,,,,,,,1,,,590950,2006.09.19,2026-05-10_22h15.10.303,BrocantoHPilot1WOSession3,2025.2.4,Win32,60.24096386,,,,,,,,,,,,,,,Aa SBJ.N5 JUMP-INTR,,,1722.2135,1,Aa-SBJ-N5-JUMP-INTR.mp4,Aa|N5|JUMP,REVEAL|N5|N3|JUMP|HIDE|N1|Aa,gyék|timó|bonip,girda|timó|zilép|bonip|zsübe|pekli|gyék,1,5.5945,8.9789,gyék timó bonip,1734.084,0,21,21,21,1,Aa-SBJ-N5-JUMP-INTR.mp4,Aa|N5|JUMP,REVEAL|N5|N3|JUMP|HIDE|N1|Aa,gyék timó bonip,gyék|timó|bonip,girda|timó|zilép|bonip|zsübe|pekli|gyék,,,,,,,,,,,,,,,,,,,,,,,,,,,,,,,,,,,,,,,,,,,,,,,,,
,,,,,,,,,,,,,1,,,590950,2006.09.19,2026-05-10_22h15.10.303,BrocantoHPilot1WOSession3,2025.2.4,Win32,60.24096386,,,,,,,,,,,,,,,Ab OBJ.N5 SBJ.N3 PUSH-TR Ab LOC.N1,,,1734.5922,1,Ab-OBJ-N5-SBJ-N3-PUSH-TR-Ab-LOC-N1.mp4,Ab|N5|N3|PUSH|Ab|N1,N5|REVEAL|Ab|N1|Aa|N3|N2|PUSH|JUMP|Ab,zsot|timó|zilép|vánta|zsot|pekli,timó|girda|zsot|pekli|gyék|zilép|murak|vánta|bonip|zsot,0,4.6754,10.8623,zsot timó gyék zilép vánta,1757.4355,0,22,22,22,1,Ab-OBJ-N5-SBJ-N3-PUSH-TR-Ab-LOC-N1.mp4,Ab|N5|N3|PUSH|Ab|N1,N5|REVEAL|Ab|N1|Aa|N3|N2|PUSH|JUMP|Ab,zsot timó zilép vánta zsot pekli,zsot|timó|zilép|vánta|zsot|pekli,timó|girda|zsot|pekli|gyék|zilép|murak|vánta|bonip|zsot,,,,,,,,,,,,,,,,,,,,,,,,,,,,,,,,,,,,,,,,,,,,,,,,,
,,,,,,,,,,,,,1,,,590950,2006.09.19,2026-05-10_22h15.10.303,BrocantoHPilot1WOSession3,2025.2.4,Win32,60.24096386,,,,,,,,,,,,,,,OBJ.N5 Ab SBJ.N1 REVEAL-TR,,,1757.9506,1,OBJ-N5-Ab-SBJ-N1-REVEAL-TR.mp4,N5|Ab|N1|REVEAL,Aa|N3|Ab|N5|GO|REVEAL|N1|JUMP,timó|zsot|pekli|girda,gyék|zilép|zsot|timó|kávler|girda|pekli|bonip,1,6.2042,15.9615,timó zsot pekli girda,1775.6896,0,23,23,23,1,OBJ-N5-Ab-SBJ-N1-REVEAL-TR.mp4,N5|Ab|N1|REVEAL,Aa|N3|Ab|N5|GO|REVEAL|N1|JUMP,timó zsot pekli girda,timó|zsot|pekli|girda,gyék|zilép|zsot|timó|kávler|girda|pekli|bonip,,,,,,,,,,,,,,,,,,,,,,,,,,,,,,,,,,,,,,,,,,,,,,,,,
,,,,,,,,,,,,,1,,,590950,2006.09.19,2026-05-10_22h15.10.303,BrocantoHPilot1WOSession3,2025.2.4,Win32,60.24096386,,,,,,,,,,,,,,,OBJ.N5 SBJ.N1 HIDE-TR,,,1776.1951,1,OBJ-N5-SBJ-N1-HIDE-TR.mp4,N5|N1|HIDE,GO|N1|Aa|N5|HIDE|N2|PUSH,timó|pekli|zsübe,kávler|pekli|gyék|timó|zsübe|murak|vánta,1,5.7123,10.5711,timó pekli zsübe,1788.6166,0,24,24,24,1,OBJ-N5-SBJ-N1-HIDE-TR.mp4,N5|N1|HIDE,GO|N1|Aa|N5|HIDE|N2|PUSH,timó pekli zsübe,timó|pekli|zsübe,kávler|pekli|gyék|timó|zsübe|murak|vánta,,,,,,,,,,,,,,,,,,,,,,,,,,,,,,,,,,,,,,,,,,,,,,,,,
,,,,,,,,,,,,,1,,,590950,2006.09.19,2026-05-10_22h15.10.303,BrocantoHPilot1WOSession3,2025.2.4,Win32,60.24096386,,,,,,,,,,,,,,,Aa SBJ.N5 HIDE-INTR,,,1789.1237,1,Aa-SBJ-N5-HIDE-INTR.mp4,Aa|N5|HIDE,N1|HIDE|N4|REVEAL|Ab|Aa|N5,gyék|timó|zsübe,pekli|zsübe|dabi|girda|zsot|gyék|timó,1,5.8474,10.618,gyék timó zsübe,1803.0737,0,25,25,25,1,Aa-SBJ-N5-HIDE-INTR.mp4,Aa|N5|HIDE,N1|HIDE|N4|REVEAL|Ab|Aa|N5,gyék timó zsübe,gyék|timó|zsübe,pekli|zsübe|dabi|girda|zsot|gyék|timó,,,,,,,,,,,,,,,,,,,,,,,,,,,,,,,,,,,,,,,,,,,,,,,,,
,,,,,,,,,,,,,1,,,590950,2006.09.19,2026-05-10_22h15.10.303,BrocantoHPilot1WOSession3,2025.2.4,Win32,60.24096386,,,,,,,,,,,,,,,OBJ.N5 SBJ.N4 PUSH-TR Ab LOC.N2,,,1803.5847,1,OBJ-N5-SBJ-N4-PUSH-TR-Ab-LOC-N2.mp4,N5|N4|PUSH|Ab|N2,PUSH|HIDE|N4|N5|Ab|Aa|N3|N2|REVEAL,timó|dabi|vánta|zsot|murak,vánta|zsübe|dabi|timó|zsot|gyék|zilép|murak|girda,1,4.9319,18.9928,timó dabi vánta zsot murak,1824.5481,0,26,26,26,1,OBJ-N5-SBJ-N4-PUSH-TR-Ab-LOC-N2.mp4,N5|N4|PUSH|Ab|N2,PUSH|HIDE|N4|N5|Ab|Aa|N3|N2|REVEAL,timó dabi vánta zsot murak,timó|dabi|vánta|zsot|murak,vánta|zsübe|dabi|timó|zsot|gyék|zilép|murak|girda,,,,,,,,,,,,,,,,,,,,,,,,,,,,,,,,,,,,,,,,,,,,,,,,,
,,,,,,,,,,,,,1,,,590950,2006.09.19,2026-05-10_22h15.10.303,BrocantoHPilot1WOSession3,2025.2.4,Win32,60.24096386,,,,,,,,,,,,,,,Ab OBJ.N5 SBJ.N2 REVEAL-TR Ab LOC.N3,,,1825.0623,1,Ab-OBJ-N5-SBJ-N2-REVEAL-TR-Ab-LOC-N3.mp4,Ab|N5|N2|REVEAL|Ab|N3,N3|HIDE|N1|N5|Ab|Ab|PUSH|N2|REVEAL|GO,zsot|timó|murak|girda|zsot|zilép,zilép|zsübe|pekli|timó|zsot|zsot|vánta|murak|girda|kávler,0,6.1365,29.0061,zsot timó murak girda pekli,1857.0447,0,27,27,27,1,Ab-OBJ-N5-SBJ-N2-REVEAL-TR-Ab-LOC-N3.mp4,Ab|N5|N2|REVEAL|Ab|N3,N3|HIDE|N1|N5|Ab|Ab|PUSH|N2|REVEAL|GO,zsot timó murak girda zsot zilép,zsot|timó|murak|girda|zsot|zilép,zilép|zsübe|pekli|timó|zsot|zsot|vánta|murak|girda|kávler,,,,,,,,,,,,,,,,,,,,,,,,,,,,,,,,,,,,,,,,,,,,,,,,,
,,,,,,,,,,,,,1,,,590950,2006.09.19,2026-05-10_22h15.10.303,BrocantoHPilot1WOSession3,2025.2.4,Win32,60.24096386,,,,,,,,,,,,,,,OBJ.N5 SBJ.N3 PUSH-TR,,,1857.5507,1,OBJ-N5-SBJ-N3-PUSH-TR.mp4,N5|N3|PUSH,JUMP|Aa|GO|N5|N3|PUSH|N2,timó|zilép|vánta,bonip|gyék|kávler|timó|zilép|vánta|murak,1,4.8142,17.1769,timó zilép vánta,1877.7394,0,28,28,28,1,OBJ-N5-SBJ-N3-PUSH-TR.mp4,N5|N3|PUSH,JUMP|Aa|GO|N5|N3|PUSH|N2,timó zilép vánta,timó|zilép|vánta,bonip|gyék|kávler|timó|zilép|vánta|murak,,,,,,,,,,,,,,,,,,,,,,,,,,,,,,,,,,,,,,,,,,,,,,,,,
,,,,,,,,,,,,,1,,,590950,2006.09.19,2026-05-10_22h15.10.303,BrocantoHPilot1WOSession3,2025.2.4,Win32,60.24096386,,,,,,,,,,,,,,,SBJ.N5 HIDE-INTR,,,1878.2433,1,SBJ-N5-HIDE-INTR.mp4,N5|HIDE,N3|PUSH|N5|N1|GO|HIDE,timó|zsübe,zilép|vánta|timó|pekli|kávler|zsübe,1,4.6708,7.3972,timó zsübe,1892.0338,0,29,29,29,1,SBJ-N5-HIDE-INTR.mp4,N5|HIDE,N3|PUSH|N5|N1|GO|HIDE,timó zsübe,timó|zsübe,zilép|vánta|timó|pekli|kávler|zsübe,,,,,,,,,,,,,,,,,,,,,,,,,,,,,,,,,,,,,,,,,,,,,,,,,
,,,,,,,,,,,,,1,,,590950,2006.09.19,2026-05-10_22h15.10.303,BrocantoHPilot1WOSession3,2025.2.4,Win32,60.24096386,,,,,,,,,,,,,,,Ab OBJ.N5 SBJ.N3 HIDE-TR,,,1892.5386,1,Ab-OBJ-N5-SBJ-N3-HIDE-TR.mp4,Ab|N5|N3|HIDE,PUSH|HIDE|N3|JUMP|REVEAL|N5|Ab|Aa,zsot|timó|zilép|zsübe,vánta|zsübe|zilép|bonip|girda|timó|zsot|gyék,1,6.9541,11.8952,zsot timó zilép zsübe,1906.0744,0,30,30,30,1,Ab-OBJ-N5-SBJ-N3-HIDE-TR.mp4,Ab|N5|N3|HIDE,PUSH|HIDE|N3|JUMP|REVEAL|N5|Ab|Aa,zsot timó zilép zsübe,zsot|timó|zilép|zsübe,vánta|zsübe|zilép|bonip|girda|timó|zsot|gyék,,,,,,,,,,,,,,,,,,,,,,,,,,,,,,,,,,,,,,,,,,,,,,,,,
,,,,,,,,,,,,,1,,,590950,2006.09.19,2026-05-10_22h15.10.303,BrocantoHPilot1WOSession3,2025.2.4,Win32,60.24096386,,,,,,,,,,,,,,,SBJ.N5 JUMP-INTR,,,1906.5841,1,SBJ-N5-JUMP-INTR.mp4,N5|JUMP,REVEAL|N5|HIDE|N1|Aa|JUMP,timó|bonip,girda|timó|zsübe|pekli|gyék|bonip,1,4.9108,7.2303,timó bonip,1915.7348,0,31,31,31,1,SBJ-N5-JUMP-INTR.mp4,N5|JUMP,REVEAL|N5|HIDE|N1|Aa|JUMP,timó bonip,timó|bonip,girda|timó|zsübe|pekli|gyék|bonip,,,,,,,,,,,,,,,,,,,,,,,,,,,,,,,,,,,,,,,,,,,,,,,,,
,,,,,,,,,,,,,1,,,590950,2006.09.19,2026-05-10_22h15.10.303,BrocantoHPilot1WOSession3,2025.2.4,Win32,60.24096386,,,,,,,,,,,,,,,Ab SBJ.N2 GO-INTR,,,1916.2475,1,Ab-SBJ-N2-GO-INTR.mp4,Ab|N2|GO,N1|GO|HIDE|N2|Ab|N4|JUMP,zsot|murak|kávler,pekli|kávler|zsübe|murak|zsot|dabi|bonip,1,5.4232,8.6625,zsot murak kávler,1928.7071,0,32,32,32,1,Ab-SBJ-N2-GO-INTR.mp4,Ab|N2|GO,N1|GO|HIDE|N2|Ab|N4|JUMP,zsot murak kávler,zsot|murak|kávler,pekli|kávler|zsübe|murak|zsot|dabi|bonip,,,,,,,,,,,,,,,,,,,,,,,,,,,,,,,,,,,,,,,,,,,,,,,,,
,,,,,,,,,,,,,1,,,590950,2006.09.19,2026-05-10_22h15.10.303,BrocantoHPilot1WOSession3,2025.2.4,Win32,60.24096386,,,,,,,,,,,,,,,Ab SBJ.N2 GO-INTR Aa LOC.N3,,,1929.2152,1,Ab-SBJ-N2-GO-INTR-Aa-LOC-N3.mp4,Ab|N2|GO|Aa|N3,N5|N2|N3|N4|GO|Aa|Ab|JUMP|REVEAL,zsot|murak|kávler|gyék|zilép,timó|murak|zilép|dabi|kávler|gyék|zsot|bonip|girda,1,7.5248,22.1525,zsot murak kávler gyék zilép,1955.3933,0,33,33,33,1,Ab-SBJ-N2-GO-INTR-Aa-LOC-N3.mp4,Ab|N2|GO|Aa|N3,N5|N2|N3|N4|GO|Aa|Ab|JUMP|REVEAL,zsot murak kávler gyék zilép,zsot|murak|kávler|gyék|zilép,timó|murak|zilép|dabi|kávler|gyék|zsot|bonip|girda,,,,,,,,,,,,,,,,,,,,,,,,,,,,,,,,,,,,,,,,,,,,,,,,,
,,,,,,,,,,,,,1,,,590950,2006.09.19,2026-05-10_22h15.10.303,BrocantoHPilot1WOSession3,2025.2.4,Win32,60.24096386,,,,,,,,,,,,,,,Ab SBJ.N4 JUMP-INTR Ab LOC.N1,,,1955.9008,1,Ab-SBJ-N4-JUMP-INTR-Ab-LOC-N1.mp4,Ab|N4|JUMP|Ab|N1,N2|HIDE|JUMP|N1|Ab|N3|Ab|N4|REVEAL,zsot|dabi|bonip|zsot|pekli,murak|zsübe|bonip|pekli|zsot|zilép|zsot|dabi|girda,0,5.4594,14.044,dabi bonip zsot pekli,1975.4067,0,34,34,34,1,Ab-SBJ-N4-JUMP-INTR-Ab-LOC-N1.mp4,Ab|N4|JUMP|Ab|N1,N2|HIDE|JUMP|N1|Ab|N3|Ab|N4|REVEAL,zsot dabi bonip zsot pekli,zsot|dabi|bonip|zsot|pekli,murak|zsübe|bonip|pekli|zsot|zilép|zsot|dabi|girda,,,,,,,,,,,,,,,,,,,,,,,,,,,,,,,,,,,,,,,,,,,,,,,,,
,,,,,,,,,,,,,1,,,590950,2006.09.19,2026-05-10_22h15.10.303,BrocantoHPilot1WOSession3,2025.2.4,Win32,60.24096386,,,,,,,,,,,,,,,Aa SBJ.N4 HIDE-INTR LOC.N3,,,1975.9105,1,Aa-SBJ-N4-HIDE-INTR-LOC-N3.mp4,Aa|N4|HIDE|N3,Aa|Ab|N4|JUMP|N2|N3|HIDE|PUSH,gyék|dabi|zsübe|zilép,gyék|zsot|dabi|bonip|murak|zilép|zsübe|vánta,1,7.2011,19.4153,gyék dabi zsübe zilép,1998.8304,0,35,35,35,1,Aa-SBJ-N4-HIDE-INTR-LOC-N3.mp4,Aa|N4|HIDE|N3,Aa|Ab|N4|JUMP|N2|N3|HIDE|PUSH,gyék dabi zsübe zilép,gyék|dabi|zsübe|zilép,gyék|zsot|dabi|bonip|murak|zilép|zsübe|vánta,,,,,,,,,,,,,,,,,,,,,,,,,,,,,,,,,,,,,,,,,,,,,,,,,
,,,,,,,,,,,,,1,,,590950,2006.09.19,2026-05-10_22h15.10.303,BrocantoHPilot1WOSession3,2025.2.4,Win32,60.24096386,,,,,,,,,,,,,,,Aa SBJ.N5 GO-INTR Ab LOC.N4,,,1999.3359,1,Aa-SBJ-N5-GO-INTR-Ab-LOC-N4.mp4,Aa|N5|GO|Ab|N4,N3|Aa|Ab|N5|REVEAL|PUSH|N4|HIDE|GO,gyék|timó|kávler|zsot|dabi,zilép|gyék|zsot|timó|girda|vánta|dabi|zsübe|kávler,1,5.9319,24.9654,gyék timó kávler zsot dabi,2030.014,0,36,36,36,1,Aa-SBJ-N5-GO-INTR-Ab-LOC-N4.mp4,Aa|N5|GO|Ab|N4,N3|Aa|Ab|N5|REVEAL|PUSH|N4|HIDE|GO,gyék timó kávler zsot dabi,gyék|timó|kávler|zsot|dabi,zilép|gyék|zsot|timó|girda|vánta|dabi|zsübe|kávler,,,,,,,,,,,,,,,,,,,,,,,,,,,,,,,,,,,,,,,,,,,,,,,,,
,,,,,,,,,,,,,1,,,590950,2006.09.19,2026-05-10_22h15.10.303,BrocantoHPilot1WOSession3,2025.2.4,Win32,60.24096386,,,,,,,,,,,,,,,Ab SBJ.N5 JUMP-INTR Aa LOC.N3,,,2030.5255,1,Ab-SBJ-N5-JUMP-INTR-Aa-LOC-N3.mp4,Ab|N5|JUMP|Aa|N3,Ab|N3|GO|N1|JUMP|REVEAL|Aa|N5|PUSH,zsot|timó|bonip|gyék|zilép,zsot|zilép|kávler|pekli|bonip|girda|gyék|timó|vánta,1,5.0889,11.784,zsot timó bonip gyék zilép,2044.3935,0,37,37,37,1,Ab-SBJ-N5-JUMP-INTR-Aa-LOC-N3.mp4,Ab|N5|JUMP|Aa|N3,Ab|N3|GO|N1|JUMP|REVEAL|Aa|N5|PUSH,zsot timó bonip gyék zilép,zsot|timó|bonip|gyék|zilép,zsot|zilép|kávler|pekli|bonip|girda|gyék|timó|vánta,,,,,,,,,,,,,,,,,,,,,,,,,,,,,,,,,,,,,,,,,,,,,,,,,
,,,,,,,,,,,,,1,,,590950,2006.09.19,2026-05-10_22h15.10.303,BrocantoHPilot1WOSession3,2025.2.4,Win32,60.24096386,,,,,,,,,,,,,,,SBJ.N5 HIDE-INTR Aa LOC.N3,,,2044.9044,1,SBJ-N5-HIDE-INTR-Aa-LOC-N3.mp4,N5|HIDE|Aa|N3,N3|Aa|REVEAL|N5|GO|HIDE|Ab|PUSH,timó|zsübe|gyék|zilép,zilép|gyék|girda|timó|kávler|zsübe|zsot|vánta,1,5.7613,12.5111,timó zsübe gyék zilép,2059.5575,0,38,38,38,1,SBJ-N5-HIDE-INTR-Aa-LOC-N3.mp4,N5|HIDE|Aa|N3,N3|Aa|REVEAL|N5|GO|HIDE|Ab|PUSH,timó zsübe gyék zilép,timó|zsübe|gyék|zilép,zilép|gyék|girda|timó|kávler|zsübe|zsot|vánta,,,,,,,,,,,,,,,,,,,,,,,,,,,,,,,,,,,,,,,,,,,,,,,,,
,,,,,,,,,,,,,1,,,590950,2006.09.19,2026-05-10_22h15.10.303,BrocantoHPilot1WOSession3,2025.2.4,Win32,60.24096386,,,,,,,,,,,,,,,OBJ.N5 SBJ.N2 PUSH-TR LOC.N1,,,2060.0655,1,OBJ-N5-SBJ-N2-PUSH-TR-LOC-N1.mp4,N5|N2|PUSH|N1,Aa|Ab|N2|PUSH|N4|N5|N1|HIDE,timó|murak|vánta|pekli,gyék|zsot|murak|vánta|dabi|timó|pekli|zsübe,1,5.3614,18.9921,timó murak vánta pekli,2082.7501,0,39,39,39,1,OBJ-N5-SBJ-N2-PUSH-TR-LOC-N1.mp4,N5|N2|PUSH|N1,Aa|Ab|N2|PUSH|N4|N5|N1|HIDE,timó murak vánta pekli,timó|murak|vánta|pekli,gyék|zsot|murak|vánta|dabi|timó|pekli|zsübe,,,,,,,,,,,,,,,,,,,,,,,,,,,,,,,,,,,,,,,,,,,,,,,,,
,,,,,,,,,,,,,1,,,590950,2006.09.19,2026-05-10_22h15.10.303,BrocantoHPilot1WOSession3,2025.2.4,Win32,60.24096386,,,,,,,,,,,,,,,OBJ.N5 SBJ.N4 HIDE-TR Ab LOC.N2,,,2083.2579,1,OBJ-N5-SBJ-N4-HIDE-TR-Ab-LOC-N2.mp4,N5|N4|HIDE|Ab|N2,HIDE|REVEAL|N4|N2|GO|Ab|Aa|PUSH|N5,timó|dabi|zsübe|zsot|murak,zsübe|girda|dabi|murak|kávler|zsot|gyék|vánta|timó,1,5.9299,27.408,timó dabi zsübe zsot murak,2115.6996,0,40,40,40,1,OBJ-N5-SBJ-N4-HIDE-TR-Ab-LOC-N2.mp4,N5|N4|HIDE|Ab|N2,HIDE|REVEAL|N4|N2|GO|Ab|Aa|PUSH|N5,timó dabi zsübe zsot murak,timó|dabi|zsübe|zsot|murak,zsübe|girda|dabi|murak|kávler|zsot|gyék|vánta|timó,,,,,,,,,,,,,,,,,,,,,,,,,,,,,,,,,,,,,,,,,,,,,,,,,
,,,,,,,,,,,,,1,,,590950,2006.09.19,2026-05-10_22h15.10.303,BrocantoHPilot1WOSession3,2025.2.4,Win32,60.24096386,,,,,,,,,,,,,,,Ab OBJ.N5 SBJ.N1 HIDE-TR,,,2116.2128,1,Ab-OBJ-N5-SBJ-N1-HIDE-TR.mp4,Ab|N5|N1|HIDE,Ab|HIDE|PUSH|N5|N1|Aa|N2|N3,zsot|timó|pekli|zsübe,zsot|zsübe|vánta|timó|pekli|gyék|murak|zilép,1,5.0471,11.3634,zsot timó pekli zsübe,2131.4818,0,41,41,41,1,Ab-OBJ-N5-SBJ-N1-HIDE-TR.mp4,Ab|N5|N1|HIDE,Ab|HIDE|PUSH|N5|N1|Aa|N2|N3,zsot timó pekli zsübe,zsot|timó|pekli|zsübe,zsot|zsübe|vánta|timó|pekli|gyék|murak|zilép,,,,,,,,,,,,,,,,,,,,,,,,,,,,,,,,,,,,,,,,,,,,,,,,,
,,,,,,,,,,,,,1,,,590950,2006.09.19,2026-05-10_22h15.10.303,BrocantoHPilot1WOSession3,2025.2.4,Win32,60.24096386,,,,,,,,,,,,,,,,,,,,,,,,,,,,,,,,,,,,,,,,,2133.2945,chunkTest_s1,0,1,N1-Ab.mp3,0,1.82,6,1,3.2212,3.9788,2137.8753,0,0,0,19,1,N1-Ab.mp3,0,,,,,,,,,,,,,,,,,,,,,,,,,,,,,,
,,,,,,,,,,,,,1,,,590950,2006.09.19,2026-05-10_22h15.10.303,BrocantoHPilot1WOSession3,2025.2.4,Win32,60.24096386,,,,,,,,,,,,,,,,,,,,,,,,,,,,,,,,,,,,,,,,,2138.3885,chunkTest_s1,1,1,REVEAL-PUSH.mp3,0,0.2831,6,1,2.2868,2.8972,2141.8,0,1,1,16,1,REVEAL-PUSH.mp3,0,,,,,,,,,,,,,,,,,,,,,,,,,,,,,,
,,,,,,,,,,,,,1,,,590950,2006.09.19,2026-05-10_22h15.10.303,BrocantoHPilot1WOSession3,2025.2.4,Win32,60.24096386,,,,,,,,,,,,,,,,,,,,,,,,,,,,,,,,,,,,,,,,,2142.3036,chunkTest_s1,2,1,PUSH-N1.mp3,8,0.5611,2,1,2.6416,2.7828,2145.5846,0,2,2,15,1,PUSH-N1.mp3,8,,,,,,,,,,,,,,,,,,,,,,,,,,,,,,
,,,,,,,,,,,,,1,,,590950,2006.09.19,2026-05-10_22h15.10.303,BrocantoHPilot1WOSession3,2025.2.4,Win32,60.24096386,,,,,,,,,,,,,,,,,,,,,,,,,,,,,,,,,,,,,,,,,2146.0856,chunkTest_s1,3,1,Aa-PUSH.mp3,0,0.6603,3,1,2.2686,2.8098,2149.5054,0,3,3,14,1,Aa-PUSH.mp3,0,,,,,,,,,,,,,,,,,,,,,,,,,,,,,,
,,,,,,,,,,,,,1,,,590950,2006.09.19,2026-05-10_22h15.10.303,BrocantoHPilot1WOSession3,2025.2.4,Win32,60.24096386,,,,,,,,,,,,,,,,,,,,,,,,,,,,,,,,,,,,,,,,,2150.0174,chunkTest_s1,4,1,N4-N3.mp3,0,0.7079,1,1,2.5215,4.0442,2154.7866,0,4,4,3,1,N4-N3.mp3,0,,,,,,,,,,,,,,,,,,,,,,,,,,,,,,
,,,,,,,,,,,,,1,,,590950,2006.09.19,2026-05-10_22h15.10.303,BrocantoHPilot1WOSession3,2025.2.4,Win32,60.24096386,,,,,,,,,,,,,,,,,,,,,,,,,,,,,,,,,,,,,,,,,2155.305,chunkTest_s1,5,1,GO-Aa.mp3,5,0.4292,2,1,2.3259,3.503,2159.2439,0,5,5,1,1,GO-Aa.mp3,5,,,,,,,,,,,,,,,,,,,,,,,,,,,,,,
,,,,,,,,,,,,,1,,,590950,2006.09.19,2026-05-10_22h15.10.303,BrocantoHPilot1WOSession3,2025.2.4,Win32,60.24096386,,,,,,,,,,,,,,,,,,,,,,,,,,,,,,,,,,,,,,,,,2159.7476,chunkTest_s1,6,1,N3-Aa.mp3,0,0.4498,2,1,2.2603,2.892,2163.2523,0,6,6,13,1,N3-Aa.mp3,0,,,,,,,,,,,,,,,,,,,,,,,,,,,,,,
,,,,,,,,,,,,,1,,,590950,2006.09.19,2026-05-10_22h15.10.303,BrocantoHPilot1WOSession3,2025.2.4,Win32,60.24096386,,,,,,,,,,,,,,,,,,,,,,,,,,,,,,,,,,,,,,,,,2163.7632,chunkTest_s1,7,1,PUSH-N3.mp3,3,1.0628,2,1,3.1383,3.4038,2167.6882,0,7,7,17,1,PUSH-N3.mp3,3,,,,,,,,,,,,,,,,,,,,,,,,,,,,,,
,,,,,,,,,,,,,1,,,590950,2006.09.19,2026-05-10_22h15.10.303,BrocantoHPilot1WOSession3,2025.2.4,Win32,60.24096386,,,,,,,,,,,,,,,,,,,,,,,,,,,,,,,,,,,,,,,,,2168.1947,chunkTest_s1,8,1,PUSH-N5.mp3,0,0.2996,2,1,2.2916,2.8484,2171.8028,0,8,8,18,1,PUSH-N5.mp3,0,,,,,,,,,,,,,,,,,,,,,,,,,,,,,,
,,,,,,,,,,,,,1,,,590950,2006.09.19,2026-05-10_22h15.10.303,BrocantoHPilot1WOSession3,2025.2.4,Win32,60.24096386,,,,,,,,,,,,,,,,,,,,,,,,,,,,,,,,,,,,,,,,,2172.31,chunkTest_s1,9,1,GO-N2.mp3,3,0.3313,2,1,2.3334,2.3543,2175.1349,0,9,9,7,1,GO-N2.mp3,3,,,,,,,,,,,,,,,,,,,,,,,,,,,,,,
,,,,,,,,,,,,,1,,,590950,2006.09.19,2026-05-10_22h15.10.303,BrocantoHPilot1WOSession3,2025.2.4,Win32,60.24096386,,,,,,,,,,,,,,,,,,,,,,,,,,,,,,,,,,,,,,,,,2175.651,chunkTest_s1,10,1,N2-N2.mp3,0,0.4502,1,1,2.7224,3.0691,2179.405,0,10,10,0,1,N2-N2.mp3,0,,,,,,,,,,,,,,,,,,,,,,,,,,,,,,
,,,,,,,,,,,,,1,,,590950,2006.09.19,2026-05-10_22h15.10.303,BrocantoHPilot1WOSession3,2025.2.4,Win32,60.24096386,,,,,,,,,,,,,,,,,,,,,,,,,,,,,,,,,,,,,,,,,2179.9075,chunkTest_s1,11,1,N1-Aa.mp3,0,2.6347,6,4,5.4448,6.1431,2186.9266,0,11,11,9,1,N1-Aa.mp3,0,,,,,,,,,,,,,,,,,,,,,,,,,,,,,,
,,,,,,,,,,,,,1,,,590950,2006.09.19,2026-05-10_22h15.10.303,BrocantoHPilot1WOSession3,2025.2.4,Win32,60.24096386,,,,,,,,,,,,,,,,,,,,,,,,,,,,,,,,,,,,,,,,,2187.4274,chunkTest_s1,12,1,JUMP-N3.mp3,3,0.3276,1,1,2.0614,2.6803,2190.7505,0,12,12,12,1,JUMP-N3.mp3,3,,,,,,,,,,,,,,,,,,,,,,,,,,,,,,
,,,,,,,,,,,,,1,,,590950,2006.09.19,2026-05-10_22h15.10.303,BrocantoHPilot1WOSession3,2025.2.4,Win32,60.24096386,,,,,,,,,,,,,,,,,,,,,,,,,,,,,,,,,,,,,,,,,2191.2531,chunkTest_s1,13,1,N5-GO.mp3,13,0.3371,6,1,2.4816,2.5212,2194.3329,0,13,13,8,1,N5-GO.mp3,13,,,,,,,,,,,,,,,,,,,,,,,,,,,,,,
,,,,,,,,,,,,,1,,,590950,2006.09.19,2026-05-10_22h15.10.303,BrocantoHPilot1WOSession3,2025.2.4,Win32,60.24096386,,,,,,,,,,,,,,,,,,,,,,,,,,,,,,,,,,,,,,,,,2194.8431,chunkTest_s1,14,1,N3-N3.mp3,0,3.0818,1,5,5.8283,6.4395,2202.0401,0,14,14,5,1,N3-N3.mp3,0,,,,,,,,,,,,,,,,,,,,,,,,,,,,,,
,,,,,,,,,,,,,1,,,590950,2006.09.19,2026-05-10_22h15.10.303,BrocantoHPilot1WOSession3,2025.2.4,Win32,60.24096386,,,,,,,,,,,,,,,,,,,,,,,,,,,,,,,,,,,,,,,,,2202.5506,chunkTest_s1,15,1,JUMP-Ab.mp3,2,3.8615,1,2,2.3584,7.0882,2210.3381,0,15,15,6,1,JUMP-Ab.mp3,2,,,,,,,,,,,,,,,,,,,,,,,,,,,,,,
,,,,,,,,,,,,,1,,,590950,2006.09.19,2026-05-10_22h15.10.303,BrocantoHPilot1WOSession3,2025.2.4,Win32,60.24096386,,,,,,,,,,,,,,,,,,,,,,,,,,,,,,,,,,,,,,,,,2210.8476,chunkTest_s1,16,1,Ab-N4.mp3,42,3.0239,1,1,5.4328,6.0046,2217.5713,0,16,16,10,1,Ab-N4.mp3,42,,,,,,,,,,,,,,,,,,,,,,,,,,,,,,
,,,,,,,,,,,,,1,,,590950,2006.09.19,2026-05-10_22h15.10.303,BrocantoHPilot1WOSession3,2025.2.4,Win32,60.24096386,,,,,,,,,,,,,,,,,,,,,,,,,,,,,,,,,,,,,,,,,2218.0781,chunkTest_s1,17,1,N3-PUSH.mp3,14,0.4286,6,1,2.3587,3.537,2222.4894,0,17,17,11,1,N3-PUSH.mp3,14,,,,,,,,,,,,,,,,,,,,,,,,,,,,,,
,,,,,,,,,,,,,1,,,590950,2006.09.19,2026-05-10_22h15.10.303,BrocantoHPilot1WOSession3,2025.2.4,Win32,60.24096386,,,,,,,,,,,,,,,,,,,,,,,,,,,,,,,,,,,,,,,,,2222.9929,chunkTest_s1,18,1,Ab-Ab.mp3,0,0.6867,1,1,3.0286,3.0286,2226.697,0,18,18,2,1,Ab-Ab.mp3,0,,,,,,,,,,,,,,,,,,,,,,,,,,,,,,
,,,,,,,,,,,,,1,,,590950,2006.09.19,2026-05-10_22h15.10.303,BrocantoHPilot1WOSession3,2025.2.4,Win32,60.24096386,,,,,,,,,,,,,,,,,,,,,,,,,,,,,,,,,,,,,,,,,2227.2087,chunkTest_s1,19,1,PUSH-Ab.mp3,10,0.2957,1,1,1.8373,5.5114,2233.3403,0,19,19,4,1,PUSH-Ab.mp3,10,,,,,,,,,,,,,,,,,,,,,,,,,,,,,,
,,,,,,,,,,,,,1,,,590950,2006.09.19,2026-05-10_22h15.10.303,BrocantoHPilot1WOSession3,2025.2.4,Win32,60.24096386,,,,,,,,,,,,,,,,,,,,,,,,,,,,,,,,,,,,,,,,,2234.3582,GJTest_s1,0,1,REVEAL-INTR-Ab-LOC-N2.mp3,,0.9719,1,1,3.3078,13.9461,2248.9867,,,,,,REVEAL-INTR-Ab-LOC-N2.mp3,,0,0,0,11,1,,,,,,,,,,,,,,,,,,,,,,,,,
,,,,,,,,,,,,,1,,,590950,2006.09.19,2026-05-10_22h15.10.303,BrocantoHPilot1WOSession3,2025.2.4,Win32,60.24096386,,,,,,,,,,,,,,,,,,,,,,,,,,,,,,,,,,,,,,,,,2249.5006,GJTest_s1,1,1,OBJ-N5-SBJ-N2-PUSH-TR.mp3,8,0.4147,6,1,2.9011,3.966,2254.2183,,,,,,OBJ-N5-SBJ-N2-PUSH-TR.mp3,8,0,1,1,0,1,,,,,,,,,,,,,,,,,,,,,,,,,
,,,,,,,,,,,,,1,,,590950,2006.09.19,2026-05-10_22h15.10.303,BrocantoHPilot1WOSession3,2025.2.4,Win32,60.24096386,,,,,,,,,,,,,,,,,,,,,,,,,,,,,,,,,,,,,,,,,2254.7321,GJTest_s1,2,1,Aa-SBJ-N2-JUMP-INTR.mp3,0,1.9594,6,1,4.1676,4.2074,2260.4553,,,,,,Aa-SBJ-N2-JUMP-INTR.mp3,0,0,2,2,9,1,,,,,,,,,,,,,,,,,,,,,,,,,
,,,,,,,,,,,,,1,,,590950,2006.09.19,2026-05-10_22h15.10.303,BrocantoHPilot1WOSession3,2025.2.4,Win32,60.24096386,,,,,,,,,,,,,,,,,,,,,,,,,,,,,,,,,,,,,,,,,2260.9633,GJTest_s1,3,1,Ab-OBJ-N5-Ab-SBJ-N2-PUSH-TR-Aa-LOC-N2.mp3,0,3.0858,5,3,8.691,8.691,2270.3255,,,,,,Ab-OBJ-N5-Ab-SBJ-N2-PUSH-TR-Aa-LOC-N2.mp3,0,0,3,3,6,1,,,,,,,,,,,,,,,,,,,,,,,,,
,,,,,,,,,,,,,1,,,590950,2006.09.19,2026-05-10_22h15.10.303,BrocantoHPilot1WOSession3,2025.2.4,Win32,60.24096386,,,,,,,,,,,,,,,,,,,,,,,,,,,,,,,,,,,,,,,,,2270.826,GJTest_s1,4,1,Ab-OBJ-N2-SBJ-N4-HIDE-TR-LOC-N3.mp3,0,0.5334,6,1,4.4121,5.0049,2276.3948,,,,,,Ab-OBJ-N2-SBJ-N4-HIDE-TR-LOC-N3.mp3,0,0,4,4,8,1,,,,,,,,,,,,,,,,,,,,,,,,,
,,,,,,,,,,,,,1,,,590950,2006.09.19,2026-05-10_22h15.10.303,BrocantoHPilot1WOSession3,2025.2.4,Win32,60.24096386,,,,,,,,,,,,,,,,,,,,,,,,,,,,,,,,,,,,,,,,,2276.908,GJTest_s1,5,1,Ab-SBJ-N1-JUMP-INTR-LOC-N5.mp3,0,0.8441,6,1,4.3327,4.3728,2282.1076,,,,,,Ab-SBJ-N1-JUMP-INTR-LOC-N5.mp3,0,0,5,5,5,1,,,,,,,,,,,,,,,,,,,,,,,,,
,,,,,,,,,,,,,1,,,590950,2006.09.19,2026-05-10_22h15.10.303,BrocantoHPilot1WOSession3,2025.2.4,Win32,60.24096386,,,,,,,,,,,,,,,,,,,,,,,,,,,,,,,,,,,,,,,,,2282.6226,GJTest_s1,6,1,OBJ-N5-SBJ-N4-HIDE-TR-LOC-N2-LOC-N1.mp3,,0.3847,1,1,3.881,5.8779,2289.1795,,,,,,OBJ-N5-SBJ-N4-HIDE-TR-LOC-N2-LOC-N1.mp3,,0,6,6,13,1,,,,,,,,,,,,,,,,,,,,,,,,,
,,,,,,,,,,,,,1,,,590950,2006.09.19,2026-05-10_22h15.10.303,BrocantoHPilot1WOSession3,2025.2.4,Win32,60.24096386,,,,,,,,,,,,,,,,,,,,,,,,,,,,,,,,,,,,,,,,,2289.6897,GJTest_s1,7,1,SBJ-N1-Ab-JUMP-INTR-LOC-N5-LOC-N2.mp3,,0.7702,1,1,4.0487,4.7958,2295.1891,,,,,,SBJ-N1-Ab-JUMP-INTR-LOC-N5-LOC-N2.mp3,,0,7,7,15,1,,,,,,,,,,,,,,,,,,,,,,,,,
,,,,,,,,,,,,,1,,,590950,2006.09.19,2026-05-10_22h15.10.303,BrocantoHPilot1WOSession3,2025.2.4,Win32,60.24096386,,,,,,,,,,,,,,,,,,,,,,,,,,,,,,,,,,,,,,,,,2295.7013,GJTest_s1,8,1,OBJ-N5-Ab-SBJ-N2-PUSH-TR-Ab-Aa-LOC-N2-LOC-N1.mp3,,0.2973,3,1,5.9752,7.2912,2303.5863,,,,,,OBJ-N5-Ab-SBJ-N2-PUSH-TR-Ab-Aa-LOC-N2-LOC-N1.mp3,,0,8,8,16,1,,,,,,,,,,,,,,,,,,,,,,,,,
,,,,,,,,,,,,,1,,,590950,2006.09.19,2026-05-10_22h15.10.303,BrocantoHPilot1WOSession3,2025.2.4,Win32,60.24096386,,,,,,,,,,,,,,,,,,,,,,,,,,,,,,,,,,,,,,,,,2304.099,GJTest_s1,9,1,SBJ-N5-Aa-PUSH-TR.mp3,,0.4444,2,1,2.6681,4.7458,2309.7883,,,,,,SBJ-N5-Aa-PUSH-TR.mp3,,0,9,9,17,1,,,,,,,,,,,,,,,,,,,,,,,,,
,,,,,,,,,,,,,1,,,590950,2006.09.19,2026-05-10_22h15.10.303,BrocantoHPilot1WOSession3,2025.2.4,Win32,60.24096386,,,,,,,,,,,,,,,,,,,,,,,,,,,,,,,,,,,,,,,,,2310.296,GJTest_s1,10,1,SBJ-N3-REVEAL-INTR-Ab-LOC-N2.mp3,2,0.6318,6,1,4.1187,4.1777,2316.8572,,,,,,SBJ-N3-REVEAL-INTR-Ab-LOC-N2.mp3,2,0,10,10,1,1,,,,,,,,,,,,,,,,,,,,,,,,,
,,,,,,,,,,,,,1,,,590950,2006.09.19,2026-05-10_22h15.10.303,BrocantoHPilot1WOSession3,2025.2.4,Win32,60.24096386,,,,,,,,,,,,,,,,,,,,,,,,,,,,,,,,,,,,,,,,,2317.361,GJTest_s1,11,1,OBJ-N1-SBJ-N2-GO-INTR.mp3,,1.3594,2,1,4.0257,6.224,2324.0835,,,,,,OBJ-N1-SBJ-N2-GO-INTR.mp3,,0,11,11,12,1,,,,,,,,,,,,,,,,,,,,,,,,,
,,,,,,,,,,,,,1,,,590950,2006.09.19,2026-05-10_22h15.10.303,BrocantoHPilot1WOSession3,2025.2.4,Win32,60.24096386,,,,,,,,,,,,,,,,,,,,,,,,,,,,,,,,,,,,,,,,,2324.5931,GJTest_s1,12,1,OBJ-N2-Ab-SBJ-N4-HIDE-TR-LOC-N3-LOC-N1.mp3,,0.6902,1,1,5.578,6.3576,2331.844,,,,,,OBJ-N2-Ab-SBJ-N4-HIDE-TR-LOC-N3-LOC-N1.mp3,,0,12,12,18,1,,,,,,,,,,,,,,,,,,,,,,,,,
,,,,,,,,,,,,,1,,,590950,2006.09.19,2026-05-10_22h15.10.303,BrocantoHPilot1WOSession3,2025.2.4,Win32,60.24096386,,,,,,,,,,,,,,,,,,,,,,,,,,,,,,,,,,,,,,,,,2332.3559,GJTest_s1,13,1,SBJ-N1-HIDE-INTR-Ab-LOC-N4-LOC-N2.mp3,,0.3364,1,1,3.5682,4.8327,2337.9842,,,,,,SBJ-N1-HIDE-INTR-Ab-LOC-N4-LOC-N2.mp3,,0,13,13,14,1,,,,,,,,,,,,,,,,,,,,,,,,,
,,,,,,,,,,,,,1,,,590950,2006.09.19,2026-05-10_22h15.10.303,BrocantoHPilot1WOSession3,2025.2.4,Win32,60.24096386,,,,,,,,,,,,,,,,,,,,,,,,,,,,,,,,,,,,,,,,,2338.4867,GJTest_s1,14,1,Ab-OBJ-N5-Aa-SBJ-N5-PUSH-TR.mp3,0,0.3229,5,1,3.5983,9.743,2348.8923,,,,,,Ab-OBJ-N5-Aa-SBJ-N5-PUSH-TR.mp3,0,0,14,14,7,1,,,,,,,,,,,,,,,,,,,,,,,,,
,,,,,,,,,,,,,1,,,590950,2006.09.19,2026-05-10_22h15.10.303,BrocantoHPilot1WOSession3,2025.2.4,Win32,60.24096386,,,,,,,,,,,,,,,,,,,,,,,,,,,,,,,,,,,,,,,,,2349.4002,GJTest_s1,15,1,OBJ-N1-SBJ-N2-Aa-JUMP-INTR.mp3,,0.7426,2,1,3.5647,4.2902,2357.2903,,,,,,OBJ-N1-SBJ-N2-Aa-JUMP-INTR.mp3,,0,15,15,19,1,,,,,,,,,,,,,,,,,,,,,,,,,
,,,,,,,,,,,,,1,,,590950,2006.09.19,2026-05-10_22h15.10.303,BrocantoHPilot1WOSession3,2025.2.4,Win32,60.24096386,,,,,,,,,,,,,,,,,,,,,,,,,,,,,,,,,,,,,,,,,2357.7974,GJTest_s1,16,1,SBJ-N2-GO-INTR.mp3,5,1.0008,6,2,3.6656,4.8809,2363.2985,,,,,,SBJ-N2-GO-INTR.mp3,5,0,16,16,2,1,,,,,,,,,,,,,,,,,,,,,,,,,
,,,,,,,,,,,,,1,,,590950,2006.09.19,2026-05-10_22h15.10.303,BrocantoHPilot1WOSession3,2025.2.4,Win32,60.24096386,,,,,,,,,,,,,,,,,,,,,,,,,,,,,,,,,,,,,,,,,2363.8119,GJTest_s1,17,1,OBJ-N5-SBJ-N4-HIDE-TR-LOC-N2.mp3,3,0.6117,6,1,3.2864,3.7952,2368.3044,,,,,,OBJ-N5-SBJ-N4-HIDE-TR-LOC-N2.mp3,3,0,17,17,3,1,,,,,,,,,,,,,,,,,,,,,,,,,
,,,,,,,,,,,,,1,,,590950,2006.09.19,2026-05-10_22h15.10.303,BrocantoHPilot1WOSession3,2025.2.4,Win32,60.24096386,,,,,,,,,,,,,,,,,,,,,,,,,,,,,,,,,,,,,,,,,2368.8301,GJTest_s1,18,1,SBJ-N2-PUSH-TR.mp3,,0.7692,6,1,2.4497,2.8075,2372.3968,,,,,,SBJ-N2-PUSH-TR.mp3,,0,18,18,10,1,,,,,,,,,,,,,,,,,,,,,,,,,
,,,,,,,,,,,,,1,,,590950,2006.09.19,2026-05-10_22h15.10.303,BrocantoHPilot1WOSession3,2025.2.4,Win32,60.24096386,,,,,,,,,,,,,,,,,,,,,,,,,,,,,,,,,,,,,,,,,2372.9089,GJTest_s1,19,1,SBJ-N1-HIDE-INTR-Ab-LOC-N4.mp3,1,0.4749,5,1,3.0385,4.5242,2378.2,,,,,,SBJ-N1-HIDE-INTR-Ab-LOC-N4.mp3,1,0,19,19,4,1,,,,,,,,,,,,,,,,,,,,,,,,,
2390.8402,2,Ab-OBJ-N5-SBJ-N3-HIDE-TR-Ab-LOC-N2.mp4,Ab-OBJ-N5-SBJ-N3-HIDE-TR-Ab-LOC-N2.mp3,2398.4657,mouse_continue,7.6264,,,,,,,2,Ab-OBJ-N5-SBJ-N3-HIDE-TR-Ab-LOC-N2.mp4,Ab-OBJ-N5-SBJ-N3-HIDE-TR-Ab-LOC-N2.mp3,590950,2006.09.19,2026-05-10_22h15.10.303,BrocantoHPilot1WOSession3,2025.2.4,Win32,60.24096386,,,,,,,,,,,,,,,,,,,,,,,,,,,,,,,,,,,,,,,,,,,,,,,,,,,,,,,,,,,,,,,,,0,0,0,0,1,,,,,,,,,,,,,,,,,,,,
2398.4688,2,Ab-SBJ-N2-REVEAL-INTR-LOC-N3.mp4,Ab-SBJ-N2-REVEAL-INTR-LOC-N3.mp3,2405.0476,mouse_continue,6.5792,,,,,,,2,Ab-SBJ-N2-REVEAL-INTR-LOC-N3.mp4,Ab-SBJ-N2-REVEAL-INTR-LOC-N3.mp3,590950,2006.09.19,2026-05-10_22h15.10.303,BrocantoHPilot1WOSession3,2025.2.4,Win32,60.24096386,,,,,,,,,,,,,,,,,,,,,,,,,,,,,,,,,,,,,,,,,,,,,,,,,,,,,,,,,,,,,,,,,0,1,1,1,1,,,,,,,,,,,,,,,,,,,,
2405.0505,2,Ab-OBJ-N5-SBJ-N4-PUSH-TR-Ab-LOC-N3.mp4,Ab-OBJ-N5-SBJ-N4-PUSH-TR-Ab-LOC-N3.mp3,2410.0953,mouse_continue,5.0454,,,,,,,2,Ab-OBJ-N5-SBJ-N4-PUSH-TR-Ab-LOC-N3.mp4,Ab-OBJ-N5-SBJ-N4-PUSH-TR-Ab-LOC-N3.mp3,590950,2006.09.19,2026-05-10_22h15.10.303,BrocantoHPilot1WOSession3,2025.2.4,Win32,60.24096386,,,,,,,,,,,,,,,,,,,,,,,,,,,,,,,,,,,,,,,,,,,,,,,,,,,,,,,,,,,,,,,,,0,2,2,2,1,,,,,,,,,,,,,,,,,,,,
2410.0985,2,Ab-SBJ-N1-GO-INTR.mp4,Ab-SBJ-N1-GO-INTR.mp3,2415.2438,mouse_continue,5.1458,,,,,,,2,Ab-SBJ-N1-GO-INTR.mp4,Ab-SBJ-N1-GO-INTR.mp3,590950,2006.09.19,2026-05-10_22h15.10.303,BrocantoHPilot1WOSession3,2025.2.4,Win32,60.24096386,,,,,,,,,,,,,,,,,,,,,,,,,,,,,,,,,,,,,,,,,,,,,,,,,,,,,,,,,,,,,,,,,0,3,3,3,1,,,,,,,,,,,,,,,,,,,,
2415.2467,2,Ab-OBJ-N5-Ab-SBJ-N2-REVEAL-TR.mp4,Ab-OBJ-N5-Ab-SBJ-N2-REVEAL-TR.mp3,2420.259,mouse_continue,5.0128,,,,,,,2,Ab-OBJ-N5-Ab-SBJ-N2-REVEAL-TR.mp4,Ab-OBJ-N5-Ab-SBJ-N2-REVEAL-TR.mp3,590950,2006.09.19,2026-05-10_22h15.10.303,BrocantoHPilot1WOSession3,2025.2.4,Win32,60.24096386,,,,,,,,,,,,,,,,,,,,,,,,,,,,,,,,,,,,,,,,,,,,,,,,,,,,,,,,,,,,,,,,,0,4,4,4,1,,,,,,,,,,,,,,,,,,,,
2420.2606,2,SBJ-N2-REVEAL-INTR-LOC-N4.mp4,SBJ-N2-REVEAL-INTR-LOC-N4.mp3,2425.2737,mouse_continue,5.0133,,,,,,,2,SBJ-N2-REVEAL-INTR-LOC-N4.mp4,SBJ-N2-REVEAL-INTR-LOC-N4.mp3,590950,2006.09.19,2026-05-10_22h15.10.303,BrocantoHPilot1WOSession3,2025.2.4,Win32,60.24096386,,,,,,,,,,,,,,,,,,,,,,,,,,,,,,,,,,,,,,,,,,,,,,,,,,,,,,,,,,,,,,,,,0,5,5,5,1,,,,,,,,,,,,,,,,,,,,
2425.2779,2,SBJ-N4-REVEAL-INTR-LOC-N5.mp4,SBJ-N4-REVEAL-INTR-LOC-N5.mp3,2430.2785,mouse_continue,5.001,,,,,,,2,SBJ-N4-REVEAL-INTR-LOC-N5.mp4,SBJ-N4-REVEAL-INTR-LOC-N5.mp3,590950,2006.09.19,2026-05-10_22h15.10.303,BrocantoHPilot1WOSession3,2025.2.4,Win32,60.24096386,,,,,,,,,,,,,,,,,,,,,,,,,,,,,,,,,,,,,,,,,,,,,,,,,,,,,,,,,,,,,,,,,0,6,6,6,1,,,,,,,,,,,,,,,,,,,,
2430.2818,2,Ab-OBJ-N5-Ab-SBJ-N4-PUSH-TR.mp4,Ab-OBJ-N5-Ab-SBJ-N4-PUSH-TR.mp3,2435.2872,mouse_continue,5.0058,,,,,,,2,Ab-OBJ-N5-Ab-SBJ-N4-PUSH-TR.mp4,Ab-OBJ-N5-Ab-SBJ-N4-PUSH-TR.mp3,590950,2006.09.19,2026-05-10_22h15.10.303,BrocantoHPilot1WOSession3,2025.2.4,Win32,60.24096386,,,,,,,,,,,,,,,,,,,,,,,,,,,,,,,,,,,,,,,,,,,,,,,,,,,,,,,,,,,,,,,,,0,7,7,7,1,,,,,,,,,,,,,,,,,,,,
2435.2894,2,Ab-OBJ-N5-Ab-SBJ-N2-REVEAL-TR-Ab-LOC-N4.mp4,Ab-OBJ-N5-Ab-SBJ-N2-REVEAL-TR-Ab-LOC-N4.mp3,2440.2917,mouse_continue,5.003,,,,,,,2,Ab-OBJ-N5-Ab-SBJ-N2-REVEAL-TR-Ab-LOC-N4.mp4,Ab-OBJ-N5-Ab-SBJ-N2-REVEAL-TR-Ab-LOC-N4.mp3,590950,2006.09.19,2026-05-10_22h15.10.303,BrocantoHPilot1WOSession3,2025.2.4,Win32,60.24096386,,,,,,,,,,,,,,,,,,,,,,,,,,,,,,,,,,,,,,,,,,,,,,,,,,,,,,,,,,,,,,,,,0,8,8,8,1,,,,,,,,,,,,,,,,,,,,
2440.2941,2,Aa-SBJ-N5-JUMP-INTR.mp4,Aa-SBJ-N5-JUMP-INTR.mp3,2445.3005,mouse_continue,5.0066,,,,,,,2,Aa-SBJ-N5-JUMP-INTR.mp4,Aa-SBJ-N5-JUMP-INTR.mp3,590950,2006.09.19,2026-05-10_22h15.10.303,BrocantoHPilot1WOSession3,2025.2.4,Win32,60.24096386,,,,,,,,,,,,,,,,,,,,,,,,,,,,,,,,,,,,,,,,,,,,,,,,,,,,,,,,,,,,,,,,,0,9,9,9,1,,,,,,,,,,,,,,,,,,,,
2445.303,2,Ab-OBJ-N5-SBJ-N3-HIDE-TR-LOC-N2.mp4,Ab-OBJ-N5-SBJ-N3-HIDE-TR-LOC-N2.mp3,2450.3152,mouse_continue,5.013,,,,,,,2,Ab-OBJ-N5-SBJ-N3-HIDE-TR-LOC-N2.mp4,Ab-OBJ-N5-SBJ-N3-HIDE-TR-LOC-N2.mp3,590950,2006.09.19,2026-05-10_22h15.10.303,BrocantoHPilot1WOSession3,2025.2.4,Win32,60.24096386,,,,,,,,,,,,,,,,,,,,,,,,,,,,,,,,,,,,,,,,,,,,,,,,,,,,,,,,,,,,,,,,,0,10,10,10,1,,,,,,,,,,,,,,,,,,,,
2450.3189,2,Ab-OBJ-N5-Ab-SBJ-N2-REVEAL-TR.mp4,Ab-OBJ-N5-Ab-SBJ-N2-REVEAL-TR.mp3,2455.4367,mouse_continue,5.1184,,,,,,,2,Ab-OBJ-N5-Ab-SBJ-N2-REVEAL-TR.mp4,Ab-OBJ-N5-Ab-SBJ-N2-REVEAL-TR.mp3,590950,2006.09.19,2026-05-10_22h15.10.303,BrocantoHPilot1WOSession3,2025.2.4,Win32,60.24096386,,,,,,,,,,,,,,,,,,,,,,,,,,,,,,,,,,,,,,,,,,,,,,,,,,,,,,,,,,,,,,,,,0,11,11,11,1,,,,,,,,,,,,,,,,,,,,
2455.4385,2,Aa-SBJ-N5-HIDE-INTR.mp4,Aa-SBJ-N5-HIDE-INTR.mp3,2460.4785,mouse_continue,5.0403,,,,,,,2,Aa-SBJ-N5-HIDE-INTR.mp4,Aa-SBJ-N5-HIDE-INTR.mp3,590950,2006.09.19,2026-05-10_22h15.10.303,BrocantoHPilot1WOSession3,2025.2.4,Win32,60.24096386,,,,,,,,,,,,,,,,,,,,,,,,,,,,,,,,,,,,,,,,,,,,,,,,,,,,,,,,,,,,,,,,,0,12,12,12,1,,,,,,,,,,,,,,,,,,,,
2460.4809,2,SBJ-N5-REVEAL-INTR-Ab-LOC-N3.mp4,SBJ-N5-REVEAL-INTR-Ab-LOC-N3.mp3,2465.4935,mouse_continue,5.013,,,,,,,2,SBJ-N5-REVEAL-INTR-Ab-LOC-N3.mp4,SBJ-N5-REVEAL-INTR-Ab-LOC-N3.mp3,590950,2006.09.19,2026-05-10_22h15.10.303,BrocantoHPilot1WOSession3,2025.2.4,Win32,60.24096386,,,,,,,,,,,,,,,,,,,,,,,,,,,,,,,,,,,,,,,,,,,,,,,,,,,,,,,,,,,,,,,,,0,13,13,13,1,,,,,,,,,,,,,,,,,,,,
2465.4961,2,SBJ-N5-REVEAL-INTR-LOC-N2.mp4,SBJ-N5-REVEAL-INTR-LOC-N2.mp3,2470.5086,mouse_continue,5.0129,,,,,,,2,SBJ-N5-REVEAL-INTR-LOC-N2.mp4,SBJ-N5-REVEAL-INTR-LOC-N2.mp3,590950,2006.09.19,2026-05-10_22h15.10.303,BrocantoHPilot1WOSession3,2025.2.4,Win32,60.24096386,,,,,,,,,,,,,,,,,,,,,,,,,,,,,,,,,,,,,,,,,,,,,,,,,,,,,,,,,,,,,,,,,0,14,14,14,1,,,,,,,,,,,,,,,,,,,,
2470.512,2,Aa-SBJ-N5-JUMP-INTR.mp4,Aa-SBJ-N5-JUMP-INTR.mp3,2475.5235,mouse_continue,5.0116,,,,,,,2,Aa-SBJ-N5-JUMP-INTR.mp4,Aa-SBJ-N5-JUMP-INTR.mp3,590950,2006.09.19,2026-05-10_22h15.10.303,BrocantoHPilot1WOSession3,2025.2.4,Win32,60.24096386,,,,,,,,,,,,,,,,,,,,,,,,,,,,,,,,,,,,,,,,,,,,,,,,,,,,,,,,,,,,,,,,,0,15,15,15,1,,,,,,,,,,,,,,,,,,,,
2475.5256,2,Ab-OBJ-N5-Aa-SBJ-N5-PUSH-TR.mp4,Ab-OBJ-N5-Aa-SBJ-N5-PUSH-TR.mp3,2480.572,mouse_continue,5.0468,,,,,,,2,Ab-OBJ-N5-Aa-SBJ-N5-PUSH-TR.mp4,Ab-OBJ-N5-Aa-SBJ-N5-PUSH-TR.mp3,590950,2006.09.19,2026-05-10_22h15.10.303,BrocantoHPilot1WOSession3,2025.2.4,Win32,60.24096386,,,,,,,,,,,,,,,,,,,,,,,,,,,,,,,,,,,,,,,,,,,,,,,,,,,,,,,,,,,,,,,,,0,16,16,16,1,,,,,,,,,,,,,,,,,,,,
2480.5757,2,Ab-OBJ-N5-SBJ-N3-HIDE-TR-Ab-LOC-N4.mp4,Ab-OBJ-N5-SBJ-N3-HIDE-TR-Ab-LOC-N4.mp3,2485.5869,mouse_continue,5.0119,,,,,,,2,Ab-OBJ-N5-SBJ-N3-HIDE-TR-Ab-LOC-N4.mp4,Ab-OBJ-N5-SBJ-N3-HIDE-TR-Ab-LOC-N4.mp3,590950,2006.09.19,2026-05-10_22h15.10.303,BrocantoHPilot1WOSession3,2025.2.4,Win32,60.24096386,,,,,,,,,,,,,,,,,,,,,,,,,,,,,,,,,,,,,,,,,,,,,,,,,,,,,,,,,,,,,,,,,0,17,17,17,1,,,,,,,,,,,,,,,,,,,,
2485.5909,2,SBJ-N3-GO-INTR.mp4,SBJ-N3-GO-INTR.mp3,2490.9347,mouse_continue,5.3442,,,,,,,2,SBJ-N3-GO-INTR.mp4,SBJ-N3-GO-INTR.mp3,590950,2006.09.19,2026-05-10_22h15.10.303,BrocantoHPilot1WOSession3,2025.2.4,Win32,60.24096386,,,,,,,,,,,,,,,,,,,,,,,,,,,,,,,,,,,,,,,,,,,,,,,,,,,,,,,,,,,,,,,,,0,18,18,18,1,,,,,,,,,,,,,,,,,,,,
2490.937,2,Ab-OBJ-N5-SBJ-N4-REVEAL-TR-LOC-N3.mp4,Ab-OBJ-N5-SBJ-N4-REVEAL-TR-LOC-N3.mp3,2495.9497,mouse_continue,5.0133,,,,,,,2,Ab-OBJ-N5-SBJ-N4-REVEAL-TR-LOC-N3.mp4,Ab-OBJ-N5-SBJ-N4-REVEAL-TR-LOC-N3.mp3,590950,2006.09.19,2026-05-10_22h15.10.303,BrocantoHPilot1WOSession3,2025.2.4,Win32,60.24096386,,,,,,,,,,,,,,,,,,,,,,,,,,,,,,,,,,,,,,,,,,,,,,,,,,,,,,,,,,,,,,,,,0,19,19,19,1,,,,,,,,,,,,,,,,,,,,
2495.9525,2,Ab-OBJ-N5-Aa-SBJ-N5-HIDE-TR.mp4,Ab-OBJ-N5-Aa-SBJ-N5-HIDE-TR.mp3,2501.4212,mouse_continue,5.4689,,,,,,,2,Ab-OBJ-N5-Aa-SBJ-N5-HIDE-TR.mp4,Ab-OBJ-N5-Aa-SBJ-N5-HIDE-TR.mp3,590950,2006.09.19,2026-05-10_22h15.10.303,BrocantoHPilot1WOSession3,2025.2.4,Win32,60.24096386,,,,,,,,,,,,,,,,,,,,,,,,,,,,,,,,,,,,,,,,,,,,,,,,,,,,,,,,,,,,,,,,,0,20,20,20,1,,,,,,,,,,,,,,,,,,,,
2501.4248,2,SBJ-N3-REVEAL-INTR-Ab-LOC-N5.mp4,SBJ-N3-REVEAL-INTR-Ab-LOC-N5.mp3,2507.8961,mouse_continue,6.4717,,,,,,,2,SBJ-N3-REVEAL-INTR-Ab-LOC-N5.mp4,SBJ-N3-REVEAL-INTR-Ab-LOC-N5.mp3,590950,2006.09.19,2026-05-10_22h15.10.303,BrocantoHPilot1WOSession3,2025.2.4,Win32,60.24096386,,,,,,,,,,,,,,,,,,,,,,,,,,,,,,,,,,,,,,,,,,,,,,,,,,,,,,,,,,,,,,,,,0,21,21,21,1,,,,,,,,,,,,,,,,,,,,
2507.8998,2,OBJ-N5-SBJ-N4-PUSH-TR.mp4,OBJ-N5-SBJ-N4-PUSH-TR.mp3,2512.911,mouse_continue,5.0118,,,,,,,2,OBJ-N5-SBJ-N4-PUSH-TR.mp4,OBJ-N5-SBJ-N4-PUSH-TR.mp3,590950,2006.09.19,2026-05-10_22h15.10.303,BrocantoHPilot1WOSession3,2025.2.4,Win32,60.24096386,,,,,,,,,,,,,,,,,,,,,,,,,,,,,,,,,,,,,,,,,,,,,,,,,,,,,,,,,,,,,,,,,0,22,22,22,1,,,,,,,,,,,,,,,,,,,,
2512.9142,2,Ab-SBJ-N5-HIDE-INTR.mp4,Ab-SBJ-N5-HIDE-INTR.mp3,2518.1255,mouse_continue,5.2119,,,,,,,2,Ab-SBJ-N5-HIDE-INTR.mp4,Ab-SBJ-N5-HIDE-INTR.mp3,590950,2006.09.19,2026-05-10_22h15.10.303,BrocantoHPilot1WOSession3,2025.2.4,Win32,60.24096386,,,,,,,,,,,,,,,,,,,,,,,,,,,,,,,,,,,,,,,,,,,,,,,,,,,,,,,,,,,,,,,,,0,23,23,23,1,,,,,,,,,,,,,,,,,,,,
2518.1273,2,OBJ-N5-Ab-SBJ-N4-PUSH-TR-Ab-LOC-N3.mp4,OBJ-N5-Ab-SBJ-N4-PUSH-TR-Ab-LOC-N3.mp3,2523.1574,mouse_continue,5.0305,,,,,,,2,OBJ-N5-Ab-SBJ-N4-PUSH-TR-Ab-LOC-N3.mp4,OBJ-N5-Ab-SBJ-N4-PUSH-TR-Ab-LOC-N3.mp3,590950,2006.09.19,2026-05-10_22h15.10.303,BrocantoHPilot1WOSession3,2025.2.4,Win32,60.24096386,,,,,,,,,,,,,,,,,,,,,,,,,,,,,,,,,,,,,,,,,,,,,,,,,,,,,,,,,,,,,,,,,0,24,24,24,1,,,,,,,,,,,,,,,,,,,,
2523.1607,2,Ab-SBJ-N5-JUMP-INTR.mp4,Ab-SBJ-N5-JUMP-INTR.mp3,2528.3388,mouse_continue,5.1787,,,,,,,2,Ab-SBJ-N5-JUMP-INTR.mp4,Ab-SBJ-N5-JUMP-INTR.mp3,590950,2006.09.19,2026-05-10_22h15.10.303,BrocantoHPilot1WOSession3,2025.2.4,Win32,60.24096386,,,,,,,,,,,,,,,,,,,,,,,,,,,,,,,,,,,,,,,,,,,,,,,,,,,,,,,,,,,,,,,,,0,25,25,25,1,,,,,,,,,,,,,,,,,,,,
2528.3424,2,OBJ-N5-SBJ-N2-HIDE-TR.mp4,OBJ-N5-SBJ-N2-HIDE-TR.mp3,2533.4703,mouse_continue,5.1291,,,,,,,2,OBJ-N5-SBJ-N2-HIDE-TR.mp4,OBJ-N5-SBJ-N2-HIDE-TR.mp3,590950,2006.09.19,2026-05-10_22h15.10.303,BrocantoHPilot1WOSession3,2025.2.4,Win32,60.24096386,,,,,,,,,,,,,,,,,,,,,,,,,,,,,,,,,,,,,,,,,,,,,,,,,,,,,,,,,,,,,,,,,0,26,26,26,1,,,,,,,,,,,,,,,,,,,,
2533.472,2,OBJ-N5-Ab-SBJ-N2-REVEAL-TR-LOC-N4.mp4,OBJ-N5-Ab-SBJ-N2-REVEAL-TR-LOC-N4.mp3,2538.6579,mouse_continue,5.1863,,,,,,,2,OBJ-N5-Ab-SBJ-N2-REVEAL-TR-LOC-N4.mp4,OBJ-N5-Ab-SBJ-N2-REVEAL-TR-LOC-N4.mp3,590950,2006.09.19,2026-05-10_22h15.10.303,BrocantoHPilot1WOSession3,2025.2.4,Win32,60.24096386,,,,,,,,,,,,,,,,,,,,,,,,,,,,,,,,,,,,,,,,,,,,,,,,,,,,,,,,,,,,,,,,,0,27,27,27,1,,,,,,,,,,,,,,,,,,,,
2538.6592,2,Aa-SBJ-N5-HIDE-INTR.mp4,Aa-SBJ-N5-HIDE-INTR.mp3,2543.6735,mouse_continue,5.0144,,,,,,,2,Aa-SBJ-N5-HIDE-INTR.mp4,Aa-SBJ-N5-HIDE-INTR.mp3,590950,2006.09.19,2026-05-10_22h15.10.303,BrocantoHPilot1WOSession3,2025.2.4,Win32,60.24096386,,,,,,,,,,,,,,,,,,,,,,,,,,,,,,,,,,,,,,,,,,,,,,,,,,,,,,,,,,,,,,,,,0,28,28,28,1,,,,,,,,,,,,,,,,,,,,
2543.6752,2,OBJ-N5-SBJ-N2-HIDE-TR-LOC-N3.mp4,OBJ-N5-SBJ-N2-HIDE-TR-LOC-N3.mp3,2548.8819,mouse_continue,5.2069,,,,,,,2,OBJ-N5-SBJ-N2-HIDE-TR-LOC-N3.mp4,OBJ-N5-SBJ-N2-HIDE-TR-LOC-N3.mp3,590950,2006.09.19,2026-05-10_22h15.10.303,BrocantoHPilot1WOSession3,2025.2.4,Win32,60.24096386,,,,,,,,,,,,,,,,,,,,,,,,,,,,,,,,,,,,,,,,,,,,,,,,,,,,,,,,,,,,,,,,,0,29,29,29,1,,,,,,,,,,,,,,,,,,,,
2548.8856,2,OBJ-N5-SBJ-N4-REVEAL-TR.mp4,OBJ-N5-SBJ-N4-REVEAL-TR.mp3,2553.9632,mouse_continue,5.0781,,,,,,,2,OBJ-N5-SBJ-N4-REVEAL-TR.mp4,OBJ-N5-SBJ-N4-REVEAL-TR.mp3,590950,2006.09.19,2026-05-10_22h15.10.303,BrocantoHPilot1WOSession3,2025.2.4,Win32,60.24096386,,,,,,,,,,,,,,,,,,,,,,,,,,,,,,,,,,,,,,,,,,,,,,,,,,,,,,,,,,,,,,,,,0,30,30,30,1,,,,,,,,,,,,,,,,,,,,
2553.9651,2,Ab-OBJ-N5-Ab-SBJ-N4-PUSH-TR.mp4,Ab-OBJ-N5-Ab-SBJ-N4-PUSH-TR.mp3,2559.095,mouse_continue,5.1302,,,,,,,2,Ab-OBJ-N5-Ab-SBJ-N4-PUSH-TR.mp4,Ab-OBJ-N5-Ab-SBJ-N4-PUSH-TR.mp3,590950,2006.09.19,2026-05-10_22h15.10.303,BrocantoHPilot1WOSession3,2025.2.4,Win32,60.24096386,,,,,,,,,,,,,,,,,,,,,,,,,,,,,,,,,,,,,,,,,,,,,,,,,,,,,,,,,,,,,,,,,0,31,31,31,1,,,,,,,,,,,,,,,,,,,,
2559.0971,2,Ab-SBJ-N5-GO-INTR.mp4,Ab-SBJ-N5-GO-INTR.mp3,2564.1671,mouse_continue,5.0707,,,,,,,2,Ab-SBJ-N5-GO-INTR.mp4,Ab-SBJ-N5-GO-INTR.mp3,590950,2006.09.19,2026-05-10_22h15.10.303,BrocantoHPilot1WOSession3,2025.2.4,Win32,60.24096386,,,,,,,,,,,,,,,,,,,,,,,,,,,,,,,,,,,,,,,,,,,,,,,,,,,,,,,,,,,,,,,,,0,32,32,32,1,,,,,,,,,,,,,,,,,,,,
2564.1706,2,SBJ-N5-JUMP-INTR.mp4,SBJ-N5-JUMP-INTR.mp3,2569.3081,mouse_continue,5.1384,,,,,,,2,SBJ-N5-JUMP-INTR.mp4,SBJ-N5-JUMP-INTR.mp3,590950,2006.09.19,2026-05-10_22h15.10.303,BrocantoHPilot1WOSession3,2025.2.4,Win32,60.24096386,,,,,,,,,,,,,,,,,,,,,,,,,,,,,,,,,,,,,,,,,,,,,,,,,,,,,,,,,,,,,,,,,0,33,33,33,1,,,,,,,,,,,,,,,,,,,,
2569.3091,2,SBJ-N3-HIDE-INTR-Aa-LOC-N2.mp4,SBJ-N3-HIDE-INTR-Aa-LOC-N2.mp3,2574.3231,mouse_continue,5.0143,,,,,,,2,SBJ-N3-HIDE-INTR-Aa-LOC-N2.mp4,SBJ-N3-HIDE-INTR-Aa-LOC-N2.mp3,590950,2006.09.19,2026-05-10_22h15.10.303,BrocantoHPilot1WOSession3,2025.2.4,Win32,60.24096386,,,,,,,,,,,,,,,,,,,,,,,,,,,,,,,,,,,,,,,,,,,,,,,,,,,,,,,,,,,,,,,,,0,34,34,34,1,,,,,,,,,,,,,,,,,,,,
2574.3274,2,Aa-SBJ-N1-GO-INTR-LOC-N4.mp4,Aa-SBJ-N1-GO-INTR-LOC-N4.mp3,2579.5615,mouse_continue,5.2352,,,,,,,2,Aa-SBJ-N1-GO-INTR-LOC-N4.mp4,Aa-SBJ-N1-GO-INTR-LOC-N4.mp3,590950,2006.09.19,2026-05-10_22h15.10.303,BrocantoHPilot1WOSession3,2025.2.4,Win32,60.24096386,,,,,,,,,,,,,,,,,,,,,,,,,,,,,,,,,,,,,,,,,,,,,,,,,,,,,,,,,,,,,,,,,0,35,35,35,1,,,,,,,,,,,,,,,,,,,,
2579.565,2,SBJ-N4-GO-INTR-Ab-LOC-N2.mp4,SBJ-N4-GO-INTR-Ab-LOC-N2.mp3,2584.6529,mouse_continue,5.0889,,,,,,,2,SBJ-N4-GO-INTR-Ab-LOC-N2.mp4,SBJ-N4-GO-INTR-Ab-LOC-N2.mp3,590950,2006.09.19,2026-05-10_22h15.10.303,BrocantoHPilot1WOSession3,2025.2.4,Win32,60.24096386,,,,,,,,,,,,,,,,,,,,,,,,,,,,,,,,,,,,,,,,,,,,,,,,,,,,,,,,,,,,,,,,,0,36,36,36,1,,,,,,,,,,,,,,,,,,,,
2584.6568,2,Ab-SBJ-N1-JUMP-INTR-Aa-LOC-N2.mp4,Ab-SBJ-N1-JUMP-INTR-Aa-LOC-N2.mp3,2589.668,mouse_continue,5.0119,,,,,,,2,Ab-SBJ-N1-JUMP-INTR-Aa-LOC-N2.mp4,Ab-SBJ-N1-JUMP-INTR-Aa-LOC-N2.mp3,590950,2006.09.19,2026-05-10_22h15.10.303,BrocantoHPilot1WOSession3,2025.2.4,Win32,60.24096386,,,,,,,,,,,,,,,,,,,,,,,,,,,,,,,,,,,,,,,,,,,,,,,,,,,,,,,,,,,,,,,,,0,37,37,37,1,,,,,,,,,,,,,,,,,,,,
2589.6716,2,Aa-SBJ-N2-HIDE-INTR-LOC-N1.mp4,Aa-SBJ-N2-HIDE-INTR-LOC-N1.mp3,2594.8658,mouse_continue,5.1954,,,,,,,2,Aa-SBJ-N2-HIDE-INTR-LOC-N1.mp4,Aa-SBJ-N2-HIDE-INTR-LOC-N1.mp3,590950,2006.09.19,2026-05-10_22h15.10.303,BrocantoHPilot1WOSession3,2025.2.4,Win32,60.24096386,,,,,,,,,,,,,,,,,,,,,,,,,,,,,,,,,,,,,,,,,,,,,,,,,,,,,,,,,,,,,,,,,0,38,38,38,1,,,,,,,,,,,,,,,,,,,,
2594.8672,2,Ab-OBJ-N5-SBJ-N3-REVEAL-TR-LOC-N2.mp4,Ab-OBJ-N5-SBJ-N3-REVEAL-TR-LOC-N2.mp3,2599.8815,mouse_continue,5.0143,,,,,,,2,Ab-OBJ-N5-SBJ-N3-REVEAL-TR-LOC-N2.mp4,Ab-OBJ-N5-SBJ-N3-REVEAL-TR-LOC-N2.mp3,590950,2006.09.19,2026-05-10_22h15.10.303,BrocantoHPilot1WOSession3,2025.2.4,Win32,60.24096386,,,,,,,,,,,,,,,,,,,,,,,,,,,,,,,,,,,,,,,,,,,,,,,,,,,,,,,,,,,,,,,,,0,39,39,39,1,,,,,,,,,,,,,,,,,,,,
2599.885,2,OBJ-N5-Ab-SBJ-N1-PUSH-TR-Ab-LOC-N3.mp4,OBJ-N5-Ab-SBJ-N1-PUSH-TR-Ab-LOC-N3.mp3,2604.9294,mouse_continue,5.0452,,,,,,,2,OBJ-N5-Ab-SBJ-N1-PUSH-TR-Ab-LOC-N3.mp4,OBJ-N5-Ab-SBJ-N1-PUSH-TR-Ab-LOC-N3.mp3,590950,2006.09.19,2026-05-10_22h15.10.303,BrocantoHPilot1WOSession3,2025.2.4,Win32,60.24096386,,,,,,,,,,,,,,,,,,,,,,,,,,,,,,,,,,,,,,,,,,,,,,,,,,,,,,,,,,,,,,,,,0,40,40,40,1,,,,,,,,,,,,,,,,,,,,
2604.9326,2,Ab-OBJ-N5-Aa-SBJ-N5-REVEAL-TR.mp4,Ab-OBJ-N5-Aa-SBJ-N5-REVEAL-TR.mp3,2610.028,mouse_continue,5.0961,,,,,,,2,Ab-OBJ-N5-Aa-SBJ-N5-REVEAL-TR.mp4,Ab-OBJ-N5-Aa-SBJ-N5-REVEAL-TR.mp3,590950,2006.09.19,2026-05-10_22h15.10.303,BrocantoHPilot1WOSession3,2025.2.4,Win32,60.24096386,,,,,,,,,,,,,,,,,,,,,,,,,,,,,,,,,,,,,,,,,,,,,,,,,,,,,,,,,,,,,,,,,0,41,41,41,1,,,,,,,,,,,,,,,,,,,,
,,,,,,,,,,,,,2,,,590950,2006.09.19,2026-05-10_22h15.10.303,BrocantoHPilot1WOSession3,2025.2.4,Win32,60.24096386,2612.8288,2,1,1,15.2828,1,15.5758,15.2828,2629.8771,,,,,,Ab-OBJ-N5-SBJ-N2-REVEAL-TR-LOC-N4.mp3,Ab-OBJ-N5-SBJ-N2-REVEAL-TR-LOC-N4.mp4,Aa-OBJ-N5-SBJ-N2-PUSH-TR-LOC-N4.mp4,,,,,,,,,,,,,,,,,,,,,,,,,,,,,,,,,,,,,,,,,,,,,,,,,,,,,0,0,0,0,1,,,,,,,,,,,,,,,
,,,,,,,,,,,,,2,,,590950,2006.09.19,2026-05-10_22h15.10.303,BrocantoHPilot1WOSession3,2025.2.4,Win32,60.24096386,2629.8778,2,2,2,15.4044,1,,15.4044,2646.8328,,,,,,Ab-SBJ-N5-REVEAL-INTR-Ab-LOC-N4.mp3,Ab-SBJ-N5-REVEAL-INTR-Ab-LOC-N4.mp4,Ab-SBJ-N5-GO-INTR-Ab-LOC-N4.mp4,,,,,,,,,,,,,,,,,,,,,,,,,,,,,,,,,,,,,,,,,,,,,,,,,,,,,0,1,1,1,1,,,,,,,,,,,,,,,
,,,,,,,,,,,,,2,,,590950,2006.09.19,2026-05-10_22h15.10.303,BrocantoHPilot1WOSession3,2025.2.4,Win32,60.24096386,2646.8335,2,2,2,11.9869,1,,11.9869,2660.3283,,,,,,Aa-SBJ-N5-GO-INTR.mp3,Aa-SBJ-N5-GO-INTR.mp4,Ab-SBJ-N5-GO-INTR.mp4,,,,,,,,,,,,,,,,,,,,,,,,,,,,,,,,,,,,,,,,,,,,,,,,,,,,,0,2,2,2,1,,,,,,,,,,,,,,,
,,,,,,,,,,,,,2,,,590950,2006.09.19,2026-05-10_22h15.10.303,BrocantoHPilot1WOSession3,2025.2.4,Win32,60.24096386,2660.3291,2,2,1,14.984,0,15.7259,14.984,2677.522,,,,,,Ab-OBJ-N5-SBJ-N2-HIDE-TR.mp3,Ab-OBJ-N5-SBJ-N2-HIDE-TR.mp4,OBJ-N2-Aa-SBJ-N5-HIDE-TR.mp4,,,,,,,,,,,,,,,,,,,,,,,,,,,,,,,,,,,,,,,,,,,,,,,,,,,,,0,3,3,3,1,,,,,,,,,,,,,,,
,,,,,,,,,,,,,2,,,590950,2006.09.19,2026-05-10_22h15.10.303,BrocantoHPilot1WOSession3,2025.2.4,Win32,60.24096386,2677.5228,2,2,2,14.1602,1,,14.1602,2693.3667,,,,,,SBJ-N2-REVEAL-INTR-LOC-N3.mp3,SBJ-N2-REVEAL-INTR-LOC-N3.mp4,SBJ-N3-JUMP-INTR-LOC-N2.mp4,,,,,,,,,,,,,,,,,,,,,,,,,,,,,,,,,,,,,,,,,,,,,,,,,,,,,0,4,4,4,1,,,,,,,,,,,,,,,
,,,,,,,,,,,,,2,,,590950,2006.09.19,2026-05-10_22h15.10.303,BrocantoHPilot1WOSession3,2025.2.4,Win32,60.24096386,2693.3675,2,1,1,13.48,1,14.4353,13.48,2708.9614,,,,,,OBJ-N5-Ab-SBJ-N4-PUSH-TR-LOC-N2.mp3,OBJ-N5-Ab-SBJ-N4-PUSH-TR-LOC-N2.mp4,Ab-OBJ-N4-SBJ-N5-PUSH-TR-LOC-N2.mp4,,,,,,,,,,,,,,,,,,,,,,,,,,,,,,,,,,,,,,,,,,,,,,,,,,,,,0,5,5,5,1,,,,,,,,,,,,,,,
,,,,,,,,,,,,,2,,,590950,2006.09.19,2026-05-10_22h15.10.303,BrocantoHPilot1WOSession3,2025.2.4,Win32,60.24096386,2708.9619,2,2,2,13.9846,1,14.0106,13.9846,2725.3727,,,,,,Ab-OBJ-N5-SBJ-N2-HIDE-TR.mp3,Ab-OBJ-N5-SBJ-N2-HIDE-TR.mp4,Aa-OBJ-N5-SBJ-N2-PUSH-TR.mp4,,,,,,,,,,,,,,,,,,,,,,,,,,,,,,,,,,,,,,,,,,,,,,,,,,,,,0,6,6,6,1,,,,,,,,,,,,,,,
,,,,,,,,,,,,,2,,,590950,2006.09.19,2026-05-10_22h15.10.303,BrocantoHPilot1WOSession3,2025.2.4,Win32,60.24096386,2725.3735,2,1,1,12.6034,1,,12.6034,2739.9343,,,,,,Ab-OBJ-N5-SBJ-N3-PUSH-TR-Ab-LOC-N1.mp3,Ab-OBJ-N5-SBJ-N3-PUSH-TR-Ab-LOC-N1.mp4,Ab-OBJ-N5-SBJ-N3-HIDE-TR-Ab-LOC-N1.mp4,,,,,,,,,,,,,,,,,,,,,,,,,,,,,,,,,,,,,,,,,,,,,,,,,,,,,0,7,7,7,1,,,,,,,,,,,,,,,
,,,,,,,,,,,,,2,,,590950,2006.09.19,2026-05-10_22h15.10.303,BrocantoHPilot1WOSession3,2025.2.4,Win32,60.24096386,2739.935,2,2,2,11.8944,1,12.2611,11.8944,2755.3125,,,,,,SBJ-N4-JUMP-INTR.mp3,SBJ-N4-JUMP-INTR.mp4,SBJ-N4-HIDE-INTR.mp4,,,,,,,,,,,,,,,,,,,,,,,,,,,,,,,,,,,,,,,,,,,,,,,,,,,,,0,8,8,8,1,,,,,,,,,,,,,,,
,,,,,,,,,,,,,2,,,590950,2006.09.19,2026-05-10_22h15.10.303,BrocantoHPilot1WOSession3,2025.2.4,Win32,60.24096386,2755.3132,2,1,1,12.7712,1,,12.7712,2769.6577,,,,,,SBJ-N3-REVEAL-INTR-Ab-LOC-N5.mp3,SBJ-N3-REVEAL-INTR-Ab-LOC-N5.mp4,Aa-SBJ-N5-REVEAL-INTR-LOC-N3.mp4,,,,,,,,,,,,,,,,,,,,,,,,,,,,,,,,,,,,,,,,,,,,,,,,,,,,,0,9,9,9,1,,,,,,,,,,,,,,,
,,,,,,,,,,,,,2,,,590950,2006.09.19,2026-05-10_22h15.10.303,BrocantoHPilot1WOSession3,2025.2.4,Win32,60.24096386,2769.6586,2,1,1,13.2775,1,,13.2775,2784.8192,,,,,,Ab-SBJ-N5-HIDE-INTR.mp3,Ab-SBJ-N5-HIDE-INTR.mp4,Aa-SBJ-N5-HIDE-INTR.mp4,,,,,,,,,,,,,,,,,,,,,,,,,,,,,,,,,,,,,,,,,,,,,,,,,,,,,0,10,10,10,1,,,,,,,,,,,,,,,
,,,,,,,,,,,,,2,,,590950,2006.09.19,2026-05-10_22h15.10.303,BrocantoHPilot1WOSession3,2025.2.4,Win32,60.24096386,2784.8199,2,2,2,14.2767,1,14.1273,14.2767,2801.3639,,,,,,Ab-OBJ-N5-Ab-SBJ-N2-REVEAL-TR.mp3,Ab-OBJ-N5-Ab-SBJ-N2-REVEAL-TR.mp4,Ab-OBJ-N2-Ab-SBJ-N5-PUSH-TR.mp4,,,,,,,,,,,,,,,,,,,,,,,,,,,,,,,,,,,,,,,,,,,,,,,,,,,,,0,11,11,11,1,,,,,,,,,,,,,,,
,,,,,,,,,,,,,2,,,590950,2006.09.19,2026-05-10_22h15.10.303,BrocantoHPilot1WOSession3,2025.2.4,Win32,60.24096386,2801.3645,2,1,1,12.4777,1,,12.4777,2815.7923,,,,,,SBJ-N5-REVEAL-INTR-LOC-N4.mp3,SBJ-N5-REVEAL-INTR-LOC-N4.mp4,SBJ-N4-REVEAL-INTR-LOC-N5.mp4,,,,,,,,,,,,,,,,,,,,,,,,,,,,,,,,,,,,,,,,,,,,,,,,,,,,,0,12,12,12,1,,,,,,,,,,,,,,,
,,,,,,,,,,,,,2,,,590950,2006.09.19,2026-05-10_22h15.10.303,BrocantoHPilot1WOSession3,2025.2.4,Win32,60.24096386,2815.793,2,2,2,14.3175,1,15.1266,14.3175,2832.0531,,,,,,OBJ-N5-SBJ-N1-REVEAL-TR-LOC-N3.mp3,OBJ-N5-SBJ-N1-REVEAL-TR-LOC-N3.mp4,OBJ-N3-SBJ-N1-PUSH-TR-LOC-N5.mp4,,,,,,,,,,,,,,,,,,,,,,,,,,,,,,,,,,,,,,,,,,,,,,,,,,,,,0,13,13,13,1,,,,,,,,,,,,,,,
,,,,,,,,,,,,,2,,,590950,2006.09.19,2026-05-10_22h15.10.303,BrocantoHPilot1WOSession3,2025.2.4,Win32,60.24096386,2832.0538,2,2,2,14.6975,1,,14.6975,2849.547,,,,,,SBJ-N1-REVEAL-INTR-Ab-LOC-N5.mp3,SBJ-N1-REVEAL-INTR-Ab-LOC-N5.mp4,SBJ-N1-HIDE-INTR-Aa-LOC-N5.mp4,,,,,,,,,,,,,,,,,,,,,,,,,,,,,,,,,,,,,,,,,,,,,,,,,,,,,0,14,14,14,1,,,,,,,,,,,,,,,
,,,,,,,,,,,,,2,,,590950,2006.09.19,2026-05-10_22h15.10.303,BrocantoHPilot1WOSession3,2025.2.4,Win32,60.24096386,2849.5477,2,2,2,13.1442,1,,13.1442,2864.5423,,,,,,Ab-OBJ-N5-SBJ-N3-HIDE-TR-Ab-LOC-N1.mp3,Ab-OBJ-N5-SBJ-N3-HIDE-TR-Ab-LOC-N1.mp4,OBJ-N3-Ab-SBJ-N5-HIDE-TR-Aa-LOC-N1.mp4,,,,,,,,,,,,,,,,,,,,,,,,,,,,,,,,,,,,,,,,,,,,,,,,,,,,,0,15,15,15,1,,,,,,,,,,,,,,,
,,,,,,,,,,,,,2,,,590950,2006.09.19,2026-05-10_22h15.10.303,BrocantoHPilot1WOSession3,2025.2.4,Win32,60.24096386,2864.5431,2,1,1,12.7104,1,,12.7104,2879.2365,,,,,,Aa-SBJ-N5-HIDE-INTR.mp3,Aa-SBJ-N5-HIDE-INTR.mp4,Ab-SBJ-N5-HIDE-INTR.mp4,,,,,,,,,,,,,,,,,,,,,,,,,,,,,,,,,,,,,,,,,,,,,,,,,,,,,0,16,16,16,1,,,,,,,,,,,,,,,
,,,,,,,,,,,,,2,,,590950,2006.09.19,2026-05-10_22h15.10.303,BrocantoHPilot1WOSession3,2025.2.4,Win32,60.24096386,2879.2368,2,1,1,10.5131,1,,10.5131,2891.8661,,,,,,Ab-OBJ-N5-Aa-SBJ-N5-PUSH-TR.mp3,Ab-OBJ-N5-Aa-SBJ-N5-PUSH-TR.mp4,Aa-OBJ-N5-Ab-SBJ-N5-PUSH-TR.mp4,,,,,,,,,,,,,,,,,,,,,,,,,,,,,,,,,,,,,,,,,,,,,,,,,,,,,0,17,17,17,1,,,,,,,,,,,,,,,
,,,,,,,,,,,,,2,,,590950,2006.09.19,2026-05-10_22h15.10.303,BrocantoHPilot1WOSession3,2025.2.4,Win32,60.24096386,2891.8669,2,2,2,13.902,1,13.1614,13.902,2907.5171,,,,,,SBJ-N2-GO-INTR.mp3,SBJ-N2-GO-INTR.mp4,SBJ-N2-JUMP-INTR.mp4,,,,,,,,,,,,,,,,,,,,,,,,,,,,,,,,,,,,,,,,,,,,,,,,,,,,,0,18,18,18,1,,,,,,,,,,,,,,,
,,,,,,,,,,,,,2,,,590950,2006.09.19,2026-05-10_22h15.10.303,BrocantoHPilot1WOSession3,2025.2.4,Win32,60.24096386,2907.5178,2,1,1,14.3905,1,14.8043,14.3905,2923.7391,,,,,,Ab-SBJ-N4-REVEAL-INTR-LOC-N2.mp3,Ab-SBJ-N4-REVEAL-INTR-LOC-N2.mp4,Aa-SBJ-N4-HIDE-INTR-LOC-N2.mp4,,,,,,,,,,,,,,,,,,,,,,,,,,,,,,,,,,,,,,,,,,,,,,,,,,,,,0,19,19,19,1,,,,,,,,,,,,,,,
,,,,,,,,,,,,,2,,,590950,2006.09.19,2026-05-10_22h15.10.303,BrocantoHPilot1WOSession3,2025.2.4,Win32,60.24096386,2923.7398,2,1,1,14.3932,1,,14.3932,2939.6994,,,,,,Ab-OBJ-N5-SBJ-N2-HIDE-TR-Ab-LOC-N4.mp3,Ab-OBJ-N5-SBJ-N2-HIDE-TR-Ab-LOC-N4.mp4,OBJ-N2-Aa-SBJ-N5-HIDE-TR-Ab-LOC-N4.mp4,,,,,,,,,,,,,,,,,,,,,,,,,,,,,,,,,,,,,,,,,,,,,,,,,,,,,0,20,20,20,1,,,,,,,,,,,,,,,
,,,,,,,,,,,,,2,,,590950,2006.09.19,2026-05-10_22h15.10.303,BrocantoHPilot1WOSession3,2025.2.4,Win32,60.24096386,2939.6999,2,2,2,12.5206,1,12.6953,12.5206,2953.9951,,,,,,OBJ-N5-Ab-SBJ-N1-PUSH-TR.mp3,OBJ-N5-Ab-SBJ-N1-PUSH-TR.mp4,OBJ-N5-Aa-SBJ-N1-PUSH-TR.mp4,,,,,,,,,,,,,,,,,,,,,,,,,,,,,,,,,,,,,,,,,,,,,,,,,,,,,0,21,21,21,1,,,,,,,,,,,,,,,
,,,,,,,,,,,,,2,,,590950,2006.09.19,2026-05-10_22h15.10.303,BrocantoHPilot1WOSession3,2025.2.4,Win32,60.24096386,2953.996,2,2,2,14.3602,1,14.8852,14.3602,2969.9229,,,,,,Ab-SBJ-N3-JUMP-INTR.mp3,Ab-SBJ-N3-JUMP-INTR.mp4,Aa-SBJ-N3-REVEAL-INTR.mp4,,,,,,,,,,,,,,,,,,,,,,,,,,,,,,,,,,,,,,,,,,,,,,,,,,,,,0,22,22,22,1,,,,,,,,,,,,,,,
,,,,,,,,,,,,,2,,,590950,2006.09.19,2026-05-10_22h15.10.303,BrocantoHPilot1WOSession3,2025.2.4,Win32,60.24096386,2969.9237,2,1,1,13.361,1,,13.361,2985.1847,,,,,,Ab-OBJ-N5-Ab-SBJ-N3-REVEAL-TR-LOC-N4.mp3,Ab-OBJ-N5-Ab-SBJ-N3-REVEAL-TR-LOC-N4.mp4,Ab-OBJ-N3-Ab-SBJ-N5-PUSH-TR-LOC-N4.mp4,,,,,,,,,,,,,,,,,,,,,,,,,,,,,,,,,,,,,,,,,,,,,,,,,,,,,0,23,23,23,1,,,,,,,,,,,,,,,
,,,,,,,,,,,,,2,,,590950,2006.09.19,2026-05-10_22h15.10.303,BrocantoHPilot1WOSession3,2025.2.4,Win32,60.24096386,2985.186,2,2,2,12.877,1,13.6765,12.877,3000.6295,,,,,,OBJ-N5-Ab-SBJ-N4-PUSH-TR.mp3,OBJ-N5-Ab-SBJ-N4-PUSH-TR.mp4,Ab-OBJ-N4-SBJ-N5-PUSH-TR.mp4,,,,,,,,,,,,,,,,,,,,,,,,,,,,,,,,,,,,,,,,,,,,,,,,,,,,,0,24,24,24,1,,,,,,,,,,,,,,,
,,,,,,,,,,,,,2,,,590950,2006.09.19,2026-05-10_22h15.10.303,BrocantoHPilot1WOSession3,2025.2.4,Win32,60.24096386,3000.6303,2,1,1,15.7366,1,16.0841,15.7366,3018.0236,,,,,,Ab-OBJ-N5-Ab-SBJ-N2-HIDE-TR-LOC-N4.mp3,Ab-OBJ-N5-Ab-SBJ-N2-HIDE-TR-LOC-N4.mp4,Ab-OBJ-N5-Ab-SBJ-N2-REVEAL-TR-LOC-N4.mp4,,,,,,,,,,,,,,,,,,,,,,,,,,,,,,,,,,,,,,,,,,,,,,,,,,,,,0,25,25,25,1,,,,,,,,,,,,,,,
,,,,,,,,,,,,,2,,,590950,2006.09.19,2026-05-10_22h15.10.303,BrocantoHPilot1WOSession3,2025.2.4,Win32,60.24096386,3018.0247,2,1,1,15.2266,1,,15.2266,3034.8675,,,,,,OBJ-N5-Ab-SBJ-N4-REVEAL-TR.mp3,OBJ-N5-Ab-SBJ-N4-REVEAL-TR.mp4,Aa-OBJ-N4-SBJ-N5-REVEAL-TR.mp4,,,,,,,,,,,,,,,,,,,,,,,,,,,,,,,,,,,,,,,,,,,,,,,,,,,,,0,26,26,26,1,,,,,,,,,,,,,,,
,,,,,,,,,,,,,2,,,590950,2006.09.19,2026-05-10_22h15.10.303,BrocantoHPilot1WOSession3,2025.2.4,Win32,60.24096386,3034.868,2,1,1,12.5947,1,12.9823,12.5947,3049.2632,,,,,,SBJ-N4-HIDE-INTR.mp3,SBJ-N4-HIDE-INTR.mp4,SBJ-N4-GO-INTR.mp4,,,,,,,,,,,,,,,,,,,,,,,,,,,,,,,,,,,,,,,,,,,,,,,,,,,,,0,27,27,27,1,,,,,,,,,,,,,,,
,,,,,,,,,,,,,2,,,590950,2006.09.19,2026-05-10_22h15.10.303,BrocantoHPilot1WOSession3,2025.2.4,Win32,60.24096386,3049.2639,2,1,1,13.6269,1,,13.6269,3064.9579,,,,,,Ab-SBJ-N3-GO-INTR.mp3,Ab-SBJ-N3-GO-INTR.mp4,Aa-SBJ-N3-GO-INTR.mp4,,,,,,,,,,,,,,,,,,,,,,,,,,,,,,,,,,,,,,,,,,,,,,,,,,,,,0,28,28,28,1,,,,,,,,,,,,,,,
,,,,,,,,,,,,,2,,,590950,2006.09.19,2026-05-10_22h15.10.303,BrocantoHPilot1WOSession3,2025.2.4,Win32,60.24096386,3064.9593,2,2,1,16.9334,0,16.9922,16.9334,3083.9015,,,,,,OBJ-N5-Ab-SBJ-N1-PUSH-TR-Ab-LOC-N4.mp3,OBJ-N5-Ab-SBJ-N1-PUSH-TR-Ab-LOC-N4.mp4,OBJ-N5-Ab-SBJ-N4-HIDE-TR-Ab-LOC-N1.mp4,,,,,,,,,,,,,,,,,,,,,,,,,,,,,,,,,,,,,,,,,,,,,,,,,,,,,0,29,29,29,1,,,,,,,,,,,,,,,
,,,,,,,,,,,,,2,,,590950,2006.09.19,2026-05-10_22h15.10.303,BrocantoHPilot1WOSession3,2025.2.4,Win32,60.24096386,3083.9022,2,1,1,13.5435,1,,13.5435,3098.9794,,,,,,Aa-OBJ-N5-Ab-SBJ-N5-REVEAL-TR.mp3,Aa-OBJ-N5-Ab-SBJ-N5-REVEAL-TR.mp4,Ab-OBJ-N5-Aa-SBJ-N5-REVEAL-TR.mp4,,,,,,,,,,,,,,,,,,,,,,,,,,,,,,,,,,,,,,,,,,,,,,,,,,,,,0,30,30,30,1,,,,,,,,,,,,,,,
,,,,,,,,,,,,,2,,,590950,2006.09.19,2026-05-10_22h15.10.303,BrocantoHPilot1WOSession3,2025.2.4,Win32,60.24096386,3098.9805,2,1,1,11.1778,1,11.9634,11.1778,3111.9914,,,,,,Ab-SBJ-N5-JUMP-INTR.mp3,Ab-SBJ-N5-JUMP-INTR.mp4,Aa-SBJ-N5-GO-INTR.mp4,,,,,,,,,,,,,,,,,,,,,,,,,,,,,,,,,,,,,,,,,,,,,,,,,,,,,0,31,31,31,1,,,,,,,,,,,,,,,
,,,,,,,,,,,,,2,,,590950,2006.09.19,2026-05-10_22h15.10.303,BrocantoHPilot1WOSession3,2025.2.4,Win32,60.24096386,3111.9921,2,1,1,12.8443,1,12.7614,12.8443,3126.4534,,,,,,OBJ-N5-SBJ-N2-HIDE-TR.mp3,OBJ-N5-SBJ-N2-HIDE-TR.mp4,OBJ-N2-SBJ-N5-PUSH-TR.mp4,,,,,,,,,,,,,,,,,,,,,,,,,,,,,,,,,,,,,,,,,,,,,,,,,,,,,0,32,32,32,1,,,,,,,,,,,,,,,
,,,,,,,,,,,,,2,,,590950,2006.09.19,2026-05-10_22h15.10.303,BrocantoHPilot1WOSession3,2025.2.4,Win32,60.24096386,3126.4543,2,1,1,14.7974,1,12.6613,14.7974,3143.1472,,,,,,Ab-SBJ-N4-HIDE-INTR.mp3,Ab-SBJ-N4-HIDE-INTR.mp4,Aa-SBJ-N4-HIDE-INTR.mp4,,,,,,,,,,,,,,,,,,,,,,,,,,,,,,,,,,,,,,,,,,,,,,,,,,,,,0,33,33,33,1,,,,,,,,,,,,,,,
,,,,,,,,,,,,,2,,,590950,2006.09.19,2026-05-10_22h15.10.303,BrocantoHPilot1WOSession3,2025.2.4,Win32,60.24096386,3143.1475,2,1,1,13.3118,1,,13.3118,3158.5478,,,,,,Ab-SBJ-N1-JUMP-INTR-Aa-LOC-N4.mp3,Ab-SBJ-N1-JUMP-INTR-Aa-LOC-N4.mp4,Aa-SBJ-N4-JUMP-INTR-Aa-LOC-N1.mp4,,,,,,,,,,,,,,,,,,,,,,,,,,,,,,,,,,,,,,,,,,,,,,,,,,,,,0,34,34,34,1,,,,,,,,,,,,,,,
,,,,,,,,,,,,,2,,,590950,2006.09.19,2026-05-10_22h15.10.303,BrocantoHPilot1WOSession3,2025.2.4,Win32,60.24096386,3158.5484,2,1,1,19.0041,1,16.2716,19.0041,3179.2187,,,,,,Aa-SBJ-N5-GO-INTR-Ab-LOC-N3.mp3,Aa-SBJ-N5-GO-INTR-Ab-LOC-N3.mp4,Ab-SBJ-N3-GO-INTR-Aa-LOC-N5.mp4,,,,,,,,,,,,,,,,,,,,,,,,,,,,,,,,,,,,,,,,,,,,,,,,,,,,,0,35,35,35,1,,,,,,,,,,,,,,,
,,,,,,,,,,,,,2,,,590950,2006.09.19,2026-05-10_22h15.10.303,BrocantoHPilot1WOSession3,2025.2.4,Win32,60.24096386,3179.2195,2,1,1,17.1762,1,17.0767,17.1762,3198.5134,,,,,,SBJ-N1-GO-INTR-Aa-LOC-N4.mp3,SBJ-N1-GO-INTR-Aa-LOC-N4.mp4,SBJ-N1-JUMP-INTR-Ab-LOC-N4.mp4,,,,,,,,,,,,,,,,,,,,,,,,,,,,,,,,,,,,,,,,,,,,,,,,,,,,,0,36,36,36,1,,,,,,,,,,,,,,,
,,,,,,,,,,,,,2,,,590950,2006.09.19,2026-05-10_22h15.10.303,BrocantoHPilot1WOSession3,2025.2.4,Win32,60.24096386,3198.5141,2,2,2,15.7246,1,,15.7246,3215.8396,,,,,,Aa-SBJ-N2-HIDE-INTR-Ab-LOC-N5.mp3,Aa-SBJ-N2-HIDE-INTR-Ab-LOC-N5.mp4,Aa-SBJ-N2-GO-INTR-Ab-LOC-N5.mp4,,,,,,,,,,,,,,,,,,,,,,,,,,,,,,,,,,,,,,,,,,,,,,,,,,,,,0,37,37,37,1,,,,,,,,,,,,,,,
,,,,,,,,,,,,,2,,,590950,2006.09.19,2026-05-10_22h15.10.303,BrocantoHPilot1WOSession3,2025.2.4,Win32,60.24096386,3215.8404,2,2,2,11.4231,1,12.5582,11.4231,3229.9187,,,,,,SBJ-N4-JUMP-INTR-Aa-LOC-N5.mp3,SBJ-N4-JUMP-INTR-Aa-LOC-N5.mp4,Ab-SBJ-N5-JUMP-INTR-LOC-N4.mp4,,,,,,,,,,,,,,,,,,,,,,,,,,,,,,,,,,,,,,,,,,,,,,,,,,,,,0,38,38,38,1,,,,,,,,,,,,,,,
,,,,,,,,,,,,,2,,,590950,2006.09.19,2026-05-10_22h15.10.303,BrocantoHPilot1WOSession3,2025.2.4,Win32,60.24096386,3229.9192,2,1,2,20.208,0,20.7413,20.208,3251.8777,,,,,,OBJ-N5-Ab-SBJ-N3-HIDE-TR-Ab-LOC-N4.mp3,OBJ-N5-Ab-SBJ-N3-HIDE-TR-Ab-LOC-N4.mp4,OBJ-N5-Ab-SBJ-N3-HIDE-TR-Aa-LOC-N4.mp4,,,,,,,,,,,,,,,,,,,,,,,,,,,,,,,,,,,,,,,,,,,,,,,,,,,,,0,39,39,39,1,,,,,,,,,,,,,,,
,,,,,,,,,,,,,2,,,590950,2006.09.19,2026-05-10_22h15.10.303,BrocantoHPilot1WOSession3,2025.2.4,Win32,60.24096386,3251.8785,2,2,2,21.341,1,,21.341,3275.02,,,,,,Ab-OBJ-N5-Ab-SBJ-N3-REVEAL-TR-LOC-N4.mp3,Ab-OBJ-N5-Ab-SBJ-N3-REVEAL-TR-LOC-N4.mp4,Ab-OBJ-N5-SBJ-N4-HIDE-TR-Ab-LOC-N3.mp4,,,,,,,,,,,,,,,,,,,,,,,,,,,,,,,,,,,,,,,,,,,,,,,,,,,,,0,40,40,40,1,,,,,,,,,,,,,,,
,,,,,,,,,,,,,2,,,590950,2006.09.19,2026-05-10_22h15.10.303,BrocantoHPilot1WOSession3,2025.2.4,Win32,60.24096386,3275.0215,2,2,2,12.0599,1,,12.0599,3288.9153,,,,,,OBJ-N5-Ab-SBJ-N3-PUSH-TR.mp3,OBJ-N5-Ab-SBJ-N3-PUSH-TR.mp4,Ab-OBJ-N3-SBJ-N5-PUSH-TR.mp4,,,,,,,,,,,,,,,,,,,,,,,,,,,,,,,,,,,,,,,,,,,,,,,,,,,,,0,41,41,41,1,,,,,,,,,,,,,,,
,,,,,,,,,,,,,2,,,590950,2006.09.19,2026-05-10_22h15.10.303,BrocantoHPilot1WOSession3,2025.2.4,Win32,60.24096386,,,,,,,,,,,,,,,Ab SBJ.N4 REVEAL-INTR LOC.N3,,,3291.6513,2,Ab-SBJ-N4-REVEAL-INTR-LOC-N3.mp4,Ab|N4|REVEAL|N3,N5|N4|Aa|REVEAL|GO|HIDE|Ab|N3,zsot|dabi|girda|zilép,timó|dabi|gyék|girda|kávler|zsübe|zsot|zilép,1,8.3933,32.6363,zsot dabi girda zilép,3326.6697,,,,,,Ab-SBJ-N4-REVEAL-INTR-LOC-N3.mp4,Ab|N4|REVEAL|N3,N5|N4|Aa|REVEAL|GO|HIDE|Ab|N3,zsot dabi girda zilép,zsot|dabi|girda|zilép,timó|dabi|gyék|girda|kávler|zsübe|zsot|zilép,,,,,,,,,,,,,,,,,,,,,,,,,,,,,,,,,,,0,0,0,0,1,,,,,,,,,,
,,,,,,,,,,,,,2,,,590950,2006.09.19,2026-05-10_22h15.10.303,BrocantoHPilot1WOSession3,2025.2.4,Win32,60.24096386,,,,,,,,,,,,,,,OBJ.N5 Ab SBJ.N4 PUSH-TR Ab LOC.N3,,,3327.1865,2,OBJ-N5-Ab-SBJ-N4-PUSH-TR-Ab-LOC-N3.mp4,N5|Ab|N4|PUSH|Ab|N3,GO|N3|JUMP|N1|Ab|N4|PUSH|N5|Ab|N2,timó|zsot|dabi|vánta|zsot|zilép,kávler|zilép|bonip|pekli|zsot|dabi|vánta|timó|zsot|murak,1,4.8319,28.8887,timó zsot dabi vánta zsot zilép,3358.1153,,,,,,OBJ-N5-Ab-SBJ-N4-PUSH-TR-Ab-LOC-N3.mp4,N5|Ab|N4|PUSH|Ab|N3,GO|N3|JUMP|N1|Ab|N4|PUSH|N5|Ab|N2,timó zsot dabi vánta zsot zilép,timó|zsot|dabi|vánta|zsot|zilép,kávler|zilép|bonip|pekli|zsot|dabi|vánta|timó|zsot|murak,,,,,,,,,,,,,,,,,,,,,,,,,,,,,,,,,,,0,1,1,1,1,,,,,,,,,,
,,,,,,,,,,,,,2,,,590950,2006.09.19,2026-05-10_22h15.10.303,BrocantoHPilot1WOSession3,2025.2.4,Win32,60.24096386,,,,,,,,,,,,,,,Ab OBJ.N5 SBJ.N4 HIDE-TR,,,3358.625,2,Ab-OBJ-N5-SBJ-N4-HIDE-TR.mp4,Ab|N5|N4|HIDE,N4|GO|Ab|N1|Aa|HIDE|N5|REVEAL,zsot|timó|dabi|zsübe,dabi|kávler|zsot|pekli|gyék|zsübe|timó|girda,1,6.8828,21.8983,zsot timó dabi zsübe,3382.4339,,,,,,Ab-OBJ-N5-SBJ-N4-HIDE-TR.mp4,Ab|N5|N4|HIDE,N4|GO|Ab|N1|Aa|HIDE|N5|REVEAL,zsot timó dabi zsübe,zsot|timó|dabi|zsübe,dabi|kávler|zsot|pekli|gyék|zsübe|timó|girda,,,,,,,,,,,,,,,,,,,,,,,,,,,,,,,,,,,0,2,2,2,1,,,,,,,,,,
,,,,,,,,,,,,,2,,,590950,2006.09.19,2026-05-10_22h15.10.303,BrocantoHPilot1WOSession3,2025.2.4,Win32,60.24096386,,,,,,,,,,,,,,,Aa SBJ.N5 JUMP-INTR,,,3382.9508,2,Aa-SBJ-N5-JUMP-INTR.mp4,Aa|N5|JUMP,N3|HIDE|GO|JUMP|N5|Aa|Ab,gyék|timó|bonip,zilép|zsübe|kávler|bonip|timó|gyék|zsot,1,4.7819,10.2356,gyék timó bonip,3395.9693,,,,,,Aa-SBJ-N5-JUMP-INTR.mp4,Aa|N5|JUMP,N3|HIDE|GO|JUMP|N5|Aa|Ab,gyék timó bonip,gyék|timó|bonip,zilép|zsübe|kávler|bonip|timó|gyék|zsot,,,,,,,,,,,,,,,,,,,,,,,,,,,,,,,,,,,0,3,3,3,1,,,,,,,,,,
,,,,,,,,,,,,,2,,,590950,2006.09.19,2026-05-10_22h15.10.303,BrocantoHPilot1WOSession3,2025.2.4,Win32,60.24096386,,,,,,,,,,,,,,,Ab SBJ.N3 REVEAL-INTR LOC.N5,,,3396.4792,2,Ab-SBJ-N3-REVEAL-INTR-LOC-N5.mp4,Ab|N3|REVEAL|N5,REVEAL|PUSH|Aa|Ab|N5|HIDE|N3|N1,zsot|zilép|girda|timó,girda|vánta|gyék|zsot|timó|zsübe|zilép|pekli,1,6.1536,16.8549,zsot zilép girda timó,3417.7179,,,,,,Ab-SBJ-N3-REVEAL-INTR-LOC-N5.mp4,Ab|N3|REVEAL|N5,REVEAL|PUSH|Aa|Ab|N5|HIDE|N3|N1,zsot zilép girda timó,zsot|zilép|girda|timó,girda|vánta|gyék|zsot|timó|zsübe|zilép|pekli,,,,,,,,,,,,,,,,,,,,,,,,,,,,,,,,,,,0,4,4,4,1,,,,,,,,,,
,,,,,,,,,,,,,2,,,590950,2006.09.19,2026-05-10_22h15.10.303,BrocantoHPilot1WOSession3,2025.2.4,Win32,60.24096386,,,,,,,,,,,,,,,Ab OBJ.N5 SBJ.N2 REVEAL-TR LOC.N4,,,3418.2207,2,Ab-OBJ-N5-SBJ-N2-REVEAL-TR-LOC-N4.mp4,Ab|N5|N2|REVEAL|N4,Aa|Ab|N4|N2|N3|PUSH|REVEAL|HIDE|N5,zsot|timó|murak|girda|dabi,gyék|zsot|dabi|murak|zilép|vánta|girda|zsübe|timó,0,5.1692,30.7069,zsot timó murak gyék dabi,3451.5142,,,,,,Ab-OBJ-N5-SBJ-N2-REVEAL-TR-LOC-N4.mp4,Ab|N5|N2|REVEAL|N4,Aa|Ab|N4|N2|N3|PUSH|REVEAL|HIDE|N5,zsot timó murak girda dabi,zsot|timó|murak|girda|dabi,gyék|zsot|dabi|murak|zilép|vánta|girda|zsübe|timó,,,,,,,,,,,,,,,,,,,,,,,,,,,,,,,,,,,0,5,5,5,1,,,,,,,,,,
,,,,,,,,,,,,,2,,,590950,2006.09.19,2026-05-10_22h15.10.303,BrocantoHPilot1WOSession3,2025.2.4,Win32,60.24096386,,,,,,,,,,,,,,,Ab OBJ.N5 SBJ.N3 HIDE-TR Ab LOC.N4,,,3452.0273,2,Ab-OBJ-N5-SBJ-N3-HIDE-TR-Ab-LOC-N4.mp4,Ab|N5|N3|HIDE|Ab|N4,N3|HIDE|N1|Aa|REVEAL|Ab|N4|N5|Ab|GO,zsot|timó|zilép|zsübe|zsot|dabi,zilép|zsübe|pekli|gyék|girda|zsot|dabi|timó|zsot|kávler,0,7.6961,52.5851,timó pekli zsübe zsot dabi,3507.0324,,,,,,Ab-OBJ-N5-SBJ-N3-HIDE-TR-Ab-LOC-N4.mp4,Ab|N5|N3|HIDE|Ab|N4,N3|HIDE|N1|Aa|REVEAL|Ab|N4|N5|Ab|GO,zsot timó zilép zsübe zsot dabi,zsot|timó|zilép|zsübe|zsot|dabi,zilép|zsübe|pekli|gyék|girda|zsot|dabi|timó|zsot|kávler,,,,,,,,,,,,,,,,,,,,,,,,,,,,,,,,,,,0,6,6,6,1,,,,,,,,,,
,,,,,,,,,,,,,2,,,590950,2006.09.19,2026-05-10_22h15.10.303,BrocantoHPilot1WOSession3,2025.2.4,Win32,60.24096386,,,,,,,,,,,,,,,SBJ.N5 REVEAL-INTR Ab LOC.N3,,,3507.5422,2,SBJ-N5-REVEAL-INTR-Ab-LOC-N3.mp4,N5|REVEAL|Ab|N3,REVEAL|JUMP|PUSH|N2|N5|Ab|N3|N1,timó|girda|zsot|zilép,girda|bonip|vánta|murak|timó|zsot|zilép|pekli,0,6.3895,24.9404,timó girda zsot pekli,3535.2428,,,,,,SBJ-N5-REVEAL-INTR-Ab-LOC-N3.mp4,N5|REVEAL|Ab|N3,REVEAL|JUMP|PUSH|N2|N5|Ab|N3|N1,timó girda zsot zilép,timó|girda|zsot|zilép,girda|bonip|vánta|murak|timó|zsot|zilép|pekli,,,,,,,,,,,,,,,,,,,,,,,,,,,,,,,,,,,0,7,7,7,1,,,,,,,,,,
,,,,,,,,,,,,,2,,,590950,2006.09.19,2026-05-10_22h15.10.303,BrocantoHPilot1WOSession3,2025.2.4,Win32,60.24096386,,,,,,,,,,,,,,,OBJ.N5 Ab SBJ.N2 PUSH-TR,,,3535.7477,2,OBJ-N5-Ab-SBJ-N2-PUSH-TR.mp4,N5|Ab|N2|PUSH,N1|N2|JUMP|Ab|HIDE|N5|PUSH|N4,timó|zsot|murak|vánta,pekli|murak|bonip|zsot|zsübe|timó|vánta|dabi,1,5.5845,19.7935,timó zsot murak vánta,3559.3228,,,,,,OBJ-N5-Ab-SBJ-N2-PUSH-TR.mp4,N5|Ab|N2|PUSH,N1|N2|JUMP|Ab|HIDE|N5|PUSH|N4,timó zsot murak vánta,timó|zsot|murak|vánta,pekli|murak|bonip|zsot|zsübe|timó|vánta|dabi,,,,,,,,,,,,,,,,,,,,,,,,,,,,,,,,,,,0,8,8,8,1,,,,,,,,,,
,,,,,,,,,,,,,2,,,590950,2006.09.19,2026-05-10_22h15.10.303,BrocantoHPilot1WOSession3,2025.2.4,Win32,60.24096386,,,,,,,,,,,,,,,SBJ.N3 HIDE-INTR,,,3559.8242,2,SBJ-N3-HIDE-INTR.mp4,N3|HIDE,PUSH|N5|Ab|HIDE|N1|N3,zilép|zsübe,vánta|timó|zsot|zsübe|pekli|zilép,1,6.2096,10.3954,zilép zsübe,3573.5939,,,,,,SBJ-N3-HIDE-INTR.mp4,N3|HIDE,PUSH|N5|Ab|HIDE|N1|N3,zilép zsübe,zilép|zsübe,vánta|timó|zsot|zsübe|pekli|zilép,,,,,,,,,,,,,,,,,,,,,,,,,,,,,,,,,,,0,9,9,9,1,,,,,,,,,,
,,,,,,,,,,,,,2,,,590950,2006.09.19,2026-05-10_22h15.10.303,BrocantoHPilot1WOSession3,2025.2.4,Win32,60.24096386,,,,,,,,,,,,,,,SBJ.N5 GO-INTR,,,3574.1028,2,SBJ-N5-GO-INTR.mp4,N5|GO,HIDE|Ab|N4|PUSH|GO|N5,timó|kávler,zsübe|zsot|dabi|vánta|kávler|timó,1,5.8805,7.4626,timó kávler,3584.3692,,,,,,SBJ-N5-GO-INTR.mp4,N5|GO,HIDE|Ab|N4|PUSH|GO|N5,timó kávler,timó|kávler,zsübe|zsot|dabi|vánta|kávler|timó,,,,,,,,,,,,,,,,,,,,,,,,,,,,,,,,,,,0,10,10,10,1,,,,,,,,,,
,,,,,,,,,,,,,2,,,590950,2006.09.19,2026-05-10_22h15.10.303,BrocantoHPilot1WOSession3,2025.2.4,Win32,60.24096386,,,,,,,,,,,,,,,OBJ.N5 Ab SBJ.N1 REVEAL-TR LOC.N2,,,3584.8822,2,OBJ-N5-Ab-SBJ-N1-REVEAL-TR-LOC-N2.mp4,N5|Ab|N1|REVEAL|N2,GO|N3|Aa|Ab|N5|N1|N2|HIDE|REVEAL,timó|zsot|pekli|girda|murak,kávler|zilép|gyék|zsot|timó|pekli|murak|zsübe|girda,0,7.2879,22.1481,timó zsot pekli girda gyék murak,3608.8038,,,,,,OBJ-N5-Ab-SBJ-N1-REVEAL-TR-LOC-N2.mp4,N5|Ab|N1|REVEAL|N2,GO|N3|Aa|Ab|N5|N1|N2|HIDE|REVEAL,timó zsot pekli girda murak,timó|zsot|pekli|girda|murak,kávler|zilép|gyék|zsot|timó|pekli|murak|zsübe|girda,,,,,,,,,,,,,,,,,,,,,,,,,,,,,,,,,,,0,11,11,11,1,,,,,,,,,,
,,,,,,,,,,,,,2,,,590950,2006.09.19,2026-05-10_22h15.10.303,BrocantoHPilot1WOSession3,2025.2.4,Win32,60.24096386,,,,,,,,,,,,,,,Ab SBJ.N4 REVEAL-INTR Ab LOC.N5,,,3609.3076,2,Ab-SBJ-N4-REVEAL-INTR-Ab-LOC-N5.mp4,Ab|N4|REVEAL|Ab|N5,Ab|REVEAL|N2|N5|Ab|PUSH|N4|N1|N3,zsot|dabi|girda|zsot|timó,zsot|girda|murak|timó|zsot|vánta|dabi|pekli|zilép,1,6.2969,13.1049,zsot dabi girda zsot timó,3624.1931,,,,,,Ab-SBJ-N4-REVEAL-INTR-Ab-LOC-N5.mp4,Ab|N4|REVEAL|Ab|N5,Ab|REVEAL|N2|N5|Ab|PUSH|N4|N1|N3,zsot dabi girda zsot timó,zsot|dabi|girda|zsot|timó,zsot|girda|murak|timó|zsot|vánta|dabi|pekli|zilép,,,,,,,,,,,,,,,,,,,,,,,,,,,,,,,,,,,0,12,12,12,1,,,,,,,,,,
,,,,,,,,,,,,,2,,,590950,2006.09.19,2026-05-10_22h15.10.303,BrocantoHPilot1WOSession3,2025.2.4,Win32,60.24096386,,,,,,,,,,,,,,,Ab OBJ.N5 SBJ.N2 HIDE-TR,,,3624.702,2,Ab-OBJ-N5-SBJ-N2-HIDE-TR.mp4,Ab|N5|N2|HIDE,Aa|N2|N4|PUSH|HIDE|N3|N5|Ab,zsot|timó|murak|zsübe,gyék|murak|dabi|vánta|zsübe|zilép|timó|zsot,1,7.6979,13.2445,zsot timó murak zsübe,3639.7711,,,,,,Ab-OBJ-N5-SBJ-N2-HIDE-TR.mp4,Ab|N5|N2|HIDE,Aa|N2|N4|PUSH|HIDE|N3|N5|Ab,zsot timó murak zsübe,zsot|timó|murak|zsübe,gyék|murak|dabi|vánta|zsübe|zilép|timó|zsot,,,,,,,,,,,,,,,,,,,,,,,,,,,,,,,,,,,0,13,13,13,1,,,,,,,,,,
,,,,,,,,,,,,,2,,,590950,2006.09.19,2026-05-10_22h15.10.303,BrocantoHPilot1WOSession3,2025.2.4,Win32,60.24096386,,,,,,,,,,,,,,,Ab SBJ.N2 REVEAL-INTR Ab LOC.N5,,,3640.2801,2,Ab-SBJ-N2-REVEAL-INTR-Ab-LOC-N5.mp4,Ab|N2|REVEAL|Ab|N5,REVEAL|JUMP|N2|Ab|Ab|N4|N3|N5|GO,zsot|murak|girda|zsot|timó,girda|bonip|murak|zsot|zsot|dabi|zilép|timó|kávler,1,5.6438,18.4,zsot murak girda zsot timó,3662.2909,,,,,,Ab-SBJ-N2-REVEAL-INTR-Ab-LOC-N5.mp4,Ab|N2|REVEAL|Ab|N5,REVEAL|JUMP|N2|Ab|Ab|N4|N3|N5|GO,zsot murak girda zsot timó,zsot|murak|girda|zsot|timó,girda|bonip|murak|zsot|zsot|dabi|zilép|timó|kávler,,,,,,,,,,,,,,,,,,,,,,,,,,,,,,,,,,,0,14,14,14,1,,,,,,,,,,
,,,,,,,,,,,,,2,,,590950,2006.09.19,2026-05-10_22h15.10.303,BrocantoHPilot1WOSession3,2025.2.4,Win32,60.24096386,,,,,,,,,,,,,,,OBJ.N5 SBJ.N1 REVEAL-TR Ab LOC.N2,,,3662.8061,2,OBJ-N5-SBJ-N1-REVEAL-TR-Ab-LOC-N2.mp4,N5|N1|REVEAL|Ab|N2,GO|JUMP|REVEAL|N1|N4|N2|N5|HIDE|Ab,timó|pekli|girda|zsot|murak,kávler|bonip|girda|pekli|dabi|murak|timó|zsübe|zsot,0,5.8137,28.0131,timó zsot pekli girda murak,3693.1011,,,,,,OBJ-N5-SBJ-N1-REVEAL-TR-Ab-LOC-N2.mp4,N5|N1|REVEAL|Ab|N2,GO|JUMP|REVEAL|N1|N4|N2|N5|HIDE|Ab,timó pekli girda zsot murak,timó|pekli|girda|zsot|murak,kávler|bonip|girda|pekli|dabi|murak|timó|zsübe|zsot,,,,,,,,,,,,,,,,,,,,,,,,,,,,,,,,,,,0,15,15,15,1,,,,,,,,,,
,,,,,,,,,,,,,2,,,590950,2006.09.19,2026-05-10_22h15.10.303,BrocantoHPilot1WOSession3,2025.2.4,Win32,60.24096386,,,,,,,,,,,,,,,Ab OBJ.N5 Ab SBJ.N4 PUSH-TR,,,3693.613,2,Ab-OBJ-N5-Ab-SBJ-N4-PUSH-TR.mp4,Ab|N5|Ab|N4|PUSH,Ab|N5|N3|JUMP|GO|PUSH|Ab|N4|N1,zsot|timó|zsot|dabi|vánta,zsot|timó|zilép|bonip|kávler|vánta|zsot|dabi|pekli,1,5.0974,23.4421,zsot timó zsot dabi vánta,3718.9659,,,,,,Ab-OBJ-N5-Ab-SBJ-N4-PUSH-TR.mp4,Ab|N5|Ab|N4|PUSH,Ab|N5|N3|JUMP|GO|PUSH|Ab|N4|N1,zsot timó zsot dabi vánta,zsot|timó|zsot|dabi|vánta,zsot|timó|zilép|bonip|kávler|vánta|zsot|dabi|pekli,,,,,,,,,,,,,,,,,,,,,,,,,,,,,,,,,,,0,16,16,16,1,,,,,,,,,,
,,,,,,,,,,,,,2,,,590950,2006.09.19,2026-05-10_22h15.10.303,BrocantoHPilot1WOSession3,2025.2.4,Win32,60.24096386,,,,,,,,,,,,,,,SBJ.N1 HIDE-INTR,,,3719.4698,2,SBJ-N1-HIDE-INTR.mp4,N1|HIDE,N2|N3|HIDE|N1|JUMP|Ab,pekli|zsübe,murak|zilép|zsübe|pekli|bonip|zsot,1,5.6506,9.5456,pekli zsübe,3732.371,,,,,,SBJ-N1-HIDE-INTR.mp4,N1|HIDE,N2|N3|HIDE|N1|JUMP|Ab,pekli zsübe,pekli|zsübe,murak|zilép|zsübe|pekli|bonip|zsot,,,,,,,,,,,,,,,,,,,,,,,,,,,,,,,,,,,0,17,17,17,1,,,,,,,,,,
,,,,,,,,,,,,,2,,,590950,2006.09.19,2026-05-10_22h15.10.303,BrocantoHPilot1WOSession3,2025.2.4,Win32,60.24096386,,,,,,,,,,,,,,,Ab SBJ.N4 REVEAL-INTR Ab LOC.N5,,,3732.8822,2,Ab-SBJ-N4-REVEAL-INTR-Ab-LOC-N5.mp4,Ab|N4|REVEAL|Ab|N5,N4|GO|Ab|Aa|N3|Ab|N1|N5|REVEAL,zsot|dabi|girda|zsot|timó,dabi|kávler|zsot|gyék|zilép|zsot|pekli|timó|girda,1,6.647,28.1726,zsot dabi girda zsot timó,3763.5181,,,,,,Ab-SBJ-N4-REVEAL-INTR-Ab-LOC-N5.mp4,Ab|N4|REVEAL|Ab|N5,N4|GO|Ab|Aa|N3|Ab|N1|N5|REVEAL,zsot dabi girda zsot timó,zsot|dabi|girda|zsot|timó,dabi|kávler|zsot|gyék|zilép|zsot|pekli|timó|girda,,,,,,,,,,,,,,,,,,,,,,,,,,,,,,,,,,,0,18,18,18,1,,,,,,,,,,
,,,,,,,,,,,,,2,,,590950,2006.09.19,2026-05-10_22h15.10.303,BrocantoHPilot1WOSession3,2025.2.4,Win32,60.24096386,,,,,,,,,,,,,,,Ab OBJ.N5 SBJ.N1 PUSH-TR Ab LOC.N3,,,3764.023,2,Ab-OBJ-N5-SBJ-N1-PUSH-TR-Ab-LOC-N3.mp4,Ab|N5|N1|PUSH|Ab|N3,PUSH|HIDE|N3|JUMP|Ab|N5|N2|N1|Aa|Ab,zsot|timó|pekli|vánta|zsot|zilép,vánta|zsübe|zilép|bonip|zsot|timó|murak|pekli|gyék|zsot,0,4.8794,26.4559,pekli timó vánta zsot zsot zilép,3792.4845,,,,,,Ab-OBJ-N5-SBJ-N1-PUSH-TR-Ab-LOC-N3.mp4,Ab|N5|N1|PUSH|Ab|N3,PUSH|HIDE|N3|JUMP|Ab|N5|N2|N1|Aa|Ab,zsot timó pekli vánta zsot zilép,zsot|timó|pekli|vánta|zsot|zilép,vánta|zsübe|zilép|bonip|zsot|timó|murak|pekli|gyék|zsot,,,,,,,,,,,,,,,,,,,,,,,,,,,,,,,,,,,0,19,19,19,1,,,,,,,,,,
,,,,,,,,,,,,,2,,,590950,2006.09.19,2026-05-10_22h15.10.303,BrocantoHPilot1WOSession3,2025.2.4,Win32,60.24096386,,,,,,,,,,,,,,,Aa SBJ.N5 JUMP-INTR,,,3792.9958,2,Aa-SBJ-N5-JUMP-INTR.mp4,Aa|N5|JUMP,JUMP|GO|N1|REVEAL|N5|Ab|Aa,gyék|timó|bonip,bonip|kávler|pekli|girda|timó|zsot|gyék,1,4.6347,8.4519,gyék timó bonip,3803.83,,,,,,Aa-SBJ-N5-JUMP-INTR.mp4,Aa|N5|JUMP,JUMP|GO|N1|REVEAL|N5|Ab|Aa,gyék timó bonip,gyék|timó|bonip,bonip|kávler|pekli|girda|timó|zsot|gyék,,,,,,,,,,,,,,,,,,,,,,,,,,,,,,,,,,,0,20,20,20,1,,,,,,,,,,
,,,,,,,,,,,,,2,,,590950,2006.09.19,2026-05-10_22h15.10.303,BrocantoHPilot1WOSession3,2025.2.4,Win32,60.24096386,,,,,,,,,,,,,,,Ab OBJ.N5 Ab SBJ.N3 HIDE-TR,,,3804.3412,2,Ab-OBJ-N5-Ab-SBJ-N3-HIDE-TR.mp4,Ab|N5|Ab|N3|HIDE,HIDE|N3|N4|Ab|JUMP|N5|REVEAL|Ab|N1,zsot|timó|zsot|zilép|zsübe,zsübe|zilép|dabi|zsot|bonip|timó|girda|zsot|pekli,1,6.1473,13.5671,zsot timó zsot zilép zsübe,3819.9347,,,,,,Ab-OBJ-N5-Ab-SBJ-N3-HIDE-TR.mp4,Ab|N5|Ab|N3|HIDE,HIDE|N3|N4|Ab|JUMP|N5|REVEAL|Ab|N1,zsot timó zsot zilép zsübe,zsot|timó|zsot|zilép|zsübe,zsübe|zilép|dabi|zsot|bonip|timó|girda|zsot|pekli,,,,,,,,,,,,,,,,,,,,,,,,,,,,,,,,,,,0,21,21,21,1,,,,,,,,,,
,,,,,,,,,,,,,2,,,590950,2006.09.19,2026-05-10_22h15.10.303,BrocantoHPilot1WOSession3,2025.2.4,Win32,60.24096386,,,,,,,,,,,,,,,Ab OBJ.N5 Ab SBJ.N4 REVEAL-TR LOC.N1,,,3820.4385,2,Ab-OBJ-N5-Ab-SBJ-N4-REVEAL-TR-LOC-N1.mp4,Ab|N5|Ab|N4|REVEAL|N1,PUSH|Ab|Ab|N2|REVEAL|N5|GO|HIDE|N1|N4,zsot|timó|zsot|dabi|girda|pekli,vánta|zsot|zsot|murak|girda|timó|kávler|zsübe|pekli|dabi,0,5.7127,20.6083,zsot timó dabi girda zsot pekli,3844.5476,,,,,,Ab-OBJ-N5-Ab-SBJ-N4-REVEAL-TR-LOC-N1.mp4,Ab|N5|Ab|N4|REVEAL|N1,PUSH|Ab|Ab|N2|REVEAL|N5|GO|HIDE|N1|N4,zsot timó zsot dabi girda pekli,zsot|timó|zsot|dabi|girda|pekli,vánta|zsot|zsot|murak|girda|timó|kávler|zsübe|pekli|dabi,,,,,,,,,,,,,,,,,,,,,,,,,,,,,,,,,,,0,22,22,22,1,,,,,,,,,,
,,,,,,,,,,,,,2,,,590950,2006.09.19,2026-05-10_22h15.10.303,BrocantoHPilot1WOSession3,2025.2.4,Win32,60.24096386,,,,,,,,,,,,,,,OBJ.N5 Ab SBJ.N2 REVEAL-TR,,,3845.0606,2,OBJ-N5-Ab-SBJ-N2-REVEAL-TR.mp4,N5|Ab|N2|REVEAL,N4|N2|N5|REVEAL|PUSH|Ab|N3|HIDE,timó|zsot|murak|girda,dabi|murak|timó|girda|vánta|zsot|zilép|zsübe,1,6.0141,11.0265,timó zsot murak girda,3859.3105,,,,,,OBJ-N5-Ab-SBJ-N2-REVEAL-TR.mp4,N5|Ab|N2|REVEAL,N4|N2|N5|REVEAL|PUSH|Ab|N3|HIDE,timó zsot murak girda,timó|zsot|murak|girda,dabi|murak|timó|girda|vánta|zsot|zilép|zsübe,,,,,,,,,,,,,,,,,,,,,,,,,,,,,,,,,,,0,23,23,23,1,,,,,,,,,,
,,,,,,,,,,,,,2,,,590950,2006.09.19,2026-05-10_22h15.10.303,BrocantoHPilot1WOSession3,2025.2.4,Win32,60.24096386,,,,,,,,,,,,,,,Ab SBJ.N3 GO-INTR,,,3859.8226,2,Ab-SBJ-N3-GO-INTR.mp4,Ab|N3|GO,N3|N1|JUMP|Ab|Aa|N2|GO,zsot|zilép|kávler,zilép|pekli|bonip|zsot|gyék|murak|kávler,1,6.791,10.651,zsot zilép kávler,3873.2352,,,,,,Ab-SBJ-N3-GO-INTR.mp4,Ab|N3|GO,N3|N1|JUMP|Ab|Aa|N2|GO,zsot zilép kávler,zsot|zilép|kávler,zilép|pekli|bonip|zsot|gyék|murak|kávler,,,,,,,,,,,,,,,,,,,,,,,,,,,,,,,,,,,0,24,24,24,1,,,,,,,,,,
,,,,,,,,,,,,,2,,,590950,2006.09.19,2026-05-10_22h15.10.303,BrocantoHPilot1WOSession3,2025.2.4,Win32,60.24096386,,,,,,,,,,,,,,,OBJ.N5 Ab SBJ.N3 PUSH-TR LOC.N1,,,3873.7514,2,OBJ-N5-Ab-SBJ-N3-PUSH-TR-LOC-N1.mp4,N5|Ab|N3|PUSH|N1,Aa|N2|Ab|PUSH|N3|REVEAL|N1|HIDE|N5,timó|zsot|zilép|vánta|pekli,gyék|murak|zsot|vánta|zilép|girda|pekli|zsübe|timó,0,5.1709,23.2707,timó zsot zilép vánta,3903.1097,,,,,,OBJ-N5-Ab-SBJ-N3-PUSH-TR-LOC-N1.mp4,N5|Ab|N3|PUSH|N1,Aa|N2|Ab|PUSH|N3|REVEAL|N1|HIDE|N5,timó zsot zilép vánta pekli,timó|zsot|zilép|vánta|pekli,gyék|murak|zsot|vánta|zilép|girda|pekli|zsübe|timó,,,,,,,,,,,,,,,,,,,,,,,,,,,,,,,,,,,0,25,25,25,1,,,,,,,,,,
,,,,,,,,,,,,,2,,,590950,2006.09.19,2026-05-10_22h15.10.303,BrocantoHPilot1WOSession3,2025.2.4,Win32,60.24096386,,,,,,,,,,,,,,,SBJ.N2 HIDE-INTR,,,3903.6245,2,SBJ-N2-HIDE-INTR.mp4,N2|HIDE,REVEAL|Aa|N3|HIDE|GO|N2,murak|zsübe,girda|gyék|zilép|zsübe|kávler|murak,1,6.9967,9.5794,murak zsübe,3915.9059,,,,,,SBJ-N2-HIDE-INTR.mp4,N2|HIDE,REVEAL|Aa|N3|HIDE|GO|N2,murak zsübe,murak|zsübe,girda|gyék|zilép|zsübe|kávler|murak,,,,,,,,,,,,,,,,,,,,,,,,,,,,,,,,,,,0,26,26,26,1,,,,,,,,,,
,,,,,,,,,,,,,2,,,590950,2006.09.19,2026-05-10_22h15.10.303,BrocantoHPilot1WOSession3,2025.2.4,Win32,60.24096386,,,,,,,,,,,,,,,Ab OBJ.N5 SBJ.N3 HIDE-TR,,,3916.4289,2,Ab-OBJ-N5-SBJ-N3-HIDE-TR.mp4,Ab|N5|N3|HIDE,N3|JUMP|Ab|HIDE|N4|PUSH|N5|N1,zsot|timó|zilép|zsübe,zilép|bonip|zsot|zsübe|dabi|vánta|timó|pekli,1,7.104,13.0161,zsot timó zilép zsübe,3931.3788,,,,,,Ab-OBJ-N5-SBJ-N3-HIDE-TR.mp4,Ab|N5|N3|HIDE,N3|JUMP|Ab|HIDE|N4|PUSH|N5|N1,zsot timó zilép zsübe,zsot|timó|zilép|zsübe,zilép|bonip|zsot|zsübe|dabi|vánta|timó|pekli,,,,,,,,,,,,,,,,,,,,,,,,,,,,,,,,,,,0,27,27,27,1,,,,,,,,,,
,,,,,,,,,,,,,2,,,590950,2006.09.19,2026-05-10_22h15.10.303,BrocantoHPilot1WOSession3,2025.2.4,Win32,60.24096386,,,,,,,,,,,,,,,Ab SBJ.N3 JUMP-INTR,,,3931.8811,2,Ab-SBJ-N3-JUMP-INTR.mp4,Ab|N3|JUMP,Ab|REVEAL|N1|N3|HIDE|JUMP|N2,zsot|zilép|bonip,zsot|girda|pekli|zilép|zsübe|bonip|murak,1,6.4544,8.9797,zsot zilép bonip,3942.8161,,,,,,Ab-SBJ-N3-JUMP-INTR.mp4,Ab|N3|JUMP,Ab|REVEAL|N1|N3|HIDE|JUMP|N2,zsot zilép bonip,zsot|zilép|bonip,zsot|girda|pekli|zilép|zsübe|bonip|murak,,,,,,,,,,,,,,,,,,,,,,,,,,,,,,,,,,,0,28,28,28,1,,,,,,,,,,
,,,,,,,,,,,,,2,,,590950,2006.09.19,2026-05-10_22h15.10.303,BrocantoHPilot1WOSession3,2025.2.4,Win32,60.24096386,,,,,,,,,,,,,,,OBJ.N5 SBJ.N4 HIDE-TR Ab LOC.N2,,,3943.3274,2,OBJ-N5-SBJ-N4-HIDE-TR-Ab-LOC-N2.mp4,N5|N4|HIDE|Ab|N2,N2|REVEAL|PUSH|HIDE|N5|Ab|N4|GO|N3,timó|dabi|zsübe|zsot|murak,murak|girda|vánta|zsübe|timó|zsot|dabi|kávler|zilép,1,6.2138,22.8352,timó dabi zsübe zsot murak,3967.939,,,,,,OBJ-N5-SBJ-N4-HIDE-TR-Ab-LOC-N2.mp4,N5|N4|HIDE|Ab|N2,N2|REVEAL|PUSH|HIDE|N5|Ab|N4|GO|N3,timó dabi zsübe zsot murak,timó|dabi|zsübe|zsot|murak,murak|girda|vánta|zsübe|timó|zsot|dabi|kávler|zilép,,,,,,,,,,,,,,,,,,,,,,,,,,,,,,,,,,,0,29,29,29,1,,,,,,,,,,
,,,,,,,,,,,,,2,,,590950,2006.09.19,2026-05-10_22h15.10.303,BrocantoHPilot1WOSession3,2025.2.4,Win32,60.24096386,,,,,,,,,,,,,,,OBJ.N5 SBJ.N3 PUSH-TR,,,3968.4528,2,OBJ-N5-SBJ-N3-PUSH-TR.mp4,N5|N3|PUSH,HIDE|N3|N1|N2|N4|PUSH|N5,timó|zilép|vánta,zsübe|zilép|pekli|murak|dabi|vánta|timó,1,4.148,9.9524,timó zilép vánta,3981.5194,,,,,,OBJ-N5-SBJ-N3-PUSH-TR.mp4,N5|N3|PUSH,HIDE|N3|N1|N2|N4|PUSH|N5,timó zilép vánta,timó|zilép|vánta,zsübe|zilép|pekli|murak|dabi|vánta|timó,,,,,,,,,,,,,,,,,,,,,,,,,,,,,,,,,,,0,30,30,30,1,,,,,,,,,,
,,,,,,,,,,,,,2,,,590950,2006.09.19,2026-05-10_22h15.10.303,BrocantoHPilot1WOSession3,2025.2.4,Win32,60.24096386,,,,,,,,,,,,,,,OBJ.N5 Ab SBJ.N1 REVEAL-TR Ab LOC.N3,,,3982.0309,2,OBJ-N5-Ab-SBJ-N1-REVEAL-TR-Ab-LOC-N3.mp4,N5|Ab|N1|REVEAL|Ab|N3,Ab|N2|N5|JUMP|N4|N3|GO|REVEAL|Ab|N1,timó|zsot|pekli|girda|zsot|zilép,zsot|murak|timó|bonip|dabi|zilép|kávler|girda|zsot|pekli,0,5.7307,24.9074,timó zsot dabi girda zsot zilép,4009.4168,,,,,,OBJ-N5-Ab-SBJ-N1-REVEAL-TR-Ab-LOC-N3.mp4,N5|Ab|N1|REVEAL|Ab|N3,Ab|N2|N5|JUMP|N4|N3|GO|REVEAL|Ab|N1,timó zsot pekli girda zsot zilép,timó|zsot|pekli|girda|zsot|zilép,zsot|murak|timó|bonip|dabi|zilép|kávler|girda|zsot|pekli,,,,,,,,,,,,,,,,,,,,,,,,,,,,,,,,,,,0,31,31,31,1,,,,,,,,,,
,,,,,,,,,,,,,2,,,590950,2006.09.19,2026-05-10_22h15.10.303,BrocantoHPilot1WOSession3,2025.2.4,Win32,60.24096386,,,,,,,,,,,,,,,Ab SBJ.N2 GO-INTR,,,4009.9213,2,Ab-SBJ-N2-GO-INTR.mp4,Ab|N2|GO,N2|Ab|Aa|N1|REVEAL|N3|GO,zsot|murak|kávler,murak|zsot|gyék|pekli|girda|zilép|kávler,1,5.5356,9.263,zsot murak kávler,4020.9898,,,,,,Ab-SBJ-N2-GO-INTR.mp4,Ab|N2|GO,N2|Ab|Aa|N1|REVEAL|N3|GO,zsot murak kávler,zsot|murak|kávler,murak|zsot|gyék|pekli|girda|zilép|kávler,,,,,,,,,,,,,,,,,,,,,,,,,,,,,,,,,,,0,32,32,32,1,,,,,,,,,,
,,,,,,,,,,,,,2,,,590950,2006.09.19,2026-05-10_22h15.10.303,BrocantoHPilot1WOSession3,2025.2.4,Win32,60.24096386,,,,,,,,,,,,,,,Ab SBJ.N5 GO-INTR,,,4021.5012,2,Ab-SBJ-N5-GO-INTR.mp4,Ab|N5|GO,GO|N4|N5|Ab|REVEAL|JUMP|PUSH,zsot|timó|kávler,kávler|dabi|timó|zsot|girda|bonip|vánta,1,5.654,9.0687,zsot timó kávler,4033.2935,,,,,,Ab-SBJ-N5-GO-INTR.mp4,Ab|N5|GO,GO|N4|N5|Ab|REVEAL|JUMP|PUSH,zsot timó kávler,zsot|timó|kávler,kávler|dabi|timó|zsot|girda|bonip|vánta,,,,,,,,,,,,,,,,,,,,,,,,,,,,,,,,,,,0,33,33,33,1,,,,,,,,,,
,,,,,,,,,,,,,2,,,590950,2006.09.19,2026-05-10_22h15.10.303,BrocantoHPilot1WOSession3,2025.2.4,Win32,60.24096386,,,,,,,,,,,,,,,Aa SBJ.N4 HIDE-INTR Aa LOC.N5,,,4033.7977,2,Aa-SBJ-N4-HIDE-INTR-Aa-LOC-N5.mp4,Aa|N4|HIDE|Aa|N5,N4|N3|N5|HIDE|JUMP|Aa|GO|Aa|N2,gyék|dabi|zsübe|gyék|timó,dabi|zilép|timó|zsübe|bonip|gyék|kávler|gyék|murak,0,5.948,18.5506,gyék dabi zsübe timó,4054.3137,,,,,,Aa-SBJ-N4-HIDE-INTR-Aa-LOC-N5.mp4,Aa|N4|HIDE|Aa|N5,N4|N3|N5|HIDE|JUMP|Aa|GO|Aa|N2,gyék dabi zsübe gyék timó,gyék|dabi|zsübe|gyék|timó,dabi|zilép|timó|zsübe|bonip|gyék|kávler|gyék|murak,,,,,,,,,,,,,,,,,,,,,,,,,,,,,,,,,,,0,34,34,34,1,,,,,,,,,,
,,,,,,,,,,,,,2,,,590950,2006.09.19,2026-05-10_22h15.10.303,BrocantoHPilot1WOSession3,2025.2.4,Win32,60.24096386,,,,,,,,,,,,,,,SBJ.N1 JUMP-INTR LOC.N4,,,4054.824,2,SBJ-N1-JUMP-INTR-LOC-N4.mp4,N1|JUMP|N4,REVEAL|N4|N1|JUMP|HIDE|Aa|N5,pekli|bonip|dabi,girda|dabi|pekli|bonip|zsübe|gyék|timó,1,4.9862,14.5145,pekli bonip dabi,4072.3759,,,,,,SBJ-N1-JUMP-INTR-LOC-N4.mp4,N1|JUMP|N4,REVEAL|N4|N1|JUMP|HIDE|Aa|N5,pekli bonip dabi,pekli|bonip|dabi,girda|dabi|pekli|bonip|zsübe|gyék|timó,,,,,,,,,,,,,,,,,,,,,,,,,,,,,,,,,,,0,35,35,35,1,,,,,,,,,,
,,,,,,,,,,,,,2,,,590950,2006.09.19,2026-05-10_22h15.10.303,BrocantoHPilot1WOSession3,2025.2.4,Win32,60.24096386,,,,,,,,,,,,,,,Aa SBJ.N1 HIDE-INTR Ab LOC.N5,,,4072.8843,2,Aa-SBJ-N1-HIDE-INTR-Ab-LOC-N5.mp4,Aa|N1|HIDE|Ab|N5,N1|HIDE|N2|Ab|PUSH|REVEAL|N5|Aa|N4,gyék|pekli|zsübe|zsot|timó,pekli|zsübe|murak|zsot|vánta|girda|timó|gyék|dabi,1,7.0294,14.7994,gyék pekli zsübe zsot timó,4091.1693,,,,,,Aa-SBJ-N1-HIDE-INTR-Ab-LOC-N5.mp4,Aa|N1|HIDE|Ab|N5,N1|HIDE|N2|Ab|PUSH|REVEAL|N5|Aa|N4,gyék pekli zsübe zsot timó,gyék|pekli|zsübe|zsot|timó,pekli|zsübe|murak|zsot|vánta|girda|timó|gyék|dabi,,,,,,,,,,,,,,,,,,,,,,,,,,,,,,,,,,,0,36,36,36,1,,,,,,,,,,
,,,,,,,,,,,,,2,,,590950,2006.09.19,2026-05-10_22h15.10.303,BrocantoHPilot1WOSession3,2025.2.4,Win32,60.24096386,,,,,,,,,,,,,,,Aa SBJ.N1 GO-INTR Aa LOC.N5,,,4091.6783,2,Aa-SBJ-N1-GO-INTR-Aa-LOC-N5.mp4,Aa|N1|GO|Aa|N5,Aa|Aa|N5|HIDE|N4|GO|N3|N1|PUSH,gyék|pekli|kávler|gyék|timó,gyék|gyék|timó|zsübe|dabi|kávler|zilép|pekli|vánta,1,5.6126,13.377,gyék pekli kávler gyék timó,4106.8006,,,,,,Aa-SBJ-N1-GO-INTR-Aa-LOC-N5.mp4,Aa|N1|GO|Aa|N5,Aa|Aa|N5|HIDE|N4|GO|N3|N1|PUSH,gyék pekli kávler gyék timó,gyék|pekli|kávler|gyék|timó,gyék|gyék|timó|zsübe|dabi|kávler|zilép|pekli|vánta,,,,,,,,,,,,,,,,,,,,,,,,,,,,,,,,,,,0,37,37,37,1,,,,,,,,,,
,,,,,,,,,,,,,2,,,590950,2006.09.19,2026-05-10_22h15.10.303,BrocantoHPilot1WOSession3,2025.2.4,Win32,60.24096386,,,,,,,,,,,,,,,Aa SBJ.N3 JUMP-INTR Aa LOC.N2,,,4107.3053,2,Aa-SBJ-N3-JUMP-INTR-Aa-LOC-N2.mp4,Aa|N3|JUMP|Aa|N2,GO|N5|Aa|PUSH|N2|JUMP|HIDE|N3|Aa,gyék|zilép|bonip|gyék|murak,kávler|timó|gyék|vánta|murak|bonip|zsübe|zilép|gyék,1,5.0827,12.9649,gyék zilép bonip gyék murak,4123.4053,,,,,,Aa-SBJ-N3-JUMP-INTR-Aa-LOC-N2.mp4,Aa|N3|JUMP|Aa|N2,GO|N5|Aa|PUSH|N2|JUMP|HIDE|N3|Aa,gyék zilép bonip gyék murak,gyék|zilép|bonip|gyék|murak,kávler|timó|gyék|vánta|murak|bonip|zsübe|zilép|gyék,,,,,,,,,,,,,,,,,,,,,,,,,,,,,,,,,,,0,38,38,38,1,,,,,,,,,,
,,,,,,,,,,,,,2,,,590950,2006.09.19,2026-05-10_22h15.10.303,BrocantoHPilot1WOSession3,2025.2.4,Win32,60.24096386,,,,,,,,,,,,,,,OBJ.N5 Ab SBJ.N4 PUSH-TR,,,4123.9168,2,OBJ-N5-Ab-SBJ-N4-PUSH-TR.mp4,N5|Ab|N4|PUSH,N2|Aa|N5|PUSH|N3|Ab|JUMP|N4,timó|zsot|dabi|vánta,murak|gyék|timó|vánta|zilép|zsot|bonip|dabi,1,4.5858,12.4778,timó zsot dabi vánta,4138.3685,,,,,,OBJ-N5-Ab-SBJ-N4-PUSH-TR.mp4,N5|Ab|N4|PUSH,N2|Aa|N5|PUSH|N3|Ab|JUMP|N4,timó zsot dabi vánta,timó|zsot|dabi|vánta,murak|gyék|timó|vánta|zilép|zsot|bonip|dabi,,,,,,,,,,,,,,,,,,,,,,,,,,,,,,,,,,,0,39,39,39,1,,,,,,,,,,
,,,,,,,,,,,,,2,,,590950,2006.09.19,2026-05-10_22h15.10.303,BrocantoHPilot1WOSession3,2025.2.4,Win32,60.24096386,,,,,,,,,,,,,,,Ab OBJ.N5 Ab SBJ.N1 HIDE-TR Ab LOC.N2,,,4138.8782,2,Ab-OBJ-N5-Ab-SBJ-N1-HIDE-TR-Ab-LOC-N2.mp4,Ab|N5|Ab|N1|HIDE|Ab|N2,N2|HIDE|JUMP|Ab|Aa|Ab|N4|Ab|N5|PUSH|N1,zsot|timó|zsot|pekli|zsübe|zsot|murak,murak|zsübe|bonip|zsot|gyék|zsot|dabi|zsot|timó|vánta|pekli,1,6.4631,32.0888,zsot timó zsot pekli zsübe zsot murak,4172.7659,,,,,,Ab-OBJ-N5-Ab-SBJ-N1-HIDE-TR-Ab-LOC-N2.mp4,Ab|N5|Ab|N1|HIDE|Ab|N2,N2|HIDE|JUMP|Ab|Aa|Ab|N4|Ab|N5|PUSH|N1,zsot timó zsot pekli zsübe zsot murak,zsot|timó|zsot|pekli|zsübe|zsot|murak,murak|zsübe|bonip|zsot|gyék|zsot|dabi|zsot|timó|vánta|pekli,,,,,,,,,,,,,,,,,,,,,,,,,,,,,,,,,,,0,40,40,40,1,,,,,,,,,,
,,,,,,,,,,,,,2,,,590950,2006.09.19,2026-05-10_22h15.10.303,BrocantoHPilot1WOSession3,2025.2.4,Win32,60.24096386,,,,,,,,,,,,,,,Ab OBJ.N5 Ab SBJ.N1 PUSH-TR,,,4173.2833,2,Ab-OBJ-N5-Ab-SBJ-N1-PUSH-TR.mp4,Ab|N5|Ab|N1|PUSH,N1|GO|Aa|Ab|N5|Ab|N3|PUSH|N2,zsot|timó|zsot|pekli|vánta,pekli|kávler|gyék|zsot|timó|zsot|zilép|vánta|murak,1,4.8187,12.2203,zsot timó zsot pekli vánta,4187.3022,,,,,,Ab-OBJ-N5-Ab-SBJ-N1-PUSH-TR.mp4,Ab|N5|Ab|N1|PUSH,N1|GO|Aa|Ab|N5|Ab|N3|PUSH|N2,zsot timó zsot pekli vánta,zsot|timó|zsot|pekli|vánta,pekli|kávler|gyék|zsot|timó|zsot|zilép|vánta|murak,,,,,,,,,,,,,,,,,,,,,,,,,,,,,,,,,,,0,41,41,41,1,,,,,,,,,,
,,,,,,,,,,,,,2,,,590950,2006.09.19,2026-05-10_22h15.10.303,BrocantoHPilot1WOSession3,2025.2.4,Win32,60.24096386,,,,,,,,,,,,,,,,,,,,,,,,,,,,,,,,,,,,,,,,,4191.997,chunkTest_s2,0,2,N5-PUSH.mp3,2,1.7703,6,1,3.836,4.685,4197.4862,,,,,,N5-PUSH.mp3,2,,,,,,,,,,,,,,,,,,,,,0,0,0,10,1,,,,,
,,,,,,,,,,,,,2,,,590950,2006.09.19,2026-05-10_22h15.10.303,BrocantoHPilot1WOSession3,2025.2.4,Win32,60.24096386,,,,,,,,,,,,,,,,,,,,,,,,,,,,,,,,,,,,,,,,,4197.9911,chunkTest_s2,1,2,Aa-GO.mp3,0,0.971,1,1,2.9079,3.7123,4202.8558,,,,,,Aa-GO.mp3,0,,,,,,,,,,,,,,,,,,,,,0,1,1,3,1,,,,,
,,,,,,,,,,,,,2,,,590950,2006.09.19,2026-05-10_22h15.10.303,BrocantoHPilot1WOSession3,2025.2.4,Win32,60.24096386,,,,,,,,,,,,,,,,,,,,,,,,,,,,,,,,,,,,,,,,,4203.3718,chunkTest_s2,2,2,N2-GO.mp3,13,0.319,6,1,2.9901,3.4875,4207.5466,,,,,,N2-GO.mp3,13,,,,,,,,,,,,,,,,,,,,,0,2,2,2,1,,,,,
,,,,,,,,,,,,,2,,,590950,2006.09.19,2026-05-10_22h15.10.303,BrocantoHPilot1WOSession3,2025.2.4,Win32,60.24096386,,,,,,,,,,,,,,,,,,,,,,,,,,,,,,,,,,,,,,,,,4208.0539,chunkTest_s2,3,2,HIDE-REVEAL.mp3,0,0.6633,1,1,2.5353,3.2157,4211.9762,,,,,,HIDE-REVEAL.mp3,0,,,,,,,,,,,,,,,,,,,,,0,3,3,8,1,,,,,
,,,,,,,,,,,,,2,,,590950,2006.09.19,2026-05-10_22h15.10.303,BrocantoHPilot1WOSession3,2025.2.4,Win32,60.24096386,,,,,,,,,,,,,,,,,,,,,,,,,,,,,,,,,,,,,,,,,4212.4863,chunkTest_s2,4,2,GO-HIDE.mp3,0,0.6431,1,1,2.4561,3.2375,4216.3551,,,,,,GO-HIDE.mp3,0,,,,,,,,,,,,,,,,,,,,,0,4,4,12,1,,,,,
,,,,,,,,,,,,,2,,,590950,2006.09.19,2026-05-10_22h15.10.303,BrocantoHPilot1WOSession3,2025.2.4,Win32,60.24096386,,,,,,,,,,,,,,,,,,,,,,,,,,,,,,,,,,,,,,,,,4216.8677,chunkTest_s2,5,2,Ab-GO.mp3,0,1.5061,1,2,4.5153,5.9339,4223.6019,,,,,,Ab-GO.mp3,0,,,,,,,,,,,,,,,,,,,,,0,5,5,18,1,,,,,
,,,,,,,,,,,,,2,,,590950,2006.09.19,2026-05-10_22h15.10.303,BrocantoHPilot1WOSession3,2025.2.4,Win32,60.24096386,,,,,,,,,,,,,,,,,,,,,,,,,,,,,,,,,,,,,,,,,4224.115,chunkTest_s2,6,2,N2-Aa.mp3,0,0.4192,2,1,2.3089,4.2702,4229.0516,,,,,,N2-Aa.mp3,0,,,,,,,,,,,,,,,,,,,,,0,6,6,13,1,,,,,
,,,,,,,,,,,,,2,,,590950,2006.09.19,2026-05-10_22h15.10.303,BrocantoHPilot1WOSession3,2025.2.4,Win32,60.24096386,,,,,,,,,,,,,,,,,,,,,,,,,,,,,,,,,,,,,,,,,4229.5638,chunkTest_s2,7,2,N1-PUSH.mp3,22,0.67,6,1,2.67,4.762,4235.2158,,,,,,N1-PUSH.mp3,22,,,,,,,,,,,,,,,,,,,,,0,7,7,7,1,,,,,
,,,,,,,,,,,,,2,,,590950,2006.09.19,2026-05-10_22h15.10.303,BrocantoHPilot1WOSession3,2025.2.4,Win32,60.24096386,,,,,,,,,,,,,,,,,,,,,,,,,,,,,,,,,,,,,,,,,4235.7275,chunkTest_s2,8,2,N2-Ab.mp3,0,0.5969,2,1,2.0009,3.4877,4240.4361,,,,,,N2-Ab.mp3,0,,,,,,,,,,,,,,,,,,,,,0,8,8,1,1,,,,,
,,,,,,,,,,,,,2,,,590950,2006.09.19,2026-05-10_22h15.10.303,BrocantoHPilot1WOSession3,2025.2.4,Win32,60.24096386,,,,,,,,,,,,,,,,,,,,,,,,,,,,,,,,,,,,,,,,,4240.943,chunkTest_s2,9,2,N3-N4.mp3,0,1.7149,1,2,4.2052,5.6812,4247.3125,,,,,,N3-N4.mp3,0,,,,,,,,,,,,,,,,,,,,,0,9,9,6,1,,,,,
,,,,,,,,,,,,,2,,,590950,2006.09.19,2026-05-10_22h15.10.303,BrocantoHPilot1WOSession3,2025.2.4,Win32,60.24096386,,,,,,,,,,,,,,,,,,,,,,,,,,,,,,,,,,,,,,,,,4247.8245,chunkTest_s2,10,2,REVEAL-N1.mp3,6,0.7063,2,1,2.5804,4.1469,4252.8999,,,,,,REVEAL-N1.mp3,6,,,,,,,,,,,,,,,,,,,,,0,10,10,14,1,,,,,
,,,,,,,,,,,,,2,,,590950,2006.09.19,2026-05-10_22h15.10.303,BrocantoHPilot1WOSession3,2025.2.4,Win32,60.24096386,,,,,,,,,,,,,,,,,,,,,,,,,,,,,,,,,,,,,,,,,4253.4053,chunkTest_s2,11,2,JUMP-N1.mp3,3,0.7526,1,1,2.5705,2.6786,4256.9011,,,,,,JUMP-N1.mp3,3,,,,,,,,,,,,,,,,,,,,,0,11,11,11,1,,,,,
,,,,,,,,,,,,,2,,,590950,2006.09.19,2026-05-10_22h15.10.303,BrocantoHPilot1WOSession3,2025.2.4,Win32,60.24096386,,,,,,,,,,,,,,,,,,,,,,,,,,,,,,,,,,,,,,,,,4257.4042,chunkTest_s2,12,2,HIDE-N3.mp3,10,0.6256,1,1,2.2408,2.6273,4260.925,,,,,,HIDE-N3.mp3,10,,,,,,,,,,,,,,,,,,,,,0,12,12,17,1,,,,,
,,,,,,,,,,,,,2,,,590950,2006.09.19,2026-05-10_22h15.10.303,BrocantoHPilot1WOSession3,2025.2.4,Win32,60.24096386,,,,,,,,,,,,,,,,,,,,,,,,,,,,,,,,,,,,,,,,,4261.4405,chunkTest_s2,13,2,HIDE-N2.mp3,14,0.8705,1,1,2.413,3.0614,4265.3067,,,,,,HIDE-N2.mp3,14,,,,,,,,,,,,,,,,,,,,,0,13,13,5,1,,,,,
,,,,,,,,,,,,,2,,,590950,2006.09.19,2026-05-10_22h15.10.303,BrocantoHPilot1WOSession3,2025.2.4,Win32,60.24096386,,,,,,,,,,,,,,,,,,,,,,,,,,,,,,,,,,,,,,,,,4265.8178,chunkTest_s2,14,2,REVEAL-Aa.mp3,0,0.3844,2,1,2.1928,3.9207,4271.993,,,,,,REVEAL-Aa.mp3,0,,,,,,,,,,,,,,,,,,,,,0,14,14,0,1,,,,,
,,,,,,,,,,,,,2,,,590950,2006.09.19,2026-05-10_22h15.10.303,BrocantoHPilot1WOSession3,2025.2.4,Win32,60.24096386,,,,,,,,,,,,,,,,,,,,,,,,,,,,,,,,,,,,,,,,,4272.4989,chunkTest_s2,15,2,HIDE-N5.mp3,5,0.5807,1,1,2.2427,2.7346,4276.2987,,,,,,HIDE-N5.mp3,5,,,,,,,,,,,,,,,,,,,,,0,15,15,16,1,,,,,
,,,,,,,,,,,,,2,,,590950,2006.09.19,2026-05-10_22h15.10.303,BrocantoHPilot1WOSession3,2025.2.4,Win32,60.24096386,,,,,,,,,,,,,,,,,,,,,,,,,,,,,,,,,,,,,,,,,4276.8142,chunkTest_s2,16,2,GO-REVEAL.mp3,0,0.9167,2,1,2.9089,3.5678,4281.0717,,,,,,GO-REVEAL.mp3,0,,,,,,,,,,,,,,,,,,,,,0,16,16,15,1,,,,,
,,,,,,,,,,,,,2,,,590950,2006.09.19,2026-05-10_22h15.10.303,BrocantoHPilot1WOSession3,2025.2.4,Win32,60.24096386,,,,,,,,,,,,,,,,,,,,,,,,,,,,,,,,,,,,,,,,,4281.5793,chunkTest_s2,17,2,N2-N1.mp3,0,0.5733,1,1,2.4585,3.6994,4286.011,,,,,,N2-N1.mp3,0,,,,,,,,,,,,,,,,,,,,,0,17,17,4,1,,,,,
,,,,,,,,,,,,,2,,,590950,2006.09.19,2026-05-10_22h15.10.303,BrocantoHPilot1WOSession3,2025.2.4,Win32,60.24096386,,,,,,,,,,,,,,,,,,,,,,,,,,,,,,,,,,,,,,,,,4286.5275,chunkTest_s2,18,2,N4-GO.mp3,7,0.4407,6,1,2.5781,2.8067,4289.9211,,,,,,N4-GO.mp3,7,,,,,,,,,,,,,,,,,,,,,0,18,18,9,1,,,,,
,,,,,,,,,,,,,2,,,590950,2006.09.19,2026-05-10_22h15.10.303,BrocantoHPilot1WOSession3,2025.2.4,Win32,60.24096386,,,,,,,,,,,,,,,,,,,,,,,,,,,,,,,,,,,,,,,,,4290.4258,chunkTest_s2,19,2,N5-Aa.mp3,5,0.3805,2,1,2.7983,7.3789,4298.4881,,,,,,N5-Aa.mp3,5,,,,,,,,,,,,,,,,,,,,,0,19,19,19,1,,,,,
,,,,,,,,,,,,,2,,,590950,2006.09.19,2026-05-10_22h15.10.303,BrocantoHPilot1WOSession3,2025.2.4,Win32,60.24096386,,,,,,,,,,,,,,,,,,,,,,,,,,,,,,,,,,,,,,,,,4300.3246,GJTest_s2,0,2,SBJ-N3-GO-INTR-LOC-N2.mp3,2,1.1352,6,1,3.8173,6.8957,4307.8769,,,,,,SBJ-N3-GO-INTR-LOC-N2.mp3,2,,,,,,,,,,,,,,,,,,,,,,,,,,0,0,0,4,1
,,,,,,,,,,,,,2,,,590950,2006.09.19,2026-05-10_22h15.10.303,BrocantoHPilot1WOSession3,2025.2.4,Win32,60.24096386,,,,,,,,,,,,,,,,,,,,,,,,,,,,,,,,,,,,,,,,,4308.3871,GJTest_s2,1,2,SBJ-N3-Ab-PUSH-TR-LOC-N1.mp3,,0.6901,1,1,3.5758,6.0431,4315.3231,,,,,,SBJ-N3-Ab-PUSH-TR-LOC-N1.mp3,,,,,,,,,,,,,,,,,,,,,,,,,,,0,1,1,17,1
,,,,,,,,,,,,,2,,,590950,2006.09.19,2026-05-10_22h15.10.303,BrocantoHPilot1WOSession3,2025.2.4,Win32,60.24096386,,,,,,,,,,,,,,,,,,,,,,,,,,,,,,,,,,,,,,,,,4315.8349,GJTest_s2,2,2,OBJ-N1-Ab-SBJ-N3-JUMP-INTR.mp3,,0.5155,1,1,3.5357,3.8809,4320.4847,,,,,,OBJ-N1-Ab-SBJ-N3-JUMP-INTR.mp3,,,,,,,,,,,,,,,,,,,,,,,,,,,0,2,2,13,1
,,,,,,,,,,,,,2,,,590950,2006.09.19,2026-05-10_22h15.10.303,BrocantoHPilot1WOSession3,2025.2.4,Win32,60.24096386,,,,,,,,,,,,,,,,,,,,,,,,,,,,,,,,,,,,,,,,,4320.9993,GJTest_s2,3,2,SBJ-N1-Ab-HIDE-INTR-Ab-LOC-N4-LOC-N2.mp3,,3.1352,1,1,7.5633,8.6474,4330.4846,,,,,,SBJ-N1-Ab-HIDE-INTR-Ab-LOC-N4-LOC-N2.mp3,,,,,,,,,,,,,,,,,,,,,,,,,,,0,3,3,16,1
,,,,,,,,,,,,,2,,,590950,2006.09.19,2026-05-10_22h15.10.303,BrocantoHPilot1WOSession3,2025.2.4,Win32,60.24096386,,,,,,,,,,,,,,,,,,,,,,,,,,,,,,,,,,,,,,,,,4330.997,GJTest_s2,4,2,Ab-OBJ-N5-SBJ-N3-HIDE-TR.mp3,3,0.3366,6,1,2.8859,10.8193,4342.584,,,,,,Ab-OBJ-N5-SBJ-N3-HIDE-TR.mp3,3,,,,,,,,,,,,,,,,,,,,,,,,,,0,4,4,0,1
,,,,,,,,,,,,,2,,,590950,2006.09.19,2026-05-10_22h15.10.303,BrocantoHPilot1WOSession3,2025.2.4,Win32,60.24096386,,,,,,,,,,,,,,,,,,,,,,,,,,,,,,,,,,,,,,,,,4343.0919,GJTest_s2,5,2,OBJ-N5-SBJ-N3-HIDE-TR-Ab.mp3,,0.6702,2,1,4.2831,5.972,4349.9078,,,,,,OBJ-N5-SBJ-N3-HIDE-TR-Ab.mp3,,,,,,,,,,,,,,,,,,,,,,,,,,,0,5,5,10,1
,,,,,,,,,,,,,2,,,590950,2006.09.19,2026-05-10_22h15.10.303,BrocantoHPilot1WOSession3,2025.2.4,Win32,60.24096386,,,,,,,,,,,,,,,,,,,,,,,,,,,,,,,,,,,,,,,,,4350.4224,GJTest_s2,6,2,OBJ-N1-SBJ-N4-Aa-GO-INTR.mp3,,2.3558,2,1,5.2424,5.4934,4357.2708,,,,,,OBJ-N1-SBJ-N4-Aa-GO-INTR.mp3,,,,,,,,,,,,,,,,,,,,,,,,,,,0,6,6,19,1
,,,,,,,,,,,,,2,,,590950,2006.09.19,2026-05-10_22h15.10.303,BrocantoHPilot1WOSession3,2025.2.4,Win32,60.24096386,,,,,,,,,,,,,,,,,,,,,,,,,,,,,,,,,,,,,,,,,4357.7868,GJTest_s2,7,2,Ab-SBJ-N1-HIDE-INTR-Ab-LOC-N4.mp3,0,0.7846,3,1,3.8676,6.6743,4365.2709,,,,,,Ab-SBJ-N1-HIDE-INTR-Ab-LOC-N4.mp3,0,,,,,,,,,,,,,,,,,,,,,,,,,,0,7,7,6,1
,,,,,,,,,,,,,2,,,590950,2006.09.19,2026-05-10_22h15.10.303,BrocantoHPilot1WOSession3,2025.2.4,Win32,60.24096386,,,,,,,,,,,,,,,,,,,,,,,,,,,,,,,,,,,,,,,,,4365.7836,GJTest_s2,8,2,Aa-SBJ-N4-GO-INTR.mp3,0,0.5802,6,1,3.1722,3.989,4370.4589,,,,,,Aa-SBJ-N4-GO-INTR.mp3,0,,,,,,,,,,,,,,,,,,,,,,,,,,0,8,8,9,1
,,,,,,,,,,,,,2,,,590950,2006.09.19,2026-05-10_22h15.10.303,BrocantoHPilot1WOSession3,2025.2.4,Win32,60.24096386,,,,,,,,,,,,,,,,,,,,,,,,,,,,,,,,,,,,,,,,,4370.9657,GJTest_s2,9,2,OBJ-N5-SBJ-N1-HIDE-TR-LOC-N2.mp3,6,0.6251,6,1,3.5123,8.4822,4380.5004,,,,,,OBJ-N5-SBJ-N1-HIDE-TR-LOC-N2.mp3,6,,,,,,,,,,,,,,,,,,,,,,,,,,0,9,9,1,1
,,,,,,,,,,,,,2,,,590950,2006.09.19,2026-05-10_22h15.10.303,BrocantoHPilot1WOSession3,2025.2.4,Win32,60.24096386,,,,,,,,,,,,,,,,,,,,,,,,,,,,,,,,,,,,,,,,,4381.0929,GJTest_s2,10,2,Aa-OBJ-N5-Ab-SBJ-N3-PUSH-TR-LOC-N1.mp3,0,1.1051,3,1,5.321,5.5311,4387.9242,,,,,,Aa-OBJ-N5-Ab-SBJ-N3-PUSH-TR-LOC-N1.mp3,0,,,,,,,,,,,,,,,,,,,,,,,,,,0,10,10,7,1
,,,,,,,,,,,,,2,,,590950,2006.09.19,2026-05-10_22h15.10.303,BrocantoHPilot1WOSession3,2025.2.4,Win32,60.24096386,,,,,,,,,,,,,,,,,,,,,,,,,,,,,,,,,,,,,,,,,4388.4264,GJTest_s2,11,2,Ab-SBJ-N4-JUMP-INTR-LOC-N2.mp3,0,0.8322,6,1,4.723,7.2866,4396.3675,,,,,,Ab-SBJ-N4-JUMP-INTR-LOC-N2.mp3,0,,,,,,,,,,,,,,,,,,,,,,,,,,0,11,11,8,1
,,,,,,,,,,,,,2,,,590950,2006.09.19,2026-05-10_22h15.10.303,BrocantoHPilot1WOSession3,2025.2.4,Win32,60.24096386,,,,,,,,,,,,,,,,,,,,,,,,,,,,,,,,,,,,,,,,,4396.8733,GJTest_s2,12,2,OBJ-N5-SBJ-N2-PUSH-TR-LOC-N4.mp3,5,1.1164,6,1,4.0158,9.2375,4406.8344,,,,,,OBJ-N5-SBJ-N2-PUSH-TR-LOC-N4.mp3,5,,,,,,,,,,,,,,,,,,,,,,,,,,0,12,12,2,1
,,,,,,,,,,,,,2,,,590950,2006.09.19,2026-05-10_22h15.10.303,BrocantoHPilot1WOSession3,2025.2.4,Win32,60.24096386,,,,,,,,,,,,,,,,,,,,,,,,,,,,,,,,,,,,,,,,,4407.3366,GJTest_s2,13,2,HIDE-TR-LOC-N2.mp3,,4.8713,1,2,3.6755,8.866,4417.7523,,,,,,HIDE-TR-LOC-N2.mp3,,,,,,,,,,,,,,,,,,,,,,,,,,,0,13,13,11,1
,,,,,,,,,,,,,2,,,590950,2006.09.19,2026-05-10_22h15.10.303,BrocantoHPilot1WOSession3,2025.2.4,Win32,60.24096386,,,,,,,,,,,,,,,,,,,,,,,,,,,,,,,,,,,,,,,,,4418.2663,GJTest_s2,14,2,OBJ-N5-SBJ-N2-PUSH-TR-LOC-N4-LOC-N1.mp3,,2.048,2,1,5.808,7.3585,4426.3988,,,,,,OBJ-N5-SBJ-N2-PUSH-TR-LOC-N4-LOC-N1.mp3,,,,,,,,,,,,,,,,,,,,,,,,,,,0,14,14,12,1
,,,,,,,,,,,,,2,,,590950,2006.09.19,2026-05-10_22h15.10.303,BrocantoHPilot1WOSession3,2025.2.4,Win32,60.24096386,,,,,,,,,,,,,,,,,,,,,,,,,,,,,,,,,,,,,,,,,4426.9135,GJTest_s2,15,2,OBJ-N1-SBJ-N4-Ab-JUMP-INTR-LOC-N2.mp3,,0.7782,2,1,4.0767,8.5149,4436.3608,,,,,,OBJ-N1-SBJ-N4-Ab-JUMP-INTR-LOC-N2.mp3,,,,,,,,,,,,,,,,,,,,,,,,,,,0,15,15,18,1
,,,,,,,,,,,,,2,,,590950,2006.09.19,2026-05-10_22h15.10.303,BrocantoHPilot1WOSession3,2025.2.4,Win32,60.24096386,,,,,,,,,,,,,,,,,,,,,,,,,,,,,,,,,,,,,,,,,4436.8766,GJTest_s2,16,2,SBJ-N5-Ab-PUSH-TR.mp3,,0.9298,1,1,3.278,10.1812,4447.9527,,,,,,SBJ-N5-Ab-PUSH-TR.mp3,,,,,,,,,,,,,,,,,,,,,,,,,,,0,16,16,15,1
,,,,,,,,,,,,,2,,,590950,2006.09.19,2026-05-10_22h15.10.303,BrocantoHPilot1WOSession3,2025.2.4,Win32,60.24096386,,,,,,,,,,,,,,,,,,,,,,,,,,,,,,,,,,,,,,,,,4448.4557,GJTest_s2,17,2,SBJ-N3-GO-INTR-LOC-N2-LOC-N1.mp3,,1.4721,1,1,4.9769,6.7342,4456.027,,,,,,SBJ-N3-GO-INTR-LOC-N2-LOC-N1.mp3,,,,,,,,,,,,,,,,,,,,,,,,,,,0,17,17,14,1
,,,,,,,,,,,,,2,,,590950,2006.09.19,2026-05-10_22h15.10.303,BrocantoHPilot1WOSession3,2025.2.4,Win32,60.24096386,,,,,,,,,,,,,,,,,,,,,,,,,,,,,,,,,,,,,,,,,4456.5371,GJTest_s2,18,2,Aa-OBJ-N3-Ab-SBJ-N5-PUSH-TR.mp3,0,0.7011,1,1,4.478,5.4635,4463.2867,,,,,,Aa-OBJ-N3-Ab-SBJ-N5-PUSH-TR.mp3,0,,,,,,,,,,,,,,,,,,,,,,,,,,0,18,18,5,1
,,,,,,,,,,,,,2,,,590950,2006.09.19,2026-05-10_22h15.10.303,BrocantoHPilot1WOSession3,2025.2.4,Win32,60.24096386,,,,,,,,,,,,,,,,,,,,,,,,,,,,,,,,,,,,,,,,,4463.7883,GJTest_s2,19,2,Ab-SBJ-N3-JUMP-INTR.mp3,4,0.5455,6,1,2.8396,3.5013,4467.9063,,,,,,Ab-SBJ-N3-JUMP-INTR.mp3,4,,,,,,,,,,,,,,,,,,,,,,,,,,0,19,19,3,1
