passiveTrial.started,passive.sessionIndex,passive.movie,passive.sound,passiveTrial.stopped,passiveSelfPaceKey.keys,passiveSelfPaceKey.rt,passiveSelfPaceKey.duration,passiveTrials_s1.thisRepN,passiveTrials_s1.thisTrialN,passiveTrials_s1.thisN,passiveTrials_s1.thisIndex,passiveTrials_s1.ran,sessionIndex,passiveMovie,passiveSound,participant,születési dátum (ÉÉÉÉ.HH.NN),date,expName,psychopyVersion,OS,frameRate,comprehensionTrial.started,comprehension.sessionIndex,comprehension.correctPosition,comprehension.response,comprehension.rt,comprehension.correct,comprehension.t_sentenceAudioEnd,comprehension.t_lastChoiceClick,comprehensionTrial.stopped,comprehensionTrials_s1.thisRepN,comprehensionTrials_s1.thisTrialN,comprehensionTrials_s1.thisN,comprehensionTrials_s1.thisIndex,comprehensionTrials_s1.ran,sentence,video_correct,video_incorrect,productionTrial.started,production.sessionIndex,production.video,production.correct_words,production.all_words,production.correct_words_form,production.all_words_form,production.correct,production.t_firstVideoEnd,production.t_lastWordClick,production.response,productionTrial.stopped,productionTrials_s1.thisRepN,productionTrials_s1.thisTrialN,productionTrials_s1.thisN,productionTrials_s1.thisIndex,productionTrials_s1.ran,video,correct_words,all_words,sentence_form,correct_words_form,all_words_form,familiarityTrial.started,familiarity.testName,familiarity.thisN,familiarity.sessionIndex,familiarity.audio,familiarity.previous_encounters,familiarity.playAttemptTime,familiarity.rating,familiarity.playClickCount,familiarity.t_audioEnd,familiarity.t_lastLikertClick,familiarityTrial.stopped,chunkTest_s1.thisRepN,chunkTest_s1.thisTrialN,chunkTest_s1.thisN,chunkTest_s1.thisIndex,chunkTest_s1.ran,audio,previous_encounters,GJTest_s1.thisRepN,GJTest_s1.thisTrialN,GJTest_s1.thisN,GJTest_s1.thisIndex,GJTest_s1.ran,passiveTrials_s2.thisRepN,passiveTrials_s2.thisTrialN,passiveTrials_s2.thisN,passiveTrials_s2.thisIndex,passiveTrials_s2.ran,comprehensionTrials_s2.thisRepN,comprehensionTrials_s2.thisTrialN,comprehensionTrials_s2.thisN,comprehensionTrials_s2.thisIndex,comprehensionTrials_s2.ran,productionTrials_s2.thisRepN,productionTrials_s2.thisTrialN,productionTrials_s2.thisN,productionTrials_s2.thisIndex,productionTrials_s2.ran,chunkTest_s2.thisRepN,chunkTest_s2.thisTrialN,chunkTest_s2.thisN,chunkTest_s2.thisIndex,chunkTest_s2.ran,GJTest_s2.thisRepN,GJTest_s2.thisTrialN,GJTest_s2.thisN,GJTest_s2.thisIndex,GJTest_s2.ran
60.7098,1,OBJ-N5-SBJ-N1-PUSH-TR-Ab-LOC-N2.mp4,OBJ-N5-SBJ-N1-PUSH-TR-Ab-LOC-N2.mp3,126.4055,mouse_continue,65.7086,,0,0,0,0,1,1,OBJ-N5-SBJ-N1-PUSH-TR-Ab-LOC-N2.mp4,OBJ-N5-SBJ-N1-PUSH-TR-Ab-LOC-N2.mp3,ALP1108,1962.03.12,2026-05-02_12h18.27.930,BrocantoHPilot1WOSession3,2025.2.4,Win32,59.17159763,,,,,,,,,,,,,,,,,,,,,,,,,,,,,,,,,,,,,,,,,,,,,,,,,,,,,,,,,,,,,,,,,,,,,,,,,,,,,,,,,,,,,,,,,
126.4094,1,Ab-SBJ-N4-REVEAL-INTR-LOC-N5.mp4,Ab-SBJ-N4-REVEAL-INTR-LOC-N5.mp3,164.3091,mouse_continue,37.9004,,0,1,1,1,1,1,Ab-SBJ-N4-REVEAL-INTR-LOC-N5.mp4,Ab-SBJ-N4-REVEAL-INTR-LOC-N5.mp3,ALP1108,1962.03.12,2026-05-02_12h18.27.930,BrocantoHPilot1WOSession3,2025.2.4,Win32,59.17159763,,,,,,,,,,,,,,,,,,,,,,,,,,,,,,,,,,,,,,,,,,,,,,,,,,,,,,,,,,,,,,,,,,,,,,,,,,,,,,,,,,,,,,,,,
164.3128,1,OBJ-N5-SBJ-N2-HIDE-TR-Ab-LOC-N4.mp4,OBJ-N5-SBJ-N2-HIDE-TR-Ab-LOC-N4.mp3,188.1069,mouse_continue,23.7946,,0,2,2,2,1,1,OBJ-N5-SBJ-N2-HIDE-TR-Ab-LOC-N4.mp4,OBJ-N5-SBJ-N2-HIDE-TR-Ab-LOC-N4.mp3,ALP1108,1962.03.12,2026-05-02_12h18.27.930,BrocantoHPilot1WOSession3,2025.2.4,Win32,59.17159763,,,,,,,,,,,,,,,,,,,,,,,,,,,,,,,,,,,,,,,,,,,,,,,,,,,,,,,,,,,,,,,,,,,,,,,,,,,,,,,,,,,,,,,,,
188.1082,1,Ab-SBJ-N4-REVEAL-INTR-Ab-LOC-N5.mp4,Ab-SBJ-N4-REVEAL-INTR-Ab-LOC-N5.mp3,208.1772,mouse_continue,20.0692,,0,3,3,3,1,1,Ab-SBJ-N4-REVEAL-INTR-Ab-LOC-N5.mp4,Ab-SBJ-N4-REVEAL-INTR-Ab-LOC-N5.mp3,ALP1108,1962.03.12,2026-05-02_12h18.27.930,BrocantoHPilot1WOSession3,2025.2.4,Win32,59.17159763,,,,,,,,,,,,,,,,,,,,,,,,,,,,,,,,,,,,,,,,,,,,,,,,,,,,,,,,,,,,,,,,,,,,,,,,,,,,,,,,,,,,,,,,,
208.1782,1,OBJ-N5-Ab-SBJ-N4-REVEAL-TR-Ab-LOC-N1.mp4,OBJ-N5-Ab-SBJ-N4-REVEAL-TR-Ab-LOC-N1.mp3,230.5087,mouse_continue,22.3308,,0,4,4,4,1,1,OBJ-N5-Ab-SBJ-N4-REVEAL-TR-Ab-LOC-N1.mp4,OBJ-N5-Ab-SBJ-N4-REVEAL-TR-Ab-LOC-N1.mp3,ALP1108,1962.03.12,2026-05-02_12h18.27.930,BrocantoHPilot1WOSession3,2025.2.4,Win32,59.17159763,,,,,,,,,,,,,,,,,,,,,,,,,,,,,,,,,,,,,,,,,,,,,,,,,,,,,,,,,,,,,,,,,,,,,,,,,,,,,,,,,,,,,,,,,
230.5123,1,SBJ-N3-REVEAL-INTR-Ab-LOC-N2.mp4,SBJ-N3-REVEAL-INTR-Ab-LOC-N2.mp3,252.6178,mouse_continue,22.1028,,0,5,5,5,1,1,SBJ-N3-REVEAL-INTR-Ab-LOC-N2.mp4,SBJ-N3-REVEAL-INTR-Ab-LOC-N2.mp3,ALP1108,1962.03.12,2026-05-02_12h18.27.930,BrocantoHPilot1WOSession3,2025.2.4,Win32,59.17159763,,,,,,,,,,,,,,,,,,,,,,,,,,,,,,,,,,,,,,,,,,,,,,,,,,,,,,,,,,,,,,,,,,,,,,,,,,,,,,,,,,,,,,,,,
252.6191,1,OBJ-N5-SBJ-N4-HIDE-TR-Ab-LOC-N2.mp4,OBJ-N5-SBJ-N4-HIDE-TR-Ab-LOC-N2.mp3,276.7218,mouse_continue,24.1028,,0,6,6,6,1,1,OBJ-N5-SBJ-N4-HIDE-TR-Ab-LOC-N2.mp4,OBJ-N5-SBJ-N4-HIDE-TR-Ab-LOC-N2.mp3,ALP1108,1962.03.12,2026-05-02_12h18.27.930,BrocantoHPilot1WOSession3,2025.2.4,Win32,59.17159763,,,,,,,,,,,,,,,,,,,,,,,,,,,,,,,,,,,,,,,,,,,,,,,,,,,,,,,,,,,,,,,,,,,,,,,,,,,,,,,,,,,,,,,,,
276.7256,1,Ab-SBJ-N2-HIDE-INTR.mp4,Ab-SBJ-N2-HIDE-INTR.mp3,289.0843,mouse_continue,12.359,,0,7,7,7,1,1,Ab-SBJ-N2-HIDE-INTR.mp4,Ab-SBJ-N2-HIDE-INTR.mp3,ALP1108,1962.03.12,2026-05-02_12h18.27.930,BrocantoHPilot1WOSession3,2025.2.4,Win32,59.17159763,,,,,,,,,,,,,,,,,,,,,,,,,,,,,,,,,,,,,,,,,,,,,,,,,,,,,,,,,,,,,,,,,,,,,,,,,,,,,,,,,,,,,,,,,
289.0876,1,SBJ-N5-REVEAL-INTR-Ab-LOC-N4.mp4,SBJ-N5-REVEAL-INTR-Ab-LOC-N4.mp3,318.747,mouse_continue,29.6599,,0,8,8,8,1,1,SBJ-N5-REVEAL-INTR-Ab-LOC-N4.mp4,SBJ-N5-REVEAL-INTR-Ab-LOC-N4.mp3,ALP1108,1962.03.12,2026-05-02_12h18.27.930,BrocantoHPilot1WOSession3,2025.2.4,Win32,59.17159763,,,,,,,,,,,,,,,,,,,,,,,,,,,,,,,,,,,,,,,,,,,,,,,,,,,,,,,,,,,,,,,,,,,,,,,,,,,,,,,,,,,,,,,,,
318.7508,1,OBJ-N5-Ab-SBJ-N1-PUSH-TR.mp4,OBJ-N5-Ab-SBJ-N1-PUSH-TR.mp3,341.2195,mouse_continue,22.4694,,0,9,9,9,1,1,OBJ-N5-Ab-SBJ-N1-PUSH-TR.mp4,OBJ-N5-Ab-SBJ-N1-PUSH-TR.mp3,ALP1108,1962.03.12,2026-05-02_12h18.27.930,BrocantoHPilot1WOSession3,2025.2.4,Win32,59.17159763,,,,,,,,,,,,,,,,,,,,,,,,,,,,,,,,,,,,,,,,,,,,,,,,,,,,,,,,,,,,,,,,,,,,,,,,,,,,,,,,,,,,,,,,,
341.2232,1,SBJ-N5-REVEAL-INTR-Ab-LOC-N3.mp4,SBJ-N5-REVEAL-INTR-Ab-LOC-N3.mp3,358.1198,mouse_continue,16.8972,,0,10,10,10,1,1,SBJ-N5-REVEAL-INTR-Ab-LOC-N3.mp4,SBJ-N5-REVEAL-INTR-Ab-LOC-N3.mp3,ALP1108,1962.03.12,2026-05-02_12h18.27.930,BrocantoHPilot1WOSession3,2025.2.4,Win32,59.17159763,,,,,,,,,,,,,,,,,,,,,,,,,,,,,,,,,,,,,,,,,,,,,,,,,,,,,,,,,,,,,,,,,,,,,,,,,,,,,,,,,,,,,,,,,
358.1235,1,OBJ-N5-Ab-SBJ-N4-REVEAL-TR-LOC-N3.mp4,OBJ-N5-Ab-SBJ-N4-REVEAL-TR-LOC-N3.mp3,378.6736,mouse_continue,20.5511,,0,11,11,11,1,1,OBJ-N5-Ab-SBJ-N4-REVEAL-TR-LOC-N3.mp4,OBJ-N5-Ab-SBJ-N4-REVEAL-TR-LOC-N3.mp3,ALP1108,1962.03.12,2026-05-02_12h18.27.930,BrocantoHPilot1WOSession3,2025.2.4,Win32,59.17159763,,,,,,,,,,,,,,,,,,,,,,,,,,,,,,,,,,,,,,,,,,,,,,,,,,,,,,,,,,,,,,,,,,,,,,,,,,,,,,,,,,,,,,,,,
378.6773,1,SBJ-N3-JUMP-INTR.mp4,SBJ-N3-JUMP-INTR.mp3,391.4866,mouse_continue,12.8099,,0,12,12,12,1,1,SBJ-N3-JUMP-INTR.mp4,SBJ-N3-JUMP-INTR.mp3,ALP1108,1962.03.12,2026-05-02_12h18.27.930,BrocantoHPilot1WOSession3,2025.2.4,Win32,59.17159763,,,,,,,,,,,,,,,,,,,,,,,,,,,,,,,,,,,,,,,,,,,,,,,,,,,,,,,,,,,,,,,,,,,,,,,,,,,,,,,,,,,,,,,,,
391.4901,1,Ab-OBJ-N5-Ab-SBJ-N3-REVEAL-TR.mp4,Ab-OBJ-N5-Ab-SBJ-N3-REVEAL-TR.mp3,409.0878,mouse_continue,17.5979,,0,13,13,13,1,1,Ab-OBJ-N5-Ab-SBJ-N3-REVEAL-TR.mp4,Ab-OBJ-N5-Ab-SBJ-N3-REVEAL-TR.mp3,ALP1108,1962.03.12,2026-05-02_12h18.27.930,BrocantoHPilot1WOSession3,2025.2.4,Win32,59.17159763,,,,,,,,,,,,,,,,,,,,,,,,,,,,,,,,,,,,,,,,,,,,,,,,,,,,,,,,,,,,,,,,,,,,,,,,,,,,,,,,,,,,,,,,,
409.0914,1,OBJ-N5-Ab-SBJ-N4-PUSH-TR-Ab-LOC-N2.mp4,OBJ-N5-Ab-SBJ-N4-PUSH-TR-Ab-LOC-N2.mp3,418.2299,mouse_continue,9.1392,,0,14,14,14,1,1,OBJ-N5-Ab-SBJ-N4-PUSH-TR-Ab-LOC-N2.mp4,OBJ-N5-Ab-SBJ-N4-PUSH-TR-Ab-LOC-N2.mp3,ALP1108,1962.03.12,2026-05-02_12h18.27.930,BrocantoHPilot1WOSession3,2025.2.4,Win32,59.17159763,,,,,,,,,,,,,,,,,,,,,,,,,,,,,,,,,,,,,,,,,,,,,,,,,,,,,,,,,,,,,,,,,,,,,,,,,,,,,,,,,,,,,,,,,
418.2342,1,Ab-SBJ-N3-REVEAL-INTR-LOC-N4.mp4,Ab-SBJ-N3-REVEAL-INTR-LOC-N4.mp3,432.4774,mouse_continue,14.2437,,0,15,15,15,1,1,Ab-SBJ-N3-REVEAL-INTR-LOC-N4.mp4,Ab-SBJ-N3-REVEAL-INTR-LOC-N4.mp3,ALP1108,1962.03.12,2026-05-02_12h18.27.930,BrocantoHPilot1WOSession3,2025.2.4,Win32,59.17159763,,,,,,,,,,,,,,,,,,,,,,,,,,,,,,,,,,,,,,,,,,,,,,,,,,,,,,,,,,,,,,,,,,,,,,,,,,,,,,,,,,,,,,,,,
432.4806,1,Ab-SBJ-N2-GO-INTR.mp4,Ab-SBJ-N2-GO-INTR.mp3,444.4728,mouse_continue,11.9931,,0,16,16,16,1,1,Ab-SBJ-N2-GO-INTR.mp4,Ab-SBJ-N2-GO-INTR.mp3,ALP1108,1962.03.12,2026-05-02_12h18.27.930,BrocantoHPilot1WOSession3,2025.2.4,Win32,59.17159763,,,,,,,,,,,,,,,,,,,,,,,,,,,,,,,,,,,,,,,,,,,,,,,,,,,,,,,,,,,,,,,,,,,,,,,,,,,,,,,,,,,,,,,,,
444.4765,1,OBJ-N5-SBJ-N2-HIDE-TR.mp4,OBJ-N5-SBJ-N2-HIDE-TR.mp3,457.1522,mouse_continue,12.6763,,0,17,17,17,1,1,OBJ-N5-SBJ-N2-HIDE-TR.mp4,OBJ-N5-SBJ-N2-HIDE-TR.mp3,ALP1108,1962.03.12,2026-05-02_12h18.27.930,BrocantoHPilot1WOSession3,2025.2.4,Win32,59.17159763,,,,,,,,,,,,,,,,,,,,,,,,,,,,,,,,,,,,,,,,,,,,,,,,,,,,,,,,,,,,,,,,,,,,,,,,,,,,,,,,,,,,,,,,,
457.1559,1,Ab-OBJ-N5-Ab-SBJ-N1-REVEAL-TR.mp4,Ab-OBJ-N5-Ab-SBJ-N1-REVEAL-TR.mp3,463.8254,mouse_continue,6.6708,,0,18,18,18,1,1,Ab-OBJ-N5-Ab-SBJ-N1-REVEAL-TR.mp4,Ab-OBJ-N5-Ab-SBJ-N1-REVEAL-TR.mp3,ALP1108,1962.03.12,2026-05-02_12h18.27.930,BrocantoHPilot1WOSession3,2025.2.4,Win32,59.17159763,,,,,,,,,,,,,,,,,,,,,,,,,,,,,,,,,,,,,,,,,,,,,,,,,,,,,,,,,,,,,,,,,,,,,,,,,,,,,,,,,,,,,,,,,
463.8288,1,OBJ-N5-Ab-SBJ-N4-PUSH-TR-LOC-N3.mp4,OBJ-N5-Ab-SBJ-N4-PUSH-TR-LOC-N3.mp3,470.0985,mouse_continue,6.2707,,0,19,19,19,1,1,OBJ-N5-Ab-SBJ-N4-PUSH-TR-LOC-N3.mp4,OBJ-N5-Ab-SBJ-N4-PUSH-TR-LOC-N3.mp3,ALP1108,1962.03.12,2026-05-02_12h18.27.930,BrocantoHPilot1WOSession3,2025.2.4,Win32,59.17159763,,,,,,,,,,,,,,,,,,,,,,,,,,,,,,,,,,,,,,,,,,,,,,,,,,,,,,,,,,,,,,,,,,,,,,,,,,,,,,,,,,,,,,,,,
470.1022,1,SBJ-N1-GO-INTR.mp4,SBJ-N1-GO-INTR.mp3,476.8956,mouse_continue,6.7949,,0,20,20,20,1,1,SBJ-N1-GO-INTR.mp4,SBJ-N1-GO-INTR.mp3,ALP1108,1962.03.12,2026-05-02_12h18.27.930,BrocantoHPilot1WOSession3,2025.2.4,Win32,59.17159763,,,,,,,,,,,,,,,,,,,,,,,,,,,,,,,,,,,,,,,,,,,,,,,,,,,,,,,,,,,,,,,,,,,,,,,,,,,,,,,,,,,,,,,,,
476.8965,1,Ab-OBJ-N5-SBJ-N1-HIDE-TR.mp4,Ab-OBJ-N5-SBJ-N1-HIDE-TR.mp3,488.6169,mouse_continue,11.7205,,0,21,21,21,1,1,Ab-OBJ-N5-SBJ-N1-HIDE-TR.mp4,Ab-OBJ-N5-SBJ-N1-HIDE-TR.mp3,ALP1108,1962.03.12,2026-05-02_12h18.27.930,BrocantoHPilot1WOSession3,2025.2.4,Win32,59.17159763,,,,,,,,,,,,,,,,,,,,,,,,,,,,,,,,,,,,,,,,,,,,,,,,,,,,,,,,,,,,,,,,,,,,,,,,,,,,,,,,,,,,,,,,,
488.6205,1,OBJ-N5-Ab-SBJ-N3-HIDE-TR-LOC-N4.mp4,OBJ-N5-Ab-SBJ-N3-HIDE-TR-LOC-N4.mp3,494.7564,mouse_continue,6.1373,,0,22,22,22,1,1,OBJ-N5-Ab-SBJ-N3-HIDE-TR-LOC-N4.mp4,OBJ-N5-Ab-SBJ-N3-HIDE-TR-LOC-N4.mp3,ALP1108,1962.03.12,2026-05-02_12h18.27.930,BrocantoHPilot1WOSession3,2025.2.4,Win32,59.17159763,,,,,,,,,,,,,,,,,,,,,,,,,,,,,,,,,,,,,,,,,,,,,,,,,,,,,,,,,,,,,,,,,,,,,,,,,,,,,,,,,,,,,,,,,
494.76,1,Ab-SBJ-N2-HIDE-INTR.mp4,Ab-SBJ-N2-HIDE-INTR.mp3,501.3871,mouse_continue,6.6275,,0,23,23,23,1,1,Ab-SBJ-N2-HIDE-INTR.mp4,Ab-SBJ-N2-HIDE-INTR.mp3,ALP1108,1962.03.12,2026-05-02_12h18.27.930,BrocantoHPilot1WOSession3,2025.2.4,Win32,59.17159763,,,,,,,,,,,,,,,,,,,,,,,,,,,,,,,,,,,,,,,,,,,,,,,,,,,,,,,,,,,,,,,,,,,,,,,,,,,,,,,,,,,,,,,,,
501.3885,1,Ab-OBJ-N5-SBJ-N2-REVEAL-TR-Ab-LOC-N1.mp4,Ab-OBJ-N5-SBJ-N2-REVEAL-TR-Ab-LOC-N1.mp3,515.3937,mouse_continue,14.0055,,0,24,24,24,1,1,Ab-OBJ-N5-SBJ-N2-REVEAL-TR-Ab-LOC-N1.mp4,Ab-OBJ-N5-SBJ-N2-REVEAL-TR-Ab-LOC-N1.mp3,ALP1108,1962.03.12,2026-05-02_12h18.27.930,BrocantoHPilot1WOSession3,2025.2.4,Win32,59.17159763,,,,,,,,,,,,,,,,,,,,,,,,,,,,,,,,,,,,,,,,,,,,,,,,,,,,,,,,,,,,,,,,,,,,,,,,,,,,,,,,,,,,,,,,,
515.3975,1,Ab-SBJ-N1-JUMP-INTR.mp4,Ab-SBJ-N1-JUMP-INTR.mp3,523.6185,mouse_continue,8.2218,,0,25,25,25,1,1,Ab-SBJ-N1-JUMP-INTR.mp4,Ab-SBJ-N1-JUMP-INTR.mp3,ALP1108,1962.03.12,2026-05-02_12h18.27.930,BrocantoHPilot1WOSession3,2025.2.4,Win32,59.17159763,,,,,,,,,,,,,,,,,,,,,,,,,,,,,,,,,,,,,,,,,,,,,,,,,,,,,,,,,,,,,,,,,,,,,,,,,,,,,,,,,,,,,,,,,
523.6226,1,OBJ-N5-SBJ-N2-PUSH-TR.mp4,OBJ-N5-SBJ-N2-PUSH-TR.mp3,531.5433,mouse_continue,7.9211,,0,26,26,26,1,1,OBJ-N5-SBJ-N2-PUSH-TR.mp4,OBJ-N5-SBJ-N2-PUSH-TR.mp3,ALP1108,1962.03.12,2026-05-02_12h18.27.930,BrocantoHPilot1WOSession3,2025.2.4,Win32,59.17159763,,,,,,,,,,,,,,,,,,,,,,,,,,,,,,,,,,,,,,,,,,,,,,,,,,,,,,,,,,,,,,,,,,,,,,,,,,,,,,,,,,,,,,,,,
531.5473,1,Ab-SBJ-N4-JUMP-INTR.mp4,Ab-SBJ-N4-JUMP-INTR.mp3,537.2154,mouse_continue,5.6686,,0,27,27,27,1,1,Ab-SBJ-N4-JUMP-INTR.mp4,Ab-SBJ-N4-JUMP-INTR.mp3,ALP1108,1962.03.12,2026-05-02_12h18.27.930,BrocantoHPilot1WOSession3,2025.2.4,Win32,59.17159763,,,,,,,,,,,,,,,,,,,,,,,,,,,,,,,,,,,,,,,,,,,,,,,,,,,,,,,,,,,,,,,,,,,,,,,,,,,,,,,,,,,,,,,,,
537.2181,1,Ab-OBJ-N5-Ab-SBJ-N2-REVEAL-TR.mp4,Ab-OBJ-N5-Ab-SBJ-N2-REVEAL-TR.mp3,543.3381,mouse_continue,6.1212,,0,28,28,28,1,1,Ab-OBJ-N5-Ab-SBJ-N2-REVEAL-TR.mp4,Ab-OBJ-N5-Ab-SBJ-N2-REVEAL-TR.mp3,ALP1108,1962.03.12,2026-05-02_12h18.27.930,BrocantoHPilot1WOSession3,2025.2.4,Win32,59.17159763,,,,,,,,,,,,,,,,,,,,,,,,,,,,,,,,,,,,,,,,,,,,,,,,,,,,,,,,,,,,,,,,,,,,,,,,,,,,,,,,,,,,,,,,,
543.3419,1,OBJ-N5-SBJ-N2-PUSH-TR-LOC-N4.mp4,OBJ-N5-SBJ-N2-PUSH-TR-LOC-N4.mp3,552.9481,mouse_continue,9.6072,,0,29,29,29,1,1,OBJ-N5-SBJ-N2-PUSH-TR-LOC-N4.mp4,OBJ-N5-SBJ-N2-PUSH-TR-LOC-N4.mp3,ALP1108,1962.03.12,2026-05-02_12h18.27.930,BrocantoHPilot1WOSession3,2025.2.4,Win32,59.17159763,,,,,,,,,,,,,,,,,,,,,,,,,,,,,,,,,,,,,,,,,,,,,,,,,,,,,,,,,,,,,,,,,,,,,,,,,,,,,,,,,,,,,,,,,
552.9513,1,OBJ-N5-Ab-SBJ-N2-HIDE-TR-Ab-LOC-N3.mp4,OBJ-N5-Ab-SBJ-N2-HIDE-TR-Ab-LOC-N3.mp3,563.4252,mouse_continue,10.4746,,0,30,30,30,1,1,OBJ-N5-Ab-SBJ-N2-HIDE-TR-Ab-LOC-N3.mp4,OBJ-N5-Ab-SBJ-N2-HIDE-TR-Ab-LOC-N3.mp3,ALP1108,1962.03.12,2026-05-02_12h18.27.930,BrocantoHPilot1WOSession3,2025.2.4,Win32,59.17159763,,,,,,,,,,,,,,,,,,,,,,,,,,,,,,,,,,,,,,,,,,,,,,,,,,,,,,,,,,,,,,,,,,,,,,,,,,,,,,,,,,,,,,,,,
563.429,1,Ab-SBJ-N3-GO-INTR.mp4,Ab-SBJ-N3-GO-INTR.mp3,569.6191,mouse_continue,6.1904,,0,31,31,31,1,1,Ab-SBJ-N3-GO-INTR.mp4,Ab-SBJ-N3-GO-INTR.mp3,ALP1108,1962.03.12,2026-05-02_12h18.27.930,BrocantoHPilot1WOSession3,2025.2.4,Win32,59.17159763,,,,,,,,,,,,,,,,,,,,,,,,,,,,,,,,,,,,,,,,,,,,,,,,,,,,,,,,,,,,,,,,,,,,,,,,,,,,,,,,,,,,,,,,,
569.6204,1,SBJ-N5-HIDE-INTR.mp4,SBJ-N5-HIDE-INTR.mp3,575.2537,mouse_continue,5.6336,,0,32,32,32,1,1,SBJ-N5-HIDE-INTR.mp4,SBJ-N5-HIDE-INTR.mp3,ALP1108,1962.03.12,2026-05-02_12h18.27.930,BrocantoHPilot1WOSession3,2025.2.4,Win32,59.17159763,,,,,,,,,,,,,,,,,,,,,,,,,,,,,,,,,,,,,,,,,,,,,,,,,,,,,,,,,,,,,,,,,,,,,,,,,,,,,,,,,,,,,,,,,
575.2576,1,Ab-SBJ-N5-HIDE-INTR-LOC-N2.mp4,Ab-SBJ-N5-HIDE-INTR-LOC-N2.mp3,580.8497,mouse_continue,5.5924,,0,33,33,33,1,1,Ab-SBJ-N5-HIDE-INTR-LOC-N2.mp4,Ab-SBJ-N5-HIDE-INTR-LOC-N2.mp3,ALP1108,1962.03.12,2026-05-02_12h18.27.930,BrocantoHPilot1WOSession3,2025.2.4,Win32,59.17159763,,,,,,,,,,,,,,,,,,,,,,,,,,,,,,,,,,,,,,,,,,,,,,,,,,,,,,,,,,,,,,,,,,,,,,,,,,,,,,,,,,,,,,,,,
580.8514,1,SBJ-N3-JUMP-INTR-Aa-LOC-N4.mp4,SBJ-N3-JUMP-INTR-Aa-LOC-N4.mp3,589.2676,mouse_continue,8.4166,,0,34,34,34,1,1,SBJ-N3-JUMP-INTR-Aa-LOC-N4.mp4,SBJ-N3-JUMP-INTR-Aa-LOC-N4.mp3,ALP1108,1962.03.12,2026-05-02_12h18.27.930,BrocantoHPilot1WOSession3,2025.2.4,Win32,59.17159763,,,,,,,,,,,,,,,,,,,,,,,,,,,,,,,,,,,,,,,,,,,,,,,,,,,,,,,,,,,,,,,,,,,,,,,,,,,,,,,,,,,,,,,,,
589.2709,1,Ab-SBJ-N5-GO-INTR-Aa-LOC-N3.mp4,Ab-SBJ-N5-GO-INTR-Aa-LOC-N3.mp3,596.7918,mouse_continue,7.5219,,0,35,35,35,1,1,Ab-SBJ-N5-GO-INTR-Aa-LOC-N3.mp4,Ab-SBJ-N5-GO-INTR-Aa-LOC-N3.mp3,ALP1108,1962.03.12,2026-05-02_12h18.27.930,BrocantoHPilot1WOSession3,2025.2.4,Win32,59.17159763,,,,,,,,,,,,,,,,,,,,,,,,,,,,,,,,,,,,,,,,,,,,,,,,,,,,,,,,,,,,,,,,,,,,,,,,,,,,,,,,,,,,,,,,,
596.7958,1,Ab-SBJ-N4-HIDE-INTR-Aa-LOC-N3.mp4,Ab-SBJ-N4-HIDE-INTR-Aa-LOC-N3.mp3,603.6364,mouse_continue,6.8411,,0,36,36,36,1,1,Ab-SBJ-N4-HIDE-INTR-Aa-LOC-N3.mp4,Ab-SBJ-N4-HIDE-INTR-Aa-LOC-N3.mp3,ALP1108,1962.03.12,2026-05-02_12h18.27.930,BrocantoHPilot1WOSession3,2025.2.4,Win32,59.17159763,,,,,,,,,,,,,,,,,,,,,,,,,,,,,,,,,,,,,,,,,,,,,,,,,,,,,,,,,,,,,,,,,,,,,,,,,,,,,,,,,,,,,,,,,
603.6377,1,Aa-SBJ-N1-GO-INTR-Aa-LOC-N4.mp4,Aa-SBJ-N1-GO-INTR-Aa-LOC-N4.mp3,615.3271,mouse_continue,11.6897,,0,37,37,37,1,1,Aa-SBJ-N1-GO-INTR-Aa-LOC-N4.mp4,Aa-SBJ-N1-GO-INTR-Aa-LOC-N4.mp3,ALP1108,1962.03.12,2026-05-02_12h18.27.930,BrocantoHPilot1WOSession3,2025.2.4,Win32,59.17159763,,,,,,,,,,,,,,,,,,,,,,,,,,,,,,,,,,,,,,,,,,,,,,,,,,,,,,,,,,,,,,,,,,,,,,,,,,,,,,,,,,,,,,,,,
615.3308,1,Ab-SBJ-N1-JUMP-INTR-LOC-N4.mp4,Ab-SBJ-N1-JUMP-INTR-LOC-N4.mp3,622.6861,mouse_continue,7.3555,,0,38,38,38,1,1,Ab-SBJ-N1-JUMP-INTR-LOC-N4.mp4,Ab-SBJ-N1-JUMP-INTR-LOC-N4.mp3,ALP1108,1962.03.12,2026-05-02_12h18.27.930,BrocantoHPilot1WOSession3,2025.2.4,Win32,59.17159763,,,,,,,,,,,,,,,,,,,,,,,,,,,,,,,,,,,,,,,,,,,,,,,,,,,,,,,,,,,,,,,,,,,,,,,,,,,,,,,,,,,,,,,,,
622.6889,1,Ab-OBJ-N5-Ab-SBJ-N3-REVEAL-TR.mp4,Ab-OBJ-N5-Ab-SBJ-N3-REVEAL-TR.mp3,633.3616,mouse_continue,10.673,,0,39,39,39,1,1,Ab-OBJ-N5-Ab-SBJ-N3-REVEAL-TR.mp4,Ab-OBJ-N5-Ab-SBJ-N3-REVEAL-TR.mp3,ALP1108,1962.03.12,2026-05-02_12h18.27.930,BrocantoHPilot1WOSession3,2025.2.4,Win32,59.17159763,,,,,,,,,,,,,,,,,,,,,,,,,,,,,,,,,,,,,,,,,,,,,,,,,,,,,,,,,,,,,,,,,,,,,,,,,,,,,,,,,,,,,,,,,
633.3652,1,Ab-OBJ-N5-SBJ-N4-PUSH-TR-LOC-N2.mp4,Ab-OBJ-N5-SBJ-N4-PUSH-TR-LOC-N2.mp3,640.2019,mouse_continue,6.8381,,0,40,40,40,1,1,Ab-OBJ-N5-SBJ-N4-PUSH-TR-LOC-N2.mp4,Ab-OBJ-N5-SBJ-N4-PUSH-TR-LOC-N2.mp3,ALP1108,1962.03.12,2026-05-02_12h18.27.930,BrocantoHPilot1WOSession3,2025.2.4,Win32,59.17159763,,,,,,,,,,,,,,,,,,,,,,,,,,,,,,,,,,,,,,,,,,,,,,,,,,,,,,,,,,,,,,,,,,,,,,,,,,,,,,,,,,,,,,,,,
640.2057,1,Ab-OBJ-N5-SBJ-N4-REVEAL-TR.mp4,Ab-OBJ-N5-SBJ-N4-REVEAL-TR.mp3,648.427,mouse_continue,8.2219,,0,41,41,41,1,1,Ab-OBJ-N5-SBJ-N4-REVEAL-TR.mp4,Ab-OBJ-N5-SBJ-N4-REVEAL-TR.mp3,ALP1108,1962.03.12,2026-05-02_12h18.27.930,BrocantoHPilot1WOSession3,2025.2.4,Win32,59.17159763,,,,,,,,,,,,,,,,,,,,,,,,,,,,,,,,,,,,,,,,,,,,,,,,,,,,,,,,,,,,,,,,,,,,,,,,,,,,,,,,,,,,,,,,,
,,,,,,,,,,,,,1,,,ALP1108,1962.03.12,2026-05-02_12h18.27.930,BrocantoHPilot1WOSession3,2025.2.4,Win32,59.17159763,675.5779,1,2,2,35.7179,1,34.5405,35.7179,714.0935,0,0,0,0,1,Ab-SBJ-N3-REVEAL-INTR-Ab-LOC-N2.mp3,Ab-SBJ-N3-REVEAL-INTR-Ab-LOC-N2.mp4,Aa-SBJ-N3-HIDE-INTR-Ab-LOC-N2.mp4,,,,,,,,,,,,,,,,,,,,,,,,,,,,,,,,,,,,,,,,,,,,,,,,,,,,,,,,,,,,,,,,,,,,,,,,
,,,,,,,,,,,,,1,,,ALP1108,1962.03.12,2026-05-02_12h18.27.930,BrocantoHPilot1WOSession3,2025.2.4,Win32,59.17159763,714.0961,1,2,2,25.0431,1,25.1086,25.0431,741.3034,0,1,1,1,1,OBJ-N5-Ab-SBJ-N3-PUSH-TR-Ab-LOC-N2.mp3,OBJ-N5-Ab-SBJ-N3-PUSH-TR-Ab-LOC-N2.mp4,OBJ-N5-Ab-SBJ-N3-REVEAL-TR-Ab-LOC-N2.mp4,,,,,,,,,,,,,,,,,,,,,,,,,,,,,,,,,,,,,,,,,,,,,,,,,,,,,,,,,,,,,,,,,,,,,,,,
,,,,,,,,,,,,,1,,,ALP1108,1962.03.12,2026-05-02_12h18.27.930,BrocantoHPilot1WOSession3,2025.2.4,Win32,59.17159763,741.3041,1,2,2,21.9515,1,19.8646,21.9515,765.3941,0,2,2,2,1,SBJ-N5-REVEAL-INTR-LOC-N4.mp3,SBJ-N5-REVEAL-INTR-LOC-N4.mp4,SBJ-N4-HIDE-INTR-LOC-N5.mp4,,,,,,,,,,,,,,,,,,,,,,,,,,,,,,,,,,,,,,,,,,,,,,,,,,,,,,,,,,,,,,,,,,,,,,,,
,,,,,,,,,,,,,1,,,ALP1108,1962.03.12,2026-05-02_12h18.27.930,BrocantoHPilot1WOSession3,2025.2.4,Win32,59.17159763,765.3948,1,2,1,49.5702,0,28.0318,49.5702,816.8626,0,3,3,3,1,OBJ-N5-SBJ-N1-REVEAL-TR-Ab-LOC-N4.mp3,OBJ-N5-SBJ-N1-REVEAL-TR-Ab-LOC-N4.mp4,OBJ-N5-Aa-SBJ-N4-REVEAL-TR-LOC-N1.mp4,,,,,,,,,,,,,,,,,,,,,,,,,,,,,,,,,,,,,,,,,,,,,,,,,,,,,,,,,,,,,,,,,,,,,,,,
,,,,,,,,,,,,,1,,,ALP1108,1962.03.12,2026-05-02_12h18.27.930,BrocantoHPilot1WOSession3,2025.2.4,Win32,59.17159763,816.8658,1,2,2,25.4493,1,22.7357,25.4493,844.3901,0,4,4,4,1,Ab-SBJ-N4-REVEAL-INTR-LOC-N5.mp3,Ab-SBJ-N4-REVEAL-INTR-LOC-N5.mp4,Aa-SBJ-N4-REVEAL-INTR-LOC-N5.mp4,,,,,,,,,,,,,,,,,,,,,,,,,,,,,,,,,,,,,,,,,,,,,,,,,,,,,,,,,,,,,,,,,,,,,,,,
,,,,,,,,,,,,,1,,,ALP1108,1962.03.12,2026-05-02_12h18.27.930,BrocantoHPilot1WOSession3,2025.2.4,Win32,59.17159763,844.3908,1,1,2,47.7831,0,36.9744,47.7831,894.0898,0,5,5,5,1,Ab-OBJ-N5-Ab-SBJ-N2-HIDE-TR-LOC-N4.mp3,Ab-OBJ-N5-Ab-SBJ-N2-HIDE-TR-LOC-N4.mp4,Ab-OBJ-N2-Ab-SBJ-N5-HIDE-TR-LOC-N4.mp4,,,,,,,,,,,,,,,,,,,,,,,,,,,,,,,,,,,,,,,,,,,,,,,,,,,,,,,,,,,,,,,,,,,,,,,,
,,,,,,,,,,,,,1,,,ALP1108,1962.03.12,2026-05-02_12h18.27.930,BrocantoHPilot1WOSession3,2025.2.4,Win32,59.17159763,894.0906,1,2,2,19.8587,1,19.791,19.8587,916.4621,0,6,6,6,1,OBJ-N5-SBJ-N1-REVEAL-TR-Ab-LOC-N2.mp3,OBJ-N5-SBJ-N1-REVEAL-TR-Ab-LOC-N2.mp4,OBJ-N5-SBJ-N1-HIDE-TR-Aa-LOC-N2.mp4,,,,,,,,,,,,,,,,,,,,,,,,,,,,,,,,,,,,,,,,,,,,,,,,,,,,,,,,,,,,,,,,,,,,,,,,
,,,,,,,,,,,,,1,,,ALP1108,1962.03.12,2026-05-02_12h18.27.930,BrocantoHPilot1WOSession3,2025.2.4,Win32,59.17159763,916.4627,1,2,2,21.3822,1,20.7276,21.3822,939.9522,0,7,7,7,1,Ab-OBJ-N5-Ab-SBJ-N4-PUSH-TR.mp3,Ab-OBJ-N5-Ab-SBJ-N4-PUSH-TR.mp4,Ab-OBJ-N5-Ab-SBJ-N4-REVEAL-TR.mp4,,,,,,,,,,,,,,,,,,,,,,,,,,,,,,,,,,,,,,,,,,,,,,,,,,,,,,,,,,,,,,,,,,,,,,,,
,,,,,,,,,,,,,1,,,ALP1108,1962.03.12,2026-05-02_12h18.27.930,BrocantoHPilot1WOSession3,2025.2.4,Win32,59.17159763,939.9529,1,1,1,19.769,1,19.0587,19.769,961.5747,0,8,8,8,1,Ab-SBJ-N3-REVEAL-INTR-LOC-N5.mp3,Ab-SBJ-N3-REVEAL-INTR-LOC-N5.mp4,SBJ-N5-REVEAL-INTR-Aa-LOC-N3.mp4,,,,,,,,,,,,,,,,,,,,,,,,,,,,,,,,,,,,,,,,,,,,,,,,,,,,,,,,,,,,,,,,,,,,,,,,
,,,,,,,,,,,,,1,,,ALP1108,1962.03.12,2026-05-02_12h18.27.930,BrocantoHPilot1WOSession3,2025.2.4,Win32,59.17159763,961.5769,1,1,1,32.6252,1,27.2029,32.6252,995.975,0,9,9,9,1,SBJ-N3-JUMP-INTR.mp3,SBJ-N3-JUMP-INTR.mp4,SBJ-N3-GO-INTR.mp4,,,,,,,,,,,,,,,,,,,,,,,,,,,,,,,,,,,,,,,,,,,,,,,,,,,,,,,,,,,,,,,,,,,,,,,,
,,,,,,,,,,,,,1,,,ALP1108,1962.03.12,2026-05-02_12h18.27.930,BrocantoHPilot1WOSession3,2025.2.4,Win32,59.17159763,995.9773,1,1,1,22.2421,1,21.7733,22.2421,1020.1324,0,10,10,10,1,Ab-SBJ-N5-HIDE-INTR.mp3,Ab-SBJ-N5-HIDE-INTR.mp4,Aa-SBJ-N5-HIDE-INTR.mp4,,,,,,,,,,,,,,,,,,,,,,,,,,,,,,,,,,,,,,,,,,,,,,,,,,,,,,,,,,,,,,,,,,,,,,,,
,,,,,,,,,,,,,1,,,ALP1108,1962.03.12,2026-05-02_12h18.27.930,BrocantoHPilot1WOSession3,2025.2.4,Win32,59.17159763,1020.133,1,2,2,29.2012,1,29.2195,29.2012,1051.3134,0,11,11,11,1,SBJ-N2-REVEAL-INTR-Ab-LOC-N3.mp3,SBJ-N2-REVEAL-INTR-Ab-LOC-N3.mp4,Ab-SBJ-N3-GO-INTR-LOC-N2.mp4,,,,,,,,,,,,,,,,,,,,,,,,,,,,,,,,,,,,,,,,,,,,,,,,,,,,,,,,,,,,,,,,,,,,,,,,
,,,,,,,,,,,,,1,,,ALP1108,1962.03.12,2026-05-02_12h18.27.930,BrocantoHPilot1WOSession3,2025.2.4,Win32,59.17159763,1051.3139,1,1,1,38.7168,1,36.8199,38.7168,1091.804,0,12,12,12,1,Ab-OBJ-N5-Ab-SBJ-N3-HIDE-TR-LOC-N4.mp3,Ab-OBJ-N5-Ab-SBJ-N3-HIDE-TR-LOC-N4.mp4,Ab-OBJ-N5-SBJ-N4-HIDE-TR-Ab-LOC-N3.mp4,,,,,,,,,,,,,,,,,,,,,,,,,,,,,,,,,,,,,,,,,,,,,,,,,,,,,,,,,,,,,,,,,,,,,,,,
,,,,,,,,,,,,,1,,,ALP1108,1962.03.12,2026-05-02_12h18.27.930,BrocantoHPilot1WOSession3,2025.2.4,Win32,59.17159763,1091.8047,1,1,1,25.7298,1,25.2159,25.7298,1119.3157,0,13,13,13,1,Ab-OBJ-N5-Ab-SBJ-N2-HIDE-TR.mp3,Ab-OBJ-N5-Ab-SBJ-N2-HIDE-TR.mp4,Aa-OBJ-N5-Ab-SBJ-N2-REVEAL-TR.mp4,,,,,,,,,,,,,,,,,,,,,,,,,,,,,,,,,,,,,,,,,,,,,,,,,,,,,,,,,,,,,,,,,,,,,,,,
,,,,,,,,,,,,,1,,,ALP1108,1962.03.12,2026-05-02_12h18.27.930,BrocantoHPilot1WOSession3,2025.2.4,Win32,59.17159763,1119.3178,1,2,1,27.6462,0,22.2775,27.6462,1149.4115,0,14,14,14,1,Ab-SBJ-N2-GO-INTR.mp3,Ab-SBJ-N2-GO-INTR.mp4,Aa-SBJ-N2-GO-INTR.mp4,,,,,,,,,,,,,,,,,,,,,,,,,,,,,,,,,,,,,,,,,,,,,,,,,,,,,,,,,,,,,,,,,,,,,,,,
,,,,,,,,,,,,,1,,,ALP1108,1962.03.12,2026-05-02_12h18.27.930,BrocantoHPilot1WOSession3,2025.2.4,Win32,59.17159763,1149.4121,1,2,1,21.6851,0,20.9963,21.6851,1173.002,0,15,15,15,1,SBJ-N5-REVEAL-INTR-Ab-LOC-N4.mp3,SBJ-N5-REVEAL-INTR-Ab-LOC-N4.mp4,Aa-SBJ-N4-REVEAL-INTR-LOC-N5.mp4,,,,,,,,,,,,,,,,,,,,,,,,,,,,,,,,,,,,,,,,,,,,,,,,,,,,,,,,,,,,,,,,,,,,,,,,
,,,,,,,,,,,,,1,,,ALP1108,1962.03.12,2026-05-02_12h18.27.930,BrocantoHPilot1WOSession3,2025.2.4,Win32,59.17159763,1173.0027,1,2,2,16.7668,1,16.3478,16.7668,1191.5209,0,16,16,16,1,OBJ-N5-SBJ-N2-PUSH-TR.mp3,OBJ-N5-SBJ-N2-PUSH-TR.mp4,OBJ-N2-SBJ-N5-HIDE-TR.mp4,,,,,,,,,,,,,,,,,,,,,,,,,,,,,,,,,,,,,,,,,,,,,,,,,,,,,,,,,,,,,,,,,,,,,,,,
,,,,,,,,,,,,,1,,,ALP1108,1962.03.12,2026-05-02_12h18.27.930,BrocantoHPilot1WOSession3,2025.2.4,Win32,59.17159763,1191.5216,1,1,1,27.2139,1,27.4594,27.2139,1220.6663,0,17,17,17,1,Ab-OBJ-N5-SBJ-N1-REVEAL-TR-Ab-LOC-N2.mp3,Ab-OBJ-N5-SBJ-N1-REVEAL-TR-Ab-LOC-N2.mp4,Ab-OBJ-N5-Ab-SBJ-N2-REVEAL-TR-LOC-N1.mp4,,,,,,,,,,,,,,,,,,,,,,,,,,,,,,,,,,,,,,,,,,,,,,,,,,,,,,,,,,,,,,,,,,,,,,,,
,,,,,,,,,,,,,1,,,ALP1108,1962.03.12,2026-05-02_12h18.27.930,BrocantoHPilot1WOSession3,2025.2.4,Win32,59.17159763,1220.667,1,2,2,22.6446,1,19.3392,22.6446,1245.1407,0,18,18,18,1,SBJ-N1-HIDE-INTR.mp3,SBJ-N1-HIDE-INTR.mp4,SBJ-N1-GO-INTR.mp4,,,,,,,,,,,,,,,,,,,,,,,,,,,,,,,,,,,,,,,,,,,,,,,,,,,,,,,,,,,,,,,,,,,,,,,,
,,,,,,,,,,,,,1,,,ALP1108,1962.03.12,2026-05-02_12h18.27.930,BrocantoHPilot1WOSession3,2025.2.4,Win32,59.17159763,1245.1415,1,2,2,31.0758,1,30.1725,31.0758,1277.9239,0,19,19,19,1,Ab-OBJ-N5-Ab-SBJ-N1-HIDE-TR.mp3,Ab-OBJ-N5-Ab-SBJ-N1-HIDE-TR.mp4,Ab-OBJ-N5-Aa-SBJ-N1-PUSH-TR.mp4,,,,,,,,,,,,,,,,,,,,,,,,,,,,,,,,,,,,,,,,,,,,,,,,,,,,,,,,,,,,,,,,,,,,,,,,
,,,,,,,,,,,,,1,,,ALP1108,1962.03.12,2026-05-02_12h18.27.930,BrocantoHPilot1WOSession3,2025.2.4,Win32,59.17159763,1277.9247,1,1,2,30.8587,0,19.5627,30.8587,1310.4737,0,20,20,20,1,OBJ-N5-Ab-SBJ-N1-REVEAL-TR-Ab-LOC-N2.mp3,OBJ-N5-Ab-SBJ-N1-REVEAL-TR-Ab-LOC-N2.mp4,Ab-OBJ-N1-SBJ-N5-REVEAL-TR-Aa-LOC-N2.mp4,,,,,,,,,,,,,,,,,,,,,,,,,,,,,,,,,,,,,,,,,,,,,,,,,,,,,,,,,,,,,,,,,,,,,,,,
,,,,,,,,,,,,,1,,,ALP1108,1962.03.12,2026-05-02_12h18.27.930,BrocantoHPilot1WOSession3,2025.2.4,Win32,59.17159763,1310.4758,1,2,2,20.6101,1,21.0308,20.6101,1333.0288,0,21,21,21,1,Ab-OBJ-N5-Ab-SBJ-N4-PUSH-TR.mp3,Ab-OBJ-N5-Ab-SBJ-N4-PUSH-TR.mp4,Aa-OBJ-N5-Ab-SBJ-N4-PUSH-TR.mp4,,,,,,,,,,,,,,,,,,,,,,,,,,,,,,,,,,,,,,,,,,,,,,,,,,,,,,,,,,,,,,,,,,,,,,,,
,,,,,,,,,,,,,1,,,ALP1108,1962.03.12,2026-05-02_12h18.27.930,BrocantoHPilot1WOSession3,2025.2.4,Win32,59.17159763,1333.0296,1,2,2,22.233,1,22.4052,22.233,1357.1531,0,22,22,22,1,OBJ-N5-Ab-SBJ-N3-REVEAL-TR-Ab-LOC-N1.mp3,OBJ-N5-Ab-SBJ-N3-REVEAL-TR-Ab-LOC-N1.mp4,Ab-OBJ-N1-Ab-SBJ-N3-PUSH-TR-LOC-N5.mp4,,,,,,,,,,,,,,,,,,,,,,,,,,,,,,,,,,,,,,,,,,,,,,,,,,,,,,,,,,,,,,,,,,,,,,,,
,,,,,,,,,,,,,1,,,ALP1108,1962.03.12,2026-05-02_12h18.27.930,BrocantoHPilot1WOSession3,2025.2.4,Win32,59.17159763,1357.1537,1,1,1,20.1143,1,18.9062,20.1143,1378.9923,0,23,23,23,1,Ab-SBJ-N3-JUMP-INTR.mp3,Ab-SBJ-N3-JUMP-INTR.mp4,Aa-SBJ-N3-REVEAL-INTR.mp4,,,,,,,,,,,,,,,,,,,,,,,,,,,,,,,,,,,,,,,,,,,,,,,,,,,,,,,,,,,,,,,,,,,,,,,,
,,,,,,,,,,,,,1,,,ALP1108,1962.03.12,2026-05-02_12h18.27.930,BrocantoHPilot1WOSession3,2025.2.4,Win32,59.17159763,1378.9929,1,1,1,18.129,1,16.1188,18.129,1398.8781,0,24,24,24,1,OBJ-N5-SBJ-N4-PUSH-TR-LOC-N2.mp3,OBJ-N5-SBJ-N4-PUSH-TR-LOC-N2.mp4,OBJ-N5-SBJ-N2-PUSH-TR-LOC-N4.mp4,,,,,,,,,,,,,,,,,,,,,,,,,,,,,,,,,,,,,,,,,,,,,,,,,,,,,,,,,,,,,,,,,,,,,,,,
,,,,,,,,,,,,,1,,,ALP1108,1962.03.12,2026-05-02_12h18.27.930,BrocantoHPilot1WOSession3,2025.2.4,Win32,59.17159763,1398.8787,1,2,2,19.7482,1,18.1908,19.7482,1420.8668,0,25,25,25,1,Ab-OBJ-N5-SBJ-N3-HIDE-TR.mp3,Ab-OBJ-N5-SBJ-N3-HIDE-TR.mp4,Ab-OBJ-N5-SBJ-N3-REVEAL-TR.mp4,,,,,,,,,,,,,,,,,,,,,,,,,,,,,,,,,,,,,,,,,,,,,,,,,,,,,,,,,,,,,,,,,,,,,,,,
,,,,,,,,,,,,,1,,,ALP1108,1962.03.12,2026-05-02_12h18.27.930,BrocantoHPilot1WOSession3,2025.2.4,Win32,59.17159763,1420.8676,1,1,1,18.6482,1,17.2548,18.6482,1441.3704,0,26,26,26,1,SBJ-N1-GO-INTR.mp3,SBJ-N1-GO-INTR.mp4,SBJ-N1-REVEAL-INTR.mp4,,,,,,,,,,,,,,,,,,,,,,,,,,,,,,,,,,,,,,,,,,,,,,,,,,,,,,,,,,,,,,,,,,,,,,,,
,,,,,,,,,,,,,1,,,ALP1108,1962.03.12,2026-05-02_12h18.27.930,BrocantoHPilot1WOSession3,2025.2.4,Win32,59.17159763,1441.3723,1,2,2,16.1877,1,15.4663,16.1877,1459.4218,0,27,27,27,1,SBJ-N5-HIDE-INTR.mp3,SBJ-N5-HIDE-INTR.mp4,SBJ-N5-GO-INTR.mp4,,,,,,,,,,,,,,,,,,,,,,,,,,,,,,,,,,,,,,,,,,,,,,,,,,,,,,,,,,,,,,,,,,,,,,,,
,,,,,,,,,,,,,1,,,ALP1108,1962.03.12,2026-05-02_12h18.27.930,BrocantoHPilot1WOSession3,2025.2.4,Win32,59.17159763,1459.4232,1,1,1,18.2596,1,18.5361,18.2596,1479.4084,0,28,28,28,1,Ab-OBJ-N5-SBJ-N4-REVEAL-TR.mp3,Ab-OBJ-N5-SBJ-N4-REVEAL-TR.mp4,OBJ-N4-Aa-SBJ-N5-REVEAL-TR.mp4,,,,,,,,,,,,,,,,,,,,,,,,,,,,,,,,,,,,,,,,,,,,,,,,,,,,,,,,,,,,,,,,,,,,,,,,
,,,,,,,,,,,,,1,,,ALP1108,1962.03.12,2026-05-02_12h18.27.930,BrocantoHPilot1WOSession3,2025.2.4,Win32,59.17159763,1479.409,1,2,2,17.4725,1,17.5377,17.4725,1498.6947,0,29,29,29,1,Ab-OBJ-N5-Ab-SBJ-N3-PUSH-TR-LOC-N2.mp3,Ab-OBJ-N5-Ab-SBJ-N3-PUSH-TR-LOC-N2.mp4,Ab-OBJ-N5-Aa-SBJ-N3-PUSH-TR-LOC-N2.mp4,,,,,,,,,,,,,,,,,,,,,,,,,,,,,,,,,,,,,,,,,,,,,,,,,,,,,,,,,,,,,,,,,,,,,,,,
,,,,,,,,,,,,,1,,,ALP1108,1962.03.12,2026-05-02_12h18.27.930,BrocantoHPilot1WOSession3,2025.2.4,Win32,59.17159763,1498.697,1,1,1,16.8902,1,16.2259,16.8902,1517.4463,0,30,30,30,1,Ab-OBJ-N5-SBJ-N2-HIDE-TR.mp3,Ab-OBJ-N5-SBJ-N2-HIDE-TR.mp4,OBJ-N2-Ab-SBJ-N5-PUSH-TR.mp4,,,,,,,,,,,,,,,,,,,,,,,,,,,,,,,,,,,,,,,,,,,,,,,,,,,,,,,,,,,,,,,,,,,,,,,,
,,,,,,,,,,,,,1,,,ALP1108,1962.03.12,2026-05-02_12h18.27.930,BrocantoHPilot1WOSession3,2025.2.4,Win32,59.17159763,1517.4469,1,1,1,25.1942,1,21.7299,25.1942,1544.4236,0,31,31,31,1,SBJ-N3-JUMP-INTR.mp3,SBJ-N3-JUMP-INTR.mp4,SBJ-N3-GO-INTR.mp4,,,,,,,,,,,,,,,,,,,,,,,,,,,,,,,,,,,,,,,,,,,,,,,,,,,,,,,,,,,,,,,,,,,,,,,,
,,,,,,,,,,,,,1,,,ALP1108,1962.03.12,2026-05-02_12h18.27.930,BrocantoHPilot1WOSession3,2025.2.4,Win32,59.17159763,1544.4242,1,1,2,16.5874,0,15.5747,16.5874,1562.742,0,32,32,32,1,SBJ-N1-GO-INTR.mp3,SBJ-N1-GO-INTR.mp4,SBJ-N1-JUMP-INTR.mp4,,,,,,,,,,,,,,,,,,,,,,,,,,,,,,,,,,,,,,,,,,,,,,,,,,,,,,,,,,,,,,,,,,,,,,,,
,,,,,,,,,,,,,1,,,ALP1108,1962.03.12,2026-05-02_12h18.27.930,BrocantoHPilot1WOSession3,2025.2.4,Win32,59.17159763,1562.7428,1,2,2,24.6148,1,22.6158,24.6148,1589.085,0,33,33,33,1,Aa-SBJ-N5-GO-INTR-LOC-N4.mp3,Aa-SBJ-N5-GO-INTR-LOC-N4.mp4,SBJ-N4-GO-INTR-Aa-LOC-N5.mp4,,,,,,,,,,,,,,,,,,,,,,,,,,,,,,,,,,,,,,,,,,,,,,,,,,,,,,,,,,,,,,,,,,,,,,,,
,,,,,,,,,,,,,1,,,ALP1108,1962.03.12,2026-05-02_12h18.27.930,BrocantoHPilot1WOSession3,2025.2.4,Win32,59.17159763,1589.0871,1,1,1,18.231,1,17.181,18.231,1609.1385,0,34,34,34,1,SBJ-N3-JUMP-INTR-Aa-LOC-N1.mp3,SBJ-N3-JUMP-INTR-Aa-LOC-N1.mp4,SBJ-N3-HIDE-INTR-Ab-LOC-N1.mp4,,,,,,,,,,,,,,,,,,,,,,,,,,,,,,,,,,,,,,,,,,,,,,,,,,,,,,,,,,,,,,,,,,,,,,,,
,,,,,,,,,,,,,1,,,ALP1108,1962.03.12,2026-05-02_12h18.27.930,BrocantoHPilot1WOSession3,2025.2.4,Win32,59.17159763,1609.1391,1,1,1,22.0423,1,21.2794,22.0423,1632.9794,0,35,35,35,1,SBJ-N1-HIDE-INTR-Ab-LOC-N3.mp3,SBJ-N1-HIDE-INTR-Ab-LOC-N3.mp4,Aa-SBJ-N3-HIDE-INTR-LOC-N1.mp4,,,,,,,,,,,,,,,,,,,,,,,,,,,,,,,,,,,,,,,,,,,,,,,,,,,,,,,,,,,,,,,,,,,,,,,,
,,,,,,,,,,,,,1,,,ALP1108,1962.03.12,2026-05-02_12h18.27.930,BrocantoHPilot1WOSession3,2025.2.4,Win32,59.17159763,1632.9813,1,1,1,18.5178,1,16.821,18.5178,1653.272,0,36,36,36,1,Ab-SBJ-N5-JUMP-INTR-LOC-N1.mp3,Ab-SBJ-N5-JUMP-INTR-LOC-N1.mp4,Aa-SBJ-N5-JUMP-INTR-LOC-N1.mp4,,,,,,,,,,,,,,,,,,,,,,,,,,,,,,,,,,,,,,,,,,,,,,,,,,,,,,,,,,,,,,,,,,,,,,,,
,,,,,,,,,,,,,1,,,ALP1108,1962.03.12,2026-05-02_12h18.27.930,BrocantoHPilot1WOSession3,2025.2.4,Win32,59.17159763,1653.2726,1,2,2,17.8553,1,17.7359,17.8553,1673.1856,0,37,37,37,1,Aa-SBJ-N5-GO-INTR-Aa-LOC-N2.mp3,Aa-SBJ-N5-GO-INTR-Aa-LOC-N2.mp4,Aa-SBJ-N2-HIDE-INTR-Aa-LOC-N5.mp4,,,,,,,,,,,,,,,,,,,,,,,,,,,,,,,,,,,,,,,,,,,,,,,,,,,,,,,,,,,,,,,,,,,,,,,,
,,,,,,,,,,,,,1,,,ALP1108,1962.03.12,2026-05-02_12h18.27.930,BrocantoHPilot1WOSession3,2025.2.4,Win32,59.17159763,1673.1863,1,1,2,20.3095,0,18.4565,20.3095,1695.4079,0,38,38,38,1,SBJ-N1-HIDE-INTR-Ab-LOC-N4.mp3,SBJ-N1-HIDE-INTR-Ab-LOC-N4.mp4,Ab-SBJ-N4-HIDE-INTR-LOC-N1.mp4,,,,,,,,,,,,,,,,,,,,,,,,,,,,,,,,,,,,,,,,,,,,,,,,,,,,,,,,,,,,,,,,,,,,,,,,
,,,,,,,,,,,,,1,,,ALP1108,1962.03.12,2026-05-02_12h18.27.930,BrocantoHPilot1WOSession3,2025.2.4,Win32,59.17159763,1695.4099,1,1,1,17.081,1,16.9929,17.081,1714.3937,0,39,39,39,1,OBJ-N5-Ab-SBJ-N1-REVEAL-TR-Ab-LOC-N3.mp3,OBJ-N5-Ab-SBJ-N1-REVEAL-TR-Ab-LOC-N3.mp4,OBJ-N5-Ab-SBJ-N1-PUSH-TR-Aa-LOC-N3.mp4,,,,,,,,,,,,,,,,,,,,,,,,,,,,,,,,,,,,,,,,,,,,,,,,,,,,,,,,,,,,,,,,,,,,,,,,
,,,,,,,,,,,,,1,,,ALP1108,1962.03.12,2026-05-02_12h18.27.930,BrocantoHPilot1WOSession3,2025.2.4,Win32,59.17159763,1714.3944,1,2,1,20.6717,0,,20.6717,1736.8995,0,40,40,40,1,Ab-OBJ-N5-Ab-SBJ-N3-HIDE-TR-Ab-LOC-N4.mp3,Ab-OBJ-N5-Ab-SBJ-N3-HIDE-TR-Ab-LOC-N4.mp4,Ab-OBJ-N4-Aa-SBJ-N3-HIDE-TR-Ab-LOC-N5.mp4,,,,,,,,,,,,,,,,,,,,,,,,,,,,,,,,,,,,,,,,,,,,,,,,,,,,,,,,,,,,,,,,,,,,,,,,
,,,,,,,,,,,,,1,,,ALP1108,1962.03.12,2026-05-02_12h18.27.930,BrocantoHPilot1WOSession3,2025.2.4,Win32,59.17159763,1736.9,1,2,2,25.9608,1,25.9278,25.9608,1764.5782,0,41,41,41,1,Ab-OBJ-N5-SBJ-N4-HIDE-TR.mp3,Ab-OBJ-N5-SBJ-N4-HIDE-TR.mp4,Aa-OBJ-N5-SBJ-N4-HIDE-TR.mp4,,,,,,,,,,,,,,,,,,,,,,,,,,,,,,,,,,,,,,,,,,,,,,,,,,,,,,,,,,,,,,,,,,,,,,,,
,,,,,,,,,,,,,1,,,ALP1108,1962.03.12,2026-05-02_12h18.27.930,BrocantoHPilot1WOSession3,2025.2.4,Win32,59.17159763,,,,,,,,,,,,,,,Ab OBJ.N5 Ab SBJ.N2 REVEAL-TR LOC.N1,,,1862.0961,1,Ab-OBJ-N5-Ab-SBJ-N2-REVEAL-TR-LOC-N1.mp4,Ab|N5|Ab|N2|REVEAL|N1,HIDE|Aa|N1|Ab|N2|N4|REVEAL|N5|JUMP|Ab,zsot|timó|zsot|murak|girda|pekli,zsübe|gyék|pekli|zsot|murak|dabi|girda|timó|bonip|zsot,0,14.3363,74.9016,zsot timó girda zsot murak pekli,1958.5701,0,0,0,0,1,Ab-OBJ-N5-Ab-SBJ-N2-REVEAL-TR-LOC-N1.mp4,Ab|N5|Ab|N2|REVEAL|N1,HIDE|Aa|N1|Ab|N2|N4|REVEAL|N5|JUMP|Ab,zsot timó zsot murak girda pekli,zsot|timó|zsot|murak|girda|pekli,zsübe|gyék|pekli|zsot|murak|dabi|girda|timó|bonip|zsot,,,,,,,,,,,,,,,,,,,,,,,,,,,,,,,,,,,,,,,,,,,,,,,,,
,,,,,,,,,,,,,1,,,ALP1108,1962.03.12,2026-05-02_12h18.27.930,BrocantoHPilot1WOSession3,2025.2.4,Win32,59.17159763,,,,,,,,,,,,,,,Ab SBJ.N2 REVEAL-INTR Ab LOC.N5,,,1959.0769,1,Ab-SBJ-N2-REVEAL-INTR-Ab-LOC-N5.mp4,Ab|N2|REVEAL|Ab|N5,Ab|PUSH|N5|HIDE|REVEAL|Ab|N3|N2|N4,zsot|murak|girda|zsot|timó,zsot|vánta|timó|zsübe|girda|zsot|zilép|murak|dabi,1,6.8517,31.2513,zsot murak girda zsot timó,1995.552,0,1,1,1,1,Ab-SBJ-N2-REVEAL-INTR-Ab-LOC-N5.mp4,Ab|N2|REVEAL|Ab|N5,Ab|PUSH|N5|HIDE|REVEAL|Ab|N3|N2|N4,zsot murak girda zsot timó,zsot|murak|girda|zsot|timó,zsot|vánta|timó|zsübe|girda|zsot|zilép|murak|dabi,,,,,,,,,,,,,,,,,,,,,,,,,,,,,,,,,,,,,,,,,,,,,,,,,
,,,,,,,,,,,,,1,,,ALP1108,1962.03.12,2026-05-02_12h18.27.930,BrocantoHPilot1WOSession3,2025.2.4,Win32,59.17159763,,,,,,,,,,,,,,,Ab SBJ.N5 REVEAL-INTR LOC.N2,,,1996.0597,1,Ab-SBJ-N5-REVEAL-INTR-LOC-N2.mp4,Ab|N5|REVEAL|N2,PUSH|REVEAL|Aa|N2|GO|N5|Ab|N4,zsot|timó|girda|murak,vánta|girda|gyék|murak|kávler|timó|zsot|dabi,1,7.3883,33.6341,zsot timó girda murak,2034.5097,0,2,2,2,1,Ab-SBJ-N5-REVEAL-INTR-LOC-N2.mp4,Ab|N5|REVEAL|N2,PUSH|REVEAL|Aa|N2|GO|N5|Ab|N4,zsot timó girda murak,zsot|timó|girda|murak,vánta|girda|gyék|murak|kávler|timó|zsot|dabi,,,,,,,,,,,,,,,,,,,,,,,,,,,,,,,,,,,,,,,,,,,,,,,,,
,,,,,,,,,,,,,1,,,ALP1108,1962.03.12,2026-05-02_12h18.27.930,BrocantoHPilot1WOSession3,2025.2.4,Win32,59.17159763,,,,,,,,,,,,,,,OBJ.N5 Ab SBJ.N3 HIDE-TR LOC.N4,,,2035.0172,1,OBJ-N5-Ab-SBJ-N3-HIDE-TR-LOC-N4.mp4,N5|Ab|N3|HIDE|N4,N2|N3|Ab|GO|HIDE|REVEAL|N4|N5|PUSH,timó|zsot|zilép|zsübe|dabi,murak|zilép|zsot|kávler|zsübe|girda|dabi|timó|vánta,0,6.2394,25.2504,timó zsübe zsot zilép,2089.8194,0,3,3,3,1,OBJ-N5-Ab-SBJ-N3-HIDE-TR-LOC-N4.mp4,N5|Ab|N3|HIDE|N4,N2|N3|Ab|GO|HIDE|REVEAL|N4|N5|PUSH,timó zsot zilép zsübe dabi,timó|zsot|zilép|zsübe|dabi,murak|zilép|zsot|kávler|zsübe|girda|dabi|timó|vánta,,,,,,,,,,,,,,,,,,,,,,,,,,,,,,,,,,,,,,,,,,,,,,,,,
,,,,,,,,,,,,,1,,,ALP1108,1962.03.12,2026-05-02_12h18.27.930,BrocantoHPilot1WOSession3,2025.2.4,Win32,59.17159763,,,,,,,,,,,,,,,OBJ.N5 Ab SBJ.N3 PUSH-TR Ab LOC.N4,,,2090.3233,1,OBJ-N5-Ab-SBJ-N3-PUSH-TR-Ab-LOC-N4.mp4,N5|Ab|N3|PUSH|Ab|N4,HIDE|Ab|JUMP|N2|N3|PUSH|N5|N1|N4|Ab,timó|zsot|zilép|vánta|zsot|dabi,zsübe|zsot|bonip|murak|zilép|vánta|timó|pekli|dabi|zsot,0,5.8557,36.4538,zsot zilép bonip timó zsot dabi,2132.7955,0,4,4,4,1,OBJ-N5-Ab-SBJ-N3-PUSH-TR-Ab-LOC-N4.mp4,N5|Ab|N3|PUSH|Ab|N4,HIDE|Ab|JUMP|N2|N3|PUSH|N5|N1|N4|Ab,timó zsot zilép vánta zsot dabi,timó|zsot|zilép|vánta|zsot|dabi,zsübe|zsot|bonip|murak|zilép|vánta|timó|pekli|dabi|zsot,,,,,,,,,,,,,,,,,,,,,,,,,,,,,,,,,,,,,,,,,,,,,,,,,
,,,,,,,,,,,,,1,,,ALP1108,1962.03.12,2026-05-02_12h18.27.930,BrocantoHPilot1WOSession3,2025.2.4,Win32,59.17159763,,,,,,,,,,,,,,,Ab SBJ.N5 REVEAL-INTR Ab LOC.N2,,,2133.2962,1,Ab-SBJ-N5-REVEAL-INTR-Ab-LOC-N2.mp4,Ab|N5|REVEAL|Ab|N2,Ab|JUMP|HIDE|Ab|REVEAL|N2|N1|N5|N3,zsot|timó|girda|zsot|murak,zsot|bonip|zsübe|zsot|girda|murak|pekli|timó|zilép,1,6.9652,26.1482,zsot timó girda zsot murak,2164.0863,0,5,5,5,1,Ab-SBJ-N5-REVEAL-INTR-Ab-LOC-N2.mp4,Ab|N5|REVEAL|Ab|N2,Ab|JUMP|HIDE|Ab|REVEAL|N2|N1|N5|N3,zsot timó girda zsot murak,zsot|timó|girda|zsot|murak,zsot|bonip|zsübe|zsot|girda|murak|pekli|timó|zilép,,,,,,,,,,,,,,,,,,,,,,,,,,,,,,,,,,,,,,,,,,,,,,,,,
,,,,,,,,,,,,,1,,,ALP1108,1962.03.12,2026-05-02_12h18.27.930,BrocantoHPilot1WOSession3,2025.2.4,Win32,59.17159763,,,,,,,,,,,,,,,OBJ.N5 SBJ.N3 HIDE-TR Ab LOC.N2,,,2164.5966,1,OBJ-N5-SBJ-N3-HIDE-TR-Ab-LOC-N2.mp4,N5|N3|HIDE|Ab|N2,Aa|PUSH|HIDE|N3|N1|N2|Ab|N5|N4,timó|zilép|zsübe|zsot|murak,gyék|vánta|zsübe|zilép|pekli|murak|zsot|timó|dabi,0,7.4492,37.8806,zsot timó zilép murak,2209.7477,0,6,6,6,1,OBJ-N5-SBJ-N3-HIDE-TR-Ab-LOC-N2.mp4,N5|N3|HIDE|Ab|N2,Aa|PUSH|HIDE|N3|N1|N2|Ab|N5|N4,timó zilép zsübe zsot murak,timó|zilép|zsübe|zsot|murak,gyék|vánta|zsübe|zilép|pekli|murak|zsot|timó|dabi,,,,,,,,,,,,,,,,,,,,,,,,,,,,,,,,,,,,,,,,,,,,,,,,,
,,,,,,,,,,,,,1,,,ALP1108,1962.03.12,2026-05-02_12h18.27.930,BrocantoHPilot1WOSession3,2025.2.4,Win32,59.17159763,,,,,,,,,,,,,,,SBJ.N3 REVEAL-INTR Ab LOC.N2,,,2210.2597,1,SBJ-N3-REVEAL-INTR-Ab-LOC-N2.mp4,N3|REVEAL|Ab|N2,REVEAL|PUSH|N3|Ab|N2|GO|N5|N1,zilép|girda|zsot|murak,girda|vánta|zilép|zsot|murak|kávler|timó|pekli,0,6.8369,15.3515,zsot murak girda zilép,2234.1468,0,7,7,7,1,SBJ-N3-REVEAL-INTR-Ab-LOC-N2.mp4,N3|REVEAL|Ab|N2,REVEAL|PUSH|N3|Ab|N2|GO|N5|N1,zilép girda zsot murak,zilép|girda|zsot|murak,girda|vánta|zilép|zsot|murak|kávler|timó|pekli,,,,,,,,,,,,,,,,,,,,,,,,,,,,,,,,,,,,,,,,,,,,,,,,,
,,,,,,,,,,,,,1,,,ALP1108,1962.03.12,2026-05-02_12h18.27.930,BrocantoHPilot1WOSession3,2025.2.4,Win32,59.17159763,,,,,,,,,,,,,,,Ab OBJ.N5 Ab SBJ.N3 REVEAL-TR,,,2234.6545,1,Ab-OBJ-N5-Ab-SBJ-N3-REVEAL-TR.mp4,Ab|N5|Ab|N3|REVEAL,N5|PUSH|Aa|REVEAL|HIDE|N4|N3|Ab|Ab,zsot|timó|zsot|zilép|girda,timó|vánta|gyék|girda|zsübe|dabi|zilép|zsot|zsot,0,6.6669,23.2738,zsot timó girda zsot zilép,2265.1318,0,8,8,8,1,Ab-OBJ-N5-Ab-SBJ-N3-REVEAL-TR.mp4,Ab|N5|Ab|N3|REVEAL,N5|PUSH|Aa|REVEAL|HIDE|N4|N3|Ab|Ab,zsot timó zsot zilép girda,zsot|timó|zsot|zilép|girda,timó|vánta|gyék|girda|zsübe|dabi|zilép|zsot|zsot,,,,,,,,,,,,,,,,,,,,,,,,,,,,,,,,,,,,,,,,,,,,,,,,,
,,,,,,,,,,,,,1,,,ALP1108,1962.03.12,2026-05-02_12h18.27.930,BrocantoHPilot1WOSession3,2025.2.4,Win32,59.17159763,,,,,,,,,,,,,,,SBJ.N4 JUMP-INTR,,,2265.6508,1,SBJ-N4-JUMP-INTR.mp4,N4|JUMP,N2|N4|JUMP|N1|N5|Aa,dabi|bonip,murak|dabi|bonip|pekli|timó|gyék,1,7.1187,17.6791,dabi bonip,2287.2995,0,9,9,9,1,SBJ-N4-JUMP-INTR.mp4,N4|JUMP,N2|N4|JUMP|N1|N5|Aa,dabi bonip,dabi|bonip,murak|dabi|bonip|pekli|timó|gyék,,,,,,,,,,,,,,,,,,,,,,,,,,,,,,,,,,,,,,,,,,,,,,,,,
,,,,,,,,,,,,,1,,,ALP1108,1962.03.12,2026-05-02_12h18.27.930,BrocantoHPilot1WOSession3,2025.2.4,Win32,59.17159763,,,,,,,,,,,,,,,Ab SBJ.N3 REVEAL-INTR LOC.N4,,,2287.8024,1,Ab-SBJ-N3-REVEAL-INTR-LOC-N4.mp4,Ab|N3|REVEAL|N4,N4|Aa|N2|HIDE|Ab|JUMP|N3|REVEAL,zsot|zilép|girda|dabi,dabi|gyék|murak|zsübe|zsot|bonip|zilép|girda,0,8.4412,34.1178,zsot dabi girda zilép,2329.9807,0,10,10,10,1,Ab-SBJ-N3-REVEAL-INTR-LOC-N4.mp4,Ab|N3|REVEAL|N4,N4|Aa|N2|HIDE|Ab|JUMP|N3|REVEAL,zsot zilép girda dabi,zsot|zilép|girda|dabi,dabi|gyék|murak|zsübe|zsot|bonip|zilép|girda,,,,,,,,,,,,,,,,,,,,,,,,,,,,,,,,,,,,,,,,,,,,,,,,,
,,,,,,,,,,,,,1,,,ALP1108,1962.03.12,2026-05-02_12h18.27.930,BrocantoHPilot1WOSession3,2025.2.4,Win32,59.17159763,,,,,,,,,,,,,,,SBJ.N1 GO-INTR,,,2330.4948,1,SBJ-N1-GO-INTR.mp4,N1|GO,Ab|N3|PUSH|HIDE|N1|GO,pekli|kávler,zsot|zilép|vánta|zsübe|pekli|kávler,0,7.4402,23.5229,zsot pekli kávler,2365.5106,0,11,11,11,1,SBJ-N1-GO-INTR.mp4,N1|GO,Ab|N3|PUSH|HIDE|N1|GO,pekli kávler,pekli|kávler,zsot|zilép|vánta|zsübe|pekli|kávler,,,,,,,,,,,,,,,,,,,,,,,,,,,,,,,,,,,,,,,,,,,,,,,,,
,,,,,,,,,,,,,1,,,ALP1108,1962.03.12,2026-05-02_12h18.27.930,BrocantoHPilot1WOSession3,2025.2.4,Win32,59.17159763,,,,,,,,,,,,,,,Ab OBJ.N5 Ab SBJ.N4 PUSH-TR,,,2366.0142,1,Ab-OBJ-N5-Ab-SBJ-N4-PUSH-TR.mp4,Ab|N5|Ab|N4|PUSH,JUMP|REVEAL|Aa|GO|Ab|N5|Ab|N4|PUSH,zsot|timó|zsot|dabi|vánta,bonip|girda|gyék|kávler|zsot|timó|zsot|dabi|vánta,0,5.6511,34.9808,zsot timó vánta dabi,2407.7276,0,12,12,12,1,Ab-OBJ-N5-Ab-SBJ-N4-PUSH-TR.mp4,Ab|N5|Ab|N4|PUSH,JUMP|REVEAL|Aa|GO|Ab|N5|Ab|N4|PUSH,zsot timó zsot dabi vánta,zsot|timó|zsot|dabi|vánta,bonip|girda|gyék|kávler|zsot|timó|zsot|dabi|vánta,,,,,,,,,,,,,,,,,,,,,,,,,,,,,,,,,,,,,,,,,,,,,,,,,
,,,,,,,,,,,,,1,,,ALP1108,1962.03.12,2026-05-02_12h18.27.930,BrocantoHPilot1WOSession3,2025.2.4,Win32,59.17159763,,,,,,,,,,,,,,,Ab OBJ.N5 Ab SBJ.N3 REVEAL-TR Ab LOC.N4,,,2408.239,1,Ab-OBJ-N5-Ab-SBJ-N3-REVEAL-TR-Ab-LOC-N4.mp4,Ab|N5|Ab|N3|REVEAL|Ab|N4,N3|HIDE|Aa|Ab|PUSH|N5|Ab|N4|Ab|REVEAL|N2,zsot|timó|zsot|zilép|girda|zsot|dabi,zilép|zsübe|gyék|zsot|vánta|timó|zsot|dabi|zsot|girda|murak,0,6.9748,39.6973,zsot timó girda zsot zilép dabi,2457.0868,0,13,13,13,1,Ab-OBJ-N5-Ab-SBJ-N3-REVEAL-TR-Ab-LOC-N4.mp4,Ab|N5|Ab|N3|REVEAL|Ab|N4,N3|HIDE|Aa|Ab|PUSH|N5|Ab|N4|Ab|REVEAL|N2,zsot timó zsot zilép girda zsot dabi,zsot|timó|zsot|zilép|girda|zsot|dabi,zilép|zsübe|gyék|zsot|vánta|timó|zsot|dabi|zsot|girda|murak,,,,,,,,,,,,,,,,,,,,,,,,,,,,,,,,,,,,,,,,,,,,,,,,,
,,,,,,,,,,,,,1,,,ALP1108,1962.03.12,2026-05-02_12h18.27.930,BrocantoHPilot1WOSession3,2025.2.4,Win32,59.17159763,,,,,,,,,,,,,,,Ab OBJ.N5 Ab SBJ.N1 PUSH-TR LOC.N2,,,2457.5956,1,Ab-OBJ-N5-Ab-SBJ-N1-PUSH-TR-LOC-N2.mp4,Ab|N5|Ab|N1|PUSH|N2,Ab|JUMP|N2|HIDE|N4|Ab|PUSH|N5|N1|N3,zsot|timó|zsot|pekli|vánta|murak,zsot|bonip|murak|zsübe|dabi|zsot|vánta|timó|pekli|zilép,1,6.1544,40.0237,zsot timó zsot pekli vánta murak,2501.1045,0,14,14,14,1,Ab-OBJ-N5-Ab-SBJ-N1-PUSH-TR-LOC-N2.mp4,Ab|N5|Ab|N1|PUSH|N2,Ab|JUMP|N2|HIDE|N4|Ab|PUSH|N5|N1|N3,zsot timó zsot pekli vánta murak,zsot|timó|zsot|pekli|vánta|murak,zsot|bonip|murak|zsübe|dabi|zsot|vánta|timó|pekli|zilép,,,,,,,,,,,,,,,,,,,,,,,,,,,,,,,,,,,,,,,,,,,,,,,,,
,,,,,,,,,,,,,1,,,ALP1108,1962.03.12,2026-05-02_12h18.27.930,BrocantoHPilot1WOSession3,2025.2.4,Win32,59.17159763,,,,,,,,,,,,,,,Ab OBJ.N5 SBJ.N1 HIDE-TR,,,2501.6188,1,Ab-OBJ-N5-SBJ-N1-HIDE-TR.mp4,Ab|N5|N1|HIDE,REVEAL|GO|N5|HIDE|N1|Ab|Aa|N3,zsot|timó|pekli|zsübe,girda|kávler|timó|zsübe|pekli|zsot|gyék|zilép,0,5.753,20.8228,zsot timó zsübe pekli,2528.6486,0,15,15,15,1,Ab-OBJ-N5-SBJ-N1-HIDE-TR.mp4,Ab|N5|N1|HIDE,REVEAL|GO|N5|HIDE|N1|Ab|Aa|N3,zsot timó pekli zsübe,zsot|timó|pekli|zsübe,girda|kávler|timó|zsübe|pekli|zsot|gyék|zilép,,,,,,,,,,,,,,,,,,,,,,,,,,,,,,,,,,,,,,,,,,,,,,,,,
,,,,,,,,,,,,,1,,,ALP1108,1962.03.12,2026-05-02_12h18.27.930,BrocantoHPilot1WOSession3,2025.2.4,Win32,59.17159763,,,,,,,,,,,,,,,SBJ.N5 REVEAL-INTR LOC.N3,,,2529.1841,1,SBJ-N5-REVEAL-INTR-LOC-N3.mp4,N5|REVEAL|N3,N4|JUMP|PUSH|N5|HIDE|REVEAL|N3,timó|girda|zilép,dabi|bonip|vánta|timó|zsübe|girda|zilép,1,7.5658,25.0531,timó girda zilép,2557.4185,0,16,16,16,1,SBJ-N5-REVEAL-INTR-LOC-N3.mp4,N5|REVEAL|N3,N4|JUMP|PUSH|N5|HIDE|REVEAL|N3,timó girda zilép,timó|girda|zilép,dabi|bonip|vánta|timó|zsübe|girda|zilép,,,,,,,,,,,,,,,,,,,,,,,,,,,,,,,,,,,,,,,,,,,,,,,,,
,,,,,,,,,,,,,1,,,ALP1108,1962.03.12,2026-05-02_12h18.27.930,BrocantoHPilot1WOSession3,2025.2.4,Win32,59.17159763,,,,,,,,,,,,,,,Ab SBJ.N5 HIDE-INTR,,,2557.9223,1,Ab-SBJ-N5-HIDE-INTR.mp4,Ab|N5|HIDE,Aa|N5|HIDE|N1|Ab|N2|GO,zsot|timó|zsübe,gyék|timó|zsübe|pekli|zsot|murak|kávler,1,6.7115,9.6426,zsot timó zsübe,2570.9332,0,17,17,17,1,Ab-SBJ-N5-HIDE-INTR.mp4,Ab|N5|HIDE,Aa|N5|HIDE|N1|Ab|N2|GO,zsot timó zsübe,zsot|timó|zsübe,gyék|timó|zsübe|pekli|zsot|murak|kávler,,,,,,,,,,,,,,,,,,,,,,,,,,,,,,,,,,,,,,,,,,,,,,,,,
,,,,,,,,,,,,,1,,,ALP1108,1962.03.12,2026-05-02_12h18.27.930,BrocantoHPilot1WOSession3,2025.2.4,Win32,59.17159763,,,,,,,,,,,,,,,Ab SBJ.N2 GO-INTR,,,2571.4354,1,Ab-SBJ-N2-GO-INTR.mp4,Ab|N2|GO,REVEAL|Ab|GO|HIDE|N3|N5|N2,zsot|murak|kávler,girda|zsot|kávler|zsübe|zilép|timó|murak,1,6.7517,17.5338,zsot murak kávler,2592.0396,0,18,18,18,1,Ab-SBJ-N2-GO-INTR.mp4,Ab|N2|GO,REVEAL|Ab|GO|HIDE|N3|N5|N2,zsot murak kávler,zsot|murak|kávler,girda|zsot|kávler|zsübe|zilép|timó|murak,,,,,,,,,,,,,,,,,,,,,,,,,,,,,,,,,,,,,,,,,,,,,,,,,
,,,,,,,,,,,,,1,,,ALP1108,1962.03.12,2026-05-02_12h18.27.930,BrocantoHPilot1WOSession3,2025.2.4,Win32,59.17159763,,,,,,,,,,,,,,,Ab OBJ.N5 Ab SBJ.N3 REVEAL-TR,,,2592.5555,1,Ab-OBJ-N5-Ab-SBJ-N3-REVEAL-TR.mp4,Ab|N5|Ab|N3|REVEAL,JUMP|Ab|GO|N5|REVEAL|Ab|N3|HIDE|N4,zsot|timó|zsot|zilép|girda,bonip|zsot|kávler|timó|girda|zsot|zilép|zsübe|dabi,0,6.79,22.8276,zsot timó girda zsot zilép,2620.4685,0,19,19,19,1,Ab-OBJ-N5-Ab-SBJ-N3-REVEAL-TR.mp4,Ab|N5|Ab|N3|REVEAL,JUMP|Ab|GO|N5|REVEAL|Ab|N3|HIDE|N4,zsot timó zsot zilép girda,zsot|timó|zsot|zilép|girda,bonip|zsot|kávler|timó|girda|zsot|zilép|zsübe|dabi,,,,,,,,,,,,,,,,,,,,,,,,,,,,,,,,,,,,,,,,,,,,,,,,,
,,,,,,,,,,,,,1,,,ALP1108,1962.03.12,2026-05-02_12h18.27.930,BrocantoHPilot1WOSession3,2025.2.4,Win32,59.17159763,,,,,,,,,,,,,,,OBJ.N5 SBJ.N4 HIDE-TR Ab LOC.N2,,,2620.9849,1,OBJ-N5-SBJ-N4-HIDE-TR-Ab-LOC-N2.mp4,N5|N4|HIDE|Ab|N2,Aa|N2|N3|N4|JUMP|PUSH|N5|Ab|HIDE,timó|dabi|zsübe|zsot|murak,gyék|murak|zilép|dabi|bonip|vánta|timó|zsot|zsübe,0,6.811,37.3811,gyék timó zsübe dabi zsot murak,2666.7231,0,20,20,20,1,OBJ-N5-SBJ-N4-HIDE-TR-Ab-LOC-N2.mp4,N5|N4|HIDE|Ab|N2,Aa|N2|N3|N4|JUMP|PUSH|N5|Ab|HIDE,timó dabi zsübe zsot murak,timó|dabi|zsübe|zsot|murak,gyék|murak|zilép|dabi|bonip|vánta|timó|zsot|zsübe,,,,,,,,,,,,,,,,,,,,,,,,,,,,,,,,,,,,,,,,,,,,,,,,,
,,,,,,,,,,,,,1,,,ALP1108,1962.03.12,2026-05-02_12h18.27.930,BrocantoHPilot1WOSession3,2025.2.4,Win32,59.17159763,,,,,,,,,,,,,,,Aa SBJ.N5 JUMP-INTR,,,2667.2422,1,Aa-SBJ-N5-JUMP-INTR.mp4,Aa|N5|JUMP,REVEAL|N5|N3|JUMP|HIDE|N1|Aa,gyék|timó|bonip,girda|timó|zilép|bonip|zsübe|pekli|gyék,1,5.4778,33.4217,gyék timó bonip,2707.4938,0,21,21,21,1,Aa-SBJ-N5-JUMP-INTR.mp4,Aa|N5|JUMP,REVEAL|N5|N3|JUMP|HIDE|N1|Aa,gyék timó bonip,gyék|timó|bonip,girda|timó|zilép|bonip|zsübe|pekli|gyék,,,,,,,,,,,,,,,,,,,,,,,,,,,,,,,,,,,,,,,,,,,,,,,,,
,,,,,,,,,,,,,1,,,ALP1108,1962.03.12,2026-05-02_12h18.27.930,BrocantoHPilot1WOSession3,2025.2.4,Win32,59.17159763,,,,,,,,,,,,,,,Ab OBJ.N5 SBJ.N3 PUSH-TR Ab LOC.N1,,,2708.0111,1,Ab-OBJ-N5-SBJ-N3-PUSH-TR-Ab-LOC-N1.mp4,Ab|N5|N3|PUSH|Ab|N1,N5|REVEAL|Ab|N1|Aa|N3|N2|PUSH|JUMP|Ab,zsot|timó|zilép|vánta|zsot|pekli,timó|girda|zsot|pekli|gyék|zilép|murak|vánta|bonip|zsot,0,5.8662,25.6861,zsot timó vánta zilép,2740.3933,0,22,22,22,1,Ab-OBJ-N5-SBJ-N3-PUSH-TR-Ab-LOC-N1.mp4,Ab|N5|N3|PUSH|Ab|N1,N5|REVEAL|Ab|N1|Aa|N3|N2|PUSH|JUMP|Ab,zsot timó zilép vánta zsot pekli,zsot|timó|zilép|vánta|zsot|pekli,timó|girda|zsot|pekli|gyék|zilép|murak|vánta|bonip|zsot,,,,,,,,,,,,,,,,,,,,,,,,,,,,,,,,,,,,,,,,,,,,,,,,,
,,,,,,,,,,,,,1,,,ALP1108,1962.03.12,2026-05-02_12h18.27.930,BrocantoHPilot1WOSession3,2025.2.4,Win32,59.17159763,,,,,,,,,,,,,,,OBJ.N5 Ab SBJ.N1 REVEAL-TR,,,2740.9073,1,OBJ-N5-Ab-SBJ-N1-REVEAL-TR.mp4,N5|Ab|N1|REVEAL,Aa|N3|Ab|N5|GO|REVEAL|N1|JUMP,timó|zsot|pekli|girda,gyék|zilép|zsot|timó|kávler|girda|pekli|bonip,0,7.0094,22.3549,timó girda pekli,2768.5627,0,23,23,23,1,OBJ-N5-Ab-SBJ-N1-REVEAL-TR.mp4,N5|Ab|N1|REVEAL,Aa|N3|Ab|N5|GO|REVEAL|N1|JUMP,timó zsot pekli girda,timó|zsot|pekli|girda,gyék|zilép|zsot|timó|kávler|girda|pekli|bonip,,,,,,,,,,,,,,,,,,,,,,,,,,,,,,,,,,,,,,,,,,,,,,,,,
,,,,,,,,,,,,,1,,,ALP1108,1962.03.12,2026-05-02_12h18.27.930,BrocantoHPilot1WOSession3,2025.2.4,Win32,59.17159763,,,,,,,,,,,,,,,OBJ.N5 SBJ.N1 HIDE-TR,,,2769.0684,1,OBJ-N5-SBJ-N1-HIDE-TR.mp4,N5|N1|HIDE,GO|N1|Aa|N5|HIDE|N2|PUSH,timó|pekli|zsübe,kávler|pekli|gyék|timó|zsübe|murak|vánta,0,6.1794,22.0627,timó zsübe gyék pekli,2795.2715,0,24,24,24,1,OBJ-N5-SBJ-N1-HIDE-TR.mp4,N5|N1|HIDE,GO|N1|Aa|N5|HIDE|N2|PUSH,timó pekli zsübe,timó|pekli|zsübe,kávler|pekli|gyék|timó|zsübe|murak|vánta,,,,,,,,,,,,,,,,,,,,,,,,,,,,,,,,,,,,,,,,,,,,,,,,,
,,,,,,,,,,,,,1,,,ALP1108,1962.03.12,2026-05-02_12h18.27.930,BrocantoHPilot1WOSession3,2025.2.4,Win32,59.17159763,,,,,,,,,,,,,,,Aa SBJ.N5 HIDE-INTR,,,2795.7766,1,Aa-SBJ-N5-HIDE-INTR.mp4,Aa|N5|HIDE,N1|HIDE|N4|REVEAL|Ab|Aa|N5,gyék|timó|zsübe,pekli|zsübe|dabi|girda|zsot|gyék|timó,0,6.6473,8.6419,timó zsübe,2809.272,0,25,25,25,1,Aa-SBJ-N5-HIDE-INTR.mp4,Aa|N5|HIDE,N1|HIDE|N4|REVEAL|Ab|Aa|N5,gyék timó zsübe,gyék|timó|zsübe,pekli|zsübe|dabi|girda|zsot|gyék|timó,,,,,,,,,,,,,,,,,,,,,,,,,,,,,,,,,,,,,,,,,,,,,,,,,
,,,,,,,,,,,,,1,,,ALP1108,1962.03.12,2026-05-02_12h18.27.930,BrocantoHPilot1WOSession3,2025.2.4,Win32,59.17159763,,,,,,,,,,,,,,,OBJ.N5 SBJ.N4 PUSH-TR Ab LOC.N2,,,2809.7741,1,OBJ-N5-SBJ-N4-PUSH-TR-Ab-LOC-N2.mp4,N5|N4|PUSH|Ab|N2,PUSH|HIDE|N4|N5|Ab|Aa|N3|N2|REVEAL,timó|dabi|vánta|zsot|murak,vánta|zsübe|dabi|timó|zsot|gyék|zilép|murak|girda,1,5.4384,37.8709,timó dabi vánta zsot murak,2850.7603,0,26,26,26,1,OBJ-N5-SBJ-N4-PUSH-TR-Ab-LOC-N2.mp4,N5|N4|PUSH|Ab|N2,PUSH|HIDE|N4|N5|Ab|Aa|N3|N2|REVEAL,timó dabi vánta zsot murak,timó|dabi|vánta|zsot|murak,vánta|zsübe|dabi|timó|zsot|gyék|zilép|murak|girda,,,,,,,,,,,,,,,,,,,,,,,,,,,,,,,,,,,,,,,,,,,,,,,,,
,,,,,,,,,,,,,1,,,ALP1108,1962.03.12,2026-05-02_12h18.27.930,BrocantoHPilot1WOSession3,2025.2.4,Win32,59.17159763,,,,,,,,,,,,,,,Ab OBJ.N5 SBJ.N2 REVEAL-TR Ab LOC.N3,,,2851.2657,1,Ab-OBJ-N5-SBJ-N2-REVEAL-TR-Ab-LOC-N3.mp4,Ab|N5|N2|REVEAL|Ab|N3,N3|HIDE|N1|N5|Ab|Ab|PUSH|N2|REVEAL|GO,zsot|timó|murak|girda|zsot|zilép,zilép|zsübe|pekli|timó|zsot|zsot|vánta|murak|girda|kávler,0,7.594,27.331,zsot timó zsot murak girda zilép,2884.9966,0,27,27,27,1,Ab-OBJ-N5-SBJ-N2-REVEAL-TR-Ab-LOC-N3.mp4,Ab|N5|N2|REVEAL|Ab|N3,N3|HIDE|N1|N5|Ab|Ab|PUSH|N2|REVEAL|GO,zsot timó murak girda zsot zilép,zsot|timó|murak|girda|zsot|zilép,zilép|zsübe|pekli|timó|zsot|zsot|vánta|murak|girda|kávler,,,,,,,,,,,,,,,,,,,,,,,,,,,,,,,,,,,,,,,,,,,,,,,,,
,,,,,,,,,,,,,1,,,ALP1108,1962.03.12,2026-05-02_12h18.27.930,BrocantoHPilot1WOSession3,2025.2.4,Win32,59.17159763,,,,,,,,,,,,,,,OBJ.N5 SBJ.N3 PUSH-TR,,,2885.4997,1,OBJ-N5-SBJ-N3-PUSH-TR.mp4,N5|N3|PUSH,JUMP|Aa|GO|N5|N3|PUSH|N2,timó|zilép|vánta,bonip|gyék|kávler|timó|zilép|vánta|murak,0,4.7209,35.7351,timó vánta zilép,2926.4053,0,28,28,28,1,OBJ-N5-SBJ-N3-PUSH-TR.mp4,N5|N3|PUSH,JUMP|Aa|GO|N5|N3|PUSH|N2,timó zilép vánta,timó|zilép|vánta,bonip|gyék|kávler|timó|zilép|vánta|murak,,,,,,,,,,,,,,,,,,,,,,,,,,,,,,,,,,,,,,,,,,,,,,,,,
,,,,,,,,,,,,,1,,,ALP1108,1962.03.12,2026-05-02_12h18.27.930,BrocantoHPilot1WOSession3,2025.2.4,Win32,59.17159763,,,,,,,,,,,,,,,SBJ.N5 HIDE-INTR,,,2926.918,1,SBJ-N5-HIDE-INTR.mp4,N5|HIDE,N3|PUSH|N5|N1|GO|HIDE,timó|zsübe,zilép|vánta|timó|pekli|kávler|zsübe,1,6.1621,10.6355,timó zsübe,2940.799,0,29,29,29,1,SBJ-N5-HIDE-INTR.mp4,N5|HIDE,N3|PUSH|N5|N1|GO|HIDE,timó zsübe,timó|zsübe,zilép|vánta|timó|pekli|kávler|zsübe,,,,,,,,,,,,,,,,,,,,,,,,,,,,,,,,,,,,,,,,,,,,,,,,,
,,,,,,,,,,,,,1,,,ALP1108,1962.03.12,2026-05-02_12h18.27.930,BrocantoHPilot1WOSession3,2025.2.4,Win32,59.17159763,,,,,,,,,,,,,,,Ab OBJ.N5 SBJ.N3 HIDE-TR,,,2941.3056,1,Ab-OBJ-N5-SBJ-N3-HIDE-TR.mp4,Ab|N5|N3|HIDE,PUSH|HIDE|N3|JUMP|REVEAL|N5|Ab|Aa,zsot|timó|zilép|zsübe,vánta|zsübe|zilép|bonip|girda|timó|zsot|gyék,0,8.08,12.8841,zsot timó zsübe zilép,2959.3992,0,30,30,30,1,Ab-OBJ-N5-SBJ-N3-HIDE-TR.mp4,Ab|N5|N3|HIDE,PUSH|HIDE|N3|JUMP|REVEAL|N5|Ab|Aa,zsot timó zilép zsübe,zsot|timó|zilép|zsübe,vánta|zsübe|zilép|bonip|girda|timó|zsot|gyék,,,,,,,,,,,,,,,,,,,,,,,,,,,,,,,,,,,,,,,,,,,,,,,,,
,,,,,,,,,,,,,1,,,ALP1108,1962.03.12,2026-05-02_12h18.27.930,BrocantoHPilot1WOSession3,2025.2.4,Win32,59.17159763,,,,,,,,,,,,,,,SBJ.N5 JUMP-INTR,,,2959.9075,1,SBJ-N5-JUMP-INTR.mp4,N5|JUMP,REVEAL|N5|HIDE|N1|Aa|JUMP,timó|bonip,girda|timó|zsübe|pekli|gyék|bonip,1,5.6219,20.303,timó bonip,2983.3067,0,31,31,31,1,SBJ-N5-JUMP-INTR.mp4,N5|JUMP,REVEAL|N5|HIDE|N1|Aa|JUMP,timó bonip,timó|bonip,girda|timó|zsübe|pekli|gyék|bonip,,,,,,,,,,,,,,,,,,,,,,,,,,,,,,,,,,,,,,,,,,,,,,,,,
,,,,,,,,,,,,,1,,,ALP1108,1962.03.12,2026-05-02_12h18.27.930,BrocantoHPilot1WOSession3,2025.2.4,Win32,59.17159763,,,,,,,,,,,,,,,Ab SBJ.N2 GO-INTR,,,2983.8146,1,Ab-SBJ-N2-GO-INTR.mp4,Ab|N2|GO,N1|GO|HIDE|N2|Ab|N4|JUMP,zsot|murak|kávler,pekli|kávler|zsübe|murak|zsot|dabi|bonip,0,6.4055,24.8413,zsot murak bonip,3018.7402,0,32,32,32,1,Ab-SBJ-N2-GO-INTR.mp4,Ab|N2|GO,N1|GO|HIDE|N2|Ab|N4|JUMP,zsot murak kávler,zsot|murak|kávler,pekli|kávler|zsübe|murak|zsot|dabi|bonip,,,,,,,,,,,,,,,,,,,,,,,,,,,,,,,,,,,,,,,,,,,,,,,,,
,,,,,,,,,,,,,1,,,ALP1108,1962.03.12,2026-05-02_12h18.27.930,BrocantoHPilot1WOSession3,2025.2.4,Win32,59.17159763,,,,,,,,,,,,,,,Ab SBJ.N2 GO-INTR Aa LOC.N3,,,3019.2553,1,Ab-SBJ-N2-GO-INTR-Aa-LOC-N3.mp4,Ab|N2|GO|Aa|N3,N5|N2|N3|N4|GO|Aa|Ab|JUMP|REVEAL,zsot|murak|kávler|gyék|zilép,timó|murak|zilép|dabi|kávler|gyék|zsot|bonip|girda,0,8.2687,29.8576,zilép zsot murak bonip,3054.7266,0,33,33,33,1,Ab-SBJ-N2-GO-INTR-Aa-LOC-N3.mp4,Ab|N2|GO|Aa|N3,N5|N2|N3|N4|GO|Aa|Ab|JUMP|REVEAL,zsot murak kávler gyék zilép,zsot|murak|kávler|gyék|zilép,timó|murak|zilép|dabi|kávler|gyék|zsot|bonip|girda,,,,,,,,,,,,,,,,,,,,,,,,,,,,,,,,,,,,,,,,,,,,,,,,,
,,,,,,,,,,,,,1,,,ALP1108,1962.03.12,2026-05-02_12h18.27.930,BrocantoHPilot1WOSession3,2025.2.4,Win32,59.17159763,,,,,,,,,,,,,,,Ab SBJ.N4 JUMP-INTR Ab LOC.N1,,,3055.2372,1,Ab-SBJ-N4-JUMP-INTR-Ab-LOC-N1.mp4,Ab|N4|JUMP|Ab|N1,N2|HIDE|JUMP|N1|Ab|N3|Ab|N4|REVEAL,zsot|dabi|bonip|zsot|pekli,murak|zsübe|bonip|pekli|zsot|zilép|zsot|dabi|girda,0,5.9474,19.3019,zsot pekli zsot murak bonip,3079.8977,0,34,34,34,1,Ab-SBJ-N4-JUMP-INTR-Ab-LOC-N1.mp4,Ab|N4|JUMP|Ab|N1,N2|HIDE|JUMP|N1|Ab|N3|Ab|N4|REVEAL,zsot dabi bonip zsot pekli,zsot|dabi|bonip|zsot|pekli,murak|zsübe|bonip|pekli|zsot|zilép|zsot|dabi|girda,,,,,,,,,,,,,,,,,,,,,,,,,,,,,,,,,,,,,,,,,,,,,,,,,
,,,,,,,,,,,,,1,,,ALP1108,1962.03.12,2026-05-02_12h18.27.930,BrocantoHPilot1WOSession3,2025.2.4,Win32,59.17159763,,,,,,,,,,,,,,,Aa SBJ.N4 HIDE-INTR LOC.N3,,,3080.4117,1,Aa-SBJ-N4-HIDE-INTR-LOC-N3.mp4,Aa|N4|HIDE|N3,Aa|Ab|N4|JUMP|N2|N3|HIDE|PUSH,gyék|dabi|zsübe|zilép,gyék|zsot|dabi|bonip|murak|zilép|zsübe|vánta,0,7.6238,13.0458,zilép zsübe dabi,3098.4399,0,35,35,35,1,Aa-SBJ-N4-HIDE-INTR-LOC-N3.mp4,Aa|N4|HIDE|N3,Aa|Ab|N4|JUMP|N2|N3|HIDE|PUSH,gyék dabi zsübe zilép,gyék|dabi|zsübe|zilép,gyék|zsot|dabi|bonip|murak|zilép|zsübe|vánta,,,,,,,,,,,,,,,,,,,,,,,,,,,,,,,,,,,,,,,,,,,,,,,,,
,,,,,,,,,,,,,1,,,ALP1108,1962.03.12,2026-05-02_12h18.27.930,BrocantoHPilot1WOSession3,2025.2.4,Win32,59.17159763,,,,,,,,,,,,,,,Aa SBJ.N5 GO-INTR Ab LOC.N4,,,3098.9469,1,Aa-SBJ-N5-GO-INTR-Ab-LOC-N4.mp4,Aa|N5|GO|Ab|N4,N3|Aa|Ab|N5|REVEAL|PUSH|N4|HIDE|GO,gyék|timó|kávler|zsot|dabi,zilép|gyék|zsot|timó|girda|vánta|dabi|zsübe|kávler,0,6.2717,27.9122,zsot dabi timó kávler,3131.6909,0,36,36,36,1,Aa-SBJ-N5-GO-INTR-Ab-LOC-N4.mp4,Aa|N5|GO|Ab|N4,N3|Aa|Ab|N5|REVEAL|PUSH|N4|HIDE|GO,gyék timó kávler zsot dabi,gyék|timó|kávler|zsot|dabi,zilép|gyék|zsot|timó|girda|vánta|dabi|zsübe|kávler,,,,,,,,,,,,,,,,,,,,,,,,,,,,,,,,,,,,,,,,,,,,,,,,,
,,,,,,,,,,,,,1,,,ALP1108,1962.03.12,2026-05-02_12h18.27.930,BrocantoHPilot1WOSession3,2025.2.4,Win32,59.17159763,,,,,,,,,,,,,,,Ab SBJ.N5 JUMP-INTR Aa LOC.N3,,,3132.198,1,Ab-SBJ-N5-JUMP-INTR-Aa-LOC-N3.mp4,Ab|N5|JUMP|Aa|N3,Ab|N3|GO|N1|JUMP|REVEAL|Aa|N5|PUSH,zsot|timó|bonip|gyék|zilép,zsot|zilép|kávler|pekli|bonip|girda|gyék|timó|vánta,0,5.2478,21.5045,zilép bonip zsot timó,3159.887,0,37,37,37,1,Ab-SBJ-N5-JUMP-INTR-Aa-LOC-N3.mp4,Ab|N5|JUMP|Aa|N3,Ab|N3|GO|N1|JUMP|REVEAL|Aa|N5|PUSH,zsot timó bonip gyék zilép,zsot|timó|bonip|gyék|zilép,zsot|zilép|kávler|pekli|bonip|girda|gyék|timó|vánta,,,,,,,,,,,,,,,,,,,,,,,,,,,,,,,,,,,,,,,,,,,,,,,,,
,,,,,,,,,,,,,1,,,ALP1108,1962.03.12,2026-05-02_12h18.27.930,BrocantoHPilot1WOSession3,2025.2.4,Win32,59.17159763,,,,,,,,,,,,,,,SBJ.N5 HIDE-INTR Aa LOC.N3,,,3160.3916,1,SBJ-N5-HIDE-INTR-Aa-LOC-N3.mp4,N5|HIDE|Aa|N3,N3|Aa|REVEAL|N5|GO|HIDE|Ab|PUSH,timó|zsübe|gyék|zilép,zilép|gyék|girda|timó|kávler|zsübe|zsot|vánta,0,6.4104,11.7631,zilép zsübe timó,3178.0071,0,38,38,38,1,SBJ-N5-HIDE-INTR-Aa-LOC-N3.mp4,N5|HIDE|Aa|N3,N3|Aa|REVEAL|N5|GO|HIDE|Ab|PUSH,timó zsübe gyék zilép,timó|zsübe|gyék|zilép,zilép|gyék|girda|timó|kávler|zsübe|zsot|vánta,,,,,,,,,,,,,,,,,,,,,,,,,,,,,,,,,,,,,,,,,,,,,,,,,
,,,,,,,,,,,,,1,,,ALP1108,1962.03.12,2026-05-02_12h18.27.930,BrocantoHPilot1WOSession3,2025.2.4,Win32,59.17159763,,,,,,,,,,,,,,,OBJ.N5 SBJ.N2 PUSH-TR LOC.N1,,,3178.5099,1,OBJ-N5-SBJ-N2-PUSH-TR-LOC-N1.mp4,N5|N2|PUSH|N1,Aa|Ab|N2|PUSH|N4|N5|N1|HIDE,timó|murak|vánta|pekli,gyék|zsot|murak|vánta|dabi|timó|pekli|zsübe,0,6.0222,14.1548,timó zsot murak vánta,3198.2559,0,39,39,39,1,OBJ-N5-SBJ-N2-PUSH-TR-LOC-N1.mp4,N5|N2|PUSH|N1,Aa|Ab|N2|PUSH|N4|N5|N1|HIDE,timó murak vánta pekli,timó|murak|vánta|pekli,gyék|zsot|murak|vánta|dabi|timó|pekli|zsübe,,,,,,,,,,,,,,,,,,,,,,,,,,,,,,,,,,,,,,,,,,,,,,,,,
,,,,,,,,,,,,,1,,,ALP1108,1962.03.12,2026-05-02_12h18.27.930,BrocantoHPilot1WOSession3,2025.2.4,Win32,59.17159763,,,,,,,,,,,,,,,OBJ.N5 SBJ.N4 HIDE-TR Ab LOC.N2,,,3198.7624,1,OBJ-N5-SBJ-N4-HIDE-TR-Ab-LOC-N2.mp4,N5|N4|HIDE|Ab|N2,HIDE|REVEAL|N4|N2|GO|Ab|Aa|PUSH|N5,timó|dabi|zsübe|zsot|murak,zsübe|girda|dabi|murak|kávler|zsot|gyék|vánta|timó,1,7.5763,22.7223,timó dabi zsübe zsot murak,3224.8495,0,40,40,40,1,OBJ-N5-SBJ-N4-HIDE-TR-Ab-LOC-N2.mp4,N5|N4|HIDE|Ab|N2,HIDE|REVEAL|N4|N2|GO|Ab|Aa|PUSH|N5,timó dabi zsübe zsot murak,timó|dabi|zsübe|zsot|murak,zsübe|girda|dabi|murak|kávler|zsot|gyék|vánta|timó,,,,,,,,,,,,,,,,,,,,,,,,,,,,,,,,,,,,,,,,,,,,,,,,,
,,,,,,,,,,,,,1,,,ALP1108,1962.03.12,2026-05-02_12h18.27.930,BrocantoHPilot1WOSession3,2025.2.4,Win32,59.17159763,,,,,,,,,,,,,,,Ab OBJ.N5 SBJ.N1 HIDE-TR,,,3225.356,1,Ab-OBJ-N5-SBJ-N1-HIDE-TR.mp4,Ab|N5|N1|HIDE,Ab|HIDE|PUSH|N5|N1|Aa|N2|N3,zsot|timó|pekli|zsübe,zsot|zsübe|vánta|timó|pekli|gyék|murak|zilép,0,5.6388,22.9305,zsot timó zsübe pekli,3253.6088,0,41,41,41,1,Ab-OBJ-N5-SBJ-N1-HIDE-TR.mp4,Ab|N5|N1|HIDE,Ab|HIDE|PUSH|N5|N1|Aa|N2|N3,zsot timó pekli zsübe,zsot|timó|pekli|zsübe,zsot|zsübe|vánta|timó|pekli|gyék|murak|zilép,,,,,,,,,,,,,,,,,,,,,,,,,,,,,,,,,,,,,,,,,,,,,,,,,
,,,,,,,,,,,,,1,,,ALP1108,1962.03.12,2026-05-02_12h18.27.930,BrocantoHPilot1WOSession3,2025.2.4,Win32,59.17159763,,,,,,,,,,,,,,,,,,,,,,,,,,,,,,,,,,,,,,,,,3282.4336,chunkTest_s1,0,1,N3-N3.mp3,0,5.2635,4,1,8.0245,16.8925,3300.06,0,0,0,5,1,N3-N3.mp3,0,,,,,,,,,,,,,,,,,,,,,,,,,,,,,,
,,,,,,,,,,,,,1,,,ALP1108,1962.03.12,2026-05-02_12h18.27.930,BrocantoHPilot1WOSession3,2025.2.4,Win32,59.17159763,,,,,,,,,,,,,,,,,,,,,,,,,,,,,,,,,,,,,,,,,3300.5688,chunkTest_s1,1,1,N2-N2.mp3,0,1.2102,3,1,3.5014,7.8185,3309.1019,0,1,1,0,1,N2-N2.mp3,0,,,,,,,,,,,,,,,,,,,,,,,,,,,,,,
,,,,,,,,,,,,,1,,,ALP1108,1962.03.12,2026-05-02_12h18.27.930,BrocantoHPilot1WOSession3,2025.2.4,Win32,59.17159763,,,,,,,,,,,,,,,,,,,,,,,,,,,,,,,,,,,,,,,,,3309.6067,chunkTest_s1,2,1,N4-N3.mp3,0,7.7876,4,3,2.9385,12.9312,3323.3028,0,2,2,3,1,N4-N3.mp3,0,,,,,,,,,,,,,,,,,,,,,,,,,,,,,,
,,,,,,,,,,,,,1,,,ALP1108,1962.03.12,2026-05-02_12h18.27.930,BrocantoHPilot1WOSession3,2025.2.4,Win32,59.17159763,,,,,,,,,,,,,,,,,,,,,,,,,,,,,,,,,,,,,,,,,3323.8045,chunkTest_s1,3,1,Aa-PUSH.mp3,0,1.7334,4,1,3.361,6.6077,3331.0743,0,3,3,14,1,Aa-PUSH.mp3,0,,,,,,,,,,,,,,,,,,,,,,,,,,,,,,
,,,,,,,,,,,,,1,,,ALP1108,1962.03.12,2026-05-02_12h18.27.930,BrocantoHPilot1WOSession3,2025.2.4,Win32,59.17159763,,,,,,,,,,,,,,,,,,,,,,,,,,,,,,,,,,,,,,,,,3331.5895,chunkTest_s1,4,1,PUSH-Ab.mp3,10,1.2064,5,1,2.7425,6.6265,3339.0914,0,4,4,4,1,PUSH-Ab.mp3,10,,,,,,,,,,,,,,,,,,,,,,,,,,,,,,
,,,,,,,,,,,,,1,,,ALP1108,1962.03.12,2026-05-02_12h18.27.930,BrocantoHPilot1WOSession3,2025.2.4,Win32,59.17159763,,,,,,,,,,,,,,,,,,,,,,,,,,,,,,,,,,,,,,,,,3339.6041,chunkTest_s1,5,1,N3-PUSH.mp3,14,0.9459,5,1,2.888,3.859,3344.1277,0,5,5,11,1,N3-PUSH.mp3,14,,,,,,,,,,,,,,,,,,,,,,,,,,,,,,
,,,,,,,,,,,,,1,,,ALP1108,1962.03.12,2026-05-02_12h18.27.930,BrocantoHPilot1WOSession3,2025.2.4,Win32,59.17159763,,,,,,,,,,,,,,,,,,,,,,,,,,,,,,,,,,,,,,,,,3344.6427,chunkTest_s1,6,1,Ab-Ab.mp3,0,0.6864,2,1,3.0392,4.6703,3350.0701,0,6,6,2,1,Ab-Ab.mp3,0,,,,,,,,,,,,,,,,,,,,,,,,,,,,,,
,,,,,,,,,,,,,1,,,ALP1108,1962.03.12,2026-05-02_12h18.27.930,BrocantoHPilot1WOSession3,2025.2.4,Win32,59.17159763,,,,,,,,,,,,,,,,,,,,,,,,,,,,,,,,,,,,,,,,,3350.582,chunkTest_s1,7,1,JUMP-Ab.mp3,2,1.4704,5,1,3.3572,4.2007,3355.5703,0,7,7,6,1,JUMP-Ab.mp3,2,,,,,,,,,,,,,,,,,,,,,,,,,,,,,,
,,,,,,,,,,,,,1,,,ALP1108,1962.03.12,2026-05-02_12h18.27.930,BrocantoHPilot1WOSession3,2025.2.4,Win32,59.17159763,,,,,,,,,,,,,,,,,,,,,,,,,,,,,,,,,,,,,,,,,3356.0866,chunkTest_s1,8,1,PUSH-N5.mp3,0,0.6862,5,1,2.6901,3.8532,3360.9863,0,8,8,18,1,PUSH-N5.mp3,0,,,,,,,,,,,,,,,,,,,,,,,,,,,,,,
,,,,,,,,,,,,,1,,,ALP1108,1962.03.12,2026-05-02_12h18.27.930,BrocantoHPilot1WOSession3,2025.2.4,Win32,59.17159763,,,,,,,,,,,,,,,,,,,,,,,,,,,,,,,,,,,,,,,,,3361.508,chunkTest_s1,9,1,Ab-N4.mp3,42,1.1659,5,1,3.5704,4.3598,3366.8076,0,9,9,10,1,Ab-N4.mp3,42,,,,,,,,,,,,,,,,,,,,,,,,,,,,,,
,,,,,,,,,,,,,1,,,ALP1108,1962.03.12,2026-05-02_12h18.27.930,BrocantoHPilot1WOSession3,2025.2.4,Win32,59.17159763,,,,,,,,,,,,,,,,,,,,,,,,,,,,,,,,,,,,,,,,,3367.3145,chunkTest_s1,10,1,REVEAL-PUSH.mp3,0,0.8684,2,1,2.8823,4.322,3372.4727,0,10,10,16,1,REVEAL-PUSH.mp3,0,,,,,,,,,,,,,,,,,,,,,,,,,,,,,,
,,,,,,,,,,,,,1,,,ALP1108,1962.03.12,2026-05-02_12h18.27.930,BrocantoHPilot1WOSession3,2025.2.4,Win32,59.17159763,,,,,,,,,,,,,,,,,,,,,,,,,,,,,,,,,,,,,,,,,3372.9871,chunkTest_s1,11,1,GO-Aa.mp3,5,0.8849,5,1,2.765,3.4813,3377.1126,0,11,11,1,1,GO-Aa.mp3,5,,,,,,,,,,,,,,,,,,,,,,,,,,,,,,
,,,,,,,,,,,,,1,,,ALP1108,1962.03.12,2026-05-02_12h18.27.930,BrocantoHPilot1WOSession3,2025.2.4,Win32,59.17159763,,,,,,,,,,,,,,,,,,,,,,,,,,,,,,,,,,,,,,,,,3377.6258,chunkTest_s1,12,1,N5-GO.mp3,13,0.7946,5,1,2.9434,3.2866,3381.7416,0,12,12,8,1,N5-GO.mp3,13,,,,,,,,,,,,,,,,,,,,,,,,,,,,,,
,,,,,,,,,,,,,1,,,ALP1108,1962.03.12,2026-05-02_12h18.27.930,BrocantoHPilot1WOSession3,2025.2.4,Win32,59.17159763,,,,,,,,,,,,,,,,,,,,,,,,,,,,,,,,,,,,,,,,,3382.2466,chunkTest_s1,13,1,JUMP-N3.mp3,3,0.6629,5,1,2.3924,3.4475,3386.3179,0,13,13,12,1,JUMP-N3.mp3,3,,,,,,,,,,,,,,,,,,,,,,,,,,,,,,
,,,,,,,,,,,,,1,,,ALP1108,1962.03.12,2026-05-02_12h18.27.930,BrocantoHPilot1WOSession3,2025.2.4,Win32,59.17159763,,,,,,,,,,,,,,,,,,,,,,,,,,,,,,,,,,,,,,,,,3386.8338,chunkTest_s1,14,1,N1-Aa.mp3,0,0.6389,5,1,3.4699,4.4924,3392.044,0,14,14,9,1,N1-Aa.mp3,0,,,,,,,,,,,,,,,,,,,,,,,,,,,,,,
,,,,,,,,,,,,,1,,,ALP1108,1962.03.12,2026-05-02_12h18.27.930,BrocantoHPilot1WOSession3,2025.2.4,Win32,59.17159763,,,,,,,,,,,,,,,,,,,,,,,,,,,,,,,,,,,,,,,,,3392.5683,chunkTest_s1,15,1,PUSH-N1.mp3,8,0.6416,5,1,2.7089,3.7082,3396.938,0,15,15,15,1,PUSH-N1.mp3,8,,,,,,,,,,,,,,,,,,,,,,,,,,,,,,
,,,,,,,,,,,,,1,,,ALP1108,1962.03.12,2026-05-02_12h18.27.930,BrocantoHPilot1WOSession3,2025.2.4,Win32,59.17159763,,,,,,,,,,,,,,,,,,,,,,,,,,,,,,,,,,,,,,,,,3397.4447,chunkTest_s1,16,1,PUSH-N3.mp3,3,0.4835,5,1,2.5677,2.8678,3400.8873,0,16,16,17,1,PUSH-N3.mp3,3,,,,,,,,,,,,,,,,,,,,,,,,,,,,,,
,,,,,,,,,,,,,1,,,ALP1108,1962.03.12,2026-05-02_12h18.27.930,BrocantoHPilot1WOSession3,2025.2.4,Win32,59.17159763,,,,,,,,,,,,,,,,,,,,,,,,,,,,,,,,,,,,,,,,,3401.3993,chunkTest_s1,17,1,N3-Aa.mp3,0,0.561,4,1,2.3667,3.3982,3405.4333,0,17,17,13,1,N3-Aa.mp3,0,,,,,,,,,,,,,,,,,,,,,,,,,,,,,,
,,,,,,,,,,,,,1,,,ALP1108,1962.03.12,2026-05-02_12h18.27.930,BrocantoHPilot1WOSession3,2025.2.4,Win32,59.17159763,,,,,,,,,,,,,,,,,,,,,,,,,,,,,,,,,,,,,,,,,3405.9367,chunkTest_s1,18,1,N1-Ab.mp3,0,0.5521,4,1,1.9511,4.3765,3410.9748,0,18,18,19,1,N1-Ab.mp3,0,,,,,,,,,,,,,,,,,,,,,,,,,,,,,,
,,,,,,,,,,,,,1,,,ALP1108,1962.03.12,2026-05-02_12h18.27.930,BrocantoHPilot1WOSession3,2025.2.4,Win32,59.17159763,,,,,,,,,,,,,,,,,,,,,,,,,,,,,,,,,,,,,,,,,3411.4755,chunkTest_s1,19,1,GO-N2.mp3,3,0.9794,5,1,2.9882,3.6277,3415.7145,0,19,19,7,1,GO-N2.mp3,3,,,,,,,,,,,,,,,,,,,,,,,,,,,,,,
,,,,,,,,,,,,,1,,,ALP1108,1962.03.12,2026-05-02_12h18.27.930,BrocantoHPilot1WOSession3,2025.2.4,Win32,59.17159763,,,,,,,,,,,,,,,,,,,,,,,,,,,,,,,,,,,,,,,,,3440.8254,GJTest_s1,0,1,SBJ-N2-GO-INTR.mp3,5,11.7124,2,2,4.319,9.3117,3455.174,,,,,,SBJ-N2-GO-INTR.mp3,5,0,0,0,2,1,,,,,,,,,,,,,,,,,,,,,,,,,
,,,,,,,,,,,,,1,,,ALP1108,1962.03.12,2026-05-02_12h18.27.930,BrocantoHPilot1WOSession3,2025.2.4,Win32,59.17159763,,,,,,,,,,,,,,,,,,,,,,,,,,,,,,,,,,,,,,,,,3455.6795,GJTest_s1,1,1,SBJ-N1-HIDE-INTR-Ab-LOC-N4.mp3,1,0.7926,4,1,3.3618,5.8631,3462.3119,,,,,,SBJ-N1-HIDE-INTR-Ab-LOC-N4.mp3,1,0,1,1,4,1,,,,,,,,,,,,,,,,,,,,,,,,,
,,,,,,,,,,,,,1,,,ALP1108,1962.03.12,2026-05-02_12h18.27.930,BrocantoHPilot1WOSession3,2025.2.4,Win32,59.17159763,,,,,,,,,,,,,,,,,,,,,,,,,,,,,,,,,,,,,,,,,3462.8268,GJTest_s1,2,1,OBJ-N5-SBJ-N2-PUSH-TR.mp3,8,0.8946,5,1,3.3678,4.3087,3468.3164,,,,,,OBJ-N5-SBJ-N2-PUSH-TR.mp3,8,0,2,2,0,1,,,,,,,,,,,,,,,,,,,,,,,,,
,,,,,,,,,,,,,1,,,ALP1108,1962.03.12,2026-05-02_12h18.27.930,BrocantoHPilot1WOSession3,2025.2.4,Win32,59.17159763,,,,,,,,,,,,,,,,,,,,,,,,,,,,,,,,,,,,,,,,,3468.833,GJTest_s1,3,1,Aa-SBJ-N2-JUMP-INTR.mp3,0,0.8581,5,1,3.0668,4.1421,3473.5621,,,,,,Aa-SBJ-N2-JUMP-INTR.mp3,0,0,3,3,9,1,,,,,,,,,,,,,,,,,,,,,,,,,
,,,,,,,,,,,,,1,,,ALP1108,1962.03.12,2026-05-02_12h18.27.930,BrocantoHPilot1WOSession3,2025.2.4,Win32,59.17159763,,,,,,,,,,,,,,,,,,,,,,,,,,,,,,,,,,,,,,,,,3474.0713,GJTest_s1,4,1,Ab-OBJ-N5-Aa-SBJ-N5-PUSH-TR.mp3,0,0.4937,5,1,3.7642,5.1383,3479.8168,,,,,,Ab-OBJ-N5-Aa-SBJ-N5-PUSH-TR.mp3,0,0,4,4,7,1,,,,,,,,,,,,,,,,,,,,,,,,,
,,,,,,,,,,,,,1,,,ALP1108,1962.03.12,2026-05-02_12h18.27.930,BrocantoHPilot1WOSession3,2025.2.4,Win32,59.17159763,,,,,,,,,,,,,,,,,,,,,,,,,,,,,,,,,,,,,,,,,3480.3296,GJTest_s1,5,1,OBJ-N5-SBJ-N4-HIDE-TR-LOC-N2.mp3,3,0.7007,6,1,3.3914,4.1801,3485.1295,,,,,,OBJ-N5-SBJ-N4-HIDE-TR-LOC-N2.mp3,3,0,5,5,3,1,,,,,,,,,,,,,,,,,,,,,,,,,
,,,,,,,,,,,,,1,,,ALP1108,1962.03.12,2026-05-02_12h18.27.930,BrocantoHPilot1WOSession3,2025.2.4,Win32,59.17159763,,,,,,,,,,,,,,,,,,,,,,,,,,,,,,,,,,,,,,,,,3485.6354,GJTest_s1,6,1,Ab-OBJ-N5-Ab-SBJ-N2-PUSH-TR-Aa-LOC-N2.mp3,0,0.6961,5,1,6.2985,6.9611,3493.4354,,,,,,Ab-OBJ-N5-Ab-SBJ-N2-PUSH-TR-Aa-LOC-N2.mp3,0,0,6,6,6,1,,,,,,,,,,,,,,,,,,,,,,,,,
,,,,,,,,,,,,,1,,,ALP1108,1962.03.12,2026-05-02_12h18.27.930,BrocantoHPilot1WOSession3,2025.2.4,Win32,59.17159763,,,,,,,,,,,,,,,,,,,,,,,,,,,,,,,,,,,,,,,,,3493.9408,GJTest_s1,7,1,OBJ-N1-SBJ-N2-GO-INTR.mp3,,0.882,5,1,3.5711,4.0745,3498.6695,,,,,,OBJ-N1-SBJ-N2-GO-INTR.mp3,,0,7,7,12,1,,,,,,,,,,,,,,,,,,,,,,,,,
,,,,,,,,,,,,,1,,,ALP1108,1962.03.12,2026-05-02_12h18.27.930,BrocantoHPilot1WOSession3,2025.2.4,Win32,59.17159763,,,,,,,,,,,,,,,,,,,,,,,,,,,,,,,,,,,,,,,,,3499.1814,GJTest_s1,8,1,Ab-OBJ-N2-SBJ-N4-HIDE-TR-LOC-N3.mp3,0,1.3055,5,1,5.1914,6.0156,3506.3327,,,,,,Ab-OBJ-N2-SBJ-N4-HIDE-TR-LOC-N3.mp3,0,0,8,8,8,1,,,,,,,,,,,,,,,,,,,,,,,,,
,,,,,,,,,,,,,1,,,ALP1108,1962.03.12,2026-05-02_12h18.27.930,BrocantoHPilot1WOSession3,2025.2.4,Win32,59.17159763,,,,,,,,,,,,,,,,,,,,,,,,,,,,,,,,,,,,,,,,,3506.8375,GJTest_s1,9,1,SBJ-N1-Ab-JUMP-INTR-LOC-N5-LOC-N2.mp3,,0.946,5,1,4.2352,7.5427,3515.0916,,,,,,SBJ-N1-Ab-JUMP-INTR-LOC-N5-LOC-N2.mp3,,0,9,9,15,1,,,,,,,,,,,,,,,,,,,,,,,,,
,,,,,,,,,,,,,1,,,ALP1108,1962.03.12,2026-05-02_12h18.27.930,BrocantoHPilot1WOSession3,2025.2.4,Win32,59.17159763,,,,,,,,,,,,,,,,,,,,,,,,,,,,,,,,,,,,,,,,,3515.5957,GJTest_s1,10,1,OBJ-N2-Ab-SBJ-N4-HIDE-TR-LOC-N3-LOC-N1.mp3,,1.0573,4,1,5.9553,8.335,3524.6669,,,,,,OBJ-N2-Ab-SBJ-N4-HIDE-TR-LOC-N3-LOC-N1.mp3,,0,10,10,18,1,,,,,,,,,,,,,,,,,,,,,,,,,
,,,,,,,,,,,,,1,,,ALP1108,1962.03.12,2026-05-02_12h18.27.930,BrocantoHPilot1WOSession3,2025.2.4,Win32,59.17159763,,,,,,,,,,,,,,,,,,,,,,,,,,,,,,,,,,,,,,,,,3525.1729,GJTest_s1,11,1,SBJ-N5-Aa-PUSH-TR.mp3,,1.0405,3,1,3.2735,5.6591,3531.4511,,,,,,SBJ-N5-Aa-PUSH-TR.mp3,,0,11,11,17,1,,,,,,,,,,,,,,,,,,,,,,,,,
,,,,,,,,,,,,,1,,,ALP1108,1962.03.12,2026-05-02_12h18.27.930,BrocantoHPilot1WOSession3,2025.2.4,Win32,59.17159763,,,,,,,,,,,,,,,,,,,,,,,,,,,,,,,,,,,,,,,,,3531.9632,GJTest_s1,12,1,SBJ-N3-REVEAL-INTR-Ab-LOC-N2.mp3,2,1.6832,5,1,5.1789,6.6556,3539.5365,,,,,,SBJ-N3-REVEAL-INTR-Ab-LOC-N2.mp3,2,0,12,12,1,1,,,,,,,,,,,,,,,,,,,,,,,,,
,,,,,,,,,,,,,1,,,ALP1108,1962.03.12,2026-05-02_12h18.27.930,BrocantoHPilot1WOSession3,2025.2.4,Win32,59.17159763,,,,,,,,,,,,,,,,,,,,,,,,,,,,,,,,,,,,,,,,,3540.0373,GJTest_s1,13,1,OBJ-N5-Ab-SBJ-N2-PUSH-TR-Ab-Aa-LOC-N2-LOC-N1.mp3,,0.7863,1,1,6.4602,9.7002,3550.4389,,,,,,OBJ-N5-Ab-SBJ-N2-PUSH-TR-Ab-Aa-LOC-N2-LOC-N1.mp3,,0,13,13,16,1,,,,,,,,,,,,,,,,,,,,,,,,,
,,,,,,,,,,,,,1,,,ALP1108,1962.03.12,2026-05-02_12h18.27.930,BrocantoHPilot1WOSession3,2025.2.4,Win32,59.17159763,,,,,,,,,,,,,,,,,,,,,,,,,,,,,,,,,,,,,,,,,3550.9484,GJTest_s1,14,1,SBJ-N2-PUSH-TR.mp3,,1.3815,1,1,3.0675,5.0017,3556.7376,,,,,,SBJ-N2-PUSH-TR.mp3,,0,14,14,10,1,,,,,,,,,,,,,,,,,,,,,,,,,
,,,,,,,,,,,,,1,,,ALP1108,1962.03.12,2026-05-02_12h18.27.930,BrocantoHPilot1WOSession3,2025.2.4,Win32,59.17159763,,,,,,,,,,,,,,,,,,,,,,,,,,,,,,,,,,,,,,,,,3557.2562,GJTest_s1,15,1,OBJ-N1-SBJ-N2-Aa-JUMP-INTR.mp3,,1.2882,4,1,4.1026,7.1001,3565.3145,,,,,,OBJ-N1-SBJ-N2-Aa-JUMP-INTR.mp3,,0,15,15,19,1,,,,,,,,,,,,,,,,,,,,,,,,,
,,,,,,,,,,,,,1,,,ALP1108,1962.03.12,2026-05-02_12h18.27.930,BrocantoHPilot1WOSession3,2025.2.4,Win32,59.17159763,,,,,,,,,,,,,,,,,,,,,,,,,,,,,,,,,,,,,,,,,3565.8298,GJTest_s1,16,1,REVEAL-INTR-Ab-LOC-N2.mp3,,0.5647,1,1,2.9153,3.3327,3569.8398,,,,,,REVEAL-INTR-Ab-LOC-N2.mp3,,0,16,16,11,1,,,,,,,,,,,,,,,,,,,,,,,,,
,,,,,,,,,,,,,1,,,ALP1108,1962.03.12,2026-05-02_12h18.27.930,BrocantoHPilot1WOSession3,2025.2.4,Win32,59.17159763,,,,,,,,,,,,,,,,,,,,,,,,,,,,,,,,,,,,,,,,,3570.3513,GJTest_s1,17,1,SBJ-N1-HIDE-INTR-Ab-LOC-N4-LOC-N2.mp3,,0.908,4,1,4.1309,9.0145,3580.0208,,,,,,SBJ-N1-HIDE-INTR-Ab-LOC-N4-LOC-N2.mp3,,0,17,17,14,1,,,,,,,,,,,,,,,,,,,,,,,,,
,,,,,,,,,,,,,1,,,ALP1108,1962.03.12,2026-05-02_12h18.27.930,BrocantoHPilot1WOSession3,2025.2.4,Win32,59.17159763,,,,,,,,,,,,,,,,,,,,,,,,,,,,,,,,,,,,,,,,,3580.5444,GJTest_s1,18,1,Ab-SBJ-N1-JUMP-INTR-LOC-N5.mp3,0,3.7937,5,2,7.2751,8.26,3589.4162,,,,,,Ab-SBJ-N1-JUMP-INTR-LOC-N5.mp3,0,0,18,18,5,1,,,,,,,,,,,,,,,,,,,,,,,,,
,,,,,,,,,,,,,1,,,ALP1108,1962.03.12,2026-05-02_12h18.27.930,BrocantoHPilot1WOSession3,2025.2.4,Win32,59.17159763,,,,,,,,,,,,,,,,,,,,,,,,,,,,,,,,,,,,,,,,,3589.9205,GJTest_s1,19,1,OBJ-N5-SBJ-N4-HIDE-TR-LOC-N2-LOC-N1.mp3,,0.6066,4,1,4.1097,6.1476,3596.8528,,,,,,OBJ-N5-SBJ-N4-HIDE-TR-LOC-N2-LOC-N1.mp3,,0,19,19,13,1,,,,,,,,,,,,,,,,,,,,,,,,,
3674.9427,2,Ab-OBJ-N5-SBJ-N3-HIDE-TR-Ab-LOC-N2.mp4,Ab-OBJ-N5-SBJ-N3-HIDE-TR-Ab-LOC-N2.mp3,3685.4655,mouse_continue,10.5238,,,,,,,2,Ab-OBJ-N5-SBJ-N3-HIDE-TR-Ab-LOC-N2.mp4,Ab-OBJ-N5-SBJ-N3-HIDE-TR-Ab-LOC-N2.mp3,ALP1108,1962.03.12,2026-05-02_12h18.27.930,BrocantoHPilot1WOSession3,2025.2.4,Win32,59.17159763,,,,,,,,,,,,,,,,,,,,,,,,,,,,,,,,,,,,,,,,,,,,,,,,,,,,,,,,,,,,,,,,,0,0,0,0,1,,,,,,,,,,,,,,,,,,,,
3685.4692,2,Ab-SBJ-N2-REVEAL-INTR-LOC-N3.mp4,Ab-SBJ-N2-REVEAL-INTR-LOC-N3.mp3,3691.1796,mouse_continue,5.711,,,,,,,2,Ab-SBJ-N2-REVEAL-INTR-LOC-N3.mp4,Ab-SBJ-N2-REVEAL-INTR-LOC-N3.mp3,ALP1108,1962.03.12,2026-05-02_12h18.27.930,BrocantoHPilot1WOSession3,2025.2.4,Win32,59.17159763,,,,,,,,,,,,,,,,,,,,,,,,,,,,,,,,,,,,,,,,,,,,,,,,,,,,,,,,,,,,,,,,,0,1,1,1,1,,,,,,,,,,,,,,,,,,,,
3691.1813,2,Ab-OBJ-N5-SBJ-N4-PUSH-TR-Ab-LOC-N3.mp4,Ab-OBJ-N5-SBJ-N4-PUSH-TR-Ab-LOC-N3.mp3,3698.6287,mouse_continue,7.4478,,,,,,,2,Ab-OBJ-N5-SBJ-N4-PUSH-TR-Ab-LOC-N3.mp4,Ab-OBJ-N5-SBJ-N4-PUSH-TR-Ab-LOC-N3.mp3,ALP1108,1962.03.12,2026-05-02_12h18.27.930,BrocantoHPilot1WOSession3,2025.2.4,Win32,59.17159763,,,,,,,,,,,,,,,,,,,,,,,,,,,,,,,,,,,,,,,,,,,,,,,,,,,,,,,,,,,,,,,,,0,2,2,2,1,,,,,,,,,,,,,,,,,,,,
3698.6322,2,Ab-SBJ-N1-GO-INTR.mp4,Ab-SBJ-N1-GO-INTR.mp3,3707.0539,mouse_continue,8.4231,,,,,,,2,Ab-SBJ-N1-GO-INTR.mp4,Ab-SBJ-N1-GO-INTR.mp3,ALP1108,1962.03.12,2026-05-02_12h18.27.930,BrocantoHPilot1WOSession3,2025.2.4,Win32,59.17159763,,,,,,,,,,,,,,,,,,,,,,,,,,,,,,,,,,,,,,,,,,,,,,,,,,,,,,,,,,,,,,,,,0,3,3,3,1,,,,,,,,,,,,,,,,,,,,
3707.0573,2,Ab-OBJ-N5-Ab-SBJ-N2-REVEAL-TR.mp4,Ab-OBJ-N5-Ab-SBJ-N2-REVEAL-TR.mp3,3714.3944,mouse_continue,7.3376,,,,,,,2,Ab-OBJ-N5-Ab-SBJ-N2-REVEAL-TR.mp4,Ab-OBJ-N5-Ab-SBJ-N2-REVEAL-TR.mp3,ALP1108,1962.03.12,2026-05-02_12h18.27.930,BrocantoHPilot1WOSession3,2025.2.4,Win32,59.17159763,,,,,,,,,,,,,,,,,,,,,,,,,,,,,,,,,,,,,,,,,,,,,,,,,,,,,,,,,,,,,,,,,0,4,4,4,1,,,,,,,,,,,,,,,,,,,,
3714.3958,2,SBJ-N2-REVEAL-INTR-LOC-N4.mp4,SBJ-N2-REVEAL-INTR-LOC-N4.mp3,3720.9511,mouse_continue,6.5556,,,,,,,2,SBJ-N2-REVEAL-INTR-LOC-N4.mp4,SBJ-N2-REVEAL-INTR-LOC-N4.mp3,ALP1108,1962.03.12,2026-05-02_12h18.27.930,BrocantoHPilot1WOSession3,2025.2.4,Win32,59.17159763,,,,,,,,,,,,,,,,,,,,,,,,,,,,,,,,,,,,,,,,,,,,,,,,,,,,,,,,,,,,,,,,,0,5,5,5,1,,,,,,,,,,,,,,,,,,,,
3720.9552,2,SBJ-N4-REVEAL-INTR-LOC-N5.mp4,SBJ-N4-REVEAL-INTR-LOC-N5.mp3,3726.44,mouse_continue,5.4853,,,,,,,2,SBJ-N4-REVEAL-INTR-LOC-N5.mp4,SBJ-N4-REVEAL-INTR-LOC-N5.mp3,ALP1108,1962.03.12,2026-05-02_12h18.27.930,BrocantoHPilot1WOSession3,2025.2.4,Win32,59.17159763,,,,,,,,,,,,,,,,,,,,,,,,,,,,,,,,,,,,,,,,,,,,,,,,,,,,,,,,,,,,,,,,,0,6,6,6,1,,,,,,,,,,,,,,,,,,,,
3726.4414,2,Ab-OBJ-N5-Ab-SBJ-N4-PUSH-TR.mp4,Ab-OBJ-N5-Ab-SBJ-N4-PUSH-TR.mp3,3734.2144,mouse_continue,7.7734,,,,,,,2,Ab-OBJ-N5-Ab-SBJ-N4-PUSH-TR.mp4,Ab-OBJ-N5-Ab-SBJ-N4-PUSH-TR.mp3,ALP1108,1962.03.12,2026-05-02_12h18.27.930,BrocantoHPilot1WOSession3,2025.2.4,Win32,59.17159763,,,,,,,,,,,,,,,,,,,,,,,,,,,,,,,,,,,,,,,,,,,,,,,,,,,,,,,,,,,,,,,,,0,7,7,7,1,,,,,,,,,,,,,,,,,,,,
3734.216,2,Ab-OBJ-N5-Ab-SBJ-N2-REVEAL-TR-Ab-LOC-N4.mp4,Ab-OBJ-N5-Ab-SBJ-N2-REVEAL-TR-Ab-LOC-N4.mp3,3745.6591,mouse_continue,11.4436,,,,,,,2,Ab-OBJ-N5-Ab-SBJ-N2-REVEAL-TR-Ab-LOC-N4.mp4,Ab-OBJ-N5-Ab-SBJ-N2-REVEAL-TR-Ab-LOC-N4.mp3,ALP1108,1962.03.12,2026-05-02_12h18.27.930,BrocantoHPilot1WOSession3,2025.2.4,Win32,59.17159763,,,,,,,,,,,,,,,,,,,,,,,,,,,,,,,,,,,,,,,,,,,,,,,,,,,,,,,,,,,,,,,,,0,8,8,8,1,,,,,,,,,,,,,,,,,,,,
3745.6605,2,Aa-SBJ-N5-JUMP-INTR.mp4,Aa-SBJ-N5-JUMP-INTR.mp3,3752.0653,mouse_continue,6.4051,,,,,,,2,Aa-SBJ-N5-JUMP-INTR.mp4,Aa-SBJ-N5-JUMP-INTR.mp3,ALP1108,1962.03.12,2026-05-02_12h18.27.930,BrocantoHPilot1WOSession3,2025.2.4,Win32,59.17159763,,,,,,,,,,,,,,,,,,,,,,,,,,,,,,,,,,,,,,,,,,,,,,,,,,,,,,,,,,,,,,,,,0,9,9,9,1,,,,,,,,,,,,,,,,,,,,
3752.0661,2,Ab-OBJ-N5-SBJ-N3-HIDE-TR-LOC-N2.mp4,Ab-OBJ-N5-SBJ-N3-HIDE-TR-LOC-N2.mp3,3758.0218,mouse_continue,5.9557,,,,,,,2,Ab-OBJ-N5-SBJ-N3-HIDE-TR-LOC-N2.mp4,Ab-OBJ-N5-SBJ-N3-HIDE-TR-LOC-N2.mp3,ALP1108,1962.03.12,2026-05-02_12h18.27.930,BrocantoHPilot1WOSession3,2025.2.4,Win32,59.17159763,,,,,,,,,,,,,,,,,,,,,,,,,,,,,,,,,,,,,,,,,,,,,,,,,,,,,,,,,,,,,,,,,0,10,10,10,1,,,,,,,,,,,,,,,,,,,,
3758.0242,2,Ab-OBJ-N5-Ab-SBJ-N2-REVEAL-TR.mp4,Ab-OBJ-N5-Ab-SBJ-N2-REVEAL-TR.mp3,3764.2114,mouse_continue,6.1878,,,,,,,2,Ab-OBJ-N5-Ab-SBJ-N2-REVEAL-TR.mp4,Ab-OBJ-N5-Ab-SBJ-N2-REVEAL-TR.mp3,ALP1108,1962.03.12,2026-05-02_12h18.27.930,BrocantoHPilot1WOSession3,2025.2.4,Win32,59.17159763,,,,,,,,,,,,,,,,,,,,,,,,,,,,,,,,,,,,,,,,,,,,,,,,,,,,,,,,,,,,,,,,,0,11,11,11,1,,,,,,,,,,,,,,,,,,,,
3764.2149,2,Aa-SBJ-N5-HIDE-INTR.mp4,Aa-SBJ-N5-HIDE-INTR.mp3,3769.8665,mouse_continue,5.6526,,,,,,,2,Aa-SBJ-N5-HIDE-INTR.mp4,Aa-SBJ-N5-HIDE-INTR.mp3,ALP1108,1962.03.12,2026-05-02_12h18.27.930,BrocantoHPilot1WOSession3,2025.2.4,Win32,59.17159763,,,,,,,,,,,,,,,,,,,,,,,,,,,,,,,,,,,,,,,,,,,,,,,,,,,,,,,,,,,,,,,,,0,12,12,12,1,,,,,,,,,,,,,,,,,,,,
3769.8681,2,SBJ-N5-REVEAL-INTR-Ab-LOC-N3.mp4,SBJ-N5-REVEAL-INTR-Ab-LOC-N3.mp3,3776.1399,mouse_continue,6.2722,,,,,,,2,SBJ-N5-REVEAL-INTR-Ab-LOC-N3.mp4,SBJ-N5-REVEAL-INTR-Ab-LOC-N3.mp3,ALP1108,1962.03.12,2026-05-02_12h18.27.930,BrocantoHPilot1WOSession3,2025.2.4,Win32,59.17159763,,,,,,,,,,,,,,,,,,,,,,,,,,,,,,,,,,,,,,,,,,,,,,,,,,,,,,,,,,,,,,,,,0,13,13,13,1,,,,,,,,,,,,,,,,,,,,
3776.1423,2,SBJ-N5-REVEAL-INTR-LOC-N2.mp4,SBJ-N5-REVEAL-INTR-LOC-N2.mp3,3782.8201,mouse_continue,6.679,,,,,,,2,SBJ-N5-REVEAL-INTR-LOC-N2.mp4,SBJ-N5-REVEAL-INTR-LOC-N2.mp3,ALP1108,1962.03.12,2026-05-02_12h18.27.930,BrocantoHPilot1WOSession3,2025.2.4,Win32,59.17159763,,,,,,,,,,,,,,,,,,,,,,,,,,,,,,,,,,,,,,,,,,,,,,,,,,,,,,,,,,,,,,,,,0,14,14,14,1,,,,,,,,,,,,,,,,,,,,
3782.8212,2,Aa-SBJ-N5-JUMP-INTR.mp4,Aa-SBJ-N5-JUMP-INTR.mp3,3788.4256,mouse_continue,5.6045,,,,,,,2,Aa-SBJ-N5-JUMP-INTR.mp4,Aa-SBJ-N5-JUMP-INTR.mp3,ALP1108,1962.03.12,2026-05-02_12h18.27.930,BrocantoHPilot1WOSession3,2025.2.4,Win32,59.17159763,,,,,,,,,,,,,,,,,,,,,,,,,,,,,,,,,,,,,,,,,,,,,,,,,,,,,,,,,,,,,,,,,0,15,15,15,1,,,,,,,,,,,,,,,,,,,,
3788.4266,2,Ab-OBJ-N5-Aa-SBJ-N5-PUSH-TR.mp4,Ab-OBJ-N5-Aa-SBJ-N5-PUSH-TR.mp3,3794.7416,mouse_continue,6.3155,,,,,,,2,Ab-OBJ-N5-Aa-SBJ-N5-PUSH-TR.mp4,Ab-OBJ-N5-Aa-SBJ-N5-PUSH-TR.mp3,ALP1108,1962.03.12,2026-05-02_12h18.27.930,BrocantoHPilot1WOSession3,2025.2.4,Win32,59.17159763,,,,,,,,,,,,,,,,,,,,,,,,,,,,,,,,,,,,,,,,,,,,,,,,,,,,,,,,,,,,,,,,,0,16,16,16,1,,,,,,,,,,,,,,,,,,,,
3794.7456,2,Ab-OBJ-N5-SBJ-N3-HIDE-TR-Ab-LOC-N4.mp4,Ab-OBJ-N5-SBJ-N3-HIDE-TR-Ab-LOC-N4.mp3,3802.6828,mouse_continue,7.9376,,,,,,,2,Ab-OBJ-N5-SBJ-N3-HIDE-TR-Ab-LOC-N4.mp4,Ab-OBJ-N5-SBJ-N3-HIDE-TR-Ab-LOC-N4.mp3,ALP1108,1962.03.12,2026-05-02_12h18.27.930,BrocantoHPilot1WOSession3,2025.2.4,Win32,59.17159763,,,,,,,,,,,,,,,,,,,,,,,,,,,,,,,,,,,,,,,,,,,,,,,,,,,,,,,,,,,,,,,,,0,17,17,17,1,,,,,,,,,,,,,,,,,,,,
3802.6868,2,SBJ-N3-GO-INTR.mp4,SBJ-N3-GO-INTR.mp3,3811.8754,mouse_continue,9.1892,,,,,,,2,SBJ-N3-GO-INTR.mp4,SBJ-N3-GO-INTR.mp3,ALP1108,1962.03.12,2026-05-02_12h18.27.930,BrocantoHPilot1WOSession3,2025.2.4,Win32,59.17159763,,,,,,,,,,,,,,,,,,,,,,,,,,,,,,,,,,,,,,,,,,,,,,,,,,,,,,,,,,,,,,,,,0,18,18,18,1,,,,,,,,,,,,,,,,,,,,
3811.8789,2,Ab-OBJ-N5-SBJ-N4-REVEAL-TR-LOC-N3.mp4,Ab-OBJ-N5-SBJ-N4-REVEAL-TR-LOC-N3.mp3,3819.2494,mouse_continue,7.3711,,,,,,,2,Ab-OBJ-N5-SBJ-N4-REVEAL-TR-LOC-N3.mp4,Ab-OBJ-N5-SBJ-N4-REVEAL-TR-LOC-N3.mp3,ALP1108,1962.03.12,2026-05-02_12h18.27.930,BrocantoHPilot1WOSession3,2025.2.4,Win32,59.17159763,,,,,,,,,,,,,,,,,,,,,,,,,,,,,,,,,,,,,,,,,,,,,,,,,,,,,,,,,,,,,,,,,0,19,19,19,1,,,,,,,,,,,,,,,,,,,,
3819.2506,2,Ab-OBJ-N5-Aa-SBJ-N5-HIDE-TR.mp4,Ab-OBJ-N5-Aa-SBJ-N5-HIDE-TR.mp3,3825.1721,mouse_continue,5.9218,,,,,,,2,Ab-OBJ-N5-Aa-SBJ-N5-HIDE-TR.mp4,Ab-OBJ-N5-Aa-SBJ-N5-HIDE-TR.mp3,ALP1108,1962.03.12,2026-05-02_12h18.27.930,BrocantoHPilot1WOSession3,2025.2.4,Win32,59.17159763,,,,,,,,,,,,,,,,,,,,,,,,,,,,,,,,,,,,,,,,,,,,,,,,,,,,,,,,,,,,,,,,,0,20,20,20,1,,,,,,,,,,,,,,,,,,,,
3825.1755,2,SBJ-N3-REVEAL-INTR-Ab-LOC-N5.mp4,SBJ-N3-REVEAL-INTR-Ab-LOC-N5.mp3,3832.1296,mouse_continue,6.9543,,,,,,,2,SBJ-N3-REVEAL-INTR-Ab-LOC-N5.mp4,SBJ-N3-REVEAL-INTR-Ab-LOC-N5.mp3,ALP1108,1962.03.12,2026-05-02_12h18.27.930,BrocantoHPilot1WOSession3,2025.2.4,Win32,59.17159763,,,,,,,,,,,,,,,,,,,,,,,,,,,,,,,,,,,,,,,,,,,,,,,,,,,,,,,,,,,,,,,,,0,21,21,21,1,,,,,,,,,,,,,,,,,,,,
3832.1338,2,OBJ-N5-SBJ-N4-PUSH-TR.mp4,OBJ-N5-SBJ-N4-PUSH-TR.mp3,3837.8349,mouse_continue,5.7019,,,,,,,2,OBJ-N5-SBJ-N4-PUSH-TR.mp4,OBJ-N5-SBJ-N4-PUSH-TR.mp3,ALP1108,1962.03.12,2026-05-02_12h18.27.930,BrocantoHPilot1WOSession3,2025.2.4,Win32,59.17159763,,,,,,,,,,,,,,,,,,,,,,,,,,,,,,,,,,,,,,,,,,,,,,,,,,,,,,,,,,,,,,,,,0,22,22,22,1,,,,,,,,,,,,,,,,,,,,
3837.8371,2,Ab-SBJ-N5-HIDE-INTR.mp4,Ab-SBJ-N5-HIDE-INTR.mp3,3844.7749,mouse_continue,6.9389,,,,,,,2,Ab-SBJ-N5-HIDE-INTR.mp4,Ab-SBJ-N5-HIDE-INTR.mp3,ALP1108,1962.03.12,2026-05-02_12h18.27.930,BrocantoHPilot1WOSession3,2025.2.4,Win32,59.17159763,,,,,,,,,,,,,,,,,,,,,,,,,,,,,,,,,,,,,,,,,,,,,,,,,,,,,,,,,,,,,,,,,0,23,23,23,1,,,,,,,,,,,,,,,,,,,,
3844.7757,2,OBJ-N5-Ab-SBJ-N4-PUSH-TR-Ab-LOC-N3.mp4,OBJ-N5-Ab-SBJ-N4-PUSH-TR-Ab-LOC-N3.mp3,3851.5319,mouse_continue,6.7564,,,,,,,2,OBJ-N5-Ab-SBJ-N4-PUSH-TR-Ab-LOC-N3.mp4,OBJ-N5-Ab-SBJ-N4-PUSH-TR-Ab-LOC-N3.mp3,ALP1108,1962.03.12,2026-05-02_12h18.27.930,BrocantoHPilot1WOSession3,2025.2.4,Win32,59.17159763,,,,,,,,,,,,,,,,,,,,,,,,,,,,,,,,,,,,,,,,,,,,,,,,,,,,,,,,,,,,,,,,,0,24,24,24,1,,,,,,,,,,,,,,,,,,,,
3851.5342,2,Ab-SBJ-N5-JUMP-INTR.mp4,Ab-SBJ-N5-JUMP-INTR.mp3,3857.4212,mouse_continue,5.888,,,,,,,2,Ab-SBJ-N5-JUMP-INTR.mp4,Ab-SBJ-N5-JUMP-INTR.mp3,ALP1108,1962.03.12,2026-05-02_12h18.27.930,BrocantoHPilot1WOSession3,2025.2.4,Win32,59.17159763,,,,,,,,,,,,,,,,,,,,,,,,,,,,,,,,,,,,,,,,,,,,,,,,,,,,,,,,,,,,,,,,,0,25,25,25,1,,,,,,,,,,,,,,,,,,,,
3857.4254,2,OBJ-N5-SBJ-N2-HIDE-TR.mp4,OBJ-N5-SBJ-N2-HIDE-TR.mp3,3863.0012,mouse_continue,5.5776,,,,,,,2,OBJ-N5-SBJ-N2-HIDE-TR.mp4,OBJ-N5-SBJ-N2-HIDE-TR.mp3,ALP1108,1962.03.12,2026-05-02_12h18.27.930,BrocantoHPilot1WOSession3,2025.2.4,Win32,59.17159763,,,,,,,,,,,,,,,,,,,,,,,,,,,,,,,,,,,,,,,,,,,,,,,,,,,,,,,,,,,,,,,,,0,26,26,26,1,,,,,,,,,,,,,,,,,,,,
3863.0021,2,OBJ-N5-Ab-SBJ-N2-REVEAL-TR-LOC-N4.mp4,OBJ-N5-Ab-SBJ-N2-REVEAL-TR-LOC-N4.mp3,3871.9428,mouse_continue,8.9407,,,,,,,2,OBJ-N5-Ab-SBJ-N2-REVEAL-TR-LOC-N4.mp4,OBJ-N5-Ab-SBJ-N2-REVEAL-TR-LOC-N4.mp3,ALP1108,1962.03.12,2026-05-02_12h18.27.930,BrocantoHPilot1WOSession3,2025.2.4,Win32,59.17159763,,,,,,,,,,,,,,,,,,,,,,,,,,,,,,,,,,,,,,,,,,,,,,,,,,,,,,,,,,,,,,,,,0,27,27,27,1,,,,,,,,,,,,,,,,,,,,
3871.9442,2,Aa-SBJ-N5-HIDE-INTR.mp4,Aa-SBJ-N5-HIDE-INTR.mp3,3877.7987,mouse_continue,5.8547,,,,,,,2,Aa-SBJ-N5-HIDE-INTR.mp4,Aa-SBJ-N5-HIDE-INTR.mp3,ALP1108,1962.03.12,2026-05-02_12h18.27.930,BrocantoHPilot1WOSession3,2025.2.4,Win32,59.17159763,,,,,,,,,,,,,,,,,,,,,,,,,,,,,,,,,,,,,,,,,,,,,,,,,,,,,,,,,,,,,,,,,0,28,28,28,1,,,,,,,,,,,,,,,,,,,,
3877.7997,2,OBJ-N5-SBJ-N2-HIDE-TR-LOC-N3.mp4,OBJ-N5-SBJ-N2-HIDE-TR-LOC-N3.mp3,3883.6215,mouse_continue,5.8219,,,,,,,2,OBJ-N5-SBJ-N2-HIDE-TR-LOC-N3.mp4,OBJ-N5-SBJ-N2-HIDE-TR-LOC-N3.mp3,ALP1108,1962.03.12,2026-05-02_12h18.27.930,BrocantoHPilot1WOSession3,2025.2.4,Win32,59.17159763,,,,,,,,,,,,,,,,,,,,,,,,,,,,,,,,,,,,,,,,,,,,,,,,,,,,,,,,,,,,,,,,,0,29,29,29,1,,,,,,,,,,,,,,,,,,,,
3883.6233,2,OBJ-N5-SBJ-N4-REVEAL-TR.mp4,OBJ-N5-SBJ-N4-REVEAL-TR.mp3,3889.7533,mouse_continue,6.1303,,,,,,,2,OBJ-N5-SBJ-N4-REVEAL-TR.mp4,OBJ-N5-SBJ-N4-REVEAL-TR.mp3,ALP1108,1962.03.12,2026-05-02_12h18.27.930,BrocantoHPilot1WOSession3,2025.2.4,Win32,59.17159763,,,,,,,,,,,,,,,,,,,,,,,,,,,,,,,,,,,,,,,,,,,,,,,,,,,,,,,,,,,,,,,,,0,30,30,30,1,,,,,,,,,,,,,,,,,,,,
3889.7565,2,Ab-OBJ-N5-Ab-SBJ-N4-PUSH-TR.mp4,Ab-OBJ-N5-Ab-SBJ-N4-PUSH-TR.mp3,3896.7603,mouse_continue,7.0049,,,,,,,2,Ab-OBJ-N5-Ab-SBJ-N4-PUSH-TR.mp4,Ab-OBJ-N5-Ab-SBJ-N4-PUSH-TR.mp3,ALP1108,1962.03.12,2026-05-02_12h18.27.930,BrocantoHPilot1WOSession3,2025.2.4,Win32,59.17159763,,,,,,,,,,,,,,,,,,,,,,,,,,,,,,,,,,,,,,,,,,,,,,,,,,,,,,,,,,,,,,,,,0,31,31,31,1,,,,,,,,,,,,,,,,,,,,
3896.7642,2,Ab-SBJ-N5-GO-INTR.mp4,Ab-SBJ-N5-GO-INTR.mp3,3905.1353,mouse_continue,8.3723,,,,,,,2,Ab-SBJ-N5-GO-INTR.mp4,Ab-SBJ-N5-GO-INTR.mp3,ALP1108,1962.03.12,2026-05-02_12h18.27.930,BrocantoHPilot1WOSession3,2025.2.4,Win32,59.17159763,,,,,,,,,,,,,,,,,,,,,,,,,,,,,,,,,,,,,,,,,,,,,,,,,,,,,,,,,,,,,,,,,0,32,32,32,1,,,,,,,,,,,,,,,,,,,,
3905.1388,2,SBJ-N5-JUMP-INTR.mp4,SBJ-N5-JUMP-INTR.mp3,3910.7908,mouse_continue,5.6535,,,,,,,2,SBJ-N5-JUMP-INTR.mp4,SBJ-N5-JUMP-INTR.mp3,ALP1108,1962.03.12,2026-05-02_12h18.27.930,BrocantoHPilot1WOSession3,2025.2.4,Win32,59.17159763,,,,,,,,,,,,,,,,,,,,,,,,,,,,,,,,,,,,,,,,,,,,,,,,,,,,,,,,,,,,,,,,,0,33,33,33,1,,,,,,,,,,,,,,,,,,,,
3910.7922,2,SBJ-N3-HIDE-INTR-Aa-LOC-N2.mp4,SBJ-N3-HIDE-INTR-Aa-LOC-N2.mp3,3916.7029,mouse_continue,5.9111,,,,,,,2,SBJ-N3-HIDE-INTR-Aa-LOC-N2.mp4,SBJ-N3-HIDE-INTR-Aa-LOC-N2.mp3,ALP1108,1962.03.12,2026-05-02_12h18.27.930,BrocantoHPilot1WOSession3,2025.2.4,Win32,59.17159763,,,,,,,,,,,,,,,,,,,,,,,,,,,,,,,,,,,,,,,,,,,,,,,,,,,,,,,,,,,,,,,,,0,34,34,34,1,,,,,,,,,,,,,,,,,,,,
3916.7043,2,Aa-SBJ-N1-GO-INTR-LOC-N4.mp4,Aa-SBJ-N1-GO-INTR-LOC-N4.mp3,3922.3191,mouse_continue,5.6152,,,,,,,2,Aa-SBJ-N1-GO-INTR-LOC-N4.mp4,Aa-SBJ-N1-GO-INTR-LOC-N4.mp3,ALP1108,1962.03.12,2026-05-02_12h18.27.930,BrocantoHPilot1WOSession3,2025.2.4,Win32,59.17159763,,,,,,,,,,,,,,,,,,,,,,,,,,,,,,,,,,,,,,,,,,,,,,,,,,,,,,,,,,,,,,,,,0,35,35,35,1,,,,,,,,,,,,,,,,,,,,
3922.3225,2,SBJ-N4-GO-INTR-Ab-LOC-N2.mp4,SBJ-N4-GO-INTR-Ab-LOC-N2.mp3,3928.8927,mouse_continue,6.572,,,,,,,2,SBJ-N4-GO-INTR-Ab-LOC-N2.mp4,SBJ-N4-GO-INTR-Ab-LOC-N2.mp3,ALP1108,1962.03.12,2026-05-02_12h18.27.930,BrocantoHPilot1WOSession3,2025.2.4,Win32,59.17159763,,,,,,,,,,,,,,,,,,,,,,,,,,,,,,,,,,,,,,,,,,,,,,,,,,,,,,,,,,,,,,,,,0,36,36,36,1,,,,,,,,,,,,,,,,,,,,
3928.8968,2,Ab-SBJ-N1-JUMP-INTR-Aa-LOC-N2.mp4,Ab-SBJ-N1-JUMP-INTR-Aa-LOC-N2.mp3,3936.5167,mouse_continue,7.6208,,,,,,,2,Ab-SBJ-N1-JUMP-INTR-Aa-LOC-N2.mp4,Ab-SBJ-N1-JUMP-INTR-Aa-LOC-N2.mp3,ALP1108,1962.03.12,2026-05-02_12h18.27.930,BrocantoHPilot1WOSession3,2025.2.4,Win32,59.17159763,,,,,,,,,,,,,,,,,,,,,,,,,,,,,,,,,,,,,,,,,,,,,,,,,,,,,,,,,,,,,,,,,0,37,37,37,1,,,,,,,,,,,,,,,,,,,,
3936.5203,2,Aa-SBJ-N2-HIDE-INTR-LOC-N1.mp4,Aa-SBJ-N2-HIDE-INTR-LOC-N1.mp3,3942.3635,mouse_continue,5.8435,,,,,,,2,Aa-SBJ-N2-HIDE-INTR-LOC-N1.mp4,Aa-SBJ-N2-HIDE-INTR-LOC-N1.mp3,ALP1108,1962.03.12,2026-05-02_12h18.27.930,BrocantoHPilot1WOSession3,2025.2.4,Win32,59.17159763,,,,,,,,,,,,,,,,,,,,,,,,,,,,,,,,,,,,,,,,,,,,,,,,,,,,,,,,,,,,,,,,,0,38,38,38,1,,,,,,,,,,,,,,,,,,,,
3942.3646,2,Ab-OBJ-N5-SBJ-N3-REVEAL-TR-LOC-N2.mp4,Ab-OBJ-N5-SBJ-N3-REVEAL-TR-LOC-N2.mp3,3949.413,mouse_continue,7.0487,,,,,,,2,Ab-OBJ-N5-SBJ-N3-REVEAL-TR-LOC-N2.mp4,Ab-OBJ-N5-SBJ-N3-REVEAL-TR-LOC-N2.mp3,ALP1108,1962.03.12,2026-05-02_12h18.27.930,BrocantoHPilot1WOSession3,2025.2.4,Win32,59.17159763,,,,,,,,,,,,,,,,,,,,,,,,,,,,,,,,,,,,,,,,,,,,,,,,,,,,,,,,,,,,,,,,,0,39,39,39,1,,,,,,,,,,,,,,,,,,,,
3949.4149,2,OBJ-N5-Ab-SBJ-N1-PUSH-TR-Ab-LOC-N3.mp4,OBJ-N5-Ab-SBJ-N1-PUSH-TR-Ab-LOC-N3.mp3,3957.371,mouse_continue,7.9573,,,,,,,2,OBJ-N5-Ab-SBJ-N1-PUSH-TR-Ab-LOC-N3.mp4,OBJ-N5-Ab-SBJ-N1-PUSH-TR-Ab-LOC-N3.mp3,ALP1108,1962.03.12,2026-05-02_12h18.27.930,BrocantoHPilot1WOSession3,2025.2.4,Win32,59.17159763,,,,,,,,,,,,,,,,,,,,,,,,,,,,,,,,,,,,,,,,,,,,,,,,,,,,,,,,,,,,,,,,,0,40,40,40,1,,,,,,,,,,,,,,,,,,,,
3957.3748,2,Ab-OBJ-N5-Aa-SBJ-N5-REVEAL-TR.mp4,Ab-OBJ-N5-Aa-SBJ-N5-REVEAL-TR.mp3,3964.7951,mouse_continue,7.4206,,,,,,,2,Ab-OBJ-N5-Aa-SBJ-N5-REVEAL-TR.mp4,Ab-OBJ-N5-Aa-SBJ-N5-REVEAL-TR.mp3,ALP1108,1962.03.12,2026-05-02_12h18.27.930,BrocantoHPilot1WOSession3,2025.2.4,Win32,59.17159763,,,,,,,,,,,,,,,,,,,,,,,,,,,,,,,,,,,,,,,,,,,,,,,,,,,,,,,,,,,,,,,,,0,41,41,41,1,,,,,,,,,,,,,,,,,,,,
,,,,,,,,,,,,,2,,,ALP1108,1962.03.12,2026-05-02_12h18.27.930,BrocantoHPilot1WOSession3,2025.2.4,Win32,59.17159763,3980.2814,2,1,1,24.3496,1,24.0899,24.3496,4006.5041,,,,,,Ab-OBJ-N5-SBJ-N2-REVEAL-TR-LOC-N4.mp3,Ab-OBJ-N5-SBJ-N2-REVEAL-TR-LOC-N4.mp4,Aa-OBJ-N5-SBJ-N2-PUSH-TR-LOC-N4.mp4,,,,,,,,,,,,,,,,,,,,,,,,,,,,,,,,,,,,,,,,,,,,,,,,,,,,,0,0,0,0,1,,,,,,,,,,,,,,,
,,,,,,,,,,,,,2,,,ALP1108,1962.03.12,2026-05-02_12h18.27.930,BrocantoHPilot1WOSession3,2025.2.4,Win32,59.17159763,4006.505,2,2,1,22.2714,0,21.9249,22.2714,4030.6456,,,,,,Ab-SBJ-N5-REVEAL-INTR-Ab-LOC-N4.mp3,Ab-SBJ-N5-REVEAL-INTR-Ab-LOC-N4.mp4,Ab-SBJ-N5-GO-INTR-Ab-LOC-N4.mp4,,,,,,,,,,,,,,,,,,,,,,,,,,,,,,,,,,,,,,,,,,,,,,,,,,,,,0,1,1,1,1,,,,,,,,,,,,,,,
,,,,,,,,,,,,,2,,,ALP1108,1962.03.12,2026-05-02_12h18.27.930,BrocantoHPilot1WOSession3,2025.2.4,Win32,59.17159763,4030.6479,2,2,1,33.7031,0,33.3817,33.7031,4066.1463,,,,,,Aa-SBJ-N5-GO-INTR.mp3,Aa-SBJ-N5-GO-INTR.mp4,Ab-SBJ-N5-GO-INTR.mp4,,,,,,,,,,,,,,,,,,,,,,,,,,,,,,,,,,,,,,,,,,,,,,,,,,,,,0,2,2,2,1,,,,,,,,,,,,,,,
,,,,,,,,,,,,,2,,,ALP1108,1962.03.12,2026-05-02_12h18.27.930,BrocantoHPilot1WOSession3,2025.2.4,Win32,59.17159763,4066.1467,2,2,2,27.8991,1,18.7346,27.8991,4095.9265,,,,,,Ab-OBJ-N5-SBJ-N2-HIDE-TR.mp3,Ab-OBJ-N5-SBJ-N2-HIDE-TR.mp4,OBJ-N2-Aa-SBJ-N5-HIDE-TR.mp4,,,,,,,,,,,,,,,,,,,,,,,,,,,,,,,,,,,,,,,,,,,,,,,,,,,,,0,3,3,3,1,,,,,,,,,,,,,,,
,,,,,,,,,,,,,2,,,ALP1108,1962.03.12,2026-05-02_12h18.27.930,BrocantoHPilot1WOSession3,2025.2.4,Win32,59.17159763,4095.9275,2,1,1,17.3784,1,17.4603,17.3784,4115.5306,,,,,,SBJ-N2-REVEAL-INTR-LOC-N3.mp3,SBJ-N2-REVEAL-INTR-LOC-N3.mp4,SBJ-N3-JUMP-INTR-LOC-N2.mp4,,,,,,,,,,,,,,,,,,,,,,,,,,,,,,,,,,,,,,,,,,,,,,,,,,,,,0,4,4,4,1,,,,,,,,,,,,,,,
,,,,,,,,,,,,,2,,,ALP1108,1962.03.12,2026-05-02_12h18.27.930,BrocantoHPilot1WOSession3,2025.2.4,Win32,59.17159763,4115.5318,2,2,2,19.9394,1,18.1364,19.9394,4137.1843,,,,,,OBJ-N5-Ab-SBJ-N4-PUSH-TR-LOC-N2.mp3,OBJ-N5-Ab-SBJ-N4-PUSH-TR-LOC-N2.mp4,Ab-OBJ-N4-SBJ-N5-PUSH-TR-LOC-N2.mp4,,,,,,,,,,,,,,,,,,,,,,,,,,,,,,,,,,,,,,,,,,,,,,,,,,,,,0,5,5,5,1,,,,,,,,,,,,,,,
,,,,,,,,,,,,,2,,,ALP1108,1962.03.12,2026-05-02_12h18.27.930,BrocantoHPilot1WOSession3,2025.2.4,Win32,59.17159763,4137.1867,2,1,1,17.3658,1,16.769,17.3658,4156.2708,,,,,,Ab-OBJ-N5-SBJ-N2-HIDE-TR.mp3,Ab-OBJ-N5-SBJ-N2-HIDE-TR.mp4,Aa-OBJ-N5-SBJ-N2-PUSH-TR.mp4,,,,,,,,,,,,,,,,,,,,,,,,,,,,,,,,,,,,,,,,,,,,,,,,,,,,,0,6,6,6,1,,,,,,,,,,,,,,,
,,,,,,,,,,,,,2,,,ALP1108,1962.03.12,2026-05-02_12h18.27.930,BrocantoHPilot1WOSession3,2025.2.4,Win32,59.17159763,4156.2733,2,1,1,17.0524,1,17.0524,17.0524,4175.156,,,,,,Ab-OBJ-N5-SBJ-N3-PUSH-TR-Ab-LOC-N1.mp3,Ab-OBJ-N5-SBJ-N3-PUSH-TR-Ab-LOC-N1.mp4,Ab-OBJ-N5-SBJ-N3-HIDE-TR-Ab-LOC-N1.mp4,,,,,,,,,,,,,,,,,,,,,,,,,,,,,,,,,,,,,,,,,,,,,,,,,,,,,0,7,7,7,1,,,,,,,,,,,,,,,
,,,,,,,,,,,,,2,,,ALP1108,1962.03.12,2026-05-02_12h18.27.930,BrocantoHPilot1WOSession3,2025.2.4,Win32,59.17159763,4175.1566,2,2,2,16.3871,1,14.9721,16.3871,4193.4742,,,,,,SBJ-N4-JUMP-INTR.mp3,SBJ-N4-JUMP-INTR.mp4,SBJ-N4-HIDE-INTR.mp4,,,,,,,,,,,,,,,,,,,,,,,,,,,,,,,,,,,,,,,,,,,,,,,,,,,,,0,8,8,8,1,,,,,,,,,,,,,,,
,,,,,,,,,,,,,2,,,ALP1108,1962.03.12,2026-05-02_12h18.27.930,BrocantoHPilot1WOSession3,2025.2.4,Win32,59.17159763,4193.4761,2,1,2,17.8983,0,17.4287,17.8983,4213.0937,,,,,,SBJ-N3-REVEAL-INTR-Ab-LOC-N5.mp3,SBJ-N3-REVEAL-INTR-Ab-LOC-N5.mp4,Aa-SBJ-N5-REVEAL-INTR-LOC-N3.mp4,,,,,,,,,,,,,,,,,,,,,,,,,,,,,,,,,,,,,,,,,,,,,,,,,,,,,0,9,9,9,1,,,,,,,,,,,,,,,
,,,,,,,,,,,,,2,,,ALP1108,1962.03.12,2026-05-02_12h18.27.930,BrocantoHPilot1WOSession3,2025.2.4,Win32,59.17159763,4213.0998,2,2,1,27.7702,0,18.8253,27.7702,4242.5901,,,,,,Ab-SBJ-N5-HIDE-INTR.mp3,Ab-SBJ-N5-HIDE-INTR.mp4,Aa-SBJ-N5-HIDE-INTR.mp4,,,,,,,,,,,,,,,,,,,,,,,,,,,,,,,,,,,,,,,,,,,,,,,,,,,,,0,10,10,10,1,,,,,,,,,,,,,,,
,,,,,,,,,,,,,2,,,ALP1108,1962.03.12,2026-05-02_12h18.27.930,BrocantoHPilot1WOSession3,2025.2.4,Win32,59.17159763,4242.5907,2,2,2,17.1416,1,16.8919,17.1416,4261.4253,,,,,,Ab-OBJ-N5-Ab-SBJ-N2-REVEAL-TR.mp3,Ab-OBJ-N5-Ab-SBJ-N2-REVEAL-TR.mp4,Ab-OBJ-N2-Ab-SBJ-N5-PUSH-TR.mp4,,,,,,,,,,,,,,,,,,,,,,,,,,,,,,,,,,,,,,,,,,,,,,,,,,,,,0,11,11,11,1,,,,,,,,,,,,,,,
,,,,,,,,,,,,,2,,,ALP1108,1962.03.12,2026-05-02_12h18.27.930,BrocantoHPilot1WOSession3,2025.2.4,Win32,59.17159763,4261.4312,2,1,1,46.3155,1,31.7253,46.3155,4309.6572,,,,,,SBJ-N5-REVEAL-INTR-LOC-N4.mp3,SBJ-N5-REVEAL-INTR-LOC-N4.mp4,SBJ-N4-REVEAL-INTR-LOC-N5.mp4,,,,,,,,,,,,,,,,,,,,,,,,,,,,,,,,,,,,,,,,,,,,,,,,,,,,,0,12,12,12,1,,,,,,,,,,,,,,,
,,,,,,,,,,,,,2,,,ALP1108,1962.03.12,2026-05-02_12h18.27.930,BrocantoHPilot1WOSession3,2025.2.4,Win32,59.17159763,4309.6578,2,1,1,31.3234,1,19.4207,31.3234,4342.6731,,,,,,OBJ-N5-SBJ-N1-REVEAL-TR-LOC-N3.mp3,OBJ-N5-SBJ-N1-REVEAL-TR-LOC-N3.mp4,OBJ-N3-SBJ-N1-PUSH-TR-LOC-N5.mp4,,,,,,,,,,,,,,,,,,,,,,,,,,,,,,,,,,,,,,,,,,,,,,,,,,,,,0,13,13,13,1,,,,,,,,,,,,,,,
,,,,,,,,,,,,,2,,,ALP1108,1962.03.12,2026-05-02_12h18.27.930,BrocantoHPilot1WOSession3,2025.2.4,Win32,59.17159763,4342.6743,2,1,1,28.5604,1,28.4816,28.5604,4373.2871,,,,,,SBJ-N1-REVEAL-INTR-Ab-LOC-N5.mp3,SBJ-N1-REVEAL-INTR-Ab-LOC-N5.mp4,SBJ-N1-HIDE-INTR-Aa-LOC-N5.mp4,,,,,,,,,,,,,,,,,,,,,,,,,,,,,,,,,,,,,,,,,,,,,,,,,,,,,0,14,14,14,1,,,,,,,,,,,,,,,
,,,,,,,,,,,,,2,,,ALP1108,1962.03.12,2026-05-02_12h18.27.930,BrocantoHPilot1WOSession3,2025.2.4,Win32,59.17159763,4373.2896,2,1,2,19.0126,0,19.1105,19.0126,4394.242,,,,,,Ab-OBJ-N5-SBJ-N3-HIDE-TR-Ab-LOC-N1.mp3,Ab-OBJ-N5-SBJ-N3-HIDE-TR-Ab-LOC-N1.mp4,OBJ-N3-Ab-SBJ-N5-HIDE-TR-Aa-LOC-N1.mp4,,,,,,,,,,,,,,,,,,,,,,,,,,,,,,,,,,,,,,,,,,,,,,,,,,,,,0,15,15,15,1,,,,,,,,,,,,,,,
,,,,,,,,,,,,,2,,,ALP1108,1962.03.12,2026-05-02_12h18.27.930,BrocantoHPilot1WOSession3,2025.2.4,Win32,59.17159763,4394.2427,2,2,1,25.8991,0,16.8095,25.8991,4421.8026,,,,,,Aa-SBJ-N5-HIDE-INTR.mp3,Aa-SBJ-N5-HIDE-INTR.mp4,Ab-SBJ-N5-HIDE-INTR.mp4,,,,,,,,,,,,,,,,,,,,,,,,,,,,,,,,,,,,,,,,,,,,,,,,,,,,,0,16,16,16,1,,,,,,,,,,,,,,,
,,,,,,,,,,,,,2,,,ALP1108,1962.03.12,2026-05-02_12h18.27.930,BrocantoHPilot1WOSession3,2025.2.4,Win32,59.17159763,4421.8089,2,2,2,22.9524,1,22.3706,22.9524,4446.5107,,,,,,Ab-OBJ-N5-Aa-SBJ-N5-PUSH-TR.mp3,Ab-OBJ-N5-Aa-SBJ-N5-PUSH-TR.mp4,Aa-OBJ-N5-Ab-SBJ-N5-PUSH-TR.mp4,,,,,,,,,,,,,,,,,,,,,,,,,,,,,,,,,,,,,,,,,,,,,,,,,,,,,0,17,17,17,1,,,,,,,,,,,,,,,
,,,,,,,,,,,,,2,,,ALP1108,1962.03.12,2026-05-02_12h18.27.930,BrocantoHPilot1WOSession3,2025.2.4,Win32,59.17159763,4446.5114,2,1,1,16.793,1,16.342,16.793,4464.9797,,,,,,SBJ-N2-GO-INTR.mp3,SBJ-N2-GO-INTR.mp4,SBJ-N2-JUMP-INTR.mp4,,,,,,,,,,,,,,,,,,,,,,,,,,,,,,,,,,,,,,,,,,,,,,,,,,,,,0,18,18,18,1,,,,,,,,,,,,,,,
,,,,,,,,,,,,,2,,,ALP1108,1962.03.12,2026-05-02_12h18.27.930,BrocantoHPilot1WOSession3,2025.2.4,Win32,59.17159763,4464.9808,2,2,2,16.3746,1,16.847,16.3746,4483.1804,,,,,,Ab-SBJ-N4-REVEAL-INTR-LOC-N2.mp3,Ab-SBJ-N4-REVEAL-INTR-LOC-N2.mp4,Aa-SBJ-N4-HIDE-INTR-LOC-N2.mp4,,,,,,,,,,,,,,,,,,,,,,,,,,,,,,,,,,,,,,,,,,,,,,,,,,,,,0,19,19,19,1,,,,,,,,,,,,,,,
,,,,,,,,,,,,,2,,,ALP1108,1962.03.12,2026-05-02_12h18.27.930,BrocantoHPilot1WOSession3,2025.2.4,Win32,59.17159763,4483.1808,2,1,2,19.6542,0,18.1082,19.6542,4504.5185,,,,,,Ab-OBJ-N5-SBJ-N2-HIDE-TR-Ab-LOC-N4.mp3,Ab-OBJ-N5-SBJ-N2-HIDE-TR-Ab-LOC-N4.mp4,OBJ-N2-Aa-SBJ-N5-HIDE-TR-Ab-LOC-N4.mp4,,,,,,,,,,,,,,,,,,,,,,,,,,,,,,,,,,,,,,,,,,,,,,,,,,,,,0,20,20,20,1,,,,,,,,,,,,,,,
,,,,,,,,,,,,,2,,,ALP1108,1962.03.12,2026-05-02_12h18.27.930,BrocantoHPilot1WOSession3,2025.2.4,Win32,59.17159763,4504.5191,2,2,2,19.0318,1,18.5773,19.0318,4525.2058,,,,,,OBJ-N5-Ab-SBJ-N1-PUSH-TR.mp3,OBJ-N5-Ab-SBJ-N1-PUSH-TR.mp4,OBJ-N5-Aa-SBJ-N1-PUSH-TR.mp4,,,,,,,,,,,,,,,,,,,,,,,,,,,,,,,,,,,,,,,,,,,,,,,,,,,,,0,21,21,21,1,,,,,,,,,,,,,,,
,,,,,,,,,,,,,2,,,ALP1108,1962.03.12,2026-05-02_12h18.27.930,BrocantoHPilot1WOSession3,2025.2.4,Win32,59.17159763,4525.2063,2,2,2,20.065,1,19.1422,20.065,4546.9616,,,,,,Ab-SBJ-N3-JUMP-INTR.mp3,Ab-SBJ-N3-JUMP-INTR.mp4,Aa-SBJ-N3-REVEAL-INTR.mp4,,,,,,,,,,,,,,,,,,,,,,,,,,,,,,,,,,,,,,,,,,,,,,,,,,,,,0,22,22,22,1,,,,,,,,,,,,,,,
,,,,,,,,,,,,,2,,,ALP1108,1962.03.12,2026-05-02_12h18.27.930,BrocantoHPilot1WOSession3,2025.2.4,Win32,59.17159763,4546.9622,2,1,1,16.0901,1,16.1313,16.0901,4564.8296,,,,,,Ab-OBJ-N5-Ab-SBJ-N3-REVEAL-TR-LOC-N4.mp3,Ab-OBJ-N5-Ab-SBJ-N3-REVEAL-TR-LOC-N4.mp4,Ab-OBJ-N3-Ab-SBJ-N5-PUSH-TR-LOC-N4.mp4,,,,,,,,,,,,,,,,,,,,,,,,,,,,,,,,,,,,,,,,,,,,,,,,,,,,,0,23,23,23,1,,,,,,,,,,,,,,,
,,,,,,,,,,,,,2,,,ALP1108,1962.03.12,2026-05-02_12h18.27.930,BrocantoHPilot1WOSession3,2025.2.4,Win32,59.17159763,4564.8316,2,1,2,19.5201,0,18.9461,19.5201,4586.2847,,,,,,OBJ-N5-Ab-SBJ-N4-PUSH-TR.mp3,OBJ-N5-Ab-SBJ-N4-PUSH-TR.mp4,Ab-OBJ-N4-SBJ-N5-PUSH-TR.mp4,,,,,,,,,,,,,,,,,,,,,,,,,,,,,,,,,,,,,,,,,,,,,,,,,,,,,0,24,24,24,1,,,,,,,,,,,,,,,
,,,,,,,,,,,,,2,,,ALP1108,1962.03.12,2026-05-02_12h18.27.930,BrocantoHPilot1WOSession3,2025.2.4,Win32,59.17159763,4586.2922,2,2,2,18.7097,1,18.6858,18.7097,4606.6542,,,,,,Ab-OBJ-N5-Ab-SBJ-N2-HIDE-TR-LOC-N4.mp3,Ab-OBJ-N5-Ab-SBJ-N2-HIDE-TR-LOC-N4.mp4,Ab-OBJ-N5-Ab-SBJ-N2-REVEAL-TR-LOC-N4.mp4,,,,,,,,,,,,,,,,,,,,,,,,,,,,,,,,,,,,,,,,,,,,,,,,,,,,,0,25,25,25,1,,,,,,,,,,,,,,,
,,,,,,,,,,,,,2,,,ALP1108,1962.03.12,2026-05-02_12h18.27.930,BrocantoHPilot1WOSession3,2025.2.4,Win32,59.17159763,4606.6564,2,1,2,27.972,0,18.9853,27.972,4636.2006,,,,,,OBJ-N5-Ab-SBJ-N4-REVEAL-TR.mp3,OBJ-N5-Ab-SBJ-N4-REVEAL-TR.mp4,Aa-OBJ-N4-SBJ-N5-REVEAL-TR.mp4,,,,,,,,,,,,,,,,,,,,,,,,,,,,,,,,,,,,,,,,,,,,,,,,,,,,,0,26,26,26,1,,,,,,,,,,,,,,,
,,,,,,,,,,,,,2,,,ALP1108,1962.03.12,2026-05-02_12h18.27.930,BrocantoHPilot1WOSession3,2025.2.4,Win32,59.17159763,4636.2012,2,2,2,15.4153,1,15.3344,15.4153,4653.3175,,,,,,SBJ-N4-HIDE-INTR.mp3,SBJ-N4-HIDE-INTR.mp4,SBJ-N4-GO-INTR.mp4,,,,,,,,,,,,,,,,,,,,,,,,,,,,,,,,,,,,,,,,,,,,,,,,,,,,,0,27,27,27,1,,,,,,,,,,,,,,,
,,,,,,,,,,,,,2,,,ALP1108,1962.03.12,2026-05-02_12h18.27.930,BrocantoHPilot1WOSession3,2025.2.4,Win32,59.17159763,4653.3182,2,2,2,17.362,1,17.3285,17.362,4672.3199,,,,,,Ab-SBJ-N3-GO-INTR.mp3,Ab-SBJ-N3-GO-INTR.mp4,Aa-SBJ-N3-GO-INTR.mp4,,,,,,,,,,,,,,,,,,,,,,,,,,,,,,,,,,,,,,,,,,,,,,,,,,,,,0,28,28,28,1,,,,,,,,,,,,,,,
,,,,,,,,,,,,,2,,,ALP1108,1962.03.12,2026-05-02_12h18.27.930,BrocantoHPilot1WOSession3,2025.2.4,Win32,59.17159763,4672.3207,2,1,1,17.5621,1,17.5452,17.5621,4691.7729,,,,,,OBJ-N5-Ab-SBJ-N1-PUSH-TR-Ab-LOC-N4.mp3,OBJ-N5-Ab-SBJ-N1-PUSH-TR-Ab-LOC-N4.mp4,OBJ-N5-Ab-SBJ-N4-HIDE-TR-Ab-LOC-N1.mp4,,,,,,,,,,,,,,,,,,,,,,,,,,,,,,,,,,,,,,,,,,,,,,,,,,,,,0,29,29,29,1,,,,,,,,,,,,,,,
,,,,,,,,,,,,,2,,,ALP1108,1962.03.12,2026-05-02_12h18.27.930,BrocantoHPilot1WOSession3,2025.2.4,Win32,59.17159763,4691.7736,2,2,2,18.5691,1,17.8402,18.5691,4712.0601,,,,,,Aa-OBJ-N5-Ab-SBJ-N5-REVEAL-TR.mp3,Aa-OBJ-N5-Ab-SBJ-N5-REVEAL-TR.mp4,Ab-OBJ-N5-Aa-SBJ-N5-REVEAL-TR.mp4,,,,,,,,,,,,,,,,,,,,,,,,,,,,,,,,,,,,,,,,,,,,,,,,,,,,,0,30,30,30,1,,,,,,,,,,,,,,,
,,,,,,,,,,,,,2,,,ALP1108,1962.03.12,2026-05-02_12h18.27.930,BrocantoHPilot1WOSession3,2025.2.4,Win32,59.17159763,4712.0667,2,2,2,16.462,1,15.7088,16.462,4730.2787,,,,,,Ab-SBJ-N5-JUMP-INTR.mp3,Ab-SBJ-N5-JUMP-INTR.mp4,Aa-SBJ-N5-GO-INTR.mp4,,,,,,,,,,,,,,,,,,,,,,,,,,,,,,,,,,,,,,,,,,,,,,,,,,,,,0,31,31,31,1,,,,,,,,,,,,,,,
,,,,,,,,,,,,,2,,,ALP1108,1962.03.12,2026-05-02_12h18.27.930,BrocantoHPilot1WOSession3,2025.2.4,Win32,59.17159763,4730.2808,2,1,1,15.1225,1,14.9912,15.1225,4747.0621,,,,,,OBJ-N5-SBJ-N2-HIDE-TR.mp3,OBJ-N5-SBJ-N2-HIDE-TR.mp4,OBJ-N2-SBJ-N5-PUSH-TR.mp4,,,,,,,,,,,,,,,,,,,,,,,,,,,,,,,,,,,,,,,,,,,,,,,,,,,,,0,32,32,32,1,,,,,,,,,,,,,,,
,,,,,,,,,,,,,2,,,ALP1108,1962.03.12,2026-05-02_12h18.27.930,BrocantoHPilot1WOSession3,2025.2.4,Win32,59.17159763,4747.0642,2,1,2,15.5394,0,15.5394,15.5394,4764.2782,,,,,,Ab-SBJ-N4-HIDE-INTR.mp3,Ab-SBJ-N4-HIDE-INTR.mp4,Aa-SBJ-N4-HIDE-INTR.mp4,,,,,,,,,,,,,,,,,,,,,,,,,,,,,,,,,,,,,,,,,,,,,,,,,,,,,0,33,33,33,1,,,,,,,,,,,,,,,
,,,,,,,,,,,,,2,,,ALP1108,1962.03.12,2026-05-02_12h18.27.930,BrocantoHPilot1WOSession3,2025.2.4,Win32,59.17159763,4764.279,2,2,2,19.9491,1,18.1077,19.9491,4785.9004,,,,,,Ab-SBJ-N1-JUMP-INTR-Aa-LOC-N4.mp3,Ab-SBJ-N1-JUMP-INTR-Aa-LOC-N4.mp4,Aa-SBJ-N4-JUMP-INTR-Aa-LOC-N1.mp4,,,,,,,,,,,,,,,,,,,,,,,,,,,,,,,,,,,,,,,,,,,,,,,,,,,,,0,34,34,34,1,,,,,,,,,,,,,,,
,,,,,,,,,,,,,2,,,ALP1108,1962.03.12,2026-05-02_12h18.27.930,BrocantoHPilot1WOSession3,2025.2.4,Win32,59.17159763,4785.9022,2,1,2,22.5211,0,22.3243,22.5211,4810.5415,,,,,,Aa-SBJ-N5-GO-INTR-Ab-LOC-N3.mp3,Aa-SBJ-N5-GO-INTR-Ab-LOC-N3.mp4,Ab-SBJ-N3-GO-INTR-Aa-LOC-N5.mp4,,,,,,,,,,,,,,,,,,,,,,,,,,,,,,,,,,,,,,,,,,,,,,,,,,,,,0,35,35,35,1,,,,,,,,,,,,,,,
,,,,,,,,,,,,,2,,,ALP1108,1962.03.12,2026-05-02_12h18.27.930,BrocantoHPilot1WOSession3,2025.2.4,Win32,59.17159763,4810.5419,2,1,1,29.4377,1,21.1218,29.4377,4841.6227,,,,,,SBJ-N1-GO-INTR-Aa-LOC-N4.mp3,SBJ-N1-GO-INTR-Aa-LOC-N4.mp4,SBJ-N1-JUMP-INTR-Ab-LOC-N4.mp4,,,,,,,,,,,,,,,,,,,,,,,,,,,,,,,,,,,,,,,,,,,,,,,,,,,,,0,36,36,36,1,,,,,,,,,,,,,,,
,,,,,,,,,,,,,2,,,ALP1108,1962.03.12,2026-05-02_12h18.27.930,BrocantoHPilot1WOSession3,2025.2.4,Win32,59.17159763,4841.6234,2,2,2,19.0874,1,18.921,19.0874,4862.6116,,,,,,Aa-SBJ-N2-HIDE-INTR-Ab-LOC-N5.mp3,Aa-SBJ-N2-HIDE-INTR-Ab-LOC-N5.mp4,Aa-SBJ-N2-GO-INTR-Ab-LOC-N5.mp4,,,,,,,,,,,,,,,,,,,,,,,,,,,,,,,,,,,,,,,,,,,,,,,,,,,,,0,37,37,37,1,,,,,,,,,,,,,,,
,,,,,,,,,,,,,2,,,ALP1108,1962.03.12,2026-05-02_12h18.27.930,BrocantoHPilot1WOSession3,2025.2.4,Win32,59.17159763,4862.6126,2,1,1,25.0481,1,16.7955,25.0481,4889.3871,,,,,,SBJ-N4-JUMP-INTR-Aa-LOC-N5.mp3,SBJ-N4-JUMP-INTR-Aa-LOC-N5.mp4,Ab-SBJ-N5-JUMP-INTR-LOC-N4.mp4,,,,,,,,,,,,,,,,,,,,,,,,,,,,,,,,,,,,,,,,,,,,,,,,,,,,,0,38,38,38,1,,,,,,,,,,,,,,,
,,,,,,,,,,,,,2,,,ALP1108,1962.03.12,2026-05-02_12h18.27.930,BrocantoHPilot1WOSession3,2025.2.4,Win32,59.17159763,4889.3877,2,1,2,31.8636,0,31.5393,31.8636,4922.9051,,,,,,OBJ-N5-Ab-SBJ-N3-HIDE-TR-Ab-LOC-N4.mp3,OBJ-N5-Ab-SBJ-N3-HIDE-TR-Ab-LOC-N4.mp4,OBJ-N5-Ab-SBJ-N3-HIDE-TR-Aa-LOC-N4.mp4,,,,,,,,,,,,,,,,,,,,,,,,,,,,,,,,,,,,,,,,,,,,,,,,,,,,,0,39,39,39,1,,,,,,,,,,,,,,,
,,,,,,,,,,,,,2,,,ALP1108,1962.03.12,2026-05-02_12h18.27.930,BrocantoHPilot1WOSession3,2025.2.4,Win32,59.17159763,4922.9071,2,1,1,17.1597,1,17.4247,17.1597,4941.7893,,,,,,Ab-OBJ-N5-Ab-SBJ-N3-REVEAL-TR-LOC-N4.mp3,Ab-OBJ-N5-Ab-SBJ-N3-REVEAL-TR-LOC-N4.mp4,Ab-OBJ-N5-SBJ-N4-HIDE-TR-Ab-LOC-N3.mp4,,,,,,,,,,,,,,,,,,,,,,,,,,,,,,,,,,,,,,,,,,,,,,,,,,,,,0,40,40,40,1,,,,,,,,,,,,,,,
,,,,,,,,,,,,,2,,,ALP1108,1962.03.12,2026-05-02_12h18.27.930,BrocantoHPilot1WOSession3,2025.2.4,Win32,59.17159763,4941.7899,2,2,2,15.7905,1,15.8399,15.7905,4959.2569,,,,,,OBJ-N5-Ab-SBJ-N3-PUSH-TR.mp3,OBJ-N5-Ab-SBJ-N3-PUSH-TR.mp4,Ab-OBJ-N3-SBJ-N5-PUSH-TR.mp4,,,,,,,,,,,,,,,,,,,,,,,,,,,,,,,,,,,,,,,,,,,,,,,,,,,,,0,41,41,41,1,,,,,,,,,,,,,,,
,,,,,,,,,,,,,2,,,ALP1108,1962.03.12,2026-05-02_12h18.27.930,BrocantoHPilot1WOSession3,2025.2.4,Win32,59.17159763,,,,,,,,,,,,,,,Ab SBJ.N4 REVEAL-INTR LOC.N3,,,4973.6167,2,Ab-SBJ-N4-REVEAL-INTR-LOC-N3.mp4,Ab|N4|REVEAL|N3,N5|N4|Aa|REVEAL|GO|HIDE|Ab|N3,zsot|dabi|girda|zilép,timó|dabi|gyék|girda|kávler|zsübe|zsot|zilép,0,7.9525,22.8845,zsot zilép girda dabi,5002.3358,,,,,,Ab-SBJ-N4-REVEAL-INTR-LOC-N3.mp4,Ab|N4|REVEAL|N3,N5|N4|Aa|REVEAL|GO|HIDE|Ab|N3,zsot dabi girda zilép,zsot|dabi|girda|zilép,timó|dabi|gyék|girda|kávler|zsübe|zsot|zilép,,,,,,,,,,,,,,,,,,,,,,,,,,,,,,,,,,,0,0,0,0,1,,,,,,,,,,
,,,,,,,,,,,,,2,,,ALP1108,1962.03.12,2026-05-02_12h18.27.930,BrocantoHPilot1WOSession3,2025.2.4,Win32,59.17159763,,,,,,,,,,,,,,,OBJ.N5 Ab SBJ.N4 PUSH-TR Ab LOC.N3,,,5002.8586,2,OBJ-N5-Ab-SBJ-N4-PUSH-TR-Ab-LOC-N3.mp4,N5|Ab|N4|PUSH|Ab|N3,GO|N3|JUMP|N1|Ab|N4|PUSH|N5|Ab|N2,timó|zsot|dabi|vánta|zsot|zilép,kávler|zilép|bonip|pekli|zsot|dabi|vánta|timó|zsot|murak,0,5.5948,17.0071,timó zsot dabi bonip,5026.1353,,,,,,OBJ-N5-Ab-SBJ-N4-PUSH-TR-Ab-LOC-N3.mp4,N5|Ab|N4|PUSH|Ab|N3,GO|N3|JUMP|N1|Ab|N4|PUSH|N5|Ab|N2,timó zsot dabi vánta zsot zilép,timó|zsot|dabi|vánta|zsot|zilép,kávler|zilép|bonip|pekli|zsot|dabi|vánta|timó|zsot|murak,,,,,,,,,,,,,,,,,,,,,,,,,,,,,,,,,,,0,1,1,1,1,,,,,,,,,,
,,,,,,,,,,,,,2,,,ALP1108,1962.03.12,2026-05-02_12h18.27.930,BrocantoHPilot1WOSession3,2025.2.4,Win32,59.17159763,,,,,,,,,,,,,,,Ab OBJ.N5 SBJ.N4 HIDE-TR,,,5026.6537,2,Ab-OBJ-N5-SBJ-N4-HIDE-TR.mp4,Ab|N5|N4|HIDE,N4|GO|Ab|N1|Aa|HIDE|N5|REVEAL,zsot|timó|dabi|zsübe,dabi|kávler|zsot|pekli|gyék|zsübe|timó|girda,0,7.0894,11.728,zsot timó zsübe dabi,5042.9158,,,,,,Ab-OBJ-N5-SBJ-N4-HIDE-TR.mp4,Ab|N5|N4|HIDE,N4|GO|Ab|N1|Aa|HIDE|N5|REVEAL,zsot timó dabi zsübe,zsot|timó|dabi|zsübe,dabi|kávler|zsot|pekli|gyék|zsübe|timó|girda,,,,,,,,,,,,,,,,,,,,,,,,,,,,,,,,,,,0,2,2,2,1,,,,,,,,,,
,,,,,,,,,,,,,2,,,ALP1108,1962.03.12,2026-05-02_12h18.27.930,BrocantoHPilot1WOSession3,2025.2.4,Win32,59.17159763,,,,,,,,,,,,,,,Aa SBJ.N5 JUMP-INTR,,,5043.4394,2,Aa-SBJ-N5-JUMP-INTR.mp4,Aa|N5|JUMP,N3|HIDE|GO|JUMP|N5|Aa|Ab,gyék|timó|bonip,zilép|zsübe|kávler|bonip|timó|gyék|zsot,0,5.1422,16.2488,zsot timó kávler,5064.546,,,,,,Aa-SBJ-N5-JUMP-INTR.mp4,Aa|N5|JUMP,N3|HIDE|GO|JUMP|N5|Aa|Ab,gyék timó bonip,gyék|timó|bonip,zilép|zsübe|kávler|bonip|timó|gyék|zsot,,,,,,,,,,,,,,,,,,,,,,,,,,,,,,,,,,,0,3,3,3,1,,,,,,,,,,
,,,,,,,,,,,,,2,,,ALP1108,1962.03.12,2026-05-02_12h18.27.930,BrocantoHPilot1WOSession3,2025.2.4,Win32,59.17159763,,,,,,,,,,,,,,,Ab SBJ.N3 REVEAL-INTR LOC.N5,,,5065.071,2,Ab-SBJ-N3-REVEAL-INTR-LOC-N5.mp4,Ab|N3|REVEAL|N5,REVEAL|PUSH|Aa|Ab|N5|HIDE|N3|N1,zsot|zilép|girda|timó,girda|vánta|gyék|zsot|timó|zsübe|zilép|pekli,0,6.4224,22.162,timó girda zsot zilép,5091.8028,,,,,,Ab-SBJ-N3-REVEAL-INTR-LOC-N5.mp4,Ab|N3|REVEAL|N5,REVEAL|PUSH|Aa|Ab|N5|HIDE|N3|N1,zsot zilép girda timó,zsot|zilép|girda|timó,girda|vánta|gyék|zsot|timó|zsübe|zilép|pekli,,,,,,,,,,,,,,,,,,,,,,,,,,,,,,,,,,,0,4,4,4,1,,,,,,,,,,
,,,,,,,,,,,,,2,,,ALP1108,1962.03.12,2026-05-02_12h18.27.930,BrocantoHPilot1WOSession3,2025.2.4,Win32,59.17159763,,,,,,,,,,,,,,,Ab OBJ.N5 SBJ.N2 REVEAL-TR LOC.N4,,,5092.3132,2,Ab-OBJ-N5-SBJ-N2-REVEAL-TR-LOC-N4.mp4,Ab|N5|N2|REVEAL|N4,Aa|Ab|N4|N2|N3|PUSH|REVEAL|HIDE|N5,zsot|timó|murak|girda|dabi,gyék|zsot|dabi|murak|zilép|vánta|girda|zsübe|timó,0,5.4325,10.3102,zsot timó zilép girda,5108.0777,,,,,,Ab-OBJ-N5-SBJ-N2-REVEAL-TR-LOC-N4.mp4,Ab|N5|N2|REVEAL|N4,Aa|Ab|N4|N2|N3|PUSH|REVEAL|HIDE|N5,zsot timó murak girda dabi,zsot|timó|murak|girda|dabi,gyék|zsot|dabi|murak|zilép|vánta|girda|zsübe|timó,,,,,,,,,,,,,,,,,,,,,,,,,,,,,,,,,,,0,5,5,5,1,,,,,,,,,,
,,,,,,,,,,,,,2,,,ALP1108,1962.03.12,2026-05-02_12h18.27.930,BrocantoHPilot1WOSession3,2025.2.4,Win32,59.17159763,,,,,,,,,,,,,,,Ab OBJ.N5 SBJ.N3 HIDE-TR Ab LOC.N4,,,5108.5973,2,Ab-OBJ-N5-SBJ-N3-HIDE-TR-Ab-LOC-N4.mp4,Ab|N5|N3|HIDE|Ab|N4,N3|HIDE|N1|Aa|REVEAL|Ab|N4|N5|Ab|GO,zsot|timó|zilép|zsübe|zsot|dabi,zilép|zsübe|pekli|gyék|girda|zsot|dabi|timó|zsot|kávler,0,7.4606,41.3148,zsot zilép zsot timó dabi,5156.2357,,,,,,Ab-OBJ-N5-SBJ-N3-HIDE-TR-Ab-LOC-N4.mp4,Ab|N5|N3|HIDE|Ab|N4,N3|HIDE|N1|Aa|REVEAL|Ab|N4|N5|Ab|GO,zsot timó zilép zsübe zsot dabi,zsot|timó|zilép|zsübe|zsot|dabi,zilép|zsübe|pekli|gyék|girda|zsot|dabi|timó|zsot|kávler,,,,,,,,,,,,,,,,,,,,,,,,,,,,,,,,,,,0,6,6,6,1,,,,,,,,,,
,,,,,,,,,,,,,2,,,ALP1108,1962.03.12,2026-05-02_12h18.27.930,BrocantoHPilot1WOSession3,2025.2.4,Win32,59.17159763,,,,,,,,,,,,,,,SBJ.N5 REVEAL-INTR Ab LOC.N3,,,5156.7388,2,SBJ-N5-REVEAL-INTR-Ab-LOC-N3.mp4,N5|REVEAL|Ab|N3,REVEAL|JUMP|PUSH|N2|N5|Ab|N3|N1,timó|girda|zsot|zilép,girda|bonip|vánta|murak|timó|zsot|zilép|pekli,0,8.9928,21.1875,zsot zilép girda timó,5185.1306,,,,,,SBJ-N5-REVEAL-INTR-Ab-LOC-N3.mp4,N5|REVEAL|Ab|N3,REVEAL|JUMP|PUSH|N2|N5|Ab|N3|N1,timó girda zsot zilép,timó|girda|zsot|zilép,girda|bonip|vánta|murak|timó|zsot|zilép|pekli,,,,,,,,,,,,,,,,,,,,,,,,,,,,,,,,,,,0,7,7,7,1,,,,,,,,,,
,,,,,,,,,,,,,2,,,ALP1108,1962.03.12,2026-05-02_12h18.27.930,BrocantoHPilot1WOSession3,2025.2.4,Win32,59.17159763,,,,,,,,,,,,,,,OBJ.N5 Ab SBJ.N2 PUSH-TR,,,5185.6365,2,OBJ-N5-Ab-SBJ-N2-PUSH-TR.mp4,N5|Ab|N2|PUSH,N1|N2|JUMP|Ab|HIDE|N5|PUSH|N4,timó|zsot|murak|vánta,pekli|murak|bonip|zsot|zsübe|timó|vánta|dabi,1,5.779,11.2766,timó zsot murak vánta,5200.6695,,,,,,OBJ-N5-Ab-SBJ-N2-PUSH-TR.mp4,N5|Ab|N2|PUSH,N1|N2|JUMP|Ab|HIDE|N5|PUSH|N4,timó zsot murak vánta,timó|zsot|murak|vánta,pekli|murak|bonip|zsot|zsübe|timó|vánta|dabi,,,,,,,,,,,,,,,,,,,,,,,,,,,,,,,,,,,0,8,8,8,1,,,,,,,,,,
,,,,,,,,,,,,,2,,,ALP1108,1962.03.12,2026-05-02_12h18.27.930,BrocantoHPilot1WOSession3,2025.2.4,Win32,59.17159763,,,,,,,,,,,,,,,SBJ.N3 HIDE-INTR,,,5201.1872,2,SBJ-N3-HIDE-INTR.mp4,N3|HIDE,PUSH|N5|Ab|HIDE|N1|N3,zilép|zsübe,vánta|timó|zsot|zsübe|pekli|zilép,1,6.5761,8.6592,zilép zsübe,5213.0047,,,,,,SBJ-N3-HIDE-INTR.mp4,N3|HIDE,PUSH|N5|Ab|HIDE|N1|N3,zilép zsübe,zilép|zsübe,vánta|timó|zsot|zsübe|pekli|zilép,,,,,,,,,,,,,,,,,,,,,,,,,,,,,,,,,,,0,9,9,9,1,,,,,,,,,,
,,,,,,,,,,,,,2,,,ALP1108,1962.03.12,2026-05-02_12h18.27.930,BrocantoHPilot1WOSession3,2025.2.4,Win32,59.17159763,,,,,,,,,,,,,,,SBJ.N5 GO-INTR,,,5213.5352,2,SBJ-N5-GO-INTR.mp4,N5|GO,HIDE|Ab|N4|PUSH|GO|N5,timó|kávler,zsübe|zsot|dabi|vánta|kávler|timó,0,6.6062,14.8143,zsot timó kávler,5232.7713,,,,,,SBJ-N5-GO-INTR.mp4,N5|GO,HIDE|Ab|N4|PUSH|GO|N5,timó kávler,timó|kávler,zsübe|zsot|dabi|vánta|kávler|timó,,,,,,,,,,,,,,,,,,,,,,,,,,,,,,,,,,,0,10,10,10,1,,,,,,,,,,
,,,,,,,,,,,,,2,,,ALP1108,1962.03.12,2026-05-02_12h18.27.930,BrocantoHPilot1WOSession3,2025.2.4,Win32,59.17159763,,,,,,,,,,,,,,,OBJ.N5 Ab SBJ.N1 REVEAL-TR LOC.N2,,,5233.2893,2,OBJ-N5-Ab-SBJ-N1-REVEAL-TR-LOC-N2.mp4,N5|Ab|N1|REVEAL|N2,GO|N3|Aa|Ab|N5|N1|N2|HIDE|REVEAL,timó|zsot|pekli|girda|murak,kávler|zilép|gyék|zsot|timó|pekli|murak|zsübe|girda,0,8.5505,28.4184,zsot timó pekli girda gyék murak,5267.9499,,,,,,OBJ-N5-Ab-SBJ-N1-REVEAL-TR-LOC-N2.mp4,N5|Ab|N1|REVEAL|N2,GO|N3|Aa|Ab|N5|N1|N2|HIDE|REVEAL,timó zsot pekli girda murak,timó|zsot|pekli|girda|murak,kávler|zilép|gyék|zsot|timó|pekli|murak|zsübe|girda,,,,,,,,,,,,,,,,,,,,,,,,,,,,,,,,,,,0,11,11,11,1,,,,,,,,,,
,,,,,,,,,,,,,2,,,ALP1108,1962.03.12,2026-05-02_12h18.27.930,BrocantoHPilot1WOSession3,2025.2.4,Win32,59.17159763,,,,,,,,,,,,,,,Ab SBJ.N4 REVEAL-INTR Ab LOC.N5,,,5268.4782,2,Ab-SBJ-N4-REVEAL-INTR-Ab-LOC-N5.mp4,Ab|N4|REVEAL|Ab|N5,Ab|REVEAL|N2|N5|Ab|PUSH|N4|N1|N3,zsot|dabi|girda|zsot|timó,zsot|girda|murak|timó|zsot|vánta|dabi|pekli|zilép,0,6.8225,20.5895,zsot dabi girda timó,5294.5901,,,,,,Ab-SBJ-N4-REVEAL-INTR-Ab-LOC-N5.mp4,Ab|N4|REVEAL|Ab|N5,Ab|REVEAL|N2|N5|Ab|PUSH|N4|N1|N3,zsot dabi girda zsot timó,zsot|dabi|girda|zsot|timó,zsot|girda|murak|timó|zsot|vánta|dabi|pekli|zilép,,,,,,,,,,,,,,,,,,,,,,,,,,,,,,,,,,,0,12,12,12,1,,,,,,,,,,
,,,,,,,,,,,,,2,,,ALP1108,1962.03.12,2026-05-02_12h18.27.930,BrocantoHPilot1WOSession3,2025.2.4,Win32,59.17159763,,,,,,,,,,,,,,,Ab OBJ.N5 SBJ.N2 HIDE-TR,,,5295.1072,2,Ab-OBJ-N5-SBJ-N2-HIDE-TR.mp4,Ab|N5|N2|HIDE,Aa|N2|N4|PUSH|HIDE|N3|N5|Ab,zsot|timó|murak|zsübe,gyék|murak|dabi|vánta|zsübe|zilép|timó|zsot,0,7.3862,24.2025,zsot timó zsübe murak,5324.6234,,,,,,Ab-OBJ-N5-SBJ-N2-HIDE-TR.mp4,Ab|N5|N2|HIDE,Aa|N2|N4|PUSH|HIDE|N3|N5|Ab,zsot timó murak zsübe,zsot|timó|murak|zsübe,gyék|murak|dabi|vánta|zsübe|zilép|timó|zsot,,,,,,,,,,,,,,,,,,,,,,,,,,,,,,,,,,,0,13,13,13,1,,,,,,,,,,
,,,,,,,,,,,,,2,,,ALP1108,1962.03.12,2026-05-02_12h18.27.930,BrocantoHPilot1WOSession3,2025.2.4,Win32,59.17159763,,,,,,,,,,,,,,,Ab SBJ.N2 REVEAL-INTR Ab LOC.N5,,,5325.1616,2,Ab-SBJ-N2-REVEAL-INTR-Ab-LOC-N5.mp4,Ab|N2|REVEAL|Ab|N5,REVEAL|JUMP|N2|Ab|Ab|N4|N3|N5|GO,zsot|murak|girda|zsot|timó,girda|bonip|murak|zsot|zsot|dabi|zilép|timó|kávler,0,6.1387,19.493,zsot timó murak girda,5349.624,,,,,,Ab-SBJ-N2-REVEAL-INTR-Ab-LOC-N5.mp4,Ab|N2|REVEAL|Ab|N5,REVEAL|JUMP|N2|Ab|Ab|N4|N3|N5|GO,zsot murak girda zsot timó,zsot|murak|girda|zsot|timó,girda|bonip|murak|zsot|zsot|dabi|zilép|timó|kávler,,,,,,,,,,,,,,,,,,,,,,,,,,,,,,,,,,,0,14,14,14,1,,,,,,,,,,
,,,,,,,,,,,,,2,,,ALP1108,1962.03.12,2026-05-02_12h18.27.930,BrocantoHPilot1WOSession3,2025.2.4,Win32,59.17159763,,,,,,,,,,,,,,,OBJ.N5 SBJ.N1 REVEAL-TR Ab LOC.N2,,,5350.1486,2,OBJ-N5-SBJ-N1-REVEAL-TR-Ab-LOC-N2.mp4,N5|N1|REVEAL|Ab|N2,GO|JUMP|REVEAL|N1|N4|N2|N5|HIDE|Ab,timó|pekli|girda|zsot|murak,kávler|bonip|girda|pekli|dabi|murak|timó|zsübe|zsot,0,6.1975,24.1914,timó girda zsot pekli murak,5378.7574,,,,,,OBJ-N5-SBJ-N1-REVEAL-TR-Ab-LOC-N2.mp4,N5|N1|REVEAL|Ab|N2,GO|JUMP|REVEAL|N1|N4|N2|N5|HIDE|Ab,timó pekli girda zsot murak,timó|pekli|girda|zsot|murak,kávler|bonip|girda|pekli|dabi|murak|timó|zsübe|zsot,,,,,,,,,,,,,,,,,,,,,,,,,,,,,,,,,,,0,15,15,15,1,,,,,,,,,,
,,,,,,,,,,,,,2,,,ALP1108,1962.03.12,2026-05-02_12h18.27.930,BrocantoHPilot1WOSession3,2025.2.4,Win32,59.17159763,,,,,,,,,,,,,,,Ab OBJ.N5 Ab SBJ.N4 PUSH-TR,,,5379.2762,2,Ab-OBJ-N5-Ab-SBJ-N4-PUSH-TR.mp4,Ab|N5|Ab|N4|PUSH,Ab|N5|N3|JUMP|GO|PUSH|Ab|N4|N1,zsot|timó|zsot|dabi|vánta,zsot|timó|zilép|bonip|kávler|vánta|zsot|dabi|pekli,1,5.6421,25.6104,zsot timó zsot dabi vánta,5407.97,,,,,,Ab-OBJ-N5-Ab-SBJ-N4-PUSH-TR.mp4,Ab|N5|Ab|N4|PUSH,Ab|N5|N3|JUMP|GO|PUSH|Ab|N4|N1,zsot timó zsot dabi vánta,zsot|timó|zsot|dabi|vánta,zsot|timó|zilép|bonip|kávler|vánta|zsot|dabi|pekli,,,,,,,,,,,,,,,,,,,,,,,,,,,,,,,,,,,0,16,16,16,1,,,,,,,,,,
,,,,,,,,,,,,,2,,,ALP1108,1962.03.12,2026-05-02_12h18.27.930,BrocantoHPilot1WOSession3,2025.2.4,Win32,59.17159763,,,,,,,,,,,,,,,SBJ.N1 HIDE-INTR,,,5408.4946,2,SBJ-N1-HIDE-INTR.mp4,N1|HIDE,N2|N3|HIDE|N1|JUMP|Ab,pekli|zsübe,murak|zilép|zsübe|pekli|bonip|zsot,1,6.6072,8.3578,pekli zsübe,5419.6934,,,,,,SBJ-N1-HIDE-INTR.mp4,N1|HIDE,N2|N3|HIDE|N1|JUMP|Ab,pekli zsübe,pekli|zsübe,murak|zilép|zsübe|pekli|bonip|zsot,,,,,,,,,,,,,,,,,,,,,,,,,,,,,,,,,,,0,17,17,17,1,,,,,,,,,,
,,,,,,,,,,,,,2,,,ALP1108,1962.03.12,2026-05-02_12h18.27.930,BrocantoHPilot1WOSession3,2025.2.4,Win32,59.17159763,,,,,,,,,,,,,,,Ab SBJ.N4 REVEAL-INTR Ab LOC.N5,,,5420.2033,2,Ab-SBJ-N4-REVEAL-INTR-Ab-LOC-N5.mp4,Ab|N4|REVEAL|Ab|N5,N4|GO|Ab|Aa|N3|Ab|N1|N5|REVEAL,zsot|dabi|girda|zsot|timó,dabi|kávler|zsot|gyék|zilép|zsot|pekli|timó|girda,0,6.3802,24.1902,zsot timó dabi girda,5451.3399,,,,,,Ab-SBJ-N4-REVEAL-INTR-Ab-LOC-N5.mp4,Ab|N4|REVEAL|Ab|N5,N4|GO|Ab|Aa|N3|Ab|N1|N5|REVEAL,zsot dabi girda zsot timó,zsot|dabi|girda|zsot|timó,dabi|kávler|zsot|gyék|zilép|zsot|pekli|timó|girda,,,,,,,,,,,,,,,,,,,,,,,,,,,,,,,,,,,0,18,18,18,1,,,,,,,,,,
,,,,,,,,,,,,,2,,,ALP1108,1962.03.12,2026-05-02_12h18.27.930,BrocantoHPilot1WOSession3,2025.2.4,Win32,59.17159763,,,,,,,,,,,,,,,Ab OBJ.N5 SBJ.N1 PUSH-TR Ab LOC.N3,,,5451.8691,2,Ab-OBJ-N5-SBJ-N1-PUSH-TR-Ab-LOC-N3.mp4,Ab|N5|N1|PUSH|Ab|N3,PUSH|HIDE|N3|JUMP|Ab|N5|N2|N1|Aa|Ab,zsot|timó|pekli|vánta|zsot|zilép,vánta|zsübe|zilép|bonip|zsot|timó|murak|pekli|gyék|zsot,0,5.5709,36.3815,zsot timó zsot pekli vánta zilép,5493.2041,,,,,,Ab-OBJ-N5-SBJ-N1-PUSH-TR-Ab-LOC-N3.mp4,Ab|N5|N1|PUSH|Ab|N3,PUSH|HIDE|N3|JUMP|Ab|N5|N2|N1|Aa|Ab,zsot timó pekli vánta zsot zilép,zsot|timó|pekli|vánta|zsot|zilép,vánta|zsübe|zilép|bonip|zsot|timó|murak|pekli|gyék|zsot,,,,,,,,,,,,,,,,,,,,,,,,,,,,,,,,,,,0,19,19,19,1,,,,,,,,,,
,,,,,,,,,,,,,2,,,ALP1108,1962.03.12,2026-05-02_12h18.27.930,BrocantoHPilot1WOSession3,2025.2.4,Win32,59.17159763,,,,,,,,,,,,,,,Aa SBJ.N5 JUMP-INTR,,,5493.71,2,Aa-SBJ-N5-JUMP-INTR.mp4,Aa|N5|JUMP,JUMP|GO|N1|REVEAL|N5|Ab|Aa,gyék|timó|bonip,bonip|kávler|pekli|girda|timó|zsot|gyék,0,4.8091,11.2477,zsot timó bonip,5512.4478,,,,,,Aa-SBJ-N5-JUMP-INTR.mp4,Aa|N5|JUMP,JUMP|GO|N1|REVEAL|N5|Ab|Aa,gyék timó bonip,gyék|timó|bonip,bonip|kávler|pekli|girda|timó|zsot|gyék,,,,,,,,,,,,,,,,,,,,,,,,,,,,,,,,,,,0,20,20,20,1,,,,,,,,,,
,,,,,,,,,,,,,2,,,ALP1108,1962.03.12,2026-05-02_12h18.27.930,BrocantoHPilot1WOSession3,2025.2.4,Win32,59.17159763,,,,,,,,,,,,,,,Ab OBJ.N5 Ab SBJ.N3 HIDE-TR,,,5512.9691,2,Ab-OBJ-N5-Ab-SBJ-N3-HIDE-TR.mp4,Ab|N5|Ab|N3|HIDE,HIDE|N3|N4|Ab|JUMP|N5|REVEAL|Ab|N1,zsot|timó|zsot|zilép|zsübe,zsübe|zilép|dabi|zsot|bonip|timó|girda|zsot|pekli,1,6.8478,21.5545,zsot timó zsot zilép zsübe,5537.2746,,,,,,Ab-OBJ-N5-Ab-SBJ-N3-HIDE-TR.mp4,Ab|N5|Ab|N3|HIDE,HIDE|N3|N4|Ab|JUMP|N5|REVEAL|Ab|N1,zsot timó zsot zilép zsübe,zsot|timó|zsot|zilép|zsübe,zsübe|zilép|dabi|zsot|bonip|timó|girda|zsot|pekli,,,,,,,,,,,,,,,,,,,,,,,,,,,,,,,,,,,0,21,21,21,1,,,,,,,,,,
,,,,,,,,,,,,,2,,,ALP1108,1962.03.12,2026-05-02_12h18.27.930,BrocantoHPilot1WOSession3,2025.2.4,Win32,59.17159763,,,,,,,,,,,,,,,Ab OBJ.N5 Ab SBJ.N4 REVEAL-TR LOC.N1,,,5537.7958,2,Ab-OBJ-N5-Ab-SBJ-N4-REVEAL-TR-LOC-N1.mp4,Ab|N5|Ab|N4|REVEAL|N1,PUSH|Ab|Ab|N2|REVEAL|N5|GO|HIDE|N1|N4,zsot|timó|zsot|dabi|girda|pekli,vánta|zsot|zsot|murak|girda|timó|kávler|zsübe|pekli|dabi,0,6.3828,15.8084,zsot timó zsot dabi girda,5559.9774,,,,,,Ab-OBJ-N5-Ab-SBJ-N4-REVEAL-TR-LOC-N1.mp4,Ab|N5|Ab|N4|REVEAL|N1,PUSH|Ab|Ab|N2|REVEAL|N5|GO|HIDE|N1|N4,zsot timó zsot dabi girda pekli,zsot|timó|zsot|dabi|girda|pekli,vánta|zsot|zsot|murak|girda|timó|kávler|zsübe|pekli|dabi,,,,,,,,,,,,,,,,,,,,,,,,,,,,,,,,,,,0,22,22,22,1,,,,,,,,,,
,,,,,,,,,,,,,2,,,ALP1108,1962.03.12,2026-05-02_12h18.27.930,BrocantoHPilot1WOSession3,2025.2.4,Win32,59.17159763,,,,,,,,,,,,,,,OBJ.N5 Ab SBJ.N2 REVEAL-TR,,,5560.4926,2,OBJ-N5-Ab-SBJ-N2-REVEAL-TR.mp4,N5|Ab|N2|REVEAL,N4|N2|N5|REVEAL|PUSH|Ab|N3|HIDE,timó|zsot|murak|girda,dabi|murak|timó|girda|vánta|zsot|zilép|zsübe,0,6.3586,16.6566,zsot timó girda murak,5582.8002,,,,,,OBJ-N5-Ab-SBJ-N2-REVEAL-TR.mp4,N5|Ab|N2|REVEAL,N4|N2|N5|REVEAL|PUSH|Ab|N3|HIDE,timó zsot murak girda,timó|zsot|murak|girda,dabi|murak|timó|girda|vánta|zsot|zilép|zsübe,,,,,,,,,,,,,,,,,,,,,,,,,,,,,,,,,,,0,23,23,23,1,,,,,,,,,,
,,,,,,,,,,,,,2,,,ALP1108,1962.03.12,2026-05-02_12h18.27.930,BrocantoHPilot1WOSession3,2025.2.4,Win32,59.17159763,,,,,,,,,,,,,,,Ab SBJ.N3 GO-INTR,,,5583.3296,2,Ab-SBJ-N3-GO-INTR.mp4,Ab|N3|GO,N3|N1|JUMP|Ab|Aa|N2|GO,zsot|zilép|kávler,zilép|pekli|bonip|zsot|gyék|murak|kávler,1,7.8746,13.4644,zsot zilép kávler,5599.9684,,,,,,Ab-SBJ-N3-GO-INTR.mp4,Ab|N3|GO,N3|N1|JUMP|Ab|Aa|N2|GO,zsot zilép kávler,zsot|zilép|kávler,zilép|pekli|bonip|zsot|gyék|murak|kávler,,,,,,,,,,,,,,,,,,,,,,,,,,,,,,,,,,,0,24,24,24,1,,,,,,,,,,
,,,,,,,,,,,,,2,,,ALP1108,1962.03.12,2026-05-02_12h18.27.930,BrocantoHPilot1WOSession3,2025.2.4,Win32,59.17159763,,,,,,,,,,,,,,,OBJ.N5 Ab SBJ.N3 PUSH-TR LOC.N1,,,5600.4897,2,OBJ-N5-Ab-SBJ-N3-PUSH-TR-LOC-N1.mp4,N5|Ab|N3|PUSH|N1,Aa|N2|Ab|PUSH|N3|REVEAL|N1|HIDE|N5,timó|zsot|zilép|vánta|pekli,gyék|murak|zsot|vánta|zilép|girda|pekli|zsübe|timó,0,5.2563,25.2694,zsot timó gyék zilép vánta,5631.416,,,,,,OBJ-N5-Ab-SBJ-N3-PUSH-TR-LOC-N1.mp4,N5|Ab|N3|PUSH|N1,Aa|N2|Ab|PUSH|N3|REVEAL|N1|HIDE|N5,timó zsot zilép vánta pekli,timó|zsot|zilép|vánta|pekli,gyék|murak|zsot|vánta|zilép|girda|pekli|zsübe|timó,,,,,,,,,,,,,,,,,,,,,,,,,,,,,,,,,,,0,25,25,25,1,,,,,,,,,,
,,,,,,,,,,,,,2,,,ALP1108,1962.03.12,2026-05-02_12h18.27.930,BrocantoHPilot1WOSession3,2025.2.4,Win32,59.17159763,,,,,,,,,,,,,,,SBJ.N2 HIDE-INTR,,,5631.9476,2,SBJ-N2-HIDE-INTR.mp4,N2|HIDE,REVEAL|Aa|N3|HIDE|GO|N2,murak|zsübe,girda|gyék|zilép|zsübe|kávler|murak,1,8.2328,12.5199,murak zsübe,5647.0365,,,,,,SBJ-N2-HIDE-INTR.mp4,N2|HIDE,REVEAL|Aa|N3|HIDE|GO|N2,murak zsübe,murak|zsübe,girda|gyék|zilép|zsübe|kávler|murak,,,,,,,,,,,,,,,,,,,,,,,,,,,,,,,,,,,0,26,26,26,1,,,,,,,,,,
,,,,,,,,,,,,,2,,,ALP1108,1962.03.12,2026-05-02_12h18.27.930,BrocantoHPilot1WOSession3,2025.2.4,Win32,59.17159763,,,,,,,,,,,,,,,Ab OBJ.N5 SBJ.N3 HIDE-TR,,,5647.5594,2,Ab-OBJ-N5-SBJ-N3-HIDE-TR.mp4,Ab|N5|N3|HIDE,N3|JUMP|Ab|HIDE|N4|PUSH|N5|N1,zsot|timó|zilép|zsübe,zilép|bonip|zsot|zsübe|dabi|vánta|timó|pekli,1,7.5435,13.8744,zsot timó zilép zsübe,5664.7459,,,,,,Ab-OBJ-N5-SBJ-N3-HIDE-TR.mp4,Ab|N5|N3|HIDE,N3|JUMP|Ab|HIDE|N4|PUSH|N5|N1,zsot timó zilép zsübe,zsot|timó|zilép|zsübe,zilép|bonip|zsot|zsübe|dabi|vánta|timó|pekli,,,,,,,,,,,,,,,,,,,,,,,,,,,,,,,,,,,0,27,27,27,1,,,,,,,,,,
,,,,,,,,,,,,,2,,,ALP1108,1962.03.12,2026-05-02_12h18.27.930,BrocantoHPilot1WOSession3,2025.2.4,Win32,59.17159763,,,,,,,,,,,,,,,Ab SBJ.N3 JUMP-INTR,,,5665.2586,2,Ab-SBJ-N3-JUMP-INTR.mp4,Ab|N3|JUMP,Ab|REVEAL|N1|N3|HIDE|JUMP|N2,zsot|zilép|bonip,zsot|girda|pekli|zilép|zsübe|bonip|murak,1,6.5395,14.7146,zsot zilép bonip,5682.7555,,,,,,Ab-SBJ-N3-JUMP-INTR.mp4,Ab|N3|JUMP,Ab|REVEAL|N1|N3|HIDE|JUMP|N2,zsot zilép bonip,zsot|zilép|bonip,zsot|girda|pekli|zilép|zsübe|bonip|murak,,,,,,,,,,,,,,,,,,,,,,,,,,,,,,,,,,,0,28,28,28,1,,,,,,,,,,
,,,,,,,,,,,,,2,,,ALP1108,1962.03.12,2026-05-02_12h18.27.930,BrocantoHPilot1WOSession3,2025.2.4,Win32,59.17159763,,,,,,,,,,,,,,,OBJ.N5 SBJ.N4 HIDE-TR Ab LOC.N2,,,5683.2872,2,OBJ-N5-SBJ-N4-HIDE-TR-Ab-LOC-N2.mp4,N5|N4|HIDE|Ab|N2,N2|REVEAL|PUSH|HIDE|N5|Ab|N4|GO|N3,timó|dabi|zsübe|zsot|murak,murak|girda|vánta|zsübe|timó|zsot|dabi|kávler|zilép,1,6.6672,17.3945,timó dabi zsübe zsot murak,5703.8157,,,,,,OBJ-N5-SBJ-N4-HIDE-TR-Ab-LOC-N2.mp4,N5|N4|HIDE|Ab|N2,N2|REVEAL|PUSH|HIDE|N5|Ab|N4|GO|N3,timó dabi zsübe zsot murak,timó|dabi|zsübe|zsot|murak,murak|girda|vánta|zsübe|timó|zsot|dabi|kávler|zilép,,,,,,,,,,,,,,,,,,,,,,,,,,,,,,,,,,,0,29,29,29,1,,,,,,,,,,
,,,,,,,,,,,,,2,,,ALP1108,1962.03.12,2026-05-02_12h18.27.930,BrocantoHPilot1WOSession3,2025.2.4,Win32,59.17159763,,,,,,,,,,,,,,,OBJ.N5 SBJ.N3 PUSH-TR,,,5704.3296,2,OBJ-N5-SBJ-N3-PUSH-TR.mp4,N5|N3|PUSH,HIDE|N3|N1|N2|N4|PUSH|N5,timó|zilép|vánta,zsübe|zilép|pekli|murak|dabi|vánta|timó,0,4.6211,22.7229,timó vánta zilép,5730.8611,,,,,,OBJ-N5-SBJ-N3-PUSH-TR.mp4,N5|N3|PUSH,HIDE|N3|N1|N2|N4|PUSH|N5,timó zilép vánta,timó|zilép|vánta,zsübe|zilép|pekli|murak|dabi|vánta|timó,,,,,,,,,,,,,,,,,,,,,,,,,,,,,,,,,,,0,30,30,30,1,,,,,,,,,,
,,,,,,,,,,,,,2,,,ALP1108,1962.03.12,2026-05-02_12h18.27.930,BrocantoHPilot1WOSession3,2025.2.4,Win32,59.17159763,,,,,,,,,,,,,,,OBJ.N5 Ab SBJ.N1 REVEAL-TR Ab LOC.N3,,,5731.381,2,OBJ-N5-Ab-SBJ-N1-REVEAL-TR-Ab-LOC-N3.mp4,N5|Ab|N1|REVEAL|Ab|N3,Ab|N2|N5|JUMP|N4|N3|GO|REVEAL|Ab|N1,timó|zsot|pekli|girda|zsot|zilép,zsot|murak|timó|bonip|dabi|zilép|kávler|girda|zsot|pekli,0,6.7561,38.6198,zsot timó zsot pekli girda zilép,5775.2241,,,,,,OBJ-N5-Ab-SBJ-N1-REVEAL-TR-Ab-LOC-N3.mp4,N5|Ab|N1|REVEAL|Ab|N3,Ab|N2|N5|JUMP|N4|N3|GO|REVEAL|Ab|N1,timó zsot pekli girda zsot zilép,timó|zsot|pekli|girda|zsot|zilép,zsot|murak|timó|bonip|dabi|zilép|kávler|girda|zsot|pekli,,,,,,,,,,,,,,,,,,,,,,,,,,,,,,,,,,,0,31,31,31,1,,,,,,,,,,
,,,,,,,,,,,,,2,,,ALP1108,1962.03.12,2026-05-02_12h18.27.930,BrocantoHPilot1WOSession3,2025.2.4,Win32,59.17159763,,,,,,,,,,,,,,,Ab SBJ.N2 GO-INTR,,,5775.7523,2,Ab-SBJ-N2-GO-INTR.mp4,Ab|N2|GO,N2|Ab|Aa|N1|REVEAL|N3|GO,zsot|murak|kávler,murak|zsot|gyék|pekli|girda|zilép|kávler,1,6.5899,12.4787,zsot murak kávler,5791.2834,,,,,,Ab-SBJ-N2-GO-INTR.mp4,Ab|N2|GO,N2|Ab|Aa|N1|REVEAL|N3|GO,zsot murak kávler,zsot|murak|kávler,murak|zsot|gyék|pekli|girda|zilép|kávler,,,,,,,,,,,,,,,,,,,,,,,,,,,,,,,,,,,0,32,32,32,1,,,,,,,,,,
,,,,,,,,,,,,,2,,,ALP1108,1962.03.12,2026-05-02_12h18.27.930,BrocantoHPilot1WOSession3,2025.2.4,Win32,59.17159763,,,,,,,,,,,,,,,Ab SBJ.N5 GO-INTR,,,5791.8031,2,Ab-SBJ-N5-GO-INTR.mp4,Ab|N5|GO,GO|N4|N5|Ab|REVEAL|JUMP|PUSH,zsot|timó|kávler,kávler|dabi|timó|zsot|girda|bonip|vánta,1,6.4647,15.0486,zsot timó kávler,5809.8817,,,,,,Ab-SBJ-N5-GO-INTR.mp4,Ab|N5|GO,GO|N4|N5|Ab|REVEAL|JUMP|PUSH,zsot timó kávler,zsot|timó|kávler,kávler|dabi|timó|zsot|girda|bonip|vánta,,,,,,,,,,,,,,,,,,,,,,,,,,,,,,,,,,,0,33,33,33,1,,,,,,,,,,
,,,,,,,,,,,,,2,,,ALP1108,1962.03.12,2026-05-02_12h18.27.930,BrocantoHPilot1WOSession3,2025.2.4,Win32,59.17159763,,,,,,,,,,,,,,,Aa SBJ.N4 HIDE-INTR Aa LOC.N5,,,5810.3951,2,Aa-SBJ-N4-HIDE-INTR-Aa-LOC-N5.mp4,Aa|N4|HIDE|Aa|N5,N4|N3|N5|HIDE|JUMP|Aa|GO|Aa|N2,gyék|dabi|zsübe|gyék|timó,dabi|zilép|timó|zsübe|bonip|gyék|kávler|gyék|murak,0,6.801,20.3071,timó zsübe dabi,5835.5125,,,,,,Aa-SBJ-N4-HIDE-INTR-Aa-LOC-N5.mp4,Aa|N4|HIDE|Aa|N5,N4|N3|N5|HIDE|JUMP|Aa|GO|Aa|N2,gyék dabi zsübe gyék timó,gyék|dabi|zsübe|gyék|timó,dabi|zilép|timó|zsübe|bonip|gyék|kávler|gyék|murak,,,,,,,,,,,,,,,,,,,,,,,,,,,,,,,,,,,0,34,34,34,1,,,,,,,,,,
,,,,,,,,,,,,,2,,,ALP1108,1962.03.12,2026-05-02_12h18.27.930,BrocantoHPilot1WOSession3,2025.2.4,Win32,59.17159763,,,,,,,,,,,,,,,SBJ.N1 JUMP-INTR LOC.N4,,,5836.0277,2,SBJ-N1-JUMP-INTR-LOC-N4.mp4,N1|JUMP|N4,REVEAL|N4|N1|JUMP|HIDE|Aa|N5,pekli|bonip|dabi,girda|dabi|pekli|bonip|zsübe|gyék|timó,0,5.7053,24.2571,dabi pekli bonip,5864.9306,,,,,,SBJ-N1-JUMP-INTR-LOC-N4.mp4,N1|JUMP|N4,REVEAL|N4|N1|JUMP|HIDE|Aa|N5,pekli bonip dabi,pekli|bonip|dabi,girda|dabi|pekli|bonip|zsübe|gyék|timó,,,,,,,,,,,,,,,,,,,,,,,,,,,,,,,,,,,0,35,35,35,1,,,,,,,,,,
,,,,,,,,,,,,,2,,,ALP1108,1962.03.12,2026-05-02_12h18.27.930,BrocantoHPilot1WOSession3,2025.2.4,Win32,59.17159763,,,,,,,,,,,,,,,Aa SBJ.N1 HIDE-INTR Ab LOC.N5,,,5865.4535,2,Aa-SBJ-N1-HIDE-INTR-Ab-LOC-N5.mp4,Aa|N1|HIDE|Ab|N5,N1|HIDE|N2|Ab|PUSH|REVEAL|N5|Aa|N4,gyék|pekli|zsübe|zsot|timó,pekli|zsübe|murak|zsot|vánta|girda|timó|gyék|dabi,0,7.691,21.0715,zsot timó zsübe pekli,5892.0973,,,,,,Aa-SBJ-N1-HIDE-INTR-Ab-LOC-N5.mp4,Aa|N1|HIDE|Ab|N5,N1|HIDE|N2|Ab|PUSH|REVEAL|N5|Aa|N4,gyék pekli zsübe zsot timó,gyék|pekli|zsübe|zsot|timó,pekli|zsübe|murak|zsot|vánta|girda|timó|gyék|dabi,,,,,,,,,,,,,,,,,,,,,,,,,,,,,,,,,,,0,36,36,36,1,,,,,,,,,,
,,,,,,,,,,,,,2,,,ALP1108,1962.03.12,2026-05-02_12h18.27.930,BrocantoHPilot1WOSession3,2025.2.4,Win32,59.17159763,,,,,,,,,,,,,,,Aa SBJ.N1 GO-INTR Aa LOC.N5,,,5892.6193,2,Aa-SBJ-N1-GO-INTR-Aa-LOC-N5.mp4,Aa|N1|GO|Aa|N5,Aa|Aa|N5|HIDE|N4|GO|N3|N1|PUSH,gyék|pekli|kávler|gyék|timó,gyék|gyék|timó|zsübe|dabi|kávler|zilép|pekli|vánta,0,6.6185,15.9453,timó kávler pekli,5913.2187,,,,,,Aa-SBJ-N1-GO-INTR-Aa-LOC-N5.mp4,Aa|N1|GO|Aa|N5,Aa|Aa|N5|HIDE|N4|GO|N3|N1|PUSH,gyék pekli kávler gyék timó,gyék|pekli|kávler|gyék|timó,gyék|gyék|timó|zsübe|dabi|kávler|zilép|pekli|vánta,,,,,,,,,,,,,,,,,,,,,,,,,,,,,,,,,,,0,37,37,37,1,,,,,,,,,,
,,,,,,,,,,,,,2,,,ALP1108,1962.03.12,2026-05-02_12h18.27.930,BrocantoHPilot1WOSession3,2025.2.4,Win32,59.17159763,,,,,,,,,,,,,,,Aa SBJ.N3 JUMP-INTR Aa LOC.N2,,,5913.736,2,Aa-SBJ-N3-JUMP-INTR-Aa-LOC-N2.mp4,Aa|N3|JUMP|Aa|N2,GO|N5|Aa|PUSH|N2|JUMP|HIDE|N3|Aa,gyék|zilép|bonip|gyék|murak,kávler|timó|gyék|vánta|murak|bonip|zsübe|zilép|gyék,1,5.8809,24.379,gyék zilép bonip gyék murak,5941.2986,,,,,,Aa-SBJ-N3-JUMP-INTR-Aa-LOC-N2.mp4,Aa|N3|JUMP|Aa|N2,GO|N5|Aa|PUSH|N2|JUMP|HIDE|N3|Aa,gyék zilép bonip gyék murak,gyék|zilép|bonip|gyék|murak,kávler|timó|gyék|vánta|murak|bonip|zsübe|zilép|gyék,,,,,,,,,,,,,,,,,,,,,,,,,,,,,,,,,,,0,38,38,38,1,,,,,,,,,,
,,,,,,,,,,,,,2,,,ALP1108,1962.03.12,2026-05-02_12h18.27.930,BrocantoHPilot1WOSession3,2025.2.4,Win32,59.17159763,,,,,,,,,,,,,,,OBJ.N5 Ab SBJ.N4 PUSH-TR,,,5941.8179,2,OBJ-N5-Ab-SBJ-N4-PUSH-TR.mp4,N5|Ab|N4|PUSH,N2|Aa|N5|PUSH|N3|Ab|JUMP|N4,timó|zsot|dabi|vánta,murak|gyék|timó|vánta|zilép|zsot|bonip|dabi,0,4.9496,23.1535,zsot timó vánta dabi,5972.2647,,,,,,OBJ-N5-Ab-SBJ-N4-PUSH-TR.mp4,N5|Ab|N4|PUSH,N2|Aa|N5|PUSH|N3|Ab|JUMP|N4,timó zsot dabi vánta,timó|zsot|dabi|vánta,murak|gyék|timó|vánta|zilép|zsot|bonip|dabi,,,,,,,,,,,,,,,,,,,,,,,,,,,,,,,,,,,0,39,39,39,1,,,,,,,,,,
,,,,,,,,,,,,,2,,,ALP1108,1962.03.12,2026-05-02_12h18.27.930,BrocantoHPilot1WOSession3,2025.2.4,Win32,59.17159763,,,,,,,,,,,,,,,Ab OBJ.N5 Ab SBJ.N1 HIDE-TR Ab LOC.N2,,,5972.7806,2,Ab-OBJ-N5-Ab-SBJ-N1-HIDE-TR-Ab-LOC-N2.mp4,Ab|N5|Ab|N1|HIDE|Ab|N2,N2|HIDE|JUMP|Ab|Aa|Ab|N4|Ab|N5|PUSH|N1,zsot|timó|zsot|pekli|zsübe|zsot|murak,murak|zsübe|bonip|zsot|gyék|zsot|dabi|zsot|timó|vánta|pekli,0,7.0776,14.0244,zsot timó zsot pekli zsübe,5992.1253,,,,,,Ab-OBJ-N5-Ab-SBJ-N1-HIDE-TR-Ab-LOC-N2.mp4,Ab|N5|Ab|N1|HIDE|Ab|N2,N2|HIDE|JUMP|Ab|Aa|Ab|N4|Ab|N5|PUSH|N1,zsot timó zsot pekli zsübe zsot murak,zsot|timó|zsot|pekli|zsübe|zsot|murak,murak|zsübe|bonip|zsot|gyék|zsot|dabi|zsot|timó|vánta|pekli,,,,,,,,,,,,,,,,,,,,,,,,,,,,,,,,,,,0,40,40,40,1,,,,,,,,,,
,,,,,,,,,,,,,2,,,ALP1108,1962.03.12,2026-05-02_12h18.27.930,BrocantoHPilot1WOSession3,2025.2.4,Win32,59.17159763,,,,,,,,,,,,,,,Ab OBJ.N5 Ab SBJ.N1 PUSH-TR,,,5992.6507,2,Ab-OBJ-N5-Ab-SBJ-N1-PUSH-TR.mp4,Ab|N5|Ab|N1|PUSH,N1|GO|Aa|Ab|N5|Ab|N3|PUSH|N2,zsot|timó|zsot|pekli|vánta,pekli|kávler|gyék|zsot|timó|zsot|zilép|vánta|murak,0,5.6389,27.21,zsot timó zsot pekli kávler,6025.9709,,,,,,Ab-OBJ-N5-Ab-SBJ-N1-PUSH-TR.mp4,Ab|N5|Ab|N1|PUSH,N1|GO|Aa|Ab|N5|Ab|N3|PUSH|N2,zsot timó zsot pekli vánta,zsot|timó|zsot|pekli|vánta,pekli|kávler|gyék|zsot|timó|zsot|zilép|vánta|murak,,,,,,,,,,,,,,,,,,,,,,,,,,,,,,,,,,,0,41,41,41,1,,,,,,,,,,
,,,,,,,,,,,,,2,,,ALP1108,1962.03.12,2026-05-02_12h18.27.930,BrocantoHPilot1WOSession3,2025.2.4,Win32,59.17159763,,,,,,,,,,,,,,,,,,,,,,,,,,,,,,,,,,,,,,,,,6036.9961,chunkTest_s2,0,2,N1-PUSH.mp3,22,2.1015,3,1,4.1018,6.4964,6044.8696,,,,,,N1-PUSH.mp3,22,,,,,,,,,,,,,,,,,,,,,0,0,0,7,1,,,,,
,,,,,,,,,,,,,2,,,ALP1108,1962.03.12,2026-05-02_12h18.27.930,BrocantoHPilot1WOSession3,2025.2.4,Win32,59.17159763,,,,,,,,,,,,,,,,,,,,,,,,,,,,,,,,,,,,,,,,,6045.377,chunkTest_s2,1,2,N2-N1.mp3,0,0.8792,4,1,2.7587,3.8191,6049.8296,,,,,,N2-N1.mp3,0,,,,,,,,,,,,,,,,,,,,,0,1,1,4,1,,,,,
,,,,,,,,,,,,,2,,,ALP1108,1962.03.12,2026-05-02_12h18.27.930,BrocantoHPilot1WOSession3,2025.2.4,Win32,59.17159763,,,,,,,,,,,,,,,,,,,,,,,,,,,,,,,,,,,,,,,,,6050.3322,chunkTest_s2,2,2,REVEAL-N1.mp3,6,0.6405,5,1,2.5227,3.3412,6054.7807,,,,,,REVEAL-N1.mp3,6,,,,,,,,,,,,,,,,,,,,,0,2,2,14,1,,,,,
,,,,,,,,,,,,,2,,,ALP1108,1962.03.12,2026-05-02_12h18.27.930,BrocantoHPilot1WOSession3,2025.2.4,Win32,59.17159763,,,,,,,,,,,,,,,,,,,,,,,,,,,,,,,,,,,,,,,,,6055.2873,chunkTest_s2,3,2,N2-Ab.mp3,0,0.5546,3,1,1.9765,4.6041,6060.521,,,,,,N2-Ab.mp3,0,,,,,,,,,,,,,,,,,,,,,0,3,3,1,1,,,,,
,,,,,,,,,,,,,2,,,ALP1108,1962.03.12,2026-05-02_12h18.27.930,BrocantoHPilot1WOSession3,2025.2.4,Win32,59.17159763,,,,,,,,,,,,,,,,,,,,,,,,,,,,,,,,,,,,,,,,,6061.0288,chunkTest_s2,4,2,N4-GO.mp3,7,0.624,5,1,2.765,3.2178,6064.8423,,,,,,N4-GO.mp3,7,,,,,,,,,,,,,,,,,,,,,0,4,4,9,1,,,,,
,,,,,,,,,,,,,2,,,ALP1108,1962.03.12,2026-05-02_12h18.27.930,BrocantoHPilot1WOSession3,2025.2.4,Win32,59.17159763,,,,,,,,,,,,,,,,,,,,,,,,,,,,,,,,,,,,,,,,,6065.3474,chunkTest_s2,5,2,HIDE-N5.mp3,5,0.4711,5,1,2.1298,3.2813,6069.2446,,,,,,HIDE-N5.mp3,5,,,,,,,,,,,,,,,,,,,,,0,5,5,16,1,,,,,
,,,,,,,,,,,,,2,,,ALP1108,1962.03.12,2026-05-02_12h18.27.930,BrocantoHPilot1WOSession3,2025.2.4,Win32,59.17159763,,,,,,,,,,,,,,,,,,,,,,,,,,,,,,,,,,,,,,,,,6069.7519,chunkTest_s2,6,2,N2-Aa.mp3,0,0.4776,3,1,2.369,4.0341,6074.2785,,,,,,N2-Aa.mp3,0,,,,,,,,,,,,,,,,,,,,,0,6,6,13,1,,,,,
,,,,,,,,,,,,,2,,,ALP1108,1962.03.12,2026-05-02_12h18.27.930,BrocantoHPilot1WOSession3,2025.2.4,Win32,59.17159763,,,,,,,,,,,,,,,,,,,,,,,,,,,,,,,,,,,,,,,,,6074.7913,chunkTest_s2,7,2,GO-REVEAL.mp3,0,0.6444,1,1,2.6508,5.9295,6081.3141,,,,,,GO-REVEAL.mp3,0,,,,,,,,,,,,,,,,,,,,,0,7,7,15,1,,,,,
,,,,,,,,,,,,,2,,,ALP1108,1962.03.12,2026-05-02_12h18.27.930,BrocantoHPilot1WOSession3,2025.2.4,Win32,59.17159763,,,,,,,,,,,,,,,,,,,,,,,,,,,,,,,,,,,,,,,,,6081.8306,chunkTest_s2,8,2,N5-Aa.mp3,5,0.8507,3,1,3.2689,4.6422,6087.0255,,,,,,N5-Aa.mp3,5,,,,,,,,,,,,,,,,,,,,,0,8,8,19,1,,,,,
,,,,,,,,,,,,,2,,,ALP1108,1962.03.12,2026-05-02_12h18.27.930,BrocantoHPilot1WOSession3,2025.2.4,Win32,59.17159763,,,,,,,,,,,,,,,,,,,,,,,,,,,,,,,,,,,,,,,,,6087.5381,chunkTest_s2,9,2,N2-GO.mp3,13,0.4914,5,1,3.159,3.7387,6092.4205,,,,,,N2-GO.mp3,13,,,,,,,,,,,,,,,,,,,,,0,9,9,2,1,,,,,
,,,,,,,,,,,,,2,,,ALP1108,1962.03.12,2026-05-02_12h18.27.930,BrocantoHPilot1WOSession3,2025.2.4,Win32,59.17159763,,,,,,,,,,,,,,,,,,,,,,,,,,,,,,,,,,,,,,,,,6092.9249,chunkTest_s2,10,2,Ab-GO.mp3,0,0.4741,2,1,3.5288,6.4297,6099.945,,,,,,Ab-GO.mp3,0,,,,,,,,,,,,,,,,,,,,,0,10,10,18,1,,,,,
,,,,,,,,,,,,,2,,,ALP1108,1962.03.12,2026-05-02_12h18.27.930,BrocantoHPilot1WOSession3,2025.2.4,Win32,59.17159763,,,,,,,,,,,,,,,,,,,,,,,,,,,,,,,,,,,,,,,,,6100.4534,chunkTest_s2,11,2,JUMP-N1.mp3,3,0.5792,5,1,2.3986,3.4391,6105.3849,,,,,,JUMP-N1.mp3,3,,,,,,,,,,,,,,,,,,,,,0,11,11,11,1,,,,,
,,,,,,,,,,,,,2,,,ALP1108,1962.03.12,2026-05-02_12h18.27.930,BrocantoHPilot1WOSession3,2025.2.4,Win32,59.17159763,,,,,,,,,,,,,,,,,,,,,,,,,,,,,,,,,,,,,,,,,6105.8934,chunkTest_s2,12,2,HIDE-N3.mp3,10,0.5611,4,1,2.174,3.8087,6110.3239,,,,,,HIDE-N3.mp3,10,,,,,,,,,,,,,,,,,,,,,0,12,12,17,1,,,,,
,,,,,,,,,,,,,2,,,ALP1108,1962.03.12,2026-05-02_12h18.27.930,BrocantoHPilot1WOSession3,2025.2.4,Win32,59.17159763,,,,,,,,,,,,,,,,,,,,,,,,,,,,,,,,,,,,,,,,,6110.8265,chunkTest_s2,13,2,N5-PUSH.mp3,2,0.4455,4,1,2.5278,3.3074,6114.7664,,,,,,N5-PUSH.mp3,2,,,,,,,,,,,,,,,,,,,,,0,13,13,10,1,,,,,
,,,,,,,,,,,,,2,,,ALP1108,1962.03.12,2026-05-02_12h18.27.930,BrocantoHPilot1WOSession3,2025.2.4,Win32,59.17159763,,,,,,,,,,,,,,,,,,,,,,,,,,,,,,,,,,,,,,,,,6115.2808,chunkTest_s2,14,2,GO-HIDE.mp3,0,0.5825,5,1,2.3861,4.8104,6120.6507,,,,,,GO-HIDE.mp3,0,,,,,,,,,,,,,,,,,,,,,0,14,14,12,1,,,,,
,,,,,,,,,,,,,2,,,ALP1108,1962.03.12,2026-05-02_12h18.27.930,BrocantoHPilot1WOSession3,2025.2.4,Win32,59.17159763,,,,,,,,,,,,,,,,,,,,,,,,,,,,,,,,,,,,,,,,,6121.1529,chunkTest_s2,15,2,HIDE-REVEAL.mp3,0,0.4562,1,1,2.3463,3.6822,6125.5399,,,,,,HIDE-REVEAL.mp3,0,,,,,,,,,,,,,,,,,,,,,0,15,15,8,1,,,,,
,,,,,,,,,,,,,2,,,ALP1108,1962.03.12,2026-05-02_12h18.27.930,BrocantoHPilot1WOSession3,2025.2.4,Win32,59.17159763,,,,,,,,,,,,,,,,,,,,,,,,,,,,,,,,,,,,,,,,,6126.0417,chunkTest_s2,16,2,REVEAL-Aa.mp3,0,0.6314,5,1,2.4485,4.321,6130.9605,,,,,,REVEAL-Aa.mp3,0,,,,,,,,,,,,,,,,,,,,,0,16,16,0,1,,,,,
,,,,,,,,,,,,,2,,,ALP1108,1962.03.12,2026-05-02_12h18.27.930,BrocantoHPilot1WOSession3,2025.2.4,Win32,59.17159763,,,,,,,,,,,,,,,,,,,,,,,,,,,,,,,,,,,,,,,,,6131.4689,chunkTest_s2,17,2,HIDE-N2.mp3,14,0.4332,5,1,1.9919,2.9599,6135.0118,,,,,,HIDE-N2.mp3,14,,,,,,,,,,,,,,,,,,,,,0,17,17,5,1,,,,,
,,,,,,,,,,,,,2,,,ALP1108,1962.03.12,2026-05-02_12h18.27.930,BrocantoHPilot1WOSession3,2025.2.4,Win32,59.17159763,,,,,,,,,,,,,,,,,,,,,,,,,,,,,,,,,,,,,,,,,6135.517,chunkTest_s2,18,2,Aa-GO.mp3,0,0.4316,1,1,2.3732,5.0049,6141.1464,,,,,,Aa-GO.mp3,0,,,,,,,,,,,,,,,,,,,,,0,18,18,3,1,,,,,
,,,,,,,,,,,,,2,,,ALP1108,1962.03.12,2026-05-02_12h18.27.930,BrocantoHPilot1WOSession3,2025.2.4,Win32,59.17159763,,,,,,,,,,,,,,,,,,,,,,,,,,,,,,,,,,,,,,,,,6141.6581,chunkTest_s2,19,2,N3-N4.mp3,0,1.2108,5,1,3.7063,5.2902,6150.1962,,,,,,N3-N4.mp3,0,,,,,,,,,,,,,,,,,,,,,0,19,19,6,1,,,,,
,,,,,,,,,,,,,2,,,ALP1108,1962.03.12,2026-05-02_12h18.27.930,BrocantoHPilot1WOSession3,2025.2.4,Win32,59.17159763,,,,,,,,,,,,,,,,,,,,,,,,,,,,,,,,,,,,,,,,,6155.6936,GJTest_s2,0,2,Aa-SBJ-N4-GO-INTR.mp3,0,2.4124,5,1,5.0134,8.1902,6164.529,,,,,,Aa-SBJ-N4-GO-INTR.mp3,0,,,,,,,,,,,,,,,,,,,,,,,,,,0,0,0,9,1
,,,,,,,,,,,,,2,,,ALP1108,1962.03.12,2026-05-02_12h18.27.930,BrocantoHPilot1WOSession3,2025.2.4,Win32,59.17159763,,,,,,,,,,,,,,,,,,,,,,,,,,,,,,,,,,,,,,,,,6165.0303,GJTest_s2,1,2,OBJ-N5-SBJ-N1-HIDE-TR-LOC-N2.mp3,6,0.5179,4,1,3.4048,5.5244,6171.1955,,,,,,OBJ-N5-SBJ-N1-HIDE-TR-LOC-N2.mp3,6,,,,,,,,,,,,,,,,,,,,,,,,,,0,1,1,1,1
,,,,,,,,,,,,,2,,,ALP1108,1962.03.12,2026-05-02_12h18.27.930,BrocantoHPilot1WOSession3,2025.2.4,Win32,59.17159763,,,,,,,,,,,,,,,,,,,,,,,,,,,,,,,,,,,,,,,,,6171.7039,GJTest_s2,2,2,Aa-OBJ-N3-Ab-SBJ-N5-PUSH-TR.mp3,0,6.4908,5,2,4.2477,10.202,6182.4372,,,,,,Aa-OBJ-N3-Ab-SBJ-N5-PUSH-TR.mp3,0,,,,,,,,,,,,,,,,,,,,,,,,,,0,2,2,5,1
,,,,,,,,,,,,,2,,,ALP1108,1962.03.12,2026-05-02_12h18.27.930,BrocantoHPilot1WOSession3,2025.2.4,Win32,59.17159763,,,,,,,,,,,,,,,,,,,,,,,,,,,,,,,,,,,,,,,,,6182.938,GJTest_s2,3,2,Ab-SBJ-N1-HIDE-INTR-Ab-LOC-N4.mp3,0,1.3814,5,1,4.4834,5.4279,6188.9681,,,,,,Ab-SBJ-N1-HIDE-INTR-Ab-LOC-N4.mp3,0,,,,,,,,,,,,,,,,,,,,,,,,,,0,3,3,6,1
,,,,,,,,,,,,,2,,,ALP1108,1962.03.12,2026-05-02_12h18.27.930,BrocantoHPilot1WOSession3,2025.2.4,Win32,59.17159763,,,,,,,,,,,,,,,,,,,,,,,,,,,,,,,,,,,,,,,,,6189.4714,GJTest_s2,4,2,OBJ-N1-SBJ-N4-Ab-JUMP-INTR-LOC-N2.mp3,,0.6555,5,1,3.9431,5.0733,6195.1699,,,,,,OBJ-N1-SBJ-N4-Ab-JUMP-INTR-LOC-N2.mp3,,,,,,,,,,,,,,,,,,,,,,,,,,,0,4,4,18,1
,,,,,,,,,,,,,2,,,ALP1108,1962.03.12,2026-05-02_12h18.27.930,BrocantoHPilot1WOSession3,2025.2.4,Win32,59.17159763,,,,,,,,,,,,,,,,,,,,,,,,,,,,,,,,,,,,,,,,,6195.6775,GJTest_s2,5,2,SBJ-N3-GO-INTR-LOC-N2.mp3,2,0.4348,5,1,3.1147,5.1198,6201.3636,,,,,,SBJ-N3-GO-INTR-LOC-N2.mp3,2,,,,,,,,,,,,,,,,,,,,,,,,,,0,5,5,4,1
,,,,,,,,,,,,,2,,,ALP1108,1962.03.12,2026-05-02_12h18.27.930,BrocantoHPilot1WOSession3,2025.2.4,Win32,59.17159763,,,,,,,,,,,,,,,,,,,,,,,,,,,,,,,,,,,,,,,,,6201.8669,GJTest_s2,6,2,OBJ-N5-SBJ-N2-PUSH-TR-LOC-N4-LOC-N1.mp3,,0.3951,3,1,4.1668,7.9749,6210.4404,,,,,,OBJ-N5-SBJ-N2-PUSH-TR-LOC-N4-LOC-N1.mp3,,,,,,,,,,,,,,,,,,,,,,,,,,,0,6,6,12,1
,,,,,,,,,,,,,2,,,ALP1108,1962.03.12,2026-05-02_12h18.27.930,BrocantoHPilot1WOSession3,2025.2.4,Win32,59.17159763,,,,,,,,,,,,,,,,,,,,,,,,,,,,,,,,,,,,,,,,,6210.943,GJTest_s2,7,2,OBJ-N5-SBJ-N3-HIDE-TR-Ab.mp3,,0.7543,2,1,4.3557,9.3853,6221.1461,,,,,,OBJ-N5-SBJ-N3-HIDE-TR-Ab.mp3,,,,,,,,,,,,,,,,,,,,,,,,,,,0,7,7,10,1
,,,,,,,,,,,,,2,,,ALP1108,1962.03.12,2026-05-02_12h18.27.930,BrocantoHPilot1WOSession3,2025.2.4,Win32,59.17159763,,,,,,,,,,,,,,,,,,,,,,,,,,,,,,,,,,,,,,,,,6221.6583,GJTest_s2,8,2,Ab-OBJ-N5-SBJ-N3-HIDE-TR.mp3,3,0.64,4,1,3.2014,6.0764,6228.4176,,,,,,Ab-OBJ-N5-SBJ-N3-HIDE-TR.mp3,3,,,,,,,,,,,,,,,,,,,,,,,,,,0,8,8,0,1
,,,,,,,,,,,,,2,,,ALP1108,1962.03.12,2026-05-02_12h18.27.930,BrocantoHPilot1WOSession3,2025.2.4,Win32,59.17159763,,,,,,,,,,,,,,,,,,,,,,,,,,,,,,,,,,,,,,,,,6228.9278,GJTest_s2,9,2,Ab-SBJ-N3-JUMP-INTR.mp3,4,0.5779,4,1,2.8574,7.0951,6236.5835,,,,,,Ab-SBJ-N3-JUMP-INTR.mp3,4,,,,,,,,,,,,,,,,,,,,,,,,,,0,9,9,3,1
,,,,,,,,,,,,,2,,,ALP1108,1962.03.12,2026-05-02_12h18.27.930,BrocantoHPilot1WOSession3,2025.2.4,Win32,59.17159763,,,,,,,,,,,,,,,,,,,,,,,,,,,,,,,,,,,,,,,,,6237.0862,GJTest_s2,10,2,OBJ-N1-SBJ-N4-Aa-GO-INTR.mp3,,0.6363,4,1,3.5349,10.3685,6248.4317,,,,,,OBJ-N1-SBJ-N4-Aa-GO-INTR.mp3,,,,,,,,,,,,,,,,,,,,,,,,,,,0,10,10,19,1
,,,,,,,,,,,,,2,,,ALP1108,1962.03.12,2026-05-02_12h18.27.930,BrocantoHPilot1WOSession3,2025.2.4,Win32,59.17159763,,,,,,,,,,,,,,,,,,,,,,,,,,,,,,,,,,,,,,,,,6248.9475,GJTest_s2,11,2,HIDE-TR-LOC-N2.mp3,,0.9278,1,1,4.0232,7.0287,6256.7896,,,,,,HIDE-TR-LOC-N2.mp3,,,,,,,,,,,,,,,,,,,,,,,,,,,0,11,11,11,1
,,,,,,,,,,,,,2,,,ALP1108,1962.03.12,2026-05-02_12h18.27.930,BrocantoHPilot1WOSession3,2025.2.4,Win32,59.17159763,,,,,,,,,,,,,,,,,,,,,,,,,,,,,,,,,,,,,,,,,6257.3063,GJTest_s2,12,2,Ab-SBJ-N4-JUMP-INTR-LOC-N2.mp3,0,0.5112,5,1,4.3805,5.6861,6264.1443,,,,,,Ab-SBJ-N4-JUMP-INTR-LOC-N2.mp3,0,,,,,,,,,,,,,,,,,,,,,,,,,,0,12,12,8,1
,,,,,,,,,,,,,2,,,ALP1108,1962.03.12,2026-05-02_12h18.27.930,BrocantoHPilot1WOSession3,2025.2.4,Win32,59.17159763,,,,,,,,,,,,,,,,,,,,,,,,,,,,,,,,,,,,,,,,,6264.6471,GJTest_s2,13,2,SBJ-N5-Ab-PUSH-TR.mp3,,1.3997,1,1,3.7532,5.8333,6271.1989,,,,,,SBJ-N5-Ab-PUSH-TR.mp3,,,,,,,,,,,,,,,,,,,,,,,,,,,0,13,13,15,1
,,,,,,,,,,,,,2,,,ALP1108,1962.03.12,2026-05-02_12h18.27.930,BrocantoHPilot1WOSession3,2025.2.4,Win32,59.17159763,,,,,,,,,,,,,,,,,,,,,,,,,,,,,,,,,,,,,,,,,6271.7041,GJTest_s2,14,2,OBJ-N5-SBJ-N2-PUSH-TR-LOC-N4.mp3,5,2.3029,5,1,5.1914,6.6431,6279.2059,,,,,,OBJ-N5-SBJ-N2-PUSH-TR-LOC-N4.mp3,5,,,,,,,,,,,,,,,,,,,,,,,,,,0,14,14,2,1
,,,,,,,,,,,,,2,,,ALP1108,1962.03.12,2026-05-02_12h18.27.930,BrocantoHPilot1WOSession3,2025.2.4,Win32,59.17159763,,,,,,,,,,,,,,,,,,,,,,,,,,,,,,,,,,,,,,,,,6279.712,GJTest_s2,15,2,SBJ-N1-Ab-HIDE-INTR-Ab-LOC-N4-LOC-N2.mp3,,0.6817,5,1,5.1212,5.489,6285.9079,,,,,,SBJ-N1-Ab-HIDE-INTR-Ab-LOC-N4-LOC-N2.mp3,,,,,,,,,,,,,,,,,,,,,,,,,,,0,15,15,16,1
,,,,,,,,,,,,,2,,,ALP1108,1962.03.12,2026-05-02_12h18.27.930,BrocantoHPilot1WOSession3,2025.2.4,Win32,59.17159763,,,,,,,,,,,,,,,,,,,,,,,,,,,,,,,,,,,,,,,,,6286.4196,GJTest_s2,16,2,OBJ-N1-Ab-SBJ-N3-JUMP-INTR.mp3,,0.5717,1,1,3.5942,8.6796,6296.031,,,,,,OBJ-N1-Ab-SBJ-N3-JUMP-INTR.mp3,,,,,,,,,,,,,,,,,,,,,,,,,,,0,16,16,13,1
,,,,,,,,,,,,,2,,,ALP1108,1962.03.12,2026-05-02_12h18.27.930,BrocantoHPilot1WOSession3,2025.2.4,Win32,59.17159763,,,,,,,,,,,,,,,,,,,,,,,,,,,,,,,,,,,,,,,,,6296.5452,GJTest_s2,17,2,SBJ-N3-GO-INTR-LOC-N2-LOC-N1.mp3,,0.6125,5,1,4.0961,5.509,6302.7115,,,,,,SBJ-N3-GO-INTR-LOC-N2-LOC-N1.mp3,,,,,,,,,,,,,,,,,,,,,,,,,,,0,17,17,14,1
,,,,,,,,,,,,,2,,,ALP1108,1962.03.12,2026-05-02_12h18.27.930,BrocantoHPilot1WOSession3,2025.2.4,Win32,59.17159763,,,,,,,,,,,,,,,,,,,,,,,,,,,,,,,,,,,,,,,,,6303.2188,GJTest_s2,18,2,SBJ-N3-Ab-PUSH-TR-LOC-N1.mp3,,0.632,5,1,3.5229,4.9606,6308.8246,,,,,,SBJ-N3-Ab-PUSH-TR-LOC-N1.mp3,,,,,,,,,,,,,,,,,,,,,,,,,,,0,18,18,17,1
,,,,,,,,,,,,,2,,,ALP1108,1962.03.12,2026-05-02_12h18.27.930,BrocantoHPilot1WOSession3,2025.2.4,Win32,59.17159763,,,,,,,,,,,,,,,,,,,,,,,,,,,,,,,,,,,,,,,,,6309.3413,GJTest_s2,19,2,Aa-OBJ-N5-Ab-SBJ-N3-PUSH-TR-LOC-N1.mp3,0,0.5018,5,1,4.7029,5.5333,6315.4358,,,,,,Aa-OBJ-N5-Ab-SBJ-N3-PUSH-TR-LOC-N1.mp3,0,,,,,,,,,,,,,,,,,,,,,,,,,,0,19,19,7,1
