passiveTrial.started,passive.sessionIndex,passive.movie,passive.sound,passiveTrial.stopped,passiveSelfPaceKey.keys,passiveSelfPaceKey.rt,passiveSelfPaceKey.duration,passiveTrials_s1.thisRepN,passiveTrials_s1.thisTrialN,passiveTrials_s1.thisN,passiveTrials_s1.thisIndex,passiveTrials_s1.ran,sessionIndex,passiveMovie,passiveSound,participant,születési dátum (ÉÉÉÉ.HH.NN),date,expName,psychopyVersion,OS,frameRate,comprehensionTrial.started,comprehension.sessionIndex,comprehension.correctPosition,comprehension.response,comprehension.rt,comprehension.correct,comprehension.t_sentenceAudioEnd,comprehension.t_lastChoiceClick,comprehensionTrial.stopped,comprehensionTrials_s1.thisRepN,comprehensionTrials_s1.thisTrialN,comprehensionTrials_s1.thisN,comprehensionTrials_s1.thisIndex,comprehensionTrials_s1.ran,sentence,video_correct,video_incorrect,productionTrial.started,production.sessionIndex,production.video,production.correct_words,production.all_words,production.correct_words_form,production.all_words_form,production.correct,production.t_firstVideoEnd,production.t_lastWordClick,production.response,productionTrial.stopped,productionTrials_s1.thisRepN,productionTrials_s1.thisTrialN,productionTrials_s1.thisN,productionTrials_s1.thisIndex,productionTrials_s1.ran,video,correct_words,all_words,sentence_form,correct_words_form,all_words_form,familiarityTrial.started,familiarity.testName,familiarity.thisN,familiarity.sessionIndex,familiarity.audio,familiarity.previous_encounters,familiarity.playAttemptTime,familiarity.rating,familiarity.playClickCount,familiarity.t_audioEnd,familiarity.t_lastLikertClick,familiarityTrial.stopped,chunkTest_s1.thisRepN,chunkTest_s1.thisTrialN,chunkTest_s1.thisN,chunkTest_s1.thisIndex,chunkTest_s1.ran,audio,previous_encounters,GJTest_s1.thisRepN,GJTest_s1.thisTrialN,GJTest_s1.thisN,GJTest_s1.thisIndex,GJTest_s1.ran,passiveTrials_s2.thisRepN,passiveTrials_s2.thisTrialN,passiveTrials_s2.thisN,passiveTrials_s2.thisIndex,passiveTrials_s2.ran,comprehensionTrials_s2.thisRepN,comprehensionTrials_s2.thisTrialN,comprehensionTrials_s2.thisN,comprehensionTrials_s2.thisIndex,comprehensionTrials_s2.ran,productionTrials_s2.thisRepN,productionTrials_s2.thisTrialN,productionTrials_s2.thisN,productionTrials_s2.thisIndex,productionTrials_s2.ran,chunkTest_s2.thisRepN,chunkTest_s2.thisTrialN,chunkTest_s2.thisN,chunkTest_s2.thisIndex,chunkTest_s2.ran,GJTest_s2.thisRepN,GJTest_s2.thisTrialN,GJTest_s2.thisN,GJTest_s2.thisIndex,GJTest_s2.ran
14.032,1,OBJ-N5-SBJ-N1-PUSH-TR-Ab-LOC-N2.mp4,OBJ-N5-SBJ-N1-PUSH-TR-Ab-LOC-N2.mp3,21.134,mouse_continue,7.103,,0,0,0,0,1,1,OBJ-N5-SBJ-N1-PUSH-TR-Ab-LOC-N2.mp4,OBJ-N5-SBJ-N1-PUSH-TR-Ab-LOC-N2.mp3,ALP1109,19650915,2026-04-28_14h13.26.715,BrocantoHPilot1WOSession3,2025.2.4,Win32,59.95203837,,,,,,,,,,,,,,,,,,,,,,,,,,,,,,,,,,,,,,,,,,,,,,,,,,,,,,,,,,,,,,,,,,,,,,,,,,,,,,,,,,,,,,,,,
21.137,1,Ab-SBJ-N4-REVEAL-INTR-LOC-N5.mp4,Ab-SBJ-N4-REVEAL-INTR-LOC-N5.mp3,26.847,mouse_continue,5.709,,0,1,1,1,1,1,Ab-SBJ-N4-REVEAL-INTR-LOC-N5.mp4,Ab-SBJ-N4-REVEAL-INTR-LOC-N5.mp3,ALP1109,19650915,2026-04-28_14h13.26.715,BrocantoHPilot1WOSession3,2025.2.4,Win32,59.95203837,,,,,,,,,,,,,,,,,,,,,,,,,,,,,,,,,,,,,,,,,,,,,,,,,,,,,,,,,,,,,,,,,,,,,,,,,,,,,,,,,,,,,,,,,
26.85,1,OBJ-N5-SBJ-N2-HIDE-TR-Ab-LOC-N4.mp4,OBJ-N5-SBJ-N2-HIDE-TR-Ab-LOC-N4.mp3,32.777,mouse_continue,5.928,,0,2,2,2,1,1,OBJ-N5-SBJ-N2-HIDE-TR-Ab-LOC-N4.mp4,OBJ-N5-SBJ-N2-HIDE-TR-Ab-LOC-N4.mp3,ALP1109,19650915,2026-04-28_14h13.26.715,BrocantoHPilot1WOSession3,2025.2.4,Win32,59.95203837,,,,,,,,,,,,,,,,,,,,,,,,,,,,,,,,,,,,,,,,,,,,,,,,,,,,,,,,,,,,,,,,,,,,,,,,,,,,,,,,,,,,,,,,,
32.778,1,Ab-SBJ-N4-REVEAL-INTR-Ab-LOC-N5.mp4,Ab-SBJ-N4-REVEAL-INTR-Ab-LOC-N5.mp3,38.721,mouse_continue,5.942,,0,3,3,3,1,1,Ab-SBJ-N4-REVEAL-INTR-Ab-LOC-N5.mp4,Ab-SBJ-N4-REVEAL-INTR-Ab-LOC-N5.mp3,ALP1109,19650915,2026-04-28_14h13.26.715,BrocantoHPilot1WOSession3,2025.2.4,Win32,59.95203837,,,,,,,,,,,,,,,,,,,,,,,,,,,,,,,,,,,,,,,,,,,,,,,,,,,,,,,,,,,,,,,,,,,,,,,,,,,,,,,,,,,,,,,,,
38.723,1,OBJ-N5-Ab-SBJ-N4-REVEAL-TR-Ab-LOC-N1.mp4,OBJ-N5-Ab-SBJ-N4-REVEAL-TR-Ab-LOC-N1.mp3,44.397,mouse_continue,5.675,,0,4,4,4,1,1,OBJ-N5-Ab-SBJ-N4-REVEAL-TR-Ab-LOC-N1.mp4,OBJ-N5-Ab-SBJ-N4-REVEAL-TR-Ab-LOC-N1.mp3,ALP1109,19650915,2026-04-28_14h13.26.715,BrocantoHPilot1WOSession3,2025.2.4,Win32,59.95203837,,,,,,,,,,,,,,,,,,,,,,,,,,,,,,,,,,,,,,,,,,,,,,,,,,,,,,,,,,,,,,,,,,,,,,,,,,,,,,,,,,,,,,,,,
44.4,1,SBJ-N3-REVEAL-INTR-Ab-LOC-N2.mp4,SBJ-N3-REVEAL-INTR-Ab-LOC-N2.mp3,64.944,mouse_continue,20.544,,0,5,5,5,1,1,SBJ-N3-REVEAL-INTR-Ab-LOC-N2.mp4,SBJ-N3-REVEAL-INTR-Ab-LOC-N2.mp3,ALP1109,19650915,2026-04-28_14h13.26.715,BrocantoHPilot1WOSession3,2025.2.4,Win32,59.95203837,,,,,,,,,,,,,,,,,,,,,,,,,,,,,,,,,,,,,,,,,,,,,,,,,,,,,,,,,,,,,,,,,,,,,,,,,,,,,,,,,,,,,,,,,
64.947,1,OBJ-N5-SBJ-N4-HIDE-TR-Ab-LOC-N2.mp4,OBJ-N5-SBJ-N4-HIDE-TR-Ab-LOC-N2.mp3,70.935,mouse_continue,5.989,,0,6,6,6,1,1,OBJ-N5-SBJ-N4-HIDE-TR-Ab-LOC-N2.mp4,OBJ-N5-SBJ-N4-HIDE-TR-Ab-LOC-N2.mp3,ALP1109,19650915,2026-04-28_14h13.26.715,BrocantoHPilot1WOSession3,2025.2.4,Win32,59.95203837,,,,,,,,,,,,,,,,,,,,,,,,,,,,,,,,,,,,,,,,,,,,,,,,,,,,,,,,,,,,,,,,,,,,,,,,,,,,,,,,,,,,,,,,,
70.937,1,Ab-SBJ-N2-HIDE-INTR.mp4,Ab-SBJ-N2-HIDE-INTR.mp3,83.661,mouse_continue,12.725,,0,7,7,7,1,1,Ab-SBJ-N2-HIDE-INTR.mp4,Ab-SBJ-N2-HIDE-INTR.mp3,ALP1109,19650915,2026-04-28_14h13.26.715,BrocantoHPilot1WOSession3,2025.2.4,Win32,59.95203837,,,,,,,,,,,,,,,,,,,,,,,,,,,,,,,,,,,,,,,,,,,,,,,,,,,,,,,,,,,,,,,,,,,,,,,,,,,,,,,,,,,,,,,,,
83.663,1,SBJ-N5-REVEAL-INTR-Ab-LOC-N4.mp4,SBJ-N5-REVEAL-INTR-Ab-LOC-N4.mp3,100.793,mouse_continue,17.13,,0,8,8,8,1,1,SBJ-N5-REVEAL-INTR-Ab-LOC-N4.mp4,SBJ-N5-REVEAL-INTR-Ab-LOC-N4.mp3,ALP1109,19650915,2026-04-28_14h13.26.715,BrocantoHPilot1WOSession3,2025.2.4,Win32,59.95203837,,,,,,,,,,,,,,,,,,,,,,,,,,,,,,,,,,,,,,,,,,,,,,,,,,,,,,,,,,,,,,,,,,,,,,,,,,,,,,,,,,,,,,,,,
100.797,1,OBJ-N5-Ab-SBJ-N1-PUSH-TR.mp4,OBJ-N5-Ab-SBJ-N1-PUSH-TR.mp3,110.852,mouse_continue,10.056,,0,9,9,9,1,1,OBJ-N5-Ab-SBJ-N1-PUSH-TR.mp4,OBJ-N5-Ab-SBJ-N1-PUSH-TR.mp3,ALP1109,19650915,2026-04-28_14h13.26.715,BrocantoHPilot1WOSession3,2025.2.4,Win32,59.95203837,,,,,,,,,,,,,,,,,,,,,,,,,,,,,,,,,,,,,,,,,,,,,,,,,,,,,,,,,,,,,,,,,,,,,,,,,,,,,,,,,,,,,,,,,
110.854,1,SBJ-N5-REVEAL-INTR-Ab-LOC-N3.mp4,SBJ-N5-REVEAL-INTR-Ab-LOC-N3.mp3,123.762,mouse_continue,12.907,,0,10,10,10,1,1,SBJ-N5-REVEAL-INTR-Ab-LOC-N3.mp4,SBJ-N5-REVEAL-INTR-Ab-LOC-N3.mp3,ALP1109,19650915,2026-04-28_14h13.26.715,BrocantoHPilot1WOSession3,2025.2.4,Win32,59.95203837,,,,,,,,,,,,,,,,,,,,,,,,,,,,,,,,,,,,,,,,,,,,,,,,,,,,,,,,,,,,,,,,,,,,,,,,,,,,,,,,,,,,,,,,,
123.766,1,OBJ-N5-Ab-SBJ-N4-REVEAL-TR-LOC-N3.mp4,OBJ-N5-Ab-SBJ-N4-REVEAL-TR-LOC-N3.mp3,131.428,mouse_continue,7.663,,0,11,11,11,1,1,OBJ-N5-Ab-SBJ-N4-REVEAL-TR-LOC-N3.mp4,OBJ-N5-Ab-SBJ-N4-REVEAL-TR-LOC-N3.mp3,ALP1109,19650915,2026-04-28_14h13.26.715,BrocantoHPilot1WOSession3,2025.2.4,Win32,59.95203837,,,,,,,,,,,,,,,,,,,,,,,,,,,,,,,,,,,,,,,,,,,,,,,,,,,,,,,,,,,,,,,,,,,,,,,,,,,,,,,,,,,,,,,,,
131.431,1,SBJ-N3-JUMP-INTR.mp4,SBJ-N3-JUMP-INTR.mp3,136.871,mouse_continue,5.442,,0,12,12,12,1,1,SBJ-N3-JUMP-INTR.mp4,SBJ-N3-JUMP-INTR.mp3,ALP1109,19650915,2026-04-28_14h13.26.715,BrocantoHPilot1WOSession3,2025.2.4,Win32,59.95203837,,,,,,,,,,,,,,,,,,,,,,,,,,,,,,,,,,,,,,,,,,,,,,,,,,,,,,,,,,,,,,,,,,,,,,,,,,,,,,,,,,,,,,,,,
136.873,1,Ab-OBJ-N5-Ab-SBJ-N3-REVEAL-TR.mp4,Ab-OBJ-N5-Ab-SBJ-N3-REVEAL-TR.mp3,142.617,mouse_continue,5.745,,0,13,13,13,1,1,Ab-OBJ-N5-Ab-SBJ-N3-REVEAL-TR.mp4,Ab-OBJ-N5-Ab-SBJ-N3-REVEAL-TR.mp3,ALP1109,19650915,2026-04-28_14h13.26.715,BrocantoHPilot1WOSession3,2025.2.4,Win32,59.95203837,,,,,,,,,,,,,,,,,,,,,,,,,,,,,,,,,,,,,,,,,,,,,,,,,,,,,,,,,,,,,,,,,,,,,,,,,,,,,,,,,,,,,,,,,
142.618,1,OBJ-N5-Ab-SBJ-N4-PUSH-TR-Ab-LOC-N2.mp4,OBJ-N5-Ab-SBJ-N4-PUSH-TR-Ab-LOC-N2.mp3,150.284,mouse_continue,7.664,,0,14,14,14,1,1,OBJ-N5-Ab-SBJ-N4-PUSH-TR-Ab-LOC-N2.mp4,OBJ-N5-Ab-SBJ-N4-PUSH-TR-Ab-LOC-N2.mp3,ALP1109,19650915,2026-04-28_14h13.26.715,BrocantoHPilot1WOSession3,2025.2.4,Win32,59.95203837,,,,,,,,,,,,,,,,,,,,,,,,,,,,,,,,,,,,,,,,,,,,,,,,,,,,,,,,,,,,,,,,,,,,,,,,,,,,,,,,,,,,,,,,,
150.288,1,Ab-SBJ-N3-REVEAL-INTR-LOC-N4.mp4,Ab-SBJ-N3-REVEAL-INTR-LOC-N4.mp3,155.971,mouse_continue,5.684,,0,15,15,15,1,1,Ab-SBJ-N3-REVEAL-INTR-LOC-N4.mp4,Ab-SBJ-N3-REVEAL-INTR-LOC-N4.mp3,ALP1109,19650915,2026-04-28_14h13.26.715,BrocantoHPilot1WOSession3,2025.2.4,Win32,59.95203837,,,,,,,,,,,,,,,,,,,,,,,,,,,,,,,,,,,,,,,,,,,,,,,,,,,,,,,,,,,,,,,,,,,,,,,,,,,,,,,,,,,,,,,,,
155.973,1,Ab-SBJ-N2-GO-INTR.mp4,Ab-SBJ-N2-GO-INTR.mp3,166.047,mouse_continue,10.074,,0,16,16,16,1,1,Ab-SBJ-N2-GO-INTR.mp4,Ab-SBJ-N2-GO-INTR.mp3,ALP1109,19650915,2026-04-28_14h13.26.715,BrocantoHPilot1WOSession3,2025.2.4,Win32,59.95203837,,,,,,,,,,,,,,,,,,,,,,,,,,,,,,,,,,,,,,,,,,,,,,,,,,,,,,,,,,,,,,,,,,,,,,,,,,,,,,,,,,,,,,,,,
166.049,1,OBJ-N5-SBJ-N2-HIDE-TR.mp4,OBJ-N5-SBJ-N2-HIDE-TR.mp3,177.973,mouse_continue,11.924,,0,17,17,17,1,1,OBJ-N5-SBJ-N2-HIDE-TR.mp4,OBJ-N5-SBJ-N2-HIDE-TR.mp3,ALP1109,19650915,2026-04-28_14h13.26.715,BrocantoHPilot1WOSession3,2025.2.4,Win32,59.95203837,,,,,,,,,,,,,,,,,,,,,,,,,,,,,,,,,,,,,,,,,,,,,,,,,,,,,,,,,,,,,,,,,,,,,,,,,,,,,,,,,,,,,,,,,
177.978,1,Ab-OBJ-N5-Ab-SBJ-N1-REVEAL-TR.mp4,Ab-OBJ-N5-Ab-SBJ-N1-REVEAL-TR.mp3,188.599,mouse_continue,10.621,,0,18,18,18,1,1,Ab-OBJ-N5-Ab-SBJ-N1-REVEAL-TR.mp4,Ab-OBJ-N5-Ab-SBJ-N1-REVEAL-TR.mp3,ALP1109,19650915,2026-04-28_14h13.26.715,BrocantoHPilot1WOSession3,2025.2.4,Win32,59.95203837,,,,,,,,,,,,,,,,,,,,,,,,,,,,,,,,,,,,,,,,,,,,,,,,,,,,,,,,,,,,,,,,,,,,,,,,,,,,,,,,,,,,,,,,,
188.6,1,OBJ-N5-Ab-SBJ-N4-PUSH-TR-LOC-N3.mp4,OBJ-N5-Ab-SBJ-N4-PUSH-TR-LOC-N3.mp3,199.674,mouse_continue,11.073,,0,19,19,19,1,1,OBJ-N5-Ab-SBJ-N4-PUSH-TR-LOC-N3.mp4,OBJ-N5-Ab-SBJ-N4-PUSH-TR-LOC-N3.mp3,ALP1109,19650915,2026-04-28_14h13.26.715,BrocantoHPilot1WOSession3,2025.2.4,Win32,59.95203837,,,,,,,,,,,,,,,,,,,,,,,,,,,,,,,,,,,,,,,,,,,,,,,,,,,,,,,,,,,,,,,,,,,,,,,,,,,,,,,,,,,,,,,,,
199.676,1,SBJ-N1-GO-INTR.mp4,SBJ-N1-GO-INTR.mp3,207.333,mouse_continue,7.657,,0,20,20,20,1,1,SBJ-N1-GO-INTR.mp4,SBJ-N1-GO-INTR.mp3,ALP1109,19650915,2026-04-28_14h13.26.715,BrocantoHPilot1WOSession3,2025.2.4,Win32,59.95203837,,,,,,,,,,,,,,,,,,,,,,,,,,,,,,,,,,,,,,,,,,,,,,,,,,,,,,,,,,,,,,,,,,,,,,,,,,,,,,,,,,,,,,,,,
207.333,1,Ab-OBJ-N5-SBJ-N1-HIDE-TR.mp4,Ab-OBJ-N5-SBJ-N1-HIDE-TR.mp3,215.953,mouse_continue,8.62,,0,21,21,21,1,1,Ab-OBJ-N5-SBJ-N1-HIDE-TR.mp4,Ab-OBJ-N5-SBJ-N1-HIDE-TR.mp3,ALP1109,19650915,2026-04-28_14h13.26.715,BrocantoHPilot1WOSession3,2025.2.4,Win32,59.95203837,,,,,,,,,,,,,,,,,,,,,,,,,,,,,,,,,,,,,,,,,,,,,,,,,,,,,,,,,,,,,,,,,,,,,,,,,,,,,,,,,,,,,,,,,
215.956,1,OBJ-N5-Ab-SBJ-N3-HIDE-TR-LOC-N4.mp4,OBJ-N5-Ab-SBJ-N3-HIDE-TR-LOC-N4.mp3,224.747,mouse_continue,8.791,,0,22,22,22,1,1,OBJ-N5-Ab-SBJ-N3-HIDE-TR-LOC-N4.mp4,OBJ-N5-Ab-SBJ-N3-HIDE-TR-LOC-N4.mp3,ALP1109,19650915,2026-04-28_14h13.26.715,BrocantoHPilot1WOSession3,2025.2.4,Win32,59.95203837,,,,,,,,,,,,,,,,,,,,,,,,,,,,,,,,,,,,,,,,,,,,,,,,,,,,,,,,,,,,,,,,,,,,,,,,,,,,,,,,,,,,,,,,,
224.749,1,Ab-SBJ-N2-HIDE-INTR.mp4,Ab-SBJ-N2-HIDE-INTR.mp3,232.385,mouse_continue,7.637,,0,23,23,23,1,1,Ab-SBJ-N2-HIDE-INTR.mp4,Ab-SBJ-N2-HIDE-INTR.mp3,ALP1109,19650915,2026-04-28_14h13.26.715,BrocantoHPilot1WOSession3,2025.2.4,Win32,59.95203837,,,,,,,,,,,,,,,,,,,,,,,,,,,,,,,,,,,,,,,,,,,,,,,,,,,,,,,,,,,,,,,,,,,,,,,,,,,,,,,,,,,,,,,,,
232.388,1,Ab-OBJ-N5-SBJ-N2-REVEAL-TR-Ab-LOC-N1.mp4,Ab-OBJ-N5-SBJ-N2-REVEAL-TR-Ab-LOC-N1.mp3,240.591,mouse_continue,8.204,,0,24,24,24,1,1,Ab-OBJ-N5-SBJ-N2-REVEAL-TR-Ab-LOC-N1.mp4,Ab-OBJ-N5-SBJ-N2-REVEAL-TR-Ab-LOC-N1.mp3,ALP1109,19650915,2026-04-28_14h13.26.715,BrocantoHPilot1WOSession3,2025.2.4,Win32,59.95203837,,,,,,,,,,,,,,,,,,,,,,,,,,,,,,,,,,,,,,,,,,,,,,,,,,,,,,,,,,,,,,,,,,,,,,,,,,,,,,,,,,,,,,,,,
240.593,1,Ab-SBJ-N1-JUMP-INTR.mp4,Ab-SBJ-N1-JUMP-INTR.mp3,250.414,mouse_continue,9.82,,0,25,25,25,1,1,Ab-SBJ-N1-JUMP-INTR.mp4,Ab-SBJ-N1-JUMP-INTR.mp3,ALP1109,19650915,2026-04-28_14h13.26.715,BrocantoHPilot1WOSession3,2025.2.4,Win32,59.95203837,,,,,,,,,,,,,,,,,,,,,,,,,,,,,,,,,,,,,,,,,,,,,,,,,,,,,,,,,,,,,,,,,,,,,,,,,,,,,,,,,,,,,,,,,
250.419,1,OBJ-N5-SBJ-N2-PUSH-TR.mp4,OBJ-N5-SBJ-N2-PUSH-TR.mp3,257.795,mouse_continue,7.377,,0,26,26,26,1,1,OBJ-N5-SBJ-N2-PUSH-TR.mp4,OBJ-N5-SBJ-N2-PUSH-TR.mp3,ALP1109,19650915,2026-04-28_14h13.26.715,BrocantoHPilot1WOSession3,2025.2.4,Win32,59.95203837,,,,,,,,,,,,,,,,,,,,,,,,,,,,,,,,,,,,,,,,,,,,,,,,,,,,,,,,,,,,,,,,,,,,,,,,,,,,,,,,,,,,,,,,,
257.797,1,Ab-SBJ-N4-JUMP-INTR.mp4,Ab-SBJ-N4-JUMP-INTR.mp3,265.202,mouse_continue,7.405,,0,27,27,27,1,1,Ab-SBJ-N4-JUMP-INTR.mp4,Ab-SBJ-N4-JUMP-INTR.mp3,ALP1109,19650915,2026-04-28_14h13.26.715,BrocantoHPilot1WOSession3,2025.2.4,Win32,59.95203837,,,,,,,,,,,,,,,,,,,,,,,,,,,,,,,,,,,,,,,,,,,,,,,,,,,,,,,,,,,,,,,,,,,,,,,,,,,,,,,,,,,,,,,,,
265.203,1,Ab-OBJ-N5-Ab-SBJ-N2-REVEAL-TR.mp4,Ab-OBJ-N5-Ab-SBJ-N2-REVEAL-TR.mp3,281.203,mouse_continue,16,,0,28,28,28,1,1,Ab-OBJ-N5-Ab-SBJ-N2-REVEAL-TR.mp4,Ab-OBJ-N5-Ab-SBJ-N2-REVEAL-TR.mp3,ALP1109,19650915,2026-04-28_14h13.26.715,BrocantoHPilot1WOSession3,2025.2.4,Win32,59.95203837,,,,,,,,,,,,,,,,,,,,,,,,,,,,,,,,,,,,,,,,,,,,,,,,,,,,,,,,,,,,,,,,,,,,,,,,,,,,,,,,,,,,,,,,,
281.209,1,OBJ-N5-SBJ-N2-PUSH-TR-LOC-N4.mp4,OBJ-N5-SBJ-N2-PUSH-TR-LOC-N4.mp3,286.729,mouse_continue,5.52,,0,29,29,29,1,1,OBJ-N5-SBJ-N2-PUSH-TR-LOC-N4.mp4,OBJ-N5-SBJ-N2-PUSH-TR-LOC-N4.mp3,ALP1109,19650915,2026-04-28_14h13.26.715,BrocantoHPilot1WOSession3,2025.2.4,Win32,59.95203837,,,,,,,,,,,,,,,,,,,,,,,,,,,,,,,,,,,,,,,,,,,,,,,,,,,,,,,,,,,,,,,,,,,,,,,,,,,,,,,,,,,,,,,,,
286.73,1,OBJ-N5-Ab-SBJ-N2-HIDE-TR-Ab-LOC-N3.mp4,OBJ-N5-Ab-SBJ-N2-HIDE-TR-Ab-LOC-N3.mp3,295.16,mouse_continue,8.43,,0,30,30,30,1,1,OBJ-N5-Ab-SBJ-N2-HIDE-TR-Ab-LOC-N3.mp4,OBJ-N5-Ab-SBJ-N2-HIDE-TR-Ab-LOC-N3.mp3,ALP1109,19650915,2026-04-28_14h13.26.715,BrocantoHPilot1WOSession3,2025.2.4,Win32,59.95203837,,,,,,,,,,,,,,,,,,,,,,,,,,,,,,,,,,,,,,,,,,,,,,,,,,,,,,,,,,,,,,,,,,,,,,,,,,,,,,,,,,,,,,,,,
295.162,1,Ab-SBJ-N3-GO-INTR.mp4,Ab-SBJ-N3-GO-INTR.mp3,300.865,mouse_continue,5.704,,0,31,31,31,1,1,Ab-SBJ-N3-GO-INTR.mp4,Ab-SBJ-N3-GO-INTR.mp3,ALP1109,19650915,2026-04-28_14h13.26.715,BrocantoHPilot1WOSession3,2025.2.4,Win32,59.95203837,,,,,,,,,,,,,,,,,,,,,,,,,,,,,,,,,,,,,,,,,,,,,,,,,,,,,,,,,,,,,,,,,,,,,,,,,,,,,,,,,,,,,,,,,
300.867,1,SBJ-N5-HIDE-INTR.mp4,SBJ-N5-HIDE-INTR.mp3,306.529,mouse_continue,5.663,,0,32,32,32,1,1,SBJ-N5-HIDE-INTR.mp4,SBJ-N5-HIDE-INTR.mp3,ALP1109,19650915,2026-04-28_14h13.26.715,BrocantoHPilot1WOSession3,2025.2.4,Win32,59.95203837,,,,,,,,,,,,,,,,,,,,,,,,,,,,,,,,,,,,,,,,,,,,,,,,,,,,,,,,,,,,,,,,,,,,,,,,,,,,,,,,,,,,,,,,,
306.53,1,Ab-SBJ-N5-HIDE-INTR-LOC-N2.mp4,Ab-SBJ-N5-HIDE-INTR-LOC-N2.mp3,312.479,mouse_continue,5.948,,0,33,33,33,1,1,Ab-SBJ-N5-HIDE-INTR-LOC-N2.mp4,Ab-SBJ-N5-HIDE-INTR-LOC-N2.mp3,ALP1109,19650915,2026-04-28_14h13.26.715,BrocantoHPilot1WOSession3,2025.2.4,Win32,59.95203837,,,,,,,,,,,,,,,,,,,,,,,,,,,,,,,,,,,,,,,,,,,,,,,,,,,,,,,,,,,,,,,,,,,,,,,,,,,,,,,,,,,,,,,,,
312.482,1,SBJ-N3-JUMP-INTR-Aa-LOC-N4.mp4,SBJ-N3-JUMP-INTR-Aa-LOC-N4.mp3,318.554,mouse_continue,6.071,,0,34,34,34,1,1,SBJ-N3-JUMP-INTR-Aa-LOC-N4.mp4,SBJ-N3-JUMP-INTR-Aa-LOC-N4.mp3,ALP1109,19650915,2026-04-28_14h13.26.715,BrocantoHPilot1WOSession3,2025.2.4,Win32,59.95203837,,,,,,,,,,,,,,,,,,,,,,,,,,,,,,,,,,,,,,,,,,,,,,,,,,,,,,,,,,,,,,,,,,,,,,,,,,,,,,,,,,,,,,,,,
318.555,1,Ab-SBJ-N5-GO-INTR-Aa-LOC-N3.mp4,Ab-SBJ-N5-GO-INTR-Aa-LOC-N3.mp3,331.882,mouse_continue,13.328,,0,35,35,35,1,1,Ab-SBJ-N5-GO-INTR-Aa-LOC-N3.mp4,Ab-SBJ-N5-GO-INTR-Aa-LOC-N3.mp3,ALP1109,19650915,2026-04-28_14h13.26.715,BrocantoHPilot1WOSession3,2025.2.4,Win32,59.95203837,,,,,,,,,,,,,,,,,,,,,,,,,,,,,,,,,,,,,,,,,,,,,,,,,,,,,,,,,,,,,,,,,,,,,,,,,,,,,,,,,,,,,,,,,
331.885,1,Ab-SBJ-N4-HIDE-INTR-Aa-LOC-N3.mp4,Ab-SBJ-N4-HIDE-INTR-Aa-LOC-N3.mp3,337.508,mouse_continue,5.624,,0,36,36,36,1,1,Ab-SBJ-N4-HIDE-INTR-Aa-LOC-N3.mp4,Ab-SBJ-N4-HIDE-INTR-Aa-LOC-N3.mp3,ALP1109,19650915,2026-04-28_14h13.26.715,BrocantoHPilot1WOSession3,2025.2.4,Win32,59.95203837,,,,,,,,,,,,,,,,,,,,,,,,,,,,,,,,,,,,,,,,,,,,,,,,,,,,,,,,,,,,,,,,,,,,,,,,,,,,,,,,,,,,,,,,,
337.509,1,Aa-SBJ-N1-GO-INTR-Aa-LOC-N4.mp4,Aa-SBJ-N1-GO-INTR-Aa-LOC-N4.mp3,345.93,mouse_continue,8.42,,0,37,37,37,1,1,Aa-SBJ-N1-GO-INTR-Aa-LOC-N4.mp4,Aa-SBJ-N1-GO-INTR-Aa-LOC-N4.mp3,ALP1109,19650915,2026-04-28_14h13.26.715,BrocantoHPilot1WOSession3,2025.2.4,Win32,59.95203837,,,,,,,,,,,,,,,,,,,,,,,,,,,,,,,,,,,,,,,,,,,,,,,,,,,,,,,,,,,,,,,,,,,,,,,,,,,,,,,,,,,,,,,,,
345.934,1,Ab-SBJ-N1-JUMP-INTR-LOC-N4.mp4,Ab-SBJ-N1-JUMP-INTR-LOC-N4.mp3,363.509,mouse_continue,17.576,,0,38,38,38,1,1,Ab-SBJ-N1-JUMP-INTR-LOC-N4.mp4,Ab-SBJ-N1-JUMP-INTR-LOC-N4.mp3,ALP1109,19650915,2026-04-28_14h13.26.715,BrocantoHPilot1WOSession3,2025.2.4,Win32,59.95203837,,,,,,,,,,,,,,,,,,,,,,,,,,,,,,,,,,,,,,,,,,,,,,,,,,,,,,,,,,,,,,,,,,,,,,,,,,,,,,,,,,,,,,,,,
363.511,1,Ab-OBJ-N5-Ab-SBJ-N3-REVEAL-TR.mp4,Ab-OBJ-N5-Ab-SBJ-N3-REVEAL-TR.mp3,374.301,mouse_continue,10.791,,0,39,39,39,1,1,Ab-OBJ-N5-Ab-SBJ-N3-REVEAL-TR.mp4,Ab-OBJ-N5-Ab-SBJ-N3-REVEAL-TR.mp3,ALP1109,19650915,2026-04-28_14h13.26.715,BrocantoHPilot1WOSession3,2025.2.4,Win32,59.95203837,,,,,,,,,,,,,,,,,,,,,,,,,,,,,,,,,,,,,,,,,,,,,,,,,,,,,,,,,,,,,,,,,,,,,,,,,,,,,,,,,,,,,,,,,
374.304,1,Ab-OBJ-N5-SBJ-N4-PUSH-TR-LOC-N2.mp4,Ab-OBJ-N5-SBJ-N4-PUSH-TR-LOC-N2.mp3,384.928,mouse_continue,10.625,,0,40,40,40,1,1,Ab-OBJ-N5-SBJ-N4-PUSH-TR-LOC-N2.mp4,Ab-OBJ-N5-SBJ-N4-PUSH-TR-LOC-N2.mp3,ALP1109,19650915,2026-04-28_14h13.26.715,BrocantoHPilot1WOSession3,2025.2.4,Win32,59.95203837,,,,,,,,,,,,,,,,,,,,,,,,,,,,,,,,,,,,,,,,,,,,,,,,,,,,,,,,,,,,,,,,,,,,,,,,,,,,,,,,,,,,,,,,,
384.931,1,Ab-OBJ-N5-SBJ-N4-REVEAL-TR.mp4,Ab-OBJ-N5-SBJ-N4-REVEAL-TR.mp3,400.94,mouse_continue,16.009,,0,41,41,41,1,1,Ab-OBJ-N5-SBJ-N4-REVEAL-TR.mp4,Ab-OBJ-N5-SBJ-N4-REVEAL-TR.mp3,ALP1109,19650915,2026-04-28_14h13.26.715,BrocantoHPilot1WOSession3,2025.2.4,Win32,59.95203837,,,,,,,,,,,,,,,,,,,,,,,,,,,,,,,,,,,,,,,,,,,,,,,,,,,,,,,,,,,,,,,,,,,,,,,,,,,,,,,,,,,,,,,,,
,,,,,,,,,,,,,1,,,ALP1109,19650915,2026-04-28_14h13.26.715,BrocantoHPilot1WOSession3,2025.2.4,Win32,59.95203837,408.365,1,2,2,43.717,1,28.979,43.717,453.865,0,0,0,0,1,Ab-SBJ-N3-REVEAL-INTR-Ab-LOC-N2.mp3,Ab-SBJ-N3-REVEAL-INTR-Ab-LOC-N2.mp4,Aa-SBJ-N3-HIDE-INTR-Ab-LOC-N2.mp4,,,,,,,,,,,,,,,,,,,,,,,,,,,,,,,,,,,,,,,,,,,,,,,,,,,,,,,,,,,,,,,,,,,,,,,,
,,,,,,,,,,,,,1,,,ALP1109,19650915,2026-04-28_14h13.26.715,BrocantoHPilot1WOSession3,2025.2.4,Win32,59.95203837,453.866,1,1,1,30.555,1,30.165,30.555,486.576,0,1,1,1,1,OBJ-N5-Ab-SBJ-N3-PUSH-TR-Ab-LOC-N2.mp3,OBJ-N5-Ab-SBJ-N3-PUSH-TR-Ab-LOC-N2.mp4,OBJ-N5-Ab-SBJ-N3-REVEAL-TR-Ab-LOC-N2.mp4,,,,,,,,,,,,,,,,,,,,,,,,,,,,,,,,,,,,,,,,,,,,,,,,,,,,,,,,,,,,,,,,,,,,,,,,
,,,,,,,,,,,,,1,,,ALP1109,19650915,2026-04-28_14h13.26.715,BrocantoHPilot1WOSession3,2025.2.4,Win32,59.95203837,486.579,1,1,1,18.605,1,18.372,18.605,506.965,0,2,2,2,1,SBJ-N5-REVEAL-INTR-LOC-N4.mp3,SBJ-N5-REVEAL-INTR-LOC-N4.mp4,SBJ-N4-HIDE-INTR-LOC-N5.mp4,,,,,,,,,,,,,,,,,,,,,,,,,,,,,,,,,,,,,,,,,,,,,,,,,,,,,,,,,,,,,,,,,,,,,,,,
,,,,,,,,,,,,,1,,,ALP1109,19650915,2026-04-28_14h13.26.715,BrocantoHPilot1WOSession3,2025.2.4,Win32,59.95203837,506.968,1,1,1,22.407,1,21.7,22.407,531.198,0,3,3,3,1,OBJ-N5-SBJ-N1-REVEAL-TR-Ab-LOC-N4.mp3,OBJ-N5-SBJ-N1-REVEAL-TR-Ab-LOC-N4.mp4,OBJ-N5-Aa-SBJ-N4-REVEAL-TR-LOC-N1.mp4,,,,,,,,,,,,,,,,,,,,,,,,,,,,,,,,,,,,,,,,,,,,,,,,,,,,,,,,,,,,,,,,,,,,,,,,
,,,,,,,,,,,,,1,,,ALP1109,19650915,2026-04-28_14h13.26.715,BrocantoHPilot1WOSession3,2025.2.4,Win32,59.95203837,531.199,1,2,2,31.393,1,20.877,31.393,564.421,0,4,4,4,1,Ab-SBJ-N4-REVEAL-INTR-LOC-N5.mp3,Ab-SBJ-N4-REVEAL-INTR-LOC-N5.mp4,Aa-SBJ-N4-REVEAL-INTR-LOC-N5.mp4,,,,,,,,,,,,,,,,,,,,,,,,,,,,,,,,,,,,,,,,,,,,,,,,,,,,,,,,,,,,,,,,,,,,,,,,
,,,,,,,,,,,,,1,,,ALP1109,19650915,2026-04-28_14h13.26.715,BrocantoHPilot1WOSession3,2025.2.4,Win32,59.95203837,564.423,1,1,1,26.067,1,23.161,26.067,592.715,0,5,5,5,1,Ab-OBJ-N5-Ab-SBJ-N2-HIDE-TR-LOC-N4.mp3,Ab-OBJ-N5-Ab-SBJ-N2-HIDE-TR-LOC-N4.mp4,Ab-OBJ-N2-Ab-SBJ-N5-HIDE-TR-LOC-N4.mp4,,,,,,,,,,,,,,,,,,,,,,,,,,,,,,,,,,,,,,,,,,,,,,,,,,,,,,,,,,,,,,,,,,,,,,,,
,,,,,,,,,,,,,1,,,ALP1109,19650915,2026-04-28_14h13.26.715,BrocantoHPilot1WOSession3,2025.2.4,Win32,59.95203837,592.716,1,1,1,16.917,1,,16.917,611.428,0,6,6,6,1,OBJ-N5-SBJ-N1-REVEAL-TR-Ab-LOC-N2.mp3,OBJ-N5-SBJ-N1-REVEAL-TR-Ab-LOC-N2.mp4,OBJ-N5-SBJ-N1-HIDE-TR-Aa-LOC-N2.mp4,,,,,,,,,,,,,,,,,,,,,,,,,,,,,,,,,,,,,,,,,,,,,,,,,,,,,,,,,,,,,,,,,,,,,,,,
,,,,,,,,,,,,,1,,,ALP1109,19650915,2026-04-28_14h13.26.715,BrocantoHPilot1WOSession3,2025.2.4,Win32,59.95203837,611.431,1,1,1,23.155,1,21.491,23.155,636.332,0,7,7,7,1,Ab-OBJ-N5-Ab-SBJ-N4-PUSH-TR.mp3,Ab-OBJ-N5-Ab-SBJ-N4-PUSH-TR.mp4,Ab-OBJ-N5-Ab-SBJ-N4-REVEAL-TR.mp4,,,,,,,,,,,,,,,,,,,,,,,,,,,,,,,,,,,,,,,,,,,,,,,,,,,,,,,,,,,,,,,,,,,,,,,,
,,,,,,,,,,,,,1,,,ALP1109,19650915,2026-04-28_14h13.26.715,BrocantoHPilot1WOSession3,2025.2.4,Win32,59.95203837,636.334,1,1,1,18.605,1,18.087,18.605,657.03,0,8,8,8,1,Ab-SBJ-N3-REVEAL-INTR-LOC-N5.mp3,Ab-SBJ-N3-REVEAL-INTR-LOC-N5.mp4,SBJ-N5-REVEAL-INTR-Aa-LOC-N3.mp4,,,,,,,,,,,,,,,,,,,,,,,,,,,,,,,,,,,,,,,,,,,,,,,,,,,,,,,,,,,,,,,,,,,,,,,,
,,,,,,,,,,,,,1,,,ALP1109,19650915,2026-04-28_14h13.26.715,BrocantoHPilot1WOSession3,2025.2.4,Win32,59.95203837,657.032,1,2,2,19.525,1,17.374,19.525,678.306,0,9,9,9,1,SBJ-N3-JUMP-INTR.mp3,SBJ-N3-JUMP-INTR.mp4,SBJ-N3-GO-INTR.mp4,,,,,,,,,,,,,,,,,,,,,,,,,,,,,,,,,,,,,,,,,,,,,,,,,,,,,,,,,,,,,,,,,,,,,,,,
,,,,,,,,,,,,,1,,,ALP1109,19650915,2026-04-28_14h13.26.715,BrocantoHPilot1WOSession3,2025.2.4,Win32,59.95203837,678.308,1,2,2,18.465,1,17.636,18.465,698.438,0,10,10,10,1,Ab-SBJ-N5-HIDE-INTR.mp3,Ab-SBJ-N5-HIDE-INTR.mp4,Aa-SBJ-N5-HIDE-INTR.mp4,,,,,,,,,,,,,,,,,,,,,,,,,,,,,,,,,,,,,,,,,,,,,,,,,,,,,,,,,,,,,,,,,,,,,,,,
,,,,,,,,,,,,,1,,,ALP1109,19650915,2026-04-28_14h13.26.715,BrocantoHPilot1WOSession3,2025.2.4,Win32,59.95203837,698.44,1,2,2,21.918,1,21.673,21.918,722.098,0,11,11,11,1,SBJ-N2-REVEAL-INTR-Ab-LOC-N3.mp3,SBJ-N2-REVEAL-INTR-Ab-LOC-N3.mp4,Ab-SBJ-N3-GO-INTR-LOC-N2.mp4,,,,,,,,,,,,,,,,,,,,,,,,,,,,,,,,,,,,,,,,,,,,,,,,,,,,,,,,,,,,,,,,,,,,,,,,
,,,,,,,,,,,,,1,,,ALP1109,19650915,2026-04-28_14h13.26.715,BrocantoHPilot1WOSession3,2025.2.4,Win32,59.95203837,722.099,1,1,1,21.479,1,20.694,21.479,745.423,0,12,12,12,1,Ab-OBJ-N5-Ab-SBJ-N3-HIDE-TR-LOC-N4.mp3,Ab-OBJ-N5-Ab-SBJ-N3-HIDE-TR-LOC-N4.mp4,Ab-OBJ-N5-SBJ-N4-HIDE-TR-Ab-LOC-N3.mp4,,,,,,,,,,,,,,,,,,,,,,,,,,,,,,,,,,,,,,,,,,,,,,,,,,,,,,,,,,,,,,,,,,,,,,,,
,,,,,,,,,,,,,1,,,ALP1109,19650915,2026-04-28_14h13.26.715,BrocantoHPilot1WOSession3,2025.2.4,Win32,59.95203837,745.425,1,1,1,20.009,1,19.102,20.009,767.289,0,13,13,13,1,Ab-OBJ-N5-Ab-SBJ-N2-HIDE-TR.mp3,Ab-OBJ-N5-Ab-SBJ-N2-HIDE-TR.mp4,Aa-OBJ-N5-Ab-SBJ-N2-REVEAL-TR.mp4,,,,,,,,,,,,,,,,,,,,,,,,,,,,,,,,,,,,,,,,,,,,,,,,,,,,,,,,,,,,,,,,,,,,,,,,
,,,,,,,,,,,,,1,,,ALP1109,19650915,2026-04-28_14h13.26.715,BrocantoHPilot1WOSession3,2025.2.4,Win32,59.95203837,767.29,1,2,2,17.785,1,18.374,17.785,787.025,0,14,14,14,1,Ab-SBJ-N2-GO-INTR.mp3,Ab-SBJ-N2-GO-INTR.mp4,Aa-SBJ-N2-GO-INTR.mp4,,,,,,,,,,,,,,,,,,,,,,,,,,,,,,,,,,,,,,,,,,,,,,,,,,,,,,,,,,,,,,,,,,,,,,,,
,,,,,,,,,,,,,1,,,ALP1109,19650915,2026-04-28_14h13.26.715,BrocantoHPilot1WOSession3,2025.2.4,Win32,59.95203837,787.028,1,2,2,18.202,1,17.954,18.202,807.054,0,15,15,15,1,SBJ-N5-REVEAL-INTR-Ab-LOC-N4.mp3,SBJ-N5-REVEAL-INTR-Ab-LOC-N4.mp4,Aa-SBJ-N4-REVEAL-INTR-LOC-N5.mp4,,,,,,,,,,,,,,,,,,,,,,,,,,,,,,,,,,,,,,,,,,,,,,,,,,,,,,,,,,,,,,,,,,,,,,,,
,,,,,,,,,,,,,1,,,ALP1109,19650915,2026-04-28_14h13.26.715,BrocantoHPilot1WOSession3,2025.2.4,Win32,59.95203837,807.057,1,1,1,22.242,1,22.346,22.242,831.01,0,16,16,16,1,OBJ-N5-SBJ-N2-PUSH-TR.mp3,OBJ-N5-SBJ-N2-PUSH-TR.mp4,OBJ-N2-SBJ-N5-HIDE-TR.mp4,,,,,,,,,,,,,,,,,,,,,,,,,,,,,,,,,,,,,,,,,,,,,,,,,,,,,,,,,,,,,,,,,,,,,,,,
,,,,,,,,,,,,,1,,,ALP1109,19650915,2026-04-28_14h13.26.715,BrocantoHPilot1WOSession3,2025.2.4,Win32,59.95203837,831.011,1,1,2,27.983,0,27.315,27.983,860.955,0,17,17,17,1,Ab-OBJ-N5-SBJ-N1-REVEAL-TR-Ab-LOC-N2.mp3,Ab-OBJ-N5-SBJ-N1-REVEAL-TR-Ab-LOC-N2.mp4,Ab-OBJ-N5-Ab-SBJ-N2-REVEAL-TR-LOC-N1.mp4,,,,,,,,,,,,,,,,,,,,,,,,,,,,,,,,,,,,,,,,,,,,,,,,,,,,,,,,,,,,,,,,,,,,,,,,
,,,,,,,,,,,,,1,,,ALP1109,19650915,2026-04-28_14h13.26.715,BrocantoHPilot1WOSession3,2025.2.4,Win32,59.95203837,860.957,1,2,2,17.197,1,16.867,17.197,879.849,0,18,18,18,1,SBJ-N1-HIDE-INTR.mp3,SBJ-N1-HIDE-INTR.mp4,SBJ-N1-GO-INTR.mp4,,,,,,,,,,,,,,,,,,,,,,,,,,,,,,,,,,,,,,,,,,,,,,,,,,,,,,,,,,,,,,,,,,,,,,,,
,,,,,,,,,,,,,1,,,ALP1109,19650915,2026-04-28_14h13.26.715,BrocantoHPilot1WOSession3,2025.2.4,Win32,59.95203837,879.85,1,1,1,25.896,1,25.796,25.896,907.553,0,19,19,19,1,Ab-OBJ-N5-Ab-SBJ-N1-HIDE-TR.mp3,Ab-OBJ-N5-Ab-SBJ-N1-HIDE-TR.mp4,Ab-OBJ-N5-Aa-SBJ-N1-PUSH-TR.mp4,,,,,,,,,,,,,,,,,,,,,,,,,,,,,,,,,,,,,,,,,,,,,,,,,,,,,,,,,,,,,,,,,,,,,,,,
,,,,,,,,,,,,,1,,,ALP1109,19650915,2026-04-28_14h13.26.715,BrocantoHPilot1WOSession3,2025.2.4,Win32,59.95203837,907.555,1,2,2,31.197,1,29.111,31.197,940.505,0,20,20,20,1,OBJ-N5-Ab-SBJ-N1-REVEAL-TR-Ab-LOC-N2.mp3,OBJ-N5-Ab-SBJ-N1-REVEAL-TR-Ab-LOC-N2.mp4,Ab-OBJ-N1-SBJ-N5-REVEAL-TR-Aa-LOC-N2.mp4,,,,,,,,,,,,,,,,,,,,,,,,,,,,,,,,,,,,,,,,,,,,,,,,,,,,,,,,,,,,,,,,,,,,,,,,
,,,,,,,,,,,,,1,,,ALP1109,19650915,2026-04-28_14h13.26.715,BrocantoHPilot1WOSession3,2025.2.4,Win32,59.95203837,940.509,1,1,1,27.001,1,27.325,27.001,969.24,0,21,21,21,1,Ab-OBJ-N5-Ab-SBJ-N4-PUSH-TR.mp3,Ab-OBJ-N5-Ab-SBJ-N4-PUSH-TR.mp4,Aa-OBJ-N5-Ab-SBJ-N4-PUSH-TR.mp4,,,,,,,,,,,,,,,,,,,,,,,,,,,,,,,,,,,,,,,,,,,,,,,,,,,,,,,,,,,,,,,,,,,,,,,,
,,,,,,,,,,,,,1,,,ALP1109,19650915,2026-04-28_14h13.26.715,BrocantoHPilot1WOSession3,2025.2.4,Win32,59.95203837,969.241,1,2,2,39.536,1,25.026,39.536,1010.572,0,22,22,22,1,OBJ-N5-Ab-SBJ-N3-REVEAL-TR-Ab-LOC-N1.mp3,OBJ-N5-Ab-SBJ-N3-REVEAL-TR-Ab-LOC-N1.mp4,Ab-OBJ-N1-Ab-SBJ-N3-PUSH-TR-LOC-N5.mp4,,,,,,,,,,,,,,,,,,,,,,,,,,,,,,,,,,,,,,,,,,,,,,,,,,,,,,,,,,,,,,,,,,,,,,,,
,,,,,,,,,,,,,1,,,ALP1109,19650915,2026-04-28_14h13.26.715,BrocantoHPilot1WOSession3,2025.2.4,Win32,59.95203837,1010.575,1,1,1,23.676,1,18.439,23.676,1036.046,0,23,23,23,1,Ab-SBJ-N3-JUMP-INTR.mp3,Ab-SBJ-N3-JUMP-INTR.mp4,Aa-SBJ-N3-REVEAL-INTR.mp4,,,,,,,,,,,,,,,,,,,,,,,,,,,,,,,,,,,,,,,,,,,,,,,,,,,,,,,,,,,,,,,,,,,,,,,,
,,,,,,,,,,,,,1,,,ALP1109,19650915,2026-04-28_14h13.26.715,BrocantoHPilot1WOSession3,2025.2.4,Win32,59.95203837,1036.049,1,2,1,24.374,0,21.321,24.374,1062.115,0,24,24,24,1,OBJ-N5-SBJ-N4-PUSH-TR-LOC-N2.mp3,OBJ-N5-SBJ-N4-PUSH-TR-LOC-N2.mp4,OBJ-N5-SBJ-N2-PUSH-TR-LOC-N4.mp4,,,,,,,,,,,,,,,,,,,,,,,,,,,,,,,,,,,,,,,,,,,,,,,,,,,,,,,,,,,,,,,,,,,,,,,,
,,,,,,,,,,,,,1,,,ALP1109,19650915,2026-04-28_14h13.26.715,BrocantoHPilot1WOSession3,2025.2.4,Win32,59.95203837,1062.118,1,2,2,22.27,1,21.862,22.27,1086.051,0,25,25,25,1,Ab-OBJ-N5-SBJ-N3-HIDE-TR.mp3,Ab-OBJ-N5-SBJ-N3-HIDE-TR.mp4,Ab-OBJ-N5-SBJ-N3-REVEAL-TR.mp4,,,,,,,,,,,,,,,,,,,,,,,,,,,,,,,,,,,,,,,,,,,,,,,,,,,,,,,,,,,,,,,,,,,,,,,,
,,,,,,,,,,,,,1,,,ALP1109,19650915,2026-04-28_14h13.26.715,BrocantoHPilot1WOSession3,2025.2.4,Win32,59.95203837,1086.053,1,2,2,19.196,1,19.148,19.196,1107.051,0,26,26,26,1,SBJ-N1-GO-INTR.mp3,SBJ-N1-GO-INTR.mp4,SBJ-N1-REVEAL-INTR.mp4,,,,,,,,,,,,,,,,,,,,,,,,,,,,,,,,,,,,,,,,,,,,,,,,,,,,,,,,,,,,,,,,,,,,,,,,
,,,,,,,,,,,,,1,,,ALP1109,19650915,2026-04-28_14h13.26.715,BrocantoHPilot1WOSession3,2025.2.4,Win32,59.95203837,1107.055,1,1,1,18.67,1,15.731,18.67,1127.402,0,27,27,27,1,SBJ-N5-HIDE-INTR.mp3,SBJ-N5-HIDE-INTR.mp4,SBJ-N5-GO-INTR.mp4,,,,,,,,,,,,,,,,,,,,,,,,,,,,,,,,,,,,,,,,,,,,,,,,,,,,,,,,,,,,,,,,,,,,,,,,
,,,,,,,,,,,,,1,,,ALP1109,19650915,2026-04-28_14h13.26.715,BrocantoHPilot1WOSession3,2025.2.4,Win32,59.95203837,1127.404,1,2,2,20.32,1,18.895,20.32,1149.479,0,28,28,28,1,Ab-OBJ-N5-SBJ-N4-REVEAL-TR.mp3,Ab-OBJ-N5-SBJ-N4-REVEAL-TR.mp4,OBJ-N4-Aa-SBJ-N5-REVEAL-TR.mp4,,,,,,,,,,,,,,,,,,,,,,,,,,,,,,,,,,,,,,,,,,,,,,,,,,,,,,,,,,,,,,,,,,,,,,,,
,,,,,,,,,,,,,1,,,ALP1109,19650915,2026-04-28_14h13.26.715,BrocantoHPilot1WOSession3,2025.2.4,Win32,59.95203837,1149.48,1,2,1,19.82,0,19.034,19.82,1170.958,0,29,29,29,1,Ab-OBJ-N5-Ab-SBJ-N3-PUSH-TR-LOC-N2.mp3,Ab-OBJ-N5-Ab-SBJ-N3-PUSH-TR-LOC-N2.mp4,Ab-OBJ-N5-Aa-SBJ-N3-PUSH-TR-LOC-N2.mp4,,,,,,,,,,,,,,,,,,,,,,,,,,,,,,,,,,,,,,,,,,,,,,,,,,,,,,,,,,,,,,,,,,,,,,,,
,,,,,,,,,,,,,1,,,ALP1109,19650915,2026-04-28_14h13.26.715,BrocantoHPilot1WOSession3,2025.2.4,Win32,59.95203837,1170.961,1,1,1,22.823,1,17.953,22.823,1195.492,0,30,30,30,1,Ab-OBJ-N5-SBJ-N2-HIDE-TR.mp3,Ab-OBJ-N5-SBJ-N2-HIDE-TR.mp4,OBJ-N2-Ab-SBJ-N5-PUSH-TR.mp4,,,,,,,,,,,,,,,,,,,,,,,,,,,,,,,,,,,,,,,,,,,,,,,,,,,,,,,,,,,,,,,,,,,,,,,,
,,,,,,,,,,,,,1,,,ALP1109,19650915,2026-04-28_14h13.26.715,BrocantoHPilot1WOSession3,2025.2.4,Win32,59.95203837,1195.493,1,2,2,17.584,1,15.281,17.584,1214.758,0,31,31,31,1,SBJ-N3-JUMP-INTR.mp3,SBJ-N3-JUMP-INTR.mp4,SBJ-N3-GO-INTR.mp4,,,,,,,,,,,,,,,,,,,,,,,,,,,,,,,,,,,,,,,,,,,,,,,,,,,,,,,,,,,,,,,,,,,,,,,,
,,,,,,,,,,,,,1,,,ALP1109,19650915,2026-04-28_14h13.26.715,BrocantoHPilot1WOSession3,2025.2.4,Win32,59.95203837,1214.759,1,1,2,31.36,0,22.155,31.36,1248.05,0,32,32,32,1,SBJ-N1-GO-INTR.mp3,SBJ-N1-GO-INTR.mp4,SBJ-N1-JUMP-INTR.mp4,,,,,,,,,,,,,,,,,,,,,,,,,,,,,,,,,,,,,,,,,,,,,,,,,,,,,,,,,,,,,,,,,,,,,,,,
,,,,,,,,,,,,,1,,,ALP1109,19650915,2026-04-28_14h13.26.715,BrocantoHPilot1WOSession3,2025.2.4,Win32,59.95203837,1248.052,1,1,1,26.614,1,19.625,26.614,1276.44,0,33,33,33,1,Aa-SBJ-N5-GO-INTR-LOC-N4.mp3,Aa-SBJ-N5-GO-INTR-LOC-N4.mp4,SBJ-N4-GO-INTR-Aa-LOC-N5.mp4,,,,,,,,,,,,,,,,,,,,,,,,,,,,,,,,,,,,,,,,,,,,,,,,,,,,,,,,,,,,,,,,,,,,,,,,
,,,,,,,,,,,,,1,,,ALP1109,19650915,2026-04-28_14h13.26.715,BrocantoHPilot1WOSession3,2025.2.4,Win32,59.95203837,1276.443,1,2,2,19.412,1,19.309,19.412,1297.445,0,34,34,34,1,SBJ-N3-JUMP-INTR-Aa-LOC-N1.mp3,SBJ-N3-JUMP-INTR-Aa-LOC-N1.mp4,SBJ-N3-HIDE-INTR-Ab-LOC-N1.mp4,,,,,,,,,,,,,,,,,,,,,,,,,,,,,,,,,,,,,,,,,,,,,,,,,,,,,,,,,,,,,,,,,,,,,,,,
,,,,,,,,,,,,,1,,,ALP1109,19650915,2026-04-28_14h13.26.715,BrocantoHPilot1WOSession3,2025.2.4,Win32,59.95203837,1297.449,1,1,1,31.716,1,19.389,31.716,1330.804,0,35,35,35,1,SBJ-N1-HIDE-INTR-Ab-LOC-N3.mp3,SBJ-N1-HIDE-INTR-Ab-LOC-N3.mp4,Aa-SBJ-N3-HIDE-INTR-LOC-N1.mp4,,,,,,,,,,,,,,,,,,,,,,,,,,,,,,,,,,,,,,,,,,,,,,,,,,,,,,,,,,,,,,,,,,,,,,,,
,,,,,,,,,,,,,1,,,ALP1109,19650915,2026-04-28_14h13.26.715,BrocantoHPilot1WOSession3,2025.2.4,Win32,59.95203837,1330.806,1,2,2,23.368,1,21.941,23.368,1355.974,0,36,36,36,1,Ab-SBJ-N5-JUMP-INTR-LOC-N1.mp3,Ab-SBJ-N5-JUMP-INTR-LOC-N1.mp4,Aa-SBJ-N5-JUMP-INTR-LOC-N1.mp4,,,,,,,,,,,,,,,,,,,,,,,,,,,,,,,,,,,,,,,,,,,,,,,,,,,,,,,,,,,,,,,,,,,,,,,,
,,,,,,,,,,,,,1,,,ALP1109,19650915,2026-04-28_14h13.26.715,BrocantoHPilot1WOSession3,2025.2.4,Win32,59.95203837,1355.977,1,1,1,24.814,1,17.352,24.814,1382.383,0,37,37,37,1,Aa-SBJ-N5-GO-INTR-Aa-LOC-N2.mp3,Aa-SBJ-N5-GO-INTR-Aa-LOC-N2.mp4,Aa-SBJ-N2-HIDE-INTR-Aa-LOC-N5.mp4,,,,,,,,,,,,,,,,,,,,,,,,,,,,,,,,,,,,,,,,,,,,,,,,,,,,,,,,,,,,,,,,,,,,,,,,
,,,,,,,,,,,,,1,,,ALP1109,19650915,2026-04-28_14h13.26.715,BrocantoHPilot1WOSession3,2025.2.4,Win32,59.95203837,1382.386,1,2,2,22.303,1,21.869,22.303,1406.514,0,38,38,38,1,SBJ-N1-HIDE-INTR-Ab-LOC-N4.mp3,SBJ-N1-HIDE-INTR-Ab-LOC-N4.mp4,Ab-SBJ-N4-HIDE-INTR-LOC-N1.mp4,,,,,,,,,,,,,,,,,,,,,,,,,,,,,,,,,,,,,,,,,,,,,,,,,,,,,,,,,,,,,,,,,,,,,,,,
,,,,,,,,,,,,,1,,,ALP1109,19650915,2026-04-28_14h13.26.715,BrocantoHPilot1WOSession3,2025.2.4,Win32,59.95203837,1406.515,1,1,1,21.025,1,20.025,21.025,1429.15,0,39,39,39,1,OBJ-N5-Ab-SBJ-N1-REVEAL-TR-Ab-LOC-N3.mp3,OBJ-N5-Ab-SBJ-N1-REVEAL-TR-Ab-LOC-N3.mp4,OBJ-N5-Ab-SBJ-N1-PUSH-TR-Aa-LOC-N3.mp4,,,,,,,,,,,,,,,,,,,,,,,,,,,,,,,,,,,,,,,,,,,,,,,,,,,,,,,,,,,,,,,,,,,,,,,,
,,,,,,,,,,,,,1,,,ALP1109,19650915,2026-04-28_14h13.26.715,BrocantoHPilot1WOSession3,2025.2.4,Win32,59.95203837,1429.152,1,1,1,27.962,1,,27.962,1458.829,0,40,40,40,1,Ab-OBJ-N5-Ab-SBJ-N3-HIDE-TR-Ab-LOC-N4.mp3,Ab-OBJ-N5-Ab-SBJ-N3-HIDE-TR-Ab-LOC-N4.mp4,Ab-OBJ-N4-Aa-SBJ-N3-HIDE-TR-Ab-LOC-N5.mp4,,,,,,,,,,,,,,,,,,,,,,,,,,,,,,,,,,,,,,,,,,,,,,,,,,,,,,,,,,,,,,,,,,,,,,,,
,,,,,,,,,,,,,1,,,ALP1109,19650915,2026-04-28_14h13.26.715,BrocantoHPilot1WOSession3,2025.2.4,Win32,59.95203837,1458.831,1,2,2,29.495,1,28.994,29.495,1490.016,0,41,41,41,1,Ab-OBJ-N5-SBJ-N4-HIDE-TR.mp3,Ab-OBJ-N5-SBJ-N4-HIDE-TR.mp4,Aa-OBJ-N5-SBJ-N4-HIDE-TR.mp4,,,,,,,,,,,,,,,,,,,,,,,,,,,,,,,,,,,,,,,,,,,,,,,,,,,,,,,,,,,,,,,,,,,,,,,,
,,,,,,,,,,,,,1,,,ALP1109,19650915,2026-04-28_14h13.26.715,BrocantoHPilot1WOSession3,2025.2.4,Win32,59.95203837,,,,,,,,,,,,,,,Ab OBJ.N5 Ab SBJ.N2 REVEAL-TR LOC.N1,,,1509.257,1,Ab-OBJ-N5-Ab-SBJ-N2-REVEAL-TR-LOC-N1.mp4,Ab|N5|Ab|N2|REVEAL|N1,HIDE|Aa|N1|Ab|N2|N4|REVEAL|N5|JUMP|Ab,zsot|timó|zsot|murak|girda|pekli,zsübe|gyék|pekli|zsot|murak|dabi|girda|timó|bonip|zsot,0,8.105,36.142,zsot timó girda zsot murak,1548.724,0,0,0,0,1,Ab-OBJ-N5-Ab-SBJ-N2-REVEAL-TR-LOC-N1.mp4,Ab|N5|Ab|N2|REVEAL|N1,HIDE|Aa|N1|Ab|N2|N4|REVEAL|N5|JUMP|Ab,zsot timó zsot murak girda pekli,zsot|timó|zsot|murak|girda|pekli,zsübe|gyék|pekli|zsot|murak|dabi|girda|timó|bonip|zsot,,,,,,,,,,,,,,,,,,,,,,,,,,,,,,,,,,,,,,,,,,,,,,,,,
,,,,,,,,,,,,,1,,,ALP1109,19650915,2026-04-28_14h13.26.715,BrocantoHPilot1WOSession3,2025.2.4,Win32,59.95203837,,,,,,,,,,,,,,,Ab SBJ.N2 REVEAL-INTR Ab LOC.N5,,,1549.234,1,Ab-SBJ-N2-REVEAL-INTR-Ab-LOC-N5.mp4,Ab|N2|REVEAL|Ab|N5,Ab|PUSH|N5|HIDE|REVEAL|Ab|N3|N2|N4,zsot|murak|girda|zsot|timó,zsot|vánta|timó|zsübe|girda|zsot|zilép|murak|dabi,0,10.753,41.035,zsot murak zsot timó girda,1593.244,0,1,1,1,1,Ab-SBJ-N2-REVEAL-INTR-Ab-LOC-N5.mp4,Ab|N2|REVEAL|Ab|N5,Ab|PUSH|N5|HIDE|REVEAL|Ab|N3|N2|N4,zsot murak girda zsot timó,zsot|murak|girda|zsot|timó,zsot|vánta|timó|zsübe|girda|zsot|zilép|murak|dabi,,,,,,,,,,,,,,,,,,,,,,,,,,,,,,,,,,,,,,,,,,,,,,,,,
,,,,,,,,,,,,,1,,,ALP1109,19650915,2026-04-28_14h13.26.715,BrocantoHPilot1WOSession3,2025.2.4,Win32,59.95203837,,,,,,,,,,,,,,,Ab SBJ.N5 REVEAL-INTR LOC.N2,,,1593.759,1,Ab-SBJ-N5-REVEAL-INTR-LOC-N2.mp4,Ab|N5|REVEAL|N2,PUSH|REVEAL|Aa|N2|GO|N5|Ab|N4,zsot|timó|girda|murak,vánta|girda|gyék|murak|kávler|timó|zsot|dabi,0,8.246,28.864,zsot murak girda timó,1627.454,0,2,2,2,1,Ab-SBJ-N5-REVEAL-INTR-LOC-N2.mp4,Ab|N5|REVEAL|N2,PUSH|REVEAL|Aa|N2|GO|N5|Ab|N4,zsot timó girda murak,zsot|timó|girda|murak,vánta|girda|gyék|murak|kávler|timó|zsot|dabi,,,,,,,,,,,,,,,,,,,,,,,,,,,,,,,,,,,,,,,,,,,,,,,,,
,,,,,,,,,,,,,1,,,ALP1109,19650915,2026-04-28_14h13.26.715,BrocantoHPilot1WOSession3,2025.2.4,Win32,59.95203837,,,,,,,,,,,,,,,OBJ.N5 Ab SBJ.N3 HIDE-TR LOC.N4,,,1627.974,1,OBJ-N5-Ab-SBJ-N3-HIDE-TR-LOC-N4.mp4,N5|Ab|N3|HIDE|N4,N2|N3|Ab|GO|HIDE|REVEAL|N4|N5|PUSH,timó|zsot|zilép|zsübe|dabi,murak|zilép|zsot|kávler|zsübe|girda|dabi|timó|vánta,0,5.574,55.946,timó zsübe zsot zilép girda,1689.908,0,3,3,3,1,OBJ-N5-Ab-SBJ-N3-HIDE-TR-LOC-N4.mp4,N5|Ab|N3|HIDE|N4,N2|N3|Ab|GO|HIDE|REVEAL|N4|N5|PUSH,timó zsot zilép zsübe dabi,timó|zsot|zilép|zsübe|dabi,murak|zilép|zsot|kávler|zsübe|girda|dabi|timó|vánta,,,,,,,,,,,,,,,,,,,,,,,,,,,,,,,,,,,,,,,,,,,,,,,,,
,,,,,,,,,,,,,1,,,ALP1109,19650915,2026-04-28_14h13.26.715,BrocantoHPilot1WOSession3,2025.2.4,Win32,59.95203837,,,,,,,,,,,,,,,OBJ.N5 Ab SBJ.N3 PUSH-TR Ab LOC.N4,,,1690.439,1,OBJ-N5-Ab-SBJ-N3-PUSH-TR-Ab-LOC-N4.mp4,N5|Ab|N3|PUSH|Ab|N4,HIDE|Ab|JUMP|N2|N3|PUSH|N5|N1|N4|Ab,timó|zsot|zilép|vánta|zsot|dabi,zsübe|zsot|bonip|murak|zilép|vánta|timó|pekli|dabi|zsot,0,6.187,33.367,zsot zilép vánta timó dabi,1726.309,0,4,4,4,1,OBJ-N5-Ab-SBJ-N3-PUSH-TR-Ab-LOC-N4.mp4,N5|Ab|N3|PUSH|Ab|N4,HIDE|Ab|JUMP|N2|N3|PUSH|N5|N1|N4|Ab,timó zsot zilép vánta zsot dabi,timó|zsot|zilép|vánta|zsot|dabi,zsübe|zsot|bonip|murak|zilép|vánta|timó|pekli|dabi|zsot,,,,,,,,,,,,,,,,,,,,,,,,,,,,,,,,,,,,,,,,,,,,,,,,,
,,,,,,,,,,,,,1,,,ALP1109,19650915,2026-04-28_14h13.26.715,BrocantoHPilot1WOSession3,2025.2.4,Win32,59.95203837,,,,,,,,,,,,,,,Ab SBJ.N5 REVEAL-INTR Ab LOC.N2,,,1726.82,1,Ab-SBJ-N5-REVEAL-INTR-Ab-LOC-N2.mp4,Ab|N5|REVEAL|Ab|N2,Ab|JUMP|HIDE|Ab|REVEAL|N2|N1|N5|N3,zsot|timó|girda|zsot|murak,zsot|bonip|zsübe|zsot|girda|murak|pekli|timó|zilép,1,7.303,28.902,zsot timó girda zsot murak,1777.19,0,5,5,5,1,Ab-SBJ-N5-REVEAL-INTR-Ab-LOC-N2.mp4,Ab|N5|REVEAL|Ab|N2,Ab|JUMP|HIDE|Ab|REVEAL|N2|N1|N5|N3,zsot timó girda zsot murak,zsot|timó|girda|zsot|murak,zsot|bonip|zsübe|zsot|girda|murak|pekli|timó|zilép,,,,,,,,,,,,,,,,,,,,,,,,,,,,,,,,,,,,,,,,,,,,,,,,,
,,,,,,,,,,,,,1,,,ALP1109,19650915,2026-04-28_14h13.26.715,BrocantoHPilot1WOSession3,2025.2.4,Win32,59.95203837,,,,,,,,,,,,,,,OBJ.N5 SBJ.N3 HIDE-TR Ab LOC.N2,,,1777.713,1,OBJ-N5-SBJ-N3-HIDE-TR-Ab-LOC-N2.mp4,N5|N3|HIDE|Ab|N2,Aa|PUSH|HIDE|N3|N1|N2|Ab|N5|N4,timó|zilép|zsübe|zsot|murak,gyék|vánta|zsübe|zilép|pekli|murak|zsot|timó|dabi,0,6.934,26.241,zsot zilép zsübe timó,1811.205,0,6,6,6,1,OBJ-N5-SBJ-N3-HIDE-TR-Ab-LOC-N2.mp4,N5|N3|HIDE|Ab|N2,Aa|PUSH|HIDE|N3|N1|N2|Ab|N5|N4,timó zilép zsübe zsot murak,timó|zilép|zsübe|zsot|murak,gyék|vánta|zsübe|zilép|pekli|murak|zsot|timó|dabi,,,,,,,,,,,,,,,,,,,,,,,,,,,,,,,,,,,,,,,,,,,,,,,,,
,,,,,,,,,,,,,1,,,ALP1109,19650915,2026-04-28_14h13.26.715,BrocantoHPilot1WOSession3,2025.2.4,Win32,59.95203837,,,,,,,,,,,,,,,SBJ.N3 REVEAL-INTR Ab LOC.N2,,,1811.72,1,SBJ-N3-REVEAL-INTR-Ab-LOC-N2.mp4,N3|REVEAL|Ab|N2,REVEAL|PUSH|N3|Ab|N2|GO|N5|N1,zilép|girda|zsot|murak,girda|vánta|zilép|zsot|murak|kávler|timó|pekli,0,7.081,17.044,zilép girda murak,1832.561,0,7,7,7,1,SBJ-N3-REVEAL-INTR-Ab-LOC-N2.mp4,N3|REVEAL|Ab|N2,REVEAL|PUSH|N3|Ab|N2|GO|N5|N1,zilép girda zsot murak,zilép|girda|zsot|murak,girda|vánta|zilép|zsot|murak|kávler|timó|pekli,,,,,,,,,,,,,,,,,,,,,,,,,,,,,,,,,,,,,,,,,,,,,,,,,
,,,,,,,,,,,,,1,,,ALP1109,19650915,2026-04-28_14h13.26.715,BrocantoHPilot1WOSession3,2025.2.4,Win32,59.95203837,,,,,,,,,,,,,,,Ab OBJ.N5 Ab SBJ.N3 REVEAL-TR,,,1833.063,1,Ab-OBJ-N5-Ab-SBJ-N3-REVEAL-TR.mp4,Ab|N5|Ab|N3|REVEAL,N5|PUSH|Aa|REVEAL|HIDE|N4|N3|Ab|Ab,zsot|timó|zsot|zilép|girda,timó|vánta|gyék|girda|zsübe|dabi|zilép|zsot|zsot,0,6.214,18.17,zsot timó girda zsot zilép,1856.826,0,8,8,8,1,Ab-OBJ-N5-Ab-SBJ-N3-REVEAL-TR.mp4,Ab|N5|Ab|N3|REVEAL,N5|PUSH|Aa|REVEAL|HIDE|N4|N3|Ab|Ab,zsot timó zsot zilép girda,zsot|timó|zsot|zilép|girda,timó|vánta|gyék|girda|zsübe|dabi|zilép|zsot|zsot,,,,,,,,,,,,,,,,,,,,,,,,,,,,,,,,,,,,,,,,,,,,,,,,,
,,,,,,,,,,,,,1,,,ALP1109,19650915,2026-04-28_14h13.26.715,BrocantoHPilot1WOSession3,2025.2.4,Win32,59.95203837,,,,,,,,,,,,,,,SBJ.N4 JUMP-INTR,,,1857.33,1,SBJ-N4-JUMP-INTR.mp4,N4|JUMP,N2|N4|JUMP|N1|N5|Aa,dabi|bonip,murak|dabi|bonip|pekli|timó|gyék,1,5.283,13.291,dabi bonip,1873.607,0,9,9,9,1,SBJ-N4-JUMP-INTR.mp4,N4|JUMP,N2|N4|JUMP|N1|N5|Aa,dabi bonip,dabi|bonip,murak|dabi|bonip|pekli|timó|gyék,,,,,,,,,,,,,,,,,,,,,,,,,,,,,,,,,,,,,,,,,,,,,,,,,
,,,,,,,,,,,,,1,,,ALP1109,19650915,2026-04-28_14h13.26.715,BrocantoHPilot1WOSession3,2025.2.4,Win32,59.95203837,,,,,,,,,,,,,,,Ab SBJ.N3 REVEAL-INTR LOC.N4,,,1874.123,1,Ab-SBJ-N3-REVEAL-INTR-LOC-N4.mp4,Ab|N3|REVEAL|N4,N4|Aa|N2|HIDE|Ab|JUMP|N3|REVEAL,zsot|zilép|girda|dabi,dabi|gyék|murak|zsübe|zsot|bonip|zilép|girda,0,7.528,26.865,zsot zilép dabi girda,1906.284,0,10,10,10,1,Ab-SBJ-N3-REVEAL-INTR-LOC-N4.mp4,Ab|N3|REVEAL|N4,N4|Aa|N2|HIDE|Ab|JUMP|N3|REVEAL,zsot zilép girda dabi,zsot|zilép|girda|dabi,dabi|gyék|murak|zsübe|zsot|bonip|zilép|girda,,,,,,,,,,,,,,,,,,,,,,,,,,,,,,,,,,,,,,,,,,,,,,,,,
,,,,,,,,,,,,,1,,,ALP1109,19650915,2026-04-28_14h13.26.715,BrocantoHPilot1WOSession3,2025.2.4,Win32,59.95203837,,,,,,,,,,,,,,,SBJ.N1 GO-INTR,,,1906.798,1,SBJ-N1-GO-INTR.mp4,N1|GO,Ab|N3|PUSH|HIDE|N1|GO,pekli|kávler,zsot|zilép|vánta|zsübe|pekli|kávler,1,6.308,10.339,pekli kávler,1921.592,0,11,11,11,1,SBJ-N1-GO-INTR.mp4,N1|GO,Ab|N3|PUSH|HIDE|N1|GO,pekli kávler,pekli|kávler,zsot|zilép|vánta|zsübe|pekli|kávler,,,,,,,,,,,,,,,,,,,,,,,,,,,,,,,,,,,,,,,,,,,,,,,,,
,,,,,,,,,,,,,1,,,ALP1109,19650915,2026-04-28_14h13.26.715,BrocantoHPilot1WOSession3,2025.2.4,Win32,59.95203837,,,,,,,,,,,,,,,Ab OBJ.N5 Ab SBJ.N4 PUSH-TR,,,1922.112,1,Ab-OBJ-N5-Ab-SBJ-N4-PUSH-TR.mp4,Ab|N5|Ab|N4|PUSH,JUMP|REVEAL|Aa|GO|Ab|N5|Ab|N4|PUSH,zsot|timó|zsot|dabi|vánta,bonip|girda|gyék|kávler|zsot|timó|zsot|dabi|vánta,1,5.697,29.072,zsot timó zsot dabi vánta,1954.67,0,12,12,12,1,Ab-OBJ-N5-Ab-SBJ-N4-PUSH-TR.mp4,Ab|N5|Ab|N4|PUSH,JUMP|REVEAL|Aa|GO|Ab|N5|Ab|N4|PUSH,zsot timó zsot dabi vánta,zsot|timó|zsot|dabi|vánta,bonip|girda|gyék|kávler|zsot|timó|zsot|dabi|vánta,,,,,,,,,,,,,,,,,,,,,,,,,,,,,,,,,,,,,,,,,,,,,,,,,
,,,,,,,,,,,,,1,,,ALP1109,19650915,2026-04-28_14h13.26.715,BrocantoHPilot1WOSession3,2025.2.4,Win32,59.95203837,,,,,,,,,,,,,,,Ab OBJ.N5 Ab SBJ.N3 REVEAL-TR Ab LOC.N4,,,1955.183,1,Ab-OBJ-N5-Ab-SBJ-N3-REVEAL-TR-Ab-LOC-N4.mp4,Ab|N5|Ab|N3|REVEAL|Ab|N4,N3|HIDE|Aa|Ab|PUSH|N5|Ab|N4|Ab|REVEAL|N2,zsot|timó|zsot|zilép|girda|zsot|dabi,zilép|zsübe|gyék|zsot|vánta|timó|zsot|dabi|zsot|girda|murak,0,6.6,34.914,zsot timó girda zsot zilép dabi,1992.792,0,13,13,13,1,Ab-OBJ-N5-Ab-SBJ-N3-REVEAL-TR-Ab-LOC-N4.mp4,Ab|N5|Ab|N3|REVEAL|Ab|N4,N3|HIDE|Aa|Ab|PUSH|N5|Ab|N4|Ab|REVEAL|N2,zsot timó zsot zilép girda zsot dabi,zsot|timó|zsot|zilép|girda|zsot|dabi,zilép|zsübe|gyék|zsot|vánta|timó|zsot|dabi|zsot|girda|murak,,,,,,,,,,,,,,,,,,,,,,,,,,,,,,,,,,,,,,,,,,,,,,,,,
,,,,,,,,,,,,,1,,,ALP1109,19650915,2026-04-28_14h13.26.715,BrocantoHPilot1WOSession3,2025.2.4,Win32,59.95203837,,,,,,,,,,,,,,,Ab OBJ.N5 Ab SBJ.N1 PUSH-TR LOC.N2,,,1993.319,1,Ab-OBJ-N5-Ab-SBJ-N1-PUSH-TR-LOC-N2.mp4,Ab|N5|Ab|N1|PUSH|N2,Ab|JUMP|N2|HIDE|N4|Ab|PUSH|N5|N1|N3,zsot|timó|zsot|pekli|vánta|murak,zsot|bonip|murak|zsübe|dabi|zsot|vánta|timó|pekli|zilép,0,5.773,30.8,zsot timó zsübe zsot pekli,2029.771,0,14,14,14,1,Ab-OBJ-N5-Ab-SBJ-N1-PUSH-TR-LOC-N2.mp4,Ab|N5|Ab|N1|PUSH|N2,Ab|JUMP|N2|HIDE|N4|Ab|PUSH|N5|N1|N3,zsot timó zsot pekli vánta murak,zsot|timó|zsot|pekli|vánta|murak,zsot|bonip|murak|zsübe|dabi|zsot|vánta|timó|pekli|zilép,,,,,,,,,,,,,,,,,,,,,,,,,,,,,,,,,,,,,,,,,,,,,,,,,
,,,,,,,,,,,,,1,,,ALP1109,19650915,2026-04-28_14h13.26.715,BrocantoHPilot1WOSession3,2025.2.4,Win32,59.95203837,,,,,,,,,,,,,,,Ab OBJ.N5 SBJ.N1 HIDE-TR,,,2030.282,1,Ab-OBJ-N5-SBJ-N1-HIDE-TR.mp4,Ab|N5|N1|HIDE,REVEAL|GO|N5|HIDE|N1|Ab|Aa|N3,zsot|timó|pekli|zsübe,girda|kávler|timó|zsübe|pekli|zsot|gyék|zilép,0,5.62,19.463,zsot timó zsübe pekli,2054.389,0,15,15,15,1,Ab-OBJ-N5-SBJ-N1-HIDE-TR.mp4,Ab|N5|N1|HIDE,REVEAL|GO|N5|HIDE|N1|Ab|Aa|N3,zsot timó pekli zsübe,zsot|timó|pekli|zsübe,girda|kávler|timó|zsübe|pekli|zsot|gyék|zilép,,,,,,,,,,,,,,,,,,,,,,,,,,,,,,,,,,,,,,,,,,,,,,,,,
,,,,,,,,,,,,,1,,,ALP1109,19650915,2026-04-28_14h13.26.715,BrocantoHPilot1WOSession3,2025.2.4,Win32,59.95203837,,,,,,,,,,,,,,,SBJ.N5 REVEAL-INTR LOC.N3,,,2054.914,1,SBJ-N5-REVEAL-INTR-LOC-N3.mp4,N5|REVEAL|N3,N4|JUMP|PUSH|N5|HIDE|REVEAL|N3,timó|girda|zilép,dabi|bonip|vánta|timó|zsübe|girda|zilép,1,7.881,21.352,timó girda zilép,2079.311,0,16,16,16,1,SBJ-N5-REVEAL-INTR-LOC-N3.mp4,N5|REVEAL|N3,N4|JUMP|PUSH|N5|HIDE|REVEAL|N3,timó girda zilép,timó|girda|zilép,dabi|bonip|vánta|timó|zsübe|girda|zilép,,,,,,,,,,,,,,,,,,,,,,,,,,,,,,,,,,,,,,,,,,,,,,,,,
,,,,,,,,,,,,,1,,,ALP1109,19650915,2026-04-28_14h13.26.715,BrocantoHPilot1WOSession3,2025.2.4,Win32,59.95203837,,,,,,,,,,,,,,,Ab SBJ.N5 HIDE-INTR,,,2079.817,1,Ab-SBJ-N5-HIDE-INTR.mp4,Ab|N5|HIDE,Aa|N5|HIDE|N1|Ab|N2|GO,zsot|timó|zsübe,gyék|timó|zsübe|pekli|zsot|murak|kávler,0,6.562,22.143,zsot timó zsübe gyék,2109.428,0,17,17,17,1,Ab-SBJ-N5-HIDE-INTR.mp4,Ab|N5|HIDE,Aa|N5|HIDE|N1|Ab|N2|GO,zsot timó zsübe,zsot|timó|zsübe,gyék|timó|zsübe|pekli|zsot|murak|kávler,,,,,,,,,,,,,,,,,,,,,,,,,,,,,,,,,,,,,,,,,,,,,,,,,
,,,,,,,,,,,,,1,,,ALP1109,19650915,2026-04-28_14h13.26.715,BrocantoHPilot1WOSession3,2025.2.4,Win32,59.95203837,,,,,,,,,,,,,,,Ab SBJ.N2 GO-INTR,,,2109.95,1,Ab-SBJ-N2-GO-INTR.mp4,Ab|N2|GO,REVEAL|Ab|GO|HIDE|N3|N5|N2,zsot|murak|kávler,girda|zsot|kávler|zsübe|zilép|timó|murak,1,6.437,13.241,zsot murak kávler,2126.293,0,18,18,18,1,Ab-SBJ-N2-GO-INTR.mp4,Ab|N2|GO,REVEAL|Ab|GO|HIDE|N3|N5|N2,zsot murak kávler,zsot|murak|kávler,girda|zsot|kávler|zsübe|zilép|timó|murak,,,,,,,,,,,,,,,,,,,,,,,,,,,,,,,,,,,,,,,,,,,,,,,,,
,,,,,,,,,,,,,1,,,ALP1109,19650915,2026-04-28_14h13.26.715,BrocantoHPilot1WOSession3,2025.2.4,Win32,59.95203837,,,,,,,,,,,,,,,Ab OBJ.N5 Ab SBJ.N3 REVEAL-TR,,,2126.805,1,Ab-OBJ-N5-Ab-SBJ-N3-REVEAL-TR.mp4,Ab|N5|Ab|N3|REVEAL,JUMP|Ab|GO|N5|REVEAL|Ab|N3|HIDE|N4,zsot|timó|zsot|zilép|girda,bonip|zsot|kávler|timó|girda|zsot|zilép|zsübe|dabi,0,6.319,22.917,zsot timó zsot zsübe girda,2156.323,0,19,19,19,1,Ab-OBJ-N5-Ab-SBJ-N3-REVEAL-TR.mp4,Ab|N5|Ab|N3|REVEAL,JUMP|Ab|GO|N5|REVEAL|Ab|N3|HIDE|N4,zsot timó zsot zilép girda,zsot|timó|zsot|zilép|girda,bonip|zsot|kávler|timó|girda|zsot|zilép|zsübe|dabi,,,,,,,,,,,,,,,,,,,,,,,,,,,,,,,,,,,,,,,,,,,,,,,,,
,,,,,,,,,,,,,1,,,ALP1109,19650915,2026-04-28_14h13.26.715,BrocantoHPilot1WOSession3,2025.2.4,Win32,59.95203837,,,,,,,,,,,,,,,OBJ.N5 SBJ.N4 HIDE-TR Ab LOC.N2,,,2156.834,1,OBJ-N5-SBJ-N4-HIDE-TR-Ab-LOC-N2.mp4,N5|N4|HIDE|Ab|N2,Aa|N2|N3|N4|JUMP|PUSH|N5|Ab|HIDE,timó|dabi|zsübe|zsot|murak,gyék|murak|zilép|dabi|bonip|vánta|timó|zsot|zsübe,0,6.993,18.149,timó zsübe dabi,2180.131,0,20,20,20,1,OBJ-N5-SBJ-N4-HIDE-TR-Ab-LOC-N2.mp4,N5|N4|HIDE|Ab|N2,Aa|N2|N3|N4|JUMP|PUSH|N5|Ab|HIDE,timó dabi zsübe zsot murak,timó|dabi|zsübe|zsot|murak,gyék|murak|zilép|dabi|bonip|vánta|timó|zsot|zsübe,,,,,,,,,,,,,,,,,,,,,,,,,,,,,,,,,,,,,,,,,,,,,,,,,
,,,,,,,,,,,,,1,,,ALP1109,19650915,2026-04-28_14h13.26.715,BrocantoHPilot1WOSession3,2025.2.4,Win32,59.95203837,,,,,,,,,,,,,,,Aa SBJ.N5 JUMP-INTR,,,2180.636,1,Aa-SBJ-N5-JUMP-INTR.mp4,Aa|N5|JUMP,REVEAL|N5|N3|JUMP|HIDE|N1|Aa,gyék|timó|bonip,girda|timó|zilép|bonip|zsübe|pekli|gyék,0,5.52,24.131,timó bonip,2209.739,0,21,21,21,1,Aa-SBJ-N5-JUMP-INTR.mp4,Aa|N5|JUMP,REVEAL|N5|N3|JUMP|HIDE|N1|Aa,gyék timó bonip,gyék|timó|bonip,girda|timó|zilép|bonip|zsübe|pekli|gyék,,,,,,,,,,,,,,,,,,,,,,,,,,,,,,,,,,,,,,,,,,,,,,,,,
,,,,,,,,,,,,,1,,,ALP1109,19650915,2026-04-28_14h13.26.715,BrocantoHPilot1WOSession3,2025.2.4,Win32,59.95203837,,,,,,,,,,,,,,,Ab OBJ.N5 SBJ.N3 PUSH-TR Ab LOC.N1,,,2210.245,1,Ab-OBJ-N5-SBJ-N3-PUSH-TR-Ab-LOC-N1.mp4,Ab|N5|N3|PUSH|Ab|N1,N5|REVEAL|Ab|N1|Aa|N3|N2|PUSH|JUMP|Ab,zsot|timó|zilép|vánta|zsot|pekli,timó|girda|zsot|pekli|gyék|zilép|murak|vánta|bonip|zsot,0,6.299,29.932,zsot timó vánta zilép,2246.475,0,22,22,22,1,Ab-OBJ-N5-SBJ-N3-PUSH-TR-Ab-LOC-N1.mp4,Ab|N5|N3|PUSH|Ab|N1,N5|REVEAL|Ab|N1|Aa|N3|N2|PUSH|JUMP|Ab,zsot timó zilép vánta zsot pekli,zsot|timó|zilép|vánta|zsot|pekli,timó|girda|zsot|pekli|gyék|zilép|murak|vánta|bonip|zsot,,,,,,,,,,,,,,,,,,,,,,,,,,,,,,,,,,,,,,,,,,,,,,,,,
,,,,,,,,,,,,,1,,,ALP1109,19650915,2026-04-28_14h13.26.715,BrocantoHPilot1WOSession3,2025.2.4,Win32,59.95203837,,,,,,,,,,,,,,,OBJ.N5 Ab SBJ.N1 REVEAL-TR,,,2246.991,1,OBJ-N5-Ab-SBJ-N1-REVEAL-TR.mp4,N5|Ab|N1|REVEAL,Aa|N3|Ab|N5|GO|REVEAL|N1|JUMP,timó|zsot|pekli|girda,gyék|zilép|zsot|timó|kávler|girda|pekli|bonip,0,7.224,19.984,zsot timó girda pekli,2272.197,0,23,23,23,1,OBJ-N5-Ab-SBJ-N1-REVEAL-TR.mp4,N5|Ab|N1|REVEAL,Aa|N3|Ab|N5|GO|REVEAL|N1|JUMP,timó zsot pekli girda,timó|zsot|pekli|girda,gyék|zilép|zsot|timó|kávler|girda|pekli|bonip,,,,,,,,,,,,,,,,,,,,,,,,,,,,,,,,,,,,,,,,,,,,,,,,,
,,,,,,,,,,,,,1,,,ALP1109,19650915,2026-04-28_14h13.26.715,BrocantoHPilot1WOSession3,2025.2.4,Win32,59.95203837,,,,,,,,,,,,,,,OBJ.N5 SBJ.N1 HIDE-TR,,,2272.712,1,OBJ-N5-SBJ-N1-HIDE-TR.mp4,N5|N1|HIDE,GO|N1|Aa|N5|HIDE|N2|PUSH,timó|pekli|zsübe,kávler|pekli|gyék|timó|zsübe|murak|vánta,0,6.01,22.175,timó zsübe pekli,2298.915,0,24,24,24,1,OBJ-N5-SBJ-N1-HIDE-TR.mp4,N5|N1|HIDE,GO|N1|Aa|N5|HIDE|N2|PUSH,timó pekli zsübe,timó|pekli|zsübe,kávler|pekli|gyék|timó|zsübe|murak|vánta,,,,,,,,,,,,,,,,,,,,,,,,,,,,,,,,,,,,,,,,,,,,,,,,,
,,,,,,,,,,,,,1,,,ALP1109,19650915,2026-04-28_14h13.26.715,BrocantoHPilot1WOSession3,2025.2.4,Win32,59.95203837,,,,,,,,,,,,,,,Aa SBJ.N5 HIDE-INTR,,,2299.419,1,Aa-SBJ-N5-HIDE-INTR.mp4,Aa|N5|HIDE,N1|HIDE|N4|REVEAL|Ab|Aa|N5,gyék|timó|zsübe,pekli|zsübe|dabi|girda|zsot|gyék|timó,0,6.456,10.232,timó zsübe,2316.917,0,25,25,25,1,Aa-SBJ-N5-HIDE-INTR.mp4,Aa|N5|HIDE,N1|HIDE|N4|REVEAL|Ab|Aa|N5,gyék timó zsübe,gyék|timó|zsübe,pekli|zsübe|dabi|girda|zsot|gyék|timó,,,,,,,,,,,,,,,,,,,,,,,,,,,,,,,,,,,,,,,,,,,,,,,,,
,,,,,,,,,,,,,1,,,ALP1109,19650915,2026-04-28_14h13.26.715,BrocantoHPilot1WOSession3,2025.2.4,Win32,59.95203837,,,,,,,,,,,,,,,OBJ.N5 SBJ.N4 PUSH-TR Ab LOC.N2,,,2317.431,1,OBJ-N5-SBJ-N4-PUSH-TR-Ab-LOC-N2.mp4,N5|N4|PUSH|Ab|N2,PUSH|HIDE|N4|N5|Ab|Aa|N3|N2|REVEAL,timó|dabi|vánta|zsot|murak,vánta|zsübe|dabi|timó|zsot|gyék|zilép|murak|girda,0,5.55,18.106,dabi timó vánta,2338.591,0,26,26,26,1,OBJ-N5-SBJ-N4-PUSH-TR-Ab-LOC-N2.mp4,N5|N4|PUSH|Ab|N2,PUSH|HIDE|N4|N5|Ab|Aa|N3|N2|REVEAL,timó dabi vánta zsot murak,timó|dabi|vánta|zsot|murak,vánta|zsübe|dabi|timó|zsot|gyék|zilép|murak|girda,,,,,,,,,,,,,,,,,,,,,,,,,,,,,,,,,,,,,,,,,,,,,,,,,
,,,,,,,,,,,,,1,,,ALP1109,19650915,2026-04-28_14h13.26.715,BrocantoHPilot1WOSession3,2025.2.4,Win32,59.95203837,,,,,,,,,,,,,,,Ab OBJ.N5 SBJ.N2 REVEAL-TR Ab LOC.N3,,,2339.099,1,Ab-OBJ-N5-SBJ-N2-REVEAL-TR-Ab-LOC-N3.mp4,Ab|N5|N2|REVEAL|Ab|N3,N3|HIDE|N1|N5|Ab|Ab|PUSH|N2|REVEAL|GO,zsot|timó|murak|girda|zsot|zilép,zilép|zsübe|pekli|timó|zsot|zsot|vánta|murak|girda|kávler,0,6.79,27.257,zsot timó zsot murak girda,2372.577,0,27,27,27,1,Ab-OBJ-N5-SBJ-N2-REVEAL-TR-Ab-LOC-N3.mp4,Ab|N5|N2|REVEAL|Ab|N3,N3|HIDE|N1|N5|Ab|Ab|PUSH|N2|REVEAL|GO,zsot timó murak girda zsot zilép,zsot|timó|murak|girda|zsot|zilép,zilép|zsübe|pekli|timó|zsot|zsot|vánta|murak|girda|kávler,,,,,,,,,,,,,,,,,,,,,,,,,,,,,,,,,,,,,,,,,,,,,,,,,
,,,,,,,,,,,,,1,,,ALP1109,19650915,2026-04-28_14h13.26.715,BrocantoHPilot1WOSession3,2025.2.4,Win32,59.95203837,,,,,,,,,,,,,,,OBJ.N5 SBJ.N3 PUSH-TR,,,2373.14,1,OBJ-N5-SBJ-N3-PUSH-TR.mp4,N5|N3|PUSH,JUMP|Aa|GO|N5|N3|PUSH|N2,timó|zilép|vánta,bonip|gyék|kávler|timó|zilép|vánta|murak,0,4.795,21.715,timó vánta zilép,2398.611,0,28,28,28,1,OBJ-N5-SBJ-N3-PUSH-TR.mp4,N5|N3|PUSH,JUMP|Aa|GO|N5|N3|PUSH|N2,timó zilép vánta,timó|zilép|vánta,bonip|gyék|kávler|timó|zilép|vánta|murak,,,,,,,,,,,,,,,,,,,,,,,,,,,,,,,,,,,,,,,,,,,,,,,,,
,,,,,,,,,,,,,1,,,ALP1109,19650915,2026-04-28_14h13.26.715,BrocantoHPilot1WOSession3,2025.2.4,Win32,59.95203837,,,,,,,,,,,,,,,SBJ.N5 HIDE-INTR,,,2399.121,1,SBJ-N5-HIDE-INTR.mp4,N5|HIDE,N3|PUSH|N5|N1|GO|HIDE,timó|zsübe,zilép|vánta|timó|pekli|kávler|zsübe,1,5.593,17.347,timó zsübe,2419.643,0,29,29,29,1,SBJ-N5-HIDE-INTR.mp4,N5|HIDE,N3|PUSH|N5|N1|GO|HIDE,timó zsübe,timó|zsübe,zilép|vánta|timó|pekli|kávler|zsübe,,,,,,,,,,,,,,,,,,,,,,,,,,,,,,,,,,,,,,,,,,,,,,,,,
,,,,,,,,,,,,,1,,,ALP1109,19650915,2026-04-28_14h13.26.715,BrocantoHPilot1WOSession3,2025.2.4,Win32,59.95203837,,,,,,,,,,,,,,,Ab OBJ.N5 SBJ.N3 HIDE-TR,,,2420.158,1,Ab-OBJ-N5-SBJ-N3-HIDE-TR.mp4,Ab|N5|N3|HIDE,PUSH|HIDE|N3|JUMP|REVEAL|N5|Ab|Aa,zsot|timó|zilép|zsübe,vánta|zsübe|zilép|bonip|girda|timó|zsot|gyék,0,7.769,18.374,zsot timó zsübe zilép,2441.172,0,30,30,30,1,Ab-OBJ-N5-SBJ-N3-HIDE-TR.mp4,Ab|N5|N3|HIDE,PUSH|HIDE|N3|JUMP|REVEAL|N5|Ab|Aa,zsot timó zilép zsübe,zsot|timó|zilép|zsübe,vánta|zsübe|zilép|bonip|girda|timó|zsot|gyék,,,,,,,,,,,,,,,,,,,,,,,,,,,,,,,,,,,,,,,,,,,,,,,,,
,,,,,,,,,,,,,1,,,ALP1109,19650915,2026-04-28_14h13.26.715,BrocantoHPilot1WOSession3,2025.2.4,Win32,59.95203837,,,,,,,,,,,,,,,SBJ.N5 JUMP-INTR,,,2441.705,1,SBJ-N5-JUMP-INTR.mp4,N5|JUMP,REVEAL|N5|HIDE|N1|Aa|JUMP,timó|bonip,girda|timó|zsübe|pekli|gyék|bonip,1,16.512,20.073,timó bonip,2464.853,0,31,31,31,1,SBJ-N5-JUMP-INTR.mp4,N5|JUMP,REVEAL|N5|HIDE|N1|Aa|JUMP,timó bonip,timó|bonip,girda|timó|zsübe|pekli|gyék|bonip,,,,,,,,,,,,,,,,,,,,,,,,,,,,,,,,,,,,,,,,,,,,,,,,,
,,,,,,,,,,,,,1,,,ALP1109,19650915,2026-04-28_14h13.26.715,BrocantoHPilot1WOSession3,2025.2.4,Win32,59.95203837,,,,,,,,,,,,,,,Ab SBJ.N2 GO-INTR,,,2465.362,1,Ab-SBJ-N2-GO-INTR.mp4,Ab|N2|GO,N1|GO|HIDE|N2|Ab|N4|JUMP,zsot|murak|kávler,pekli|kávler|zsübe|murak|zsot|dabi|bonip,1,6.364,13.469,zsot murak kávler,2481.573,0,32,32,32,1,Ab-SBJ-N2-GO-INTR.mp4,Ab|N2|GO,N1|GO|HIDE|N2|Ab|N4|JUMP,zsot murak kávler,zsot|murak|kávler,pekli|kávler|zsübe|murak|zsot|dabi|bonip,,,,,,,,,,,,,,,,,,,,,,,,,,,,,,,,,,,,,,,,,,,,,,,,,
,,,,,,,,,,,,,1,,,ALP1109,19650915,2026-04-28_14h13.26.715,BrocantoHPilot1WOSession3,2025.2.4,Win32,59.95203837,,,,,,,,,,,,,,,Ab SBJ.N2 GO-INTR Aa LOC.N3,,,2482.082,1,Ab-SBJ-N2-GO-INTR-Aa-LOC-N3.mp4,Ab|N2|GO|Aa|N3,N5|N2|N3|N4|GO|Aa|Ab|JUMP|REVEAL,zsot|murak|kávler|gyék|zilép,timó|murak|zilép|dabi|kávler|gyék|zsot|bonip|girda,0,7.681,22.614,zsot murak kávler zilép,2511.272,0,33,33,33,1,Ab-SBJ-N2-GO-INTR-Aa-LOC-N3.mp4,Ab|N2|GO|Aa|N3,N5|N2|N3|N4|GO|Aa|Ab|JUMP|REVEAL,zsot murak kávler gyék zilép,zsot|murak|kávler|gyék|zilép,timó|murak|zilép|dabi|kávler|gyék|zsot|bonip|girda,,,,,,,,,,,,,,,,,,,,,,,,,,,,,,,,,,,,,,,,,,,,,,,,,
,,,,,,,,,,,,,1,,,ALP1109,19650915,2026-04-28_14h13.26.715,BrocantoHPilot1WOSession3,2025.2.4,Win32,59.95203837,,,,,,,,,,,,,,,Ab SBJ.N4 JUMP-INTR Ab LOC.N1,,,2511.777,1,Ab-SBJ-N4-JUMP-INTR-Ab-LOC-N1.mp4,Ab|N4|JUMP|Ab|N1,N2|HIDE|JUMP|N1|Ab|N3|Ab|N4|REVEAL,zsot|dabi|bonip|zsot|pekli,murak|zsübe|bonip|pekli|zsot|zilép|zsot|dabi|girda,0,5.631,83.817,dabi zsübe pekli,2601.179,0,34,34,34,1,Ab-SBJ-N4-JUMP-INTR-Ab-LOC-N1.mp4,Ab|N4|JUMP|Ab|N1,N2|HIDE|JUMP|N1|Ab|N3|Ab|N4|REVEAL,zsot dabi bonip zsot pekli,zsot|dabi|bonip|zsot|pekli,murak|zsübe|bonip|pekli|zsot|zilép|zsot|dabi|girda,,,,,,,,,,,,,,,,,,,,,,,,,,,,,,,,,,,,,,,,,,,,,,,,,
,,,,,,,,,,,,,1,,,ALP1109,19650915,2026-04-28_14h13.26.715,BrocantoHPilot1WOSession3,2025.2.4,Win32,59.95203837,,,,,,,,,,,,,,,Aa SBJ.N4 HIDE-INTR LOC.N3,,,2601.69,1,Aa-SBJ-N4-HIDE-INTR-LOC-N3.mp4,Aa|N4|HIDE|N3,Aa|Ab|N4|JUMP|N2|N3|HIDE|PUSH,gyék|dabi|zsübe|zilép,gyék|zsot|dabi|bonip|murak|zilép|zsübe|vánta,0,7.675,33.605,dabi zsübe gyék zilép,2643.719,0,35,35,35,1,Aa-SBJ-N4-HIDE-INTR-LOC-N3.mp4,Aa|N4|HIDE|N3,Aa|Ab|N4|JUMP|N2|N3|HIDE|PUSH,gyék dabi zsübe zilép,gyék|dabi|zsübe|zilép,gyék|zsot|dabi|bonip|murak|zilép|zsübe|vánta,,,,,,,,,,,,,,,,,,,,,,,,,,,,,,,,,,,,,,,,,,,,,,,,,
,,,,,,,,,,,,,1,,,ALP1109,19650915,2026-04-28_14h13.26.715,BrocantoHPilot1WOSession3,2025.2.4,Win32,59.95203837,,,,,,,,,,,,,,,Aa SBJ.N5 GO-INTR Ab LOC.N4,,,2644.233,1,Aa-SBJ-N5-GO-INTR-Ab-LOC-N4.mp4,Aa|N5|GO|Ab|N4,N3|Aa|Ab|N5|REVEAL|PUSH|N4|HIDE|GO,gyék|timó|kávler|zsot|dabi,zilép|gyék|zsot|timó|girda|vánta|dabi|zsübe|kávler,0,6.978,39.754,gyék timó kávler dabi,2686.371,0,36,36,36,1,Aa-SBJ-N5-GO-INTR-Ab-LOC-N4.mp4,Aa|N5|GO|Ab|N4,N3|Aa|Ab|N5|REVEAL|PUSH|N4|HIDE|GO,gyék timó kávler zsot dabi,gyék|timó|kávler|zsot|dabi,zilép|gyék|zsot|timó|girda|vánta|dabi|zsübe|kávler,,,,,,,,,,,,,,,,,,,,,,,,,,,,,,,,,,,,,,,,,,,,,,,,,
,,,,,,,,,,,,,1,,,ALP1109,19650915,2026-04-28_14h13.26.715,BrocantoHPilot1WOSession3,2025.2.4,Win32,59.95203837,,,,,,,,,,,,,,,Ab SBJ.N5 JUMP-INTR Aa LOC.N3,,,2686.888,1,Ab-SBJ-N5-JUMP-INTR-Aa-LOC-N3.mp4,Ab|N5|JUMP|Aa|N3,Ab|N3|GO|N1|JUMP|REVEAL|Aa|N5|PUSH,zsot|timó|bonip|gyék|zilép,zsot|zilép|kávler|pekli|bonip|girda|gyék|timó|vánta,0,5.253,23.835,zsot timó vánta zilép,2714.323,0,37,37,37,1,Ab-SBJ-N5-JUMP-INTR-Aa-LOC-N3.mp4,Ab|N5|JUMP|Aa|N3,Ab|N3|GO|N1|JUMP|REVEAL|Aa|N5|PUSH,zsot timó bonip gyék zilép,zsot|timó|bonip|gyék|zilép,zsot|zilép|kávler|pekli|bonip|girda|gyék|timó|vánta,,,,,,,,,,,,,,,,,,,,,,,,,,,,,,,,,,,,,,,,,,,,,,,,,
,,,,,,,,,,,,,1,,,ALP1109,19650915,2026-04-28_14h13.26.715,BrocantoHPilot1WOSession3,2025.2.4,Win32,59.95203837,,,,,,,,,,,,,,,SBJ.N5 HIDE-INTR Aa LOC.N3,,,2714.846,1,SBJ-N5-HIDE-INTR-Aa-LOC-N3.mp4,N5|HIDE|Aa|N3,N3|Aa|REVEAL|N5|GO|HIDE|Ab|PUSH,timó|zsübe|gyék|zilép,zilép|gyék|girda|timó|kávler|zsübe|zsot|vánta,0,6.872,33.193,gyék timó zsübe zilép,2754.033,0,38,38,38,1,SBJ-N5-HIDE-INTR-Aa-LOC-N3.mp4,N5|HIDE|Aa|N3,N3|Aa|REVEAL|N5|GO|HIDE|Ab|PUSH,timó zsübe gyék zilép,timó|zsübe|gyék|zilép,zilép|gyék|girda|timó|kávler|zsübe|zsot|vánta,,,,,,,,,,,,,,,,,,,,,,,,,,,,,,,,,,,,,,,,,,,,,,,,,
,,,,,,,,,,,,,1,,,ALP1109,19650915,2026-04-28_14h13.26.715,BrocantoHPilot1WOSession3,2025.2.4,Win32,59.95203837,,,,,,,,,,,,,,,OBJ.N5 SBJ.N2 PUSH-TR LOC.N1,,,2754.559,1,OBJ-N5-SBJ-N2-PUSH-TR-LOC-N1.mp4,N5|N2|PUSH|N1,Aa|Ab|N2|PUSH|N4|N5|N1|HIDE,timó|murak|vánta|pekli,gyék|zsot|murak|vánta|dabi|timó|pekli|zsübe,0,6.045,24.919,zsot murak vánta gyék timó,2781.888,0,39,39,39,1,OBJ-N5-SBJ-N2-PUSH-TR-LOC-N1.mp4,N5|N2|PUSH|N1,Aa|Ab|N2|PUSH|N4|N5|N1|HIDE,timó murak vánta pekli,timó|murak|vánta|pekli,gyék|zsot|murak|vánta|dabi|timó|pekli|zsübe,,,,,,,,,,,,,,,,,,,,,,,,,,,,,,,,,,,,,,,,,,,,,,,,,
,,,,,,,,,,,,,1,,,ALP1109,19650915,2026-04-28_14h13.26.715,BrocantoHPilot1WOSession3,2025.2.4,Win32,59.95203837,,,,,,,,,,,,,,,OBJ.N5 SBJ.N4 HIDE-TR Ab LOC.N2,,,2782.398,1,OBJ-N5-SBJ-N4-HIDE-TR-Ab-LOC-N2.mp4,N5|N4|HIDE|Ab|N2,HIDE|REVEAL|N4|N2|GO|Ab|Aa|PUSH|N5,timó|dabi|zsübe|zsot|murak,zsübe|girda|dabi|murak|kávler|zsot|gyék|vánta|timó,0,6.258,19.973,gyék timó zsübe dabi,2805.736,0,40,40,40,1,OBJ-N5-SBJ-N4-HIDE-TR-Ab-LOC-N2.mp4,N5|N4|HIDE|Ab|N2,HIDE|REVEAL|N4|N2|GO|Ab|Aa|PUSH|N5,timó dabi zsübe zsot murak,timó|dabi|zsübe|zsot|murak,zsübe|girda|dabi|murak|kávler|zsot|gyék|vánta|timó,,,,,,,,,,,,,,,,,,,,,,,,,,,,,,,,,,,,,,,,,,,,,,,,,
,,,,,,,,,,,,,1,,,ALP1109,19650915,2026-04-28_14h13.26.715,BrocantoHPilot1WOSession3,2025.2.4,Win32,59.95203837,,,,,,,,,,,,,,,Ab OBJ.N5 SBJ.N1 HIDE-TR,,,2806.252,1,Ab-OBJ-N5-SBJ-N1-HIDE-TR.mp4,Ab|N5|N1|HIDE,Ab|HIDE|PUSH|N5|N1|Aa|N2|N3,zsot|timó|pekli|zsübe,zsot|zsübe|vánta|timó|pekli|gyék|murak|zilép,0,5.776,21.429,zsot timó zsübe pekli,2830.559,0,41,41,41,1,Ab-OBJ-N5-SBJ-N1-HIDE-TR.mp4,Ab|N5|N1|HIDE,Ab|HIDE|PUSH|N5|N1|Aa|N2|N3,zsot timó pekli zsübe,zsot|timó|pekli|zsübe,zsot|zsübe|vánta|timó|pekli|gyék|murak|zilép,,,,,,,,,,,,,,,,,,,,,,,,,,,,,,,,,,,,,,,,,,,,,,,,,
,,,,,,,,,,,,,1,,,ALP1109,19650915,2026-04-28_14h13.26.715,BrocantoHPilot1WOSession3,2025.2.4,Win32,59.95203837,,,,,,,,,,,,,,,,,,,,,,,,,,,,,,,,,,,,,,,,,2842.052,chunkTest_s1,0,1,Ab-Ab.mp3,0,2.895,6,1,5.267,5.862,2848.55,0,0,0,2,1,Ab-Ab.mp3,0,,,,,,,,,,,,,,,,,,,,,,,,,,,,,,
,,,,,,,,,,,,,1,,,ALP1109,19650915,2026-04-28_14h13.26.715,BrocantoHPilot1WOSession3,2025.2.4,Win32,59.95203837,,,,,,,,,,,,,,,,,,,,,,,,,,,,,,,,,,,,,,,,,2849.053,chunkTest_s1,1,1,Ab-N4.mp3,42,1.269,6,1,3.713,4.513,2854.4,0,1,1,10,1,Ab-N4.mp3,42,,,,,,,,,,,,,,,,,,,,,,,,,,,,,,
,,,,,,,,,,,,,1,,,ALP1109,19650915,2026-04-28_14h13.26.715,BrocantoHPilot1WOSession3,2025.2.4,Win32,59.95203837,,,,,,,,,,,,,,,,,,,,,,,,,,,,,,,,,,,,,,,,,2854.91,chunkTest_s1,2,1,N1-Aa.mp3,0,1.446,6,1,4.308,4.49,2860.864,0,2,2,9,1,N1-Aa.mp3,0,,,,,,,,,,,,,,,,,,,,,,,,,,,,,,
,,,,,,,,,,,,,1,,,ALP1109,19650915,2026-04-28_14h13.26.715,BrocantoHPilot1WOSession3,2025.2.4,Win32,59.95203837,,,,,,,,,,,,,,,,,,,,,,,,,,,,,,,,,,,,,,,,,2861.383,chunkTest_s1,3,1,N2-N2.mp3,0,0.783,6,1,3.065,3.065,2865.179,0,3,3,0,1,N2-N2.mp3,0,,,,,,,,,,,,,,,,,,,,,,,,,,,,,,
,,,,,,,,,,,,,1,,,ALP1109,19650915,2026-04-28_14h13.26.715,BrocantoHPilot1WOSession3,2025.2.4,Win32,59.95203837,,,,,,,,,,,,,,,,,,,,,,,,,,,,,,,,,,,,,,,,,2865.683,chunkTest_s1,4,1,PUSH-N5.mp3,0,1.924,2,2,3.925,5.385,2872.325,0,4,4,18,1,PUSH-N5.mp3,0,,,,,,,,,,,,,,,,,,,,,,,,,,,,,,
,,,,,,,,,,,,,1,,,ALP1109,19650915,2026-04-28_14h13.26.715,BrocantoHPilot1WOSession3,2025.2.4,Win32,59.95203837,,,,,,,,,,,,,,,,,,,,,,,,,,,,,,,,,,,,,,,,,2872.837,chunkTest_s1,5,1,N5-GO.mp3,13,2.581,6,1,4.773,6.735,2880.288,0,5,5,8,1,N5-GO.mp3,13,,,,,,,,,,,,,,,,,,,,,,,,,,,,,,
,,,,,,,,,,,,,1,,,ALP1109,19650915,2026-04-28_14h13.26.715,BrocantoHPilot1WOSession3,2025.2.4,Win32,59.95203837,,,,,,,,,,,,,,,,,,,,,,,,,,,,,,,,,,,,,,,,,2880.796,chunkTest_s1,6,1,GO-Aa.mp3,5,1.026,6,1,2.902,3.162,2884.824,0,6,6,1,1,GO-Aa.mp3,5,,,,,,,,,,,,,,,,,,,,,,,,,,,,,,
,,,,,,,,,,,,,1,,,ALP1109,19650915,2026-04-28_14h13.26.715,BrocantoHPilot1WOSession3,2025.2.4,Win32,59.95203837,,,,,,,,,,,,,,,,,,,,,,,,,,,,,,,,,,,,,,,,,2885.331,chunkTest_s1,7,1,N1-Ab.mp3,0,1.051,6,1,2.506,3.281,2889.5,0,7,7,19,1,N1-Ab.mp3,0,,,,,,,,,,,,,,,,,,,,,,,,,,,,,,
,,,,,,,,,,,,,1,,,ALP1109,19650915,2026-04-28_14h13.26.715,BrocantoHPilot1WOSession3,2025.2.4,Win32,59.95203837,,,,,,,,,,,,,,,,,,,,,,,,,,,,,,,,,,,,,,,,,2890.02,chunkTest_s1,8,1,Aa-PUSH.mp3,0,1.236,6,1,2.868,8.497,2899.423,0,8,8,14,1,Aa-PUSH.mp3,0,,,,,,,,,,,,,,,,,,,,,,,,,,,,,,
,,,,,,,,,,,,,1,,,ALP1109,19650915,2026-04-28_14h13.26.715,BrocantoHPilot1WOSession3,2025.2.4,Win32,59.95203837,,,,,,,,,,,,,,,,,,,,,,,,,,,,,,,,,,,,,,,,,2899.925,chunkTest_s1,9,1,PUSH-N3.mp3,3,4.89,6,1,6.988,7.268,2907.99,0,9,9,17,1,PUSH-N3.mp3,3,,,,,,,,,,,,,,,,,,,,,,,,,,,,,,
,,,,,,,,,,,,,1,,,ALP1109,19650915,2026-04-28_14h13.26.715,BrocantoHPilot1WOSession3,2025.2.4,Win32,59.95203837,,,,,,,,,,,,,,,,,,,,,,,,,,,,,,,,,,,,,,,,,2908.518,chunkTest_s1,10,1,N4-N3.mp3,0,1.316,6,1,3.129,3.837,2913.142,0,10,10,3,1,N4-N3.mp3,0,,,,,,,,,,,,,,,,,,,,,,,,,,,,,,
,,,,,,,,,,,,,1,,,ALP1109,19650915,2026-04-28_14h13.26.715,BrocantoHPilot1WOSession3,2025.2.4,Win32,59.95203837,,,,,,,,,,,,,,,,,,,,,,,,,,,,,,,,,,,,,,,,,2913.654,chunkTest_s1,11,1,JUMP-Ab.mp3,2,1.231,6,1,3.142,3.641,2918.126,0,11,11,6,1,JUMP-Ab.mp3,2,,,,,,,,,,,,,,,,,,,,,,,,,,,,,,
,,,,,,,,,,,,,1,,,ALP1109,19650915,2026-04-28_14h13.26.715,BrocantoHPilot1WOSession3,2025.2.4,Win32,59.95203837,,,,,,,,,,,,,,,,,,,,,,,,,,,,,,,,,,,,,,,,,2918.64,chunkTest_s1,12,1,N3-PUSH.mp3,14,1.722,6,1,3.646,3.646,2922.999,0,12,12,11,1,N3-PUSH.mp3,14,,,,,,,,,,,,,,,,,,,,,,,,,,,,,,
,,,,,,,,,,,,,1,,,ALP1109,19650915,2026-04-28_14h13.26.715,BrocantoHPilot1WOSession3,2025.2.4,Win32,59.95203837,,,,,,,,,,,,,,,,,,,,,,,,,,,,,,,,,,,,,,,,,2923.503,chunkTest_s1,13,1,PUSH-N1.mp3,8,1.114,6,1,3.208,4.253,2928.665,0,13,13,15,1,PUSH-N1.mp3,8,,,,,,,,,,,,,,,,,,,,,,,,,,,,,,
,,,,,,,,,,,,,1,,,ALP1109,19650915,2026-04-28_14h13.26.715,BrocantoHPilot1WOSession3,2025.2.4,Win32,59.95203837,,,,,,,,,,,,,,,,,,,,,,,,,,,,,,,,,,,,,,,,,2929.182,chunkTest_s1,14,1,N3-Aa.mp3,0,1.292,5,1,3.106,8.67,2943.903,0,14,14,13,1,N3-Aa.mp3,0,,,,,,,,,,,,,,,,,,,,,,,,,,,,,,
,,,,,,,,,,,,,1,,,ALP1109,19650915,2026-04-28_14h13.26.715,BrocantoHPilot1WOSession3,2025.2.4,Win32,59.95203837,,,,,,,,,,,,,,,,,,,,,,,,,,,,,,,,,,,,,,,,,2944.412,chunkTest_s1,15,1,REVEAL-PUSH.mp3,0,0.942,6,1,2.951,3.438,2948.66,0,15,15,16,1,REVEAL-PUSH.mp3,0,,,,,,,,,,,,,,,,,,,,,,,,,,,,,,
,,,,,,,,,,,,,1,,,ALP1109,19650915,2026-04-28_14h13.26.715,BrocantoHPilot1WOSession3,2025.2.4,Win32,59.95203837,,,,,,,,,,,,,,,,,,,,,,,,,,,,,,,,,,,,,,,,,2949.165,chunkTest_s1,16,1,GO-N2.mp3,3,0.88,6,1,2.923,3.826,2955.825,0,16,16,7,1,GO-N2.mp3,3,,,,,,,,,,,,,,,,,,,,,,,,,,,,,,
,,,,,,,,,,,,,1,,,ALP1109,19650915,2026-04-28_14h13.26.715,BrocantoHPilot1WOSession3,2025.2.4,Win32,59.95203837,,,,,,,,,,,,,,,,,,,,,,,,,,,,,,,,,,,,,,,,,2956.328,chunkTest_s1,17,1,PUSH-Ab.mp3,10,1.123,6,1,2.711,2.896,2963.55,0,17,17,4,1,PUSH-Ab.mp3,10,,,,,,,,,,,,,,,,,,,,,,,,,,,,,,
,,,,,,,,,,,,,1,,,ALP1109,19650915,2026-04-28_14h13.26.715,BrocantoHPilot1WOSession3,2025.2.4,Win32,59.95203837,,,,,,,,,,,,,,,,,,,,,,,,,,,,,,,,,,,,,,,,,2964.061,chunkTest_s1,18,1,N3-N3.mp3,0,0.946,6,1,3.736,4.63,2969.651,0,18,18,5,1,N3-N3.mp3,0,,,,,,,,,,,,,,,,,,,,,,,,,,,,,,
,,,,,,,,,,,,,1,,,ALP1109,19650915,2026-04-28_14h13.26.715,BrocantoHPilot1WOSession3,2025.2.4,Win32,59.95203837,,,,,,,,,,,,,,,,,,,,,,,,,,,,,,,,,,,,,,,,,2970.164,chunkTest_s1,19,1,JUMP-N3.mp3,3,8.409,6,1,10.153,11.373,2983.447,0,19,19,12,1,JUMP-N3.mp3,3,,,,,,,,,,,,,,,,,,,,,,,,,,,,,,
,,,,,,,,,,,,,1,,,ALP1109,19650915,2026-04-28_14h13.26.715,BrocantoHPilot1WOSession3,2025.2.4,Win32,59.95203837,,,,,,,,,,,,,,,,,,,,,,,,,,,,,,,,,,,,,,,,,2994.182,GJTest_s1,0,1,Ab-OBJ-N5-Ab-SBJ-N2-PUSH-TR-Aa-LOC-N2.mp3,0,1.668,4,1,7.287,8.465,3003.723,,,,,,Ab-OBJ-N5-Ab-SBJ-N2-PUSH-TR-Aa-LOC-N2.mp3,0,0,0,0,6,1,,,,,,,,,,,,,,,,,,,,,,,,,
,,,,,,,,,,,,,1,,,ALP1109,19650915,2026-04-28_14h13.26.715,BrocantoHPilot1WOSession3,2025.2.4,Win32,59.95203837,,,,,,,,,,,,,,,,,,,,,,,,,,,,,,,,,,,,,,,,,3004.229,GJTest_s1,1,1,OBJ-N2-Ab-SBJ-N4-HIDE-TR-LOC-N3-LOC-N1.mp3,,1.568,6,1,6.473,10.18,3015.199,,,,,,OBJ-N2-Ab-SBJ-N4-HIDE-TR-LOC-N3-LOC-N1.mp3,,0,1,1,18,1,,,,,,,,,,,,,,,,,,,,,,,,,
,,,,,,,,,,,,,1,,,ALP1109,19650915,2026-04-28_14h13.26.715,BrocantoHPilot1WOSession3,2025.2.4,Win32,59.95203837,,,,,,,,,,,,,,,,,,,,,,,,,,,,,,,,,,,,,,,,,3015.723,GJTest_s1,2,1,SBJ-N3-REVEAL-INTR-Ab-LOC-N2.mp3,2,4.33,6,3,7.814,8.231,3024.61,,,,,,SBJ-N3-REVEAL-INTR-Ab-LOC-N2.mp3,2,0,2,2,1,1,,,,,,,,,,,,,,,,,,,,,,,,,
,,,,,,,,,,,,,1,,,ALP1109,19650915,2026-04-28_14h13.26.715,BrocantoHPilot1WOSession3,2025.2.4,Win32,59.95203837,,,,,,,,,,,,,,,,,,,,,,,,,,,,,,,,,,,,,,,,,3025.116,GJTest_s1,3,1,OBJ-N1-SBJ-N2-GO-INTR.mp3,,1.048,6,1,3.759,3.82,3029.896,,,,,,OBJ-N1-SBJ-N2-GO-INTR.mp3,,0,3,3,12,1,,,,,,,,,,,,,,,,,,,,,,,,,
,,,,,,,,,,,,,1,,,ALP1109,19650915,2026-04-28_14h13.26.715,BrocantoHPilot1WOSession3,2025.2.4,Win32,59.95203837,,,,,,,,,,,,,,,,,,,,,,,,,,,,,,,,,,,,,,,,,3030.399,GJTest_s1,4,1,OBJ-N5-SBJ-N2-PUSH-TR.mp3,8,3.177,6,1,5.673,9.848,3041.548,,,,,,OBJ-N5-SBJ-N2-PUSH-TR.mp3,8,0,4,4,0,1,,,,,,,,,,,,,,,,,,,,,,,,,
,,,,,,,,,,,,,1,,,ALP1109,19650915,2026-04-28_14h13.26.715,BrocantoHPilot1WOSession3,2025.2.4,Win32,59.95203837,,,,,,,,,,,,,,,,,,,,,,,,,,,,,,,,,,,,,,,,,3042.06,GJTest_s1,5,1,SBJ-N2-GO-INTR.mp3,5,2.46,5,1,5.186,6.24,3049.417,,,,,,SBJ-N2-GO-INTR.mp3,5,0,5,5,2,1,,,,,,,,,,,,,,,,,,,,,,,,,
,,,,,,,,,,,,,1,,,ALP1109,19650915,2026-04-28_14h13.26.715,BrocantoHPilot1WOSession3,2025.2.4,Win32,59.95203837,,,,,,,,,,,,,,,,,,,,,,,,,,,,,,,,,,,,,,,,,3049.922,GJTest_s1,6,1,Aa-SBJ-N2-JUMP-INTR.mp3,0,3.11,6,1,5.336,5.682,3056.409,,,,,,Aa-SBJ-N2-JUMP-INTR.mp3,0,0,6,6,9,1,,,,,,,,,,,,,,,,,,,,,,,,,
,,,,,,,,,,,,,1,,,ALP1109,19650915,2026-04-28_14h13.26.715,BrocantoHPilot1WOSession3,2025.2.4,Win32,59.95203837,,,,,,,,,,,,,,,,,,,,,,,,,,,,,,,,,,,,,,,,,3056.923,GJTest_s1,7,1,OBJ-N1-SBJ-N2-Aa-JUMP-INTR.mp3,,1.462,4,1,4.3,5.894,3063.41,,,,,,OBJ-N1-SBJ-N2-Aa-JUMP-INTR.mp3,,0,7,7,19,1,,,,,,,,,,,,,,,,,,,,,,,,,
,,,,,,,,,,,,,1,,,ALP1109,19650915,2026-04-28_14h13.26.715,BrocantoHPilot1WOSession3,2025.2.4,Win32,59.95203837,,,,,,,,,,,,,,,,,,,,,,,,,,,,,,,,,,,,,,,,,3063.93,GJTest_s1,8,1,Ab-SBJ-N1-JUMP-INTR-LOC-N5.mp3,0,5.38,6,1,8.916,14.196,3079.269,,,,,,Ab-SBJ-N1-JUMP-INTR-LOC-N5.mp3,0,0,8,8,5,1,,,,,,,,,,,,,,,,,,,,,,,,,
,,,,,,,,,,,,,1,,,ALP1109,19650915,2026-04-28_14h13.26.715,BrocantoHPilot1WOSession3,2025.2.4,Win32,59.95203837,,,,,,,,,,,,,,,,,,,,,,,,,,,,,,,,,,,,,,,,,3079.776,GJTest_s1,9,1,SBJ-N5-Aa-PUSH-TR.mp3,,0.943,1,1,3.21,10.487,3090.913,,,,,,SBJ-N5-Aa-PUSH-TR.mp3,,0,9,9,17,1,,,,,,,,,,,,,,,,,,,,,,,,,
,,,,,,,,,,,,,1,,,ALP1109,19650915,2026-04-28_14h13.26.715,BrocantoHPilot1WOSession3,2025.2.4,Win32,59.95203837,,,,,,,,,,,,,,,,,,,,,,,,,,,,,,,,,,,,,,,,,3091.424,GJTest_s1,10,1,OBJ-N5-SBJ-N4-HIDE-TR-LOC-N2-LOC-N1.mp3,,4.471,6,1,8.002,8.002,3100.188,,,,,,OBJ-N5-SBJ-N4-HIDE-TR-LOC-N2-LOC-N1.mp3,,0,10,10,13,1,,,,,,,,,,,,,,,,,,,,,,,,,
,,,,,,,,,,,,,1,,,ALP1109,19650915,2026-04-28_14h13.26.715,BrocantoHPilot1WOSession3,2025.2.4,Win32,59.95203837,,,,,,,,,,,,,,,,,,,,,,,,,,,,,,,,,,,,,,,,,3100.691,GJTest_s1,11,1,SBJ-N1-Ab-JUMP-INTR-LOC-N5-LOC-N2.mp3,,3.838,6,1,7.134,11.296,3112.766,,,,,,SBJ-N1-Ab-JUMP-INTR-LOC-N5-LOC-N2.mp3,,0,11,11,15,1,,,,,,,,,,,,,,,,,,,,,,,,,
,,,,,,,,,,,,,1,,,ALP1109,19650915,2026-04-28_14h13.26.715,BrocantoHPilot1WOSession3,2025.2.4,Win32,59.95203837,,,,,,,,,,,,,,,,,,,,,,,,,,,,,,,,,,,,,,,,,3113.267,GJTest_s1,12,1,Ab-OBJ-N2-SBJ-N4-HIDE-TR-LOC-N3.mp3,0,2.31,5,1,6.18,7.468,3121.375,,,,,,Ab-OBJ-N2-SBJ-N4-HIDE-TR-LOC-N3.mp3,0,0,12,12,8,1,,,,,,,,,,,,,,,,,,,,,,,,,
,,,,,,,,,,,,,1,,,ALP1109,19650915,2026-04-28_14h13.26.715,BrocantoHPilot1WOSession3,2025.2.4,Win32,59.95203837,,,,,,,,,,,,,,,,,,,,,,,,,,,,,,,,,,,,,,,,,3121.894,GJTest_s1,13,1,Ab-OBJ-N5-Aa-SBJ-N5-PUSH-TR.mp3,0,3.109,5,1,6.405,8.672,3131.168,,,,,,Ab-OBJ-N5-Aa-SBJ-N5-PUSH-TR.mp3,0,0,13,13,7,1,,,,,,,,,,,,,,,,,,,,,,,,,
,,,,,,,,,,,,,1,,,ALP1109,19650915,2026-04-28_14h13.26.715,BrocantoHPilot1WOSession3,2025.2.4,Win32,59.95203837,,,,,,,,,,,,,,,,,,,,,,,,,,,,,,,,,,,,,,,,,3131.686,GJTest_s1,14,1,SBJ-N1-HIDE-INTR-Ab-LOC-N4.mp3,1,33.81,5,2,6.021,36.653,3168.948,,,,,,SBJ-N1-HIDE-INTR-Ab-LOC-N4.mp3,1,0,14,14,4,1,,,,,,,,,,,,,,,,,,,,,,,,,
,,,,,,,,,,,,,1,,,ALP1109,19650915,2026-04-28_14h13.26.715,BrocantoHPilot1WOSession3,2025.2.4,Win32,59.95203837,,,,,,,,,,,,,,,,,,,,,,,,,,,,,,,,,,,,,,,,,3169.46,GJTest_s1,15,1,SBJ-N1-HIDE-INTR-Ab-LOC-N4-LOC-N2.mp3,,0.819,6,1,4.088,4.295,3174.668,,,,,,SBJ-N1-HIDE-INTR-Ab-LOC-N4-LOC-N2.mp3,,0,15,15,14,1,,,,,,,,,,,,,,,,,,,,,,,,,
,,,,,,,,,,,,,1,,,ALP1109,19650915,2026-04-28_14h13.26.715,BrocantoHPilot1WOSession3,2025.2.4,Win32,59.95203837,,,,,,,,,,,,,,,,,,,,,,,,,,,,,,,,,,,,,,,,,3175.169,GJTest_s1,16,1,REVEAL-INTR-Ab-LOC-N2.mp3,,0.98,6,1,3.365,15.064,3190.942,,,,,,REVEAL-INTR-Ab-LOC-N2.mp3,,0,16,16,11,1,,,,,,,,,,,,,,,,,,,,,,,,,
,,,,,,,,,,,,,1,,,ALP1109,19650915,2026-04-28_14h13.26.715,BrocantoHPilot1WOSession3,2025.2.4,Win32,59.95203837,,,,,,,,,,,,,,,,,,,,,,,,,,,,,,,,,,,,,,,,,3191.468,GJTest_s1,17,1,SBJ-N2-PUSH-TR.mp3,,2.295,1,1,4.031,6.392,3200.954,,,,,,SBJ-N2-PUSH-TR.mp3,,0,17,17,10,1,,,,,,,,,,,,,,,,,,,,,,,,,
,,,,,,,,,,,,,1,,,ALP1109,19650915,2026-04-28_14h13.26.715,BrocantoHPilot1WOSession3,2025.2.4,Win32,59.95203837,,,,,,,,,,,,,,,,,,,,,,,,,,,,,,,,,,,,,,,,,3201.459,GJTest_s1,18,1,OBJ-N5-Ab-SBJ-N2-PUSH-TR-Ab-Aa-LOC-N2-LOC-N1.mp3,,124.353,6,1,130.055,130.308,3332.666,,,,,,OBJ-N5-Ab-SBJ-N2-PUSH-TR-Ab-Aa-LOC-N2-LOC-N1.mp3,,0,18,18,16,1,,,,,,,,,,,,,,,,,,,,,,,,,
,,,,,,,,,,,,,1,,,ALP1109,19650915,2026-04-28_14h13.26.715,BrocantoHPilot1WOSession3,2025.2.4,Win32,59.95203837,,,,,,,,,,,,,,,,,,,,,,,,,,,,,,,,,,,,,,,,,3333.169,GJTest_s1,19,1,OBJ-N5-SBJ-N4-HIDE-TR-LOC-N2.mp3,3,0.94,6,1,3.629,6.665,3340.423,,,,,,OBJ-N5-SBJ-N4-HIDE-TR-LOC-N2.mp3,3,0,19,19,3,1,,,,,,,,,,,,,,,,,,,,,,,,,
3355.621,2,Ab-OBJ-N5-SBJ-N3-HIDE-TR-Ab-LOC-N2.mp4,Ab-OBJ-N5-SBJ-N3-HIDE-TR-Ab-LOC-N2.mp3,3361.281,mouse_continue,5.662,,,,,,,2,Ab-OBJ-N5-SBJ-N3-HIDE-TR-Ab-LOC-N2.mp4,Ab-OBJ-N5-SBJ-N3-HIDE-TR-Ab-LOC-N2.mp3,ALP1109,19650915,2026-04-28_14h13.26.715,BrocantoHPilot1WOSession3,2025.2.4,Win32,59.95203837,,,,,,,,,,,,,,,,,,,,,,,,,,,,,,,,,,,,,,,,,,,,,,,,,,,,,,,,,,,,,,,,,0,0,0,0,1,,,,,,,,,,,,,,,,,,,,
3361.284,2,Ab-SBJ-N2-REVEAL-INTR-LOC-N3.mp4,Ab-SBJ-N2-REVEAL-INTR-LOC-N3.mp3,3366.832,mouse_continue,5.549,,,,,,,2,Ab-SBJ-N2-REVEAL-INTR-LOC-N3.mp4,Ab-SBJ-N2-REVEAL-INTR-LOC-N3.mp3,ALP1109,19650915,2026-04-28_14h13.26.715,BrocantoHPilot1WOSession3,2025.2.4,Win32,59.95203837,,,,,,,,,,,,,,,,,,,,,,,,,,,,,,,,,,,,,,,,,,,,,,,,,,,,,,,,,,,,,,,,,0,1,1,1,1,,,,,,,,,,,,,,,,,,,,
3366.833,2,Ab-OBJ-N5-SBJ-N4-PUSH-TR-Ab-LOC-N3.mp4,Ab-OBJ-N5-SBJ-N4-PUSH-TR-Ab-LOC-N3.mp3,3372.363,mouse_continue,5.53,,,,,,,2,Ab-OBJ-N5-SBJ-N4-PUSH-TR-Ab-LOC-N3.mp4,Ab-OBJ-N5-SBJ-N4-PUSH-TR-Ab-LOC-N3.mp3,ALP1109,19650915,2026-04-28_14h13.26.715,BrocantoHPilot1WOSession3,2025.2.4,Win32,59.95203837,,,,,,,,,,,,,,,,,,,,,,,,,,,,,,,,,,,,,,,,,,,,,,,,,,,,,,,,,,,,,,,,,0,2,2,2,1,,,,,,,,,,,,,,,,,,,,
3372.365,2,Ab-SBJ-N1-GO-INTR.mp4,Ab-SBJ-N1-GO-INTR.mp3,3380.641,mouse_continue,8.277,,,,,,,2,Ab-SBJ-N1-GO-INTR.mp4,Ab-SBJ-N1-GO-INTR.mp3,ALP1109,19650915,2026-04-28_14h13.26.715,BrocantoHPilot1WOSession3,2025.2.4,Win32,59.95203837,,,,,,,,,,,,,,,,,,,,,,,,,,,,,,,,,,,,,,,,,,,,,,,,,,,,,,,,,,,,,,,,,0,3,3,3,1,,,,,,,,,,,,,,,,,,,,
3380.645,2,Ab-OBJ-N5-Ab-SBJ-N2-REVEAL-TR.mp4,Ab-OBJ-N5-Ab-SBJ-N2-REVEAL-TR.mp3,3389.568,mouse_continue,8.922,,,,,,,2,Ab-OBJ-N5-Ab-SBJ-N2-REVEAL-TR.mp4,Ab-OBJ-N5-Ab-SBJ-N2-REVEAL-TR.mp3,ALP1109,19650915,2026-04-28_14h13.26.715,BrocantoHPilot1WOSession3,2025.2.4,Win32,59.95203837,,,,,,,,,,,,,,,,,,,,,,,,,,,,,,,,,,,,,,,,,,,,,,,,,,,,,,,,,,,,,,,,,0,4,4,4,1,,,,,,,,,,,,,,,,,,,,
3389.569,2,SBJ-N2-REVEAL-INTR-LOC-N4.mp4,SBJ-N2-REVEAL-INTR-LOC-N4.mp3,3395.001,mouse_continue,5.432,,,,,,,2,SBJ-N2-REVEAL-INTR-LOC-N4.mp4,SBJ-N2-REVEAL-INTR-LOC-N4.mp3,ALP1109,19650915,2026-04-28_14h13.26.715,BrocantoHPilot1WOSession3,2025.2.4,Win32,59.95203837,,,,,,,,,,,,,,,,,,,,,,,,,,,,,,,,,,,,,,,,,,,,,,,,,,,,,,,,,,,,,,,,,0,5,5,5,1,,,,,,,,,,,,,,,,,,,,
3395.003,2,SBJ-N4-REVEAL-INTR-LOC-N5.mp4,SBJ-N4-REVEAL-INTR-LOC-N5.mp3,3400.473,mouse_continue,5.469,,,,,,,2,SBJ-N4-REVEAL-INTR-LOC-N5.mp4,SBJ-N4-REVEAL-INTR-LOC-N5.mp3,ALP1109,19650915,2026-04-28_14h13.26.715,BrocantoHPilot1WOSession3,2025.2.4,Win32,59.95203837,,,,,,,,,,,,,,,,,,,,,,,,,,,,,,,,,,,,,,,,,,,,,,,,,,,,,,,,,,,,,,,,,0,6,6,6,1,,,,,,,,,,,,,,,,,,,,
3400.474,2,Ab-OBJ-N5-Ab-SBJ-N4-PUSH-TR.mp4,Ab-OBJ-N5-Ab-SBJ-N4-PUSH-TR.mp3,3407.249,mouse_continue,6.776,,,,,,,2,Ab-OBJ-N5-Ab-SBJ-N4-PUSH-TR.mp4,Ab-OBJ-N5-Ab-SBJ-N4-PUSH-TR.mp3,ALP1109,19650915,2026-04-28_14h13.26.715,BrocantoHPilot1WOSession3,2025.2.4,Win32,59.95203837,,,,,,,,,,,,,,,,,,,,,,,,,,,,,,,,,,,,,,,,,,,,,,,,,,,,,,,,,,,,,,,,,0,7,7,7,1,,,,,,,,,,,,,,,,,,,,
3407.251,2,Ab-OBJ-N5-Ab-SBJ-N2-REVEAL-TR-Ab-LOC-N4.mp4,Ab-OBJ-N5-Ab-SBJ-N2-REVEAL-TR-Ab-LOC-N4.mp3,3414.716,mouse_continue,7.464,,,,,,,2,Ab-OBJ-N5-Ab-SBJ-N2-REVEAL-TR-Ab-LOC-N4.mp4,Ab-OBJ-N5-Ab-SBJ-N2-REVEAL-TR-Ab-LOC-N4.mp3,ALP1109,19650915,2026-04-28_14h13.26.715,BrocantoHPilot1WOSession3,2025.2.4,Win32,59.95203837,,,,,,,,,,,,,,,,,,,,,,,,,,,,,,,,,,,,,,,,,,,,,,,,,,,,,,,,,,,,,,,,,0,8,8,8,1,,,,,,,,,,,,,,,,,,,,
3414.721,2,Aa-SBJ-N5-JUMP-INTR.mp4,Aa-SBJ-N5-JUMP-INTR.mp3,3427.559,mouse_continue,12.837,,,,,,,2,Aa-SBJ-N5-JUMP-INTR.mp4,Aa-SBJ-N5-JUMP-INTR.mp3,ALP1109,19650915,2026-04-28_14h13.26.715,BrocantoHPilot1WOSession3,2025.2.4,Win32,59.95203837,,,,,,,,,,,,,,,,,,,,,,,,,,,,,,,,,,,,,,,,,,,,,,,,,,,,,,,,,,,,,,,,,0,9,9,9,1,,,,,,,,,,,,,,,,,,,,
3427.561,2,Ab-OBJ-N5-SBJ-N3-HIDE-TR-LOC-N2.mp4,Ab-OBJ-N5-SBJ-N3-HIDE-TR-LOC-N2.mp3,3433.099,mouse_continue,5.539,,,,,,,2,Ab-OBJ-N5-SBJ-N3-HIDE-TR-LOC-N2.mp4,Ab-OBJ-N5-SBJ-N3-HIDE-TR-LOC-N2.mp3,ALP1109,19650915,2026-04-28_14h13.26.715,BrocantoHPilot1WOSession3,2025.2.4,Win32,59.95203837,,,,,,,,,,,,,,,,,,,,,,,,,,,,,,,,,,,,,,,,,,,,,,,,,,,,,,,,,,,,,,,,,0,10,10,10,1,,,,,,,,,,,,,,,,,,,,
3433.102,2,Ab-OBJ-N5-Ab-SBJ-N2-REVEAL-TR.mp4,Ab-OBJ-N5-Ab-SBJ-N2-REVEAL-TR.mp3,3438.568,mouse_continue,5.467,,,,,,,2,Ab-OBJ-N5-Ab-SBJ-N2-REVEAL-TR.mp4,Ab-OBJ-N5-Ab-SBJ-N2-REVEAL-TR.mp3,ALP1109,19650915,2026-04-28_14h13.26.715,BrocantoHPilot1WOSession3,2025.2.4,Win32,59.95203837,,,,,,,,,,,,,,,,,,,,,,,,,,,,,,,,,,,,,,,,,,,,,,,,,,,,,,,,,,,,,,,,,0,11,11,11,1,,,,,,,,,,,,,,,,,,,,
3438.57,2,Aa-SBJ-N5-HIDE-INTR.mp4,Aa-SBJ-N5-HIDE-INTR.mp3,3444.072,mouse_continue,5.503,,,,,,,2,Aa-SBJ-N5-HIDE-INTR.mp4,Aa-SBJ-N5-HIDE-INTR.mp3,ALP1109,19650915,2026-04-28_14h13.26.715,BrocantoHPilot1WOSession3,2025.2.4,Win32,59.95203837,,,,,,,,,,,,,,,,,,,,,,,,,,,,,,,,,,,,,,,,,,,,,,,,,,,,,,,,,,,,,,,,,0,12,12,12,1,,,,,,,,,,,,,,,,,,,,
3444.073,2,SBJ-N5-REVEAL-INTR-Ab-LOC-N3.mp4,SBJ-N5-REVEAL-INTR-Ab-LOC-N3.mp3,3449.618,mouse_continue,5.545,,,,,,,2,SBJ-N5-REVEAL-INTR-Ab-LOC-N3.mp4,SBJ-N5-REVEAL-INTR-Ab-LOC-N3.mp3,ALP1109,19650915,2026-04-28_14h13.26.715,BrocantoHPilot1WOSession3,2025.2.4,Win32,59.95203837,,,,,,,,,,,,,,,,,,,,,,,,,,,,,,,,,,,,,,,,,,,,,,,,,,,,,,,,,,,,,,,,,0,13,13,13,1,,,,,,,,,,,,,,,,,,,,
3449.622,2,SBJ-N5-REVEAL-INTR-LOC-N2.mp4,SBJ-N5-REVEAL-INTR-LOC-N2.mp3,3464.714,mouse_continue,15.093,,,,,,,2,SBJ-N5-REVEAL-INTR-LOC-N2.mp4,SBJ-N5-REVEAL-INTR-LOC-N2.mp3,ALP1109,19650915,2026-04-28_14h13.26.715,BrocantoHPilot1WOSession3,2025.2.4,Win32,59.95203837,,,,,,,,,,,,,,,,,,,,,,,,,,,,,,,,,,,,,,,,,,,,,,,,,,,,,,,,,,,,,,,,,0,14,14,14,1,,,,,,,,,,,,,,,,,,,,
3464.715,2,Aa-SBJ-N5-JUMP-INTR.mp4,Aa-SBJ-N5-JUMP-INTR.mp3,3470.611,mouse_continue,5.896,,,,,,,2,Aa-SBJ-N5-JUMP-INTR.mp4,Aa-SBJ-N5-JUMP-INTR.mp3,ALP1109,19650915,2026-04-28_14h13.26.715,BrocantoHPilot1WOSession3,2025.2.4,Win32,59.95203837,,,,,,,,,,,,,,,,,,,,,,,,,,,,,,,,,,,,,,,,,,,,,,,,,,,,,,,,,,,,,,,,,0,15,15,15,1,,,,,,,,,,,,,,,,,,,,
3470.613,2,Ab-OBJ-N5-Aa-SBJ-N5-PUSH-TR.mp4,Ab-OBJ-N5-Aa-SBJ-N5-PUSH-TR.mp3,3482.156,mouse_continue,11.543,,,,,,,2,Ab-OBJ-N5-Aa-SBJ-N5-PUSH-TR.mp4,Ab-OBJ-N5-Aa-SBJ-N5-PUSH-TR.mp3,ALP1109,19650915,2026-04-28_14h13.26.715,BrocantoHPilot1WOSession3,2025.2.4,Win32,59.95203837,,,,,,,,,,,,,,,,,,,,,,,,,,,,,,,,,,,,,,,,,,,,,,,,,,,,,,,,,,,,,,,,,0,16,16,16,1,,,,,,,,,,,,,,,,,,,,
3482.16,2,Ab-OBJ-N5-SBJ-N3-HIDE-TR-Ab-LOC-N4.mp4,Ab-OBJ-N5-SBJ-N3-HIDE-TR-Ab-LOC-N4.mp3,3488.358,mouse_continue,6.197,,,,,,,2,Ab-OBJ-N5-SBJ-N3-HIDE-TR-Ab-LOC-N4.mp4,Ab-OBJ-N5-SBJ-N3-HIDE-TR-Ab-LOC-N4.mp3,ALP1109,19650915,2026-04-28_14h13.26.715,BrocantoHPilot1WOSession3,2025.2.4,Win32,59.95203837,,,,,,,,,,,,,,,,,,,,,,,,,,,,,,,,,,,,,,,,,,,,,,,,,,,,,,,,,,,,,,,,,0,17,17,17,1,,,,,,,,,,,,,,,,,,,,
3488.36,2,SBJ-N3-GO-INTR.mp4,SBJ-N3-GO-INTR.mp3,3494.098,mouse_continue,5.738,,,,,,,2,SBJ-N3-GO-INTR.mp4,SBJ-N3-GO-INTR.mp3,ALP1109,19650915,2026-04-28_14h13.26.715,BrocantoHPilot1WOSession3,2025.2.4,Win32,59.95203837,,,,,,,,,,,,,,,,,,,,,,,,,,,,,,,,,,,,,,,,,,,,,,,,,,,,,,,,,,,,,,,,,0,18,18,18,1,,,,,,,,,,,,,,,,,,,,
3494.099,2,Ab-OBJ-N5-SBJ-N4-REVEAL-TR-LOC-N3.mp4,Ab-OBJ-N5-SBJ-N4-REVEAL-TR-LOC-N3.mp3,3501.086,mouse_continue,6.987,,,,,,,2,Ab-OBJ-N5-SBJ-N4-REVEAL-TR-LOC-N3.mp4,Ab-OBJ-N5-SBJ-N4-REVEAL-TR-LOC-N3.mp3,ALP1109,19650915,2026-04-28_14h13.26.715,BrocantoHPilot1WOSession3,2025.2.4,Win32,59.95203837,,,,,,,,,,,,,,,,,,,,,,,,,,,,,,,,,,,,,,,,,,,,,,,,,,,,,,,,,,,,,,,,,0,19,19,19,1,,,,,,,,,,,,,,,,,,,,
3501.087,2,Ab-OBJ-N5-Aa-SBJ-N5-HIDE-TR.mp4,Ab-OBJ-N5-Aa-SBJ-N5-HIDE-TR.mp3,3506.632,mouse_continue,5.544,,,,,,,2,Ab-OBJ-N5-Aa-SBJ-N5-HIDE-TR.mp4,Ab-OBJ-N5-Aa-SBJ-N5-HIDE-TR.mp3,ALP1109,19650915,2026-04-28_14h13.26.715,BrocantoHPilot1WOSession3,2025.2.4,Win32,59.95203837,,,,,,,,,,,,,,,,,,,,,,,,,,,,,,,,,,,,,,,,,,,,,,,,,,,,,,,,,,,,,,,,,0,20,20,20,1,,,,,,,,,,,,,,,,,,,,
3506.633,2,SBJ-N3-REVEAL-INTR-Ab-LOC-N5.mp4,SBJ-N3-REVEAL-INTR-Ab-LOC-N5.mp3,3512.269,mouse_continue,5.636,,,,,,,2,SBJ-N3-REVEAL-INTR-Ab-LOC-N5.mp4,SBJ-N3-REVEAL-INTR-Ab-LOC-N5.mp3,ALP1109,19650915,2026-04-28_14h13.26.715,BrocantoHPilot1WOSession3,2025.2.4,Win32,59.95203837,,,,,,,,,,,,,,,,,,,,,,,,,,,,,,,,,,,,,,,,,,,,,,,,,,,,,,,,,,,,,,,,,0,21,21,21,1,,,,,,,,,,,,,,,,,,,,
3512.271,2,OBJ-N5-SBJ-N4-PUSH-TR.mp4,OBJ-N5-SBJ-N4-PUSH-TR.mp3,3517.866,mouse_continue,5.596,,,,,,,2,OBJ-N5-SBJ-N4-PUSH-TR.mp4,OBJ-N5-SBJ-N4-PUSH-TR.mp3,ALP1109,19650915,2026-04-28_14h13.26.715,BrocantoHPilot1WOSession3,2025.2.4,Win32,59.95203837,,,,,,,,,,,,,,,,,,,,,,,,,,,,,,,,,,,,,,,,,,,,,,,,,,,,,,,,,,,,,,,,,0,22,22,22,1,,,,,,,,,,,,,,,,,,,,
3517.868,2,Ab-SBJ-N5-HIDE-INTR.mp4,Ab-SBJ-N5-HIDE-INTR.mp3,3523.814,mouse_continue,5.947,,,,,,,2,Ab-SBJ-N5-HIDE-INTR.mp4,Ab-SBJ-N5-HIDE-INTR.mp3,ALP1109,19650915,2026-04-28_14h13.26.715,BrocantoHPilot1WOSession3,2025.2.4,Win32,59.95203837,,,,,,,,,,,,,,,,,,,,,,,,,,,,,,,,,,,,,,,,,,,,,,,,,,,,,,,,,,,,,,,,,0,23,23,23,1,,,,,,,,,,,,,,,,,,,,
3523.816,2,OBJ-N5-Ab-SBJ-N4-PUSH-TR-Ab-LOC-N3.mp4,OBJ-N5-Ab-SBJ-N4-PUSH-TR-Ab-LOC-N3.mp3,3533.381,mouse_continue,9.566,,,,,,,2,OBJ-N5-Ab-SBJ-N4-PUSH-TR-Ab-LOC-N3.mp4,OBJ-N5-Ab-SBJ-N4-PUSH-TR-Ab-LOC-N3.mp3,ALP1109,19650915,2026-04-28_14h13.26.715,BrocantoHPilot1WOSession3,2025.2.4,Win32,59.95203837,,,,,,,,,,,,,,,,,,,,,,,,,,,,,,,,,,,,,,,,,,,,,,,,,,,,,,,,,,,,,,,,,0,24,24,24,1,,,,,,,,,,,,,,,,,,,,
3533.383,2,Ab-SBJ-N5-JUMP-INTR.mp4,Ab-SBJ-N5-JUMP-INTR.mp3,3539.232,mouse_continue,5.849,,,,,,,2,Ab-SBJ-N5-JUMP-INTR.mp4,Ab-SBJ-N5-JUMP-INTR.mp3,ALP1109,19650915,2026-04-28_14h13.26.715,BrocantoHPilot1WOSession3,2025.2.4,Win32,59.95203837,,,,,,,,,,,,,,,,,,,,,,,,,,,,,,,,,,,,,,,,,,,,,,,,,,,,,,,,,,,,,,,,,0,25,25,25,1,,,,,,,,,,,,,,,,,,,,
3539.235,2,OBJ-N5-SBJ-N2-HIDE-TR.mp4,OBJ-N5-SBJ-N2-HIDE-TR.mp3,3544.64,mouse_continue,5.405,,,,,,,2,OBJ-N5-SBJ-N2-HIDE-TR.mp4,OBJ-N5-SBJ-N2-HIDE-TR.mp3,ALP1109,19650915,2026-04-28_14h13.26.715,BrocantoHPilot1WOSession3,2025.2.4,Win32,59.95203837,,,,,,,,,,,,,,,,,,,,,,,,,,,,,,,,,,,,,,,,,,,,,,,,,,,,,,,,,,,,,,,,,0,26,26,26,1,,,,,,,,,,,,,,,,,,,,
3544.643,2,OBJ-N5-Ab-SBJ-N2-REVEAL-TR-LOC-N4.mp4,OBJ-N5-Ab-SBJ-N2-REVEAL-TR-LOC-N4.mp3,3550.417,mouse_continue,5.774,,,,,,,2,OBJ-N5-Ab-SBJ-N2-REVEAL-TR-LOC-N4.mp4,OBJ-N5-Ab-SBJ-N2-REVEAL-TR-LOC-N4.mp3,ALP1109,19650915,2026-04-28_14h13.26.715,BrocantoHPilot1WOSession3,2025.2.4,Win32,59.95203837,,,,,,,,,,,,,,,,,,,,,,,,,,,,,,,,,,,,,,,,,,,,,,,,,,,,,,,,,,,,,,,,,0,27,27,27,1,,,,,,,,,,,,,,,,,,,,
3550.417,2,Aa-SBJ-N5-HIDE-INTR.mp4,Aa-SBJ-N5-HIDE-INTR.mp3,3556.862,mouse_continue,6.445,,,,,,,2,Aa-SBJ-N5-HIDE-INTR.mp4,Aa-SBJ-N5-HIDE-INTR.mp3,ALP1109,19650915,2026-04-28_14h13.26.715,BrocantoHPilot1WOSession3,2025.2.4,Win32,59.95203837,,,,,,,,,,,,,,,,,,,,,,,,,,,,,,,,,,,,,,,,,,,,,,,,,,,,,,,,,,,,,,,,,0,28,28,28,1,,,,,,,,,,,,,,,,,,,,
3556.864,2,OBJ-N5-SBJ-N2-HIDE-TR-LOC-N3.mp4,OBJ-N5-SBJ-N2-HIDE-TR-LOC-N3.mp3,3566.487,mouse_continue,9.623,,,,,,,2,OBJ-N5-SBJ-N2-HIDE-TR-LOC-N3.mp4,OBJ-N5-SBJ-N2-HIDE-TR-LOC-N3.mp3,ALP1109,19650915,2026-04-28_14h13.26.715,BrocantoHPilot1WOSession3,2025.2.4,Win32,59.95203837,,,,,,,,,,,,,,,,,,,,,,,,,,,,,,,,,,,,,,,,,,,,,,,,,,,,,,,,,,,,,,,,,0,29,29,29,1,,,,,,,,,,,,,,,,,,,,
3566.488,2,OBJ-N5-SBJ-N4-REVEAL-TR.mp4,OBJ-N5-SBJ-N4-REVEAL-TR.mp3,3574.38,mouse_continue,7.892,,,,,,,2,OBJ-N5-SBJ-N4-REVEAL-TR.mp4,OBJ-N5-SBJ-N4-REVEAL-TR.mp3,ALP1109,19650915,2026-04-28_14h13.26.715,BrocantoHPilot1WOSession3,2025.2.4,Win32,59.95203837,,,,,,,,,,,,,,,,,,,,,,,,,,,,,,,,,,,,,,,,,,,,,,,,,,,,,,,,,,,,,,,,,0,30,30,30,1,,,,,,,,,,,,,,,,,,,,
3574.382,2,Ab-OBJ-N5-Ab-SBJ-N4-PUSH-TR.mp4,Ab-OBJ-N5-Ab-SBJ-N4-PUSH-TR.mp3,3579.936,mouse_continue,5.554,,,,,,,2,Ab-OBJ-N5-Ab-SBJ-N4-PUSH-TR.mp4,Ab-OBJ-N5-Ab-SBJ-N4-PUSH-TR.mp3,ALP1109,19650915,2026-04-28_14h13.26.715,BrocantoHPilot1WOSession3,2025.2.4,Win32,59.95203837,,,,,,,,,,,,,,,,,,,,,,,,,,,,,,,,,,,,,,,,,,,,,,,,,,,,,,,,,,,,,,,,,0,31,31,31,1,,,,,,,,,,,,,,,,,,,,
3579.938,2,Ab-SBJ-N5-GO-INTR.mp4,Ab-SBJ-N5-GO-INTR.mp3,3586.17,mouse_continue,6.231,,,,,,,2,Ab-SBJ-N5-GO-INTR.mp4,Ab-SBJ-N5-GO-INTR.mp3,ALP1109,19650915,2026-04-28_14h13.26.715,BrocantoHPilot1WOSession3,2025.2.4,Win32,59.95203837,,,,,,,,,,,,,,,,,,,,,,,,,,,,,,,,,,,,,,,,,,,,,,,,,,,,,,,,,,,,,,,,,0,32,32,32,1,,,,,,,,,,,,,,,,,,,,
3586.172,2,SBJ-N5-JUMP-INTR.mp4,SBJ-N5-JUMP-INTR.mp3,3591.813,mouse_continue,5.641,,,,,,,2,SBJ-N5-JUMP-INTR.mp4,SBJ-N5-JUMP-INTR.mp3,ALP1109,19650915,2026-04-28_14h13.26.715,BrocantoHPilot1WOSession3,2025.2.4,Win32,59.95203837,,,,,,,,,,,,,,,,,,,,,,,,,,,,,,,,,,,,,,,,,,,,,,,,,,,,,,,,,,,,,,,,,0,33,33,33,1,,,,,,,,,,,,,,,,,,,,
3591.815,2,SBJ-N3-HIDE-INTR-Aa-LOC-N2.mp4,SBJ-N3-HIDE-INTR-Aa-LOC-N2.mp3,3597.623,mouse_continue,5.809,,,,,,,2,SBJ-N3-HIDE-INTR-Aa-LOC-N2.mp4,SBJ-N3-HIDE-INTR-Aa-LOC-N2.mp3,ALP1109,19650915,2026-04-28_14h13.26.715,BrocantoHPilot1WOSession3,2025.2.4,Win32,59.95203837,,,,,,,,,,,,,,,,,,,,,,,,,,,,,,,,,,,,,,,,,,,,,,,,,,,,,,,,,,,,,,,,,0,34,34,34,1,,,,,,,,,,,,,,,,,,,,
3597.624,2,Aa-SBJ-N1-GO-INTR-LOC-N4.mp4,Aa-SBJ-N1-GO-INTR-LOC-N4.mp3,3603.404,mouse_continue,5.779,,,,,,,2,Aa-SBJ-N1-GO-INTR-LOC-N4.mp4,Aa-SBJ-N1-GO-INTR-LOC-N4.mp3,ALP1109,19650915,2026-04-28_14h13.26.715,BrocantoHPilot1WOSession3,2025.2.4,Win32,59.95203837,,,,,,,,,,,,,,,,,,,,,,,,,,,,,,,,,,,,,,,,,,,,,,,,,,,,,,,,,,,,,,,,,0,35,35,35,1,,,,,,,,,,,,,,,,,,,,
3603.405,2,SBJ-N4-GO-INTR-Ab-LOC-N2.mp4,SBJ-N4-GO-INTR-Ab-LOC-N2.mp3,3609.103,mouse_continue,5.698,,,,,,,2,SBJ-N4-GO-INTR-Ab-LOC-N2.mp4,SBJ-N4-GO-INTR-Ab-LOC-N2.mp3,ALP1109,19650915,2026-04-28_14h13.26.715,BrocantoHPilot1WOSession3,2025.2.4,Win32,59.95203837,,,,,,,,,,,,,,,,,,,,,,,,,,,,,,,,,,,,,,,,,,,,,,,,,,,,,,,,,,,,,,,,,0,36,36,36,1,,,,,,,,,,,,,,,,,,,,
3609.105,2,Ab-SBJ-N1-JUMP-INTR-Aa-LOC-N2.mp4,Ab-SBJ-N1-JUMP-INTR-Aa-LOC-N2.mp3,3614.883,mouse_continue,5.778,,,,,,,2,Ab-SBJ-N1-JUMP-INTR-Aa-LOC-N2.mp4,Ab-SBJ-N1-JUMP-INTR-Aa-LOC-N2.mp3,ALP1109,19650915,2026-04-28_14h13.26.715,BrocantoHPilot1WOSession3,2025.2.4,Win32,59.95203837,,,,,,,,,,,,,,,,,,,,,,,,,,,,,,,,,,,,,,,,,,,,,,,,,,,,,,,,,,,,,,,,,0,37,37,37,1,,,,,,,,,,,,,,,,,,,,
3614.887,2,Aa-SBJ-N2-HIDE-INTR-LOC-N1.mp4,Aa-SBJ-N2-HIDE-INTR-LOC-N1.mp3,3620.766,mouse_continue,5.88,,,,,,,2,Aa-SBJ-N2-HIDE-INTR-LOC-N1.mp4,Aa-SBJ-N2-HIDE-INTR-LOC-N1.mp3,ALP1109,19650915,2026-04-28_14h13.26.715,BrocantoHPilot1WOSession3,2025.2.4,Win32,59.95203837,,,,,,,,,,,,,,,,,,,,,,,,,,,,,,,,,,,,,,,,,,,,,,,,,,,,,,,,,,,,,,,,,0,38,38,38,1,,,,,,,,,,,,,,,,,,,,
3620.768,2,Ab-OBJ-N5-SBJ-N3-REVEAL-TR-LOC-N2.mp4,Ab-OBJ-N5-SBJ-N3-REVEAL-TR-LOC-N2.mp3,3627.574,mouse_continue,6.807,,,,,,,2,Ab-OBJ-N5-SBJ-N3-REVEAL-TR-LOC-N2.mp4,Ab-OBJ-N5-SBJ-N3-REVEAL-TR-LOC-N2.mp3,ALP1109,19650915,2026-04-28_14h13.26.715,BrocantoHPilot1WOSession3,2025.2.4,Win32,59.95203837,,,,,,,,,,,,,,,,,,,,,,,,,,,,,,,,,,,,,,,,,,,,,,,,,,,,,,,,,,,,,,,,,0,39,39,39,1,,,,,,,,,,,,,,,,,,,,
3627.576,2,OBJ-N5-Ab-SBJ-N1-PUSH-TR-Ab-LOC-N3.mp4,OBJ-N5-Ab-SBJ-N1-PUSH-TR-Ab-LOC-N3.mp3,3635.465,mouse_continue,7.889,,,,,,,2,OBJ-N5-Ab-SBJ-N1-PUSH-TR-Ab-LOC-N3.mp4,OBJ-N5-Ab-SBJ-N1-PUSH-TR-Ab-LOC-N3.mp3,ALP1109,19650915,2026-04-28_14h13.26.715,BrocantoHPilot1WOSession3,2025.2.4,Win32,59.95203837,,,,,,,,,,,,,,,,,,,,,,,,,,,,,,,,,,,,,,,,,,,,,,,,,,,,,,,,,,,,,,,,,0,40,40,40,1,,,,,,,,,,,,,,,,,,,,
3635.469,2,Ab-OBJ-N5-Aa-SBJ-N5-REVEAL-TR.mp4,Ab-OBJ-N5-Aa-SBJ-N5-REVEAL-TR.mp3,3642.472,mouse_continue,7.004,,,,,,,2,Ab-OBJ-N5-Aa-SBJ-N5-REVEAL-TR.mp4,Ab-OBJ-N5-Aa-SBJ-N5-REVEAL-TR.mp3,ALP1109,19650915,2026-04-28_14h13.26.715,BrocantoHPilot1WOSession3,2025.2.4,Win32,59.95203837,,,,,,,,,,,,,,,,,,,,,,,,,,,,,,,,,,,,,,,,,,,,,,,,,,,,,,,,,,,,,,,,,0,41,41,41,1,,,,,,,,,,,,,,,,,,,,
,,,,,,,,,,,,,2,,,ALP1109,19650915,2026-04-28_14h13.26.715,BrocantoHPilot1WOSession3,2025.2.4,Win32,59.95203837,3655.286,2,2,1,71.091,0,71.245,71.091,3728.124,,,,,,Ab-OBJ-N5-SBJ-N2-REVEAL-TR-LOC-N4.mp3,Ab-OBJ-N5-SBJ-N2-REVEAL-TR-LOC-N4.mp4,Aa-OBJ-N5-SBJ-N2-PUSH-TR-LOC-N4.mp4,,,,,,,,,,,,,,,,,,,,,,,,,,,,,,,,,,,,,,,,,,,,,,,,,,,,,0,0,0,0,1,,,,,,,,,,,,,,,
,,,,,,,,,,,,,2,,,ALP1109,19650915,2026-04-28_14h13.26.715,BrocantoHPilot1WOSession3,2025.2.4,Win32,59.95203837,3728.127,2,1,1,32.68,1,,32.68,3763.25,,,,,,Ab-SBJ-N5-REVEAL-INTR-Ab-LOC-N4.mp3,Ab-SBJ-N5-REVEAL-INTR-Ab-LOC-N4.mp4,Ab-SBJ-N5-GO-INTR-Ab-LOC-N4.mp4,,,,,,,,,,,,,,,,,,,,,,,,,,,,,,,,,,,,,,,,,,,,,,,,,,,,,0,1,1,1,1,,,,,,,,,,,,,,,
,,,,,,,,,,,,,2,,,ALP1109,19650915,2026-04-28_14h13.26.715,BrocantoHPilot1WOSession3,2025.2.4,Win32,59.95203837,3763.252,2,2,2,25.007,1,18.427,25.007,3789.94,,,,,,Aa-SBJ-N5-GO-INTR.mp3,Aa-SBJ-N5-GO-INTR.mp4,Ab-SBJ-N5-GO-INTR.mp4,,,,,,,,,,,,,,,,,,,,,,,,,,,,,,,,,,,,,,,,,,,,,,,,,,,,,0,2,2,2,1,,,,,,,,,,,,,,,
,,,,,,,,,,,,,2,,,ALP1109,19650915,2026-04-28_14h13.26.715,BrocantoHPilot1WOSession3,2025.2.4,Win32,59.95203837,3789.941,2,1,1,33.517,1,26.17,33.517,3825.171,,,,,,Ab-OBJ-N5-SBJ-N2-HIDE-TR.mp3,Ab-OBJ-N5-SBJ-N2-HIDE-TR.mp4,OBJ-N2-Aa-SBJ-N5-HIDE-TR.mp4,,,,,,,,,,,,,,,,,,,,,,,,,,,,,,,,,,,,,,,,,,,,,,,,,,,,,0,3,3,3,1,,,,,,,,,,,,,,,
,,,,,,,,,,,,,2,,,ALP1109,19650915,2026-04-28_14h13.26.715,BrocantoHPilot1WOSession3,2025.2.4,Win32,59.95203837,3825.173,2,1,1,19.546,1,18.03,19.546,3846.435,,,,,,SBJ-N2-REVEAL-INTR-LOC-N3.mp3,SBJ-N2-REVEAL-INTR-LOC-N3.mp4,SBJ-N3-JUMP-INTR-LOC-N2.mp4,,,,,,,,,,,,,,,,,,,,,,,,,,,,,,,,,,,,,,,,,,,,,,,,,,,,,0,4,4,4,1,,,,,,,,,,,,,,,
,,,,,,,,,,,,,2,,,ALP1109,19650915,2026-04-28_14h13.26.715,BrocantoHPilot1WOSession3,2025.2.4,Win32,59.95203837,3846.436,2,1,1,21.17,1,21.499,21.17,3869.44,,,,,,OBJ-N5-Ab-SBJ-N4-PUSH-TR-LOC-N2.mp3,OBJ-N5-Ab-SBJ-N4-PUSH-TR-LOC-N2.mp4,Ab-OBJ-N4-SBJ-N5-PUSH-TR-LOC-N2.mp4,,,,,,,,,,,,,,,,,,,,,,,,,,,,,,,,,,,,,,,,,,,,,,,,,,,,,0,5,5,5,1,,,,,,,,,,,,,,,
,,,,,,,,,,,,,2,,,ALP1109,19650915,2026-04-28_14h13.26.715,BrocantoHPilot1WOSession3,2025.2.4,Win32,59.95203837,3869.442,2,2,2,28.944,1,26.514,28.944,3899.996,,,,,,Ab-OBJ-N5-SBJ-N2-HIDE-TR.mp3,Ab-OBJ-N5-SBJ-N2-HIDE-TR.mp4,Aa-OBJ-N5-SBJ-N2-PUSH-TR.mp4,,,,,,,,,,,,,,,,,,,,,,,,,,,,,,,,,,,,,,,,,,,,,,,,,,,,,0,6,6,6,1,,,,,,,,,,,,,,,
,,,,,,,,,,,,,2,,,ALP1109,19650915,2026-04-28_14h13.26.715,BrocantoHPilot1WOSession3,2025.2.4,Win32,59.95203837,3899.998,2,1,2,21.575,0,17.622,21.575,3923.722,,,,,,Ab-OBJ-N5-SBJ-N3-PUSH-TR-Ab-LOC-N1.mp3,Ab-OBJ-N5-SBJ-N3-PUSH-TR-Ab-LOC-N1.mp4,Ab-OBJ-N5-SBJ-N3-HIDE-TR-Ab-LOC-N1.mp4,,,,,,,,,,,,,,,,,,,,,,,,,,,,,,,,,,,,,,,,,,,,,,,,,,,,,0,7,7,7,1,,,,,,,,,,,,,,,
,,,,,,,,,,,,,2,,,ALP1109,19650915,2026-04-28_14h13.26.715,BrocantoHPilot1WOSession3,2025.2.4,Win32,59.95203837,3923.725,2,2,2,17.662,1,14.836,17.662,3943.201,,,,,,SBJ-N4-JUMP-INTR.mp3,SBJ-N4-JUMP-INTR.mp4,SBJ-N4-HIDE-INTR.mp4,,,,,,,,,,,,,,,,,,,,,,,,,,,,,,,,,,,,,,,,,,,,,,,,,,,,,0,8,8,8,1,,,,,,,,,,,,,,,
,,,,,,,,,,,,,2,,,ALP1109,19650915,2026-04-28_14h13.26.715,BrocantoHPilot1WOSession3,2025.2.4,Win32,59.95203837,3943.202,2,2,2,30.91,1,22.217,30.91,3975.825,,,,,,SBJ-N3-REVEAL-INTR-Ab-LOC-N5.mp3,SBJ-N3-REVEAL-INTR-Ab-LOC-N5.mp4,Aa-SBJ-N5-REVEAL-INTR-LOC-N3.mp4,,,,,,,,,,,,,,,,,,,,,,,,,,,,,,,,,,,,,,,,,,,,,,,,,,,,,0,9,9,9,1,,,,,,,,,,,,,,,
,,,,,,,,,,,,,2,,,ALP1109,19650915,2026-04-28_14h13.26.715,BrocantoHPilot1WOSession3,2025.2.4,Win32,59.95203837,3975.827,2,2,2,24.745,1,24.64,24.745,4002.25,,,,,,Ab-SBJ-N5-HIDE-INTR.mp3,Ab-SBJ-N5-HIDE-INTR.mp4,Aa-SBJ-N5-HIDE-INTR.mp4,,,,,,,,,,,,,,,,,,,,,,,,,,,,,,,,,,,,,,,,,,,,,,,,,,,,,0,10,10,10,1,,,,,,,,,,,,,,,
,,,,,,,,,,,,,2,,,ALP1109,19650915,2026-04-28_14h13.26.715,BrocantoHPilot1WOSession3,2025.2.4,Win32,59.95203837,4002.252,2,1,1,18.334,1,18.083,18.334,4022.197,,,,,,Ab-OBJ-N5-Ab-SBJ-N2-REVEAL-TR.mp3,Ab-OBJ-N5-Ab-SBJ-N2-REVEAL-TR.mp4,Ab-OBJ-N2-Ab-SBJ-N5-PUSH-TR.mp4,,,,,,,,,,,,,,,,,,,,,,,,,,,,,,,,,,,,,,,,,,,,,,,,,,,,,0,11,11,11,1,,,,,,,,,,,,,,,
,,,,,,,,,,,,,2,,,ALP1109,19650915,2026-04-28_14h13.26.715,BrocantoHPilot1WOSession3,2025.2.4,Win32,59.95203837,4022.201,2,2,1,21.04,0,20.026,21.04,4044.849,,,,,,SBJ-N5-REVEAL-INTR-LOC-N4.mp3,SBJ-N5-REVEAL-INTR-LOC-N4.mp4,SBJ-N4-REVEAL-INTR-LOC-N5.mp4,,,,,,,,,,,,,,,,,,,,,,,,,,,,,,,,,,,,,,,,,,,,,,,,,,,,,0,12,12,12,1,,,,,,,,,,,,,,,
,,,,,,,,,,,,,2,,,ALP1109,19650915,2026-04-28_14h13.26.715,BrocantoHPilot1WOSession3,2025.2.4,Win32,59.95203837,4044.851,2,2,2,22.406,1,20.375,22.406,4068.932,,,,,,OBJ-N5-SBJ-N1-REVEAL-TR-LOC-N3.mp3,OBJ-N5-SBJ-N1-REVEAL-TR-LOC-N3.mp4,OBJ-N3-SBJ-N1-PUSH-TR-LOC-N5.mp4,,,,,,,,,,,,,,,,,,,,,,,,,,,,,,,,,,,,,,,,,,,,,,,,,,,,,0,13,13,13,1,,,,,,,,,,,,,,,
,,,,,,,,,,,,,2,,,ALP1109,19650915,2026-04-28_14h13.26.715,BrocantoHPilot1WOSession3,2025.2.4,Win32,59.95203837,4068.933,2,2,2,26.806,1,18.548,26.806,4097.361,,,,,,SBJ-N1-REVEAL-INTR-Ab-LOC-N5.mp3,SBJ-N1-REVEAL-INTR-Ab-LOC-N5.mp4,SBJ-N1-HIDE-INTR-Aa-LOC-N5.mp4,,,,,,,,,,,,,,,,,,,,,,,,,,,,,,,,,,,,,,,,,,,,,,,,,,,,,0,14,14,14,1,,,,,,,,,,,,,,,
,,,,,,,,,,,,,2,,,ALP1109,19650915,2026-04-28_14h13.26.715,BrocantoHPilot1WOSession3,2025.2.4,Win32,59.95203837,4097.364,2,2,1,19.11,0,19.505,19.11,4118.127,,,,,,Ab-OBJ-N5-SBJ-N3-HIDE-TR-Ab-LOC-N1.mp3,Ab-OBJ-N5-SBJ-N3-HIDE-TR-Ab-LOC-N1.mp4,OBJ-N3-Ab-SBJ-N5-HIDE-TR-Aa-LOC-N1.mp4,,,,,,,,,,,,,,,,,,,,,,,,,,,,,,,,,,,,,,,,,,,,,,,,,,,,,0,15,15,15,1,,,,,,,,,,,,,,,
,,,,,,,,,,,,,2,,,ALP1109,19650915,2026-04-28_14h13.26.715,BrocantoHPilot1WOSession3,2025.2.4,Win32,59.95203837,4118.13,2,1,1,18.106,1,17.919,18.106,4137.891,,,,,,Aa-SBJ-N5-HIDE-INTR.mp3,Aa-SBJ-N5-HIDE-INTR.mp4,Ab-SBJ-N5-HIDE-INTR.mp4,,,,,,,,,,,,,,,,,,,,,,,,,,,,,,,,,,,,,,,,,,,,,,,,,,,,,0,16,16,16,1,,,,,,,,,,,,,,,
,,,,,,,,,,,,,2,,,ALP1109,19650915,2026-04-28_14h13.26.715,BrocantoHPilot1WOSession3,2025.2.4,Win32,59.95203837,4137.893,2,1,2,16.207,0,16.264,16.207,4155.759,,,,,,Ab-OBJ-N5-Aa-SBJ-N5-PUSH-TR.mp3,Ab-OBJ-N5-Aa-SBJ-N5-PUSH-TR.mp4,Aa-OBJ-N5-Ab-SBJ-N5-PUSH-TR.mp4,,,,,,,,,,,,,,,,,,,,,,,,,,,,,,,,,,,,,,,,,,,,,,,,,,,,,0,17,17,17,1,,,,,,,,,,,,,,,
,,,,,,,,,,,,,2,,,ALP1109,19650915,2026-04-28_14h13.26.715,BrocantoHPilot1WOSession3,2025.2.4,Win32,59.95203837,4155.761,2,1,1,16.679,1,17.067,16.679,4173.995,,,,,,SBJ-N2-GO-INTR.mp3,SBJ-N2-GO-INTR.mp4,SBJ-N2-JUMP-INTR.mp4,,,,,,,,,,,,,,,,,,,,,,,,,,,,,,,,,,,,,,,,,,,,,,,,,,,,,0,18,18,18,1,,,,,,,,,,,,,,,
,,,,,,,,,,,,,2,,,ALP1109,19650915,2026-04-28_14h13.26.715,BrocantoHPilot1WOSession3,2025.2.4,Win32,59.95203837,4173.996,2,2,2,20.367,1,20.017,20.367,4196.09,,,,,,Ab-SBJ-N4-REVEAL-INTR-LOC-N2.mp3,Ab-SBJ-N4-REVEAL-INTR-LOC-N2.mp4,Aa-SBJ-N4-HIDE-INTR-LOC-N2.mp4,,,,,,,,,,,,,,,,,,,,,,,,,,,,,,,,,,,,,,,,,,,,,,,,,,,,,0,19,19,19,1,,,,,,,,,,,,,,,
,,,,,,,,,,,,,2,,,ALP1109,19650915,2026-04-28_14h13.26.715,BrocantoHPilot1WOSession3,2025.2.4,Win32,59.95203837,4196.091,2,2,1,20.159,0,19.334,20.159,4217.914,,,,,,Ab-OBJ-N5-SBJ-N2-HIDE-TR-Ab-LOC-N4.mp3,Ab-OBJ-N5-SBJ-N2-HIDE-TR-Ab-LOC-N4.mp4,OBJ-N2-Aa-SBJ-N5-HIDE-TR-Ab-LOC-N4.mp4,,,,,,,,,,,,,,,,,,,,,,,,,,,,,,,,,,,,,,,,,,,,,,,,,,,,,0,20,20,20,1,,,,,,,,,,,,,,,
,,,,,,,,,,,,,2,,,ALP1109,19650915,2026-04-28_14h13.26.715,BrocantoHPilot1WOSession3,2025.2.4,Win32,59.95203837,4217.916,2,2,1,17.407,0,17,17.407,4236.934,,,,,,OBJ-N5-Ab-SBJ-N1-PUSH-TR.mp3,OBJ-N5-Ab-SBJ-N1-PUSH-TR.mp4,OBJ-N5-Aa-SBJ-N1-PUSH-TR.mp4,,,,,,,,,,,,,,,,,,,,,,,,,,,,,,,,,,,,,,,,,,,,,,,,,,,,,0,21,21,21,1,,,,,,,,,,,,,,,
,,,,,,,,,,,,,2,,,ALP1109,19650915,2026-04-28_14h13.26.715,BrocantoHPilot1WOSession3,2025.2.4,Win32,59.95203837,4236.936,2,1,1,20.114,1,18.353,20.114,4258.862,,,,,,Ab-SBJ-N3-JUMP-INTR.mp3,Ab-SBJ-N3-JUMP-INTR.mp4,Aa-SBJ-N3-REVEAL-INTR.mp4,,,,,,,,,,,,,,,,,,,,,,,,,,,,,,,,,,,,,,,,,,,,,,,,,,,,,0,22,22,22,1,,,,,,,,,,,,,,,
,,,,,,,,,,,,,2,,,ALP1109,19650915,2026-04-28_14h13.26.715,BrocantoHPilot1WOSession3,2025.2.4,Win32,59.95203837,4258.864,2,2,2,16.84,1,16.784,16.84,4277.336,,,,,,Ab-OBJ-N5-Ab-SBJ-N3-REVEAL-TR-LOC-N4.mp3,Ab-OBJ-N5-Ab-SBJ-N3-REVEAL-TR-LOC-N4.mp4,Ab-OBJ-N3-Ab-SBJ-N5-PUSH-TR-LOC-N4.mp4,,,,,,,,,,,,,,,,,,,,,,,,,,,,,,,,,,,,,,,,,,,,,,,,,,,,,0,23,23,23,1,,,,,,,,,,,,,,,
,,,,,,,,,,,,,2,,,ALP1109,19650915,2026-04-28_14h13.26.715,BrocantoHPilot1WOSession3,2025.2.4,Win32,59.95203837,4277.337,2,1,2,14.491,0,14.292,14.491,4293.443,,,,,,OBJ-N5-Ab-SBJ-N4-PUSH-TR.mp3,OBJ-N5-Ab-SBJ-N4-PUSH-TR.mp4,Ab-OBJ-N4-SBJ-N5-PUSH-TR.mp4,,,,,,,,,,,,,,,,,,,,,,,,,,,,,,,,,,,,,,,,,,,,,,,,,,,,,0,24,24,24,1,,,,,,,,,,,,,,,
,,,,,,,,,,,,,2,,,ALP1109,19650915,2026-04-28_14h13.26.715,BrocantoHPilot1WOSession3,2025.2.4,Win32,59.95203837,4293.444,2,2,1,22.749,0,18.612,22.749,4317.776,,,,,,Ab-OBJ-N5-Ab-SBJ-N2-HIDE-TR-LOC-N4.mp3,Ab-OBJ-N5-Ab-SBJ-N2-HIDE-TR-LOC-N4.mp4,Ab-OBJ-N5-Ab-SBJ-N2-REVEAL-TR-LOC-N4.mp4,,,,,,,,,,,,,,,,,,,,,,,,,,,,,,,,,,,,,,,,,,,,,,,,,,,,,0,25,25,25,1,,,,,,,,,,,,,,,
,,,,,,,,,,,,,2,,,ALP1109,19650915,2026-04-28_14h13.26.715,BrocantoHPilot1WOSession3,2025.2.4,Win32,59.95203837,4317.779,2,1,1,20.504,1,19.234,20.504,4339.909,,,,,,OBJ-N5-Ab-SBJ-N4-REVEAL-TR.mp3,OBJ-N5-Ab-SBJ-N4-REVEAL-TR.mp4,Aa-OBJ-N4-SBJ-N5-REVEAL-TR.mp4,,,,,,,,,,,,,,,,,,,,,,,,,,,,,,,,,,,,,,,,,,,,,,,,,,,,,0,26,26,26,1,,,,,,,,,,,,,,,
,,,,,,,,,,,,,2,,,ALP1109,19650915,2026-04-28_14h13.26.715,BrocantoHPilot1WOSession3,2025.2.4,Win32,59.95203837,4339.911,2,1,1,15.551,1,15.308,15.551,4357.056,,,,,,SBJ-N4-HIDE-INTR.mp3,SBJ-N4-HIDE-INTR.mp4,SBJ-N4-GO-INTR.mp4,,,,,,,,,,,,,,,,,,,,,,,,,,,,,,,,,,,,,,,,,,,,,,,,,,,,,0,27,27,27,1,,,,,,,,,,,,,,,
,,,,,,,,,,,,,2,,,ALP1109,19650915,2026-04-28_14h13.26.715,BrocantoHPilot1WOSession3,2025.2.4,Win32,59.95203837,4357.057,2,1,1,16.233,1,16.478,16.233,4374.97,,,,,,Ab-SBJ-N3-GO-INTR.mp3,Ab-SBJ-N3-GO-INTR.mp4,Aa-SBJ-N3-GO-INTR.mp4,,,,,,,,,,,,,,,,,,,,,,,,,,,,,,,,,,,,,,,,,,,,,,,,,,,,,0,28,28,28,1,,,,,,,,,,,,,,,
,,,,,,,,,,,,,2,,,ALP1109,19650915,2026-04-28_14h13.26.715,BrocantoHPilot1WOSession3,2025.2.4,Win32,59.95203837,4374.972,2,2,2,21.897,1,19.853,21.897,4398.478,,,,,,OBJ-N5-Ab-SBJ-N1-PUSH-TR-Ab-LOC-N4.mp3,OBJ-N5-Ab-SBJ-N1-PUSH-TR-Ab-LOC-N4.mp4,OBJ-N5-Ab-SBJ-N4-HIDE-TR-Ab-LOC-N1.mp4,,,,,,,,,,,,,,,,,,,,,,,,,,,,,,,,,,,,,,,,,,,,,,,,,,,,,0,29,29,29,1,,,,,,,,,,,,,,,
,,,,,,,,,,,,,2,,,ALP1109,19650915,2026-04-28_14h13.26.715,BrocantoHPilot1WOSession3,2025.2.4,Win32,59.95203837,4398.479,2,1,2,26.369,0,25.619,26.369,4426.497,,,,,,Aa-OBJ-N5-Ab-SBJ-N5-REVEAL-TR.mp3,Aa-OBJ-N5-Ab-SBJ-N5-REVEAL-TR.mp4,Ab-OBJ-N5-Aa-SBJ-N5-REVEAL-TR.mp4,,,,,,,,,,,,,,,,,,,,,,,,,,,,,,,,,,,,,,,,,,,,,,,,,,,,,0,30,30,30,1,,,,,,,,,,,,,,,
,,,,,,,,,,,,,2,,,ALP1109,19650915,2026-04-28_14h13.26.715,BrocantoHPilot1WOSession3,2025.2.4,Win32,59.95203837,4426.498,2,2,2,16.137,1,16.137,16.137,4444.339,,,,,,Ab-SBJ-N5-JUMP-INTR.mp3,Ab-SBJ-N5-JUMP-INTR.mp4,Aa-SBJ-N5-GO-INTR.mp4,,,,,,,,,,,,,,,,,,,,,,,,,,,,,,,,,,,,,,,,,,,,,,,,,,,,,0,31,31,31,1,,,,,,,,,,,,,,,
,,,,,,,,,,,,,2,,,ALP1109,19650915,2026-04-28_14h13.26.715,BrocantoHPilot1WOSession3,2025.2.4,Win32,59.95203837,4444.342,2,1,1,19.67,1,19.609,19.67,4465.712,,,,,,OBJ-N5-SBJ-N2-HIDE-TR.mp3,OBJ-N5-SBJ-N2-HIDE-TR.mp4,OBJ-N2-SBJ-N5-PUSH-TR.mp4,,,,,,,,,,,,,,,,,,,,,,,,,,,,,,,,,,,,,,,,,,,,,,,,,,,,,0,32,32,32,1,,,,,,,,,,,,,,,
,,,,,,,,,,,,,2,,,ALP1109,19650915,2026-04-28_14h13.26.715,BrocantoHPilot1WOSession3,2025.2.4,Win32,59.95203837,4465.715,2,1,1,15.733,1,15.505,15.733,4483.043,,,,,,Ab-SBJ-N4-HIDE-INTR.mp3,Ab-SBJ-N4-HIDE-INTR.mp4,Aa-SBJ-N4-HIDE-INTR.mp4,,,,,,,,,,,,,,,,,,,,,,,,,,,,,,,,,,,,,,,,,,,,,,,,,,,,,0,33,33,33,1,,,,,,,,,,,,,,,
,,,,,,,,,,,,,2,,,ALP1109,19650915,2026-04-28_14h13.26.715,BrocantoHPilot1WOSession3,2025.2.4,Win32,59.95203837,4483.045,2,1,1,18.771,1,18.712,18.771,4503.445,,,,,,Ab-SBJ-N1-JUMP-INTR-Aa-LOC-N4.mp3,Ab-SBJ-N1-JUMP-INTR-Aa-LOC-N4.mp4,Aa-SBJ-N4-JUMP-INTR-Aa-LOC-N1.mp4,,,,,,,,,,,,,,,,,,,,,,,,,,,,,,,,,,,,,,,,,,,,,,,,,,,,,0,34,34,34,1,,,,,,,,,,,,,,,
,,,,,,,,,,,,,2,,,ALP1109,19650915,2026-04-28_14h13.26.715,BrocantoHPilot1WOSession3,2025.2.4,Win32,59.95203837,4503.445,2,2,2,17.854,1,17.756,17.854,4524.027,,,,,,Aa-SBJ-N5-GO-INTR-Ab-LOC-N3.mp3,Aa-SBJ-N5-GO-INTR-Ab-LOC-N3.mp4,Ab-SBJ-N3-GO-INTR-Aa-LOC-N5.mp4,,,,,,,,,,,,,,,,,,,,,,,,,,,,,,,,,,,,,,,,,,,,,,,,,,,,,0,35,35,35,1,,,,,,,,,,,,,,,
,,,,,,,,,,,,,2,,,ALP1109,19650915,2026-04-28_14h13.26.715,BrocantoHPilot1WOSession3,2025.2.4,Win32,59.95203837,4524.028,2,2,2,21.133,1,21.572,21.133,4546.812,,,,,,SBJ-N1-GO-INTR-Aa-LOC-N4.mp3,SBJ-N1-GO-INTR-Aa-LOC-N4.mp4,SBJ-N1-JUMP-INTR-Ab-LOC-N4.mp4,,,,,,,,,,,,,,,,,,,,,,,,,,,,,,,,,,,,,,,,,,,,,,,,,,,,,0,36,36,36,1,,,,,,,,,,,,,,,
,,,,,,,,,,,,,2,,,ALP1109,19650915,2026-04-28_14h13.26.715,BrocantoHPilot1WOSession3,2025.2.4,Win32,59.95203837,4546.814,2,1,1,19.585,1,19.841,19.585,4568.062,,,,,,Aa-SBJ-N2-HIDE-INTR-Ab-LOC-N5.mp3,Aa-SBJ-N2-HIDE-INTR-Ab-LOC-N5.mp4,Aa-SBJ-N2-GO-INTR-Ab-LOC-N5.mp4,,,,,,,,,,,,,,,,,,,,,,,,,,,,,,,,,,,,,,,,,,,,,,,,,,,,,0,37,37,37,1,,,,,,,,,,,,,,,
,,,,,,,,,,,,,2,,,ALP1109,19650915,2026-04-28_14h13.26.715,BrocantoHPilot1WOSession3,2025.2.4,Win32,59.95203837,4568.063,2,2,2,18.588,1,18.643,18.588,4588.246,,,,,,SBJ-N4-JUMP-INTR-Aa-LOC-N5.mp3,SBJ-N4-JUMP-INTR-Aa-LOC-N5.mp4,Ab-SBJ-N5-JUMP-INTR-LOC-N4.mp4,,,,,,,,,,,,,,,,,,,,,,,,,,,,,,,,,,,,,,,,,,,,,,,,,,,,,0,38,38,38,1,,,,,,,,,,,,,,,
,,,,,,,,,,,,,2,,,ALP1109,19650915,2026-04-28_14h13.26.715,BrocantoHPilot1WOSession3,2025.2.4,Win32,59.95203837,4588.247,2,2,2,18.752,1,18.119,18.752,4608.779,,,,,,OBJ-N5-Ab-SBJ-N3-HIDE-TR-Ab-LOC-N4.mp3,OBJ-N5-Ab-SBJ-N3-HIDE-TR-Ab-LOC-N4.mp4,OBJ-N5-Ab-SBJ-N3-HIDE-TR-Aa-LOC-N4.mp4,,,,,,,,,,,,,,,,,,,,,,,,,,,,,,,,,,,,,,,,,,,,,,,,,,,,,0,39,39,39,1,,,,,,,,,,,,,,,
,,,,,,,,,,,,,2,,,ALP1109,19650915,2026-04-28_14h13.26.715,BrocantoHPilot1WOSession3,2025.2.4,Win32,59.95203837,4608.782,2,2,2,21.808,1,20.134,21.808,4632.598,,,,,,Ab-OBJ-N5-Ab-SBJ-N3-REVEAL-TR-LOC-N4.mp3,Ab-OBJ-N5-Ab-SBJ-N3-REVEAL-TR-LOC-N4.mp4,Ab-OBJ-N5-SBJ-N4-HIDE-TR-Ab-LOC-N3.mp4,,,,,,,,,,,,,,,,,,,,,,,,,,,,,,,,,,,,,,,,,,,,,,,,,,,,,0,40,40,40,1,,,,,,,,,,,,,,,
,,,,,,,,,,,,,2,,,ALP1109,19650915,2026-04-28_14h13.26.715,BrocantoHPilot1WOSession3,2025.2.4,Win32,59.95203837,4632.599,2,2,1,14.271,0,14.737,14.271,4648.642,,,,,,OBJ-N5-Ab-SBJ-N3-PUSH-TR.mp3,OBJ-N5-Ab-SBJ-N3-PUSH-TR.mp4,Ab-OBJ-N3-SBJ-N5-PUSH-TR.mp4,,,,,,,,,,,,,,,,,,,,,,,,,,,,,,,,,,,,,,,,,,,,,,,,,,,,,0,41,41,41,1,,,,,,,,,,,,,,,
,,,,,,,,,,,,,2,,,ALP1109,19650915,2026-04-28_14h13.26.715,BrocantoHPilot1WOSession3,2025.2.4,Win32,59.95203837,,,,,,,,,,,,,,,Ab SBJ.N4 REVEAL-INTR LOC.N3,,,4658.207,2,Ab-SBJ-N4-REVEAL-INTR-LOC-N3.mp4,Ab|N4|REVEAL|N3,N5|N4|Aa|REVEAL|GO|HIDE|Ab|N3,zsot|dabi|girda|zilép,timó|dabi|gyék|girda|kávler|zsübe|zsot|zilép,1,9.06,36.811,zsot dabi girda zilép,4698.754,,,,,,Ab-SBJ-N4-REVEAL-INTR-LOC-N3.mp4,Ab|N4|REVEAL|N3,N5|N4|Aa|REVEAL|GO|HIDE|Ab|N3,zsot dabi girda zilép,zsot|dabi|girda|zilép,timó|dabi|gyék|girda|kávler|zsübe|zsot|zilép,,,,,,,,,,,,,,,,,,,,,,,,,,,,,,,,,,,0,0,0,0,1,,,,,,,,,,
,,,,,,,,,,,,,2,,,ALP1109,19650915,2026-04-28_14h13.26.715,BrocantoHPilot1WOSession3,2025.2.4,Win32,59.95203837,,,,,,,,,,,,,,,OBJ.N5 Ab SBJ.N4 PUSH-TR Ab LOC.N3,,,4699.282,2,OBJ-N5-Ab-SBJ-N4-PUSH-TR-Ab-LOC-N3.mp4,N5|Ab|N4|PUSH|Ab|N3,GO|N3|JUMP|N1|Ab|N4|PUSH|N5|Ab|N2,timó|zsot|dabi|vánta|zsot|zilép,kávler|zilép|bonip|pekli|zsot|dabi|vánta|timó|zsot|murak,0,5.792,21.112,zsot dabi vánta timó,4722.853,,,,,,OBJ-N5-Ab-SBJ-N4-PUSH-TR-Ab-LOC-N3.mp4,N5|Ab|N4|PUSH|Ab|N3,GO|N3|JUMP|N1|Ab|N4|PUSH|N5|Ab|N2,timó zsot dabi vánta zsot zilép,timó|zsot|dabi|vánta|zsot|zilép,kávler|zilép|bonip|pekli|zsot|dabi|vánta|timó|zsot|murak,,,,,,,,,,,,,,,,,,,,,,,,,,,,,,,,,,,0,1,1,1,1,,,,,,,,,,
,,,,,,,,,,,,,2,,,ALP1109,19650915,2026-04-28_14h13.26.715,BrocantoHPilot1WOSession3,2025.2.4,Win32,59.95203837,,,,,,,,,,,,,,,Ab OBJ.N5 SBJ.N4 HIDE-TR,,,4723.361,2,Ab-OBJ-N5-SBJ-N4-HIDE-TR.mp4,Ab|N5|N4|HIDE,N4|GO|Ab|N1|Aa|HIDE|N5|REVEAL,zsot|timó|dabi|zsübe,dabi|kávler|zsot|pekli|gyék|zsübe|timó|girda,0,7.02,17.954,zsot timó zsübe gyék dabi,4743.788,,,,,,Ab-OBJ-N5-SBJ-N4-HIDE-TR.mp4,Ab|N5|N4|HIDE,N4|GO|Ab|N1|Aa|HIDE|N5|REVEAL,zsot timó dabi zsübe,zsot|timó|dabi|zsübe,dabi|kávler|zsot|pekli|gyék|zsübe|timó|girda,,,,,,,,,,,,,,,,,,,,,,,,,,,,,,,,,,,0,2,2,2,1,,,,,,,,,,
,,,,,,,,,,,,,2,,,ALP1109,19650915,2026-04-28_14h13.26.715,BrocantoHPilot1WOSession3,2025.2.4,Win32,59.95203837,,,,,,,,,,,,,,,Aa SBJ.N5 JUMP-INTR,,,4744.294,2,Aa-SBJ-N5-JUMP-INTR.mp4,Aa|N5|JUMP,N3|HIDE|GO|JUMP|N5|Aa|Ab,gyék|timó|bonip,zilép|zsübe|kávler|bonip|timó|gyék|zsot,1,4.782,13.247,gyék timó bonip,4760.767,,,,,,Aa-SBJ-N5-JUMP-INTR.mp4,Aa|N5|JUMP,N3|HIDE|GO|JUMP|N5|Aa|Ab,gyék timó bonip,gyék|timó|bonip,zilép|zsübe|kávler|bonip|timó|gyék|zsot,,,,,,,,,,,,,,,,,,,,,,,,,,,,,,,,,,,0,3,3,3,1,,,,,,,,,,
,,,,,,,,,,,,,2,,,ALP1109,19650915,2026-04-28_14h13.26.715,BrocantoHPilot1WOSession3,2025.2.4,Win32,59.95203837,,,,,,,,,,,,,,,Ab SBJ.N3 REVEAL-INTR LOC.N5,,,4761.273,2,Ab-SBJ-N3-REVEAL-INTR-LOC-N5.mp4,Ab|N3|REVEAL|N5,REVEAL|PUSH|Aa|Ab|N5|HIDE|N3|N1,zsot|zilép|girda|timó,girda|vánta|gyék|zsot|timó|zsübe|zilép|pekli,0,6.266,16.415,zsot zilép girda,4785.834,,,,,,Ab-SBJ-N3-REVEAL-INTR-LOC-N5.mp4,Ab|N3|REVEAL|N5,REVEAL|PUSH|Aa|Ab|N5|HIDE|N3|N1,zsot zilép girda timó,zsot|zilép|girda|timó,girda|vánta|gyék|zsot|timó|zsübe|zilép|pekli,,,,,,,,,,,,,,,,,,,,,,,,,,,,,,,,,,,0,4,4,4,1,,,,,,,,,,
,,,,,,,,,,,,,2,,,ALP1109,19650915,2026-04-28_14h13.26.715,BrocantoHPilot1WOSession3,2025.2.4,Win32,59.95203837,,,,,,,,,,,,,,,Ab OBJ.N5 SBJ.N2 REVEAL-TR LOC.N4,,,4786.345,2,Ab-OBJ-N5-SBJ-N2-REVEAL-TR-LOC-N4.mp4,Ab|N5|N2|REVEAL|N4,Aa|Ab|N4|N2|N3|PUSH|REVEAL|HIDE|N5,zsot|timó|murak|girda|dabi,gyék|zsot|dabi|murak|zilép|vánta|girda|zsübe|timó,0,4.858,24.42,zsot timó girda murak,4813.24,,,,,,Ab-OBJ-N5-SBJ-N2-REVEAL-TR-LOC-N4.mp4,Ab|N5|N2|REVEAL|N4,Aa|Ab|N4|N2|N3|PUSH|REVEAL|HIDE|N5,zsot timó murak girda dabi,zsot|timó|murak|girda|dabi,gyék|zsot|dabi|murak|zilép|vánta|girda|zsübe|timó,,,,,,,,,,,,,,,,,,,,,,,,,,,,,,,,,,,0,5,5,5,1,,,,,,,,,,
,,,,,,,,,,,,,2,,,ALP1109,19650915,2026-04-28_14h13.26.715,BrocantoHPilot1WOSession3,2025.2.4,Win32,59.95203837,,,,,,,,,,,,,,,Ab OBJ.N5 SBJ.N3 HIDE-TR Ab LOC.N4,,,4813.753,2,Ab-OBJ-N5-SBJ-N3-HIDE-TR-Ab-LOC-N4.mp4,Ab|N5|N3|HIDE|Ab|N4,N3|HIDE|N1|Aa|REVEAL|Ab|N4|N5|Ab|GO,zsot|timó|zilép|zsübe|zsot|dabi,zilép|zsübe|pekli|gyék|girda|zsot|dabi|timó|zsot|kávler,0,6.731,25.091,zsot zilép zsübe zsot dabi,4841.508,,,,,,Ab-OBJ-N5-SBJ-N3-HIDE-TR-Ab-LOC-N4.mp4,Ab|N5|N3|HIDE|Ab|N4,N3|HIDE|N1|Aa|REVEAL|Ab|N4|N5|Ab|GO,zsot timó zilép zsübe zsot dabi,zsot|timó|zilép|zsübe|zsot|dabi,zilép|zsübe|pekli|gyék|girda|zsot|dabi|timó|zsot|kávler,,,,,,,,,,,,,,,,,,,,,,,,,,,,,,,,,,,0,6,6,6,1,,,,,,,,,,
,,,,,,,,,,,,,2,,,ALP1109,19650915,2026-04-28_14h13.26.715,BrocantoHPilot1WOSession3,2025.2.4,Win32,59.95203837,,,,,,,,,,,,,,,SBJ.N5 REVEAL-INTR Ab LOC.N3,,,4842.027,2,SBJ-N5-REVEAL-INTR-Ab-LOC-N3.mp4,N5|REVEAL|Ab|N3,REVEAL|JUMP|PUSH|N2|N5|Ab|N3|N1,timó|girda|zsot|zilép,girda|bonip|vánta|murak|timó|zsot|zilép|pekli,1,6.825,20.665,timó girda zsot zilép,4865.558,,,,,,SBJ-N5-REVEAL-INTR-Ab-LOC-N3.mp4,N5|REVEAL|Ab|N3,REVEAL|JUMP|PUSH|N2|N5|Ab|N3|N1,timó girda zsot zilép,timó|girda|zsot|zilép,girda|bonip|vánta|murak|timó|zsot|zilép|pekli,,,,,,,,,,,,,,,,,,,,,,,,,,,,,,,,,,,0,7,7,7,1,,,,,,,,,,
,,,,,,,,,,,,,2,,,ALP1109,19650915,2026-04-28_14h13.26.715,BrocantoHPilot1WOSession3,2025.2.4,Win32,59.95203837,,,,,,,,,,,,,,,OBJ.N5 Ab SBJ.N2 PUSH-TR,,,4866.06,2,OBJ-N5-Ab-SBJ-N2-PUSH-TR.mp4,N5|Ab|N2|PUSH,N1|N2|JUMP|Ab|HIDE|N5|PUSH|N4,timó|zsot|murak|vánta,pekli|murak|bonip|zsot|zsübe|timó|vánta|dabi,0,5.306,17.897,zsot murak zsübe timó,4887.671,,,,,,OBJ-N5-Ab-SBJ-N2-PUSH-TR.mp4,N5|Ab|N2|PUSH,N1|N2|JUMP|Ab|HIDE|N5|PUSH|N4,timó zsot murak vánta,timó|zsot|murak|vánta,pekli|murak|bonip|zsot|zsübe|timó|vánta|dabi,,,,,,,,,,,,,,,,,,,,,,,,,,,,,,,,,,,0,8,8,8,1,,,,,,,,,,
,,,,,,,,,,,,,2,,,ALP1109,19650915,2026-04-28_14h13.26.715,BrocantoHPilot1WOSession3,2025.2.4,Win32,59.95203837,,,,,,,,,,,,,,,SBJ.N3 HIDE-INTR,,,4888.177,2,SBJ-N3-HIDE-INTR.mp4,N3|HIDE,PUSH|N5|Ab|HIDE|N1|N3,zilép|zsübe,vánta|timó|zsot|zsübe|pekli|zilép,1,8.079,17.94,zilép zsübe,4909.603,,,,,,SBJ-N3-HIDE-INTR.mp4,N3|HIDE,PUSH|N5|Ab|HIDE|N1|N3,zilép zsübe,zilép|zsübe,vánta|timó|zsot|zsübe|pekli|zilép,,,,,,,,,,,,,,,,,,,,,,,,,,,,,,,,,,,0,9,9,9,1,,,,,,,,,,
,,,,,,,,,,,,,2,,,ALP1109,19650915,2026-04-28_14h13.26.715,BrocantoHPilot1WOSession3,2025.2.4,Win32,59.95203837,,,,,,,,,,,,,,,SBJ.N5 GO-INTR,,,4910.106,2,SBJ-N5-GO-INTR.mp4,N5|GO,HIDE|Ab|N4|PUSH|GO|N5,timó|kávler,zsübe|zsot|dabi|vánta|kávler|timó,0,6.798,11.515,zsot timó kávler,4926.658,,,,,,SBJ-N5-GO-INTR.mp4,N5|GO,HIDE|Ab|N4|PUSH|GO|N5,timó kávler,timó|kávler,zsübe|zsot|dabi|vánta|kávler|timó,,,,,,,,,,,,,,,,,,,,,,,,,,,,,,,,,,,0,10,10,10,1,,,,,,,,,,
,,,,,,,,,,,,,2,,,ALP1109,19650915,2026-04-28_14h13.26.715,BrocantoHPilot1WOSession3,2025.2.4,Win32,59.95203837,,,,,,,,,,,,,,,OBJ.N5 Ab SBJ.N1 REVEAL-TR LOC.N2,,,4927.17,2,OBJ-N5-Ab-SBJ-N1-REVEAL-TR-LOC-N2.mp4,N5|Ab|N1|REVEAL|N2,GO|N3|Aa|Ab|N5|N1|N2|HIDE|REVEAL,timó|zsot|pekli|girda|murak,kávler|zilép|gyék|zsot|timó|pekli|murak|zsübe|girda,0,7.483,18.791,zsot timó girda pekli,4948.421,,,,,,OBJ-N5-Ab-SBJ-N1-REVEAL-TR-LOC-N2.mp4,N5|Ab|N1|REVEAL|N2,GO|N3|Aa|Ab|N5|N1|N2|HIDE|REVEAL,timó zsot pekli girda murak,timó|zsot|pekli|girda|murak,kávler|zilép|gyék|zsot|timó|pekli|murak|zsübe|girda,,,,,,,,,,,,,,,,,,,,,,,,,,,,,,,,,,,0,11,11,11,1,,,,,,,,,,
,,,,,,,,,,,,,2,,,ALP1109,19650915,2026-04-28_14h13.26.715,BrocantoHPilot1WOSession3,2025.2.4,Win32,59.95203837,,,,,,,,,,,,,,,Ab SBJ.N4 REVEAL-INTR Ab LOC.N5,,,4948.93,2,Ab-SBJ-N4-REVEAL-INTR-Ab-LOC-N5.mp4,Ab|N4|REVEAL|Ab|N5,Ab|REVEAL|N2|N5|Ab|PUSH|N4|N1|N3,zsot|dabi|girda|zsot|timó,zsot|girda|murak|timó|zsot|vánta|dabi|pekli|zilép,0,6.23,17.971,zsot dabi girda timó,4969.112,,,,,,Ab-SBJ-N4-REVEAL-INTR-Ab-LOC-N5.mp4,Ab|N4|REVEAL|Ab|N5,Ab|REVEAL|N2|N5|Ab|PUSH|N4|N1|N3,zsot dabi girda zsot timó,zsot|dabi|girda|zsot|timó,zsot|girda|murak|timó|zsot|vánta|dabi|pekli|zilép,,,,,,,,,,,,,,,,,,,,,,,,,,,,,,,,,,,0,12,12,12,1,,,,,,,,,,
,,,,,,,,,,,,,2,,,ALP1109,19650915,2026-04-28_14h13.26.715,BrocantoHPilot1WOSession3,2025.2.4,Win32,59.95203837,,,,,,,,,,,,,,,Ab OBJ.N5 SBJ.N2 HIDE-TR,,,4969.618,2,Ab-OBJ-N5-SBJ-N2-HIDE-TR.mp4,Ab|N5|N2|HIDE,Aa|N2|N4|PUSH|HIDE|N3|N5|Ab,zsot|timó|murak|zsübe,gyék|murak|dabi|vánta|zsübe|zilép|timó|zsot,0,6.92,16.283,zsot murak zsübe timó,4993.838,,,,,,Ab-OBJ-N5-SBJ-N2-HIDE-TR.mp4,Ab|N5|N2|HIDE,Aa|N2|N4|PUSH|HIDE|N3|N5|Ab,zsot timó murak zsübe,zsot|timó|murak|zsübe,gyék|murak|dabi|vánta|zsübe|zilép|timó|zsot,,,,,,,,,,,,,,,,,,,,,,,,,,,,,,,,,,,0,13,13,13,1,,,,,,,,,,
,,,,,,,,,,,,,2,,,ALP1109,19650915,2026-04-28_14h13.26.715,BrocantoHPilot1WOSession3,2025.2.4,Win32,59.95203837,,,,,,,,,,,,,,,Ab SBJ.N2 REVEAL-INTR Ab LOC.N5,,,4994.375,2,Ab-SBJ-N2-REVEAL-INTR-Ab-LOC-N5.mp4,Ab|N2|REVEAL|Ab|N5,REVEAL|JUMP|N2|Ab|Ab|N4|N3|N5|GO,zsot|murak|girda|zsot|timó,girda|bonip|murak|zsot|zsot|dabi|zilép|timó|kávler,1,6.23,18.74,zsot murak girda zsot timó,5015.316,,,,,,Ab-SBJ-N2-REVEAL-INTR-Ab-LOC-N5.mp4,Ab|N2|REVEAL|Ab|N5,REVEAL|JUMP|N2|Ab|Ab|N4|N3|N5|GO,zsot murak girda zsot timó,zsot|murak|girda|zsot|timó,girda|bonip|murak|zsot|zsot|dabi|zilép|timó|kávler,,,,,,,,,,,,,,,,,,,,,,,,,,,,,,,,,,,0,14,14,14,1,,,,,,,,,,
,,,,,,,,,,,,,2,,,ALP1109,19650915,2026-04-28_14h13.26.715,BrocantoHPilot1WOSession3,2025.2.4,Win32,59.95203837,,,,,,,,,,,,,,,OBJ.N5 SBJ.N1 REVEAL-TR Ab LOC.N2,,,5015.835,2,OBJ-N5-SBJ-N1-REVEAL-TR-Ab-LOC-N2.mp4,N5|N1|REVEAL|Ab|N2,GO|JUMP|REVEAL|N1|N4|N2|N5|HIDE|Ab,timó|pekli|girda|zsot|murak,kávler|bonip|girda|pekli|dabi|murak|timó|zsübe|zsot,0,6.022,20.357,timó girda zsot pekli,5038.978,,,,,,OBJ-N5-SBJ-N1-REVEAL-TR-Ab-LOC-N2.mp4,N5|N1|REVEAL|Ab|N2,GO|JUMP|REVEAL|N1|N4|N2|N5|HIDE|Ab,timó pekli girda zsot murak,timó|pekli|girda|zsot|murak,kávler|bonip|girda|pekli|dabi|murak|timó|zsübe|zsot,,,,,,,,,,,,,,,,,,,,,,,,,,,,,,,,,,,0,15,15,15,1,,,,,,,,,,
,,,,,,,,,,,,,2,,,ALP1109,19650915,2026-04-28_14h13.26.715,BrocantoHPilot1WOSession3,2025.2.4,Win32,59.95203837,,,,,,,,,,,,,,,Ab OBJ.N5 Ab SBJ.N4 PUSH-TR,,,5039.484,2,Ab-OBJ-N5-Ab-SBJ-N4-PUSH-TR.mp4,Ab|N5|Ab|N4|PUSH,Ab|N5|N3|JUMP|GO|PUSH|Ab|N4|N1,zsot|timó|zsot|dabi|vánta,zsot|timó|zilép|bonip|kávler|vánta|zsot|dabi|pekli,0,5.257,18.627,zsot bonip vánta zsot timó,5062.485,,,,,,Ab-OBJ-N5-Ab-SBJ-N4-PUSH-TR.mp4,Ab|N5|Ab|N4|PUSH,Ab|N5|N3|JUMP|GO|PUSH|Ab|N4|N1,zsot timó zsot dabi vánta,zsot|timó|zsot|dabi|vánta,zsot|timó|zilép|bonip|kávler|vánta|zsot|dabi|pekli,,,,,,,,,,,,,,,,,,,,,,,,,,,,,,,,,,,0,16,16,16,1,,,,,,,,,,
,,,,,,,,,,,,,2,,,ALP1109,19650915,2026-04-28_14h13.26.715,BrocantoHPilot1WOSession3,2025.2.4,Win32,59.95203837,,,,,,,,,,,,,,,SBJ.N1 HIDE-INTR,,,5062.998,2,SBJ-N1-HIDE-INTR.mp4,N1|HIDE,N2|N3|HIDE|N1|JUMP|Ab,pekli|zsübe,murak|zilép|zsübe|pekli|bonip|zsot,1,6.237,8.298,pekli zsübe,5074.685,,,,,,SBJ-N1-HIDE-INTR.mp4,N1|HIDE,N2|N3|HIDE|N1|JUMP|Ab,pekli zsübe,pekli|zsübe,murak|zilép|zsübe|pekli|bonip|zsot,,,,,,,,,,,,,,,,,,,,,,,,,,,,,,,,,,,0,17,17,17,1,,,,,,,,,,
,,,,,,,,,,,,,2,,,ALP1109,19650915,2026-04-28_14h13.26.715,BrocantoHPilot1WOSession3,2025.2.4,Win32,59.95203837,,,,,,,,,,,,,,,Ab SBJ.N4 REVEAL-INTR Ab LOC.N5,,,5075.201,2,Ab-SBJ-N4-REVEAL-INTR-Ab-LOC-N5.mp4,Ab|N4|REVEAL|Ab|N5,N4|GO|Ab|Aa|N3|Ab|N1|N5|REVEAL,zsot|dabi|girda|zsot|timó,dabi|kávler|zsot|gyék|zilép|zsot|pekli|timó|girda,1,10.973,24.446,zsot dabi girda zsot timó,5103.226,,,,,,Ab-SBJ-N4-REVEAL-INTR-Ab-LOC-N5.mp4,Ab|N4|REVEAL|Ab|N5,N4|GO|Ab|Aa|N3|Ab|N1|N5|REVEAL,zsot dabi girda zsot timó,zsot|dabi|girda|zsot|timó,dabi|kávler|zsot|gyék|zilép|zsot|pekli|timó|girda,,,,,,,,,,,,,,,,,,,,,,,,,,,,,,,,,,,0,18,18,18,1,,,,,,,,,,
,,,,,,,,,,,,,2,,,ALP1109,19650915,2026-04-28_14h13.26.715,BrocantoHPilot1WOSession3,2025.2.4,Win32,59.95203837,,,,,,,,,,,,,,,Ab OBJ.N5 SBJ.N1 PUSH-TR Ab LOC.N3,,,5103.741,2,Ab-OBJ-N5-SBJ-N1-PUSH-TR-Ab-LOC-N3.mp4,Ab|N5|N1|PUSH|Ab|N3,PUSH|HIDE|N3|JUMP|Ab|N5|N2|N1|Aa|Ab,zsot|timó|pekli|vánta|zsot|zilép,vánta|zsübe|zilép|bonip|zsot|timó|murak|pekli|gyék|zsot,0,5.19,21.058,zsot pekli vánta zsot timó,5132.718,,,,,,Ab-OBJ-N5-SBJ-N1-PUSH-TR-Ab-LOC-N3.mp4,Ab|N5|N1|PUSH|Ab|N3,PUSH|HIDE|N3|JUMP|Ab|N5|N2|N1|Aa|Ab,zsot timó pekli vánta zsot zilép,zsot|timó|pekli|vánta|zsot|zilép,vánta|zsübe|zilép|bonip|zsot|timó|murak|pekli|gyék|zsot,,,,,,,,,,,,,,,,,,,,,,,,,,,,,,,,,,,0,19,19,19,1,,,,,,,,,,
,,,,,,,,,,,,,2,,,ALP1109,19650915,2026-04-28_14h13.26.715,BrocantoHPilot1WOSession3,2025.2.4,Win32,59.95203837,,,,,,,,,,,,,,,Aa SBJ.N5 JUMP-INTR,,,5133.238,2,Aa-SBJ-N5-JUMP-INTR.mp4,Aa|N5|JUMP,JUMP|GO|N1|REVEAL|N5|Ab|Aa,gyék|timó|bonip,bonip|kávler|pekli|girda|timó|zsot|gyék,0,4.87,11.264,timó bonip,5147.853,,,,,,Aa-SBJ-N5-JUMP-INTR.mp4,Aa|N5|JUMP,JUMP|GO|N1|REVEAL|N5|Ab|Aa,gyék timó bonip,gyék|timó|bonip,bonip|kávler|pekli|girda|timó|zsot|gyék,,,,,,,,,,,,,,,,,,,,,,,,,,,,,,,,,,,0,20,20,20,1,,,,,,,,,,
,,,,,,,,,,,,,2,,,ALP1109,19650915,2026-04-28_14h13.26.715,BrocantoHPilot1WOSession3,2025.2.4,Win32,59.95203837,,,,,,,,,,,,,,,Ab OBJ.N5 Ab SBJ.N3 HIDE-TR,,,5148.36,2,Ab-OBJ-N5-Ab-SBJ-N3-HIDE-TR.mp4,Ab|N5|Ab|N3|HIDE,HIDE|N3|N4|Ab|JUMP|N5|REVEAL|Ab|N1,zsot|timó|zsot|zilép|zsübe,zsübe|zilép|dabi|zsot|bonip|timó|girda|zsot|pekli,0,7.139,16.882,zsot zilép zsübe zsot timó,5167.739,,,,,,Ab-OBJ-N5-Ab-SBJ-N3-HIDE-TR.mp4,Ab|N5|Ab|N3|HIDE,HIDE|N3|N4|Ab|JUMP|N5|REVEAL|Ab|N1,zsot timó zsot zilép zsübe,zsot|timó|zsot|zilép|zsübe,zsübe|zilép|dabi|zsot|bonip|timó|girda|zsot|pekli,,,,,,,,,,,,,,,,,,,,,,,,,,,,,,,,,,,0,21,21,21,1,,,,,,,,,,
,,,,,,,,,,,,,2,,,ALP1109,19650915,2026-04-28_14h13.26.715,BrocantoHPilot1WOSession3,2025.2.4,Win32,59.95203837,,,,,,,,,,,,,,,Ab OBJ.N5 Ab SBJ.N4 REVEAL-TR LOC.N1,,,5168.247,2,Ab-OBJ-N5-Ab-SBJ-N4-REVEAL-TR-LOC-N1.mp4,Ab|N5|Ab|N4|REVEAL|N1,PUSH|Ab|Ab|N2|REVEAL|N5|GO|HIDE|N1|N4,zsot|timó|zsot|dabi|girda|pekli,vánta|zsot|zsot|murak|girda|timó|kávler|zsübe|pekli|dabi,0,6.137,18.008,zsot timó girda zsot dabi,5188.398,,,,,,Ab-OBJ-N5-Ab-SBJ-N4-REVEAL-TR-LOC-N1.mp4,Ab|N5|Ab|N4|REVEAL|N1,PUSH|Ab|Ab|N2|REVEAL|N5|GO|HIDE|N1|N4,zsot timó zsot dabi girda pekli,zsot|timó|zsot|dabi|girda|pekli,vánta|zsot|zsot|murak|girda|timó|kávler|zsübe|pekli|dabi,,,,,,,,,,,,,,,,,,,,,,,,,,,,,,,,,,,0,22,22,22,1,,,,,,,,,,
,,,,,,,,,,,,,2,,,ALP1109,19650915,2026-04-28_14h13.26.715,BrocantoHPilot1WOSession3,2025.2.4,Win32,59.95203837,,,,,,,,,,,,,,,OBJ.N5 Ab SBJ.N2 REVEAL-TR,,,5188.91,2,OBJ-N5-Ab-SBJ-N2-REVEAL-TR.mp4,N5|Ab|N2|REVEAL,N4|N2|N5|REVEAL|PUSH|Ab|N3|HIDE,timó|zsot|murak|girda,dabi|murak|timó|girda|vánta|zsot|zilép|zsübe,0,6.556,16.67,zsot timó girda murak,5211.048,,,,,,OBJ-N5-Ab-SBJ-N2-REVEAL-TR.mp4,N5|Ab|N2|REVEAL,N4|N2|N5|REVEAL|PUSH|Ab|N3|HIDE,timó zsot murak girda,timó|zsot|murak|girda,dabi|murak|timó|girda|vánta|zsot|zilép|zsübe,,,,,,,,,,,,,,,,,,,,,,,,,,,,,,,,,,,0,23,23,23,1,,,,,,,,,,
,,,,,,,,,,,,,2,,,ALP1109,19650915,2026-04-28_14h13.26.715,BrocantoHPilot1WOSession3,2025.2.4,Win32,59.95203837,,,,,,,,,,,,,,,Ab SBJ.N3 GO-INTR,,,5211.581,2,Ab-SBJ-N3-GO-INTR.mp4,Ab|N3|GO,N3|N1|JUMP|Ab|Aa|N2|GO,zsot|zilép|kávler,zilép|pekli|bonip|zsot|gyék|murak|kávler,1,11.111,19.354,zsot zilép kávler,5234.306,,,,,,Ab-SBJ-N3-GO-INTR.mp4,Ab|N3|GO,N3|N1|JUMP|Ab|Aa|N2|GO,zsot zilép kávler,zsot|zilép|kávler,zilép|pekli|bonip|zsot|gyék|murak|kávler,,,,,,,,,,,,,,,,,,,,,,,,,,,,,,,,,,,0,24,24,24,1,,,,,,,,,,
,,,,,,,,,,,,,2,,,ALP1109,19650915,2026-04-28_14h13.26.715,BrocantoHPilot1WOSession3,2025.2.4,Win32,59.95203837,,,,,,,,,,,,,,,OBJ.N5 Ab SBJ.N3 PUSH-TR LOC.N1,,,5234.82,2,OBJ-N5-Ab-SBJ-N3-PUSH-TR-LOC-N1.mp4,N5|Ab|N3|PUSH|N1,Aa|N2|Ab|PUSH|N3|REVEAL|N1|HIDE|N5,timó|zsot|zilép|vánta|pekli,gyék|murak|zsot|vánta|zilép|girda|pekli|zsübe|timó,0,5.632,20.394,zsot zilép vánta timó,5257.345,,,,,,OBJ-N5-Ab-SBJ-N3-PUSH-TR-LOC-N1.mp4,N5|Ab|N3|PUSH|N1,Aa|N2|Ab|PUSH|N3|REVEAL|N1|HIDE|N5,timó zsot zilép vánta pekli,timó|zsot|zilép|vánta|pekli,gyék|murak|zsot|vánta|zilép|girda|pekli|zsübe|timó,,,,,,,,,,,,,,,,,,,,,,,,,,,,,,,,,,,0,25,25,25,1,,,,,,,,,,
,,,,,,,,,,,,,2,,,ALP1109,19650915,2026-04-28_14h13.26.715,BrocantoHPilot1WOSession3,2025.2.4,Win32,59.95203837,,,,,,,,,,,,,,,SBJ.N2 HIDE-INTR,,,5257.847,2,SBJ-N2-HIDE-INTR.mp4,N2|HIDE,REVEAL|Aa|N3|HIDE|GO|N2,murak|zsübe,girda|gyék|zilép|zsübe|kávler|murak,1,7.257,11.528,murak zsübe,5272.94,,,,,,SBJ-N2-HIDE-INTR.mp4,N2|HIDE,REVEAL|Aa|N3|HIDE|GO|N2,murak zsübe,murak|zsübe,girda|gyék|zilép|zsübe|kávler|murak,,,,,,,,,,,,,,,,,,,,,,,,,,,,,,,,,,,0,26,26,26,1,,,,,,,,,,
,,,,,,,,,,,,,2,,,ALP1109,19650915,2026-04-28_14h13.26.715,BrocantoHPilot1WOSession3,2025.2.4,Win32,59.95203837,,,,,,,,,,,,,,,Ab OBJ.N5 SBJ.N3 HIDE-TR,,,5273.463,2,Ab-OBJ-N5-SBJ-N3-HIDE-TR.mp4,Ab|N5|N3|HIDE,N3|JUMP|Ab|HIDE|N4|PUSH|N5|N1,zsot|timó|zilép|zsübe,zilép|bonip|zsot|zsübe|dabi|vánta|timó|pekli,0,7.294,18.915,zsot timó zsübe zilép,5294.658,,,,,,Ab-OBJ-N5-SBJ-N3-HIDE-TR.mp4,Ab|N5|N3|HIDE,N3|JUMP|Ab|HIDE|N4|PUSH|N5|N1,zsot timó zilép zsübe,zsot|timó|zilép|zsübe,zilép|bonip|zsot|zsübe|dabi|vánta|timó|pekli,,,,,,,,,,,,,,,,,,,,,,,,,,,,,,,,,,,0,27,27,27,1,,,,,,,,,,
,,,,,,,,,,,,,2,,,ALP1109,19650915,2026-04-28_14h13.26.715,BrocantoHPilot1WOSession3,2025.2.4,Win32,59.95203837,,,,,,,,,,,,,,,Ab SBJ.N3 JUMP-INTR,,,5295.168,2,Ab-SBJ-N3-JUMP-INTR.mp4,Ab|N3|JUMP,Ab|REVEAL|N1|N3|HIDE|JUMP|N2,zsot|zilép|bonip,zsot|girda|pekli|zilép|zsübe|bonip|murak,1,6.662,17.704,zsot zilép bonip,5315.848,,,,,,Ab-SBJ-N3-JUMP-INTR.mp4,Ab|N3|JUMP,Ab|REVEAL|N1|N3|HIDE|JUMP|N2,zsot zilép bonip,zsot|zilép|bonip,zsot|girda|pekli|zilép|zsübe|bonip|murak,,,,,,,,,,,,,,,,,,,,,,,,,,,,,,,,,,,0,28,28,28,1,,,,,,,,,,
,,,,,,,,,,,,,2,,,ALP1109,19650915,2026-04-28_14h13.26.715,BrocantoHPilot1WOSession3,2025.2.4,Win32,59.95203837,,,,,,,,,,,,,,,OBJ.N5 SBJ.N4 HIDE-TR Ab LOC.N2,,,5316.363,2,OBJ-N5-SBJ-N4-HIDE-TR-Ab-LOC-N2.mp4,N5|N4|HIDE|Ab|N2,N2|REVEAL|PUSH|HIDE|N5|Ab|N4|GO|N3,timó|dabi|zsübe|zsot|murak,murak|girda|vánta|zsübe|timó|zsot|dabi|kávler|zilép,0,6.477,34.352,timó zsübe dabi zsot murak,5352.873,,,,,,OBJ-N5-SBJ-N4-HIDE-TR-Ab-LOC-N2.mp4,N5|N4|HIDE|Ab|N2,N2|REVEAL|PUSH|HIDE|N5|Ab|N4|GO|N3,timó dabi zsübe zsot murak,timó|dabi|zsübe|zsot|murak,murak|girda|vánta|zsübe|timó|zsot|dabi|kávler|zilép,,,,,,,,,,,,,,,,,,,,,,,,,,,,,,,,,,,0,29,29,29,1,,,,,,,,,,
,,,,,,,,,,,,,2,,,ALP1109,19650915,2026-04-28_14h13.26.715,BrocantoHPilot1WOSession3,2025.2.4,Win32,59.95203837,,,,,,,,,,,,,,,OBJ.N5 SBJ.N3 PUSH-TR,,,5353.377,2,OBJ-N5-SBJ-N3-PUSH-TR.mp4,N5|N3|PUSH,HIDE|N3|N1|N2|N4|PUSH|N5,timó|zilép|vánta,zsübe|zilép|pekli|murak|dabi|vánta|timó,0,4.686,17.98,zilép vánta timó,5373.95,,,,,,OBJ-N5-SBJ-N3-PUSH-TR.mp4,N5|N3|PUSH,HIDE|N3|N1|N2|N4|PUSH|N5,timó zilép vánta,timó|zilép|vánta,zsübe|zilép|pekli|murak|dabi|vánta|timó,,,,,,,,,,,,,,,,,,,,,,,,,,,,,,,,,,,0,30,30,30,1,,,,,,,,,,
,,,,,,,,,,,,,2,,,ALP1109,19650915,2026-04-28_14h13.26.715,BrocantoHPilot1WOSession3,2025.2.4,Win32,59.95203837,,,,,,,,,,,,,,,OBJ.N5 Ab SBJ.N1 REVEAL-TR Ab LOC.N3,,,5374.479,2,OBJ-N5-Ab-SBJ-N1-REVEAL-TR-Ab-LOC-N3.mp4,N5|Ab|N1|REVEAL|Ab|N3,Ab|N2|N5|JUMP|N4|N3|GO|REVEAL|Ab|N1,timó|zsot|pekli|girda|zsot|zilép,zsot|murak|timó|bonip|dabi|zilép|kávler|girda|zsot|pekli,0,6.534,39.926,zsot pekli girda zsot timó,5416.334,,,,,,OBJ-N5-Ab-SBJ-N1-REVEAL-TR-Ab-LOC-N3.mp4,N5|Ab|N1|REVEAL|Ab|N3,Ab|N2|N5|JUMP|N4|N3|GO|REVEAL|Ab|N1,timó zsot pekli girda zsot zilép,timó|zsot|pekli|girda|zsot|zilép,zsot|murak|timó|bonip|dabi|zilép|kávler|girda|zsot|pekli,,,,,,,,,,,,,,,,,,,,,,,,,,,,,,,,,,,0,31,31,31,1,,,,,,,,,,
,,,,,,,,,,,,,2,,,ALP1109,19650915,2026-04-28_14h13.26.715,BrocantoHPilot1WOSession3,2025.2.4,Win32,59.95203837,,,,,,,,,,,,,,,Ab SBJ.N2 GO-INTR,,,5416.844,2,Ab-SBJ-N2-GO-INTR.mp4,Ab|N2|GO,N2|Ab|Aa|N1|REVEAL|N3|GO,zsot|murak|kávler,murak|zsot|gyék|pekli|girda|zilép|kávler,1,6.274,13.974,zsot murak kávler,5433.981,,,,,,Ab-SBJ-N2-GO-INTR.mp4,Ab|N2|GO,N2|Ab|Aa|N1|REVEAL|N3|GO,zsot murak kávler,zsot|murak|kávler,murak|zsot|gyék|pekli|girda|zilép|kávler,,,,,,,,,,,,,,,,,,,,,,,,,,,,,,,,,,,0,32,32,32,1,,,,,,,,,,
,,,,,,,,,,,,,2,,,ALP1109,19650915,2026-04-28_14h13.26.715,BrocantoHPilot1WOSession3,2025.2.4,Win32,59.95203837,,,,,,,,,,,,,,,Ab SBJ.N5 GO-INTR,,,5434.491,2,Ab-SBJ-N5-GO-INTR.mp4,Ab|N5|GO,GO|N4|N5|Ab|REVEAL|JUMP|PUSH,zsot|timó|kávler,kávler|dabi|timó|zsot|girda|bonip|vánta,1,7.474,11.267,zsot timó kávler,5449.433,,,,,,Ab-SBJ-N5-GO-INTR.mp4,Ab|N5|GO,GO|N4|N5|Ab|REVEAL|JUMP|PUSH,zsot timó kávler,zsot|timó|kávler,kávler|dabi|timó|zsot|girda|bonip|vánta,,,,,,,,,,,,,,,,,,,,,,,,,,,,,,,,,,,0,33,33,33,1,,,,,,,,,,
,,,,,,,,,,,,,2,,,ALP1109,19650915,2026-04-28_14h13.26.715,BrocantoHPilot1WOSession3,2025.2.4,Win32,59.95203837,,,,,,,,,,,,,,,Aa SBJ.N4 HIDE-INTR Aa LOC.N5,,,5449.938,2,Aa-SBJ-N4-HIDE-INTR-Aa-LOC-N5.mp4,Aa|N4|HIDE|Aa|N5,N4|N3|N5|HIDE|JUMP|Aa|GO|Aa|N2,gyék|dabi|zsübe|gyék|timó,dabi|zilép|timó|zsübe|bonip|gyék|kávler|gyék|murak,0,6.268,20.609,dabi zsübe gyék timó,5474.552,,,,,,Aa-SBJ-N4-HIDE-INTR-Aa-LOC-N5.mp4,Aa|N4|HIDE|Aa|N5,N4|N3|N5|HIDE|JUMP|Aa|GO|Aa|N2,gyék dabi zsübe gyék timó,gyék|dabi|zsübe|gyék|timó,dabi|zilép|timó|zsübe|bonip|gyék|kávler|gyék|murak,,,,,,,,,,,,,,,,,,,,,,,,,,,,,,,,,,,0,34,34,34,1,,,,,,,,,,
,,,,,,,,,,,,,2,,,ALP1109,19650915,2026-04-28_14h13.26.715,BrocantoHPilot1WOSession3,2025.2.4,Win32,59.95203837,,,,,,,,,,,,,,,SBJ.N1 JUMP-INTR LOC.N4,,,5475.076,2,SBJ-N1-JUMP-INTR-LOC-N4.mp4,N1|JUMP|N4,REVEAL|N4|N1|JUMP|HIDE|Aa|N5,pekli|bonip|dabi,girda|dabi|pekli|bonip|zsübe|gyék|timó,0,5.744,24.228,gyék pekli zsübe dabi,5504.029,,,,,,SBJ-N1-JUMP-INTR-LOC-N4.mp4,N1|JUMP|N4,REVEAL|N4|N1|JUMP|HIDE|Aa|N5,pekli bonip dabi,pekli|bonip|dabi,girda|dabi|pekli|bonip|zsübe|gyék|timó,,,,,,,,,,,,,,,,,,,,,,,,,,,,,,,,,,,0,35,35,35,1,,,,,,,,,,
,,,,,,,,,,,,,2,,,ALP1109,19650915,2026-04-28_14h13.26.715,BrocantoHPilot1WOSession3,2025.2.4,Win32,59.95203837,,,,,,,,,,,,,,,Aa SBJ.N1 HIDE-INTR Ab LOC.N5,,,5504.532,2,Aa-SBJ-N1-HIDE-INTR-Ab-LOC-N5.mp4,Aa|N1|HIDE|Ab|N5,N1|HIDE|N2|Ab|PUSH|REVEAL|N5|Aa|N4,gyék|pekli|zsübe|zsot|timó,pekli|zsübe|murak|zsot|vánta|girda|timó|gyék|dabi,0,7.388,22.84,pekli zsübe zsot timó,5529.638,,,,,,Aa-SBJ-N1-HIDE-INTR-Ab-LOC-N5.mp4,Aa|N1|HIDE|Ab|N5,N1|HIDE|N2|Ab|PUSH|REVEAL|N5|Aa|N4,gyék pekli zsübe zsot timó,gyék|pekli|zsübe|zsot|timó,pekli|zsübe|murak|zsot|vánta|girda|timó|gyék|dabi,,,,,,,,,,,,,,,,,,,,,,,,,,,,,,,,,,,0,36,36,36,1,,,,,,,,,,
,,,,,,,,,,,,,2,,,ALP1109,19650915,2026-04-28_14h13.26.715,BrocantoHPilot1WOSession3,2025.2.4,Win32,59.95203837,,,,,,,,,,,,,,,Aa SBJ.N1 GO-INTR Aa LOC.N5,,,5530.149,2,Aa-SBJ-N1-GO-INTR-Aa-LOC-N5.mp4,Aa|N1|GO|Aa|N5,Aa|Aa|N5|HIDE|N4|GO|N3|N1|PUSH,gyék|pekli|kávler|gyék|timó,gyék|gyék|timó|zsübe|dabi|kávler|zilép|pekli|vánta,0,6.499,11.288,pekli kávler timó,5544.198,,,,,,Aa-SBJ-N1-GO-INTR-Aa-LOC-N5.mp4,Aa|N1|GO|Aa|N5,Aa|Aa|N5|HIDE|N4|GO|N3|N1|PUSH,gyék pekli kávler gyék timó,gyék|pekli|kávler|gyék|timó,gyék|gyék|timó|zsübe|dabi|kávler|zilép|pekli|vánta,,,,,,,,,,,,,,,,,,,,,,,,,,,,,,,,,,,0,37,37,37,1,,,,,,,,,,
,,,,,,,,,,,,,2,,,ALP1109,19650915,2026-04-28_14h13.26.715,BrocantoHPilot1WOSession3,2025.2.4,Win32,59.95203837,,,,,,,,,,,,,,,Aa SBJ.N3 JUMP-INTR Aa LOC.N2,,,5544.701,2,Aa-SBJ-N3-JUMP-INTR-Aa-LOC-N2.mp4,Aa|N3|JUMP|Aa|N2,GO|N5|Aa|PUSH|N2|JUMP|HIDE|N3|Aa,gyék|zilép|bonip|gyék|murak,kávler|timó|gyék|vánta|murak|bonip|zsübe|zilép|gyék,0,5.379,27.424,zilép bonip murak,5574.533,,,,,,Aa-SBJ-N3-JUMP-INTR-Aa-LOC-N2.mp4,Aa|N3|JUMP|Aa|N2,GO|N5|Aa|PUSH|N2|JUMP|HIDE|N3|Aa,gyék zilép bonip gyék murak,gyék|zilép|bonip|gyék|murak,kávler|timó|gyék|vánta|murak|bonip|zsübe|zilép|gyék,,,,,,,,,,,,,,,,,,,,,,,,,,,,,,,,,,,0,38,38,38,1,,,,,,,,,,
,,,,,,,,,,,,,2,,,ALP1109,19650915,2026-04-28_14h13.26.715,BrocantoHPilot1WOSession3,2025.2.4,Win32,59.95203837,,,,,,,,,,,,,,,OBJ.N5 Ab SBJ.N4 PUSH-TR,,,5575.042,2,OBJ-N5-Ab-SBJ-N4-PUSH-TR.mp4,N5|Ab|N4|PUSH,N2|Aa|N5|PUSH|N3|Ab|JUMP|N4,timó|zsot|dabi|vánta,murak|gyék|timó|vánta|zilép|zsot|bonip|dabi,0,5.715,16.086,zsot dabi vánta timó,5593.399,,,,,,OBJ-N5-Ab-SBJ-N4-PUSH-TR.mp4,N5|Ab|N4|PUSH,N2|Aa|N5|PUSH|N3|Ab|JUMP|N4,timó zsot dabi vánta,timó|zsot|dabi|vánta,murak|gyék|timó|vánta|zilép|zsot|bonip|dabi,,,,,,,,,,,,,,,,,,,,,,,,,,,,,,,,,,,0,39,39,39,1,,,,,,,,,,
,,,,,,,,,,,,,2,,,ALP1109,19650915,2026-04-28_14h13.26.715,BrocantoHPilot1WOSession3,2025.2.4,Win32,59.95203837,,,,,,,,,,,,,,,Ab OBJ.N5 Ab SBJ.N1 HIDE-TR Ab LOC.N2,,,5593.915,2,Ab-OBJ-N5-Ab-SBJ-N1-HIDE-TR-Ab-LOC-N2.mp4,Ab|N5|Ab|N1|HIDE|Ab|N2,N2|HIDE|JUMP|Ab|Aa|Ab|N4|Ab|N5|PUSH|N1,zsot|timó|zsot|pekli|zsübe|zsot|murak,murak|zsübe|bonip|zsot|gyék|zsot|dabi|zsot|timó|vánta|pekli,0,6.96,41.061,zsot timó zsübe zsot pekli,5637.511,,,,,,Ab-OBJ-N5-Ab-SBJ-N1-HIDE-TR-Ab-LOC-N2.mp4,Ab|N5|Ab|N1|HIDE|Ab|N2,N2|HIDE|JUMP|Ab|Aa|Ab|N4|Ab|N5|PUSH|N1,zsot timó zsot pekli zsübe zsot murak,zsot|timó|zsot|pekli|zsübe|zsot|murak,murak|zsübe|bonip|zsot|gyék|zsot|dabi|zsot|timó|vánta|pekli,,,,,,,,,,,,,,,,,,,,,,,,,,,,,,,,,,,0,40,40,40,1,,,,,,,,,,
,,,,,,,,,,,,,2,,,ALP1109,19650915,2026-04-28_14h13.26.715,BrocantoHPilot1WOSession3,2025.2.4,Win32,59.95203837,,,,,,,,,,,,,,,Ab OBJ.N5 Ab SBJ.N1 PUSH-TR,,,5638.029,2,Ab-OBJ-N5-Ab-SBJ-N1-PUSH-TR.mp4,Ab|N5|Ab|N1|PUSH,N1|GO|Aa|Ab|N5|Ab|N3|PUSH|N2,zsot|timó|zsot|pekli|vánta,pekli|kávler|gyék|zsot|timó|zsot|zilép|vánta|murak,0,5.575,16.125,zsot timó vánta zsot pekli,5656.437,,,,,,Ab-OBJ-N5-Ab-SBJ-N1-PUSH-TR.mp4,Ab|N5|Ab|N1|PUSH,N1|GO|Aa|Ab|N5|Ab|N3|PUSH|N2,zsot timó zsot pekli vánta,zsot|timó|zsot|pekli|vánta,pekli|kávler|gyék|zsot|timó|zsot|zilép|vánta|murak,,,,,,,,,,,,,,,,,,,,,,,,,,,,,,,,,,,0,41,41,41,1,,,,,,,,,,
,,,,,,,,,,,,,2,,,ALP1109,19650915,2026-04-28_14h13.26.715,BrocantoHPilot1WOSession3,2025.2.4,Win32,59.95203837,,,,,,,,,,,,,,,,,,,,,,,,,,,,,,,,,,,,,,,,,5682.274,chunkTest_s2,0,2,GO-REVEAL.mp3,0,12.601,6,4,8.561,14.685,5697.742,,,,,,GO-REVEAL.mp3,0,,,,,,,,,,,,,,,,,,,,,0,0,0,15,1,,,,,
,,,,,,,,,,,,,2,,,ALP1109,19650915,2026-04-28_14h13.26.715,BrocantoHPilot1WOSession3,2025.2.4,Win32,59.95203837,,,,,,,,,,,,,,,,,,,,,,,,,,,,,,,,,,,,,,,,,5698.249,chunkTest_s2,1,2,N5-PUSH.mp3,2,2.497,6,1,4.572,4.77,5703.889,,,,,,N5-PUSH.mp3,2,,,,,,,,,,,,,,,,,,,,,0,1,1,10,1,,,,,
,,,,,,,,,,,,,2,,,ALP1109,19650915,2026-04-28_14h13.26.715,BrocantoHPilot1WOSession3,2025.2.4,Win32,59.95203837,,,,,,,,,,,,,,,,,,,,,,,,,,,,,,,,,,,,,,,,,5704.416,chunkTest_s2,2,2,N4-GO.mp3,7,0.891,6,1,3.044,6.783,5712.753,,,,,,N4-GO.mp3,7,,,,,,,,,,,,,,,,,,,,,0,2,2,9,1,,,,,
,,,,,,,,,,,,,2,,,ALP1109,19650915,2026-04-28_14h13.26.715,BrocantoHPilot1WOSession3,2025.2.4,Win32,59.95203837,,,,,,,,,,,,,,,,,,,,,,,,,,,,,,,,,,,,,,,,,5713.255,chunkTest_s2,3,2,N2-Aa.mp3,0,1.199,6,1,3.121,4.354,5718.228,,,,,,N2-Aa.mp3,0,,,,,,,,,,,,,,,,,,,,,0,3,3,13,1,,,,,
,,,,,,,,,,,,,2,,,ALP1109,19650915,2026-04-28_14h13.26.715,BrocantoHPilot1WOSession3,2025.2.4,Win32,59.95203837,,,,,,,,,,,,,,,,,,,,,,,,,,,,,,,,,,,,,,,,,5718.735,chunkTest_s2,4,2,Aa-GO.mp3,0,4.109,1,1,6.033,9.022,5728.44,,,,,,Aa-GO.mp3,0,,,,,,,,,,,,,,,,,,,,,0,4,4,3,1,,,,,
,,,,,,,,,,,,,2,,,ALP1109,19650915,2026-04-28_14h13.26.715,BrocantoHPilot1WOSession3,2025.2.4,Win32,59.95203837,,,,,,,,,,,,,,,,,,,,,,,,,,,,,,,,,,,,,,,,,5728.957,chunkTest_s2,5,2,JUMP-N1.mp3,3,1.401,6,1,3.242,4.039,5733.578,,,,,,JUMP-N1.mp3,3,,,,,,,,,,,,,,,,,,,,,0,5,5,11,1,,,,,
,,,,,,,,,,,,,2,,,ALP1109,19650915,2026-04-28_14h13.26.715,BrocantoHPilot1WOSession3,2025.2.4,Win32,59.95203837,,,,,,,,,,,,,,,,,,,,,,,,,,,,,,,,,,,,,,,,,5734.089,chunkTest_s2,6,2,N5-Aa.mp3,5,0.856,6,1,3.306,4.127,5738.885,,,,,,N5-Aa.mp3,5,,,,,,,,,,,,,,,,,,,,,0,6,6,19,1,,,,,
,,,,,,,,,,,,,2,,,ALP1109,19650915,2026-04-28_14h13.26.715,BrocantoHPilot1WOSession3,2025.2.4,Win32,59.95203837,,,,,,,,,,,,,,,,,,,,,,,,,,,,,,,,,,,,,,,,,5739.394,chunkTest_s2,7,2,REVEAL-N1.mp3,6,0.824,6,1,2.755,3.447,5744.356,,,,,,REVEAL-N1.mp3,6,,,,,,,,,,,,,,,,,,,,,0,7,7,14,1,,,,,
,,,,,,,,,,,,,2,,,ALP1109,19650915,2026-04-28_14h13.26.715,BrocantoHPilot1WOSession3,2025.2.4,Win32,59.95203837,,,,,,,,,,,,,,,,,,,,,,,,,,,,,,,,,,,,,,,,,5744.859,chunkTest_s2,8,2,HIDE-N2.mp3,14,2.591,6,1,4.154,4.938,5750.506,,,,,,HIDE-N2.mp3,14,,,,,,,,,,,,,,,,,,,,,0,8,8,5,1,,,,,
,,,,,,,,,,,,,2,,,ALP1109,19650915,2026-04-28_14h13.26.715,BrocantoHPilot1WOSession3,2025.2.4,Win32,59.95203837,,,,,,,,,,,,,,,,,,,,,,,,,,,,,,,,,,,,,,,,,5751.017,chunkTest_s2,9,2,N2-Ab.mp3,0,0.671,6,1,2.084,9.342,5761.094,,,,,,N2-Ab.mp3,0,,,,,,,,,,,,,,,,,,,,,0,9,9,1,1,,,,,
,,,,,,,,,,,,,2,,,ALP1109,19650915,2026-04-28_14h13.26.715,BrocantoHPilot1WOSession3,2025.2.4,Win32,59.95203837,,,,,,,,,,,,,,,,,,,,,,,,,,,,,,,,,,,,,,,,,5761.599,chunkTest_s2,10,2,N2-N1.mp3,0,0.749,6,1,2.685,3.531,5765.942,,,,,,N2-N1.mp3,0,,,,,,,,,,,,,,,,,,,,,0,10,10,4,1,,,,,
,,,,,,,,,,,,,2,,,ALP1109,19650915,2026-04-28_14h13.26.715,BrocantoHPilot1WOSession3,2025.2.4,Win32,59.95203837,,,,,,,,,,,,,,,,,,,,,,,,,,,,,,,,,,,,,,,,,5766.465,chunkTest_s2,11,2,GO-HIDE.mp3,0,0.627,5,1,2.485,2.68,5769.806,,,,,,GO-HIDE.mp3,0,,,,,,,,,,,,,,,,,,,,,0,11,11,12,1,,,,,
,,,,,,,,,,,,,2,,,ALP1109,19650915,2026-04-28_14h13.26.715,BrocantoHPilot1WOSession3,2025.2.4,Win32,59.95203837,,,,,,,,,,,,,,,,,,,,,,,,,,,,,,,,,,,,,,,,,5770.319,chunkTest_s2,12,2,N3-N4.mp3,0,0.649,6,1,3.141,9.925,5781.089,,,,,,N3-N4.mp3,0,,,,,,,,,,,,,,,,,,,,,0,12,12,6,1,,,,,
,,,,,,,,,,,,,2,,,ALP1109,19650915,2026-04-28_14h13.26.715,BrocantoHPilot1WOSession3,2025.2.4,Win32,59.95203837,,,,,,,,,,,,,,,,,,,,,,,,,,,,,,,,,,,,,,,,,5781.598,chunkTest_s2,13,2,Ab-GO.mp3,0,3.039,6,3,6.085,6.442,5789.365,,,,,,Ab-GO.mp3,0,,,,,,,,,,,,,,,,,,,,,0,13,13,18,1,,,,,
,,,,,,,,,,,,,2,,,ALP1109,19650915,2026-04-28_14h13.26.715,BrocantoHPilot1WOSession3,2025.2.4,Win32,59.95203837,,,,,,,,,,,,,,,,,,,,,,,,,,,,,,,,,,,,,,,,,5789.876,chunkTest_s2,14,2,HIDE-N3.mp3,10,1.12,6,1,2.729,2.955,5793.709,,,,,,HIDE-N3.mp3,10,,,,,,,,,,,,,,,,,,,,,0,14,14,17,1,,,,,
,,,,,,,,,,,,,2,,,ALP1109,19650915,2026-04-28_14h13.26.715,BrocantoHPilot1WOSession3,2025.2.4,Win32,59.95203837,,,,,,,,,,,,,,,,,,,,,,,,,,,,,,,,,,,,,,,,,5794.275,chunkTest_s2,15,2,N1-PUSH.mp3,22,1.704,6,1,3.716,4.437,5799.435,,,,,,N1-PUSH.mp3,22,,,,,,,,,,,,,,,,,,,,,0,15,15,7,1,,,,,
,,,,,,,,,,,,,2,,,ALP1109,19650915,2026-04-28_14h13.26.715,BrocantoHPilot1WOSession3,2025.2.4,Win32,59.95203837,,,,,,,,,,,,,,,,,,,,,,,,,,,,,,,,,,,,,,,,,5799.944,chunkTest_s2,16,2,HIDE-REVEAL.mp3,0,0.946,6,1,2.856,13.539,5814.18,,,,,,HIDE-REVEAL.mp3,0,,,,,,,,,,,,,,,,,,,,,0,16,16,8,1,,,,,
,,,,,,,,,,,,,2,,,ALP1109,19650915,2026-04-28_14h13.26.715,BrocantoHPilot1WOSession3,2025.2.4,Win32,59.95203837,,,,,,,,,,,,,,,,,,,,,,,,,,,,,,,,,,,,,,,,,5814.696,chunkTest_s2,17,2,HIDE-N5.mp3,5,0.772,6,1,2.497,3.653,5819.067,,,,,,HIDE-N5.mp3,5,,,,,,,,,,,,,,,,,,,,,0,17,17,16,1,,,,,
,,,,,,,,,,,,,2,,,ALP1109,19650915,2026-04-28_14h13.26.715,BrocantoHPilot1WOSession3,2025.2.4,Win32,59.95203837,,,,,,,,,,,,,,,,,,,,,,,,,,,,,,,,,,,,,,,,,5819.575,chunkTest_s2,18,2,N2-GO.mp3,13,0.54,6,1,3.246,3.793,5824.088,,,,,,N2-GO.mp3,13,,,,,,,,,,,,,,,,,,,,,0,18,18,2,1,,,,,
,,,,,,,,,,,,,2,,,ALP1109,19650915,2026-04-28_14h13.26.715,BrocantoHPilot1WOSession3,2025.2.4,Win32,59.95203837,,,,,,,,,,,,,,,,,,,,,,,,,,,,,,,,,,,,,,,,,5824.611,chunkTest_s2,19,2,REVEAL-Aa.mp3,0,0.719,6,1,2.559,2.859,5828.134,,,,,,REVEAL-Aa.mp3,0,,,,,,,,,,,,,,,,,,,,,0,19,19,0,1,,,,,
,,,,,,,,,,,,,2,,,ALP1109,19650915,2026-04-28_14h13.26.715,BrocantoHPilot1WOSession3,2025.2.4,Win32,59.95203837,,,,,,,,,,,,,,,,,,,,,,,,,,,,,,,,,,,,,,,,,5830.42,GJTest_s2,0,2,HIDE-TR-LOC-N2.mp3,,1.219,6,1,4.329,4.646,5835.866,,,,,,HIDE-TR-LOC-N2.mp3,,,,,,,,,,,,,,,,,,,,,,,,,,,0,0,0,11,1
,,,,,,,,,,,,,2,,,ALP1109,19650915,2026-04-28_14h13.26.715,BrocantoHPilot1WOSession3,2025.2.4,Win32,59.95203837,,,,,,,,,,,,,,,,,,,,,,,,,,,,,,,,,,,,,,,,,5836.372,GJTest_s2,1,2,SBJ-N3-GO-INTR-LOC-N2-LOC-N1.mp3,,0.751,6,1,4.291,4.756,5842.179,,,,,,SBJ-N3-GO-INTR-LOC-N2-LOC-N1.mp3,,,,,,,,,,,,,,,,,,,,,,,,,,,0,1,1,14,1
,,,,,,,,,,,,,2,,,ALP1109,19650915,2026-04-28_14h13.26.715,BrocantoHPilot1WOSession3,2025.2.4,Win32,59.95203837,,,,,,,,,,,,,,,,,,,,,,,,,,,,,,,,,,,,,,,,,5842.694,GJTest_s2,2,2,Ab-SBJ-N3-JUMP-INTR.mp3,4,0.579,6,1,2.853,3.291,5846.924,,,,,,Ab-SBJ-N3-JUMP-INTR.mp3,4,,,,,,,,,,,,,,,,,,,,,,,,,,0,2,2,3,1
,,,,,,,,,,,,,2,,,ALP1109,19650915,2026-04-28_14h13.26.715,BrocantoHPilot1WOSession3,2025.2.4,Win32,59.95203837,,,,,,,,,,,,,,,,,,,,,,,,,,,,,,,,,,,,,,,,,5847.442,GJTest_s2,3,2,Ab-SBJ-N4-JUMP-INTR-LOC-N2.mp3,0,0.822,6,1,4.765,4.984,5853.308,,,,,,Ab-SBJ-N4-JUMP-INTR-LOC-N2.mp3,0,,,,,,,,,,,,,,,,,,,,,,,,,,0,3,3,8,1
,,,,,,,,,,,,,2,,,ALP1109,19650915,2026-04-28_14h13.26.715,BrocantoHPilot1WOSession3,2025.2.4,Win32,59.95203837,,,,,,,,,,,,,,,,,,,,,,,,,,,,,,,,,,,,,,,,,5853.815,GJTest_s2,4,2,OBJ-N1-Ab-SBJ-N3-JUMP-INTR.mp3,,1.512,6,1,4.533,4.68,5859.373,,,,,,OBJ-N1-Ab-SBJ-N3-JUMP-INTR.mp3,,,,,,,,,,,,,,,,,,,,,,,,,,,0,4,4,13,1
,,,,,,,,,,,,,2,,,ALP1109,19650915,2026-04-28_14h13.26.715,BrocantoHPilot1WOSession3,2025.2.4,Win32,59.95203837,,,,,,,,,,,,,,,,,,,,,,,,,,,,,,,,,,,,,,,,,5859.874,GJTest_s2,5,2,SBJ-N3-Ab-PUSH-TR-LOC-N1.mp3,,0.583,6,1,3.507,4.181,5865.166,,,,,,SBJ-N3-Ab-PUSH-TR-LOC-N1.mp3,,,,,,,,,,,,,,,,,,,,,,,,,,,0,5,5,17,1
,,,,,,,,,,,,,2,,,ALP1109,19650915,2026-04-28_14h13.26.715,BrocantoHPilot1WOSession3,2025.2.4,Win32,59.95203837,,,,,,,,,,,,,,,,,,,,,,,,,,,,,,,,,,,,,,,,,5865.682,GJTest_s2,6,2,Aa-OBJ-N3-Ab-SBJ-N5-PUSH-TR.mp3,0,1.546,6,1,5.329,5.887,5872.445,,,,,,Aa-OBJ-N3-Ab-SBJ-N5-PUSH-TR.mp3,0,,,,,,,,,,,,,,,,,,,,,,,,,,0,6,6,5,1
,,,,,,,,,,,,,2,,,ALP1109,19650915,2026-04-28_14h13.26.715,BrocantoHPilot1WOSession3,2025.2.4,Win32,59.95203837,,,,,,,,,,,,,,,,,,,,,,,,,,,,,,,,,,,,,,,,,5872.951,GJTest_s2,7,2,OBJ-N5-SBJ-N1-HIDE-TR-LOC-N2.mp3,6,0.6,6,1,3.507,3.577,5877.328,,,,,,OBJ-N5-SBJ-N1-HIDE-TR-LOC-N2.mp3,6,,,,,,,,,,,,,,,,,,,,,,,,,,0,7,7,1,1
,,,,,,,,,,,,,2,,,ALP1109,19650915,2026-04-28_14h13.26.715,BrocantoHPilot1WOSession3,2025.2.4,Win32,59.95203837,,,,,,,,,,,,,,,,,,,,,,,,,,,,,,,,,,,,,,,,,5877.831,GJTest_s2,8,2,Ab-SBJ-N1-HIDE-INTR-Ab-LOC-N4.mp3,0,0.583,6,1,3.678,3.741,5882.637,,,,,,Ab-SBJ-N1-HIDE-INTR-Ab-LOC-N4.mp3,0,,,,,,,,,,,,,,,,,,,,,,,,,,0,8,8,6,1
,,,,,,,,,,,,,2,,,ALP1109,19650915,2026-04-28_14h13.26.715,BrocantoHPilot1WOSession3,2025.2.4,Win32,59.95203837,,,,,,,,,,,,,,,,,,,,,,,,,,,,,,,,,,,,,,,,,5883.143,GJTest_s2,9,2,OBJ-N5-SBJ-N2-PUSH-TR-LOC-N4-LOC-N1.mp3,,0.781,6,1,4.634,5.152,5889.193,,,,,,OBJ-N5-SBJ-N2-PUSH-TR-LOC-N4-LOC-N1.mp3,,,,,,,,,,,,,,,,,,,,,,,,,,,0,9,9,12,1
,,,,,,,,,,,,,2,,,ALP1109,19650915,2026-04-28_14h13.26.715,BrocantoHPilot1WOSession3,2025.2.4,Win32,59.95203837,,,,,,,,,,,,,,,,,,,,,,,,,,,,,,,,,,,,,,,,,5889.7,GJTest_s2,10,2,OBJ-N5-SBJ-N2-PUSH-TR-LOC-N4.mp3,5,2.507,6,1,5.389,5.458,5896.139,,,,,,OBJ-N5-SBJ-N2-PUSH-TR-LOC-N4.mp3,5,,,,,,,,,,,,,,,,,,,,,,,,,,0,10,10,2,1
,,,,,,,,,,,,,2,,,ALP1109,19650915,2026-04-28_14h13.26.715,BrocantoHPilot1WOSession3,2025.2.4,Win32,59.95203837,,,,,,,,,,,,,,,,,,,,,,,,,,,,,,,,,,,,,,,,,5896.704,GJTest_s2,11,2,SBJ-N1-Ab-HIDE-INTR-Ab-LOC-N4-LOC-N2.mp3,,0.814,6,1,5.26,5.55,5903.236,,,,,,SBJ-N1-Ab-HIDE-INTR-Ab-LOC-N4-LOC-N2.mp3,,,,,,,,,,,,,,,,,,,,,,,,,,,0,11,11,16,1
,,,,,,,,,,,,,2,,,ALP1109,19650915,2026-04-28_14h13.26.715,BrocantoHPilot1WOSession3,2025.2.4,Win32,59.95203837,,,,,,,,,,,,,,,,,,,,,,,,,,,,,,,,,,,,,,,,,5903.751,GJTest_s2,12,2,OBJ-N5-SBJ-N3-HIDE-TR-Ab.mp3,,1.087,6,1,4.74,4.74,5909.411,,,,,,OBJ-N5-SBJ-N3-HIDE-TR-Ab.mp3,,,,,,,,,,,,,,,,,,,,,,,,,,,0,12,12,10,1
,,,,,,,,,,,,,2,,,ALP1109,19650915,2026-04-28_14h13.26.715,BrocantoHPilot1WOSession3,2025.2.4,Win32,59.95203837,,,,,,,,,,,,,,,,,,,,,,,,,,,,,,,,,,,,,,,,,5909.922,GJTest_s2,13,2,OBJ-N1-SBJ-N4-Ab-JUMP-INTR-LOC-N2.mp3,,1.235,6,1,4.533,4.936,5915.711,,,,,,OBJ-N1-SBJ-N4-Ab-JUMP-INTR-LOC-N2.mp3,,,,,,,,,,,,,,,,,,,,,,,,,,,0,13,13,18,1
,,,,,,,,,,,,,2,,,ALP1109,19650915,2026-04-28_14h13.26.715,BrocantoHPilot1WOSession3,2025.2.4,Win32,59.95203837,,,,,,,,,,,,,,,,,,,,,,,,,,,,,,,,,,,,,,,,,5916.213,GJTest_s2,14,2,Aa-SBJ-N4-GO-INTR.mp3,0,1,6,1,3.665,3.935,5921.254,,,,,,Aa-SBJ-N4-GO-INTR.mp3,0,,,,,,,,,,,,,,,,,,,,,,,,,,0,14,14,9,1
,,,,,,,,,,,,,2,,,ALP1109,19650915,2026-04-28_14h13.26.715,BrocantoHPilot1WOSession3,2025.2.4,Win32,59.95203837,,,,,,,,,,,,,,,,,,,,,,,,,,,,,,,,,,,,,,,,,5921.762,GJTest_s2,15,2,Ab-OBJ-N5-SBJ-N3-HIDE-TR.mp3,3,2.592,6,1,5.163,5.419,5928.045,,,,,,Ab-OBJ-N5-SBJ-N3-HIDE-TR.mp3,3,,,,,,,,,,,,,,,,,,,,,,,,,,0,15,15,0,1
,,,,,,,,,,,,,2,,,ALP1109,19650915,2026-04-28_14h13.26.715,BrocantoHPilot1WOSession3,2025.2.4,Win32,59.95203837,,,,,,,,,,,,,,,,,,,,,,,,,,,,,,,,,,,,,,,,,5928.572,GJTest_s2,16,2,Aa-OBJ-N5-Ab-SBJ-N3-PUSH-TR-LOC-N1.mp3,0,0.91,6,1,5.155,5.499,5935.566,,,,,,Aa-OBJ-N5-Ab-SBJ-N3-PUSH-TR-LOC-N1.mp3,0,,,,,,,,,,,,,,,,,,,,,,,,,,0,16,16,7,1
,,,,,,,,,,,,,2,,,ALP1109,19650915,2026-04-28_14h13.26.715,BrocantoHPilot1WOSession3,2025.2.4,Win32,59.95203837,,,,,,,,,,,,,,,,,,,,,,,,,,,,,,,,,,,,,,,,,5936.09,GJTest_s2,17,2,SBJ-N5-Ab-PUSH-TR.mp3,,0.754,1,1,3.135,8.175,5945.034,,,,,,SBJ-N5-Ab-PUSH-TR.mp3,,,,,,,,,,,,,,,,,,,,,,,,,,,0,17,17,15,1
,,,,,,,,,,,,,2,,,ALP1109,19650915,2026-04-28_14h13.26.715,BrocantoHPilot1WOSession3,2025.2.4,Win32,59.95203837,,,,,,,,,,,,,,,,,,,,,,,,,,,,,,,,,,,,,,,,,5945.565,GJTest_s2,18,2,SBJ-N3-GO-INTR-LOC-N2.mp3,2,0.748,6,1,3.438,7.429,5953.881,,,,,,SBJ-N3-GO-INTR-LOC-N2.mp3,2,,,,,,,,,,,,,,,,,,,,,,,,,,0,18,18,4,1
,,,,,,,,,,,,,2,,,ALP1109,19650915,2026-04-28_14h13.26.715,BrocantoHPilot1WOSession3,2025.2.4,Win32,59.95203837,,,,,,,,,,,,,,,,,,,,,,,,,,,,,,,,,,,,,,,,,5954.385,GJTest_s2,19,2,OBJ-N1-SBJ-N4-Aa-GO-INTR.mp3,,0.727,2,1,3.693,11.82,5967.111,,,,,,OBJ-N1-SBJ-N4-Aa-GO-INTR.mp3,,,,,,,,,,,,,,,,,,,,,,,,,,,0,19,19,19,1
