participant,participant_unique_id,birth_date,date,experiment_name,session,loop,trial_id_global,running_index,task_type,trial_type,legality,sentence_complexity,target_sentence,foil_sentence,sentence_frame,foil_sentence_frame,previous_encounters,target_video,foil_video,audio,t_start,t_end,reaction_time,correct_response,response,accuracy
250903,250903,,2026-05-06_21h30.49.374,BrocantoHPilot1MorphSession1,1,1,1,1,Passive,,legal,1,SBJ.N3 REVEAL-INTR,,SBJ-V.INTR,,0,SBJ-N3-REVEAL-INTR.mp4,,SBJ-N3-REVEAL-INTR.mp3,635.2396,649.7525,14.512900000000059,,,
250903,250903,,2026-05-06_21h30.49.374,BrocantoHPilot1MorphSession1,1,1,2,2,Passive,,legal,2,OBJ.N5 SBJ.N4 PUSH-TR,,OBJ-SBJ-V.TR,,0,OBJ-N5-SBJ-N4-PUSH-TR.mp4,,SBJ-N4-OBJ-N5-PUSH-TR.mp3,649.7538,668.3178,18.564000000000078,,,
250903,250903,,2026-05-06_21h30.49.374,BrocantoHPilot1MorphSession1,1,1,3,3,Passive,,legal,2,OBJ.N5 SBJ.N1 HIDE-TR,,OBJ-SBJ-V.TR,,0,OBJ-N5-SBJ-N1-HIDE-TR.mp4,,OBJ-N5-HIDE-TR-SBJ-N1.mp3,668.319,676.6173,8.29830000000004,,,
250903,250903,,2026-05-06_21h30.49.374,BrocantoHPilot1MorphSession1,1,1,4,4,Passive,,legal,1,SBJ.N1 HIDE-INTR,,SBJ-V.INTR,,0,SBJ-N1-HIDE-INTR.mp4,,HIDE-INTR-SBJ-N1.mp3,676.619,685.0164,8.397399999999948,,,
250903,250903,,2026-05-06_21h30.49.374,BrocantoHPilot1MorphSession1,1,1,5,5,Passive,,legal,1,SBJ.N2 REVEAL-INTR,,SBJ-V.INTR,,0,SBJ-N2-REVEAL-INTR.mp4,,SBJ-N2-REVEAL-INTR.mp3,685.0177,696.0657,11.048000000000002,,,
250903,250903,,2026-05-06_21h30.49.374,BrocantoHPilot1MorphSession1,1,1,6,6,Passive,,legal,2,OBJ.N5 SBJ.N3 REVEAL-TR,,OBJ-SBJ-V.TR,,0,OBJ-N5-SBJ-N3-REVEAL-TR.mp4,,OBJ-N5-REVEAL-TR-SBJ-N3.mp3,696.0671,707.1324,11.06529999999998,,,
250903,250903,,2026-05-06_21h30.49.374,BrocantoHPilot1MorphSession1,1,1,7,7,Passive,,legal,1,SBJ.N2 GO-INTR,,SBJ-V.INTR,,0,SBJ-N2-GO-INTR.mp4,,GO-INTR-SBJ-N2.mp3,707.1336,720.1649,13.031299999999987,,,
250903,250903,,2026-05-06_21h30.49.374,BrocantoHPilot1MorphSession1,1,1,8,8,Passive,,legal,2,OBJ.N5 SBJ.N1 PUSH-TR,,OBJ-SBJ-V.TR,,0,OBJ-N5-SBJ-N1-PUSH-TR.mp4,,SBJ-N1-OBJ-N5-PUSH-TR.mp3,720.1665,734.0306,13.864100000000008,,,
250903,250903,,2026-05-06_21h30.49.374,BrocantoHPilot1MorphSession1,1,1,9,9,Passive,,legal,1,SBJ.N1 JUMP-INTR,,SBJ-V.INTR,,0,SBJ-N1-JUMP-INTR.mp4,,SBJ-N1-JUMP-INTR.mp3,734.0317,744.3131,10.281399999999962,,,
250903,250903,,2026-05-06_21h30.49.374,BrocantoHPilot1MorphSession1,1,1,10,10,Passive,,legal,2,OBJ.N5 SBJ.N2 REVEAL-TR,,OBJ-SBJ-V.TR,,0,OBJ-N5-SBJ-N2-REVEAL-TR.mp4,,SBJ-N2-REVEAL-TR-OBJ-N5.mp3,744.3145,771.545,27.230500000000006,,,
250903,250903,,2026-05-06_21h30.49.374,BrocantoHPilot1MorphSession1,1,1,11,11,Passive,,legal,2,OBJ.N5 SBJ.N2 HIDE-TR,,OBJ-SBJ-V.TR,,0,OBJ-N5-SBJ-N2-HIDE-TR.mp4,,SBJ-N2-HIDE-TR-OBJ-N5.mp3,771.5458,785.5437,13.997899999999959,,,
250903,250903,,2026-05-06_21h30.49.374,BrocantoHPilot1MorphSession1,1,1,12,12,Passive,,legal,1,SBJ.N2 JUMP-INTR,,SBJ-V.INTR,,0,SBJ-N2-JUMP-INTR.mp4,,SBJ-N2-JUMP-INTR.mp3,785.5449,796.3264,10.781500000000051,,,
250903,250903,,2026-05-06_21h30.49.374,BrocantoHPilot1MorphSession1,1,1,13,13,Passive,,legal,1,SBJ.N5 HIDE-INTR,,SBJ-V.INTR,,0,SBJ-N5-HIDE-INTR.mp4,,HIDE-INTR-SBJ-N5.mp3,796.3277,808.159,11.831299999999942,,,
250903,250903,,2026-05-06_21h30.49.374,BrocantoHPilot1MorphSession1,1,1,14,14,Passive,,legal,2,OBJ.N5 SBJ.N3 REVEAL-TR,,OBJ-SBJ-V.TR,,1,OBJ-N5-SBJ-N3-REVEAL-TR.mp4,,OBJ-N5-REVEAL-TR-SBJ-N3.mp3,808.16,823.1751,15.015100000000075,,,
250903,250903,,2026-05-06_21h30.49.374,BrocantoHPilot1MorphSession1,1,1,15,15,Passive,,legal,1,SBJ.N2 GO-INTR,,SBJ-V.INTR,,1,SBJ-N2-GO-INTR.mp4,,GO-INTR-SBJ-N2.mp3,823.1768,832.9076,9.730800000000045,,,
250903,250903,,2026-05-06_21h30.49.374,BrocantoHPilot1MorphSession1,1,1,16,16,Passive,,legal,2,OBJ.N5 SBJ.N2 PUSH-TR,,OBJ-SBJ-V.TR,,0,OBJ-N5-SBJ-N2-PUSH-TR.mp4,,SBJ-N2-OBJ-N5-PUSH-TR.mp3,832.9095,839.4569,6.547400000000039,,,
250903,250903,,2026-05-06_21h30.49.374,BrocantoHPilot1MorphSession1,1,1,17,17,Passive,,legal,1,SBJ.N5 REVEAL-INTR,,SBJ-V.INTR,,0,SBJ-N5-REVEAL-INTR.mp4,,SBJ-N5-REVEAL-INTR.mp3,839.4583,858.5893,19.130999999999972,,,
250903,250903,,2026-05-06_21h30.49.374,BrocantoHPilot1MorphSession1,1,1,18,18,Passive,,legal,2,OBJ.N5 SBJ.N4 HIDE-TR,,OBJ-SBJ-V.TR,,0,OBJ-N5-SBJ-N4-HIDE-TR.mp4,,SBJ-N4-HIDE-TR-OBJ-N5.mp3,858.5908,870.4554,11.86460000000011,,,
250903,250903,,2026-05-06_21h30.49.374,BrocantoHPilot1MorphSession1,1,1,19,19,Passive,,legal,1,SBJ.N2 GO-INTR,,SBJ-V.INTR,,2,SBJ-N2-GO-INTR.mp4,,GO-INTR-SBJ-N2.mp3,870.4574,881.7916,11.33420000000001,,,
250903,250903,,2026-05-06_21h30.49.374,BrocantoHPilot1MorphSession1,1,1,20,20,Passive,,legal,1,SBJ.N1 REVEAL-INTR,,SBJ-V.INTR,,0,SBJ-N1-REVEAL-INTR.mp4,,REVEAL-INTR-SBJ-N1.mp3,881.7927,930.3848,48.59210000000007,,,
250903,250903,,2026-05-06_21h30.49.374,BrocantoHPilot1MorphSession1,1,1,21,21,Passive,,legal,2,OBJ.N5 SBJ.N1 REVEAL-TR,,OBJ-SBJ-V.TR,,0,OBJ-N5-SBJ-N1-REVEAL-TR.mp4,,REVEAL-TR-SBJ-N1-OBJ-N5.mp3,930.3859,948.5836,18.197700000000054,,,
250903,250903,,2026-05-06_21h30.49.374,BrocantoHPilot1MorphSession1,1,1,22,22,Passive,,legal,2,OBJ.N5 SBJ.N1 REVEAL-TR,,OBJ-SBJ-V.TR,,1,OBJ-N5-SBJ-N1-REVEAL-TR.mp4,,REVEAL-TR-SBJ-N1-OBJ-N5.mp3,948.5847,980.1046,31.519900000000007,,,
250903,250903,,2026-05-06_21h30.49.374,BrocantoHPilot1MorphSession1,1,1,23,23,Passive,,legal,3,OBJ.N5 SBJ.N2 PUSH-TR LOC.N1,,OBJ-SBJ-V.TR-LOC,,0,OBJ-N5-SBJ-N2-PUSH-TR-LOC-N1.mp4,,OBJ-N5-SBJ-N2-LOC-N1-PUSH-TR.mp3,980.1062,989.1317,9.02550000000008,,,
250903,250903,,2026-05-06_21h30.49.374,BrocantoHPilot1MorphSession1,1,1,24,24,Passive,,legal,2,SBJ.N4 REVEAL-INTR LOC.N3,,SBJ-V.INTR-LOC,,0,SBJ-N4-REVEAL-INTR-LOC-N3.mp4,,SBJ-N4-REVEAL-INTR-LOC-N3.mp3,989.1351,1008.8701,19.735000000000014,,,
250903,250903,,2026-05-06_21h30.49.374,BrocantoHPilot1MorphSession1,1,1,25,25,Passive,,legal,3,OBJ.N5 SBJ.N1 HIDE-TR LOC.N2,,OBJ-SBJ-V.TR-LOC,,0,OBJ-N5-SBJ-N1-HIDE-TR-LOC-N2.mp4,,SBJ-N1-LOC-N2-HIDE-TR-OBJ-N5.mp3,1008.8714,1022.7529,13.88149999999996,,,
250903,250903,,2026-05-06_21h30.49.374,BrocantoHPilot1MorphSession1,1,1,26,26,Passive,,legal,2,SBJ.N4 REVEAL-INTR LOC.N3,,SBJ-V.INTR-LOC,,1,SBJ-N4-REVEAL-INTR-LOC-N3.mp4,,SBJ-N4-REVEAL-INTR-LOC-N3.mp3,1022.7546,1033.8853,11.130699999999933,,,
250903,250903,,2026-05-06_21h30.49.374,BrocantoHPilot1MorphSession1,1,1,27,27,Passive,,legal,3,OBJ.N5 SBJ.N4 REVEAL-TR LOC.N1,,OBJ-SBJ-V.TR-LOC,,0,OBJ-N5-SBJ-N4-REVEAL-TR-LOC-N1.mp4,,OBJ-N5-LOC-N1-REVEAL-TR-SBJ-N4.mp3,1033.8864,1068.1316,34.24519999999984,,,
250903,250903,,2026-05-06_21h30.49.374,BrocantoHPilot1MorphSession1,1,1,28,28,Passive,,legal,2,SBJ.N5 REVEAL-INTR LOC.N3,,SBJ-V.INTR-LOC,,0,SBJ-N5-REVEAL-INTR-LOC-N3.mp4,,SBJ-N5-REVEAL-INTR-LOC-N3.mp3,1068.1333,1083.3754,15.242099999999937,,,
250903,250903,,2026-05-06_21h30.49.374,BrocantoHPilot1MorphSession1,1,1,29,29,Passive,,legal,3,OBJ.N5 SBJ.N3 HIDE-TR LOC.N4,,OBJ-SBJ-V.TR-LOC,,0,OBJ-N5-SBJ-N3-HIDE-TR-LOC-N4.mp4,,OBJ-N5-SBJ-N3-HIDE-TR-LOC-N4.mp3,1083.3777,1093.7812,10.403499999999894,,,
250903,250903,,2026-05-06_21h30.49.374,BrocantoHPilot1MorphSession1,1,1,30,30,Passive,,legal,3,OBJ.N5 SBJ.N1 REVEAL-TR LOC.N2,,OBJ-SBJ-V.TR-LOC,,0,OBJ-N5-SBJ-N1-REVEAL-TR-LOC-N2.mp4,,SBJ-N1-LOC-N2-REVEAL-TR-OBJ-N5.mp3,1093.7825,1119.4131,25.63059999999996,,,
250903,250903,,2026-05-06_21h30.49.374,BrocantoHPilot1MorphSession1,1,1,31,31,Passive,,legal,3,OBJ.N5 SBJ.N4 PUSH-TR LOC.N2,,OBJ-SBJ-V.TR-LOC,,0,OBJ-N5-SBJ-N4-PUSH-TR-LOC-N2.mp4,,LOC-N2-OBJ-N5-SBJ-N4-PUSH-TR.mp3,1119.4147,1146.3281,26.91339999999991,,,
250903,250903,,2026-05-06_21h30.49.374,BrocantoHPilot1MorphSession1,1,1,32,32,Passive,,legal,3,OBJ.N5 SBJ.N4 HIDE-TR LOC.N1,,OBJ-SBJ-V.TR-LOC,,0,OBJ-N5-SBJ-N4-HIDE-TR-LOC-N1.mp4,,LOC-N1-OBJ-N5-SBJ-N4-HIDE-TR.mp3,1146.3301,1182.2094,35.87930000000006,,,
250903,250903,,2026-05-06_21h30.49.374,BrocantoHPilot1MorphSession1,1,1,33,33,Passive,,legal,2,Ab SBJ.N2 JUMP-INTR,,SBJ-V.INTR,,0,Ab-SBJ-N2-JUMP-INTR.mp4,,JUMP-INTR-Ab-SBJ-N2.mp3,1182.2106,1202.635,20.424399999999878,,,
250903,250903,,2026-05-06_21h30.49.374,BrocantoHPilot1MorphSession1,1,1,34,34,Passive,,legal,3,OBJ.N5 Ab SBJ.N4 REVEAL-TR,,OBJ-SBJ-V.TR,,0,OBJ-N5-Ab-SBJ-N4-REVEAL-TR.mp4,,OBJ-N5-Ab-SBJ-N4-REVEAL-TR.mp3,1202.6376,1221.4067,18.76909999999998,,,
250903,250903,,2026-05-06_21h30.49.374,BrocantoHPilot1MorphSession1,1,1,35,35,Passive,,legal,3,OBJ.N5 SBJ.N3 PUSH-TR LOC.N1,,OBJ-SBJ-V.TR-LOC,,0,OBJ-N5-SBJ-N3-PUSH-TR-LOC-N1.mp4,,PUSH-TR-LOC-N1-OBJ-N5-SBJ-N3.mp3,1221.4082,1241.8492,20.44100000000003,,,
250903,250903,,2026-05-06_21h30.49.374,BrocantoHPilot1MorphSession1,1,1,36,36,Passive,,legal,2,Ab SBJ.N4 HIDE-INTR,,SBJ-V.INTR,,0,Ab-SBJ-N4-HIDE-INTR.mp4,,HIDE-INTR-Ab-SBJ-N4.mp3,1241.8518,1252.1216,10.269800000000032,,,
250903,250903,,2026-05-06_21h30.49.374,BrocantoHPilot1MorphSession1,1,1,37,37,Passive,,legal,2,SBJ.N4 HIDE-INTR LOC.N1,,SBJ-V.INTR-LOC,,0,SBJ-N4-HIDE-INTR-LOC-N1.mp4,,HIDE-INTR-SBJ-N4-LOC-N1.mp3,1252.1245,1262.454,10.329500000000053,,,
250903,250903,,2026-05-06_21h30.49.374,BrocantoHPilot1MorphSession1,1,1,38,38,Passive,,legal,2,SBJ.N5 JUMP-INTR LOC.N2,,SBJ-V.INTR-LOC,,0,SBJ-N5-JUMP-INTR-LOC-N2.mp4,,JUMP-INTR-LOC-N2-SBJ-N5.mp3,1262.4555,1278.9373,16.48180000000002,,,
250903,250903,,2026-05-06_21h30.49.374,BrocantoHPilot1MorphSession1,1,1,39,39,Passive,,legal,2,SBJ.N5 GO-INTR LOC.N4,,SBJ-V.INTR-LOC,,0,SBJ-N5-GO-INTR-LOC-N4.mp4,,SBJ-N5-LOC-N4-GO-INTR.mp3,1278.9399,1291.6859,12.745999999999867,,,
250903,250903,,2026-05-06_21h30.49.374,BrocantoHPilot1MorphSession1,1,1,40,40,Passive,,legal,2,SBJ.N3 HIDE-INTR LOC.N4,,SBJ-V.INTR-LOC,,0,SBJ-N3-HIDE-INTR-LOC-N4.mp4,,LOC-N4-SBJ-N3-HIDE-INTR.mp3,1291.6887,1299.9517,8.263000000000147,,,
250903,250903,,2026-05-06_21h30.49.374,BrocantoHPilot1MorphSession1,1,1,41,41,Passive,,legal,2,SBJ.N5 JUMP-INTR LOC.N4,,SBJ-V.INTR-LOC,,0,SBJ-N5-JUMP-INTR-LOC-N4.mp4,,LOC-N4-JUMP-INTR-SBJ-N5.mp3,1299.954,1321.0173,21.063300000000027,,,
250903,250903,,2026-05-06_21h30.49.374,BrocantoHPilot1MorphSession1,1,1,42,42,Passive,,legal,3,OBJ.N5 Ab SBJ.N1 PUSH-TR,,OBJ-SBJ-V.TR,,0,OBJ-N5-Ab-SBJ-N1-PUSH-TR.mp4,,PUSH-TR-Ab-SBJ-N1-OBJ-N5.mp3,1321.0183,1367.4813,46.462999999999965,,,
453124,453124,,2026-05-18_20h30.12.392,BrocantoHPilot1MorphSession1,1,1,1,1,Passive,,legal,1,SBJ.N3 REVEAL-INTR,,SBJ-V.INTR,,0,SBJ-N3-REVEAL-INTR.mp4,,SBJ-N3-REVEAL-INTR.mp3,679.741,690.253,10.512000000000057,,,
453124,453124,,2026-05-18_20h30.12.392,BrocantoHPilot1MorphSession1,1,1,2,2,Passive,,legal,2,OBJ.N5 SBJ.N4 PUSH-TR,,OBJ-SBJ-V.TR,,0,OBJ-N5-SBJ-N4-PUSH-TR.mp4,,SBJ-N4-OBJ-N5-PUSH-TR.mp3,690.26,697.899,7.63900000000001,,,
453124,453124,,2026-05-18_20h30.12.392,BrocantoHPilot1MorphSession1,1,1,3,3,Passive,,legal,2,OBJ.N5 SBJ.N1 HIDE-TR,,OBJ-SBJ-V.TR,,0,OBJ-N5-SBJ-N1-HIDE-TR.mp4,,OBJ-N5-HIDE-TR-SBJ-N1.mp3,697.901,706.537,8.636000000000081,,,
453124,453124,,2026-05-18_20h30.12.392,BrocantoHPilot1MorphSession1,1,1,4,4,Passive,,legal,1,SBJ.N1 HIDE-INTR,,SBJ-V.INTR,,0,SBJ-N1-HIDE-INTR.mp4,,HIDE-INTR-SBJ-N1.mp3,706.539,712.801,6.262000000000057,,,
453124,453124,,2026-05-18_20h30.12.392,BrocantoHPilot1MorphSession1,1,1,5,5,Passive,,legal,1,SBJ.N2 REVEAL-INTR,,SBJ-V.INTR,,0,SBJ-N2-REVEAL-INTR.mp4,,SBJ-N2-REVEAL-INTR.mp3,712.802,719.392,6.590000000000032,,,
453124,453124,,2026-05-18_20h30.12.392,BrocantoHPilot1MorphSession1,1,1,6,6,Passive,,legal,2,OBJ.N5 SBJ.N3 REVEAL-TR,,OBJ-SBJ-V.TR,,0,OBJ-N5-SBJ-N3-REVEAL-TR.mp4,,OBJ-N5-REVEAL-TR-SBJ-N3.mp3,719.394,725.819,6.4249999999999545,,,
453124,453124,,2026-05-18_20h30.12.392,BrocantoHPilot1MorphSession1,1,1,7,7,Passive,,legal,1,SBJ.N2 GO-INTR,,SBJ-V.INTR,,0,SBJ-N2-GO-INTR.mp4,,GO-INTR-SBJ-N2.mp3,725.821,732.071,6.25,,,
453124,453124,,2026-05-18_20h30.12.392,BrocantoHPilot1MorphSession1,1,1,8,8,Passive,,legal,2,OBJ.N5 SBJ.N1 PUSH-TR,,OBJ-SBJ-V.TR,,0,OBJ-N5-SBJ-N1-PUSH-TR.mp4,,SBJ-N1-OBJ-N5-PUSH-TR.mp3,732.073,738.079,6.005999999999972,,,
453124,453124,,2026-05-18_20h30.12.392,BrocantoHPilot1MorphSession1,1,1,9,9,Passive,,legal,1,SBJ.N1 JUMP-INTR,,SBJ-V.INTR,,0,SBJ-N1-JUMP-INTR.mp4,,SBJ-N1-JUMP-INTR.mp3,738.081,743.636,5.55499999999995,,,
453124,453124,,2026-05-18_20h30.12.392,BrocantoHPilot1MorphSession1,1,1,10,10,Passive,,legal,2,OBJ.N5 SBJ.N2 REVEAL-TR,,OBJ-SBJ-V.TR,,0,OBJ-N5-SBJ-N2-REVEAL-TR.mp4,,SBJ-N2-REVEAL-TR-OBJ-N5.mp3,743.637,749.87,6.233000000000061,,,
453124,453124,,2026-05-18_20h30.12.392,BrocantoHPilot1MorphSession1,1,1,11,11,Passive,,legal,2,OBJ.N5 SBJ.N2 HIDE-TR,,OBJ-SBJ-V.TR,,0,OBJ-N5-SBJ-N2-HIDE-TR.mp4,,SBJ-N2-HIDE-TR-OBJ-N5.mp3,749.871,755.536,5.664999999999964,,,
453124,453124,,2026-05-18_20h30.12.392,BrocantoHPilot1MorphSession1,1,1,12,12,Passive,,legal,1,SBJ.N2 JUMP-INTR,,SBJ-V.INTR,,0,SBJ-N2-JUMP-INTR.mp4,,SBJ-N2-JUMP-INTR.mp3,755.537,761.559,6.0219999999999345,,,
453124,453124,,2026-05-18_20h30.12.392,BrocantoHPilot1MorphSession1,1,1,13,13,Passive,,legal,1,SBJ.N5 HIDE-INTR,,SBJ-V.INTR,,0,SBJ-N5-HIDE-INTR.mp4,,HIDE-INTR-SBJ-N5.mp3,761.561,767.2,5.63900000000001,,,
453124,453124,,2026-05-18_20h30.12.392,BrocantoHPilot1MorphSession1,1,1,14,14,Passive,,legal,2,OBJ.N5 SBJ.N3 REVEAL-TR,,OBJ-SBJ-V.TR,,1,OBJ-N5-SBJ-N3-REVEAL-TR.mp4,,OBJ-N5-REVEAL-TR-SBJ-N3.mp3,767.202,773.063,5.86099999999999,,,
453124,453124,,2026-05-18_20h30.12.392,BrocantoHPilot1MorphSession1,1,1,15,15,Passive,,legal,1,SBJ.N2 GO-INTR,,SBJ-V.INTR,,1,SBJ-N2-GO-INTR.mp4,,GO-INTR-SBJ-N2.mp3,773.065,779.817,6.751999999999953,,,
453124,453124,,2026-05-18_20h30.12.392,BrocantoHPilot1MorphSession1,1,1,16,16,Passive,,legal,2,OBJ.N5 SBJ.N2 PUSH-TR,,OBJ-SBJ-V.TR,,0,OBJ-N5-SBJ-N2-PUSH-TR.mp4,,SBJ-N2-OBJ-N5-PUSH-TR.mp3,779.819,785.918,6.099000000000046,,,
453124,453124,,2026-05-18_20h30.12.392,BrocantoHPilot1MorphSession1,1,1,17,17,Passive,,legal,1,SBJ.N5 REVEAL-INTR,,SBJ-V.INTR,,0,SBJ-N5-REVEAL-INTR.mp4,,SBJ-N5-REVEAL-INTR.mp3,785.92,793.684,7.76400000000001,,,
453124,453124,,2026-05-18_20h30.12.392,BrocantoHPilot1MorphSession1,1,1,18,18,Passive,,legal,2,OBJ.N5 SBJ.N4 HIDE-TR,,OBJ-SBJ-V.TR,,0,OBJ-N5-SBJ-N4-HIDE-TR.mp4,,SBJ-N4-HIDE-TR-OBJ-N5.mp3,793.685,799.245,5.560000000000059,,,
453124,453124,,2026-05-18_20h30.12.392,BrocantoHPilot1MorphSession1,1,1,19,19,Passive,,legal,1,SBJ.N2 GO-INTR,,SBJ-V.INTR,,2,SBJ-N2-GO-INTR.mp4,,GO-INTR-SBJ-N2.mp3,799.247,805.264,6.017000000000053,,,
453124,453124,,2026-05-18_20h30.12.392,BrocantoHPilot1MorphSession1,1,1,20,20,Passive,,legal,1,SBJ.N1 REVEAL-INTR,,SBJ-V.INTR,,0,SBJ-N1-REVEAL-INTR.mp4,,REVEAL-INTR-SBJ-N1.mp3,805.265,814.297,9.032000000000039,,,
453124,453124,,2026-05-18_20h30.12.392,BrocantoHPilot1MorphSession1,1,1,21,21,Passive,,legal,2,OBJ.N5 SBJ.N1 REVEAL-TR,,OBJ-SBJ-V.TR,,0,OBJ-N5-SBJ-N1-REVEAL-TR.mp4,,REVEAL-TR-SBJ-N1-OBJ-N5.mp3,814.298,820.63,6.331999999999994,,,
453124,453124,,2026-05-18_20h30.12.392,BrocantoHPilot1MorphSession1,1,1,22,22,Passive,,legal,2,OBJ.N5 SBJ.N1 REVEAL-TR,,OBJ-SBJ-V.TR,,1,OBJ-N5-SBJ-N1-REVEAL-TR.mp4,,REVEAL-TR-SBJ-N1-OBJ-N5.mp3,820.632,826.88,6.248000000000047,,,
453124,453124,,2026-05-18_20h30.12.392,BrocantoHPilot1MorphSession1,1,1,23,23,Passive,,legal,3,OBJ.N5 SBJ.N2 PUSH-TR LOC.N1,,OBJ-SBJ-V.TR-LOC,,0,OBJ-N5-SBJ-N2-PUSH-TR-LOC-N1.mp4,,OBJ-N5-SBJ-N2-LOC-N1-PUSH-TR.mp3,826.881,835.054,8.173000000000002,,,
453124,453124,,2026-05-18_20h30.12.392,BrocantoHPilot1MorphSession1,1,1,24,24,Passive,,legal,2,SBJ.N4 REVEAL-INTR LOC.N3,,SBJ-V.INTR-LOC,,0,SBJ-N4-REVEAL-INTR-LOC-N3.mp4,,SBJ-N4-REVEAL-INTR-LOC-N3.mp3,835.055,842.477,7.4220000000000255,,,
453124,453124,,2026-05-18_20h30.12.392,BrocantoHPilot1MorphSession1,1,1,25,25,Passive,,legal,3,OBJ.N5 SBJ.N1 HIDE-TR LOC.N2,,OBJ-SBJ-V.TR-LOC,,0,OBJ-N5-SBJ-N1-HIDE-TR-LOC-N2.mp4,,SBJ-N1-LOC-N2-HIDE-TR-OBJ-N5.mp3,842.479,849.436,6.956999999999994,,,
453124,453124,,2026-05-18_20h30.12.392,BrocantoHPilot1MorphSession1,1,1,26,26,Passive,,legal,2,SBJ.N4 REVEAL-INTR LOC.N3,,SBJ-V.INTR-LOC,,1,SBJ-N4-REVEAL-INTR-LOC-N3.mp4,,SBJ-N4-REVEAL-INTR-LOC-N3.mp3,849.438,855.646,6.20799999999997,,,
453124,453124,,2026-05-18_20h30.12.392,BrocantoHPilot1MorphSession1,1,1,27,27,Passive,,legal,3,OBJ.N5 SBJ.N4 REVEAL-TR LOC.N1,,OBJ-SBJ-V.TR-LOC,,0,OBJ-N5-SBJ-N4-REVEAL-TR-LOC-N1.mp4,,OBJ-N5-LOC-N1-REVEAL-TR-SBJ-N4.mp3,855.647,861.435,5.787999999999897,,,
453124,453124,,2026-05-18_20h30.12.392,BrocantoHPilot1MorphSession1,1,1,28,28,Passive,,legal,2,SBJ.N5 REVEAL-INTR LOC.N3,,SBJ-V.INTR-LOC,,0,SBJ-N5-REVEAL-INTR-LOC-N3.mp4,,SBJ-N5-REVEAL-INTR-LOC-N3.mp3,861.437,868.389,6.951999999999998,,,
453124,453124,,2026-05-18_20h30.12.392,BrocantoHPilot1MorphSession1,1,1,29,29,Passive,,legal,3,OBJ.N5 SBJ.N3 HIDE-TR LOC.N4,,OBJ-SBJ-V.TR-LOC,,0,OBJ-N5-SBJ-N3-HIDE-TR-LOC-N4.mp4,,OBJ-N5-SBJ-N3-HIDE-TR-LOC-N4.mp3,868.391,875.198,6.807000000000016,,,
453124,453124,,2026-05-18_20h30.12.392,BrocantoHPilot1MorphSession1,1,1,30,30,Passive,,legal,3,OBJ.N5 SBJ.N1 REVEAL-TR LOC.N2,,OBJ-SBJ-V.TR-LOC,,0,OBJ-N5-SBJ-N1-REVEAL-TR-LOC-N2.mp4,,SBJ-N1-LOC-N2-REVEAL-TR-OBJ-N5.mp3,875.2,882.697,7.496999999999957,,,
453124,453124,,2026-05-18_20h30.12.392,BrocantoHPilot1MorphSession1,1,1,31,31,Passive,,legal,3,OBJ.N5 SBJ.N4 PUSH-TR LOC.N2,,OBJ-SBJ-V.TR-LOC,,0,OBJ-N5-SBJ-N4-PUSH-TR-LOC-N2.mp4,,LOC-N2-OBJ-N5-SBJ-N4-PUSH-TR.mp3,882.698,891.829,9.130999999999972,,,
453124,453124,,2026-05-18_20h30.12.392,BrocantoHPilot1MorphSession1,1,1,32,32,Passive,,legal,3,OBJ.N5 SBJ.N4 HIDE-TR LOC.N1,,OBJ-SBJ-V.TR-LOC,,0,OBJ-N5-SBJ-N4-HIDE-TR-LOC-N1.mp4,,LOC-N1-OBJ-N5-SBJ-N4-HIDE-TR.mp3,891.831,898.474,6.643000000000029,,,
453124,453124,,2026-05-18_20h30.12.392,BrocantoHPilot1MorphSession1,1,1,33,33,Passive,,legal,2,Ab SBJ.N2 JUMP-INTR,,SBJ-V.INTR,,0,Ab-SBJ-N2-JUMP-INTR.mp4,,JUMP-INTR-Ab-SBJ-N2.mp3,898.475,904.351,5.875999999999976,,,
453124,453124,,2026-05-18_20h30.12.392,BrocantoHPilot1MorphSession1,1,1,34,34,Passive,,legal,3,OBJ.N5 Ab SBJ.N4 REVEAL-TR,,OBJ-SBJ-V.TR,,0,OBJ-N5-Ab-SBJ-N4-REVEAL-TR.mp4,,OBJ-N5-Ab-SBJ-N4-REVEAL-TR.mp3,904.352,911.039,6.687000000000012,,,
453124,453124,,2026-05-18_20h30.12.392,BrocantoHPilot1MorphSession1,1,1,35,35,Passive,,legal,3,OBJ.N5 SBJ.N3 PUSH-TR LOC.N1,,OBJ-SBJ-V.TR-LOC,,0,OBJ-N5-SBJ-N3-PUSH-TR-LOC-N1.mp4,,PUSH-TR-LOC-N1-OBJ-N5-SBJ-N3.mp3,911.041,917.637,6.59599999999989,,,
453124,453124,,2026-05-18_20h30.12.392,BrocantoHPilot1MorphSession1,1,1,36,36,Passive,,legal,2,Ab SBJ.N4 HIDE-INTR,,SBJ-V.INTR,,0,Ab-SBJ-N4-HIDE-INTR.mp4,,HIDE-INTR-Ab-SBJ-N4.mp3,917.639,924.146,6.506999999999948,,,
453124,453124,,2026-05-18_20h30.12.392,BrocantoHPilot1MorphSession1,1,1,37,37,Passive,,legal,2,SBJ.N4 HIDE-INTR LOC.N1,,SBJ-V.INTR-LOC,,0,SBJ-N4-HIDE-INTR-LOC-N1.mp4,,HIDE-INTR-SBJ-N4-LOC-N1.mp3,924.147,930.353,6.205999999999904,,,
453124,453124,,2026-05-18_20h30.12.392,BrocantoHPilot1MorphSession1,1,1,38,38,Passive,,legal,2,SBJ.N5 JUMP-INTR LOC.N2,,SBJ-V.INTR-LOC,,0,SBJ-N5-JUMP-INTR-LOC-N2.mp4,,JUMP-INTR-LOC-N2-SBJ-N5.mp3,930.355,936.287,5.932000000000016,,,
453124,453124,,2026-05-18_20h30.12.392,BrocantoHPilot1MorphSession1,1,1,39,39,Passive,,legal,2,SBJ.N5 GO-INTR LOC.N4,,SBJ-V.INTR-LOC,,0,SBJ-N5-GO-INTR-LOC-N4.mp4,,SBJ-N5-LOC-N4-GO-INTR.mp3,936.288,941.936,5.6480000000000246,,,
453124,453124,,2026-05-18_20h30.12.392,BrocantoHPilot1MorphSession1,1,1,40,40,Passive,,legal,2,SBJ.N3 HIDE-INTR LOC.N4,,SBJ-V.INTR-LOC,,0,SBJ-N3-HIDE-INTR-LOC-N4.mp4,,LOC-N4-SBJ-N3-HIDE-INTR.mp3,941.937,948.192,6.2549999999999955,,,
453124,453124,,2026-05-18_20h30.12.392,BrocantoHPilot1MorphSession1,1,1,41,41,Passive,,legal,2,SBJ.N5 JUMP-INTR LOC.N4,,SBJ-V.INTR-LOC,,0,SBJ-N5-JUMP-INTR-LOC-N4.mp4,,LOC-N4-JUMP-INTR-SBJ-N5.mp3,948.194,953.662,5.468000000000075,,,
453124,453124,,2026-05-18_20h30.12.392,BrocantoHPilot1MorphSession1,1,1,42,42,Passive,,legal,3,OBJ.N5 Ab SBJ.N1 PUSH-TR,,OBJ-SBJ-V.TR,,0,OBJ-N5-Ab-SBJ-N1-PUSH-TR.mp4,,PUSH-TR-Ab-SBJ-N1-OBJ-N5.mp3,953.662,960.468,6.805999999999926,,,
557034,557034,,2026-05-28_16h38.02.503,BrocantoHPilot1MorphSession1,1,1,1,1,Passive,,legal,1,SBJ.N3 REVEAL-INTR,,SBJ-V.INTR,,0,SBJ-N3-REVEAL-INTR.mp4,,SBJ-N3-REVEAL-INTR.mp3,442.6757,452.1323,9.45659999999998,,,
557034,557034,,2026-05-28_16h38.02.503,BrocantoHPilot1MorphSession1,1,1,2,2,Passive,,legal,2,OBJ.N5 SBJ.N4 PUSH-TR,,OBJ-SBJ-V.TR,,0,OBJ-N5-SBJ-N4-PUSH-TR.mp4,,SBJ-N4-OBJ-N5-PUSH-TR.mp3,452.1357,460.9804,8.844699999999989,,,
557034,557034,,2026-05-28_16h38.02.503,BrocantoHPilot1MorphSession1,1,1,3,3,Passive,,legal,2,OBJ.N5 SBJ.N1 HIDE-TR,,OBJ-SBJ-V.TR,,0,OBJ-N5-SBJ-N1-HIDE-TR.mp4,,OBJ-N5-HIDE-TR-SBJ-N1.mp3,460.9831,469.4293,8.446200000000033,,,
557034,557034,,2026-05-28_16h38.02.503,BrocantoHPilot1MorphSession1,1,1,4,4,Passive,,legal,1,SBJ.N1 HIDE-INTR,,SBJ-V.INTR,,0,SBJ-N1-HIDE-INTR.mp4,,HIDE-INTR-SBJ-N1.mp3,469.4321,475.9786,6.5464999999999804,,,
557034,557034,,2026-05-28_16h38.02.503,BrocantoHPilot1MorphSession1,1,1,5,5,Passive,,legal,1,SBJ.N2 REVEAL-INTR,,SBJ-V.INTR,,0,SBJ-N2-REVEAL-INTR.mp4,,SBJ-N2-REVEAL-INTR.mp3,475.9818,483.8608,7.878999999999962,,,
557034,557034,,2026-05-28_16h38.02.503,BrocantoHPilot1MorphSession1,1,1,6,6,Passive,,legal,2,OBJ.N5 SBJ.N3 REVEAL-TR,,OBJ-SBJ-V.TR,,0,OBJ-N5-SBJ-N3-REVEAL-TR.mp4,,OBJ-N5-REVEAL-TR-SBJ-N3.mp3,483.8637,494.0428,10.179100000000005,,,
557034,557034,,2026-05-28_16h38.02.503,BrocantoHPilot1MorphSession1,1,1,7,7,Passive,,legal,1,SBJ.N2 GO-INTR,,SBJ-V.INTR,,0,SBJ-N2-GO-INTR.mp4,,GO-INTR-SBJ-N2.mp3,494.0453,499.8817,5.836400000000026,,,
557034,557034,,2026-05-28_16h38.02.503,BrocantoHPilot1MorphSession1,1,1,8,8,Passive,,legal,2,OBJ.N5 SBJ.N1 PUSH-TR,,OBJ-SBJ-V.TR,,0,OBJ-N5-SBJ-N1-PUSH-TR.mp4,,SBJ-N1-OBJ-N5-PUSH-TR.mp3,499.8837,508.841,8.957300000000032,,,
557034,557034,,2026-05-28_16h38.02.503,BrocantoHPilot1MorphSession1,1,1,9,9,Passive,,legal,1,SBJ.N1 JUMP-INTR,,SBJ-V.INTR,,0,SBJ-N1-JUMP-INTR.mp4,,SBJ-N1-JUMP-INTR.mp3,508.843,515.0233,6.1802999999999315,,,
557034,557034,,2026-05-28_16h38.02.503,BrocantoHPilot1MorphSession1,1,1,10,10,Passive,,legal,2,OBJ.N5 SBJ.N2 REVEAL-TR,,OBJ-SBJ-V.TR,,0,OBJ-N5-SBJ-N2-REVEAL-TR.mp4,,SBJ-N2-REVEAL-TR-OBJ-N5.mp3,515.0266,537.9568,22.930200000000013,,,
557034,557034,,2026-05-28_16h38.02.503,BrocantoHPilot1MorphSession1,1,1,11,11,Passive,,legal,2,OBJ.N5 SBJ.N2 HIDE-TR,,OBJ-SBJ-V.TR,,0,OBJ-N5-SBJ-N2-HIDE-TR.mp4,,SBJ-N2-HIDE-TR-OBJ-N5.mp3,537.9589,549.9417,11.982799999999997,,,
557034,557034,,2026-05-28_16h38.02.503,BrocantoHPilot1MorphSession1,1,1,12,12,Passive,,legal,1,SBJ.N2 JUMP-INTR,,SBJ-V.INTR,,0,SBJ-N2-JUMP-INTR.mp4,,SBJ-N2-JUMP-INTR.mp3,549.9436,559.7843,9.840700000000083,,,
557034,557034,,2026-05-28_16h38.02.503,BrocantoHPilot1MorphSession1,1,1,13,13,Passive,,legal,1,SBJ.N5 HIDE-INTR,,SBJ-V.INTR,,0,SBJ-N5-HIDE-INTR.mp4,,HIDE-INTR-SBJ-N5.mp3,559.7869,569.6694,9.88250000000005,,,
557034,557034,,2026-05-28_16h38.02.503,BrocantoHPilot1MorphSession1,1,1,14,14,Passive,,legal,2,OBJ.N5 SBJ.N3 REVEAL-TR,,OBJ-SBJ-V.TR,,1,OBJ-N5-SBJ-N3-REVEAL-TR.mp4,,OBJ-N5-REVEAL-TR-SBJ-N3.mp3,569.6739,583.0311,13.357200000000034,,,
557034,557034,,2026-05-28_16h38.02.503,BrocantoHPilot1MorphSession1,1,1,15,15,Passive,,legal,1,SBJ.N2 GO-INTR,,SBJ-V.INTR,,1,SBJ-N2-GO-INTR.mp4,,GO-INTR-SBJ-N2.mp3,583.0336,596.8792,13.84559999999999,,,
557034,557034,,2026-05-28_16h38.02.503,BrocantoHPilot1MorphSession1,1,1,16,16,Passive,,legal,2,OBJ.N5 SBJ.N2 PUSH-TR,,OBJ-SBJ-V.TR,,0,OBJ-N5-SBJ-N2-PUSH-TR.mp4,,SBJ-N2-OBJ-N5-PUSH-TR.mp3,596.8821,613.2438,16.361699999999928,,,
557034,557034,,2026-05-28_16h38.02.503,BrocantoHPilot1MorphSession1,1,1,17,17,Passive,,legal,1,SBJ.N5 REVEAL-INTR,,SBJ-V.INTR,,0,SBJ-N5-REVEAL-INTR.mp4,,SBJ-N5-REVEAL-INTR.mp3,613.2459,621.4927,8.246800000000007,,,
557034,557034,,2026-05-28_16h38.02.503,BrocantoHPilot1MorphSession1,1,1,18,18,Passive,,legal,2,OBJ.N5 SBJ.N4 HIDE-TR,,OBJ-SBJ-V.TR,,0,OBJ-N5-SBJ-N4-HIDE-TR.mp4,,SBJ-N4-HIDE-TR-OBJ-N5.mp3,621.4951,635.1744,13.679300000000012,,,
557034,557034,,2026-05-28_16h38.02.503,BrocantoHPilot1MorphSession1,1,1,19,19,Passive,,legal,1,SBJ.N2 GO-INTR,,SBJ-V.INTR,,2,SBJ-N2-GO-INTR.mp4,,GO-INTR-SBJ-N2.mp3,635.1771,642.2067,7.029599999999959,,,
557034,557034,,2026-05-28_16h38.02.503,BrocantoHPilot1MorphSession1,1,1,20,20,Passive,,legal,1,SBJ.N1 REVEAL-INTR,,SBJ-V.INTR,,0,SBJ-N1-REVEAL-INTR.mp4,,REVEAL-INTR-SBJ-N1.mp3,642.2091,650.2724,8.063299999999913,,,
557034,557034,,2026-05-28_16h38.02.503,BrocantoHPilot1MorphSession1,1,1,21,21,Passive,,legal,2,OBJ.N5 SBJ.N1 REVEAL-TR,,OBJ-SBJ-V.TR,,0,OBJ-N5-SBJ-N1-REVEAL-TR.mp4,,REVEAL-TR-SBJ-N1-OBJ-N5.mp3,650.2748,659.1044,8.829600000000028,,,
557034,557034,,2026-05-28_16h38.02.503,BrocantoHPilot1MorphSession1,1,1,22,22,Passive,,legal,2,OBJ.N5 SBJ.N1 REVEAL-TR,,OBJ-SBJ-V.TR,,1,OBJ-N5-SBJ-N1-REVEAL-TR.mp4,,REVEAL-TR-SBJ-N1-OBJ-N5.mp3,659.1066,667.8534,8.746800000000007,,,
557034,557034,,2026-05-28_16h38.02.503,BrocantoHPilot1MorphSession1,1,1,23,23,Passive,,legal,3,OBJ.N5 SBJ.N2 PUSH-TR LOC.N1,,OBJ-SBJ-V.TR-LOC,,0,OBJ-N5-SBJ-N2-PUSH-TR-LOC-N1.mp4,,OBJ-N5-SBJ-N2-LOC-N1-PUSH-TR.mp3,667.8557,677.3021,9.44640000000004,,,
557034,557034,,2026-05-28_16h38.02.503,BrocantoHPilot1MorphSession1,1,1,24,24,Passive,,legal,2,SBJ.N4 REVEAL-INTR LOC.N3,,SBJ-V.INTR-LOC,,0,SBJ-N4-REVEAL-INTR-LOC-N3.mp4,,SBJ-N4-REVEAL-INTR-LOC-N3.mp3,677.3047,686.2343,8.929599999999937,,,
557034,557034,,2026-05-28_16h38.02.503,BrocantoHPilot1MorphSession1,1,1,25,25,Passive,,legal,3,OBJ.N5 SBJ.N1 HIDE-TR LOC.N2,,OBJ-SBJ-V.TR-LOC,,0,OBJ-N5-SBJ-N1-HIDE-TR-LOC-N2.mp4,,SBJ-N1-LOC-N2-HIDE-TR-OBJ-N5.mp3,686.2365,695.7663,9.529800000000023,,,
557034,557034,,2026-05-28_16h38.02.503,BrocantoHPilot1MorphSession1,1,1,26,26,Passive,,legal,2,SBJ.N4 REVEAL-INTR LOC.N3,,SBJ-V.INTR-LOC,,1,SBJ-N4-REVEAL-INTR-LOC-N3.mp4,,SBJ-N4-REVEAL-INTR-LOC-N3.mp3,695.7681,705.1871,9.418999999999983,,,
557034,557034,,2026-05-28_16h38.02.503,BrocantoHPilot1MorphSession1,1,1,27,27,Passive,,legal,3,OBJ.N5 SBJ.N4 REVEAL-TR LOC.N1,,OBJ-SBJ-V.TR-LOC,,0,OBJ-N5-SBJ-N4-REVEAL-TR-LOC-N1.mp4,,OBJ-N5-LOC-N1-REVEAL-TR-SBJ-N4.mp3,705.1888,713.9973,8.808499999999981,,,
557034,557034,,2026-05-28_16h38.02.503,BrocantoHPilot1MorphSession1,1,1,28,28,Passive,,legal,2,SBJ.N5 REVEAL-INTR LOC.N3,,SBJ-V.INTR-LOC,,0,SBJ-N5-REVEAL-INTR-LOC-N3.mp4,,SBJ-N5-REVEAL-INTR-LOC-N3.mp3,713.9997,730.3346,16.33490000000006,,,
557034,557034,,2026-05-28_16h38.02.503,BrocantoHPilot1MorphSession1,1,1,29,29,Passive,,legal,3,OBJ.N5 SBJ.N3 HIDE-TR LOC.N4,,OBJ-SBJ-V.TR-LOC,,0,OBJ-N5-SBJ-N3-HIDE-TR-LOC-N4.mp4,,OBJ-N5-SBJ-N3-HIDE-TR-LOC-N4.mp3,730.3361,744.0435,13.707400000000007,,,
557034,557034,,2026-05-28_16h38.02.503,BrocantoHPilot1MorphSession1,1,1,30,30,Passive,,legal,3,OBJ.N5 SBJ.N1 REVEAL-TR LOC.N2,,OBJ-SBJ-V.TR-LOC,,0,OBJ-N5-SBJ-N1-REVEAL-TR-LOC-N2.mp4,,SBJ-N1-LOC-N2-REVEAL-TR-OBJ-N5.mp3,744.0456,756.9918,12.946199999999976,,,
557034,557034,,2026-05-28_16h38.02.503,BrocantoHPilot1MorphSession1,1,1,31,31,Passive,,legal,3,OBJ.N5 SBJ.N4 PUSH-TR LOC.N2,,OBJ-SBJ-V.TR-LOC,,0,OBJ-N5-SBJ-N4-PUSH-TR-LOC-N2.mp4,,LOC-N2-OBJ-N5-SBJ-N4-PUSH-TR.mp3,756.9943,774.8562,17.86189999999999,,,
557034,557034,,2026-05-28_16h38.02.503,BrocantoHPilot1MorphSession1,1,1,32,32,Passive,,legal,3,OBJ.N5 SBJ.N4 HIDE-TR LOC.N1,,OBJ-SBJ-V.TR-LOC,,0,OBJ-N5-SBJ-N4-HIDE-TR-LOC-N1.mp4,,LOC-N1-OBJ-N5-SBJ-N4-HIDE-TR.mp3,774.8582,787.2545,12.396299999999997,,,
557034,557034,,2026-05-28_16h38.02.503,BrocantoHPilot1MorphSession1,1,1,33,33,Passive,,legal,2,Ab SBJ.N2 JUMP-INTR,,SBJ-V.INTR,,0,Ab-SBJ-N2-JUMP-INTR.mp4,,JUMP-INTR-Ab-SBJ-N2.mp3,787.2564,799.2588,12.002399999999966,,,
557034,557034,,2026-05-28_16h38.02.503,BrocantoHPilot1MorphSession1,1,1,34,34,Passive,,legal,3,OBJ.N5 Ab SBJ.N4 REVEAL-TR,,OBJ-SBJ-V.TR,,0,OBJ-N5-Ab-SBJ-N4-REVEAL-TR.mp4,,OBJ-N5-Ab-SBJ-N4-REVEAL-TR.mp3,799.2605,811.0343,11.773800000000051,,,
557034,557034,,2026-05-28_16h38.02.503,BrocantoHPilot1MorphSession1,1,1,35,35,Passive,,legal,3,OBJ.N5 SBJ.N3 PUSH-TR LOC.N1,,OBJ-SBJ-V.TR-LOC,,0,OBJ-N5-SBJ-N3-PUSH-TR-LOC-N1.mp4,,PUSH-TR-LOC-N1-OBJ-N5-SBJ-N3.mp3,811.0356,823.9158,12.880199999999945,,,
557034,557034,,2026-05-28_16h38.02.503,BrocantoHPilot1MorphSession1,1,1,36,36,Passive,,legal,2,Ab SBJ.N4 HIDE-INTR,,SBJ-V.INTR,,0,Ab-SBJ-N4-HIDE-INTR.mp4,,HIDE-INTR-Ab-SBJ-N4.mp3,823.9164,831.632,7.715599999999995,,,
557034,557034,,2026-05-28_16h38.02.503,BrocantoHPilot1MorphSession1,1,1,37,37,Passive,,legal,2,SBJ.N4 HIDE-INTR LOC.N1,,SBJ-V.INTR-LOC,,0,SBJ-N4-HIDE-INTR-LOC-N1.mp4,,HIDE-INTR-SBJ-N4-LOC-N1.mp3,831.6344,841.1807,9.546299999999974,,,
557034,557034,,2026-05-28_16h38.02.503,BrocantoHPilot1MorphSession1,1,1,38,38,Passive,,legal,2,SBJ.N5 JUMP-INTR LOC.N2,,SBJ-V.INTR-LOC,,0,SBJ-N5-JUMP-INTR-LOC-N2.mp4,,JUMP-INTR-LOC-N2-SBJ-N5.mp3,841.1831,852.0126,10.829500000000053,,,
557034,557034,,2026-05-28_16h38.02.503,BrocantoHPilot1MorphSession1,1,1,39,39,Passive,,legal,2,SBJ.N5 GO-INTR LOC.N4,,SBJ-V.INTR-LOC,,0,SBJ-N5-GO-INTR-LOC-N4.mp4,,SBJ-N5-LOC-N4-GO-INTR.mp3,852.0146,863.9777,11.963100000000054,,,
557034,557034,,2026-05-28_16h38.02.503,BrocantoHPilot1MorphSession1,1,1,40,40,Passive,,legal,2,SBJ.N3 HIDE-INTR LOC.N4,,SBJ-V.INTR-LOC,,0,SBJ-N3-HIDE-INTR-LOC-N4.mp4,,LOC-N4-SBJ-N3-HIDE-INTR.mp3,863.9801,873.0764,9.096300000000042,,,
557034,557034,,2026-05-28_16h38.02.503,BrocantoHPilot1MorphSession1,1,1,41,41,Passive,,legal,2,SBJ.N5 JUMP-INTR LOC.N4,,SBJ-V.INTR-LOC,,0,SBJ-N5-JUMP-INTR-LOC-N4.mp4,,LOC-N4-JUMP-INTR-SBJ-N5.mp3,873.0787,885.1582,12.079499999999939,,,
557034,557034,,2026-05-28_16h38.02.503,BrocantoHPilot1MorphSession1,1,1,42,42,Passive,,legal,3,OBJ.N5 Ab SBJ.N1 PUSH-TR,,OBJ-SBJ-V.TR,,0,OBJ-N5-Ab-SBJ-N1-PUSH-TR.mp4,,PUSH-TR-Ab-SBJ-N1-OBJ-N5.mp3,885.1602,894.4904,9.33019999999999,,,
ALP1202,ALP1202,1995-07-15,2026-05-07_12h04.31.754,BrocantoHPilot1MorphSession1,1,1,1,1,Passive,,legal,1,SBJ.N3 REVEAL-INTR,,SBJ-V.INTR,,0,SBJ-N3-REVEAL-INTR.mp4,,SBJ-N3-REVEAL-INTR.mp3,404.503,412.143,7.639999999999986,,,
ALP1202,ALP1202,1995-07-15,2026-05-07_12h04.31.754,BrocantoHPilot1MorphSession1,1,1,2,2,Passive,,legal,2,OBJ.N5 SBJ.N4 PUSH-TR,,OBJ-SBJ-V.TR,,0,OBJ-N5-SBJ-N4-PUSH-TR.mp4,,SBJ-N4-OBJ-N5-PUSH-TR.mp3,412.144,422.162,10.017999999999972,,,
ALP1202,ALP1202,1995-07-15,2026-05-07_12h04.31.754,BrocantoHPilot1MorphSession1,1,1,3,3,Passive,,legal,2,OBJ.N5 SBJ.N1 HIDE-TR,,OBJ-SBJ-V.TR,,0,OBJ-N5-SBJ-N1-HIDE-TR.mp4,,OBJ-N5-HIDE-TR-SBJ-N1.mp3,422.165,431.07,8.904999999999973,,,
ALP1202,ALP1202,1995-07-15,2026-05-07_12h04.31.754,BrocantoHPilot1MorphSession1,1,1,4,4,Passive,,legal,1,SBJ.N1 HIDE-INTR,,SBJ-V.INTR,,0,SBJ-N1-HIDE-INTR.mp4,,HIDE-INTR-SBJ-N1.mp3,431.072,438.982,7.910000000000025,,,
ALP1202,ALP1202,1995-07-15,2026-05-07_12h04.31.754,BrocantoHPilot1MorphSession1,1,1,5,5,Passive,,legal,1,SBJ.N2 REVEAL-INTR,,SBJ-V.INTR,,0,SBJ-N2-REVEAL-INTR.mp4,,SBJ-N2-REVEAL-INTR.mp3,438.983,446.152,7.168999999999983,,,
ALP1202,ALP1202,1995-07-15,2026-05-07_12h04.31.754,BrocantoHPilot1MorphSession1,1,1,6,6,Passive,,legal,2,OBJ.N5 SBJ.N3 REVEAL-TR,,OBJ-SBJ-V.TR,,0,OBJ-N5-SBJ-N3-REVEAL-TR.mp4,,OBJ-N5-REVEAL-TR-SBJ-N3.mp3,446.153,452.902,6.748999999999967,,,
ALP1202,ALP1202,1995-07-15,2026-05-07_12h04.31.754,BrocantoHPilot1MorphSession1,1,1,7,7,Passive,,legal,1,SBJ.N2 GO-INTR,,SBJ-V.INTR,,0,SBJ-N2-GO-INTR.mp4,,GO-INTR-SBJ-N2.mp3,452.904,458.589,5.685000000000002,,,
ALP1202,ALP1202,1995-07-15,2026-05-07_12h04.31.754,BrocantoHPilot1MorphSession1,1,1,8,8,Passive,,legal,2,OBJ.N5 SBJ.N1 PUSH-TR,,OBJ-SBJ-V.TR,,0,OBJ-N5-SBJ-N1-PUSH-TR.mp4,,SBJ-N1-OBJ-N5-PUSH-TR.mp3,458.59,464.841,6.251000000000033,,,
ALP1202,ALP1202,1995-07-15,2026-05-07_12h04.31.754,BrocantoHPilot1MorphSession1,1,1,9,9,Passive,,legal,1,SBJ.N1 JUMP-INTR,,SBJ-V.INTR,,0,SBJ-N1-JUMP-INTR.mp4,,SBJ-N1-JUMP-INTR.mp3,464.843,470.225,5.382000000000005,,,
ALP1202,ALP1202,1995-07-15,2026-05-07_12h04.31.754,BrocantoHPilot1MorphSession1,1,1,10,10,Passive,,legal,2,OBJ.N5 SBJ.N2 REVEAL-TR,,OBJ-SBJ-V.TR,,0,OBJ-N5-SBJ-N2-REVEAL-TR.mp4,,SBJ-N2-REVEAL-TR-OBJ-N5.mp3,470.227,476.52,6.293000000000006,,,
ALP1202,ALP1202,1995-07-15,2026-05-07_12h04.31.754,BrocantoHPilot1MorphSession1,1,1,11,11,Passive,,legal,2,OBJ.N5 SBJ.N2 HIDE-TR,,OBJ-SBJ-V.TR,,0,OBJ-N5-SBJ-N2-HIDE-TR.mp4,,SBJ-N2-HIDE-TR-OBJ-N5.mp3,476.521,482.004,5.483000000000004,,,
ALP1202,ALP1202,1995-07-15,2026-05-07_12h04.31.754,BrocantoHPilot1MorphSession1,1,1,12,12,Passive,,legal,1,SBJ.N2 JUMP-INTR,,SBJ-V.INTR,,0,SBJ-N2-JUMP-INTR.mp4,,SBJ-N2-JUMP-INTR.mp3,482.008,487.291,5.2830000000000155,,,
ALP1202,ALP1202,1995-07-15,2026-05-07_12h04.31.754,BrocantoHPilot1MorphSession1,1,1,13,13,Passive,,legal,1,SBJ.N5 HIDE-INTR,,SBJ-V.INTR,,0,SBJ-N5-HIDE-INTR.mp4,,HIDE-INTR-SBJ-N5.mp3,487.292,492.814,5.522000000000048,,,
ALP1202,ALP1202,1995-07-15,2026-05-07_12h04.31.754,BrocantoHPilot1MorphSession1,1,1,14,14,Passive,,legal,2,OBJ.N5 SBJ.N3 REVEAL-TR,,OBJ-SBJ-V.TR,,1,OBJ-N5-SBJ-N3-REVEAL-TR.mp4,,OBJ-N5-REVEAL-TR-SBJ-N3.mp3,492.815,498.606,5.790999999999997,,,
ALP1202,ALP1202,1995-07-15,2026-05-07_12h04.31.754,BrocantoHPilot1MorphSession1,1,1,15,15,Passive,,legal,1,SBJ.N2 GO-INTR,,SBJ-V.INTR,,1,SBJ-N2-GO-INTR.mp4,,GO-INTR-SBJ-N2.mp3,498.609,503.977,5.367999999999995,,,
ALP1202,ALP1202,1995-07-15,2026-05-07_12h04.31.754,BrocantoHPilot1MorphSession1,1,1,16,16,Passive,,legal,2,OBJ.N5 SBJ.N2 PUSH-TR,,OBJ-SBJ-V.TR,,0,OBJ-N5-SBJ-N2-PUSH-TR.mp4,,SBJ-N2-OBJ-N5-PUSH-TR.mp3,503.978,509.523,5.545000000000016,,,
ALP1202,ALP1202,1995-07-15,2026-05-07_12h04.31.754,BrocantoHPilot1MorphSession1,1,1,17,17,Passive,,legal,1,SBJ.N5 REVEAL-INTR,,SBJ-V.INTR,,0,SBJ-N5-REVEAL-INTR.mp4,,SBJ-N5-REVEAL-INTR.mp3,509.524,514.994,5.470000000000027,,,
ALP1202,ALP1202,1995-07-15,2026-05-07_12h04.31.754,BrocantoHPilot1MorphSession1,1,1,18,18,Passive,,legal,2,OBJ.N5 SBJ.N4 HIDE-TR,,OBJ-SBJ-V.TR,,0,OBJ-N5-SBJ-N4-HIDE-TR.mp4,,SBJ-N4-HIDE-TR-OBJ-N5.mp3,514.997,520.545,5.548000000000002,,,
ALP1202,ALP1202,1995-07-15,2026-05-07_12h04.31.754,BrocantoHPilot1MorphSession1,1,1,19,19,Passive,,legal,1,SBJ.N2 GO-INTR,,SBJ-V.INTR,,2,SBJ-N2-GO-INTR.mp4,,GO-INTR-SBJ-N2.mp3,520.546,525.967,5.420999999999935,,,
ALP1202,ALP1202,1995-07-15,2026-05-07_12h04.31.754,BrocantoHPilot1MorphSession1,1,1,20,20,Passive,,legal,1,SBJ.N1 REVEAL-INTR,,SBJ-V.INTR,,0,SBJ-N1-REVEAL-INTR.mp4,,REVEAL-INTR-SBJ-N1.mp3,525.969,531.245,5.275999999999954,,,
ALP1202,ALP1202,1995-07-15,2026-05-07_12h04.31.754,BrocantoHPilot1MorphSession1,1,1,21,21,Passive,,legal,2,OBJ.N5 SBJ.N1 REVEAL-TR,,OBJ-SBJ-V.TR,,0,OBJ-N5-SBJ-N1-REVEAL-TR.mp4,,REVEAL-TR-SBJ-N1-OBJ-N5.mp3,531.246,536.496,5.25,,,
ALP1202,ALP1202,1995-07-15,2026-05-07_12h04.31.754,BrocantoHPilot1MorphSession1,1,1,22,22,Passive,,legal,2,OBJ.N5 SBJ.N1 REVEAL-TR,,OBJ-SBJ-V.TR,,1,OBJ-N5-SBJ-N1-REVEAL-TR.mp4,,REVEAL-TR-SBJ-N1-OBJ-N5.mp3,536.497,541.717,5.220000000000027,,,
ALP1202,ALP1202,1995-07-15,2026-05-07_12h04.31.754,BrocantoHPilot1MorphSession1,1,1,23,23,Passive,,legal,3,OBJ.N5 SBJ.N2 PUSH-TR LOC.N1,,OBJ-SBJ-V.TR-LOC,,0,OBJ-N5-SBJ-N2-PUSH-TR-LOC-N1.mp4,,OBJ-N5-SBJ-N2-LOC-N1-PUSH-TR.mp3,541.718,547.927,6.20900000000006,,,
ALP1202,ALP1202,1995-07-15,2026-05-07_12h04.31.754,BrocantoHPilot1MorphSession1,1,1,24,24,Passive,,legal,2,SBJ.N4 REVEAL-INTR LOC.N3,,SBJ-V.INTR-LOC,,0,SBJ-N4-REVEAL-INTR-LOC-N3.mp4,,SBJ-N4-REVEAL-INTR-LOC-N3.mp3,547.929,554.086,6.157000000000039,,,
ALP1202,ALP1202,1995-07-15,2026-05-07_12h04.31.754,BrocantoHPilot1MorphSession1,1,1,25,25,Passive,,legal,3,OBJ.N5 SBJ.N1 HIDE-TR LOC.N2,,OBJ-SBJ-V.TR-LOC,,0,OBJ-N5-SBJ-N1-HIDE-TR-LOC-N2.mp4,,SBJ-N1-LOC-N2-HIDE-TR-OBJ-N5.mp3,554.088,560.329,6.2409999999999854,,,
ALP1202,ALP1202,1995-07-15,2026-05-07_12h04.31.754,BrocantoHPilot1MorphSession1,1,1,26,26,Passive,,legal,2,SBJ.N4 REVEAL-INTR LOC.N3,,SBJ-V.INTR-LOC,,1,SBJ-N4-REVEAL-INTR-LOC-N3.mp4,,SBJ-N4-REVEAL-INTR-LOC-N3.mp3,560.331,566.337,6.005999999999972,,,
ALP1202,ALP1202,1995-07-15,2026-05-07_12h04.31.754,BrocantoHPilot1MorphSession1,1,1,27,27,Passive,,legal,3,OBJ.N5 SBJ.N4 REVEAL-TR LOC.N1,,OBJ-SBJ-V.TR-LOC,,0,OBJ-N5-SBJ-N4-REVEAL-TR-LOC-N1.mp4,,OBJ-N5-LOC-N1-REVEAL-TR-SBJ-N4.mp3,566.337,572.287,5.9500000000000455,,,
ALP1202,ALP1202,1995-07-15,2026-05-07_12h04.31.754,BrocantoHPilot1MorphSession1,1,1,28,28,Passive,,legal,2,SBJ.N5 REVEAL-INTR LOC.N3,,SBJ-V.INTR-LOC,,0,SBJ-N5-REVEAL-INTR-LOC-N3.mp4,,SBJ-N5-REVEAL-INTR-LOC-N3.mp3,572.288,579.566,7.27800000000002,,,
ALP1202,ALP1202,1995-07-15,2026-05-07_12h04.31.754,BrocantoHPilot1MorphSession1,1,1,29,29,Passive,,legal,3,OBJ.N5 SBJ.N3 HIDE-TR LOC.N4,,OBJ-SBJ-V.TR-LOC,,0,OBJ-N5-SBJ-N3-HIDE-TR-LOC-N4.mp4,,OBJ-N5-SBJ-N3-HIDE-TR-LOC-N4.mp3,579.568,585.288,5.720000000000027,,,
ALP1202,ALP1202,1995-07-15,2026-05-07_12h04.31.754,BrocantoHPilot1MorphSession1,1,1,30,30,Passive,,legal,3,OBJ.N5 SBJ.N1 REVEAL-TR LOC.N2,,OBJ-SBJ-V.TR-LOC,,0,OBJ-N5-SBJ-N1-REVEAL-TR-LOC-N2.mp4,,SBJ-N1-LOC-N2-REVEAL-TR-OBJ-N5.mp3,585.289,591.185,5.895999999999958,,,
ALP1202,ALP1202,1995-07-15,2026-05-07_12h04.31.754,BrocantoHPilot1MorphSession1,1,1,31,31,Passive,,legal,3,OBJ.N5 SBJ.N4 PUSH-TR LOC.N2,,OBJ-SBJ-V.TR-LOC,,0,OBJ-N5-SBJ-N4-PUSH-TR-LOC-N2.mp4,,LOC-N2-OBJ-N5-SBJ-N4-PUSH-TR.mp3,591.186,596.754,5.567999999999984,,,
ALP1202,ALP1202,1995-07-15,2026-05-07_12h04.31.754,BrocantoHPilot1MorphSession1,1,1,32,32,Passive,,legal,3,OBJ.N5 SBJ.N4 HIDE-TR LOC.N1,,OBJ-SBJ-V.TR-LOC,,0,OBJ-N5-SBJ-N4-HIDE-TR-LOC-N1.mp4,,LOC-N1-OBJ-N5-SBJ-N4-HIDE-TR.mp3,596.755,602.094,5.3390000000000555,,,
ALP1202,ALP1202,1995-07-15,2026-05-07_12h04.31.754,BrocantoHPilot1MorphSession1,1,1,33,33,Passive,,legal,2,Ab SBJ.N2 JUMP-INTR,,SBJ-V.INTR,,0,Ab-SBJ-N2-JUMP-INTR.mp4,,JUMP-INTR-Ab-SBJ-N2.mp3,602.095,607.566,5.471000000000004,,,
ALP1202,ALP1202,1995-07-15,2026-05-07_12h04.31.754,BrocantoHPilot1MorphSession1,1,1,34,34,Passive,,legal,3,OBJ.N5 Ab SBJ.N4 REVEAL-TR,,OBJ-SBJ-V.TR,,0,OBJ-N5-Ab-SBJ-N4-REVEAL-TR.mp4,,OBJ-N5-Ab-SBJ-N4-REVEAL-TR.mp3,607.567,613.408,5.841000000000008,,,
ALP1202,ALP1202,1995-07-15,2026-05-07_12h04.31.754,BrocantoHPilot1MorphSession1,1,1,35,35,Passive,,legal,3,OBJ.N5 SBJ.N3 PUSH-TR LOC.N1,,OBJ-SBJ-V.TR-LOC,,0,OBJ-N5-SBJ-N3-PUSH-TR-LOC-N1.mp4,,PUSH-TR-LOC-N1-OBJ-N5-SBJ-N3.mp3,613.41,619.261,5.850999999999999,,,
ALP1202,ALP1202,1995-07-15,2026-05-07_12h04.31.754,BrocantoHPilot1MorphSession1,1,1,36,36,Passive,,legal,2,Ab SBJ.N4 HIDE-INTR,,SBJ-V.INTR,,0,Ab-SBJ-N4-HIDE-INTR.mp4,,HIDE-INTR-Ab-SBJ-N4.mp3,619.262,624.649,5.387000000000057,,,
ALP1202,ALP1202,1995-07-15,2026-05-07_12h04.31.754,BrocantoHPilot1MorphSession1,1,1,37,37,Passive,,legal,2,SBJ.N4 HIDE-INTR LOC.N1,,SBJ-V.INTR-LOC,,0,SBJ-N4-HIDE-INTR-LOC-N1.mp4,,HIDE-INTR-SBJ-N4-LOC-N1.mp3,624.651,631.511,6.860000000000014,,,
ALP1202,ALP1202,1995-07-15,2026-05-07_12h04.31.754,BrocantoHPilot1MorphSession1,1,1,38,38,Passive,,legal,2,SBJ.N5 JUMP-INTR LOC.N2,,SBJ-V.INTR-LOC,,0,SBJ-N5-JUMP-INTR-LOC-N2.mp4,,JUMP-INTR-LOC-N2-SBJ-N5.mp3,631.512,637.086,5.574000000000069,,,
ALP1202,ALP1202,1995-07-15,2026-05-07_12h04.31.754,BrocantoHPilot1MorphSession1,1,1,39,39,Passive,,legal,2,SBJ.N5 GO-INTR LOC.N4,,SBJ-V.INTR-LOC,,0,SBJ-N5-GO-INTR-LOC-N4.mp4,,SBJ-N5-LOC-N4-GO-INTR.mp3,637.089,642.824,5.7349999999999,,,
ALP1202,ALP1202,1995-07-15,2026-05-07_12h04.31.754,BrocantoHPilot1MorphSession1,1,1,40,40,Passive,,legal,2,SBJ.N3 HIDE-INTR LOC.N4,,SBJ-V.INTR-LOC,,0,SBJ-N3-HIDE-INTR-LOC-N4.mp4,,LOC-N4-SBJ-N3-HIDE-INTR.mp3,642.826,649.278,6.451999999999998,,,
ALP1202,ALP1202,1995-07-15,2026-05-07_12h04.31.754,BrocantoHPilot1MorphSession1,1,1,41,41,Passive,,legal,2,SBJ.N5 JUMP-INTR LOC.N4,,SBJ-V.INTR-LOC,,0,SBJ-N5-JUMP-INTR-LOC-N4.mp4,,LOC-N4-JUMP-INTR-SBJ-N5.mp3,649.279,655.733,6.453999999999951,,,
ALP1202,ALP1202,1995-07-15,2026-05-07_12h04.31.754,BrocantoHPilot1MorphSession1,1,1,42,42,Passive,,legal,3,OBJ.N5 Ab SBJ.N1 PUSH-TR,,OBJ-SBJ-V.TR,,0,OBJ-N5-Ab-SBJ-N1-PUSH-TR.mp4,,PUSH-TR-Ab-SBJ-N1-OBJ-N5.mp3,655.735,661.109,5.374000000000024,,,
ALP1202,ALP1202,1995-07-15,2026-05-09_11h29.23.423,BrocantoHPilot1MorphSession2,2,1,43,1,Passive,,legal,1,SBJ.N1 GO-INTR,,SBJ-V.INTR,,0,SBJ-N1-GO-INTR.mp4,,SBJ-N1-GO-INTR.mp3,199.605,205.748,6.143000000000001,,,
ALP1202,ALP1202,1995-07-15,2026-05-09_11h29.23.423,BrocantoHPilot1MorphSession2,2,1,44,2,Passive,,legal,2,OBJ.N5 SBJ.N3 REVEAL-TR,,OBJ-SBJ-V.TR,,2,OBJ-N5-SBJ-N3-REVEAL-TR.mp4,,OBJ-N5-REVEAL-TR-SBJ-N3.mp3,205.766,212.418,6.652000000000015,,,
ALP1202,ALP1202,1995-07-15,2026-05-09_11h29.23.423,BrocantoHPilot1MorphSession2,2,1,45,3,Passive,,legal,2,OBJ.N5 SBJ.N2 PUSH-TR,,OBJ-SBJ-V.TR,,1,OBJ-N5-SBJ-N2-PUSH-TR.mp4,,SBJ-N2-OBJ-N5-PUSH-TR.mp3,212.42,217.805,5.385000000000019,,,
ALP1202,ALP1202,1995-07-15,2026-05-09_11h29.23.423,BrocantoHPilot1MorphSession2,2,1,46,4,Passive,,legal,1,SBJ.N1 GO-INTR,,SBJ-V.INTR,,1,SBJ-N1-GO-INTR.mp4,,SBJ-N1-GO-INTR.mp3,217.806,223.813,6.006999999999977,,,
ALP1202,ALP1202,1995-07-15,2026-05-09_11h29.23.423,BrocantoHPilot1MorphSession2,2,1,47,5,Passive,,legal,2,OBJ.N5 SBJ.N4 HIDE-TR,,OBJ-SBJ-V.TR,,1,OBJ-N5-SBJ-N4-HIDE-TR.mp4,,SBJ-N4-HIDE-TR-OBJ-N5.mp3,223.814,229.807,5.992999999999995,,,
ALP1202,ALP1202,1995-07-15,2026-05-09_11h29.23.423,BrocantoHPilot1MorphSession2,2,1,48,6,Passive,,legal,1,SBJ.N2 HIDE-INTR,,SBJ-V.INTR,,0,SBJ-N2-HIDE-INTR.mp4,,SBJ-N2-HIDE-INTR.mp3,229.808,235.275,5.467000000000013,,,
ALP1202,ALP1202,1995-07-15,2026-05-09_11h29.23.423,BrocantoHPilot1MorphSession2,2,1,49,7,Passive,,legal,2,OBJ.N5 SBJ.N3 REVEAL-TR,,OBJ-SBJ-V.TR,,3,OBJ-N5-SBJ-N3-REVEAL-TR.mp4,,OBJ-N5-REVEAL-TR-SBJ-N3.mp3,235.277,241.646,6.369,,,
ALP1202,ALP1202,1995-07-15,2026-05-09_11h29.23.423,BrocantoHPilot1MorphSession2,2,1,50,8,Passive,,legal,1,SBJ.N3 JUMP-INTR,,SBJ-V.INTR,,0,SBJ-N3-JUMP-INTR.mp4,,JUMP-INTR-SBJ-N3.mp3,241.648,247.021,5.3729999999999905,,,
ALP1202,ALP1202,1995-07-15,2026-05-09_11h29.23.423,BrocantoHPilot1MorphSession2,2,1,51,9,Passive,,legal,1,SBJ.N5 REVEAL-INTR,,SBJ-V.INTR,,1,SBJ-N5-REVEAL-INTR.mp4,,SBJ-N5-REVEAL-INTR.mp3,247.022,252.763,5.741000000000014,,,
ALP1202,ALP1202,1995-07-15,2026-05-09_11h29.23.423,BrocantoHPilot1MorphSession2,2,1,52,10,Passive,,legal,2,OBJ.N5 SBJ.N4 HIDE-TR,,OBJ-SBJ-V.TR,,2,OBJ-N5-SBJ-N4-HIDE-TR.mp4,,SBJ-N4-HIDE-TR-OBJ-N5.mp3,252.766,258.341,5.575000000000017,,,
ALP1202,ALP1202,1995-07-15,2026-05-09_11h29.23.423,BrocantoHPilot1MorphSession2,2,1,53,11,Passive,,legal,1,SBJ.N3 JUMP-INTR,,SBJ-V.INTR,,1,SBJ-N3-JUMP-INTR.mp4,,JUMP-INTR-SBJ-N3.mp3,258.342,263.654,5.312000000000012,,,
ALP1202,ALP1202,1995-07-15,2026-05-09_11h29.23.423,BrocantoHPilot1MorphSession2,2,1,54,12,Passive,,legal,2,OBJ.N5 SBJ.N2 PUSH-TR,,OBJ-SBJ-V.TR,,2,OBJ-N5-SBJ-N2-PUSH-TR.mp4,,SBJ-N2-OBJ-N5-PUSH-TR.mp3,263.655,268.91,5.255000000000052,,,
ALP1202,ALP1202,1995-07-15,2026-05-09_11h29.23.423,BrocantoHPilot1MorphSession2,2,1,55,13,Passive,,legal,2,OBJ.N5 SBJ.N1 HIDE-TR,,OBJ-SBJ-V.TR,,1,OBJ-N5-SBJ-N1-HIDE-TR.mp4,,OBJ-N5-HIDE-TR-SBJ-N1.mp3,268.911,274.362,5.451000000000022,,,
ALP1202,ALP1202,1995-07-15,2026-05-09_11h29.23.423,BrocantoHPilot1MorphSession2,2,1,56,14,Passive,,legal,1,SBJ.N2 HIDE-INTR,,SBJ-V.INTR,,1,SBJ-N2-HIDE-INTR.mp4,,SBJ-N2-HIDE-INTR.mp3,274.364,279.835,5.471000000000004,,,
ALP1202,ALP1202,1995-07-15,2026-05-09_11h29.23.423,BrocantoHPilot1MorphSession2,2,1,57,15,Passive,,legal,2,OBJ.N5 SBJ.N2 PUSH-TR,,OBJ-SBJ-V.TR,,3,OBJ-N5-SBJ-N2-PUSH-TR.mp4,,SBJ-N2-OBJ-N5-PUSH-TR.mp3,279.836,285.439,5.603000000000009,,,
ALP1202,ALP1202,1995-07-15,2026-05-09_11h29.23.423,BrocantoHPilot1MorphSession2,2,1,58,16,Passive,,legal,1,SBJ.N3 GO-INTR,,SBJ-V.INTR,,0,SBJ-N3-GO-INTR.mp4,,GO-INTR-SBJ-N3.mp3,285.44,292.541,7.100999999999999,,,
ALP1202,ALP1202,1995-07-15,2026-05-09_11h29.23.423,BrocantoHPilot1MorphSession2,2,1,59,17,Passive,,legal,1,SBJ.N4 REVEAL-INTR,,SBJ-V.INTR,,0,SBJ-N4-REVEAL-INTR.mp4,,REVEAL-INTR-SBJ-N4.mp3,292.544,297.772,5.228000000000009,,,
ALP1202,ALP1202,1995-07-15,2026-05-09_11h29.23.423,BrocantoHPilot1MorphSession2,2,1,60,18,Passive,,legal,2,OBJ.N5 SBJ.N3 REVEAL-TR,,OBJ-SBJ-V.TR,,4,OBJ-N5-SBJ-N3-REVEAL-TR.mp4,,OBJ-N5-REVEAL-TR-SBJ-N3.mp3,297.773,304.523,6.75,,,
ALP1202,ALP1202,1995-07-15,2026-05-09_11h29.23.423,BrocantoHPilot1MorphSession2,2,1,61,19,Passive,,legal,1,SBJ.N5 JUMP-INTR,,SBJ-V.INTR,,0,SBJ-N5-JUMP-INTR.mp4,,SBJ-N5-JUMP-INTR.mp3,304.524,309.806,5.281999999999982,,,
ALP1202,ALP1202,1995-07-15,2026-05-09_11h29.23.423,BrocantoHPilot1MorphSession2,2,1,62,20,Passive,,legal,1,SBJ.N3 GO-INTR,,SBJ-V.INTR,,1,SBJ-N3-GO-INTR.mp4,,GO-INTR-SBJ-N3.mp3,309.807,315.181,5.373999999999967,,,
ALP1202,ALP1202,1995-07-15,2026-05-09_11h29.23.423,BrocantoHPilot1MorphSession2,2,1,63,21,Passive,,legal,2,OBJ.N5 SBJ.N3 REVEAL-TR,,OBJ-SBJ-V.TR,,5,OBJ-N5-SBJ-N3-REVEAL-TR.mp4,,OBJ-N5-REVEAL-TR-SBJ-N3.mp3,315.182,326.032,10.849999999999966,,,
ALP1202,ALP1202,1995-07-15,2026-05-09_11h29.23.423,BrocantoHPilot1MorphSession2,2,1,64,22,Passive,,legal,2,OBJ.N5 SBJ.N1 REVEAL-TR,,OBJ-SBJ-V.TR,,2,OBJ-N5-SBJ-N1-REVEAL-TR.mp4,,REVEAL-TR-SBJ-N1-OBJ-N5.mp3,326.035,346.301,20.265999999999963,,,
ALP1202,ALP1202,1995-07-15,2026-05-09_11h29.23.423,BrocantoHPilot1MorphSession2,2,1,65,23,Passive,,legal,3,OBJ.N5 SBJ.N2 PUSH-TR LOC.N4,,OBJ-SBJ-V.TR-LOC,,0,OBJ-N5-SBJ-N2-PUSH-TR-LOC-N4.mp4,,SBJ-N2-LOC-N4-OBJ-N5-PUSH-TR.mp3,346.302,358.403,12.100999999999999,,,
ALP1202,ALP1202,1995-07-15,2026-05-09_11h29.23.423,BrocantoHPilot1MorphSession2,2,1,66,24,Passive,,legal,2,SBJ.N4 REVEAL-INTR LOC.N5,,SBJ-V.INTR-LOC,,0,SBJ-N4-REVEAL-INTR-LOC-N5.mp4,,REVEAL-INTR-SBJ-N4-LOC-N5.mp3,358.406,364.133,5.7269999999999754,,,
ALP1202,ALP1202,1995-07-15,2026-05-09_11h29.23.423,BrocantoHPilot1MorphSession2,2,1,67,25,Passive,,legal,3,OBJ.N5 SBJ.N1 HIDE-TR LOC.N2,,OBJ-SBJ-V.TR-LOC,,1,OBJ-N5-SBJ-N1-HIDE-TR-LOC-N2.mp4,,SBJ-N1-LOC-N2-HIDE-TR-OBJ-N5.mp3,364.135,370.378,6.242999999999995,,,
ALP1202,ALP1202,1995-07-15,2026-05-09_11h29.23.423,BrocantoHPilot1MorphSession2,2,1,68,26,Passive,,legal,2,SBJ.N2 REVEAL-INTR LOC.N5,,SBJ-V.INTR-LOC,,0,SBJ-N2-REVEAL-INTR-LOC-N5.mp4,,REVEAL-INTR-SBJ-N2-LOC-N5.mp3,370.38,376.1,5.720000000000027,,,
ALP1202,ALP1202,1995-07-15,2026-05-09_11h29.23.423,BrocantoHPilot1MorphSession2,2,1,69,27,Passive,,legal,3,OBJ.N5 SBJ.N1 PUSH-TR LOC.N2,,OBJ-SBJ-V.TR-LOC,,0,OBJ-N5-SBJ-N1-PUSH-TR-LOC-N2.mp4,,OBJ-N5-PUSH-TR-SBJ-N1-LOC-N2.mp3,376.101,381.939,5.838000000000022,,,
ALP1202,ALP1202,1995-07-15,2026-05-09_11h29.23.423,BrocantoHPilot1MorphSession2,2,1,70,28,Passive,,legal,2,SBJ.N3 REVEAL-INTR LOC.N4,,SBJ-V.INTR-LOC,,0,SBJ-N3-REVEAL-INTR-LOC-N4.mp4,,SBJ-N3-REVEAL-INTR-LOC-N4.mp3,381.941,389.371,7.430000000000007,,,
ALP1202,ALP1202,1995-07-15,2026-05-09_11h29.23.423,BrocantoHPilot1MorphSession2,2,1,71,29,Passive,,legal,3,OBJ.N5 SBJ.N4 HIDE-TR LOC.N3,,OBJ-SBJ-V.TR-LOC,,0,OBJ-N5-SBJ-N4-HIDE-TR-LOC-N3.mp4,,SBJ-N4-OBJ-N5-LOC-N3-HIDE-TR.mp3,389.372,399.003,9.630999999999972,,,
ALP1202,ALP1202,1995-07-15,2026-05-09_11h29.23.423,BrocantoHPilot1MorphSession2,2,1,72,30,Passive,,legal,3,OBJ.N5 SBJ.N3 REVEAL-TR LOC.N4,,OBJ-SBJ-V.TR-LOC,,0,OBJ-N5-SBJ-N3-REVEAL-TR-LOC-N4.mp4,,OBJ-N5-LOC-N4-SBJ-N3-REVEAL-TR.mp3,399.005,406.26,7.2549999999999955,,,
ALP1202,ALP1202,1995-07-15,2026-05-09_11h29.23.423,BrocantoHPilot1MorphSession2,2,1,73,31,Passive,,legal,3,OBJ.N5 SBJ.N2 PUSH-TR LOC.N4,,OBJ-SBJ-V.TR-LOC,,1,OBJ-N5-SBJ-N2-PUSH-TR-LOC-N4.mp4,,SBJ-N2-LOC-N4-OBJ-N5-PUSH-TR.mp3,406.261,413.344,7.08299999999997,,,
ALP1202,ALP1202,1995-07-15,2026-05-09_11h29.23.423,BrocantoHPilot1MorphSession2,2,1,74,32,Passive,,legal,2,OBJ.N5 SBJ.N1 REVEAL-TR,,OBJ-SBJ-V.TR,,3,OBJ-N5-SBJ-N1-REVEAL-TR.mp4,,REVEAL-TR-SBJ-N1-OBJ-N5.mp3,413.345,418.952,5.606999999999971,,,
ALP1202,ALP1202,1995-07-15,2026-05-09_11h29.23.423,BrocantoHPilot1MorphSession2,2,1,75,33,Passive,,legal,3,OBJ.N5 SBJ.N4 HIDE-TR LOC.N2,,OBJ-SBJ-V.TR-LOC,,0,OBJ-N5-SBJ-N4-HIDE-TR-LOC-N2.mp4,,OBJ-N5-HIDE-TR-LOC-N2-SBJ-N4.mp3,418.953,426.935,7.982000000000028,,,
ALP1202,ALP1202,1995-07-15,2026-05-09_11h29.23.423,BrocantoHPilot1MorphSession2,2,1,76,34,Passive,,legal,1,SBJ.N5 JUMP-INTR,,SBJ-V.INTR,,1,SBJ-N5-JUMP-INTR.mp4,,SBJ-N5-JUMP-INTR.mp3,426.936,432.687,5.751000000000033,,,
ALP1202,ALP1202,1995-07-15,2026-05-09_11h29.23.423,BrocantoHPilot1MorphSession2,2,1,77,35,Passive,,legal,2,Aa SBJ.N5 HIDE-INTR,,SBJ-V.INTR,,0,Aa-SBJ-N5-HIDE-INTR.mp4,,HIDE-INTR-Aa-SBJ-N5.mp3,432.689,438.413,5.7239999999999895,,,
ALP1202,ALP1202,1995-07-15,2026-05-09_11h29.23.423,BrocantoHPilot1MorphSession2,2,1,78,36,Passive,,legal,2,SBJ.N5 GO-INTR LOC.N3,,SBJ-V.INTR-LOC,,0,SBJ-N5-GO-INTR-LOC-N3.mp4,,GO-INTR-SBJ-N5-LOC-N3.mp3,438.415,444.368,5.9529999999999745,,,
ALP1202,ALP1202,1995-07-15,2026-05-09_11h29.23.423,BrocantoHPilot1MorphSession2,2,1,79,37,Passive,,legal,2,SBJ.N2 JUMP-INTR LOC.N1,,SBJ-V.INTR-LOC,,0,SBJ-N2-JUMP-INTR-LOC-N1.mp4,,LOC-N1-SBJ-N2-JUMP-INTR.mp3,444.369,451.107,6.7379999999999995,,,
ALP1202,ALP1202,1995-07-15,2026-05-09_11h29.23.423,BrocantoHPilot1MorphSession2,2,1,80,38,Passive,,legal,2,SBJ.N3 GO-INTR LOC.N2,,SBJ-V.INTR-LOC,,0,SBJ-N3-GO-INTR-LOC-N2.mp4,,LOC-N2-GO-INTR-SBJ-N3.mp3,451.108,459.023,7.9150000000000205,,,
ALP1202,ALP1202,1995-07-15,2026-05-09_11h29.23.423,BrocantoHPilot1MorphSession2,2,1,81,39,Passive,,legal,2,SBJ.N5 HIDE-INTR LOC.N3,,SBJ-V.INTR-LOC,,0,SBJ-N5-HIDE-INTR-LOC-N3.mp4,,SBJ-N5-HIDE-INTR-LOC-N3.mp3,459.025,464.51,5.485000000000014,,,
ALP1202,ALP1202,1995-07-15,2026-05-09_11h29.23.423,BrocantoHPilot1MorphSession2,2,1,82,40,Passive,,legal,2,SBJ.N1 HIDE-INTR LOC.N3,,SBJ-V.INTR-LOC,,0,SBJ-N1-HIDE-INTR-LOC-N3.mp4,,SBJ-N1-LOC-N3-HIDE-INTR.mp3,464.515,470.345,5.830000000000041,,,
ALP1202,ALP1202,1995-07-15,2026-05-09_11h29.23.423,BrocantoHPilot1MorphSession2,2,1,83,41,Passive,,legal,2,OBJ.N5 SBJ.N4 HIDE-TR,,OBJ-SBJ-V.TR,,3,OBJ-N5-SBJ-N4-HIDE-TR.mp4,,SBJ-N4-HIDE-TR-OBJ-N5.mp3,470.347,478.034,7.687000000000012,,,
ALP1202,ALP1202,1995-07-15,2026-05-09_11h29.23.423,BrocantoHPilot1MorphSession2,2,1,84,42,Passive,,legal,3,OBJ.N5 SBJ.N1 HIDE-TR LOC.N2,,OBJ-SBJ-V.TR-LOC,,2,OBJ-N5-SBJ-N1-HIDE-TR-LOC-N2.mp4,,SBJ-N1-LOC-N2-HIDE-TR-OBJ-N5.mp3,478.035,487.198,9.162999999999954,,,
ALP1202,ALP1202,1995-07-15,2026-05-09_11h29.23.423,BrocantoHPilot1MorphSession2,2,,,43,Comprehension,,legal,,,,,,,OBJ-N5-SBJ-N2-HIDE-TR.mp4,OBJ-N5-SBJ-N2-REVEAL-TR.mp4,,24.838,76.373,51.535000000000004,2,2,1
ALP1202,ALP1202,1995-07-15,2026-05-09_11h29.23.423,BrocantoHPilot1MorphSession2,2,,,44,Comprehension,,legal,,,,,,,SBJ-N5-HIDE-INTR.mp4,SBJ-N5-GO-INTR.mp4,,16.21,25.028,8.817999999999998,1,1,1
ALP1202,ALP1202,1995-07-15,2026-05-09_11h29.23.423,BrocantoHPilot1MorphSession2,2,1,87,45,Comprehension,wrong_verb,legal,1,SBJ.N5 JUMP-INTR,SBJ.N5 HIDE-INTR,SBJ-V.INTR,SBJ-V.INTR,2,SBJ-N5-JUMP-INTR.mp4,SBJ-N5-HIDE-INTR.mp4,,24.836,24.836,0,2,2,1
ALP1202,ALP1202,1995-07-15,2026-05-09_11h29.23.423,BrocantoHPilot1MorphSession2,2,,,46,Comprehension,,legal,,,,,,,OBJ-N5-SBJ-N3-REVEAL-TR.mp4,OBJ-N3-SBJ-N5-PUSH-TR.mp4,,21.795,36.014,14.219000000000001,1,1,1
ALP1202,ALP1202,1995-07-15,2026-05-09_11h29.23.423,BrocantoHPilot1MorphSession2,2,,,47,Comprehension,,legal,,,,,,,OBJ-N5-SBJ-N3-PUSH-TR.mp4,OBJ-N3-SBJ-N5-PUSH-TR.mp4,,24.364,31.001,6.6370000000000005,2,2,1
ALP1202,ALP1202,1995-07-15,2026-05-09_11h29.23.423,BrocantoHPilot1MorphSession2,2,,,48,Comprehension,,legal,,,,,,,SBJ-N1-HIDE-INTR.mp4,SBJ-N1-REVEAL-INTR.mp4,,41.011,47.127,6.116,2,2,1
ALP1202,ALP1202,1995-07-15,2026-05-09_11h29.23.423,BrocantoHPilot1MorphSession2,2,,,49,Comprehension,,legal,,,,,,,OBJ-N5-SBJ-N4-HIDE-TR.mp4,OBJ-N4-SBJ-N5-REVEAL-TR.mp4,,34.993,53.128,18.134999999999998,1,1,1
ALP1202,ALP1202,1995-07-15,2026-05-09_11h29.23.423,BrocantoHPilot1MorphSession2,2,1,92,50,Comprehension,wrong_verb,legal,1,SBJ.N2 REVEAL-INTR,SBJ.N2 HIDE-INTR,SBJ-V.INTR,SBJ-V.INTR,1,SBJ-N2-REVEAL-INTR.mp4,SBJ-N2-HIDE-INTR.mp4,,20.428,21.737,1.3089999999999975,2,1,0
ALP1202,ALP1202,1995-07-15,2026-05-09_11h29.23.423,BrocantoHPilot1MorphSession2,2,,,51,Comprehension,,legal,,,,,,,OBJ-N5-SBJ-N4-PUSH-TR.mp4,OBJ-N4-SBJ-N5-PUSH-TR.mp4,,25.987,34.22,8.233,1,1,1
ALP1202,ALP1202,1995-07-15,2026-05-09_11h29.23.423,BrocantoHPilot1MorphSession2,2,1,94,52,Comprehension,wrong_verb,legal,1,SBJ.N1 GO-INTR,SBJ.N1 HIDE-INTR,SBJ-V.INTR,SBJ-V.INTR,2,SBJ-N1-GO-INTR.mp4,SBJ-N1-HIDE-INTR.mp4,,22.138,24.165,2.0269999999999975,1,1,1
ALP1202,ALP1202,1995-07-15,2026-05-09_11h29.23.423,BrocantoHPilot1MorphSession2,2,,,53,Comprehension,,legal,,,,,,,SBJ-N4-REVEAL-INTR.mp4,SBJ-N4-JUMP-INTR.mp4,,18.567,29.978,11.411000000000001,2,2,1
ALP1202,ALP1202,1995-07-15,2026-05-09_11h29.23.423,BrocantoHPilot1MorphSession2,2,,,54,Comprehension,,legal,,,,,,,OBJ-N5-SBJ-N4-REVEAL-TR.mp4,OBJ-N4-SBJ-N5-PUSH-TR.mp4,,25.649,25.062,-0.5869999999999997,1,1,1
ALP1202,ALP1202,1995-07-15,2026-05-09_11h29.23.423,BrocantoHPilot1MorphSession2,2,,,55,Comprehension,,legal,,,,,,,SBJ-N3-JUMP-INTR.mp4,SBJ-N3-GO-INTR.mp4,,15.51,15.168,-0.3420000000000005,1,1,1
ALP1202,ALP1202,1995-07-15,2026-05-09_11h29.23.423,BrocantoHPilot1MorphSession2,2,,,56,Comprehension,,legal,,,,,,,OBJ-N5-SBJ-N4-PUSH-TR.mp4,OBJ-N4-SBJ-N5-PUSH-TR.mp4,,,23.281,,1,1,1
ALP1202,ALP1202,1995-07-15,2026-05-09_11h29.23.423,BrocantoHPilot1MorphSession2,2,,,57,Comprehension,,legal,,,,,,,OBJ-N5-SBJ-N4-REVEAL-TR.mp4,OBJ-N4-SBJ-N5-HIDE-TR.mp4,,,20.263,,2,2,1
ALP1202,ALP1202,1995-07-15,2026-05-09_11h29.23.423,BrocantoHPilot1MorphSession2,2,,,58,Comprehension,,legal,,,,,,,SBJ-N5-GO-INTR.mp4,SBJ-N5-HIDE-INTR.mp4,,19.44,18.987,-0.45300000000000296,2,2,1
ALP1202,ALP1202,1995-07-15,2026-05-09_11h29.23.423,BrocantoHPilot1MorphSession2,2,,,59,Comprehension,,legal,,,,,,,SBJ-N1-HIDE-INTR.mp4,SBJ-N1-REVEAL-INTR.mp4,,19.609,20.186,0.5769999999999982,2,2,1
ALP1202,ALP1202,1995-07-15,2026-05-09_11h29.23.423,BrocantoHPilot1MorphSession2,2,,,60,Comprehension,,legal,,,,,,,OBJ-N5-SBJ-N3-HIDE-TR.mp4,OBJ-N3-SBJ-N5-HIDE-TR.mp4,,38.857,47.928,9.070999999999998,2,1,0
ALP1202,ALP1202,1995-07-15,2026-05-09_11h29.23.423,BrocantoHPilot1MorphSession2,2,1,103,61,Comprehension,wrong_verb,legal,1,SBJ.N5 REVEAL-INTR,SBJ.N5 JUMP-INTR,SBJ-V.INTR,SBJ-V.INTR,2,SBJ-N5-REVEAL-INTR.mp4,SBJ-N5-JUMP-INTR.mp4,,30.442,38.648,8.206000000000003,1,1,1
ALP1202,ALP1202,1995-07-15,2026-05-09_11h29.23.423,BrocantoHPilot1MorphSession2,2,,,62,Comprehension,,legal,,,,,,,SBJ-N5-GO-INTR.mp4,SBJ-N5-JUMP-INTR.mp4,,15.868,15.436,-0.4320000000000004,1,1,1
ALP1202,ALP1202,1995-07-15,2026-05-09_11h29.23.423,BrocantoHPilot1MorphSession2,2,,,63,Comprehension,,legal,,,,,,,OBJ-N5-SBJ-N1-HIDE-TR.mp4,OBJ-N1-SBJ-N5-REVEAL-TR.mp4,,30.187,30.432,0.24499999999999744,2,2,1
ALP1202,ALP1202,1995-07-15,2026-05-09_11h29.23.423,BrocantoHPilot1MorphSession2,2,,,64,Comprehension,,legal,,,,,,,OBJ-N5-SBJ-N4-REVEAL-TR.mp4,OBJ-N4-SBJ-N5-REVEAL-TR.mp4,,25.674,45.448,19.774,2,1,0
ALP1202,ALP1202,1995-07-15,2026-05-09_11h29.23.423,BrocantoHPilot1MorphSession2,2,,,65,Comprehension,,legal,,,,,,,SBJ-N2-REVEAL-INTR-LOC-N4.mp4,SBJ-N4-JUMP-INTR-LOC-N2.mp4,,20.743,37.974,17.230999999999998,1,1,1
ALP1202,ALP1202,1995-07-15,2026-05-09_11h29.23.423,BrocantoHPilot1MorphSession2,2,,,66,Comprehension,,legal,,,,,,,OBJ-N5-SBJ-N4-PUSH-TR-LOC-N2.mp4,OBJ-N4-SBJ-N5-PUSH-TR-LOC-N2.mp4,,26.717,43.235,16.518,1,1,1
ALP1202,ALP1202,1995-07-15,2026-05-09_11h29.23.423,BrocantoHPilot1MorphSession2,2,,,67,Comprehension,,legal,,,,,,,OBJ-N5-SBJ-N4-HIDE-TR-LOC-N2.mp4,OBJ-N5-SBJ-N2-REVEAL-TR-LOC-N4.mp4,,28.25,43.533,15.283000000000001,1,1,1
ALP1202,ALP1202,1995-07-15,2026-05-09_11h29.23.423,BrocantoHPilot1MorphSession2,2,,,68,Comprehension,,legal,,,,,,,SBJ-N2-REVEAL-INTR-LOC-N4.mp4,SBJ-N4-REVEAL-INTR-LOC-N2.mp4,,16.964,22.752,5.788,1,1,1
ALP1202,ALP1202,1995-07-15,2026-05-09_11h29.23.423,BrocantoHPilot1MorphSession2,2,,,69,Comprehension,,legal,,,,,,,SBJ-N5-REVEAL-INTR-LOC-N4.mp4,SBJ-N4-JUMP-INTR-LOC-N5.mp4,,16.784,17.035,0.2510000000000012,1,1,1
ALP1202,ALP1202,1995-07-15,2026-05-09_11h29.23.423,BrocantoHPilot1MorphSession2,2,,,70,Comprehension,,legal,,,,,,,OBJ-N5-SBJ-N4-REVEAL-TR-LOC-N1.mp4,OBJ-N4-SBJ-N5-REVEAL-TR-LOC-N1.mp4,,38.359,46.025,7.665999999999997,2,1,0
ALP1202,ALP1202,1995-07-15,2026-05-09_11h29.23.423,BrocantoHPilot1MorphSession2,2,,,71,Comprehension,,legal,,,,,,,OBJ-N5-SBJ-N1-HIDE-TR-LOC-N2.mp4,OBJ-N1-SBJ-N5-REVEAL-TR-LOC-N2.mp4,,27.426,40.7,13.274000000000004,2,2,1
ALP1202,ALP1202,1995-07-15,2026-05-09_11h29.23.423,BrocantoHPilot1MorphSession2,2,,,72,Comprehension,,legal,,,,,,,OBJ-N5-SBJ-N2-PUSH-TR-LOC-N4.mp4,OBJ-N2-SBJ-N5-PUSH-TR-LOC-N4.mp4,,17.633,32.829,15.196000000000002,1,2,0
ALP1202,ALP1202,1995-07-15,2026-05-09_11h29.23.423,BrocantoHPilot1MorphSession2,2,,,73,Comprehension,,legal,,,,,,,OBJ-N5-SBJ-N1-REVEAL-TR-LOC-N3.mp4,OBJ-N3-SBJ-N1-HIDE-TR-LOC-N5.mp4,,25.958,43.122,17.164,2,2,1
ALP1202,ALP1202,1995-07-15,2026-05-09_11h29.23.423,BrocantoHPilot1MorphSession2,2,,,74,Comprehension,,legal,,,,,,,SBJ-N3-GO-INTR.mp4,SBJ-N3-HIDE-INTR.mp4,,,16.653,,2,2,1
ALP1202,ALP1202,1995-07-15,2026-05-09_11h29.23.423,BrocantoHPilot1MorphSession2,2,,,75,Comprehension,,legal,,,,,,,OBJ-N5-SBJ-N3-PUSH-TR-LOC-N4.mp4,OBJ-N4-SBJ-N3-PUSH-TR-LOC-N5.mp4,,16.936,28.893,11.957,2,2,1
ALP1202,ALP1202,1995-07-15,2026-05-09_11h29.23.423,BrocantoHPilot1MorphSession2,2,,,76,Comprehension,,legal,,,,,,,OBJ-N5-Ab-SBJ-N1-HIDE-TR.mp4,OBJ-N5-Aa-SBJ-N1-PUSH-TR.mp4,,23.777,35.323,11.546,2,2,1
ALP1202,ALP1202,1995-07-15,2026-05-09_11h29.23.423,BrocantoHPilot1MorphSession2,2,1,119,77,Comprehension,wrong_verb,legal,1,SBJ.N1 JUMP-INTR,SBJ.N1 GO-INTR,SBJ-V.INTR,SBJ-V.INTR,1,SBJ-N1-JUMP-INTR.mp4,SBJ-N1-GO-INTR.mp4,,14.359,21.531,7.171999999999999,1,1,1
ALP1202,ALP1202,1995-07-15,2026-05-09_11h29.23.423,BrocantoHPilot1MorphSession2,2,,,78,Comprehension,,legal,,,,,,,SBJ-N2-HIDE-INTR-LOC-N3.mp4,SBJ-N3-GO-INTR-LOC-N2.mp4,,20.657,27.981,7.324000000000002,2,2,1
ALP1202,ALP1202,1995-07-15,2026-05-09_11h29.23.423,BrocantoHPilot1MorphSession2,2,,,79,Comprehension,,legal,,,,,,,SBJ-N4-HIDE-INTR-LOC-N5.mp4,SBJ-N5-HIDE-INTR-LOC-N4.mp4,,21.084,26.223,5.138999999999999,1,1,1
ALP1202,ALP1202,1995-07-15,2026-05-09_11h29.23.423,BrocantoHPilot1MorphSession2,2,,,80,Comprehension,,legal,,,,,,,SBJ-N5-GO-INTR-LOC-N4.mp4,SBJ-N4-REVEAL-INTR-LOC-N5.mp4,,17.187,20.355,3.1679999999999993,1,1,1
ALP1202,ALP1202,1995-07-15,2026-05-09_11h29.23.423,BrocantoHPilot1MorphSession2,2,,,81,Comprehension,,legal,,,,,,,SBJ-N3-JUMP-INTR-LOC-N2.mp4,SBJ-N2-JUMP-INTR-LOC-N3.mp4,,18.185,33.578,15.393000000000004,2,2,1
ALP1202,ALP1202,1995-07-15,2026-05-09_11h29.23.423,BrocantoHPilot1MorphSession2,2,,,82,Comprehension,,legal,,,,,,,SBJ-N4-JUMP-INTR-LOC-N1.mp4,SBJ-N1-REVEAL-INTR-LOC-N4.mp4,,16.344,30.025,13.680999999999997,1,1,1
ALP1202,ALP1202,1995-07-15,2026-05-09_11h29.23.423,BrocantoHPilot1MorphSession2,2,,,83,Comprehension,,legal,,,,,,,Ab-OBJ-N5-SBJ-N2-HIDE-TR.mp4,OBJ-N2-Aa-SBJ-N5-HIDE-TR.mp4,,19.046,45.101,26.055,2,2,1
ALP1202,ALP1202,1995-07-15,2026-05-09_11h29.23.423,BrocantoHPilot1MorphSession2,2,,,84,Comprehension,,legal,,,,,,,OBJ-N5-SBJ-N3-REVEAL-TR-LOC-N4.mp4,OBJ-N4-SBJ-N3-REVEAL-TR-LOC-N5.mp4,,20.282,39.44,19.157999999999998,2,2,1
ALP1202,ALP1202,1995-07-15,2026-05-09_11h29.23.423,BrocantoHPilot1MorphSession2,2,1,127,85,Production,,legal,2,OBJ.N5 SBJ.N4 HIDE-TR,,OBJ-SBJ-V.TR,,5,OBJ-N5-SBJ-N4-HIDE-TR.mp4,,,6.776,33.573,26.797,SBJ.|N4|HIDE|OBJ.|N5,pif dabi fer timó zsübe,1
ALP1202,ALP1202,1995-07-15,2026-05-09_11h29.23.423,BrocantoHPilot1MorphSession2,2,1,128,86,Production,,legal,1,SBJ.N3 JUMP-INTR,,SBJ-V.INTR,,3,SBJ-N3-JUMP-INTR.mp4,,,6.329,11.171,4.842,JUMP|SBJ.|N3,pif zilép bonip,1
ALP1202,ALP1202,1995-07-15,2026-05-09_11h29.23.423,BrocantoHPilot1MorphSession2,2,1,129,87,Production,,legal,1,SBJ.N4 GO-INTR,,SBJ-V.INTR,,0,SBJ-N4-GO-INTR.mp4,,,5.864,14.158,8.294,SBJ.|N4|GO,pif dabi kávler,1
ALP1202,ALP1202,1995-07-15,2026-05-09_11h29.23.423,BrocantoHPilot1MorphSession2,2,1,130,88,Production,,legal,2,OBJ.N5 SBJ.N4 PUSH-TR,,OBJ-SBJ-V.TR,,3,OBJ-N5-SBJ-N4-PUSH-TR.mp4,,,6.068,19.686,13.618,SBJ.|N4|OBJ.|N5|PUSH,pif dabi fer timó vánta,1
ALP1202,ALP1202,1995-07-15,2026-05-09_11h29.23.423,BrocantoHPilot1MorphSession2,2,1,131,89,Production,,legal,2,OBJ.N5 SBJ.N3 REVEAL-TR,,OBJ-SBJ-V.TR,,7,OBJ-N5-SBJ-N3-REVEAL-TR.mp4,,,6.393,16.275,9.881999999999998,OBJ.|N5|REVEAL|SBJ.|N3,pif timó fer zilép girda,0
ALP1202,ALP1202,1995-07-15,2026-05-09_11h29.23.423,BrocantoHPilot1MorphSession2,2,1,132,90,Production,,legal,1,SBJ.N4 HIDE-INTR,,SBJ-V.INTR,,0,SBJ-N4-HIDE-INTR.mp4,,,6.523,11.149,4.6259999999999994,HIDE|SBJ.|N4,pif dabi zsübe,1
ALP1202,ALP1202,1995-07-15,2026-05-09_11h29.23.423,BrocantoHPilot1MorphSession2,2,1,133,91,Production,,legal,2,OBJ.N5 SBJ.N4 PUSH-TR,,OBJ-SBJ-V.TR,,4,OBJ-N5-SBJ-N4-PUSH-TR.mp4,,,5.576,10.104,4.528,SBJ.|N4|OBJ.|N5|PUSH,pif dabi fer timó vánta,1
ALP1202,ALP1202,1995-07-15,2026-05-09_11h29.23.423,BrocantoHPilot1MorphSession2,2,1,134,92,Production,,legal,1,SBJ.N3 REVEAL-INTR,,SBJ-V.INTR,,1,SBJ-N3-REVEAL-INTR.mp4,,,4.024,9.187,5.162999999999999,SBJ.|N3|REVEAL,pif zilép girda,1
ALP1202,ALP1202,1995-07-15,2026-05-09_11h29.23.423,BrocantoHPilot1MorphSession2,2,1,135,93,Production,,legal,2,OBJ.N5 SBJ.N4 REVEAL-TR,,OBJ-SBJ-V.TR,,3,OBJ-N5-SBJ-N4-REVEAL-TR.mp4,,,28.492,59.45,30.958000000000002,REVEAL|OBJ.|N5|SBJ.|N4,pif dabi girda fer timó,1
ALP1202,ALP1202,1995-07-15,2026-05-09_11h29.23.423,BrocantoHPilot1MorphSession2,2,1,136,94,Production,,legal,1,SBJ.N3 JUMP-INTR,,SBJ-V.INTR,,4,SBJ-N3-JUMP-INTR.mp4,,,6.373,10.798,4.425,JUMP|SBJ.|N3,pif zilép bonip,1
ALP1202,ALP1202,1995-07-15,2026-05-09_11h29.23.423,BrocantoHPilot1MorphSession2,2,1,137,95,Production,,legal,2,OBJ.N5 SBJ.N4 HIDE-TR,,OBJ-SBJ-V.TR,,6,OBJ-N5-SBJ-N4-HIDE-TR.mp4,,,5.902,15.201,9.299,SBJ.|N4|HIDE|OBJ.|N5,pif dabi zsübe fer timó,1
ALP1202,ALP1202,1995-07-15,2026-05-09_11h29.23.423,BrocantoHPilot1MorphSession2,2,1,138,96,Production,,legal,1,SBJ.N2 REVEAL-INTR,,SBJ-V.INTR,,2,SBJ-N2-REVEAL-INTR.mp4,,,7.031,9.406,2.375000000000001,SBJ.|N2|REVEAL,pif murak girda,1
ALP1202,ALP1202,1995-07-15,2026-05-09_11h29.23.423,BrocantoHPilot1MorphSession2,2,1,139,97,Production,,legal,2,OBJ.N5 SBJ.N4 HIDE-TR,,OBJ-SBJ-V.TR,,7,OBJ-N5-SBJ-N4-HIDE-TR.mp4,,,6.85,14.924,8.074,SBJ.|N4|HIDE|OBJ.|N5,pif dabi zsübe fer timó,1
ALP1202,ALP1202,1995-07-15,2026-05-09_11h29.23.423,BrocantoHPilot1MorphSession2,2,1,140,98,Production,,legal,1,SBJ.N1 GO-INTR,,SBJ-V.INTR,,3,SBJ-N1-GO-INTR.mp4,,,6.548,9.234,2.686,SBJ.|N1|GO,pif pekli kávler,1
ALP1202,ALP1202,1995-07-15,2026-05-09_11h29.23.423,BrocantoHPilot1MorphSession2,2,1,141,99,Production,,legal,2,OBJ.N5 SBJ.N3 REVEAL-TR,,OBJ-SBJ-V.TR,,8,OBJ-N5-SBJ-N3-REVEAL-TR.mp4,,,6.712,17.231,10.519000000000002,OBJ.|N5|REVEAL|SBJ.|N3,pif zilép fer timó zsübe,0
ALP1202,ALP1202,1995-07-15,2026-05-09_11h29.23.423,BrocantoHPilot1MorphSession2,2,1,142,100,Production,,legal,1,SBJ.N3 JUMP-INTR,,SBJ-V.INTR,,5,SBJ-N3-JUMP-INTR.mp4,,,5.961,33.74,27.779000000000003,JUMP|SBJ.|N3,pif zilép bonip,1
ALP1202,ALP1202,1995-07-15,2026-05-09_11h29.23.423,BrocantoHPilot1MorphSession2,2,1,143,101,Production,,legal,1,SBJ.N4 HIDE-INTR,,SBJ-V.INTR,,1,SBJ-N4-HIDE-INTR.mp4,,,6.308,9.144,2.8360000000000003,HIDE|SBJ.|N4,pif dabi zsübe,1
ALP1202,ALP1202,1995-07-15,2026-05-09_11h29.23.423,BrocantoHPilot1MorphSession2,2,1,144,102,Production,,legal,2,OBJ.N5 SBJ.N2 PUSH-TR,,OBJ-SBJ-V.TR,,4,OBJ-N5-SBJ-N2-PUSH-TR.mp4,,,5.25,19.25,14,SBJ.|N2|OBJ.|N5|PUSH,pif murak fer timó vánta,1
ALP1202,ALP1202,1995-07-15,2026-05-09_11h29.23.423,BrocantoHPilot1MorphSession2,2,1,145,103,Production,,legal,1,SBJ.N5 REVEAL-INTR,,SBJ-V.INTR,,3,SBJ-N5-REVEAL-INTR.mp4,,,8.306,10.991,2.6850000000000005,SBJ.|N5|REVEAL,pif timó girda,1
ALP1202,ALP1202,1995-07-15,2026-05-09_11h29.23.423,BrocantoHPilot1MorphSession2,2,1,146,104,Production,,legal,1,SBJ.N3 HIDE-INTR,,SBJ-V.INTR,,0,SBJ-N3-HIDE-INTR.mp4,,,6.44,9.758,3.3179999999999987,SBJ.|N3|HIDE,pif zilép zsübe,1
ALP1202,ALP1202,1995-07-15,2026-05-09_11h29.23.423,BrocantoHPilot1MorphSession2,2,1,147,105,Production,,legal,2,OBJ.N5 SBJ.N2 PUSH-TR,,OBJ-SBJ-V.TR,,5,OBJ-N5-SBJ-N2-PUSH-TR.mp4,,,5.102,8.981,3.8789999999999996,SBJ.|N2|OBJ.|N5|PUSH,pif murak fer timó vánta,1
ALP1202,ALP1202,1995-07-15,2026-05-09_11h29.23.423,BrocantoHPilot1MorphSession2,2,1,148,106,Production,,legal,2,OBJ.N5 SBJ.N1 PUSH-TR,,OBJ-SBJ-V.TR,,1,OBJ-N5-SBJ-N1-PUSH-TR.mp4,,,13.267,18.926,5.658999999999999,SBJ.|N1|OBJ.|N5|PUSH,pif pekli fer timó vánta,1
ALP1202,ALP1202,1995-07-15,2026-05-09_11h29.23.423,BrocantoHPilot1MorphSession2,2,1,149,107,Production,,legal,3,OBJ.N5 SBJ.N2 HIDE-TR LOC.N3,,OBJ-SBJ-V.TR-LOC,,0,OBJ-N5-SBJ-N2-HIDE-TR-LOC-N3.mp4,,,6.565,37.618,31.053,HIDE|OBJ.|N5|LOC.|N3|SBJ.|N2,pif murak fer timó zsübe pa zilép,1
ALP1202,ALP1202,1995-07-15,2026-05-09_11h29.23.423,BrocantoHPilot1MorphSession2,2,1,150,108,Production,,legal,2,SBJ.N4 REVEAL-INTR LOC.N3,,SBJ-V.INTR-LOC,,2,SBJ-N4-REVEAL-INTR-LOC-N3.mp4,,,5.673,16.161,10.488000000000001,SBJ.|N4|REVEAL|LOC.|N3,pif dabi girda pa zilép,1
ALP1202,ALP1202,1995-07-15,2026-05-09_11h29.23.423,BrocantoHPilot1MorphSession2,2,1,151,109,Production,,legal,2,SBJ.N4 REVEAL-INTR LOC.N3,,SBJ-V.INTR-LOC,,3,SBJ-N4-REVEAL-INTR-LOC-N3.mp4,,,27.537,41.275,13.738,SBJ.|N4|REVEAL|LOC.|N3,pif dabi girda pa zilép,1
ALP1202,ALP1202,1995-07-15,2026-05-09_11h29.23.423,BrocantoHPilot1MorphSession2,2,1,152,110,Production,,legal,3,OBJ.N5 SBJ.N1 PUSH-TR LOC.N2,,OBJ-SBJ-V.TR-LOC,,1,OBJ-N5-SBJ-N1-PUSH-TR-LOC-N2.mp4,,,5.097,28.412,23.314999999999998,OBJ.|N5|PUSH|SBJ.|N1|LOC.|N2,pif pekli fer timó vánta pa murak,1
ALP1202,ALP1202,1995-07-15,2026-05-09_11h29.23.423,BrocantoHPilot1MorphSession2,2,1,153,111,Production,,legal,3,OBJ.N5 SBJ.N1 REVEAL-TR LOC.N3,,OBJ-SBJ-V.TR-LOC,,1,OBJ-N5-SBJ-N1-REVEAL-TR-LOC-N3.mp4,,,8.184,36.012,27.828000000000003,SBJ.|N1|LOC.|N3|OBJ.|N5|REVEAL,pif pekli fer timó girda pa zilép,1
ALP1202,ALP1202,1995-07-15,2026-05-09_11h29.23.423,BrocantoHPilot1MorphSession2,2,1,154,112,Production,,legal,2,SBJ.N1 REVEAL-INTR LOC.N5,,SBJ-V.INTR-LOC,,0,SBJ-N1-REVEAL-INTR-LOC-N5.mp4,,,7.651,21.108,13.457,REVEAL|SBJ.|N1|LOC.|N5,pif pekli girda pa timó,1
ALP1202,ALP1202,1995-07-15,2026-05-09_11h29.23.423,BrocantoHPilot1MorphSession2,2,1,155,113,Production,,legal,3,OBJ.N5 SBJ.N2 PUSH-TR LOC.N3,,OBJ-SBJ-V.TR-LOC,,0,OBJ-N5-SBJ-N2-PUSH-TR-LOC-N3.mp4,,,5.094,16.848,11.753999999999998,LOC.|N3|SBJ.|N2|OBJ.|N5|PUSH,pif murak vánta fer timó pa pekli,0
ALP1202,ALP1202,1995-07-15,2026-05-09_11h29.23.423,BrocantoHPilot1MorphSession2,2,1,156,114,Production,,legal,3,OBJ.N5 SBJ.N1 HIDE-TR LOC.N2,,OBJ-SBJ-V.TR-LOC,,4,OBJ-N5-SBJ-N1-HIDE-TR-LOC-N2.mp4,,,6.376,52.814,46.438,SBJ.|N1|LOC.|N2|HIDE|OBJ.|N5,pif pekli zsübe fer timó pa murak,1
ALP1202,ALP1202,1995-07-15,2026-05-09_11h29.23.423,BrocantoHPilot1MorphSession2,2,1,157,115,Production,,legal,3,OBJ.N5 SBJ.N2 PUSH-TR LOC.N4,,OBJ-SBJ-V.TR-LOC,,3,OBJ-N5-SBJ-N2-PUSH-TR-LOC-N4.mp4,,,5.077,36.499,31.422000000000004,SBJ.|N2|LOC.|N4|OBJ.|N5|PUSH,pif murak fer timó vánta pa dabi,1
ALP1202,ALP1202,1995-07-15,2026-05-09_11h29.23.423,BrocantoHPilot1MorphSession2,2,1,158,116,Production,,legal,2,OBJ.N5 SBJ.N3 REVEAL-TR,,OBJ-SBJ-V.TR,,9,OBJ-N5-SBJ-N3-REVEAL-TR.mp4,,,6.542,14.118,7.5760000000000005,OBJ.|N5|REVEAL|SBJ.|N3,pif zilép girda fer timó,1
ALP1202,ALP1202,1995-07-15,2026-05-09_11h29.23.423,BrocantoHPilot1MorphSession2,2,1,159,117,Production,,legal,3,OBJ.N5 SBJ.N3 HIDE-TR LOC.N4,,OBJ-SBJ-V.TR-LOC,,1,OBJ-N5-SBJ-N3-HIDE-TR-LOC-N4.mp4,,,6.054,26.451,20.397,OBJ.|N5|SBJ.|N3|HIDE|LOC.|N4,pif zilép zsübe fer timó pa dabi,1
ALP1202,ALP1202,1995-07-15,2026-05-09_11h29.23.423,BrocantoHPilot1MorphSession2,2,1,160,118,Production,,legal,2,Aa SBJ.N5 JUMP-INTR,,SBJ-V.INTR,,0,Aa-SBJ-N5-JUMP-INTR.mp4,,,4.152,19.145,14.992999999999999,JUMP|Aa|SBJ.|N5,pif timó gyék bonip,0
ALP1202,ALP1202,1995-07-15,2026-05-09_11h29.23.423,BrocantoHPilot1MorphSession2,2,1,161,119,Production,,legal,1,SBJ.N3 HIDE-INTR,,SBJ-V.INTR,,1,SBJ-N3-HIDE-INTR.mp4,,,12.356,18.515,6.159000000000001,SBJ.|N3|HIDE,pif zilép zsübe,1
ALP1202,ALP1202,1995-07-15,2026-05-09_11h29.23.423,BrocantoHPilot1MorphSession2,2,1,162,120,Production,,legal,2,SBJ.N3 GO-INTR LOC.N2,,SBJ-V.INTR-LOC,,1,SBJ-N3-GO-INTR-LOC-N2.mp4,,,10.323,18.696,8.373000000000001,LOC.|N2|GO|SBJ.|N3,pif zilép kávler pa murak,1
ALP1202,ALP1202,1995-07-15,2026-05-09_11h29.23.423,BrocantoHPilot1MorphSession2,2,1,163,121,Production,,legal,2,SBJ.N1 HIDE-INTR LOC.N5,,SBJ-V.INTR-LOC,,0,SBJ-N1-HIDE-INTR-LOC-N5.mp4,,,4.889,14.676,9.786999999999999,HIDE|LOC.|N5|SBJ.|N1,pif pekli zsübe pa timó,1
ALP1202,ALP1202,1995-07-15,2026-05-09_11h29.23.423,BrocantoHPilot1MorphSession2,2,1,164,122,Production,,legal,2,SBJ.N1 JUMP-INTR LOC.N5,,SBJ-V.INTR-LOC,,0,SBJ-N1-JUMP-INTR-LOC-N5.mp4,,,5.092,13.715,8.623000000000001,LOC.|N5|SBJ.|N1|JUMP,pif pekli bonip pa timó,1
ALP1202,ALP1202,1995-07-15,2026-05-09_11h29.23.423,BrocantoHPilot1MorphSession2,2,1,165,123,Production,,legal,2,SBJ.N5 GO-INTR LOC.N3,,SBJ-V.INTR-LOC,,1,SBJ-N5-GO-INTR-LOC-N3.mp4,,,7.207,12.609,5.402,GO|SBJ.|N5|LOC.|N3,pif timó kávler pa zilép,1
ALP1202,ALP1202,1995-07-15,2026-05-09_11h29.23.423,BrocantoHPilot1MorphSession2,2,1,166,124,Production,,legal,2,SBJ.N5 HIDE-INTR LOC.N2,,SBJ-V.INTR-LOC,,0,SBJ-N5-HIDE-INTR-LOC-N2.mp4,,,7.741,12.662,4.921000000000001,LOC.|N2|HIDE|SBJ.|N5,pif timó zsübe pa murak,1
ALP1202,ALP1202,1995-07-15,2026-05-09_11h29.23.423,BrocantoHPilot1MorphSession2,2,1,167,125,Production,,legal,3,OBJ.N5 SBJ.N3 HIDE-TR LOC.N2,,OBJ-SBJ-V.TR-LOC,,0,OBJ-N5-SBJ-N3-HIDE-TR-LOC-N2.mp4,,,5.751,25.639,19.887999999999998,HIDE|OBJ.|N5|LOC.|N2|SBJ.|N3,pif zilép zsübe fer timó pa murak,1
ALP1202,ALP1202,1995-07-15,2026-05-09_11h29.23.423,BrocantoHPilot1MorphSession2,2,1,168,126,Production,,legal,3,Ab OBJ.N5 SBJ.N2 HIDE-TR,,OBJ-SBJ-V.TR,,1,Ab-OBJ-N5-SBJ-N2-HIDE-TR.mp4,,,6.791,22.954,16.163,SBJ.|N2|Ab|OBJ.|N5|HIDE,pif murak zsübe fer timó zsot,0
ALP1202,ALP1202,1995-07-15,2026-05-09_11h29.23.423,BrocantoHPilot1MorphSession2,2,,,127,Chunk,,legal,,,,,,,,,N5-N5.mp3,2.954,9.204,6.25,,5,
ALP1202,ALP1202,1995-07-15,2026-05-09_11h29.23.423,BrocantoHPilot1MorphSession2,2,,,128,Chunk,,legal,,,,,,8,,,JUMP-SBJ.mp3,2.608,4.282,1.674,,6,
ALP1202,ALP1202,1995-07-15,2026-05-09_11h29.23.423,BrocantoHPilot1MorphSession2,2,,,129,Chunk,,legal,,,,,,,,,N3-N3.mp3,2.984,3.557,0.573,,6,
ALP1202,ALP1202,1995-07-15,2026-05-09_11h29.23.423,BrocantoHPilot1MorphSession2,2,,,130,Chunk,,legal,,,,,,7,,,N2-LOC.mp3,2.017,3.709,1.6920000000000002,,6,
ALP1202,ALP1202,1995-07-15,2026-05-09_11h29.23.423,BrocantoHPilot1MorphSession2,2,,,131,Chunk,,legal,,,,,,2,,,N2-GO.mp3,2.776,2.806,0.03000000000000025,,6,
ALP1202,ALP1202,1995-07-15,2026-05-09_11h29.23.423,BrocantoHPilot1MorphSession2,2,,,132,Chunk,,legal,,,,,,,,,REVEAL-Ab.mp3,2.366,2.985,0.6189999999999998,,6,
ALP1202,ALP1202,1995-07-15,2026-05-09_11h29.23.423,BrocantoHPilot1MorphSession2,2,,,133,Chunk,,legal,,,,,,3,,,N4-SBJ.mp3,2.175,2.631,0.45599999999999996,,6,
ALP1202,ALP1202,1995-07-15,2026-05-09_11h29.23.423,BrocantoHPilot1MorphSession2,2,,,134,Chunk,,legal,,,,,,,,,N3-N3.mp3,3.357,4.126,0.7690000000000001,,6,
ALP1202,ALP1202,1995-07-15,2026-05-09_11h29.23.423,BrocantoHPilot1MorphSession2,2,,,135,Chunk,,legal,,,,,,,,,SBJ-JUMP.mp3,2.273,2.951,0.6779999999999999,,6,
ALP1202,ALP1202,1995-07-15,2026-05-09_11h29.23.423,BrocantoHPilot1MorphSession2,2,,,136,Chunk,,legal,,,,,,4,,,N2-SBJ.mp3,4.573,4.752,0.17899999999999938,,6,
ALP1202,ALP1202,1995-07-15,2026-05-09_11h29.23.423,BrocantoHPilot1MorphSession2,2,,,137,Chunk,,legal,,,,,,,,,N1-N5.mp3,2.08,2.376,0.2959999999999998,,6,
ALP1202,ALP1202,1995-07-15,2026-05-09_11h29.23.423,BrocantoHPilot1MorphSession2,2,,,138,Chunk,,legal,,,,,,,,,LOC-Aa.mp3,1.88,3.12,1.2400000000000002,,6,
ALP1202,ALP1202,1995-07-15,2026-05-09_11h29.23.423,BrocantoHPilot1MorphSession2,2,,,139,Chunk,,legal,,,,,,1,,,PUSH-LOC.mp3,3.047,17.829,14.782,,6,
ALP1202,ALP1202,1995-07-15,2026-05-09_11h29.23.423,BrocantoHPilot1MorphSession2,2,,,140,Chunk,,legal,,,,,,3,,,N4-LOC.mp3,4.854,5.601,0.7469999999999999,,6,
ALP1202,ALP1202,1995-07-15,2026-05-09_11h29.23.423,BrocantoHPilot1MorphSession2,2,,,141,Chunk,,legal,,,,,,,,,N5-N5.mp3,4.702,5.345,0.6429999999999998,,6,
ALP1202,ALP1202,1995-07-15,2026-05-09_11h29.23.423,BrocantoHPilot1MorphSession2,2,,,142,Chunk,,legal,,,,,,2,,,Aa-SBJ.mp3,1.95,2.815,0.865,,6,
ALP1202,ALP1202,1995-07-15,2026-05-09_11h29.23.423,BrocantoHPilot1MorphSession2,2,,,143,Chunk,,legal,,,,,,,,,LOC-GO.mp3,1.923,2.43,0.5070000000000001,,6,
ALP1202,ALP1202,1995-07-15,2026-05-09_11h29.23.423,BrocantoHPilot1MorphSession2,2,,,144,Chunk,,legal,,,,,,,,,N5-N5.mp3,4.671,29.158,24.487000000000002,,1,
ALP1202,ALP1202,1995-07-15,2026-05-09_11h29.23.423,BrocantoHPilot1MorphSession2,2,,,145,Chunk,,legal,,,,,,18,,,LOC-N2.mp3,1.984,6.32,4.336,,6,
ALP1202,ALP1202,1995-07-15,2026-05-09_11h29.23.423,BrocantoHPilot1MorphSession2,2,,,146,Chunk,,legal,,,,,,6,,,HIDE-LOC.mp3,4.557,10.598,6.041,,6,
ALP1202,ALP1202,1995-07-15,2026-05-09_11h29.23.423,BrocantoHPilot1MorphSession2,2,,,147,GJ,,,,,,,,5,,,SBJ-N4-OBJ-N5-PUSH-TR.mp3,5.033,6.227,1.194,,6,
ALP1202,ALP1202,1995-07-15,2026-05-09_11h29.23.423,BrocantoHPilot1MorphSession2,2,1,203,148,GJ,verb_frame,illegal,,SBJ.N4 PUSH-TR,,OBJ-SBJ-V.TR,,,,,SBJ-N4-PUSH-TR.mp3,10.523,21.247,10.724,,1,
ALP1202,ALP1202,1995-07-15,2026-05-09_11h29.23.423,BrocantoHPilot1MorphSession2,2,1,205,149,GJ,verb_frame_and_NP_structure,illegal,,SBJ.N2 Ab PUSH-TR,,OBJ-SBJ-V.TR,,,,,SBJ-N2-Ab-PUSH-TR.mp3,4.243,11.183,6.9399999999999995,,2,
ALP1202,ALP1202,1995-07-15,2026-05-09_11h29.23.423,BrocantoHPilot1MorphSession2,2,,,150,GJ,,,,,,,,,,,PUSH-TR-Ab-SBJ-N1.mp3,3.167,29.652,26.485,,1,
ALP1202,ALP1202,1995-07-15,2026-05-09_11h29.23.423,BrocantoHPilot1MorphSession2,2,1,198,151,GJ,,legal,2,Ab SBJ.N5 JUMP-INTR,,SBJ-V.INTR,,0,,,Ab-SBJ-N5-JUMP-INTR.mp3,3.189,10.629,7.4399999999999995,,3,
ALP1202,ALP1202,1995-07-15,2026-05-09_11h29.23.423,BrocantoHPilot1MorphSession2,2,1,206,152,GJ,verb_frame_and_NP_structure,illegal,,OBJ.N1 SBJ.N2 Ab GO-INTR,,SBJ-V.INTR,,,,,OBJ-N1-SBJ-N2-Ab-GO-INTR.mp3,5.59,12.052,6.462,,4,
ALP1202,ALP1202,1995-07-15,2026-05-09_11h29.23.423,BrocantoHPilot1MorphSession2,2,1,202,153,GJ,verb_frame,illegal,,HIDE-TR LOC.N4,,OBJ-SBJ-V.TR-LOC,,,,,HIDE-TR-LOC-N4.mp3,6.554,11.445,4.891,,1,
ALP1202,ALP1202,1995-07-15,2026-05-09_11h29.23.423,BrocantoHPilot1MorphSession2,2,,,154,GJ,,,,,,,,1,,,PUSH-TR-Ab-SBJ-N1-OBJ-N5.mp3,7.168,13.109,5.941,,4,
ALP1202,ALP1202,1995-07-15,2026-05-09_11h29.23.423,BrocantoHPilot1MorphSession2,2,,,155,GJ,,,,,,,,0,,,Ab-SBJ-N2-OBJ-N4-PUSH-TR.mp3,5.098,44.427,39.329,,5,
ALP1202,ALP1202,1995-07-15,2026-05-09_11h29.23.423,BrocantoHPilot1MorphSession2,2,,,156,GJ,,,,,,,,6,,,JUMP-INTR-SBJ-N3.mp3,3.742,5.505,1.763,,5,
ALP1202,ALP1202,1995-07-15,2026-05-09_11h29.23.423,BrocantoHPilot1MorphSession2,2,1,204,157,GJ,verb_frame_and_NP_structure,illegal,,OBJ.N1 SBJ.N4 Ab JUMP-INTR,,SBJ-V.INTR,,,,,OBJ-N1-SBJ-N4-Ab-JUMP-INTR.mp3,4.856,8.727,3.8710000000000004,,5,
ALP1202,ALP1202,1995-07-15,2026-05-09_11h29.23.423,BrocantoHPilot1MorphSession2,2,1,192,158,GJ,,legal,3,OBJ.N5 SBJ.N3 HIDE-TR LOC.N4,,OBJ-SBJ-V.TR-LOC,,2,,,OBJ-N5-SBJ-N3-HIDE-TR-LOC-N4.mp3,4.714,6.284,1.5699999999999994,,5,
ALP1202,ALP1202,1995-07-15,2026-05-09_11h29.23.423,BrocantoHPilot1MorphSession2,2,1,194,159,GJ,,legal,2,Ab SBJ.N4 JUMP-INTR,,SBJ-V.INTR,,0,,,Ab-SBJ-N4-JUMP-INTR.mp3,4.066,32.974,28.907999999999998,,6,
ALP1202,ALP1202,1995-07-15,2026-05-09_11h29.23.423,BrocantoHPilot1MorphSession2,2,1,208,160,GJ,verb_frame_and_NP_structure,illegal,,OBJ.N1 SBJ.N5 Ab JUMP-INTR,,SBJ-V.INTR,,,,,OBJ-N1-SBJ-N5-Ab-JUMP-INTR.mp3,6.037,7.427,1.3899999999999997,,5,
ALP1202,ALP1202,1995-07-15,2026-05-09_11h29.23.423,BrocantoHPilot1MorphSession2,2,1,207,161,GJ,verb_frame_and_NP_structure,illegal,,SBJ.N3 Aa PUSH-TR,,OBJ-SBJ-V.TR,,,,,SBJ-N3-Aa-PUSH-TR.mp3,10.896,19.038,8.142,,2,
ALP1202,ALP1202,1995-07-15,2026-05-09_11h29.23.423,BrocantoHPilot1MorphSession2,2,,,162,GJ,,,,,,,,,,,OBJ-N1-JUMP-INTR-SBJ-N3.mp3,3.998,4.864,0.8659999999999997,,6,
ALP1202,ALP1202,1995-07-15,2026-05-09_11h29.23.423,BrocantoHPilot1MorphSession2,2,1,196,163,GJ,,legal,2,Ab SBJ.N2 GO-INTR,,SBJ-V.INTR,,0,,,Ab-SBJ-N2-GO-INTR.mp3,3.259,4.569,1.31,,6,
ALP1202,ALP1202,1995-07-15,2026-05-09_11h29.23.423,BrocantoHPilot1MorphSession2,2,1,201,164,GJ,verb_frame,illegal,,SBJ.N4 REVEAL-INTR LOC.N3 LOC.N1,,SBJ-V.INTR-LOC,,,,,SBJ-N4-REVEAL-INTR-LOC-N3-LOC-N1.mp3,5,7.655,2.6550000000000002,,6,
ALP1202,ALP1202,1995-07-15,2026-05-09_11h29.23.423,BrocantoHPilot1MorphSession2,2,1,191,165,GJ,,legal,2,SBJ.N4 REVEAL-INTR LOC.N3,,SBJ-V.INTR-LOC,,4,,,SBJ-N4-REVEAL-INTR-LOC-N3.mp3,4.988,6.315,1.327,,6,
ALP1202,ALP1202,1995-07-15,2026-05-09_11h29.23.423,BrocantoHPilot1MorphSession2,2,,,166,GJ,,,,,,,,0,,,PUSH-TR-OBJ-N2-Aa-SBJ-N3.mp3,4.364,4.399,0.03500000000000014,,5,
ALP1202,ALP1202,1995-07-15,2026-05-09_11h29.23.423,BrocantoHPilot1MorphSession2,2,2,209,167,Passive,,legal,3,OBJ.N5 SBJ.N4 PUSH-TR LOC.N1,,OBJ-SBJ-V.TR-LOC,,0,OBJ-N5-SBJ-N4-PUSH-TR-LOC-N1.mp4,,LOC-N1-OBJ-N5-SBJ-N4-PUSH-TR.mp3,3936.942,3943.461,6.518999999999778,,,
ALP1202,ALP1202,1995-07-15,2026-05-09_11h29.23.423,BrocantoHPilot1MorphSession2,2,2,210,168,Passive,,legal,2,SBJ.N3 REVEAL-INTR LOC.N2,,SBJ-V.INTR-LOC,,0,SBJ-N3-REVEAL-INTR-LOC-N2.mp4,,LOC-N2-REVEAL-INTR-SBJ-N3.mp3,3943.462,3949.266,5.804000000000087,,,
ALP1202,ALP1202,1995-07-15,2026-05-09_11h29.23.423,BrocantoHPilot1MorphSession2,2,2,211,169,Passive,,legal,3,OBJ.N5 SBJ.N4 REVEAL-TR LOC.N1,,OBJ-SBJ-V.TR-LOC,,2,OBJ-N5-SBJ-N4-REVEAL-TR-LOC-N1.mp4,,OBJ-N5-LOC-N1-REVEAL-TR-SBJ-N4.mp3,3949.267,3959.214,9.947000000000116,,,
ALP1202,ALP1202,1995-07-15,2026-05-09_11h29.23.423,BrocantoHPilot1MorphSession2,2,2,212,170,Passive,,legal,2,SBJ.N5 REVEAL-INTR LOC.N3,,SBJ-V.INTR-LOC,,1,SBJ-N5-REVEAL-INTR-LOC-N3.mp4,,SBJ-N5-REVEAL-INTR-LOC-N3.mp3,3959.215,3965.939,6.723999999999705,,,
ALP1202,ALP1202,1995-07-15,2026-05-09_11h29.23.423,BrocantoHPilot1MorphSession2,2,2,213,171,Passive,,legal,2,Ab SBJ.N1 GO-INTR,,SBJ-V.INTR,,0,Ab-SBJ-N1-GO-INTR.mp4,,GO-INTR-Ab-SBJ-N1.mp3,3965.942,3972.465,6.523000000000138,,,
ALP1202,ALP1202,1995-07-15,2026-05-09_11h29.23.423,BrocantoHPilot1MorphSession2,2,2,214,172,Passive,,legal,3,Ab OBJ.N5 SBJ.N2 HIDE-TR,,OBJ-SBJ-V.TR,,2,Ab-OBJ-N5-SBJ-N2-HIDE-TR.mp4,,SBJ-N2-Ab-OBJ-N5-HIDE-TR.mp3,3972.467,3979.489,7.0219999999999345,,,
ALP1202,ALP1202,1995-07-15,2026-05-09_11h29.23.423,BrocantoHPilot1MorphSession2,2,2,215,173,Passive,,legal,2,Ab SBJ.N3 HIDE-INTR,,SBJ-V.INTR,,0,Ab-SBJ-N3-HIDE-INTR.mp4,,Ab-SBJ-N3-HIDE-INTR.mp3,3979.491,3986.031,6.539999999999964,,,
ALP1202,ALP1202,1995-07-15,2026-05-09_11h29.23.423,BrocantoHPilot1MorphSession2,2,2,216,174,Passive,,legal,3,OBJ.N5 SBJ.N4 PUSH-TR LOC.N1,,OBJ-SBJ-V.TR-LOC,,1,OBJ-N5-SBJ-N4-PUSH-TR-LOC-N1.mp4,,LOC-N1-OBJ-N5-SBJ-N4-PUSH-TR.mp3,3986.033,3993.322,7.289000000000215,,,
ALP1202,ALP1202,1995-07-15,2026-05-09_11h29.23.423,BrocantoHPilot1MorphSession2,2,2,217,175,Passive,,legal,2,OBJ.N5 SBJ.N4 REVEAL-TR,,OBJ-SBJ-V.TR,,4,OBJ-N5-SBJ-N4-REVEAL-TR.mp4,,REVEAL-TR-OBJ-N5-SBJ-N4.mp3,3993.324,3999.21,5.885999999999967,,,
ALP1202,ALP1202,1995-07-15,2026-05-09_11h29.23.423,BrocantoHPilot1MorphSession2,2,2,218,176,Passive,,legal,2,SBJ.N5 REVEAL-INTR LOC.N4,,SBJ-V.INTR-LOC,,1,SBJ-N5-REVEAL-INTR-LOC-N4.mp4,,SBJ-N5-LOC-N4-REVEAL-INTR.mp3,3999.212,4023.049,23.83699999999999,,,
ALP1202,ALP1202,1995-07-15,2026-05-09_11h29.23.423,BrocantoHPilot1MorphSession2,2,2,219,177,Passive,,legal,1,SBJ.N5 GO-INTR,,SBJ-V.INTR,,2,SBJ-N5-GO-INTR.mp4,,GO-INTR-SBJ-N5.mp3,4023.053,4029.699,6.6460000000001855,,,
ALP1202,ALP1202,1995-07-15,2026-05-09_11h29.23.423,BrocantoHPilot1MorphSession2,2,2,220,178,Passive,,legal,2,OBJ.N5 SBJ.N3 HIDE-TR,,OBJ-SBJ-V.TR,,1,OBJ-N5-SBJ-N3-HIDE-TR.mp4,,OBJ-N5-HIDE-TR-SBJ-N3.mp3,4029.701,4038.28,8.579000000000178,,,
ALP1202,ALP1202,1995-07-15,2026-05-09_11h29.23.423,BrocantoHPilot1MorphSession2,2,2,221,179,Passive,,legal,3,OBJ.N5 SBJ.N4 HIDE-TR LOC.N1,,OBJ-SBJ-V.TR-LOC,,1,OBJ-N5-SBJ-N4-HIDE-TR-LOC-N1.mp4,,LOC-N1-OBJ-N5-SBJ-N4-HIDE-TR.mp3,4038.283,4045.119,6.83600000000024,,,
ALP1202,ALP1202,1995-07-15,2026-05-09_11h29.23.423,BrocantoHPilot1MorphSession2,2,2,222,180,Passive,,legal,3,OBJ.N5 SBJ.N3 PUSH-TR LOC.N1,,OBJ-SBJ-V.TR-LOC,,1,OBJ-N5-SBJ-N3-PUSH-TR-LOC-N1.mp4,,PUSH-TR-LOC-N1-OBJ-N5-SBJ-N3.mp3,4045.124,4051.452,6.328000000000429,,,
ALP1202,ALP1202,1995-07-15,2026-05-09_11h29.23.423,BrocantoHPilot1MorphSession2,2,2,223,181,Passive,,legal,3,OBJ.N5 Ab SBJ.N2 REVEAL-TR,,OBJ-SBJ-V.TR,,0,OBJ-N5-Ab-SBJ-N2-REVEAL-TR.mp4,,OBJ-N5-Ab-SBJ-N2-REVEAL-TR.mp3,4051.453,4063.165,11.711999999999989,,,
ALP1202,ALP1202,1995-07-15,2026-05-09_11h29.23.423,BrocantoHPilot1MorphSession2,2,2,224,182,Passive,,legal,1,SBJ.N4 JUMP-INTR,,SBJ-V.INTR,,0,SBJ-N4-JUMP-INTR.mp4,,JUMP-INTR-SBJ-N4.mp3,4063.166,4069.713,6.5470000000000255,,,
ALP1202,ALP1202,1995-07-15,2026-05-09_11h29.23.423,BrocantoHPilot1MorphSession2,2,2,225,183,Passive,,legal,2,Ab SBJ.N4 JUMP-INTR,,SBJ-V.INTR,,0,Ab-SBJ-N4-JUMP-INTR.mp4,,Ab-SBJ-N4-JUMP-INTR.mp3,4069.714,4075.184,5.470000000000255,,,
ALP1202,ALP1202,1995-07-15,2026-05-09_11h29.23.423,BrocantoHPilot1MorphSession2,2,2,226,184,Passive,,legal,2,SBJ.N4 GO-INTR LOC.N1,,SBJ-V.INTR-LOC,,0,SBJ-N4-GO-INTR-LOC-N1.mp4,,GO-INTR-LOC-N1-SBJ-N4.mp3,4075.188,4081.126,5.938000000000102,,,
ALP1202,ALP1202,1995-07-15,2026-05-09_11h29.23.423,BrocantoHPilot1MorphSession2,2,2,227,185,Passive,,legal,2,SBJ.N3 HIDE-INTR LOC.N5,,SBJ-V.INTR-LOC,,0,SBJ-N3-HIDE-INTR-LOC-N5.mp4,,HIDE-INTR-LOC-N5-SBJ-N3.mp3,4081.127,4087.355,6.2280000000000655,,,
ALP1202,ALP1202,1995-07-15,2026-05-09_11h29.23.423,BrocantoHPilot1MorphSession2,2,2,228,186,Passive,,legal,2,SBJ.N1 JUMP-INTR LOC.N2,,SBJ-V.INTR-LOC,,0,SBJ-N1-JUMP-INTR-LOC-N2.mp4,,SBJ-N1-JUMP-INTR-LOC-N2.mp3,4087.358,4092.848,5.489999999999782,,,
ALP1202,ALP1202,1995-07-15,2026-05-09_11h29.23.423,BrocantoHPilot1MorphSession2,2,2,229,187,Passive,,legal,3,OBJ.N5 Ab SBJ.N4 REVEAL-TR,,OBJ-SBJ-V.TR,,1,OBJ-N5-Ab-SBJ-N4-REVEAL-TR.mp4,,OBJ-N5-Ab-SBJ-N4-REVEAL-TR.mp3,4092.849,4100.24,7.390999999999622,,,
ALP1202,ALP1202,1995-07-15,2026-05-09_11h29.23.423,BrocantoHPilot1MorphSession2,2,2,230,188,Passive,,legal,3,OBJ.N5 SBJ.N3 HIDE-TR LOC.N2,,OBJ-SBJ-V.TR-LOC,,1,OBJ-N5-SBJ-N3-HIDE-TR-LOC-N2.mp4,,HIDE-TR-OBJ-N5-LOC-N2-SBJ-N3.mp3,4100.241,4114.255,14.014000000000124,,,
ALP1202,ALP1202,1995-07-15,2026-05-09_11h29.23.423,BrocantoHPilot1MorphSession2,2,2,231,189,Passive,,legal,4,Ab SBJ.N5 REVEAL-INTR Ab LOC.N4,,SBJ-V.INTR-LOC,,0,Ab-SBJ-N5-REVEAL-INTR-Ab-LOC-N4.mp4,,REVEAL-INTR-Ab-LOC-N4-Ab-SBJ-N5.mp3,4114.26,4122.279,8.019000000000233,,,
ALP1202,ALP1202,1995-07-15,2026-05-09_11h29.23.423,BrocantoHPilot1MorphSession2,2,2,232,190,Passive,,legal,5,OBJ.N5 Ab SBJ.N4 PUSH-TR Ab LOC.N2,,OBJ-SBJ-V.TR-LOC,,0,OBJ-N5-Ab-SBJ-N4-PUSH-TR-Ab-LOC-N2.mp4,,PUSH-TR-Ab-SBJ-N4-Ab-LOC-N2-OBJ-N5.mp3,4122.28,4130.018,7.738000000000284,,,
ALP1202,ALP1202,1995-07-15,2026-05-09_11h29.23.423,BrocantoHPilot1MorphSession2,2,2,233,191,Passive,,legal,4,OBJ.N5 Ab SBJ.N2 REVEAL-TR LOC.N4,,OBJ-SBJ-V.TR-LOC,,0,OBJ-N5-Ab-SBJ-N2-REVEAL-TR-LOC-N4.mp4,,OBJ-N5-Ab-SBJ-N2-LOC-N4-REVEAL-TR.mp3,4130.02,4136.047,6.026999999999134,,,
ALP1202,ALP1202,1995-07-15,2026-05-09_11h29.23.423,BrocantoHPilot1MorphSession2,2,2,234,192,Passive,,legal,2,SBJ.N5 REVEAL-INTR LOC.N3,,SBJ-V.INTR-LOC,,2,SBJ-N5-REVEAL-INTR-LOC-N3.mp4,,SBJ-N5-REVEAL-INTR-LOC-N3.mp3,4136.047,4142.603,6.556000000000495,,,
ALP1202,ALP1202,1995-07-15,2026-05-09_11h29.23.423,BrocantoHPilot1MorphSession2,2,2,235,193,Passive,,legal,2,OBJ.N5 SBJ.N1 PUSH-TR,,OBJ-SBJ-V.TR,,2,OBJ-N5-SBJ-N1-PUSH-TR.mp4,,SBJ-N1-OBJ-N5-PUSH-TR.mp3,4142.606,4148.262,5.655999999999949,,,
ALP1202,ALP1202,1995-07-15,2026-05-09_11h29.23.423,BrocantoHPilot1MorphSession2,2,2,236,194,Passive,,legal,1,SBJ.N1 GO-INTR,,SBJ-V.INTR,,4,SBJ-N1-GO-INTR.mp4,,SBJ-N1-GO-INTR.mp3,4148.263,4153.302,5.03899999999976,,,
ALP1202,ALP1202,1995-07-15,2026-05-09_11h29.23.423,BrocantoHPilot1MorphSession2,2,2,237,195,Passive,,legal,3,OBJ.N5 SBJ.N1 REVEAL-TR LOC.N2,,OBJ-SBJ-V.TR-LOC,,1,OBJ-N5-SBJ-N1-REVEAL-TR-LOC-N2.mp4,,SBJ-N1-LOC-N2-REVEAL-TR-OBJ-N5.mp3,4153.305,4159.75,6.444999999999709,,,
ALP1202,ALP1202,1995-07-15,2026-05-09_11h29.23.423,BrocantoHPilot1MorphSession2,2,2,238,196,Passive,,legal,4,Ab SBJ.N4 REVEAL-INTR Ab LOC.N5,,SBJ-V.INTR-LOC,,0,Ab-SBJ-N4-REVEAL-INTR-Ab-LOC-N5.mp4,,Ab-SBJ-N4-REVEAL-INTR-Ab-LOC-N5.mp3,4159.752,4166.387,6.634999999999309,,,
ALP1202,ALP1202,1995-07-15,2026-05-09_11h29.23.423,BrocantoHPilot1MorphSession2,2,2,239,197,Passive,,legal,4,OBJ.N5 SBJ.N4 HIDE-TR Ab LOC.N1,,OBJ-SBJ-V.TR-LOC,,0,OBJ-N5-SBJ-N4-HIDE-TR-Ab-LOC-N1.mp4,,Ab-LOC-N1-SBJ-N4-OBJ-N5-HIDE-TR.mp3,4166.388,4173.79,7.402000000000044,,,
ALP1202,ALP1202,1995-07-15,2026-05-09_11h29.23.423,BrocantoHPilot1MorphSession2,2,2,240,198,Passive,,legal,3,OBJ.N5 Ab SBJ.N2 REVEAL-TR,,OBJ-SBJ-V.TR,,1,OBJ-N5-Ab-SBJ-N2-REVEAL-TR.mp4,,OBJ-N5-Ab-SBJ-N2-REVEAL-TR.mp3,4173.791,4179.615,5.823999999999614,,,
ALP1202,ALP1202,1995-07-15,2026-05-09_11h29.23.423,BrocantoHPilot1MorphSession2,2,2,241,199,Passive,,legal,2,Ab SBJ.N1 HIDE-INTR,,SBJ-V.INTR,,0,Ab-SBJ-N1-HIDE-INTR.mp4,,Ab-SBJ-N1-HIDE-INTR.mp3,4179.618,4185.521,5.902999999999338,,,
ALP1202,ALP1202,1995-07-15,2026-05-09_11h29.23.423,BrocantoHPilot1MorphSession2,2,2,242,200,Passive,,legal,3,OBJ.N5 SBJ.N4 HIDE-TR LOC.N2,,OBJ-SBJ-V.TR-LOC,,2,OBJ-N5-SBJ-N4-HIDE-TR-LOC-N2.mp4,,OBJ-N5-HIDE-TR-LOC-N2-SBJ-N4.mp3,4185.522,4190.713,5.1909999999998035,,,
ALP1202,ALP1202,1995-07-15,2026-05-09_11h29.23.423,BrocantoHPilot1MorphSession2,2,2,243,201,Passive,,legal,1,SBJ.N4 JUMP-INTR,,SBJ-V.INTR,,1,SBJ-N4-JUMP-INTR.mp4,,JUMP-INTR-SBJ-N4.mp3,4190.715,4195.718,5.002999999999702,,,
ALP1202,ALP1202,1995-07-15,2026-05-09_11h29.23.423,BrocantoHPilot1MorphSession2,2,2,244,202,Passive,,legal,2,OBJ.N5 SBJ.N1 PUSH-TR,,OBJ-SBJ-V.TR,,3,OBJ-N5-SBJ-N1-PUSH-TR.mp4,,SBJ-N1-OBJ-N5-PUSH-TR.mp3,4195.72,4201.395,5.675000000000182,,,
ALP1202,ALP1202,1995-07-15,2026-05-09_11h29.23.423,BrocantoHPilot1MorphSession2,2,2,245,203,Passive,,legal,2,Ab SBJ.N4 GO-INTR,,SBJ-V.INTR,,0,Ab-SBJ-N4-GO-INTR.mp4,,GO-INTR-Ab-SBJ-N4.mp3,4201.397,4260.719,59.322000000000116,,,
ALP1202,ALP1202,1995-07-15,2026-05-09_11h29.23.423,BrocantoHPilot1MorphSession2,2,2,246,204,Passive,,legal,3,Ab SBJ.N2 HIDE-INTR LOC.N1,,SBJ-V.INTR-LOC,,0,Ab-SBJ-N2-HIDE-INTR-LOC-N1.mp4,,LOC-N1-Ab-SBJ-N2-HIDE-INTR.mp3,4260.721,4266.764,6.043000000000575,,,
ALP1202,ALP1202,1995-07-15,2026-05-09_11h29.23.423,BrocantoHPilot1MorphSession2,2,2,247,205,Passive,,legal,4,Ab SBJ.N3 JUMP-INTR Ab LOC.N4,,SBJ-V.INTR-LOC,,0,Ab-SBJ-N3-JUMP-INTR-Ab-LOC-N4.mp4,,JUMP-INTR-Ab-SBJ-N3-Ab-LOC-N4.mp3,4266.765,4272.633,5.867999999999483,,,
ALP1202,ALP1202,1995-07-15,2026-05-09_11h29.23.423,BrocantoHPilot1MorphSession2,2,2,248,206,Passive,,legal,4,Aa SBJ.N4 GO-INTR Aa LOC.N5,,SBJ-V.INTR-LOC,,0,Aa-SBJ-N4-GO-INTR-Aa-LOC-N5.mp4,,GO-INTR-Aa-LOC-N5-Aa-SBJ-N4.mp3,4272.635,4288.612,15.976999999999862,,,
ALP1202,ALP1202,1995-07-15,2026-05-09_11h29.23.423,BrocantoHPilot1MorphSession2,2,2,249,207,Passive,,legal,4,OBJ.N5 SBJ.N2 PUSH-TR Ab LOC.N4,,OBJ-SBJ-V.TR-LOC,,0,OBJ-N5-SBJ-N2-PUSH-TR-Ab-LOC-N4.mp4,,PUSH-TR-SBJ-N2-OBJ-N5-Ab-LOC-N4.mp3,4288.613,4295.007,6.393999999999323,,,
ALP1202,ALP1202,1995-07-15,2026-05-09_11h29.23.423,BrocantoHPilot1MorphSession2,2,2,250,208,Passive,,legal,2,OBJ.N5 SBJ.N4 REVEAL-TR,,OBJ-SBJ-V.TR,,5,OBJ-N5-SBJ-N4-REVEAL-TR.mp4,,REVEAL-TR-OBJ-N5-SBJ-N4.mp3,4295.009,4300.569,5.5600000000004,,,
ALP1202,ALP1202,1995-07-15,2026-05-09_11h29.23.423,BrocantoHPilot1MorphSession2,2,,,209,Comprehension,,legal,,,,,,,SBJ-N3-REVEAL-INTR-LOC-N5.mp4,SBJ-N3-JUMP-INTR-LOC-N5.mp4,,18.142,27.235,9.093,2,2,1
ALP1202,ALP1202,1995-07-15,2026-05-09_11h29.23.423,BrocantoHPilot1MorphSession2,2,,,210,Comprehension,,legal,,,,,,,OBJ-N5-SBJ-N4-PUSH-TR-LOC-N2.mp4,OBJ-N4-SBJ-N5-REVEAL-TR-LOC-N2.mp4,,18.708,22.594,3.886000000000003,2,2,1
ALP1202,ALP1202,1995-07-15,2026-05-09_11h29.23.423,BrocantoHPilot1MorphSession2,2,,,211,Comprehension,,legal,,,,,,,OBJ-N5-SBJ-N4-HIDE-TR-LOC-N3.mp4,OBJ-N5-SBJ-N3-HIDE-TR-LOC-N4.mp4,,17.333,29.362,12.029,1,1,1
ALP1202,ALP1202,1995-07-15,2026-05-09_11h29.23.423,BrocantoHPilot1MorphSession2,2,,,212,Comprehension,,legal,,,,,,,SBJ-N1-REVEAL-INTR-LOC-N2.mp4,SBJ-N1-HIDE-INTR-LOC-N2.mp4,,15.605,23.28,7.675000000000001,1,1,1
ALP1202,ALP1202,1995-07-15,2026-05-09_11h29.23.423,BrocantoHPilot1MorphSession2,2,,,213,Comprehension,,legal,,,,,,,OBJ-N5-SBJ-N4-REVEAL-TR.mp4,OBJ-N4-SBJ-N5-PUSH-TR.mp4,,14.707,28.882,14.175,2,2,1
ALP1202,ALP1202,1995-07-15,2026-05-09_11h29.23.423,BrocantoHPilot1MorphSession2,2,,,214,Comprehension,,legal,,,,,,,SBJ-N2-GO-INTR.mp4,SBJ-N2-REVEAL-INTR.mp4,,15.231,15.14,-0.0909999999999993,2,2,1
ALP1202,ALP1202,1995-07-15,2026-05-09_11h29.23.423,BrocantoHPilot1MorphSession2,2,2,257,215,Comprehension,wrong_verb,legal,1,SBJ.N5 JUMP-INTR,SBJ.N5 HIDE-INTR,SBJ-V.INTR,SBJ-V.INTR,3,SBJ-N5-JUMP-INTR.mp4,SBJ-N5-HIDE-INTR.mp4,,13.93,14.711,0.7810000000000006,2,2,1
ALP1202,ALP1202,1995-07-15,2026-05-09_11h29.23.423,BrocantoHPilot1MorphSession2,2,,,216,Comprehension,,legal,,,,,,,OBJ-N5-SBJ-N1-PUSH-TR-LOC-N2.mp4,OBJ-N5-SBJ-N2-PUSH-TR-LOC-N1.mp4,,22.518,22.312,-0.20599999999999952,2,2,1
ALP1202,ALP1202,1995-07-15,2026-05-09_11h29.23.423,BrocantoHPilot1MorphSession2,2,,,217,Comprehension,,legal,,,,,,,SBJ-N1-REVEAL-INTR-LOC-N3.mp4,SBJ-N3-JUMP-INTR-LOC-N1.mp4,,16.897,18.875,1.9780000000000015,1,1,1
ALP1202,ALP1202,1995-07-15,2026-05-09_11h29.23.423,BrocantoHPilot1MorphSession2,2,,,218,Comprehension,,legal,,,,,,,Ab-OBJ-N5-SBJ-N1-REVEAL-TR.mp4,Aa-OBJ-N5-SBJ-N1-HIDE-TR.mp4,,20.474,26.345,5.870999999999999,2,2,1
ALP1202,ALP1202,1995-07-15,2026-05-09_11h29.23.423,BrocantoHPilot1MorphSession2,2,,,219,Comprehension,,legal,,,,,,,Ab-SBJ-N2-HIDE-INTR.mp4,Aa-SBJ-N2-HIDE-INTR.mp4,,16.815,18.31,1.4949999999999974,1,1,1
ALP1202,ALP1202,1995-07-15,2026-05-09_11h29.23.423,BrocantoHPilot1MorphSession2,2,,,220,Comprehension,,legal,,,,,,,OBJ-N5-SBJ-N1-HIDE-TR-LOC-N2.mp4,OBJ-N2-SBJ-N1-HIDE-TR-LOC-N5.mp4,,19.028,38.738,19.71,2,2,1
ALP1202,ALP1202,1995-07-15,2026-05-09_11h29.23.423,BrocantoHPilot1MorphSession2,2,,,221,Comprehension,,legal,,,,,,,OBJ-N5-Ab-SBJ-N1-HIDE-TR.mp4,Aa-OBJ-N1-SBJ-N5-HIDE-TR.mp4,,,25.137,,1,1,1
ALP1202,ALP1202,1995-07-15,2026-05-09_11h29.23.423,BrocantoHPilot1MorphSession2,2,,,222,Comprehension,,legal,,,,,,,OBJ-N5-Ab-SBJ-N1-REVEAL-TR.mp4,OBJ-N5-Aa-SBJ-N1-PUSH-TR.mp4,,17.184,17.515,0.3309999999999995,1,1,1
ALP1202,ALP1202,1995-07-15,2026-05-09_11h29.23.423,BrocantoHPilot1MorphSession2,2,,,223,Comprehension,,legal,,,,,,,OBJ-N5-SBJ-N4-PUSH-TR-LOC-N1.mp4,OBJ-N4-SBJ-N5-HIDE-TR-LOC-N1.mp4,,18.008,24.653,6.645,2,2,1
ALP1202,ALP1202,1995-07-15,2026-05-09_11h29.23.423,BrocantoHPilot1MorphSession2,2,2,266,224,Comprehension,wrong_adjective,legal,2,Ab SBJ.N2 GO-INTR,Aa SBJ.N2 GO-INTR,SBJ-V.INTR,SBJ-V.INTR,0,Ab-SBJ-N2-GO-INTR.mp4,Aa-SBJ-N2-GO-INTR.mp4,,14.412,21.299,6.886999999999999,1,1,1
ALP1202,ALP1202,1995-07-15,2026-05-09_11h29.23.423,BrocantoHPilot1MorphSession2,2,,,225,Comprehension,,legal,,,,,,,SBJ-N5-HIDE-INTR.mp4,SBJ-N5-REVEAL-INTR.mp4,,16.406,15.989,-0.41699999999999804,1,1,1
ALP1202,ALP1202,1995-07-15,2026-05-09_11h29.23.423,BrocantoHPilot1MorphSession2,2,,,226,Comprehension,,legal,,,,,,,SBJ-N1-JUMP-INTR-LOC-N3.mp4,SBJ-N3-JUMP-INTR-LOC-N1.mp4,,15.66,16.45,0.7899999999999991,1,1,1
ALP1202,ALP1202,1995-07-15,2026-05-09_11h29.23.423,BrocantoHPilot1MorphSession2,2,,,227,Comprehension,,legal,,,,,,,SBJ-N5-GO-INTR-LOC-N2.mp4,SBJ-N2-HIDE-INTR-LOC-N5.mp4,,18.197,25.378,7.181000000000001,1,1,1
ALP1202,ALP1202,1995-07-15,2026-05-09_11h29.23.423,BrocantoHPilot1MorphSession2,2,,,228,Comprehension,,legal,,,,,,,SBJ-N3-HIDE-INTR-LOC-N5.mp4,SBJ-N5-HIDE-INTR-LOC-N3.mp4,,23.338,31.574,8.236,2,2,1
ALP1202,ALP1202,1995-07-15,2026-05-09_11h29.23.423,BrocantoHPilot1MorphSession2,2,,,229,Comprehension,,legal,,,,,,,OBJ-N5-SBJ-N3-PUSH-TR-LOC-N1.mp4,OBJ-N5-SBJ-N3-REVEAL-TR-LOC-N1.mp4,,19.157,19.529,0.3719999999999999,1,1,1
ALP1202,ALP1202,1995-07-15,2026-05-09_11h29.23.423,BrocantoHPilot1MorphSession2,2,,,230,Comprehension,,legal,,,,,,,Ab-OBJ-N5-SBJ-N1-REVEAL-TR.mp4,OBJ-N1-Aa-SBJ-N5-REVEAL-TR.mp4,,17.105,24.683,7.577999999999999,1,1,1
ALP1202,ALP1202,1995-07-15,2026-05-09_11h29.23.423,BrocantoHPilot1MorphSession2,2,,,231,Comprehension,,legal,,,,,,,OBJ-N5-SBJ-N1-PUSH-TR-Ab-LOC-N3.mp4,OBJ-N5-SBJ-N1-REVEAL-TR-Aa-LOC-N3.mp4,,18.964,19.426,0.46199999999999974,1,1,1
ALP1202,ALP1202,1995-07-15,2026-05-09_11h29.23.423,BrocantoHPilot1MorphSession2,2,,,232,Comprehension,,legal,,,,,,,Ab-SBJ-N2-REVEAL-INTR-Ab-LOC-N4.mp4,Ab-SBJ-N4-REVEAL-INTR-Aa-LOC-N2.mp4,,19.836,35.513,15.677,2,2,1
ALP1202,ALP1202,1995-07-15,2026-05-09_11h29.23.423,BrocantoHPilot1MorphSession2,2,,,233,Comprehension,,legal,,,,,,,OBJ-N5-Ab-SBJ-N1-REVEAL-TR-Ab-LOC-N3.mp4,OBJ-N5-Ab-SBJ-N1-REVEAL-TR-Aa-LOC-N3.mp4,,62.29,69.751,7.461000000000006,1,1,1
ALP1202,ALP1202,1995-07-15,2026-05-09_11h29.23.423,BrocantoHPilot1MorphSession2,2,,,234,Comprehension,,legal,,,,,,,Ab-SBJ-N4-REVEAL-INTR-LOC-N3.mp4,Aa-SBJ-N4-JUMP-INTR-LOC-N3.mp4,,16.988,18.012,1.024000000000001,2,2,1
ALP1202,ALP1202,1995-07-15,2026-05-09_11h29.23.423,BrocantoHPilot1MorphSession2,2,,,235,Comprehension,,legal,,,,,,,Ab-SBJ-N5-REVEAL-INTR-Ab-LOC-N4.mp4,Ab-SBJ-N4-REVEAL-INTR-Aa-LOC-N5.mp4,,78.4,79.739,1.3389999999999986,2,2,1
ALP1202,ALP1202,1995-07-15,2026-05-09_11h29.23.423,BrocantoHPilot1MorphSession2,2,2,278,236,Comprehension,wrong_adjective,legal,3,Ab OBJ.N5 SBJ.N3 PUSH-TR,Aa OBJ.N5 SBJ.N3 PUSH-TR,OBJ-SBJ-V.TR,OBJ-SBJ-V.TR,0,Ab-OBJ-N5-SBJ-N3-PUSH-TR.mp4,Aa-OBJ-N5-SBJ-N3-PUSH-TR.mp4,,,19.809,,1,1,1
ALP1202,ALP1202,1995-07-15,2026-05-09_11h29.23.423,BrocantoHPilot1MorphSession2,2,2,279,237,Comprehension,wrong_verb_wrong_adjective,legal,2,Ab SBJ.N4 JUMP-INTR,Aa SBJ.N4 GO-INTR,SBJ-V.INTR,SBJ-V.INTR,1,Ab-SBJ-N4-JUMP-INTR.mp4,Aa-SBJ-N4-GO-INTR.mp4,,17.983,23.027,5.0440000000000005,1,2,0
ALP1202,ALP1202,1995-07-15,2026-05-09_11h29.23.423,BrocantoHPilot1MorphSession2,2,,,238,Comprehension,,legal,,,,,,,Ab-OBJ-N5-SBJ-N4-HIDE-TR-LOC-N3.mp4,OBJ-N3-SBJ-N4-HIDE-TR-Aa-LOC-N5.mp4,,60.462,69.599,9.137,1,1,1
ALP1202,ALP1202,1995-07-15,2026-05-09_11h29.23.423,BrocantoHPilot1MorphSession2,2,,,239,Comprehension,,legal,,,,,,,Ab-OBJ-N5-SBJ-N4-REVEAL-TR.mp4,Aa-OBJ-N5-SBJ-N4-REVEAL-TR.mp4,,,18.221,,2,2,1
ALP1202,ALP1202,1995-07-15,2026-05-09_11h29.23.423,BrocantoHPilot1MorphSession2,2,,,240,Comprehension,,legal,,,,,,,Ab-OBJ-N5-Ab-SBJ-N2-HIDE-TR-LOC-N4.mp4,Ab-OBJ-N5-Aa-SBJ-N2-REVEAL-TR-LOC-N4.mp4,,32.714,47.469,14.755000000000003,2,2,1
ALP1202,ALP1202,1995-07-15,2026-05-09_11h29.23.423,BrocantoHPilot1MorphSession2,2,,,241,Comprehension,,legal,,,,,,,Ab-SBJ-N4-GO-INTR.mp4,Aa-SBJ-N4-GO-INTR.mp4,,,13.797,,1,1,1
ALP1202,ALP1202,1995-07-15,2026-05-09_11h29.23.423,BrocantoHPilot1MorphSession2,2,,,242,Comprehension,,legal,,,,,,,Ab-OBJ-N5-Ab-SBJ-N1-PUSH-TR.mp4,Ab-OBJ-N1-Aa-SBJ-N5-PUSH-TR.mp4,,,12.392,,2,2,1
ALP1202,ALP1202,1995-07-15,2026-05-09_11h29.23.423,BrocantoHPilot1MorphSession2,2,,,243,Comprehension,,legal,,,,,,,Ab-SBJ-N5-HIDE-INTR.mp4,Aa-SBJ-N5-REVEAL-INTR.mp4,,70.901,70.102,-0.7989999999999924,1,1,1
ALP1202,ALP1202,1995-07-15,2026-05-09_11h29.23.423,BrocantoHPilot1MorphSession2,2,,,244,Comprehension,,legal,,,,,,,Ab-OBJ-N5-SBJ-N2-REVEAL-TR-Ab-LOC-N3.mp4,Ab-OBJ-N3-SBJ-N2-HIDE-TR-Ab-LOC-N5.mp4,,19.787,25.676,5.888999999999999,2,2,1
ALP1202,ALP1202,1995-07-15,2026-05-09_11h29.23.423,BrocantoHPilot1MorphSession2,2,,,245,Comprehension,,legal,,,,,,,Ab-SBJ-N5-HIDE-INTR.mp4,Ab-SBJ-N5-GO-INTR.mp4,,15.827,15.871,0.04400000000000048,1,1,1
ALP1202,ALP1202,1995-07-15,2026-05-09_11h29.23.423,BrocantoHPilot1MorphSession2,2,,,246,Comprehension,,legal,,,,,,,Ab-SBJ-N4-JUMP-INTR-LOC-N3.mp4,SBJ-N3-JUMP-INTR-Ab-LOC-N4.mp4,,15.631,26.595,10.963999999999999,1,1,1
ALP1202,ALP1202,1995-07-15,2026-05-09_11h29.23.423,BrocantoHPilot1MorphSession2,2,,,247,Comprehension,,legal,,,,,,,Ab-SBJ-N4-GO-INTR-Ab-LOC-N3.mp4,Ab-SBJ-N3-GO-INTR-Aa-LOC-N4.mp4,,,14.456,,1,1,1
ALP1202,ALP1202,1995-07-15,2026-05-09_11h29.23.423,BrocantoHPilot1MorphSession2,2,,,248,Comprehension,,legal,,,,,,,Ab-SBJ-N2-HIDE-INTR-Aa-LOC-N1.mp4,Ab-SBJ-N2-HIDE-INTR-Ab-LOC-N1.mp4,,,19.771,,2,1,0
ALP1202,ALP1202,1995-07-15,2026-05-09_11h29.23.423,BrocantoHPilot1MorphSession2,2,,,249,Comprehension,,legal,,,,,,,Ab-OBJ-N5-SBJ-N1-PUSH-TR-LOC-N4.mp4,OBJ-N1-Ab-SBJ-N5-HIDE-TR-LOC-N4.mp4,,26.685,28.484,1.799000000000003,2,2,1
ALP1202,ALP1202,1995-07-15,2026-05-09_11h29.23.423,BrocantoHPilot1MorphSession2,2,,,250,Comprehension,,legal,,,,,,,Ab-OBJ-N5-Ab-SBJ-N3-PUSH-TR.mp4,Ab-OBJ-N3-Ab-SBJ-N5-PUSH-TR.mp4,,21.256,20.875,-0.3810000000000002,1,1,1
ALP1202,ALP1202,1995-07-15,2026-05-09_11h29.23.423,BrocantoHPilot1MorphSession2,2,2,293,251,Production,,legal,2,SBJ.N4 REVEAL-INTR LOC.N5,,SBJ-V.INTR-LOC,,1,SBJ-N4-REVEAL-INTR-LOC-N5.mp4,,,7.869,12.991,5.122,REVEAL|SBJ.|N4|LOC.|N5,pif dabi girda pa timó,1
ALP1202,ALP1202,1995-07-15,2026-05-09_11h29.23.423,BrocantoHPilot1MorphSession2,2,2,294,252,Production,,legal,3,OBJ.N5 SBJ.N4 HIDE-TR LOC.N3,,OBJ-SBJ-V.TR-LOC,,2,OBJ-N5-SBJ-N4-HIDE-TR-LOC-N3.mp4,,,6.026,46.009,39.983000000000004,SBJ.|N4|OBJ.|N5|LOC.|N3|HIDE,pif dabi zsübe fer timó pa zilép,1
ALP1202,ALP1202,1995-07-15,2026-05-09_11h29.23.423,BrocantoHPilot1MorphSession2,2,2,295,253,Production,,legal,2,SBJ.N3 REVEAL-INTR LOC.N4,,SBJ-V.INTR-LOC,,1,SBJ-N3-REVEAL-INTR-LOC-N4.mp4,,,7.608,32.718,25.110000000000003,SBJ.|N3|REVEAL|LOC.|N4,pif zilép girda zsot pa dabi,0
ALP1202,ALP1202,1995-07-15,2026-05-09_11h29.23.423,BrocantoHPilot1MorphSession2,2,2,296,254,Production,,legal,3,OBJ.N5 SBJ.N1 REVEAL-TR LOC.N4,,OBJ-SBJ-V.TR-LOC,,0,OBJ-N5-SBJ-N1-REVEAL-TR-LOC-N4.mp4,,,9.063,45.94,36.876999999999995,LOC.|N4|OBJ.|N5|SBJ.|N1|REVEAL,pif pekli girda fer timó pa dabi,1
ALP1202,ALP1202,1995-07-15,2026-05-09_11h29.23.423,BrocantoHPilot1MorphSession2,2,2,297,255,Production,,legal,1,SBJ.N3 JUMP-INTR,,SBJ-V.INTR,,6,SBJ-N3-JUMP-INTR.mp4,,,6.19,10.149,3.9589999999999987,JUMP|SBJ.|N3,pif zilép bonip,1
ALP1202,ALP1202,1995-07-15,2026-05-09_11h29.23.423,BrocantoHPilot1MorphSession2,2,2,298,256,Production,,legal,3,OBJ.N5 Ab SBJ.N3 PUSH-TR,,OBJ-SBJ-V.TR,,0,OBJ-N5-Ab-SBJ-N3-PUSH-TR.mp4,,,5.429,13.801,8.372,Ab|SBJ.|N3|OBJ.|N5|PUSH,zsot pif zilép fer timó vánta,1
ALP1202,ALP1202,1995-07-15,2026-05-09_11h29.23.423,BrocantoHPilot1MorphSession2,2,2,299,257,Production,,legal,2,Ab SBJ.N4 HIDE-INTR,,SBJ-V.INTR,,1,Ab-SBJ-N4-HIDE-INTR.mp4,,,7.658,14.384,6.726,HIDE|Ab|SBJ.|N4,pif dabi zsübe,0
ALP1202,ALP1202,1995-07-15,2026-05-09_11h29.23.423,BrocantoHPilot1MorphSession2,2,2,300,258,Production,,legal,2,SBJ.N2 REVEAL-INTR LOC.N3,,SBJ-V.INTR-LOC,,0,SBJ-N2-REVEAL-INTR-LOC-N3.mp4,,,7.372,19.334,11.962,LOC.|N3|REVEAL|SBJ.|N2,pif murak girda,0
ALP1202,ALP1202,1995-07-15,2026-05-09_11h29.23.423,BrocantoHPilot1MorphSession2,2,2,301,259,Production,,legal,2,OBJ.N5 SBJ.N3 PUSH-TR,,OBJ-SBJ-V.TR,,1,OBJ-N5-SBJ-N3-PUSH-TR.mp4,,,4.534,11.94,7.406,SBJ.|N3|OBJ.|N5|PUSH,pif zilép fer timó vánta,1
ALP1202,ALP1202,1995-07-15,2026-05-09_11h29.23.423,BrocantoHPilot1MorphSession2,2,2,302,260,Production,,legal,3,OBJ.N5 SBJ.N1 HIDE-TR LOC.N4,,OBJ-SBJ-V.TR-LOC,,0,OBJ-N5-SBJ-N1-HIDE-TR-LOC-N4.mp4,,,9.079,30.8,21.721,HIDE|SBJ.|N1|LOC.|N4|OBJ.|N5,pif pekli fer timó zsübe pa dabi,1
ALP1202,ALP1202,1995-07-15,2026-05-09_11h29.23.423,BrocantoHPilot1MorphSession2,2,2,303,261,Production,,legal,3,OBJ.N5 SBJ.N2 REVEAL-TR LOC.N1,,OBJ-SBJ-V.TR-LOC,,0,OBJ-N5-SBJ-N2-REVEAL-TR-LOC-N1.mp4,,,8.044,54.155,46.111000000000004,OBJ.|N5|LOC.|N1|SBJ.|N2|REVEAL,pif murak girda fer timó pa pekli,1
ALP1202,ALP1202,1995-07-15,2026-05-09_11h29.23.423,BrocantoHPilot1MorphSession2,2,2,304,262,Production,,legal,3,Ab OBJ.N5 SBJ.N1 PUSH-TR,,OBJ-SBJ-V.TR,,0,Ab-OBJ-N5-SBJ-N1-PUSH-TR.mp4,,,5.32,24.701,19.381,Ab|OBJ.|N5|PUSH|SBJ.|N1,pif pekli zsot fer timó vánta,1
ALP1202,ALP1202,1995-07-15,2026-05-09_11h29.23.423,BrocantoHPilot1MorphSession2,2,2,305,263,Production,,legal,1,SBJ.N2 JUMP-INTR,,SBJ-V.INTR,,1,SBJ-N2-JUMP-INTR.mp4,,,257.543,263.156,5.6129999999999995,SBJ.|N2|JUMP,pif murak bonip,1
ALP1202,ALP1202,1995-07-15,2026-05-09_11h29.23.423,BrocantoHPilot1MorphSession2,2,2,306,264,Production,,legal,2,Ab SBJ.N1 GO-INTR,,SBJ-V.INTR,,1,Ab-SBJ-N1-GO-INTR.mp4,,,4.737,12.35,7.6129999999999995,GO|Ab|SBJ.|N1,zsot pif pekli kávler,1
ALP1202,ALP1202,1995-07-15,2026-05-09_11h29.23.423,BrocantoHPilot1MorphSession2,2,2,307,265,Production,,legal,3,OBJ.N5 Ab SBJ.N3 HIDE-TR,,OBJ-SBJ-V.TR,,0,OBJ-N5-Ab-SBJ-N3-HIDE-TR.mp4,,,6.756,14.075,7.318999999999999,OBJ.|N5|HIDE|Ab|SBJ.|N3,zsot pif zilép zsübe fer timó,1
ALP1202,ALP1202,1995-07-15,2026-05-09_11h29.23.423,BrocantoHPilot1MorphSession2,2,2,308,266,Production,,legal,3,OBJ.N5 SBJ.N2 REVEAL-TR LOC.N4,,OBJ-SBJ-V.TR-LOC,,0,OBJ-N5-SBJ-N2-REVEAL-TR-LOC-N4.mp4,,,5.752,39.103,33.351,LOC.|N4|SBJ.|N2|OBJ.|N5|REVEAL,pif murak girda fer timó pa dabi,1
ALP1202,ALP1202,1995-07-15,2026-05-09_11h29.23.423,BrocantoHPilot1MorphSession2,2,2,309,267,Production,,legal,2,Ab SBJ.N5 JUMP-INTR,,SBJ-V.INTR,,0,Ab-SBJ-N5-JUMP-INTR.mp4,,,4.882,10.128,5.246,Ab|SBJ.|N5|JUMP,zsot pif timó bonip,1
ALP1202,ALP1202,1995-07-15,2026-05-09_11h29.23.423,BrocantoHPilot1MorphSession2,2,2,310,268,Production,,legal,2,SBJ.N3 HIDE-INTR LOC.N5,,SBJ-V.INTR-LOC,,2,SBJ-N3-HIDE-INTR-LOC-N5.mp4,,,5.676,13.73,8.054,HIDE|LOC.|N5|SBJ.|N3,pif zilép zsübe pa timó,1
ALP1202,ALP1202,1995-07-15,2026-05-09_11h29.23.423,BrocantoHPilot1MorphSession2,2,2,311,269,Production,,legal,2,SBJ.N3 GO-INTR LOC.N4,,SBJ-V.INTR-LOC,,0,SBJ-N3-GO-INTR-LOC-N4.mp4,,,6.659,13.12,6.460999999999999,LOC.|N4|GO|SBJ.|N3,pif zilép kávler pa dabi,1
ALP1202,ALP1202,1995-07-15,2026-05-09_11h29.23.423,BrocantoHPilot1MorphSession2,2,2,312,270,Production,,legal,2,SBJ.N4 JUMP-INTR LOC.N3,,SBJ-V.INTR-LOC,,0,SBJ-N4-JUMP-INTR-LOC-N3.mp4,,,5.349,23.764,18.415,JUMP|LOC.|N3|SBJ.|N4,pif dabi bonip pa zilép,1
ALP1202,ALP1202,1995-07-15,2026-05-09_11h29.23.423,BrocantoHPilot1MorphSession2,2,2,313,271,Production,,legal,3,OBJ.N5 SBJ.N1 PUSH-TR LOC.N3,,OBJ-SBJ-V.TR-LOC,,0,OBJ-N5-SBJ-N1-PUSH-TR-LOC-N3.mp4,,,4.754,21.05,16.296,SBJ.|N1|LOC.|N3|PUSH|OBJ.|N5,pif pekli fer timó vánta pa zilép,1
ALP1202,ALP1202,1995-07-15,2026-05-09_11h29.23.423,BrocantoHPilot1MorphSession2,2,2,314,272,Production,,legal,3,OBJ.N5 Ab SBJ.N1 REVEAL-TR,,OBJ-SBJ-V.TR,,1,OBJ-N5-Ab-SBJ-N1-REVEAL-TR.mp4,,,6.411,14.914,8.503,Ab|SBJ.|N1|OBJ.|N5|REVEAL,zsot pif pekli fer timó girda,1
ALP1202,ALP1202,1995-07-15,2026-05-09_11h29.23.423,BrocantoHPilot1MorphSession2,2,2,315,273,Production,,legal,5,Ab OBJ.N5 Ab SBJ.N1 REVEAL-TR LOC.N2,,OBJ-SBJ-V.TR-LOC,,0,Ab-OBJ-N5-Ab-SBJ-N1-REVEAL-TR-LOC-N2.mp4,,,5.739,30.075,24.336,Ab|SBJ.|N1|REVEAL|Ab|OBJ.|N5|LOC.|N2,zsot pif pekli fer timó girda pa murak,0
ALP1202,ALP1202,1995-07-15,2026-05-09_11h29.23.423,BrocantoHPilot1MorphSession2,2,2,316,274,Production,,legal,2,SBJ.N1 REVEAL-INTR LOC.N5,,SBJ-V.INTR-LOC,,1,SBJ-N1-REVEAL-INTR-LOC-N5.mp4,,,7.356,12.504,5.148,REVEAL|SBJ.|N1|LOC.|N5,pif pekli girda pa timó,1
ALP1202,ALP1202,1995-07-15,2026-05-09_11h29.23.423,BrocantoHPilot1MorphSession2,2,2,317,275,Production,,legal,4,OBJ.N5 SBJ.N1 HIDE-TR Ab LOC.N4,,OBJ-SBJ-V.TR-LOC,,0,OBJ-N5-SBJ-N1-HIDE-TR-Ab-LOC-N4.mp4,,,6.63,41.612,34.982,Ab|LOC.|N4|SBJ.|N1|OBJ.|N5|HIDE,pif pekli zsübe fer timó pa dabi,0
ALP1202,ALP1202,1995-07-15,2026-05-09_11h29.23.423,BrocantoHPilot1MorphSession2,2,2,318,276,Production,,legal,3,Ab SBJ.N1 REVEAL-INTR LOC.N5,,SBJ-V.INTR-LOC,,0,Ab-SBJ-N1-REVEAL-INTR-LOC-N5.mp4,,,6.718,30.069,23.351,LOC.|N5|Ab|SBJ.|N1|REVEAL,zsot pif pekli girda pa timó,1
ALP1202,ALP1202,1995-07-15,2026-05-09_11h29.23.423,BrocantoHPilot1MorphSession2,2,2,319,277,Production,,legal,5,OBJ.N5 Ab SBJ.N4 REVEAL-TR Ab LOC.N1,,OBJ-SBJ-V.TR-LOC,,0,OBJ-N5-Ab-SBJ-N4-REVEAL-TR-Ab-LOC-N1.mp4,,,5.784,39.668,33.884,REVEAL|OBJ.|N5|Ab|LOC.|N1|Ab|SBJ.|N4,zsot pif dabi girda fer timó zsot pa pekli,1
ALP1202,ALP1202,1995-07-15,2026-05-09_11h29.23.423,BrocantoHPilot1MorphSession2,2,2,320,278,Production,,legal,3,Ab SBJ.N2 REVEAL-INTR LOC.N3,,SBJ-V.INTR-LOC,,0,Ab-SBJ-N2-REVEAL-INTR-LOC-N3.mp4,,,6.437,21.352,14.915,REVEAL|Ab|SBJ.|N2|LOC.|N3,zsot pif murak girda pa zilép,1
ALP1202,ALP1202,1995-07-15,2026-05-09_11h29.23.423,BrocantoHPilot1MorphSession2,2,2,321,279,Production,,legal,2,OBJ.N5 SBJ.N1 PUSH-TR,,OBJ-SBJ-V.TR,,4,OBJ-N5-SBJ-N1-PUSH-TR.mp4,,,5.475,22.191,16.716,SBJ.|N1|OBJ.|N5|PUSH,pif pekli fer murak vánta,0
ALP1202,ALP1202,1995-07-15,2026-05-09_11h29.23.423,BrocantoHPilot1MorphSession2,2,2,322,280,Production,,legal,1,SBJ.N2 GO-INTR,,SBJ-V.INTR,,4,SBJ-N2-GO-INTR.mp4,,,6.122,8.601,2.479000000000001,GO|SBJ.|N2,pif murak kávler,1
ALP1202,ALP1202,1995-07-15,2026-05-09_11h29.23.423,BrocantoHPilot1MorphSession2,2,2,323,281,Production,,legal,3,OBJ.N5 SBJ.N3 HIDE-TR LOC.N1,,OBJ-SBJ-V.TR-LOC,,0,OBJ-N5-SBJ-N3-HIDE-TR-LOC-N1.mp4,,,6.505,23.887,17.382,SBJ.|N3|OBJ.|N5|HIDE|LOC.|N1,pif zilép zsübe fer timó,0
ALP1202,ALP1202,1995-07-15,2026-05-09_11h29.23.423,BrocantoHPilot1MorphSession2,2,2,324,282,Production,,legal,4,Ab OBJ.N5 Aa SBJ.N5 REVEAL-TR,,OBJ-SBJ-V.TR,,0,Ab-OBJ-N5-Aa-SBJ-N5-REVEAL-TR.mp4,,,5.826,37.431,31.604999999999997,Aa|SBJ.|N5|REVEAL|Ab|OBJ.|N5,gyék pif timó girda zsot fer timó,1
ALP1202,ALP1202,1995-07-15,2026-05-09_11h29.23.423,BrocantoHPilot1MorphSession2,2,2,325,283,Production,,legal,2,Ab SBJ.N1 HIDE-INTR,,SBJ-V.INTR,,1,Ab-SBJ-N1-HIDE-INTR.mp4,,,5.349,20.883,15.533999999999999,Ab|SBJ.|N1|HIDE,zsot pif pekli zsübe,1
ALP1202,ALP1202,1995-07-15,2026-05-09_11h29.23.423,BrocantoHPilot1MorphSession2,2,2,326,284,Production,,legal,2,OBJ.N5 SBJ.N4 PUSH-TR,,OBJ-SBJ-V.TR,,5,OBJ-N5-SBJ-N4-PUSH-TR.mp4,,,5.115,31.845,26.729999999999997,SBJ.|N4|OBJ.|N5|PUSH,pif dabi fer timó vánta,1
ALP1202,ALP1202,1995-07-15,2026-05-09_11h29.23.423,BrocantoHPilot1MorphSession2,2,2,327,285,Production,,legal,6,Ab OBJ.N5 Ab SBJ.N3 HIDE-TR Ab LOC.N1,,OBJ-SBJ-V.TR-LOC,,0,Ab-OBJ-N5-Ab-SBJ-N3-HIDE-TR-Ab-LOC-N1.mp4,,,5.345,25.491,20.146,Ab|LOC.|N1|Ab|OBJ.|N5|HIDE|Ab|SBJ.|N3,zsot pif zilép zsübe zsot fer timó,0
ALP1202,ALP1202,1995-07-15,2026-05-09_11h29.23.423,BrocantoHPilot1MorphSession2,2,2,328,286,Production,,legal,2,Ab SBJ.N3 JUMP-INTR,,SBJ-V.INTR,,0,Ab-SBJ-N3-JUMP-INTR.mp4,,,,,,Ab|SBJ.|N3|JUMP,,
ALP1203,ALP1203,,2026-05-17_11h16.35.502,BrocantoHPilot1MorphSession1,1,1,1,1,Passive,,legal,1,SBJ.N3 REVEAL-INTR,,SBJ-V.INTR,,0,SBJ-N3-REVEAL-INTR.mp4,,SBJ-N3-REVEAL-INTR.mp3,376.138,387.178,11.04000000000002,,,
ALP1203,ALP1203,,2026-05-17_11h16.35.502,BrocantoHPilot1MorphSession1,1,1,2,2,Passive,,legal,2,OBJ.N5 SBJ.N4 PUSH-TR,,OBJ-SBJ-V.TR,,0,OBJ-N5-SBJ-N4-PUSH-TR.mp4,,SBJ-N4-OBJ-N5-PUSH-TR.mp3,387.18,402.285,15.105000000000018,,,
ALP1203,ALP1203,,2026-05-17_11h16.35.502,BrocantoHPilot1MorphSession1,1,1,3,3,Passive,,legal,2,OBJ.N5 SBJ.N1 HIDE-TR,,OBJ-SBJ-V.TR,,0,OBJ-N5-SBJ-N1-HIDE-TR.mp4,,OBJ-N5-HIDE-TR-SBJ-N1.mp3,402.286,412.752,10.466000000000008,,,
ALP1203,ALP1203,,2026-05-17_11h16.35.502,BrocantoHPilot1MorphSession1,1,1,4,4,Passive,,legal,1,SBJ.N1 HIDE-INTR,,SBJ-V.INTR,,0,SBJ-N1-HIDE-INTR.mp4,,HIDE-INTR-SBJ-N1.mp3,412.755,422.019,9.26400000000001,,,
ALP1203,ALP1203,,2026-05-17_11h16.35.502,BrocantoHPilot1MorphSession1,1,1,5,5,Passive,,legal,1,SBJ.N2 REVEAL-INTR,,SBJ-V.INTR,,0,SBJ-N2-REVEAL-INTR.mp4,,SBJ-N2-REVEAL-INTR.mp3,422.02,436.408,14.388000000000034,,,
ALP1203,ALP1203,,2026-05-17_11h16.35.502,BrocantoHPilot1MorphSession1,1,1,6,6,Passive,,legal,2,OBJ.N5 SBJ.N3 REVEAL-TR,,OBJ-SBJ-V.TR,,0,OBJ-N5-SBJ-N3-REVEAL-TR.mp4,,OBJ-N5-REVEAL-TR-SBJ-N3.mp3,436.409,450.777,14.367999999999995,,,
ALP1203,ALP1203,,2026-05-17_11h16.35.502,BrocantoHPilot1MorphSession1,1,1,7,7,Passive,,legal,1,SBJ.N2 GO-INTR,,SBJ-V.INTR,,0,SBJ-N2-GO-INTR.mp4,,GO-INTR-SBJ-N2.mp3,450.779,458.617,7.838000000000022,,,
ALP1203,ALP1203,,2026-05-17_11h16.35.502,BrocantoHPilot1MorphSession1,1,1,8,8,Passive,,legal,2,OBJ.N5 SBJ.N1 PUSH-TR,,OBJ-SBJ-V.TR,,0,OBJ-N5-SBJ-N1-PUSH-TR.mp4,,SBJ-N1-OBJ-N5-PUSH-TR.mp3,458.618,471.817,13.199000000000012,,,
ALP1203,ALP1203,,2026-05-17_11h16.35.502,BrocantoHPilot1MorphSession1,1,1,9,9,Passive,,legal,1,SBJ.N1 JUMP-INTR,,SBJ-V.INTR,,0,SBJ-N1-JUMP-INTR.mp4,,SBJ-N1-JUMP-INTR.mp3,471.819,477.395,5.575999999999965,,,
ALP1203,ALP1203,,2026-05-17_11h16.35.502,BrocantoHPilot1MorphSession1,1,1,10,10,Passive,,legal,2,OBJ.N5 SBJ.N2 REVEAL-TR,,OBJ-SBJ-V.TR,,0,OBJ-N5-SBJ-N2-REVEAL-TR.mp4,,SBJ-N2-REVEAL-TR-OBJ-N5.mp3,477.396,493.368,15.97199999999998,,,
ALP1203,ALP1203,,2026-05-17_11h16.35.502,BrocantoHPilot1MorphSession1,1,1,11,11,Passive,,legal,2,OBJ.N5 SBJ.N2 HIDE-TR,,OBJ-SBJ-V.TR,,0,OBJ-N5-SBJ-N2-HIDE-TR.mp4,,SBJ-N2-HIDE-TR-OBJ-N5.mp3,493.37,499.603,6.233000000000004,,,
ALP1203,ALP1203,,2026-05-17_11h16.35.502,BrocantoHPilot1MorphSession1,1,1,12,12,Passive,,legal,1,SBJ.N2 JUMP-INTR,,SBJ-V.INTR,,0,SBJ-N2-JUMP-INTR.mp4,,SBJ-N2-JUMP-INTR.mp3,499.605,505.158,5.552999999999997,,,
ALP1203,ALP1203,,2026-05-17_11h16.35.502,BrocantoHPilot1MorphSession1,1,1,13,13,Passive,,legal,1,SBJ.N5 HIDE-INTR,,SBJ-V.INTR,,0,SBJ-N5-HIDE-INTR.mp4,,HIDE-INTR-SBJ-N5.mp3,505.161,511.59,6.428999999999974,,,
ALP1203,ALP1203,,2026-05-17_11h16.35.502,BrocantoHPilot1MorphSession1,1,1,14,14,Passive,,legal,2,OBJ.N5 SBJ.N3 REVEAL-TR,,OBJ-SBJ-V.TR,,1,OBJ-N5-SBJ-N3-REVEAL-TR.mp4,,OBJ-N5-REVEAL-TR-SBJ-N3.mp3,511.591,524.338,12.746999999999957,,,
ALP1203,ALP1203,,2026-05-17_11h16.35.502,BrocantoHPilot1MorphSession1,1,1,15,15,Passive,,legal,1,SBJ.N2 GO-INTR,,SBJ-V.INTR,,1,SBJ-N2-GO-INTR.mp4,,GO-INTR-SBJ-N2.mp3,524.34,530.395,6.05499999999995,,,
ALP1203,ALP1203,,2026-05-17_11h16.35.502,BrocantoHPilot1MorphSession1,1,1,16,16,Passive,,legal,2,OBJ.N5 SBJ.N2 PUSH-TR,,OBJ-SBJ-V.TR,,0,OBJ-N5-SBJ-N2-PUSH-TR.mp4,,SBJ-N2-OBJ-N5-PUSH-TR.mp3,530.397,539.012,8.614999999999895,,,
ALP1203,ALP1203,,2026-05-17_11h16.35.502,BrocantoHPilot1MorphSession1,1,1,17,17,Passive,,legal,1,SBJ.N5 REVEAL-INTR,,SBJ-V.INTR,,0,SBJ-N5-REVEAL-INTR.mp4,,SBJ-N5-REVEAL-INTR.mp3,539.014,546.339,7.3250000000000455,,,
ALP1203,ALP1203,,2026-05-17_11h16.35.502,BrocantoHPilot1MorphSession1,1,1,18,18,Passive,,legal,2,OBJ.N5 SBJ.N4 HIDE-TR,,OBJ-SBJ-V.TR,,0,OBJ-N5-SBJ-N4-HIDE-TR.mp4,,SBJ-N4-HIDE-TR-OBJ-N5.mp3,546.342,554.229,7.887000000000057,,,
ALP1203,ALP1203,,2026-05-17_11h16.35.502,BrocantoHPilot1MorphSession1,1,1,19,19,Passive,,legal,1,SBJ.N2 GO-INTR,,SBJ-V.INTR,,2,SBJ-N2-GO-INTR.mp4,,GO-INTR-SBJ-N2.mp3,554.23,559.693,5.462999999999965,,,
ALP1203,ALP1203,,2026-05-17_11h16.35.502,BrocantoHPilot1MorphSession1,1,1,20,20,Passive,,legal,1,SBJ.N1 REVEAL-INTR,,SBJ-V.INTR,,0,SBJ-N1-REVEAL-INTR.mp4,,REVEAL-INTR-SBJ-N1.mp3,559.696,566.889,7.192999999999984,,,
ALP1203,ALP1203,,2026-05-17_11h16.35.502,BrocantoHPilot1MorphSession1,1,1,21,21,Passive,,legal,2,OBJ.N5 SBJ.N1 REVEAL-TR,,OBJ-SBJ-V.TR,,0,OBJ-N5-SBJ-N1-REVEAL-TR.mp4,,REVEAL-TR-SBJ-N1-OBJ-N5.mp3,566.89,578.016,11.125999999999976,,,
ALP1203,ALP1203,,2026-05-17_11h16.35.502,BrocantoHPilot1MorphSession1,1,1,22,22,Passive,,legal,2,OBJ.N5 SBJ.N1 REVEAL-TR,,OBJ-SBJ-V.TR,,1,OBJ-N5-SBJ-N1-REVEAL-TR.mp4,,REVEAL-TR-SBJ-N1-OBJ-N5.mp3,578.018,585.069,7.050999999999931,,,
ALP1203,ALP1203,,2026-05-17_11h16.35.502,BrocantoHPilot1MorphSession1,1,1,23,23,Passive,,legal,3,OBJ.N5 SBJ.N2 PUSH-TR LOC.N1,,OBJ-SBJ-V.TR-LOC,,0,OBJ-N5-SBJ-N2-PUSH-TR-LOC-N1.mp4,,OBJ-N5-SBJ-N2-LOC-N1-PUSH-TR.mp3,585.071,593.71,8.63900000000001,,,
ALP1203,ALP1203,,2026-05-17_11h16.35.502,BrocantoHPilot1MorphSession1,1,1,24,24,Passive,,legal,2,SBJ.N4 REVEAL-INTR LOC.N3,,SBJ-V.INTR-LOC,,0,SBJ-N4-REVEAL-INTR-LOC-N3.mp4,,SBJ-N4-REVEAL-INTR-LOC-N3.mp3,593.711,609.646,15.934999999999945,,,
ALP1203,ALP1203,,2026-05-17_11h16.35.502,BrocantoHPilot1MorphSession1,1,1,25,25,Passive,,legal,3,OBJ.N5 SBJ.N1 HIDE-TR LOC.N2,,OBJ-SBJ-V.TR-LOC,,0,OBJ-N5-SBJ-N1-HIDE-TR-LOC-N2.mp4,,SBJ-N1-LOC-N2-HIDE-TR-OBJ-N5.mp3,609.649,620.029,10.379999999999995,,,
ALP1203,ALP1203,,2026-05-17_11h16.35.502,BrocantoHPilot1MorphSession1,1,1,26,26,Passive,,legal,2,SBJ.N4 REVEAL-INTR LOC.N3,,SBJ-V.INTR-LOC,,1,SBJ-N4-REVEAL-INTR-LOC-N3.mp4,,SBJ-N4-REVEAL-INTR-LOC-N3.mp3,620.031,633.544,13.513000000000034,,,
ALP1203,ALP1203,,2026-05-17_11h16.35.502,BrocantoHPilot1MorphSession1,1,1,27,27,Passive,,legal,3,OBJ.N5 SBJ.N4 REVEAL-TR LOC.N1,,OBJ-SBJ-V.TR-LOC,,0,OBJ-N5-SBJ-N4-REVEAL-TR-LOC-N1.mp4,,OBJ-N5-LOC-N1-REVEAL-TR-SBJ-N4.mp3,633.545,641.335,7.790000000000077,,,
ALP1203,ALP1203,,2026-05-17_11h16.35.502,BrocantoHPilot1MorphSession1,1,1,28,28,Passive,,legal,2,SBJ.N5 REVEAL-INTR LOC.N3,,SBJ-V.INTR-LOC,,0,SBJ-N5-REVEAL-INTR-LOC-N3.mp4,,SBJ-N5-REVEAL-INTR-LOC-N3.mp3,641.337,657.426,16.089000000000055,,,
ALP1203,ALP1203,,2026-05-17_11h16.35.502,BrocantoHPilot1MorphSession1,1,1,29,29,Passive,,legal,3,OBJ.N5 SBJ.N3 HIDE-TR LOC.N4,,OBJ-SBJ-V.TR-LOC,,0,OBJ-N5-SBJ-N3-HIDE-TR-LOC-N4.mp4,,OBJ-N5-SBJ-N3-HIDE-TR-LOC-N4.mp3,657.428,670.912,13.484000000000037,,,
ALP1203,ALP1203,,2026-05-17_11h16.35.502,BrocantoHPilot1MorphSession1,1,1,30,30,Passive,,legal,3,OBJ.N5 SBJ.N1 REVEAL-TR LOC.N2,,OBJ-SBJ-V.TR-LOC,,0,OBJ-N5-SBJ-N1-REVEAL-TR-LOC-N2.mp4,,SBJ-N1-LOC-N2-REVEAL-TR-OBJ-N5.mp3,670.913,684.766,13.852999999999952,,,
ALP1203,ALP1203,,2026-05-17_11h16.35.502,BrocantoHPilot1MorphSession1,1,1,31,31,Passive,,legal,3,OBJ.N5 SBJ.N4 PUSH-TR LOC.N2,,OBJ-SBJ-V.TR-LOC,,0,OBJ-N5-SBJ-N4-PUSH-TR-LOC-N2.mp4,,LOC-N2-OBJ-N5-SBJ-N4-PUSH-TR.mp3,684.768,701.059,16.29099999999994,,,
ALP1203,ALP1203,,2026-05-17_11h16.35.502,BrocantoHPilot1MorphSession1,1,1,32,32,Passive,,legal,3,OBJ.N5 SBJ.N4 HIDE-TR LOC.N1,,OBJ-SBJ-V.TR-LOC,,0,OBJ-N5-SBJ-N4-HIDE-TR-LOC-N1.mp4,,LOC-N1-OBJ-N5-SBJ-N4-HIDE-TR.mp3,701.06,712.098,11.038000000000011,,,
ALP1203,ALP1203,,2026-05-17_11h16.35.502,BrocantoHPilot1MorphSession1,1,1,33,33,Passive,,legal,2,Ab SBJ.N2 JUMP-INTR,,SBJ-V.INTR,,0,Ab-SBJ-N2-JUMP-INTR.mp4,,JUMP-INTR-Ab-SBJ-N2.mp3,712.101,721.363,9.262000000000057,,,
ALP1203,ALP1203,,2026-05-17_11h16.35.502,BrocantoHPilot1MorphSession1,1,1,34,34,Passive,,legal,3,OBJ.N5 Ab SBJ.N4 REVEAL-TR,,OBJ-SBJ-V.TR,,0,OBJ-N5-Ab-SBJ-N4-REVEAL-TR.mp4,,OBJ-N5-Ab-SBJ-N4-REVEAL-TR.mp3,721.365,738.371,17.005999999999972,,,
ALP1203,ALP1203,,2026-05-17_11h16.35.502,BrocantoHPilot1MorphSession1,1,1,35,35,Passive,,legal,3,OBJ.N5 SBJ.N3 PUSH-TR LOC.N1,,OBJ-SBJ-V.TR-LOC,,0,OBJ-N5-SBJ-N3-PUSH-TR-LOC-N1.mp4,,PUSH-TR-LOC-N1-OBJ-N5-SBJ-N3.mp3,738.372,748.913,10.541000000000054,,,
ALP1203,ALP1203,,2026-05-17_11h16.35.502,BrocantoHPilot1MorphSession1,1,1,36,36,Passive,,legal,2,Ab SBJ.N4 HIDE-INTR,,SBJ-V.INTR,,0,Ab-SBJ-N4-HIDE-INTR.mp4,,HIDE-INTR-Ab-SBJ-N4.mp3,748.915,757.037,8.122000000000071,,,
ALP1203,ALP1203,,2026-05-17_11h16.35.502,BrocantoHPilot1MorphSession1,1,1,37,37,Passive,,legal,2,SBJ.N4 HIDE-INTR LOC.N1,,SBJ-V.INTR-LOC,,0,SBJ-N4-HIDE-INTR-LOC-N1.mp4,,HIDE-INTR-SBJ-N4-LOC-N1.mp3,757.039,764.552,7.513000000000034,,,
ALP1203,ALP1203,,2026-05-17_11h16.35.502,BrocantoHPilot1MorphSession1,1,1,38,38,Passive,,legal,2,SBJ.N5 JUMP-INTR LOC.N2,,SBJ-V.INTR-LOC,,0,SBJ-N5-JUMP-INTR-LOC-N2.mp4,,JUMP-INTR-LOC-N2-SBJ-N5.mp3,764.553,776.788,12.235000000000014,,,
ALP1203,ALP1203,,2026-05-17_11h16.35.502,BrocantoHPilot1MorphSession1,1,1,39,39,Passive,,legal,2,SBJ.N5 GO-INTR LOC.N4,,SBJ-V.INTR-LOC,,0,SBJ-N5-GO-INTR-LOC-N4.mp4,,SBJ-N5-LOC-N4-GO-INTR.mp3,776.79,786.684,9.894000000000005,,,
ALP1203,ALP1203,,2026-05-17_11h16.35.502,BrocantoHPilot1MorphSession1,1,1,40,40,Passive,,legal,2,SBJ.N3 HIDE-INTR LOC.N4,,SBJ-V.INTR-LOC,,0,SBJ-N3-HIDE-INTR-LOC-N4.mp4,,LOC-N4-SBJ-N3-HIDE-INTR.mp3,786.685,797.072,10.387000000000057,,,
ALP1203,ALP1203,,2026-05-17_11h16.35.502,BrocantoHPilot1MorphSession1,1,1,41,41,Passive,,legal,2,SBJ.N5 JUMP-INTR LOC.N4,,SBJ-V.INTR-LOC,,0,SBJ-N5-JUMP-INTR-LOC-N4.mp4,,LOC-N4-JUMP-INTR-SBJ-N5.mp3,797.073,809.245,12.172000000000025,,,
ALP1203,ALP1203,,2026-05-17_11h16.35.502,BrocantoHPilot1MorphSession1,1,1,42,42,Passive,,legal,3,OBJ.N5 Ab SBJ.N1 PUSH-TR,,OBJ-SBJ-V.TR,,0,OBJ-N5-Ab-SBJ-N1-PUSH-TR.mp4,,PUSH-TR-Ab-SBJ-N1-OBJ-N5.mp3,809.248,817.678,8.42999999999995,,,
ALP1203,ALP1203,,2026-05-17_19h09.04.483,BrocantoHPilot1MorphSession2,2,1,43,1,Passive,,legal,1,SBJ.N1 GO-INTR,,SBJ-V.INTR,,0,SBJ-N1-GO-INTR.mp4,,SBJ-N1-GO-INTR.mp3,214.343,223.658,9.314999999999998,,,
ALP1203,ALP1203,,2026-05-17_19h09.04.483,BrocantoHPilot1MorphSession2,2,1,44,2,Passive,,legal,2,OBJ.N5 SBJ.N3 REVEAL-TR,,OBJ-SBJ-V.TR,,2,OBJ-N5-SBJ-N3-REVEAL-TR.mp4,,OBJ-N5-REVEAL-TR-SBJ-N3.mp3,223.659,244.588,20.929000000000002,,,
ALP1203,ALP1203,,2026-05-17_19h09.04.483,BrocantoHPilot1MorphSession2,2,1,45,3,Passive,,legal,2,OBJ.N5 SBJ.N2 PUSH-TR,,OBJ-SBJ-V.TR,,1,OBJ-N5-SBJ-N2-PUSH-TR.mp4,,SBJ-N2-OBJ-N5-PUSH-TR.mp3,244.589,254.889,10.300000000000011,,,
ALP1203,ALP1203,,2026-05-17_19h09.04.483,BrocantoHPilot1MorphSession2,2,1,46,4,Passive,,legal,1,SBJ.N1 GO-INTR,,SBJ-V.INTR,,1,SBJ-N1-GO-INTR.mp4,,SBJ-N1-GO-INTR.mp3,254.89,260.362,5.472000000000037,,,
ALP1203,ALP1203,,2026-05-17_19h09.04.483,BrocantoHPilot1MorphSession2,2,1,47,5,Passive,,legal,2,OBJ.N5 SBJ.N4 HIDE-TR,,OBJ-SBJ-V.TR,,1,OBJ-N5-SBJ-N4-HIDE-TR.mp4,,SBJ-N4-HIDE-TR-OBJ-N5.mp3,260.364,270.737,10.373000000000047,,,
ALP1203,ALP1203,,2026-05-17_19h09.04.483,BrocantoHPilot1MorphSession2,2,1,48,6,Passive,,legal,1,SBJ.N2 HIDE-INTR,,SBJ-V.INTR,,0,SBJ-N2-HIDE-INTR.mp4,,SBJ-N2-HIDE-INTR.mp3,270.739,276.301,5.562000000000012,,,
ALP1203,ALP1203,,2026-05-17_19h09.04.483,BrocantoHPilot1MorphSession2,2,1,49,7,Passive,,legal,2,OBJ.N5 SBJ.N3 REVEAL-TR,,OBJ-SBJ-V.TR,,3,OBJ-N5-SBJ-N3-REVEAL-TR.mp4,,OBJ-N5-REVEAL-TR-SBJ-N3.mp3,276.302,284.887,8.58499999999998,,,
ALP1203,ALP1203,,2026-05-17_19h09.04.483,BrocantoHPilot1MorphSession2,2,1,50,8,Passive,,legal,1,SBJ.N3 JUMP-INTR,,SBJ-V.INTR,,0,SBJ-N3-JUMP-INTR.mp4,,JUMP-INTR-SBJ-N3.mp3,284.889,294.514,9.625,,,
ALP1203,ALP1203,,2026-05-17_19h09.04.483,BrocantoHPilot1MorphSession2,2,1,51,9,Passive,,legal,1,SBJ.N5 REVEAL-INTR,,SBJ-V.INTR,,1,SBJ-N5-REVEAL-INTR.mp4,,SBJ-N5-REVEAL-INTR.mp3,294.515,301.224,6.709000000000003,,,
ALP1203,ALP1203,,2026-05-17_19h09.04.483,BrocantoHPilot1MorphSession2,2,1,52,10,Passive,,legal,2,OBJ.N5 SBJ.N4 HIDE-TR,,OBJ-SBJ-V.TR,,2,OBJ-N5-SBJ-N4-HIDE-TR.mp4,,SBJ-N4-HIDE-TR-OBJ-N5.mp3,301.225,311.693,10.467999999999961,,,
ALP1203,ALP1203,,2026-05-17_19h09.04.483,BrocantoHPilot1MorphSession2,2,1,53,11,Passive,,legal,1,SBJ.N3 JUMP-INTR,,SBJ-V.INTR,,1,SBJ-N3-JUMP-INTR.mp4,,JUMP-INTR-SBJ-N3.mp3,311.693,319.067,7.374000000000024,,,
ALP1203,ALP1203,,2026-05-17_19h09.04.483,BrocantoHPilot1MorphSession2,2,1,54,12,Passive,,legal,2,OBJ.N5 SBJ.N2 PUSH-TR,,OBJ-SBJ-V.TR,,2,OBJ-N5-SBJ-N2-PUSH-TR.mp4,,SBJ-N2-OBJ-N5-PUSH-TR.mp3,319.069,332.797,13.728000000000009,,,
ALP1203,ALP1203,,2026-05-17_19h09.04.483,BrocantoHPilot1MorphSession2,2,1,55,13,Passive,,legal,2,OBJ.N5 SBJ.N1 HIDE-TR,,OBJ-SBJ-V.TR,,1,OBJ-N5-SBJ-N1-HIDE-TR.mp4,,OBJ-N5-HIDE-TR-SBJ-N1.mp3,332.798,339.984,7.185999999999979,,,
ALP1203,ALP1203,,2026-05-17_19h09.04.483,BrocantoHPilot1MorphSession2,2,1,56,14,Passive,,legal,1,SBJ.N2 HIDE-INTR,,SBJ-V.INTR,,1,SBJ-N2-HIDE-INTR.mp4,,SBJ-N2-HIDE-INTR.mp3,339.986,347.901,7.9150000000000205,,,
ALP1203,ALP1203,,2026-05-17_19h09.04.483,BrocantoHPilot1MorphSession2,2,1,57,15,Passive,,legal,2,OBJ.N5 SBJ.N2 PUSH-TR,,OBJ-SBJ-V.TR,,3,OBJ-N5-SBJ-N2-PUSH-TR.mp4,,SBJ-N2-OBJ-N5-PUSH-TR.mp3,347.903,361.407,13.503999999999962,,,
ALP1203,ALP1203,,2026-05-17_19h09.04.483,BrocantoHPilot1MorphSession2,2,1,58,16,Passive,,legal,1,SBJ.N3 GO-INTR,,SBJ-V.INTR,,0,SBJ-N3-GO-INTR.mp4,,GO-INTR-SBJ-N3.mp3,361.409,366.986,5.576999999999998,,,
ALP1203,ALP1203,,2026-05-17_19h09.04.483,BrocantoHPilot1MorphSession2,2,1,59,17,Passive,,legal,1,SBJ.N4 REVEAL-INTR,,SBJ-V.INTR,,0,SBJ-N4-REVEAL-INTR.mp4,,REVEAL-INTR-SBJ-N4.mp3,366.987,372.66,5.673000000000002,,,
ALP1203,ALP1203,,2026-05-17_19h09.04.483,BrocantoHPilot1MorphSession2,2,1,60,18,Passive,,legal,2,OBJ.N5 SBJ.N3 REVEAL-TR,,OBJ-SBJ-V.TR,,4,OBJ-N5-SBJ-N3-REVEAL-TR.mp4,,OBJ-N5-REVEAL-TR-SBJ-N3.mp3,372.66,379.077,6.416999999999973,,,
ALP1203,ALP1203,,2026-05-17_19h09.04.483,BrocantoHPilot1MorphSession2,2,1,61,19,Passive,,legal,1,SBJ.N5 JUMP-INTR,,SBJ-V.INTR,,0,SBJ-N5-JUMP-INTR.mp4,,SBJ-N5-JUMP-INTR.mp3,379.078,384.707,5.629000000000019,,,
ALP1203,ALP1203,,2026-05-17_19h09.04.483,BrocantoHPilot1MorphSession2,2,1,62,20,Passive,,legal,1,SBJ.N3 GO-INTR,,SBJ-V.INTR,,1,SBJ-N3-GO-INTR.mp4,,GO-INTR-SBJ-N3.mp3,384.709,395.04,10.331000000000017,,,
ALP1203,ALP1203,,2026-05-17_19h09.04.483,BrocantoHPilot1MorphSession2,2,1,63,21,Passive,,legal,2,OBJ.N5 SBJ.N3 REVEAL-TR,,OBJ-SBJ-V.TR,,5,OBJ-N5-SBJ-N3-REVEAL-TR.mp4,,OBJ-N5-REVEAL-TR-SBJ-N3.mp3,395.042,408.633,13.591000000000008,,,
ALP1203,ALP1203,,2026-05-17_19h09.04.483,BrocantoHPilot1MorphSession2,2,1,64,22,Passive,,legal,2,OBJ.N5 SBJ.N1 REVEAL-TR,,OBJ-SBJ-V.TR,,2,OBJ-N5-SBJ-N1-REVEAL-TR.mp4,,REVEAL-TR-SBJ-N1-OBJ-N5.mp3,408.634,426.931,18.29699999999997,,,
ALP1203,ALP1203,,2026-05-17_19h09.04.483,BrocantoHPilot1MorphSession2,2,1,65,23,Passive,,legal,3,OBJ.N5 SBJ.N2 PUSH-TR LOC.N4,,OBJ-SBJ-V.TR-LOC,,0,OBJ-N5-SBJ-N2-PUSH-TR-LOC-N4.mp4,,SBJ-N2-LOC-N4-OBJ-N5-PUSH-TR.mp3,426.932,443.835,16.902999999999963,,,
ALP1203,ALP1203,,2026-05-17_19h09.04.483,BrocantoHPilot1MorphSession2,2,1,66,24,Passive,,legal,2,SBJ.N4 REVEAL-INTR LOC.N5,,SBJ-V.INTR-LOC,,0,SBJ-N4-REVEAL-INTR-LOC-N5.mp4,,REVEAL-INTR-SBJ-N4-LOC-N5.mp3,443.837,454.006,10.168999999999983,,,
ALP1203,ALP1203,,2026-05-17_19h09.04.483,BrocantoHPilot1MorphSession2,2,1,67,25,Passive,,legal,3,OBJ.N5 SBJ.N1 HIDE-TR LOC.N2,,OBJ-SBJ-V.TR-LOC,,1,OBJ-N5-SBJ-N1-HIDE-TR-LOC-N2.mp4,,SBJ-N1-LOC-N2-HIDE-TR-OBJ-N5.mp3,454.008,470.98,16.972000000000037,,,
ALP1203,ALP1203,,2026-05-17_19h09.04.483,BrocantoHPilot1MorphSession2,2,1,68,26,Passive,,legal,2,SBJ.N2 REVEAL-INTR LOC.N5,,SBJ-V.INTR-LOC,,0,SBJ-N2-REVEAL-INTR-LOC-N5.mp4,,REVEAL-INTR-SBJ-N2-LOC-N5.mp3,470.981,481.278,10.297000000000025,,,
ALP1203,ALP1203,,2026-05-17_19h09.04.483,BrocantoHPilot1MorphSession2,2,1,69,27,Passive,,legal,3,OBJ.N5 SBJ.N1 PUSH-TR LOC.N2,,OBJ-SBJ-V.TR-LOC,,0,OBJ-N5-SBJ-N1-PUSH-TR-LOC-N2.mp4,,OBJ-N5-PUSH-TR-SBJ-N1-LOC-N2.mp3,481.279,487.594,6.314999999999998,,,
ALP1203,ALP1203,,2026-05-17_19h09.04.483,BrocantoHPilot1MorphSession2,2,1,70,28,Passive,,legal,2,SBJ.N3 REVEAL-INTR LOC.N4,,SBJ-V.INTR-LOC,,0,SBJ-N3-REVEAL-INTR-LOC-N4.mp4,,SBJ-N3-REVEAL-INTR-LOC-N4.mp3,487.595,509.694,22.09899999999999,,,
ALP1203,ALP1203,,2026-05-17_19h09.04.483,BrocantoHPilot1MorphSession2,2,1,71,29,Passive,,legal,3,OBJ.N5 SBJ.N4 HIDE-TR LOC.N3,,OBJ-SBJ-V.TR-LOC,,0,OBJ-N5-SBJ-N4-HIDE-TR-LOC-N3.mp4,,SBJ-N4-OBJ-N5-LOC-N3-HIDE-TR.mp3,509.698,516.045,6.34699999999998,,,
ALP1203,ALP1203,,2026-05-17_19h09.04.483,BrocantoHPilot1MorphSession2,2,1,72,30,Passive,,legal,3,OBJ.N5 SBJ.N3 REVEAL-TR LOC.N4,,OBJ-SBJ-V.TR-LOC,,0,OBJ-N5-SBJ-N3-REVEAL-TR-LOC-N4.mp4,,OBJ-N5-LOC-N4-SBJ-N3-REVEAL-TR.mp3,516.046,530.829,14.782999999999902,,,
ALP1203,ALP1203,,2026-05-17_19h09.04.483,BrocantoHPilot1MorphSession2,2,1,73,31,Passive,,legal,3,OBJ.N5 SBJ.N2 PUSH-TR LOC.N4,,OBJ-SBJ-V.TR-LOC,,1,OBJ-N5-SBJ-N2-PUSH-TR-LOC-N4.mp4,,SBJ-N2-LOC-N4-OBJ-N5-PUSH-TR.mp3,530.83,538.355,7.524999999999977,,,
ALP1203,ALP1203,,2026-05-17_19h09.04.483,BrocantoHPilot1MorphSession2,2,1,74,32,Passive,,legal,2,OBJ.N5 SBJ.N1 REVEAL-TR,,OBJ-SBJ-V.TR,,3,OBJ-N5-SBJ-N1-REVEAL-TR.mp4,,REVEAL-TR-SBJ-N1-OBJ-N5.mp3,538.356,546.26,7.903999999999996,,,
ALP1203,ALP1203,,2026-05-17_19h09.04.483,BrocantoHPilot1MorphSession2,2,1,75,33,Passive,,legal,3,OBJ.N5 SBJ.N4 HIDE-TR LOC.N2,,OBJ-SBJ-V.TR-LOC,,0,OBJ-N5-SBJ-N4-HIDE-TR-LOC-N2.mp4,,OBJ-N5-HIDE-TR-LOC-N2-SBJ-N4.mp3,546.262,551.786,5.524000000000001,,,
ALP1203,ALP1203,,2026-05-17_19h09.04.483,BrocantoHPilot1MorphSession2,2,1,76,34,Passive,,legal,1,SBJ.N5 JUMP-INTR,,SBJ-V.INTR,,1,SBJ-N5-JUMP-INTR.mp4,,SBJ-N5-JUMP-INTR.mp3,551.788,557.265,5.4769999999999754,,,
ALP1203,ALP1203,,2026-05-17_19h09.04.483,BrocantoHPilot1MorphSession2,2,1,77,35,Passive,,legal,2,Aa SBJ.N5 HIDE-INTR,,SBJ-V.INTR,,0,Aa-SBJ-N5-HIDE-INTR.mp4,,HIDE-INTR-Aa-SBJ-N5.mp3,557.266,566.162,8.896000000000072,,,
ALP1203,ALP1203,,2026-05-17_19h09.04.483,BrocantoHPilot1MorphSession2,2,1,78,36,Passive,,legal,2,SBJ.N5 GO-INTR LOC.N3,,SBJ-V.INTR-LOC,,0,SBJ-N5-GO-INTR-LOC-N3.mp4,,GO-INTR-SBJ-N5-LOC-N3.mp3,566.163,574.856,8.692999999999984,,,
ALP1203,ALP1203,,2026-05-17_19h09.04.483,BrocantoHPilot1MorphSession2,2,1,79,37,Passive,,legal,2,SBJ.N2 JUMP-INTR LOC.N1,,SBJ-V.INTR-LOC,,0,SBJ-N2-JUMP-INTR-LOC-N1.mp4,,LOC-N1-SBJ-N2-JUMP-INTR.mp3,574.857,581.696,6.8390000000000555,,,
ALP1203,ALP1203,,2026-05-17_19h09.04.483,BrocantoHPilot1MorphSession2,2,1,80,38,Passive,,legal,2,SBJ.N3 GO-INTR LOC.N2,,SBJ-V.INTR-LOC,,0,SBJ-N3-GO-INTR-LOC-N2.mp4,,LOC-N2-GO-INTR-SBJ-N3.mp3,581.698,598.606,16.908000000000015,,,
ALP1203,ALP1203,,2026-05-17_19h09.04.483,BrocantoHPilot1MorphSession2,2,1,81,39,Passive,,legal,2,SBJ.N5 HIDE-INTR LOC.N3,,SBJ-V.INTR-LOC,,0,SBJ-N5-HIDE-INTR-LOC-N3.mp4,,SBJ-N5-HIDE-INTR-LOC-N3.mp3,598.607,605.933,7.326000000000022,,,
ALP1203,ALP1203,,2026-05-17_19h09.04.483,BrocantoHPilot1MorphSession2,2,1,82,40,Passive,,legal,2,SBJ.N1 HIDE-INTR LOC.N3,,SBJ-V.INTR-LOC,,0,SBJ-N1-HIDE-INTR-LOC-N3.mp4,,SBJ-N1-LOC-N3-HIDE-INTR.mp3,605.934,613.717,7.7830000000000155,,,
ALP1203,ALP1203,,2026-05-17_19h09.04.483,BrocantoHPilot1MorphSession2,2,1,83,41,Passive,,legal,2,OBJ.N5 SBJ.N4 HIDE-TR,,OBJ-SBJ-V.TR,,3,OBJ-N5-SBJ-N4-HIDE-TR.mp4,,SBJ-N4-HIDE-TR-OBJ-N5.mp3,613.72,619.058,5.337999999999965,,,
ALP1203,ALP1203,,2026-05-17_19h09.04.483,BrocantoHPilot1MorphSession2,2,1,84,42,Passive,,legal,3,OBJ.N5 SBJ.N1 HIDE-TR LOC.N2,,OBJ-SBJ-V.TR-LOC,,2,OBJ-N5-SBJ-N1-HIDE-TR-LOC-N2.mp4,,SBJ-N1-LOC-N2-HIDE-TR-OBJ-N5.mp3,619.059,625.391,6.331999999999994,,,
ALP1203,ALP1203,,2026-05-17_19h09.04.483,BrocantoHPilot1MorphSession2,2,,,43,Comprehension,,legal,,,,,,,OBJ-N5-SBJ-N2-HIDE-TR.mp4,OBJ-N5-SBJ-N2-REVEAL-TR.mp4,,38.524,41.827,3.3029999999999973,2,2,1
ALP1203,ALP1203,,2026-05-17_19h09.04.483,BrocantoHPilot1MorphSession2,2,,,44,Comprehension,,legal,,,,,,,SBJ-N5-HIDE-INTR.mp4,SBJ-N5-GO-INTR.mp4,,17.347,24.582,7.234999999999999,2,2,1
ALP1203,ALP1203,,2026-05-17_19h09.04.483,BrocantoHPilot1MorphSession2,2,1,87,45,Comprehension,wrong_verb,legal,1,SBJ.N5 JUMP-INTR,SBJ.N5 HIDE-INTR,SBJ-V.INTR,SBJ-V.INTR,2,SBJ-N5-JUMP-INTR.mp4,SBJ-N5-HIDE-INTR.mp4,,13.823,14.194,0.37100000000000044,2,2,1
ALP1203,ALP1203,,2026-05-17_19h09.04.483,BrocantoHPilot1MorphSession2,2,,,46,Comprehension,,legal,,,,,,,OBJ-N5-SBJ-N3-REVEAL-TR.mp4,OBJ-N3-SBJ-N5-PUSH-TR.mp4,,18.079,18.154,0.07499999999999929,1,1,1
ALP1203,ALP1203,,2026-05-17_19h09.04.483,BrocantoHPilot1MorphSession2,2,,,47,Comprehension,,legal,,,,,,,OBJ-N5-SBJ-N3-PUSH-TR.mp4,OBJ-N3-SBJ-N5-PUSH-TR.mp4,,23.583,27.871,4.288,1,1,1
ALP1203,ALP1203,,2026-05-17_19h09.04.483,BrocantoHPilot1MorphSession2,2,,,48,Comprehension,,legal,,,,,,,SBJ-N1-HIDE-INTR.mp4,SBJ-N1-REVEAL-INTR.mp4,,18.127,24.853,6.726000000000003,2,2,1
ALP1203,ALP1203,,2026-05-17_19h09.04.483,BrocantoHPilot1MorphSession2,2,,,49,Comprehension,,legal,,,,,,,OBJ-N5-SBJ-N4-HIDE-TR.mp4,OBJ-N4-SBJ-N5-REVEAL-TR.mp4,,17.187,17.126,-0.06099999999999994,1,1,1
ALP1203,ALP1203,,2026-05-17_19h09.04.483,BrocantoHPilot1MorphSession2,2,1,92,50,Comprehension,wrong_verb,legal,1,SBJ.N2 REVEAL-INTR,SBJ.N2 HIDE-INTR,SBJ-V.INTR,SBJ-V.INTR,1,SBJ-N2-REVEAL-INTR.mp4,SBJ-N2-HIDE-INTR.mp4,,17.953,18.576,0.6230000000000011,2,2,1
ALP1203,ALP1203,,2026-05-17_19h09.04.483,BrocantoHPilot1MorphSession2,2,,,51,Comprehension,,legal,,,,,,,OBJ-N5-SBJ-N4-PUSH-TR.mp4,OBJ-N4-SBJ-N5-PUSH-TR.mp4,,25.568,27.034,1.4659999999999975,2,2,1
ALP1203,ALP1203,,2026-05-17_19h09.04.483,BrocantoHPilot1MorphSession2,2,1,94,52,Comprehension,wrong_verb,legal,1,SBJ.N1 GO-INTR,SBJ.N1 HIDE-INTR,SBJ-V.INTR,SBJ-V.INTR,2,SBJ-N1-GO-INTR.mp4,SBJ-N1-HIDE-INTR.mp4,,17.215,17.619,0.4039999999999999,2,2,1
ALP1203,ALP1203,,2026-05-17_19h09.04.483,BrocantoHPilot1MorphSession2,2,,,53,Comprehension,,legal,,,,,,,SBJ-N4-REVEAL-INTR.mp4,SBJ-N4-JUMP-INTR.mp4,,15.243,15.831,0.5879999999999992,1,1,1
ALP1203,ALP1203,,2026-05-17_19h09.04.483,BrocantoHPilot1MorphSession2,2,,,54,Comprehension,,legal,,,,,,,OBJ-N5-SBJ-N4-REVEAL-TR.mp4,OBJ-N4-SBJ-N5-PUSH-TR.mp4,,18.122,16.506,-1.6159999999999997,1,1,1
ALP1203,ALP1203,,2026-05-17_19h09.04.483,BrocantoHPilot1MorphSession2,2,,,55,Comprehension,,legal,,,,,,,SBJ-N3-JUMP-INTR.mp4,SBJ-N3-GO-INTR.mp4,,16.586,16.464,-0.12199999999999989,1,1,1
ALP1203,ALP1203,,2026-05-17_19h09.04.483,BrocantoHPilot1MorphSession2,2,,,56,Comprehension,,legal,,,,,,,OBJ-N5-SBJ-N4-PUSH-TR.mp4,OBJ-N4-SBJ-N5-PUSH-TR.mp4,,28.304,27.774,-0.5299999999999976,1,1,1
ALP1203,ALP1203,,2026-05-17_19h09.04.483,BrocantoHPilot1MorphSession2,2,,,57,Comprehension,,legal,,,,,,,OBJ-N5-SBJ-N4-REVEAL-TR.mp4,OBJ-N4-SBJ-N5-HIDE-TR.mp4,,,16.654,,1,1,1
ALP1203,ALP1203,,2026-05-17_19h09.04.483,BrocantoHPilot1MorphSession2,2,,,58,Comprehension,,legal,,,,,,,SBJ-N5-GO-INTR.mp4,SBJ-N5-HIDE-INTR.mp4,,,14.283,,1,1,1
ALP1203,ALP1203,,2026-05-17_19h09.04.483,BrocantoHPilot1MorphSession2,2,,,59,Comprehension,,legal,,,,,,,SBJ-N1-HIDE-INTR.mp4,SBJ-N1-REVEAL-INTR.mp4,,,15.13,,1,1,1
ALP1203,ALP1203,,2026-05-17_19h09.04.483,BrocantoHPilot1MorphSession2,2,,,60,Comprehension,,legal,,,,,,,OBJ-N5-SBJ-N3-HIDE-TR.mp4,OBJ-N3-SBJ-N5-HIDE-TR.mp4,,,20.994,,1,1,1
ALP1203,ALP1203,,2026-05-17_19h09.04.483,BrocantoHPilot1MorphSession2,2,1,103,61,Comprehension,wrong_verb,legal,1,SBJ.N5 REVEAL-INTR,SBJ.N5 JUMP-INTR,SBJ-V.INTR,SBJ-V.INTR,2,SBJ-N5-REVEAL-INTR.mp4,SBJ-N5-JUMP-INTR.mp4,,21.478,23.202,1.7240000000000002,1,1,1
ALP1203,ALP1203,,2026-05-17_19h09.04.483,BrocantoHPilot1MorphSession2,2,,,62,Comprehension,,legal,,,,,,,SBJ-N5-GO-INTR.mp4,SBJ-N5-JUMP-INTR.mp4,,,14.841,,1,1,1
ALP1203,ALP1203,,2026-05-17_19h09.04.483,BrocantoHPilot1MorphSession2,2,,,63,Comprehension,,legal,,,,,,,OBJ-N5-SBJ-N1-HIDE-TR.mp4,OBJ-N1-SBJ-N5-REVEAL-TR.mp4,,,21.583,,2,2,1
ALP1203,ALP1203,,2026-05-17_19h09.04.483,BrocantoHPilot1MorphSession2,2,,,64,Comprehension,,legal,,,,,,,OBJ-N5-SBJ-N4-REVEAL-TR.mp4,OBJ-N4-SBJ-N5-REVEAL-TR.mp4,,29.374,28.783,-0.5909999999999975,2,1,0
ALP1203,ALP1203,,2026-05-17_19h09.04.483,BrocantoHPilot1MorphSession2,2,,,65,Comprehension,,legal,,,,,,,SBJ-N2-REVEAL-INTR-LOC-N4.mp4,SBJ-N4-JUMP-INTR-LOC-N2.mp4,,17.928,25.334,7.405999999999999,2,2,1
ALP1203,ALP1203,,2026-05-17_19h09.04.483,BrocantoHPilot1MorphSession2,2,,,66,Comprehension,,legal,,,,,,,OBJ-N5-SBJ-N4-PUSH-TR-LOC-N2.mp4,OBJ-N4-SBJ-N5-PUSH-TR-LOC-N2.mp4,,32.739,39.952,7.213000000000001,2,1,0
ALP1203,ALP1203,,2026-05-17_19h09.04.483,BrocantoHPilot1MorphSession2,2,,,67,Comprehension,,legal,,,,,,,OBJ-N5-SBJ-N4-HIDE-TR-LOC-N2.mp4,OBJ-N5-SBJ-N2-REVEAL-TR-LOC-N4.mp4,,,16.4,,1,1,1
ALP1203,ALP1203,,2026-05-17_19h09.04.483,BrocantoHPilot1MorphSession2,2,,,68,Comprehension,,legal,,,,,,,SBJ-N2-REVEAL-INTR-LOC-N4.mp4,SBJ-N4-REVEAL-INTR-LOC-N2.mp4,,29.344,29.964,0.6199999999999974,1,2,0
ALP1203,ALP1203,,2026-05-17_19h09.04.483,BrocantoHPilot1MorphSession2,2,,,69,Comprehension,,legal,,,,,,,SBJ-N5-REVEAL-INTR-LOC-N4.mp4,SBJ-N4-JUMP-INTR-LOC-N5.mp4,,16.4,16.495,0.09500000000000242,2,2,1
ALP1203,ALP1203,,2026-05-17_19h09.04.483,BrocantoHPilot1MorphSession2,2,,,70,Comprehension,,legal,,,,,,,OBJ-N5-SBJ-N4-REVEAL-TR-LOC-N1.mp4,OBJ-N4-SBJ-N5-REVEAL-TR-LOC-N1.mp4,,22.081,22.978,0.897000000000002,2,2,1
ALP1203,ALP1203,,2026-05-17_19h09.04.483,BrocantoHPilot1MorphSession2,2,,,71,Comprehension,,legal,,,,,,,OBJ-N5-SBJ-N1-HIDE-TR-LOC-N2.mp4,OBJ-N1-SBJ-N5-REVEAL-TR-LOC-N2.mp4,,19.554,19.866,0.31200000000000117,1,1,1
ALP1203,ALP1203,,2026-05-17_19h09.04.483,BrocantoHPilot1MorphSession2,2,,,72,Comprehension,,legal,,,,,,,OBJ-N5-SBJ-N2-PUSH-TR-LOC-N4.mp4,OBJ-N2-SBJ-N5-PUSH-TR-LOC-N4.mp4,,23.485,30.614,7.129000000000001,2,2,1
ALP1203,ALP1203,,2026-05-17_19h09.04.483,BrocantoHPilot1MorphSession2,2,,,73,Comprehension,,legal,,,,,,,OBJ-N5-SBJ-N1-REVEAL-TR-LOC-N3.mp4,OBJ-N3-SBJ-N1-HIDE-TR-LOC-N5.mp4,,19.716,19.794,0.0779999999999994,1,1,1
ALP1203,ALP1203,,2026-05-17_19h09.04.483,BrocantoHPilot1MorphSession2,2,,,74,Comprehension,,legal,,,,,,,SBJ-N3-GO-INTR.mp4,SBJ-N3-HIDE-INTR.mp4,,16.962,18.135,1.1730000000000018,1,1,1
ALP1203,ALP1203,,2026-05-17_19h09.04.483,BrocantoHPilot1MorphSession2,2,,,75,Comprehension,,legal,,,,,,,OBJ-N5-SBJ-N3-PUSH-TR-LOC-N4.mp4,OBJ-N4-SBJ-N3-PUSH-TR-LOC-N5.mp4,,28.263,28.165,-0.09800000000000253,2,1,0
ALP1203,ALP1203,,2026-05-17_19h09.04.483,BrocantoHPilot1MorphSession2,2,,,76,Comprehension,,legal,,,,,,,OBJ-N5-Ab-SBJ-N1-HIDE-TR.mp4,OBJ-N5-Aa-SBJ-N1-PUSH-TR.mp4,,,16.044,,1,1,1
ALP1203,ALP1203,,2026-05-17_19h09.04.483,BrocantoHPilot1MorphSession2,2,1,119,77,Comprehension,wrong_verb,legal,1,SBJ.N1 JUMP-INTR,SBJ.N1 GO-INTR,SBJ-V.INTR,SBJ-V.INTR,1,SBJ-N1-JUMP-INTR.mp4,SBJ-N1-GO-INTR.mp4,,15.368,15.121,-0.2469999999999999,1,1,1
ALP1203,ALP1203,,2026-05-17_19h09.04.483,BrocantoHPilot1MorphSession2,2,,,78,Comprehension,,legal,,,,,,,SBJ-N2-HIDE-INTR-LOC-N3.mp4,SBJ-N3-GO-INTR-LOC-N2.mp4,,,16.75,,1,1,1
ALP1203,ALP1203,,2026-05-17_19h09.04.483,BrocantoHPilot1MorphSession2,2,,,79,Comprehension,,legal,,,,,,,SBJ-N4-HIDE-INTR-LOC-N5.mp4,SBJ-N5-HIDE-INTR-LOC-N4.mp4,,19.559,29.982,10.422999999999998,2,1,0
ALP1203,ALP1203,,2026-05-17_19h09.04.483,BrocantoHPilot1MorphSession2,2,,,80,Comprehension,,legal,,,,,,,SBJ-N5-GO-INTR-LOC-N4.mp4,SBJ-N4-REVEAL-INTR-LOC-N5.mp4,,23.832,23.676,-0.15600000000000236,2,2,1
ALP1203,ALP1203,,2026-05-17_19h09.04.483,BrocantoHPilot1MorphSession2,2,,,81,Comprehension,,legal,,,,,,,SBJ-N3-JUMP-INTR-LOC-N2.mp4,SBJ-N2-JUMP-INTR-LOC-N3.mp4,,15.566,27.119,11.552999999999999,1,1,1
ALP1203,ALP1203,,2026-05-17_19h09.04.483,BrocantoHPilot1MorphSession2,2,,,82,Comprehension,,legal,,,,,,,SBJ-N4-JUMP-INTR-LOC-N1.mp4,SBJ-N1-REVEAL-INTR-LOC-N4.mp4,,15.782,15.874,0.09200000000000053,1,1,1
ALP1203,ALP1203,,2026-05-17_19h09.04.483,BrocantoHPilot1MorphSession2,2,,,83,Comprehension,,legal,,,,,,,Ab-OBJ-N5-SBJ-N2-HIDE-TR.mp4,OBJ-N2-Aa-SBJ-N5-HIDE-TR.mp4,,99.916,107.647,7.731000000000009,2,2,1
ALP1203,ALP1203,,2026-05-17_19h09.04.483,BrocantoHPilot1MorphSession2,2,,,84,Comprehension,,legal,,,,,,,OBJ-N5-SBJ-N3-REVEAL-TR-LOC-N4.mp4,OBJ-N4-SBJ-N3-REVEAL-TR-LOC-N5.mp4,,20.101,36.34,16.239000000000004,1,2,0
ALP1203,ALP1203,,2026-05-17_19h09.04.483,BrocantoHPilot1MorphSession2,2,1,127,85,Production,,legal,2,OBJ.N5 SBJ.N4 HIDE-TR,,OBJ-SBJ-V.TR,,5,OBJ-N5-SBJ-N4-HIDE-TR.mp4,,,7.576,29.776,22.2,SBJ.|N4|HIDE|OBJ.|N5,pif dabi zsübe fer timó,1
ALP1203,ALP1203,,2026-05-17_19h09.04.483,BrocantoHPilot1MorphSession2,2,1,128,86,Production,,legal,1,SBJ.N3 JUMP-INTR,,SBJ-V.INTR,,3,SBJ-N3-JUMP-INTR.mp4,,,6.68,11.334,4.654,JUMP|SBJ.|N3,pif dabi bonip,0
ALP1203,ALP1203,,2026-05-17_19h09.04.483,BrocantoHPilot1MorphSession2,2,1,129,87,Production,,legal,1,SBJ.N4 GO-INTR,,SBJ-V.INTR,,0,SBJ-N4-GO-INTR.mp4,,,8.613,22.094,13.481000000000002,SBJ.|N4|GO,dabi pif kávler,0
ALP1203,ALP1203,,2026-05-17_19h09.04.483,BrocantoHPilot1MorphSession2,2,1,130,88,Production,,legal,2,OBJ.N5 SBJ.N4 PUSH-TR,,OBJ-SBJ-V.TR,,3,OBJ-N5-SBJ-N4-PUSH-TR.mp4,,,6.54,20.717,14.177,SBJ.|N4|OBJ.|N5|PUSH,pif dabi fer timó vánta,1
ALP1203,ALP1203,,2026-05-17_19h09.04.483,BrocantoHPilot1MorphSession2,2,1,131,89,Production,,legal,2,OBJ.N5 SBJ.N3 REVEAL-TR,,OBJ-SBJ-V.TR,,7,OBJ-N5-SBJ-N3-REVEAL-TR.mp4,,,6.813,23.307,16.494,OBJ.|N5|REVEAL|SBJ.|N3,pif timó fer zilép girda,0
ALP1203,ALP1203,,2026-05-17_19h09.04.483,BrocantoHPilot1MorphSession2,2,1,132,90,Production,,legal,1,SBJ.N4 HIDE-INTR,,SBJ-V.INTR,,0,SBJ-N4-HIDE-INTR.mp4,,,9.946,16.825,6.879,HIDE|SBJ.|N4,pif zsübe dabi,0
ALP1203,ALP1203,,2026-05-17_19h09.04.483,BrocantoHPilot1MorphSession2,2,1,133,91,Production,,legal,2,OBJ.N5 SBJ.N4 PUSH-TR,,OBJ-SBJ-V.TR,,4,OBJ-N5-SBJ-N4-PUSH-TR.mp4,,,6.905,16.016,9.110999999999997,SBJ.|N4|OBJ.|N5|PUSH,pif dabi fer timó vánta,1
ALP1203,ALP1203,,2026-05-17_19h09.04.483,BrocantoHPilot1MorphSession2,2,1,134,92,Production,,legal,1,SBJ.N3 REVEAL-INTR,,SBJ-V.INTR,,1,SBJ-N3-REVEAL-INTR.mp4,,,4.436,11.144,6.708,SBJ.|N3|REVEAL,pif zilép girda,1
ALP1203,ALP1203,,2026-05-17_19h09.04.483,BrocantoHPilot1MorphSession2,2,1,135,93,Production,,legal,2,OBJ.N5 SBJ.N4 REVEAL-TR,,OBJ-SBJ-V.TR,,3,OBJ-N5-SBJ-N4-REVEAL-TR.mp4,,,6.342,18.709,12.367,REVEAL|OBJ.|N5|SBJ.|N4,pif timó fer dabi girda,0
ALP1203,ALP1203,,2026-05-17_19h09.04.483,BrocantoHPilot1MorphSession2,2,1,136,94,Production,,legal,1,SBJ.N3 JUMP-INTR,,SBJ-V.INTR,,4,SBJ-N3-JUMP-INTR.mp4,,,6.359,11.295,4.936,JUMP|SBJ.|N3,pif timó bonip,0
ALP1203,ALP1203,,2026-05-17_19h09.04.483,BrocantoHPilot1MorphSession2,2,1,137,95,Production,,legal,2,OBJ.N5 SBJ.N4 HIDE-TR,,OBJ-SBJ-V.TR,,6,OBJ-N5-SBJ-N4-HIDE-TR.mp4,,,6.916,23.929,17.012999999999998,SBJ.|N4|HIDE|OBJ.|N5,pif dabi zsübe fer timó,1
ALP1203,ALP1203,,2026-05-17_19h09.04.483,BrocantoHPilot1MorphSession2,2,1,138,96,Production,,legal,1,SBJ.N2 REVEAL-INTR,,SBJ-V.INTR,,2,SBJ-N2-REVEAL-INTR.mp4,,,7.683,10.846,3.1630000000000003,SBJ.|N2|REVEAL,pif murak girda,1
ALP1203,ALP1203,,2026-05-17_19h09.04.483,BrocantoHPilot1MorphSession2,2,1,139,97,Production,,legal,2,OBJ.N5 SBJ.N4 HIDE-TR,,OBJ-SBJ-V.TR,,7,OBJ-N5-SBJ-N4-HIDE-TR.mp4,,,6.432,20.609,14.177000000000001,SBJ.|N4|HIDE|OBJ.|N5,pif dabi zsübe fer timó,1
ALP1203,ALP1203,,2026-05-17_19h09.04.483,BrocantoHPilot1MorphSession2,2,1,140,98,Production,,legal,1,SBJ.N1 GO-INTR,,SBJ-V.INTR,,3,SBJ-N1-GO-INTR.mp4,,,6.304,12.876,6.571999999999999,SBJ.|N1|GO,pif pekli kávler,1
ALP1203,ALP1203,,2026-05-17_19h09.04.483,BrocantoHPilot1MorphSession2,2,1,141,99,Production,,legal,2,OBJ.N5 SBJ.N3 REVEAL-TR,,OBJ-SBJ-V.TR,,8,OBJ-N5-SBJ-N3-REVEAL-TR.mp4,,,6.478,17.157,10.679,OBJ.|N5|REVEAL|SBJ.|N3,pif timó fer zilép girda,0
ALP1203,ALP1203,,2026-05-17_19h09.04.483,BrocantoHPilot1MorphSession2,2,1,142,100,Production,,legal,1,SBJ.N3 JUMP-INTR,,SBJ-V.INTR,,5,SBJ-N3-JUMP-INTR.mp4,,,6.35,10.768,4.418000000000001,JUMP|SBJ.|N3,pif bonip zilép,0
ALP1203,ALP1203,,2026-05-17_19h09.04.483,BrocantoHPilot1MorphSession2,2,1,143,101,Production,,legal,1,SBJ.N4 HIDE-INTR,,SBJ-V.INTR,,1,SBJ-N4-HIDE-INTR.mp4,,,7.817,10.088,2.270999999999999,HIDE|SBJ.|N4,pif dabi zsübe,1
ALP1203,ALP1203,,2026-05-17_19h09.04.483,BrocantoHPilot1MorphSession2,2,1,144,102,Production,,legal,2,OBJ.N5 SBJ.N2 PUSH-TR,,OBJ-SBJ-V.TR,,4,OBJ-N5-SBJ-N2-PUSH-TR.mp4,,,14.238,26.693,12.455000000000002,SBJ.|N2|OBJ.|N5|PUSH,pif murak fer timó vánta,1
ALP1203,ALP1203,,2026-05-17_19h09.04.483,BrocantoHPilot1MorphSession2,2,1,145,103,Production,,legal,1,SBJ.N5 REVEAL-INTR,,SBJ-V.INTR,,3,SBJ-N5-REVEAL-INTR.mp4,,,7.585,11.418,3.8329999999999993,SBJ.|N5|REVEAL,pif timó girda,1
ALP1203,ALP1203,,2026-05-17_19h09.04.483,BrocantoHPilot1MorphSession2,2,1,146,104,Production,,legal,1,SBJ.N3 HIDE-INTR,,SBJ-V.INTR,,0,SBJ-N3-HIDE-INTR.mp4,,,30.588,42.352,11.763999999999996,SBJ.|N3|HIDE,pif zilép zsübe,1
ALP1203,ALP1203,,2026-05-17_19h09.04.483,BrocantoHPilot1MorphSession2,2,1,147,105,Production,,legal,2,OBJ.N5 SBJ.N2 PUSH-TR,,OBJ-SBJ-V.TR,,5,OBJ-N5-SBJ-N2-PUSH-TR.mp4,,,5.462,10.69,5.228,SBJ.|N2|OBJ.|N5|PUSH,pif murak fer timó vánta,1
ALP1203,ALP1203,,2026-05-17_19h09.04.483,BrocantoHPilot1MorphSession2,2,1,148,106,Production,,legal,2,OBJ.N5 SBJ.N1 PUSH-TR,,OBJ-SBJ-V.TR,,1,OBJ-N5-SBJ-N1-PUSH-TR.mp4,,,5.245,9.951,4.706,SBJ.|N1|OBJ.|N5|PUSH,pif pekli fer timó vánta,1
ALP1203,ALP1203,,2026-05-17_19h09.04.483,BrocantoHPilot1MorphSession2,2,1,149,107,Production,,legal,3,OBJ.N5 SBJ.N2 HIDE-TR LOC.N3,,OBJ-SBJ-V.TR-LOC,,0,OBJ-N5-SBJ-N2-HIDE-TR-LOC-N3.mp4,,,10.088,22.839,12.751,HIDE|OBJ.|N5|LOC.|N3|SBJ.|N2,pif murak fer timó zsübe,0
ALP1203,ALP1203,,2026-05-17_19h09.04.483,BrocantoHPilot1MorphSession2,2,1,150,108,Production,,legal,2,SBJ.N4 REVEAL-INTR LOC.N3,,SBJ-V.INTR-LOC,,2,SBJ-N4-REVEAL-INTR-LOC-N3.mp4,,,6.993,26.346,19.353,SBJ.|N4|REVEAL|LOC.|N3,pa zilép pif dabi girda,1
ALP1203,ALP1203,,2026-05-17_19h09.04.483,BrocantoHPilot1MorphSession2,2,1,151,109,Production,,legal,2,SBJ.N4 REVEAL-INTR LOC.N3,,SBJ-V.INTR-LOC,,3,SBJ-N4-REVEAL-INTR-LOC-N3.mp4,,,6.155,11.769,5.614,SBJ.|N4|REVEAL|LOC.|N3,pif zilép pa dabi girda,0
ALP1203,ALP1203,,2026-05-17_19h09.04.483,BrocantoHPilot1MorphSession2,2,1,152,110,Production,,legal,3,OBJ.N5 SBJ.N1 PUSH-TR LOC.N2,,OBJ-SBJ-V.TR-LOC,,1,OBJ-N5-SBJ-N1-PUSH-TR-LOC-N2.mp4,,,8.11,27.717,19.607,OBJ.|N5|PUSH|SBJ.|N1|LOC.|N2,pa murak fer pekli vánta,0
ALP1203,ALP1203,,2026-05-17_19h09.04.483,BrocantoHPilot1MorphSession2,2,1,153,111,Production,,legal,3,OBJ.N5 SBJ.N1 REVEAL-TR LOC.N3,,OBJ-SBJ-V.TR-LOC,,1,OBJ-N5-SBJ-N1-REVEAL-TR-LOC-N3.mp4,,,11.51,21.135,9.625000000000002,SBJ.|N1|LOC.|N3|OBJ.|N5|REVEAL,pa pekli fer timó girda,0
ALP1203,ALP1203,,2026-05-17_19h09.04.483,BrocantoHPilot1MorphSession2,2,1,154,112,Production,,legal,2,SBJ.N1 REVEAL-INTR LOC.N5,,SBJ-V.INTR-LOC,,0,SBJ-N1-REVEAL-INTR-LOC-N5.mp4,,,10.398,18.126,7.7280000000000015,REVEAL|SBJ.|N1|LOC.|N5,pa timó pif pekli girda,1
ALP1203,ALP1203,,2026-05-17_19h09.04.483,BrocantoHPilot1MorphSession2,2,1,155,113,Production,,legal,3,OBJ.N5 SBJ.N2 PUSH-TR LOC.N3,,OBJ-SBJ-V.TR-LOC,,0,OBJ-N5-SBJ-N2-PUSH-TR-LOC-N3.mp4,,,6.056,26.707,20.651,LOC.|N3|SBJ.|N2|OBJ.|N5|PUSH,pif murak pa pekli fer timó vánta,0
ALP1203,ALP1203,,2026-05-17_19h09.04.483,BrocantoHPilot1MorphSession2,2,1,156,114,Production,,legal,3,OBJ.N5 SBJ.N1 HIDE-TR LOC.N2,,OBJ-SBJ-V.TR-LOC,,4,OBJ-N5-SBJ-N1-HIDE-TR-LOC-N2.mp4,,,6.354,15.5,9.146,SBJ.|N1|LOC.|N2|HIDE|OBJ.|N5,pif pekli timó fer zsübe,0
ALP1203,ALP1203,,2026-05-17_19h09.04.483,BrocantoHPilot1MorphSession2,2,1,157,115,Production,,legal,3,OBJ.N5 SBJ.N2 PUSH-TR LOC.N4,,OBJ-SBJ-V.TR-LOC,,3,OBJ-N5-SBJ-N2-PUSH-TR-LOC-N4.mp4,,,15.061,82.981,67.91999999999999,SBJ.|N2|LOC.|N4|OBJ.|N5|PUSH,pif murak fer timó pa dabi vánta,1
ALP1203,ALP1203,,2026-05-17_19h09.04.483,BrocantoHPilot1MorphSession2,2,1,158,116,Production,,legal,2,OBJ.N5 SBJ.N3 REVEAL-TR,,OBJ-SBJ-V.TR,,9,OBJ-N5-SBJ-N3-REVEAL-TR.mp4,,,12.749,45.487,32.738,OBJ.|N5|REVEAL|SBJ.|N3,pif timó fer girda zilép,0
ALP1203,ALP1203,,2026-05-17_19h09.04.483,BrocantoHPilot1MorphSession2,2,1,159,117,Production,,legal,3,OBJ.N5 SBJ.N3 HIDE-TR LOC.N4,,OBJ-SBJ-V.TR-LOC,,1,OBJ-N5-SBJ-N3-HIDE-TR-LOC-N4.mp4,,,,,,OBJ.|N5|SBJ.|N3|HIDE|LOC.|N4,,
ALP1204,ALP1204,,2026-01-01_00h00.00.000,BrocantoHPilot1MorphSession1,1,1,1,1,Passive,,legal,1,SBJ.N3 REVEAL-INTR,,SBJ-V.INTR,,0,SBJ-N3-REVEAL-INTR.mp4,,SBJ-N3-REVEAL-INTR.mp3,0,0,0,,,
ALP1204,ALP1204,,2026-01-01_00h00.00.000,BrocantoHPilot1MorphSession1,1,1,2,2,Passive,,legal,2,OBJ.N5 SBJ.N4 PUSH-TR,,OBJ-SBJ-V.TR,,0,OBJ-N5-SBJ-N4-PUSH-TR.mp4,,SBJ-N4-OBJ-N5-PUSH-TR.mp3,0,0,0,,,
ALP1204,ALP1204,,2026-01-01_00h00.00.000,BrocantoHPilot1MorphSession1,1,1,3,3,Passive,,legal,2,OBJ.N5 SBJ.N1 HIDE-TR,,OBJ-SBJ-V.TR,,0,OBJ-N5-SBJ-N1-HIDE-TR.mp4,,OBJ-N5-HIDE-TR-SBJ-N1.mp3,0,0,0,,,
ALP1204,ALP1204,,2026-01-01_00h00.00.000,BrocantoHPilot1MorphSession1,1,1,4,4,Passive,,legal,1,SBJ.N1 HIDE-INTR,,SBJ-V.INTR,,0,SBJ-N1-HIDE-INTR.mp4,,HIDE-INTR-SBJ-N1.mp3,0,0,0,,,
ALP1204,ALP1204,,2026-01-01_00h00.00.000,BrocantoHPilot1MorphSession1,1,1,5,5,Passive,,legal,1,SBJ.N2 REVEAL-INTR,,SBJ-V.INTR,,0,SBJ-N2-REVEAL-INTR.mp4,,SBJ-N2-REVEAL-INTR.mp3,0,0,0,,,
ALP1204,ALP1204,,2026-01-01_00h00.00.000,BrocantoHPilot1MorphSession1,1,1,6,6,Passive,,legal,2,OBJ.N5 SBJ.N3 REVEAL-TR,,OBJ-SBJ-V.TR,,0,OBJ-N5-SBJ-N3-REVEAL-TR.mp4,,OBJ-N5-REVEAL-TR-SBJ-N3.mp3,0,0,0,,,
ALP1204,ALP1204,,2026-01-01_00h00.00.000,BrocantoHPilot1MorphSession1,1,1,7,7,Passive,,legal,1,SBJ.N2 GO-INTR,,SBJ-V.INTR,,0,SBJ-N2-GO-INTR.mp4,,GO-INTR-SBJ-N2.mp3,0,0,0,,,
ALP1204,ALP1204,,2026-01-01_00h00.00.000,BrocantoHPilot1MorphSession1,1,1,8,8,Passive,,legal,2,OBJ.N5 SBJ.N1 PUSH-TR,,OBJ-SBJ-V.TR,,0,OBJ-N5-SBJ-N1-PUSH-TR.mp4,,SBJ-N1-OBJ-N5-PUSH-TR.mp3,0,0,0,,,
ALP1204,ALP1204,,2026-01-01_00h00.00.000,BrocantoHPilot1MorphSession1,1,1,9,9,Passive,,legal,1,SBJ.N1 JUMP-INTR,,SBJ-V.INTR,,0,SBJ-N1-JUMP-INTR.mp4,,SBJ-N1-JUMP-INTR.mp3,0,0,0,,,
ALP1204,ALP1204,,2026-01-01_00h00.00.000,BrocantoHPilot1MorphSession1,1,1,10,10,Passive,,legal,2,OBJ.N5 SBJ.N2 REVEAL-TR,,OBJ-SBJ-V.TR,,0,OBJ-N5-SBJ-N2-REVEAL-TR.mp4,,SBJ-N2-REVEAL-TR-OBJ-N5.mp3,0,0,0,,,
ALP1204,ALP1204,,2026-01-01_00h00.00.000,BrocantoHPilot1MorphSession1,1,1,11,11,Passive,,legal,2,OBJ.N5 SBJ.N2 HIDE-TR,,OBJ-SBJ-V.TR,,0,OBJ-N5-SBJ-N2-HIDE-TR.mp4,,SBJ-N2-HIDE-TR-OBJ-N5.mp3,0,0,0,,,
ALP1204,ALP1204,,2026-01-01_00h00.00.000,BrocantoHPilot1MorphSession1,1,1,12,12,Passive,,legal,1,SBJ.N2 JUMP-INTR,,SBJ-V.INTR,,0,SBJ-N2-JUMP-INTR.mp4,,SBJ-N2-JUMP-INTR.mp3,0,0,0,,,
ALP1204,ALP1204,,2026-01-01_00h00.00.000,BrocantoHPilot1MorphSession1,1,1,13,13,Passive,,legal,1,SBJ.N5 HIDE-INTR,,SBJ-V.INTR,,0,SBJ-N5-HIDE-INTR.mp4,,HIDE-INTR-SBJ-N5.mp3,0,0,0,,,
ALP1204,ALP1204,,2026-01-01_00h00.00.000,BrocantoHPilot1MorphSession1,1,1,14,14,Passive,,legal,2,OBJ.N5 SBJ.N3 REVEAL-TR,,OBJ-SBJ-V.TR,,1,OBJ-N5-SBJ-N3-REVEAL-TR.mp4,,OBJ-N5-REVEAL-TR-SBJ-N3.mp3,0,0,0,,,
ALP1204,ALP1204,,2026-01-01_00h00.00.000,BrocantoHPilot1MorphSession1,1,1,15,15,Passive,,legal,1,SBJ.N2 GO-INTR,,SBJ-V.INTR,,1,SBJ-N2-GO-INTR.mp4,,GO-INTR-SBJ-N2.mp3,0,0,0,,,
ALP1204,ALP1204,,2026-01-01_00h00.00.000,BrocantoHPilot1MorphSession1,1,1,16,16,Passive,,legal,2,OBJ.N5 SBJ.N2 PUSH-TR,,OBJ-SBJ-V.TR,,0,OBJ-N5-SBJ-N2-PUSH-TR.mp4,,SBJ-N2-OBJ-N5-PUSH-TR.mp3,0,0,0,,,
ALP1204,ALP1204,,2026-01-01_00h00.00.000,BrocantoHPilot1MorphSession1,1,1,17,17,Passive,,legal,1,SBJ.N5 REVEAL-INTR,,SBJ-V.INTR,,0,SBJ-N5-REVEAL-INTR.mp4,,SBJ-N5-REVEAL-INTR.mp3,0,0,0,,,
ALP1204,ALP1204,,2026-01-01_00h00.00.000,BrocantoHPilot1MorphSession1,1,1,18,18,Passive,,legal,2,OBJ.N5 SBJ.N4 HIDE-TR,,OBJ-SBJ-V.TR,,0,OBJ-N5-SBJ-N4-HIDE-TR.mp4,,SBJ-N4-HIDE-TR-OBJ-N5.mp3,0,0,0,,,
ALP1204,ALP1204,,2026-01-01_00h00.00.000,BrocantoHPilot1MorphSession1,1,1,19,19,Passive,,legal,1,SBJ.N2 GO-INTR,,SBJ-V.INTR,,2,SBJ-N2-GO-INTR.mp4,,GO-INTR-SBJ-N2.mp3,0,0,0,,,
ALP1204,ALP1204,,2026-01-01_00h00.00.000,BrocantoHPilot1MorphSession1,1,1,20,20,Passive,,legal,1,SBJ.N1 REVEAL-INTR,,SBJ-V.INTR,,0,SBJ-N1-REVEAL-INTR.mp4,,REVEAL-INTR-SBJ-N1.mp3,0,0,0,,,
ALP1204,ALP1204,,2026-01-01_00h00.00.000,BrocantoHPilot1MorphSession1,1,1,21,21,Passive,,legal,2,OBJ.N5 SBJ.N1 REVEAL-TR,,OBJ-SBJ-V.TR,,0,OBJ-N5-SBJ-N1-REVEAL-TR.mp4,,REVEAL-TR-SBJ-N1-OBJ-N5.mp3,0,0,0,,,
ALP1204,ALP1204,,2026-01-01_00h00.00.000,BrocantoHPilot1MorphSession1,1,1,22,22,Passive,,legal,2,OBJ.N5 SBJ.N1 REVEAL-TR,,OBJ-SBJ-V.TR,,1,OBJ-N5-SBJ-N1-REVEAL-TR.mp4,,REVEAL-TR-SBJ-N1-OBJ-N5.mp3,0,0,0,,,
ALP1204,ALP1204,,2026-01-01_00h00.00.000,BrocantoHPilot1MorphSession1,1,1,23,23,Passive,,legal,3,OBJ.N5 SBJ.N2 PUSH-TR LOC.N1,,OBJ-SBJ-V.TR-LOC,,0,OBJ-N5-SBJ-N2-PUSH-TR-LOC-N1.mp4,,OBJ-N5-SBJ-N2-LOC-N1-PUSH-TR.mp3,0,0,0,,,
ALP1204,ALP1204,,2026-01-01_00h00.00.000,BrocantoHPilot1MorphSession1,1,1,24,24,Passive,,legal,2,SBJ.N4 REVEAL-INTR LOC.N3,,SBJ-V.INTR-LOC,,0,SBJ-N4-REVEAL-INTR-LOC-N3.mp4,,SBJ-N4-REVEAL-INTR-LOC-N3.mp3,0,0,0,,,
ALP1204,ALP1204,,2026-01-01_00h00.00.000,BrocantoHPilot1MorphSession1,1,1,25,25,Passive,,legal,3,OBJ.N5 SBJ.N1 HIDE-TR LOC.N2,,OBJ-SBJ-V.TR-LOC,,0,OBJ-N5-SBJ-N1-HIDE-TR-LOC-N2.mp4,,SBJ-N1-LOC-N2-HIDE-TR-OBJ-N5.mp3,0,0,0,,,
ALP1204,ALP1204,,2026-01-01_00h00.00.000,BrocantoHPilot1MorphSession1,1,1,26,26,Passive,,legal,2,SBJ.N4 REVEAL-INTR LOC.N3,,SBJ-V.INTR-LOC,,1,SBJ-N4-REVEAL-INTR-LOC-N3.mp4,,SBJ-N4-REVEAL-INTR-LOC-N3.mp3,0,0,0,,,
ALP1204,ALP1204,,2026-01-01_00h00.00.000,BrocantoHPilot1MorphSession1,1,1,27,27,Passive,,legal,3,OBJ.N5 SBJ.N4 REVEAL-TR LOC.N1,,OBJ-SBJ-V.TR-LOC,,0,OBJ-N5-SBJ-N4-REVEAL-TR-LOC-N1.mp4,,OBJ-N5-LOC-N1-REVEAL-TR-SBJ-N4.mp3,0,0,0,,,
ALP1204,ALP1204,,2026-01-01_00h00.00.000,BrocantoHPilot1MorphSession1,1,1,28,28,Passive,,legal,2,SBJ.N5 REVEAL-INTR LOC.N3,,SBJ-V.INTR-LOC,,0,SBJ-N5-REVEAL-INTR-LOC-N3.mp4,,SBJ-N5-REVEAL-INTR-LOC-N3.mp3,0,0,0,,,
ALP1204,ALP1204,,2026-01-01_00h00.00.000,BrocantoHPilot1MorphSession1,1,1,29,29,Passive,,legal,3,OBJ.N5 SBJ.N3 HIDE-TR LOC.N4,,OBJ-SBJ-V.TR-LOC,,0,OBJ-N5-SBJ-N3-HIDE-TR-LOC-N4.mp4,,OBJ-N5-SBJ-N3-HIDE-TR-LOC-N4.mp3,0,0,0,,,
ALP1204,ALP1204,,2026-01-01_00h00.00.000,BrocantoHPilot1MorphSession1,1,1,30,30,Passive,,legal,3,OBJ.N5 SBJ.N1 REVEAL-TR LOC.N2,,OBJ-SBJ-V.TR-LOC,,0,OBJ-N5-SBJ-N1-REVEAL-TR-LOC-N2.mp4,,SBJ-N1-LOC-N2-REVEAL-TR-OBJ-N5.mp3,0,0,0,,,
ALP1204,ALP1204,,2026-01-01_00h00.00.000,BrocantoHPilot1MorphSession1,1,1,31,31,Passive,,legal,3,OBJ.N5 SBJ.N4 PUSH-TR LOC.N2,,OBJ-SBJ-V.TR-LOC,,0,OBJ-N5-SBJ-N4-PUSH-TR-LOC-N2.mp4,,LOC-N2-OBJ-N5-SBJ-N4-PUSH-TR.mp3,0,0,0,,,
ALP1204,ALP1204,,2026-01-01_00h00.00.000,BrocantoHPilot1MorphSession1,1,1,32,32,Passive,,legal,3,OBJ.N5 SBJ.N4 HIDE-TR LOC.N1,,OBJ-SBJ-V.TR-LOC,,0,OBJ-N5-SBJ-N4-HIDE-TR-LOC-N1.mp4,,LOC-N1-OBJ-N5-SBJ-N4-HIDE-TR.mp3,0,0,0,,,
ALP1204,ALP1204,,2026-01-01_00h00.00.000,BrocantoHPilot1MorphSession1,1,1,33,33,Passive,,legal,2,Ab SBJ.N2 JUMP-INTR,,SBJ-V.INTR,,0,Ab-SBJ-N2-JUMP-INTR.mp4,,JUMP-INTR-Ab-SBJ-N2.mp3,0,0,0,,,
ALP1204,ALP1204,,2026-01-01_00h00.00.000,BrocantoHPilot1MorphSession1,1,1,34,34,Passive,,legal,3,OBJ.N5 Ab SBJ.N4 REVEAL-TR,,OBJ-SBJ-V.TR,,0,OBJ-N5-Ab-SBJ-N4-REVEAL-TR.mp4,,OBJ-N5-Ab-SBJ-N4-REVEAL-TR.mp3,0,0,0,,,
ALP1204,ALP1204,,2026-01-01_00h00.00.000,BrocantoHPilot1MorphSession1,1,1,35,35,Passive,,legal,3,OBJ.N5 SBJ.N3 PUSH-TR LOC.N1,,OBJ-SBJ-V.TR-LOC,,0,OBJ-N5-SBJ-N3-PUSH-TR-LOC-N1.mp4,,PUSH-TR-LOC-N1-OBJ-N5-SBJ-N3.mp3,0,0,0,,,
ALP1204,ALP1204,,2026-01-01_00h00.00.000,BrocantoHPilot1MorphSession1,1,1,36,36,Passive,,legal,2,Ab SBJ.N4 HIDE-INTR,,SBJ-V.INTR,,0,Ab-SBJ-N4-HIDE-INTR.mp4,,HIDE-INTR-Ab-SBJ-N4.mp3,0,0,0,,,
ALP1204,ALP1204,,2026-01-01_00h00.00.000,BrocantoHPilot1MorphSession1,1,1,37,37,Passive,,legal,2,SBJ.N4 HIDE-INTR LOC.N1,,SBJ-V.INTR-LOC,,0,SBJ-N4-HIDE-INTR-LOC-N1.mp4,,HIDE-INTR-SBJ-N4-LOC-N1.mp3,0,0,0,,,
ALP1204,ALP1204,,2026-01-01_00h00.00.000,BrocantoHPilot1MorphSession1,1,1,38,38,Passive,,legal,2,SBJ.N5 JUMP-INTR LOC.N2,,SBJ-V.INTR-LOC,,0,SBJ-N5-JUMP-INTR-LOC-N2.mp4,,JUMP-INTR-LOC-N2-SBJ-N5.mp3,0,0,0,,,
ALP1204,ALP1204,,2026-01-01_00h00.00.000,BrocantoHPilot1MorphSession1,1,1,39,39,Passive,,legal,2,SBJ.N5 GO-INTR LOC.N4,,SBJ-V.INTR-LOC,,0,SBJ-N5-GO-INTR-LOC-N4.mp4,,SBJ-N5-LOC-N4-GO-INTR.mp3,0,0,0,,,
ALP1204,ALP1204,,2026-01-01_00h00.00.000,BrocantoHPilot1MorphSession1,1,1,40,40,Passive,,legal,2,SBJ.N3 HIDE-INTR LOC.N4,,SBJ-V.INTR-LOC,,0,SBJ-N3-HIDE-INTR-LOC-N4.mp4,,LOC-N4-SBJ-N3-HIDE-INTR.mp3,0,0,0,,,
ALP1204,ALP1204,,2026-01-01_00h00.00.000,BrocantoHPilot1MorphSession1,1,1,41,41,Passive,,legal,2,SBJ.N5 JUMP-INTR LOC.N4,,SBJ-V.INTR-LOC,,0,SBJ-N5-JUMP-INTR-LOC-N4.mp4,,LOC-N4-JUMP-INTR-SBJ-N5.mp3,0,0,0,,,
ALP1204,ALP1204,,2026-01-01_00h00.00.000,BrocantoHPilot1MorphSession1,1,1,42,42,Passive,,legal,3,OBJ.N5 Ab SBJ.N1 PUSH-TR,,OBJ-SBJ-V.TR,,0,OBJ-N5-Ab-SBJ-N1-PUSH-TR.mp4,,PUSH-TR-Ab-SBJ-N1-OBJ-N5.mp3,0,0,0,,,
ALP1204,ALP1204,,2026-05-25_19h00.29.126,BrocantoHPilot1MorphSession2,2,1,43,1,Passive,,legal,1,SBJ.N1 GO-INTR,,SBJ-V.INTR,,0,SBJ-N1-GO-INTR.mp4,,SBJ-N1-GO-INTR.mp3,198.8277,204.6036,5.775900000000007,,,
ALP1204,ALP1204,,2026-05-25_19h00.29.126,BrocantoHPilot1MorphSession2,2,1,44,2,Passive,,legal,2,OBJ.N5 SBJ.N3 REVEAL-TR,,OBJ-SBJ-V.TR,,2,OBJ-N5-SBJ-N3-REVEAL-TR.mp4,,OBJ-N5-REVEAL-TR-SBJ-N3.mp3,204.6044,213.0715,8.467099999999988,,,
ALP1204,ALP1204,,2026-05-25_19h00.29.126,BrocantoHPilot1MorphSession2,2,1,45,3,Passive,,legal,2,OBJ.N5 SBJ.N2 PUSH-TR,,OBJ-SBJ-V.TR,,1,OBJ-N5-SBJ-N2-PUSH-TR.mp4,,SBJ-N2-OBJ-N5-PUSH-TR.mp3,213.0728,219.5883,6.515500000000003,,,
ALP1204,ALP1204,,2026-05-25_19h00.29.126,BrocantoHPilot1MorphSession2,2,1,46,4,Passive,,legal,1,SBJ.N1 GO-INTR,,SBJ-V.INTR,,1,SBJ-N1-GO-INTR.mp4,,SBJ-N1-GO-INTR.mp3,219.5894,226.2381,6.648699999999991,,,
ALP1204,ALP1204,,2026-05-25_19h00.29.126,BrocantoHPilot1MorphSession2,2,1,47,5,Passive,,legal,2,OBJ.N5 SBJ.N4 HIDE-TR,,OBJ-SBJ-V.TR,,1,OBJ-N5-SBJ-N4-HIDE-TR.mp4,,SBJ-N4-HIDE-TR-OBJ-N5.mp3,226.2387,232.2379,5.999200000000002,,,
ALP1204,ALP1204,,2026-05-25_19h00.29.126,BrocantoHPilot1MorphSession2,2,1,48,6,Passive,,legal,1,SBJ.N2 HIDE-INTR,,SBJ-V.INTR,,0,SBJ-N2-HIDE-INTR.mp4,,SBJ-N2-HIDE-INTR.mp3,232.2385,238.0051,5.766600000000011,,,
ALP1204,ALP1204,,2026-05-25_19h00.29.126,BrocantoHPilot1MorphSession2,2,1,49,7,Passive,,legal,2,OBJ.N5 SBJ.N3 REVEAL-TR,,OBJ-SBJ-V.TR,,3,OBJ-N5-SBJ-N3-REVEAL-TR.mp4,,OBJ-N5-REVEAL-TR-SBJ-N3.mp3,238.0065,244.6051,6.598600000000005,,,
ALP1204,ALP1204,,2026-05-25_19h00.29.126,BrocantoHPilot1MorphSession2,2,1,50,8,Passive,,legal,1,SBJ.N3 JUMP-INTR,,SBJ-V.INTR,,0,SBJ-N3-JUMP-INTR.mp4,,JUMP-INTR-SBJ-N3.mp3,244.6065,250.5717,5.965199999999982,,,
ALP1204,ALP1204,,2026-05-25_19h00.29.126,BrocantoHPilot1MorphSession2,2,1,51,9,Passive,,legal,1,SBJ.N5 REVEAL-INTR,,SBJ-V.INTR,,1,SBJ-N5-REVEAL-INTR.mp4,,SBJ-N5-REVEAL-INTR.mp3,250.5729,256.9372,6.364300000000014,,,
ALP1204,ALP1204,,2026-05-25_19h00.29.126,BrocantoHPilot1MorphSession2,2,1,52,10,Passive,,legal,2,OBJ.N5 SBJ.N4 HIDE-TR,,OBJ-SBJ-V.TR,,2,OBJ-N5-SBJ-N4-HIDE-TR.mp4,,SBJ-N4-HIDE-TR-OBJ-N5.mp3,256.9376,262.6216,5.684000000000026,,,
ALP1204,ALP1204,,2026-05-25_19h00.29.126,BrocantoHPilot1MorphSession2,2,1,53,11,Passive,,legal,1,SBJ.N3 JUMP-INTR,,SBJ-V.INTR,,1,SBJ-N3-JUMP-INTR.mp4,,JUMP-INTR-SBJ-N3.mp3,262.6225,268.655,6.03249999999997,,,
ALP1204,ALP1204,,2026-05-25_19h00.29.126,BrocantoHPilot1MorphSession2,2,1,54,12,Passive,,legal,2,OBJ.N5 SBJ.N2 PUSH-TR,,OBJ-SBJ-V.TR,,2,OBJ-N5-SBJ-N2-PUSH-TR.mp4,,SBJ-N2-OBJ-N5-PUSH-TR.mp3,268.6568,274.872,6.2152000000000385,,,
ALP1204,ALP1204,,2026-05-25_19h00.29.126,BrocantoHPilot1MorphSession2,2,1,55,13,Passive,,legal,2,OBJ.N5 SBJ.N1 HIDE-TR,,OBJ-SBJ-V.TR,,1,OBJ-N5-SBJ-N1-HIDE-TR.mp4,,OBJ-N5-HIDE-TR-SBJ-N1.mp3,274.8732,281.2048,6.33159999999998,,,
ALP1204,ALP1204,,2026-05-25_19h00.29.126,BrocantoHPilot1MorphSession2,2,1,56,14,Passive,,legal,1,SBJ.N2 HIDE-INTR,,SBJ-V.INTR,,1,SBJ-N2-HIDE-INTR.mp4,,SBJ-N2-HIDE-INTR.mp3,281.2054,288.2216,7.016200000000026,,,
ALP1204,ALP1204,,2026-05-25_19h00.29.126,BrocantoHPilot1MorphSession2,2,1,57,15,Passive,,legal,2,OBJ.N5 SBJ.N2 PUSH-TR,,OBJ-SBJ-V.TR,,3,OBJ-N5-SBJ-N2-PUSH-TR.mp4,,SBJ-N2-OBJ-N5-PUSH-TR.mp3,288.2221,294.7056,6.483499999999992,,,
ALP1204,ALP1204,,2026-05-25_19h00.29.126,BrocantoHPilot1MorphSession2,2,1,58,16,Passive,,legal,1,SBJ.N3 GO-INTR,,SBJ-V.INTR,,0,SBJ-N3-GO-INTR.mp4,,GO-INTR-SBJ-N3.mp3,294.707,300.4056,5.698599999999999,,,
ALP1204,ALP1204,,2026-05-25_19h00.29.126,BrocantoHPilot1MorphSession2,2,1,59,17,Passive,,legal,1,SBJ.N4 REVEAL-INTR,,SBJ-V.INTR,,0,SBJ-N4-REVEAL-INTR.mp4,,REVEAL-INTR-SBJ-N4.mp3,300.4067,306.0708,5.664100000000019,,,
ALP1204,ALP1204,,2026-05-25_19h00.29.126,BrocantoHPilot1MorphSession2,2,1,60,18,Passive,,legal,2,OBJ.N5 SBJ.N3 REVEAL-TR,,OBJ-SBJ-V.TR,,4,OBJ-N5-SBJ-N3-REVEAL-TR.mp4,,OBJ-N5-REVEAL-TR-SBJ-N3.mp3,306.0712,320.1222,14.051000000000045,,,
ALP1204,ALP1204,,2026-05-25_19h00.29.126,BrocantoHPilot1MorphSession2,2,1,61,19,Passive,,legal,1,SBJ.N5 JUMP-INTR,,SBJ-V.INTR,,0,SBJ-N5-JUMP-INTR.mp4,,SBJ-N5-JUMP-INTR.mp3,320.1231,325.6723,5.549199999999985,,,
ALP1204,ALP1204,,2026-05-25_19h00.29.126,BrocantoHPilot1MorphSession2,2,1,62,20,Passive,,legal,1,SBJ.N3 GO-INTR,,SBJ-V.INTR,,1,SBJ-N3-GO-INTR.mp4,,GO-INTR-SBJ-N3.mp3,325.6732,331.7723,6.099099999999964,,,
ALP1204,ALP1204,,2026-05-25_19h00.29.126,BrocantoHPilot1MorphSession2,2,1,63,21,Passive,,legal,2,OBJ.N5 SBJ.N3 REVEAL-TR,,OBJ-SBJ-V.TR,,5,OBJ-N5-SBJ-N3-REVEAL-TR.mp4,,OBJ-N5-REVEAL-TR-SBJ-N3.mp3,331.7731,339.4225,7.649400000000014,,,
ALP1204,ALP1204,,2026-05-25_19h00.29.126,BrocantoHPilot1MorphSession2,2,1,64,22,Passive,,legal,2,OBJ.N5 SBJ.N1 REVEAL-TR,,OBJ-SBJ-V.TR,,2,OBJ-N5-SBJ-N1-REVEAL-TR.mp4,,REVEAL-TR-SBJ-N1-OBJ-N5.mp3,339.4235,345.055,5.631500000000017,,,
ALP1204,ALP1204,,2026-05-25_19h00.29.126,BrocantoHPilot1MorphSession2,2,1,65,23,Passive,,legal,3,OBJ.N5 SBJ.N2 PUSH-TR LOC.N4,,OBJ-SBJ-V.TR-LOC,,0,OBJ-N5-SBJ-N2-PUSH-TR-LOC-N4.mp4,,SBJ-N2-LOC-N4-OBJ-N5-PUSH-TR.mp3,345.0555,350.9391,5.883600000000001,,,
ALP1204,ALP1204,,2026-05-25_19h00.29.126,BrocantoHPilot1MorphSession2,2,1,66,24,Passive,,legal,2,SBJ.N4 REVEAL-INTR LOC.N5,,SBJ-V.INTR-LOC,,0,SBJ-N4-REVEAL-INTR-LOC-N5.mp4,,REVEAL-INTR-SBJ-N4-LOC-N5.mp3,350.9399,357.0225,6.082599999999957,,,
ALP1204,ALP1204,,2026-05-25_19h00.29.126,BrocantoHPilot1MorphSession2,2,1,67,25,Passive,,legal,3,OBJ.N5 SBJ.N1 HIDE-TR LOC.N2,,OBJ-SBJ-V.TR-LOC,,1,OBJ-N5-SBJ-N1-HIDE-TR-LOC-N2.mp4,,SBJ-N1-LOC-N2-HIDE-TR-OBJ-N5.mp3,357.0234,363.2383,6.2149,,,
ALP1204,ALP1204,,2026-05-25_19h00.29.126,BrocantoHPilot1MorphSession2,2,1,68,26,Passive,,legal,2,SBJ.N2 REVEAL-INTR LOC.N5,,SBJ-V.INTR-LOC,,0,SBJ-N2-REVEAL-INTR-LOC-N5.mp4,,REVEAL-INTR-SBJ-N2-LOC-N5.mp3,363.2394,369.1385,5.899100000000033,,,
ALP1204,ALP1204,,2026-05-25_19h00.29.126,BrocantoHPilot1MorphSession2,2,1,69,27,Passive,,legal,3,OBJ.N5 SBJ.N1 PUSH-TR LOC.N2,,OBJ-SBJ-V.TR-LOC,,0,OBJ-N5-SBJ-N1-PUSH-TR-LOC-N2.mp4,,OBJ-N5-PUSH-TR-SBJ-N1-LOC-N2.mp3,369.1394,374.8888,5.74939999999998,,,
ALP1204,ALP1204,,2026-05-25_19h00.29.126,BrocantoHPilot1MorphSession2,2,1,70,28,Passive,,legal,2,SBJ.N3 REVEAL-INTR LOC.N4,,SBJ-V.INTR-LOC,,0,SBJ-N3-REVEAL-INTR-LOC-N4.mp4,,SBJ-N3-REVEAL-INTR-LOC-N4.mp3,374.8893,380.7728,5.883500000000026,,,
ALP1204,ALP1204,,2026-05-25_19h00.29.126,BrocantoHPilot1MorphSession2,2,1,71,29,Passive,,legal,3,OBJ.N5 SBJ.N4 HIDE-TR LOC.N3,,OBJ-SBJ-V.TR-LOC,,0,OBJ-N5-SBJ-N4-HIDE-TR-LOC-N3.mp4,,SBJ-N4-OBJ-N5-LOC-N3-HIDE-TR.mp3,380.774,387.3398,6.565800000000024,,,
ALP1204,ALP1204,,2026-05-25_19h00.29.126,BrocantoHPilot1MorphSession2,2,1,72,30,Passive,,legal,3,OBJ.N5 SBJ.N3 REVEAL-TR LOC.N4,,OBJ-SBJ-V.TR-LOC,,0,OBJ-N5-SBJ-N3-REVEAL-TR-LOC-N4.mp4,,OBJ-N5-LOC-N4-SBJ-N3-REVEAL-TR.mp3,387.341,394.3061,6.965100000000007,,,
ALP1204,ALP1204,,2026-05-25_19h00.29.126,BrocantoHPilot1MorphSession2,2,1,73,31,Passive,,legal,3,OBJ.N5 SBJ.N2 PUSH-TR LOC.N4,,OBJ-SBJ-V.TR-LOC,,1,OBJ-N5-SBJ-N2-PUSH-TR-LOC-N4.mp4,,SBJ-N2-LOC-N4-OBJ-N5-PUSH-TR.mp3,394.3069,400.1562,5.849300000000028,,,
ALP1204,ALP1204,,2026-05-25_19h00.29.126,BrocantoHPilot1MorphSession2,2,1,74,32,Passive,,legal,2,OBJ.N5 SBJ.N1 REVEAL-TR,,OBJ-SBJ-V.TR,,3,OBJ-N5-SBJ-N1-REVEAL-TR.mp4,,REVEAL-TR-SBJ-N1-OBJ-N5.mp3,400.157,405.8897,5.7327000000000226,,,
ALP1204,ALP1204,,2026-05-25_19h00.29.126,BrocantoHPilot1MorphSession2,2,1,75,33,Passive,,legal,3,OBJ.N5 SBJ.N4 HIDE-TR LOC.N2,,OBJ-SBJ-V.TR-LOC,,0,OBJ-N5-SBJ-N4-HIDE-TR-LOC-N2.mp4,,OBJ-N5-HIDE-TR-LOC-N2-SBJ-N4.mp3,405.8908,411.9897,6.098900000000015,,,
ALP1204,ALP1204,,2026-05-25_19h00.29.126,BrocantoHPilot1MorphSession2,2,1,76,34,Passive,,legal,1,SBJ.N5 JUMP-INTR,,SBJ-V.INTR,,1,SBJ-N5-JUMP-INTR.mp4,,SBJ-N5-JUMP-INTR.mp3,411.9906,417.6893,5.698700000000031,,,
ALP1204,ALP1204,,2026-05-25_19h00.29.126,BrocantoHPilot1MorphSession2,2,1,77,35,Passive,,legal,2,Aa SBJ.N5 HIDE-INTR,,SBJ-V.INTR,,0,Aa-SBJ-N5-HIDE-INTR.mp4,,HIDE-INTR-Aa-SBJ-N5.mp3,417.6904,423.5564,5.8659999999999854,,,
ALP1204,ALP1204,,2026-05-25_19h00.29.126,BrocantoHPilot1MorphSession2,2,1,78,36,Passive,,legal,2,SBJ.N5 GO-INTR LOC.N3,,SBJ-V.INTR-LOC,,0,SBJ-N5-GO-INTR-LOC-N3.mp4,,GO-INTR-SBJ-N5-LOC-N3.mp3,423.5573,429.5227,5.965399999999988,,,
ALP1204,ALP1204,,2026-05-25_19h00.29.126,BrocantoHPilot1MorphSession2,2,1,79,37,Passive,,legal,2,SBJ.N2 JUMP-INTR LOC.N1,,SBJ-V.INTR-LOC,,0,SBJ-N2-JUMP-INTR-LOC-N1.mp4,,LOC-N1-SBJ-N2-JUMP-INTR.mp3,429.5232,435.0395,5.516300000000001,,,
ALP1204,ALP1204,,2026-05-25_19h00.29.126,BrocantoHPilot1MorphSession2,2,1,80,38,Passive,,legal,2,SBJ.N3 GO-INTR LOC.N2,,SBJ-V.INTR-LOC,,0,SBJ-N3-GO-INTR-LOC-N2.mp4,,LOC-N2-GO-INTR-SBJ-N3.mp3,435.04,440.5399,5.499899999999968,,,
ALP1204,ALP1204,,2026-05-25_19h00.29.126,BrocantoHPilot1MorphSession2,2,1,81,39,Passive,,legal,2,SBJ.N5 HIDE-INTR LOC.N3,,SBJ-V.INTR-LOC,,0,SBJ-N5-HIDE-INTR-LOC-N3.mp4,,SBJ-N5-HIDE-INTR-LOC-N3.mp3,440.541,446.5729,6.031900000000007,,,
ALP1204,ALP1204,,2026-05-25_19h00.29.126,BrocantoHPilot1MorphSession2,2,1,82,40,Passive,,legal,2,SBJ.N1 HIDE-INTR LOC.N3,,SBJ-V.INTR-LOC,,0,SBJ-N1-HIDE-INTR-LOC-N3.mp4,,SBJ-N1-LOC-N3-HIDE-INTR.mp3,446.5734,462.6221,16.048699999999997,,,
ALP1204,ALP1204,,2026-05-25_19h00.29.126,BrocantoHPilot1MorphSession2,2,1,83,41,Passive,,legal,2,OBJ.N5 SBJ.N4 HIDE-TR,,OBJ-SBJ-V.TR,,3,OBJ-N5-SBJ-N4-HIDE-TR.mp4,,SBJ-N4-HIDE-TR-OBJ-N5.mp3,462.6224,474.2732,11.650799999999947,,,
ALP1204,ALP1204,,2026-05-25_19h00.29.126,BrocantoHPilot1MorphSession2,2,1,84,42,Passive,,legal,3,OBJ.N5 SBJ.N1 HIDE-TR LOC.N2,,OBJ-SBJ-V.TR-LOC,,2,OBJ-N5-SBJ-N1-HIDE-TR-LOC-N2.mp4,,SBJ-N1-LOC-N2-HIDE-TR-OBJ-N5.mp3,474.2735,492.1242,17.85069999999996,,,
ALP1204,ALP1204,,2026-05-25_19h00.29.126,BrocantoHPilot1MorphSession2,2,,,43,Comprehension,,legal,,,,,,,OBJ-N5-SBJ-N2-HIDE-TR.mp4,OBJ-N5-SBJ-N2-REVEAL-TR.mp4,,26.9305,28.6972,1.7667000000000002,2,2,1
ALP1204,ALP1204,,2026-05-25_19h00.29.126,BrocantoHPilot1MorphSession2,2,,,44,Comprehension,,legal,,,,,,,SBJ-N5-HIDE-INTR.mp4,SBJ-N5-GO-INTR.mp4,,24.0485,23.1484,-0.9001000000000019,2,2,1
ALP1204,ALP1204,,2026-05-25_19h00.29.126,BrocantoHPilot1MorphSession2,2,1,87,45,Comprehension,wrong_verb,legal,1,SBJ.N5 JUMP-INTR,SBJ.N5 HIDE-INTR,SBJ-V.INTR,SBJ-V.INTR,2,SBJ-N5-JUMP-INTR.mp4,SBJ-N5-HIDE-INTR.mp4,,13.5821,14.4654,0.8833000000000002,1,1,1
ALP1204,ALP1204,,2026-05-25_19h00.29.126,BrocantoHPilot1MorphSession2,2,,,46,Comprehension,,legal,,,,,,,OBJ-N5-SBJ-N3-REVEAL-TR.mp4,OBJ-N3-SBJ-N5-PUSH-TR.mp4,,16.5148,15.9983,-0.5165000000000006,2,2,1
ALP1204,ALP1204,,2026-05-25_19h00.29.126,BrocantoHPilot1MorphSession2,2,,,47,Comprehension,,legal,,,,,,,OBJ-N5-SBJ-N3-PUSH-TR.mp4,OBJ-N3-SBJ-N5-PUSH-TR.mp4,,26.5656,35.1824,8.616800000000001,1,1,1
ALP1204,ALP1204,,2026-05-25_19h00.29.126,BrocantoHPilot1MorphSession2,2,,,48,Comprehension,,legal,,,,,,,SBJ-N1-HIDE-INTR.mp4,SBJ-N1-REVEAL-INTR.mp4,,16.5656,23.199,6.633400000000002,2,2,1
ALP1204,ALP1204,,2026-05-25_19h00.29.126,BrocantoHPilot1MorphSession2,2,,,49,Comprehension,,legal,,,,,,,OBJ-N5-SBJ-N4-HIDE-TR.mp4,OBJ-N4-SBJ-N5-REVEAL-TR.mp4,,35.499,43.0323,7.533299999999997,1,1,1
ALP1204,ALP1204,,2026-05-25_19h00.29.126,BrocantoHPilot1MorphSession2,2,1,92,50,Comprehension,wrong_verb,legal,1,SBJ.N2 REVEAL-INTR,SBJ.N2 HIDE-INTR,SBJ-V.INTR,SBJ-V.INTR,1,SBJ-N2-REVEAL-INTR.mp4,SBJ-N2-HIDE-INTR.mp4,,25.9165,25.9498,0.03330000000000055,2,2,1
ALP1204,ALP1204,,2026-05-25_19h00.29.126,BrocantoHPilot1MorphSession2,2,,,51,Comprehension,,legal,,,,,,,OBJ-N5-SBJ-N4-PUSH-TR.mp4,OBJ-N4-SBJ-N5-PUSH-TR.mp4,,17.4489,23.7489,6.300000000000001,1,1,1
ALP1204,ALP1204,,2026-05-25_19h00.29.126,BrocantoHPilot1MorphSession2,2,1,94,52,Comprehension,wrong_verb,legal,1,SBJ.N1 GO-INTR,SBJ.N1 HIDE-INTR,SBJ-V.INTR,SBJ-V.INTR,2,SBJ-N1-GO-INTR.mp4,SBJ-N1-HIDE-INTR.mp4,,16.7161,18.1994,1.4832999999999998,1,1,1
ALP1204,ALP1204,,2026-05-25_19h00.29.126,BrocantoHPilot1MorphSession2,2,,,53,Comprehension,,legal,,,,,,,SBJ-N4-REVEAL-INTR.mp4,SBJ-N4-JUMP-INTR.mp4,,21.3984,22.5151,1.1167000000000016,2,2,1
ALP1204,ALP1204,,2026-05-25_19h00.29.126,BrocantoHPilot1MorphSession2,2,,,54,Comprehension,,legal,,,,,,,OBJ-N5-SBJ-N4-REVEAL-TR.mp4,OBJ-N4-SBJ-N5-PUSH-TR.mp4,,16.299,18.9323,2.633300000000002,2,2,1
ALP1204,ALP1204,,2026-05-25_19h00.29.126,BrocantoHPilot1MorphSession2,2,,,55,Comprehension,,legal,,,,,,,SBJ-N3-JUMP-INTR.mp4,SBJ-N3-GO-INTR.mp4,,14.8985,18.9652,4.066699999999999,1,1,1
ALP1204,ALP1204,,2026-05-25_19h00.29.126,BrocantoHPilot1MorphSession2,2,,,56,Comprehension,,legal,,,,,,,OBJ-N5-SBJ-N4-PUSH-TR.mp4,OBJ-N4-SBJ-N5-PUSH-TR.mp4,,16.3323,15.8654,-0.46690000000000076,1,1,1
ALP1204,ALP1204,,2026-05-25_19h00.29.126,BrocantoHPilot1MorphSession2,2,,,57,Comprehension,,legal,,,,,,,OBJ-N5-SBJ-N4-REVEAL-TR.mp4,OBJ-N4-SBJ-N5-HIDE-TR.mp4,,19.1654,18.332,-0.833400000000001,2,2,1
ALP1204,ALP1204,,2026-05-25_19h00.29.126,BrocantoHPilot1MorphSession2,2,,,58,Comprehension,,legal,,,,,,,SBJ-N5-GO-INTR.mp4,SBJ-N5-HIDE-INTR.mp4,,14.3147,14.2153,-0.09940000000000104,2,2,1
ALP1204,ALP1204,,2026-05-25_19h00.29.126,BrocantoHPilot1MorphSession2,2,,,59,Comprehension,,legal,,,,,,,SBJ-N1-HIDE-INTR.mp4,SBJ-N1-REVEAL-INTR.mp4,,22.8825,29.6824,6.799900000000001,2,2,1
ALP1204,ALP1204,,2026-05-25_19h00.29.126,BrocantoHPilot1MorphSession2,2,,,60,Comprehension,,legal,,,,,,,OBJ-N5-SBJ-N3-HIDE-TR.mp4,OBJ-N3-SBJ-N5-HIDE-TR.mp4,,23.3655,42.6324,19.266899999999996,2,1,0
ALP1204,ALP1204,,2026-05-25_19h00.29.126,BrocantoHPilot1MorphSession2,2,1,103,61,Comprehension,wrong_verb,legal,1,SBJ.N5 REVEAL-INTR,SBJ.N5 JUMP-INTR,SBJ-V.INTR,SBJ-V.INTR,2,SBJ-N5-REVEAL-INTR.mp4,SBJ-N5-JUMP-INTR.mp4,,15.6654,15.8489,0.18350000000000044,1,1,1
ALP1204,ALP1204,,2026-05-25_19h00.29.126,BrocantoHPilot1MorphSession2,2,,,62,Comprehension,,legal,,,,,,,SBJ-N5-GO-INTR.mp4,SBJ-N5-JUMP-INTR.mp4,,14.7344,13.6484,-1.0860000000000003,2,2,1
ALP1204,ALP1204,,2026-05-25_19h00.29.126,BrocantoHPilot1MorphSession2,2,,,63,Comprehension,,legal,,,,,,,OBJ-N5-SBJ-N1-HIDE-TR.mp4,OBJ-N1-SBJ-N5-REVEAL-TR.mp4,,18.0988,18.6487,0.5499000000000009,2,2,1
ALP1204,ALP1204,,2026-05-25_19h00.29.126,BrocantoHPilot1MorphSession2,2,,,64,Comprehension,,legal,,,,,,,OBJ-N5-SBJ-N4-REVEAL-TR.mp4,OBJ-N4-SBJ-N5-REVEAL-TR.mp4,,17.5151,41.5153,24.000200000000003,1,1,1
ALP1204,ALP1204,,2026-05-25_19h00.29.126,BrocantoHPilot1MorphSession2,2,,,65,Comprehension,,legal,,,,,,,SBJ-N2-REVEAL-INTR-LOC-N4.mp4,SBJ-N4-JUMP-INTR-LOC-N2.mp4,,17.5817,30.3984,12.816699999999997,1,1,1
ALP1204,ALP1204,,2026-05-25_19h00.29.126,BrocantoHPilot1MorphSession2,2,,,66,Comprehension,,legal,,,,,,,OBJ-N5-SBJ-N4-PUSH-TR-LOC-N2.mp4,OBJ-N4-SBJ-N5-PUSH-TR-LOC-N2.mp4,,28.0153,43.382,15.366699999999998,1,2,0
ALP1204,ALP1204,,2026-05-25_19h00.29.126,BrocantoHPilot1MorphSession2,2,,,67,Comprehension,,legal,,,,,,,OBJ-N5-SBJ-N4-HIDE-TR-LOC-N2.mp4,OBJ-N5-SBJ-N2-REVEAL-TR-LOC-N4.mp4,,16.9318,25.1318,8.2,2,2,1
ALP1204,ALP1204,,2026-05-25_19h00.29.126,BrocantoHPilot1MorphSession2,2,,,68,Comprehension,,legal,,,,,,,SBJ-N2-REVEAL-INTR-LOC-N4.mp4,SBJ-N4-REVEAL-INTR-LOC-N2.mp4,,16.1818,25.1485,8.9667,1,1,1
ALP1204,ALP1204,,2026-05-25_19h00.29.126,BrocantoHPilot1MorphSession2,2,,,69,Comprehension,,legal,,,,,,,SBJ-N5-REVEAL-INTR-LOC-N4.mp4,SBJ-N4-JUMP-INTR-LOC-N5.mp4,,25.2653,40.8821,15.616800000000001,2,2,1
ALP1204,ALP1204,,2026-05-25_19h00.29.126,BrocantoHPilot1MorphSession2,2,,,70,Comprehension,,legal,,,,,,,OBJ-N5-SBJ-N4-REVEAL-TR-LOC-N1.mp4,OBJ-N4-SBJ-N5-REVEAL-TR-LOC-N1.mp4,,25.9656,32.3813,6.415700000000005,2,1,0
ALP1204,ALP1204,,2026-05-25_19h00.29.126,BrocantoHPilot1MorphSession2,2,,,71,Comprehension,,legal,,,,,,,OBJ-N5-SBJ-N1-HIDE-TR-LOC-N2.mp4,OBJ-N1-SBJ-N5-REVEAL-TR-LOC-N2.mp4,,18.0985,24.1153,6.0168,1,1,1
ALP1204,ALP1204,,2026-05-25_19h00.29.126,BrocantoHPilot1MorphSession2,2,,,72,Comprehension,,legal,,,,,,,OBJ-N5-SBJ-N2-PUSH-TR-LOC-N4.mp4,OBJ-N2-SBJ-N5-PUSH-TR-LOC-N4.mp4,,22.6648,30.3153,7.650500000000001,2,1,0
ALP1204,ALP1204,,2026-05-25_19h00.29.126,BrocantoHPilot1MorphSession2,2,,,73,Comprehension,,legal,,,,,,,OBJ-N5-SBJ-N1-REVEAL-TR-LOC-N3.mp4,OBJ-N3-SBJ-N1-HIDE-TR-LOC-N5.mp4,,24.0496,32.516,8.466399999999997,2,2,1
ALP1204,ALP1204,,2026-05-25_19h00.29.126,BrocantoHPilot1MorphSession2,2,,,74,Comprehension,,legal,,,,,,,SBJ-N3-GO-INTR.mp4,SBJ-N3-HIDE-INTR.mp4,,,13.9988,,1,1,1
ALP1204,ALP1204,,2026-05-25_19h00.29.126,BrocantoHPilot1MorphSession2,2,,,75,Comprehension,,legal,,,,,,,OBJ-N5-SBJ-N3-PUSH-TR-LOC-N4.mp4,OBJ-N4-SBJ-N3-PUSH-TR-LOC-N5.mp4,,16.415,23.2988,6.883800000000001,2,2,1
ALP1204,ALP1204,,2026-05-25_19h00.29.126,BrocantoHPilot1MorphSession2,2,,,76,Comprehension,,legal,,,,,,,OBJ-N5-Ab-SBJ-N1-HIDE-TR.mp4,OBJ-N5-Aa-SBJ-N1-PUSH-TR.mp4,,,16.0811,,2,2,1
ALP1204,ALP1204,,2026-05-25_19h00.29.126,BrocantoHPilot1MorphSession2,2,1,119,77,Comprehension,wrong_verb,legal,1,SBJ.N1 JUMP-INTR,SBJ.N1 GO-INTR,SBJ-V.INTR,SBJ-V.INTR,1,SBJ-N1-JUMP-INTR.mp4,SBJ-N1-GO-INTR.mp4,,28.4822,35.2489,6.7667,2,2,1
ALP1204,ALP1204,,2026-05-25_19h00.29.126,BrocantoHPilot1MorphSession2,2,,,78,Comprehension,,legal,,,,,,,SBJ-N2-HIDE-INTR-LOC-N3.mp4,SBJ-N3-GO-INTR-LOC-N2.mp4,,,16.5491,,2,2,1
ALP1204,ALP1204,,2026-05-25_19h00.29.126,BrocantoHPilot1MorphSession2,2,,,79,Comprehension,,legal,,,,,,,SBJ-N4-HIDE-INTR-LOC-N5.mp4,SBJ-N5-HIDE-INTR-LOC-N4.mp4,,16.9322,26.1655,9.2333,2,1,0
ALP1204,ALP1204,,2026-05-25_19h00.29.126,BrocantoHPilot1MorphSession2,2,,,80,Comprehension,,legal,,,,,,,SBJ-N5-GO-INTR-LOC-N4.mp4,SBJ-N4-REVEAL-INTR-LOC-N5.mp4,,22.3984,22.5317,0.13330000000000197,1,1,1
ALP1204,ALP1204,,2026-05-25_19h00.29.126,BrocantoHPilot1MorphSession2,2,,,81,Comprehension,,legal,,,,,,,SBJ-N3-JUMP-INTR-LOC-N2.mp4,SBJ-N2-JUMP-INTR-LOC-N3.mp4,,15.1987,21.5477,6.348999999999998,1,1,1
ALP1204,ALP1204,,2026-05-25_19h00.29.126,BrocantoHPilot1MorphSession2,2,,,82,Comprehension,,legal,,,,,,,SBJ-N4-JUMP-INTR-LOC-N1.mp4,SBJ-N1-REVEAL-INTR-LOC-N4.mp4,,14.9653,16.6152,1.6499000000000024,1,1,1
ALP1204,ALP1204,,2026-05-25_19h00.29.126,BrocantoHPilot1MorphSession2,2,,,83,Comprehension,,legal,,,,,,,Ab-OBJ-N5-SBJ-N2-HIDE-TR.mp4,OBJ-N2-Aa-SBJ-N5-HIDE-TR.mp4,,18.6989,19.732,1.033100000000001,1,2,0
ALP1204,ALP1204,,2026-05-25_19h00.29.126,BrocantoHPilot1MorphSession2,2,,,84,Comprehension,,legal,,,,,,,OBJ-N5-SBJ-N3-REVEAL-TR-LOC-N4.mp4,OBJ-N4-SBJ-N3-REVEAL-TR-LOC-N5.mp4,,18.0322,39.9324,21.9002,2,1,0
ALP1204,ALP1204,,2026-05-25_19h00.29.126,BrocantoHPilot1MorphSession2,2,1,127,85,Production,,legal,2,OBJ.N5 SBJ.N4 HIDE-TR,,OBJ-SBJ-V.TR,,5,OBJ-N5-SBJ-N4-HIDE-TR.mp4,,,7.2474,28.0641,20.8167,SBJ.|N4|HIDE|OBJ.|N5,pif dabi vánta pa timó fer zsübe,0
ALP1204,ALP1204,,2026-05-25_19h00.29.126,BrocantoHPilot1MorphSession2,2,1,128,86,Production,,legal,1,SBJ.N3 JUMP-INTR,,SBJ-V.INTR,,3,SBJ-N3-JUMP-INTR.mp4,,,6.3994,10.1494,3.75,JUMP|SBJ.|N3,pif zilép bonip,1
ALP1205,ALP1205,1987-09-22,2026-05-21_13h37.58.258,BrocantoHPilot1MorphSession1,1,1,1,1,Passive,,legal,1,SBJ.N3 REVEAL-INTR,,SBJ-V.INTR,,0,SBJ-N3-REVEAL-INTR.mp4,,SBJ-N3-REVEAL-INTR.mp3,633.569,660.8405,27.27150000000006,,,
ALP1205,ALP1205,1987-09-22,2026-05-21_13h37.58.258,BrocantoHPilot1MorphSession1,1,1,2,2,Passive,,legal,2,OBJ.N5 SBJ.N4 PUSH-TR,,OBJ-SBJ-V.TR,,0,OBJ-N5-SBJ-N4-PUSH-TR.mp4,,SBJ-N4-OBJ-N5-PUSH-TR.mp3,660.8445,693.6098,32.76529999999991,,,
ALP1205,ALP1205,1987-09-22,2026-05-21_13h37.58.258,BrocantoHPilot1MorphSession1,1,1,3,3,Passive,,legal,2,OBJ.N5 SBJ.N1 HIDE-TR,,OBJ-SBJ-V.TR,,0,OBJ-N5-SBJ-N1-HIDE-TR.mp4,,OBJ-N5-HIDE-TR-SBJ-N1.mp3,693.6128,729.4143,35.80150000000003,,,
ALP1205,ALP1205,1987-09-22,2026-05-21_13h37.58.258,BrocantoHPilot1MorphSession1,1,1,4,4,Passive,,legal,1,SBJ.N1 HIDE-INTR,,SBJ-V.INTR,,0,SBJ-N1-HIDE-INTR.mp4,,HIDE-INTR-SBJ-N1.mp3,729.417,742.1327,12.71569999999997,,,
ALP1205,ALP1205,1987-09-22,2026-05-21_13h37.58.258,BrocantoHPilot1MorphSession1,1,1,5,5,Passive,,legal,1,SBJ.N2 REVEAL-INTR,,SBJ-V.INTR,,0,SBJ-N2-REVEAL-INTR.mp4,,SBJ-N2-REVEAL-INTR.mp3,742.1356,760.3662,18.230600000000095,,,
ALP1205,ALP1205,1987-09-22,2026-05-21_13h37.58.258,BrocantoHPilot1MorphSession1,1,1,6,6,Passive,,legal,2,OBJ.N5 SBJ.N3 REVEAL-TR,,OBJ-SBJ-V.TR,,0,OBJ-N5-SBJ-N3-REVEAL-TR.mp4,,OBJ-N5-REVEAL-TR-SBJ-N3.mp3,760.3699,797.1009,36.730999999999995,,,
ALP1205,ALP1205,1987-09-22,2026-05-21_13h37.58.258,BrocantoHPilot1MorphSession1,1,1,7,7,Passive,,legal,1,SBJ.N2 GO-INTR,,SBJ-V.INTR,,0,SBJ-N2-GO-INTR.mp4,,GO-INTR-SBJ-N2.mp3,797.1049,816.8452,19.740299999999934,,,
ALP1205,ALP1205,1987-09-22,2026-05-21_13h37.58.258,BrocantoHPilot1MorphSession1,1,1,8,8,Passive,,legal,2,OBJ.N5 SBJ.N1 PUSH-TR,,OBJ-SBJ-V.TR,,0,OBJ-N5-SBJ-N1-PUSH-TR.mp4,,SBJ-N1-OBJ-N5-PUSH-TR.mp3,816.8482,842.2772,25.428999999999974,,,
ALP1205,ALP1205,1987-09-22,2026-05-21_13h37.58.258,BrocantoHPilot1MorphSession1,1,1,9,9,Passive,,legal,1,SBJ.N1 JUMP-INTR,,SBJ-V.INTR,,0,SBJ-N1-JUMP-INTR.mp4,,SBJ-N1-JUMP-INTR.mp3,842.2805,863.2342,20.953700000000026,,,
ALP1205,ALP1205,1987-09-22,2026-05-21_13h37.58.258,BrocantoHPilot1MorphSession1,1,1,10,10,Passive,,legal,2,OBJ.N5 SBJ.N2 REVEAL-TR,,OBJ-SBJ-V.TR,,0,OBJ-N5-SBJ-N2-REVEAL-TR.mp4,,SBJ-N2-REVEAL-TR-OBJ-N5.mp3,863.2372,890.3795,27.142299999999977,,,
ALP1205,ALP1205,1987-09-22,2026-05-21_13h37.58.258,BrocantoHPilot1MorphSession1,1,1,11,11,Passive,,legal,2,OBJ.N5 SBJ.N2 HIDE-TR,,OBJ-SBJ-V.TR,,0,OBJ-N5-SBJ-N2-HIDE-TR.mp4,,SBJ-N2-HIDE-TR-OBJ-N5.mp3,890.3819,907.7686,17.38670000000002,,,
ALP1205,ALP1205,1987-09-22,2026-05-21_13h37.58.258,BrocantoHPilot1MorphSession1,1,1,12,12,Passive,,legal,1,SBJ.N2 JUMP-INTR,,SBJ-V.INTR,,0,SBJ-N2-JUMP-INTR.mp4,,SBJ-N2-JUMP-INTR.mp3,907.771,940.6693,32.89830000000006,,,
ALP1205,ALP1205,1987-09-22,2026-05-21_13h37.58.258,BrocantoHPilot1MorphSession1,1,1,13,13,Passive,,legal,1,SBJ.N5 HIDE-INTR,,SBJ-V.INTR,,0,SBJ-N5-HIDE-INTR.mp4,,HIDE-INTR-SBJ-N5.mp3,940.6715,958.8771,18.205600000000004,,,
ALP1205,ALP1205,1987-09-22,2026-05-21_13h37.58.258,BrocantoHPilot1MorphSession1,1,1,14,14,Passive,,legal,2,OBJ.N5 SBJ.N3 REVEAL-TR,,OBJ-SBJ-V.TR,,1,OBJ-N5-SBJ-N3-REVEAL-TR.mp4,,OBJ-N5-REVEAL-TR-SBJ-N3.mp3,958.8796,993.0374,34.157800000000066,,,
ALP1205,ALP1205,1987-09-22,2026-05-21_13h37.58.258,BrocantoHPilot1MorphSession1,1,1,15,15,Passive,,legal,1,SBJ.N2 GO-INTR,,SBJ-V.INTR,,1,SBJ-N2-GO-INTR.mp4,,GO-INTR-SBJ-N2.mp3,993.0397,1030.6319,37.59220000000005,,,
ALP1205,ALP1205,1987-09-22,2026-05-21_13h37.58.258,BrocantoHPilot1MorphSession1,1,1,16,16,Passive,,legal,2,OBJ.N5 SBJ.N2 PUSH-TR,,OBJ-SBJ-V.TR,,0,OBJ-N5-SBJ-N2-PUSH-TR.mp4,,SBJ-N2-OBJ-N5-PUSH-TR.mp3,1030.6336,1048.6125,17.978900000000067,,,
ALP1205,ALP1205,1987-09-22,2026-05-21_13h37.58.258,BrocantoHPilot1MorphSession1,1,1,17,17,Passive,,legal,1,SBJ.N5 REVEAL-INTR,,SBJ-V.INTR,,0,SBJ-N5-REVEAL-INTR.mp4,,SBJ-N5-REVEAL-INTR.mp3,1048.6142,1066.0983,17.484100000000126,,,
ALP1205,ALP1205,1987-09-22,2026-05-21_13h37.58.258,BrocantoHPilot1MorphSession1,1,1,18,18,Passive,,legal,2,OBJ.N5 SBJ.N4 HIDE-TR,,OBJ-SBJ-V.TR,,0,OBJ-N5-SBJ-N4-HIDE-TR.mp4,,SBJ-N4-HIDE-TR-OBJ-N5.mp3,1066.0993,1102.2681,36.16879999999992,,,
ALP1205,ALP1205,1987-09-22,2026-05-21_13h37.58.258,BrocantoHPilot1MorphSession1,1,1,19,19,Passive,,legal,1,SBJ.N2 GO-INTR,,SBJ-V.INTR,,2,SBJ-N2-GO-INTR.mp4,,GO-INTR-SBJ-N2.mp3,1102.2698,1117.0683,14.798499999999876,,,
ALP1205,ALP1205,1987-09-22,2026-05-21_13h37.58.258,BrocantoHPilot1MorphSession1,1,1,20,20,Passive,,legal,1,SBJ.N1 REVEAL-INTR,,SBJ-V.INTR,,0,SBJ-N1-REVEAL-INTR.mp4,,REVEAL-INTR-SBJ-N1.mp3,1117.0714,1143.5719,26.500499999999874,,,
ALP1205,ALP1205,1987-09-22,2026-05-21_13h37.58.258,BrocantoHPilot1MorphSession1,1,1,21,21,Passive,,legal,2,OBJ.N5 SBJ.N1 REVEAL-TR,,OBJ-SBJ-V.TR,,0,OBJ-N5-SBJ-N1-REVEAL-TR.mp4,,REVEAL-TR-SBJ-N1-OBJ-N5.mp3,1143.574,1156.2369,12.662900000000036,,,
ALP1205,ALP1205,1987-09-22,2026-05-21_13h37.58.258,BrocantoHPilot1MorphSession1,1,1,22,22,Passive,,legal,2,OBJ.N5 SBJ.N1 REVEAL-TR,,OBJ-SBJ-V.TR,,1,OBJ-N5-SBJ-N1-REVEAL-TR.mp4,,REVEAL-TR-SBJ-N1-OBJ-N5.mp3,1156.2393,1176.2092,19.969900000000052,,,
ALP1205,ALP1205,1987-09-22,2026-05-21_13h37.58.258,BrocantoHPilot1MorphSession1,1,1,23,23,Passive,,legal,3,OBJ.N5 SBJ.N2 PUSH-TR LOC.N1,,OBJ-SBJ-V.TR-LOC,,0,OBJ-N5-SBJ-N2-PUSH-TR-LOC-N1.mp4,,OBJ-N5-SBJ-N2-LOC-N1-PUSH-TR.mp3,1176.212,1185.1493,8.93730000000005,,,
ALP1205,ALP1205,1987-09-22,2026-05-21_13h37.58.258,BrocantoHPilot1MorphSession1,1,1,24,24,Passive,,legal,2,SBJ.N4 REVEAL-INTR LOC.N3,,SBJ-V.INTR-LOC,,0,SBJ-N4-REVEAL-INTR-LOC-N3.mp4,,SBJ-N4-REVEAL-INTR-LOC-N3.mp3,1185.152,1200.7948,15.642799999999852,,,
ALP1205,ALP1205,1987-09-22,2026-05-21_13h37.58.258,BrocantoHPilot1MorphSession1,1,1,25,25,Passive,,legal,3,OBJ.N5 SBJ.N1 HIDE-TR LOC.N2,,OBJ-SBJ-V.TR-LOC,,0,OBJ-N5-SBJ-N1-HIDE-TR-LOC-N2.mp4,,SBJ-N1-LOC-N2-HIDE-TR-OBJ-N5.mp3,1200.7966,1211.2615,10.46490000000017,,,
ALP1205,ALP1205,1987-09-22,2026-05-21_13h37.58.258,BrocantoHPilot1MorphSession1,1,1,26,26,Passive,,legal,2,SBJ.N4 REVEAL-INTR LOC.N3,,SBJ-V.INTR-LOC,,1,SBJ-N4-REVEAL-INTR-LOC-N3.mp4,,SBJ-N4-REVEAL-INTR-LOC-N3.mp3,1211.264,1238.23,26.966000000000122,,,
ALP1205,ALP1205,1987-09-22,2026-05-21_13h37.58.258,BrocantoHPilot1MorphSession1,1,1,27,27,Passive,,legal,3,OBJ.N5 SBJ.N4 REVEAL-TR LOC.N1,,OBJ-SBJ-V.TR-LOC,,0,OBJ-N5-SBJ-N4-REVEAL-TR-LOC-N1.mp4,,OBJ-N5-LOC-N1-REVEAL-TR-SBJ-N4.mp3,1238.2322,1246.1307,7.898500000000013,,,
ALP1205,ALP1205,1987-09-22,2026-05-21_13h37.58.258,BrocantoHPilot1MorphSession1,1,1,28,28,Passive,,legal,2,SBJ.N5 REVEAL-INTR LOC.N3,,SBJ-V.INTR-LOC,,0,SBJ-N5-REVEAL-INTR-LOC-N3.mp4,,SBJ-N5-REVEAL-INTR-LOC-N3.mp3,1246.1325,1270.5003,24.36779999999999,,,
ALP1205,ALP1205,1987-09-22,2026-05-21_13h37.58.258,BrocantoHPilot1MorphSession1,1,1,29,29,Passive,,legal,3,OBJ.N5 SBJ.N3 HIDE-TR LOC.N4,,OBJ-SBJ-V.TR-LOC,,0,OBJ-N5-SBJ-N3-HIDE-TR-LOC-N4.mp4,,OBJ-N5-SBJ-N3-HIDE-TR-LOC-N4.mp3,1270.5033,1276.7839,6.280599999999822,,,
ALP1205,ALP1205,1987-09-22,2026-05-21_13h37.58.258,BrocantoHPilot1MorphSession1,1,1,30,30,Passive,,legal,3,OBJ.N5 SBJ.N1 REVEAL-TR LOC.N2,,OBJ-SBJ-V.TR-LOC,,0,OBJ-N5-SBJ-N1-REVEAL-TR-LOC-N2.mp4,,SBJ-N1-LOC-N2-REVEAL-TR-OBJ-N5.mp3,1276.7856,1289.4804,12.694799999999987,,,
ALP1205,ALP1205,1987-09-22,2026-05-21_13h37.58.258,BrocantoHPilot1MorphSession1,1,1,31,31,Passive,,legal,3,OBJ.N5 SBJ.N4 PUSH-TR LOC.N2,,OBJ-SBJ-V.TR-LOC,,0,OBJ-N5-SBJ-N4-PUSH-TR-LOC-N2.mp4,,LOC-N2-OBJ-N5-SBJ-N4-PUSH-TR.mp3,1289.4854,1303.6462,14.160799999999881,,,
ALP1205,ALP1205,1987-09-22,2026-05-21_13h37.58.258,BrocantoHPilot1MorphSession1,1,1,32,32,Passive,,legal,3,OBJ.N5 SBJ.N4 HIDE-TR LOC.N1,,OBJ-SBJ-V.TR-LOC,,0,OBJ-N5-SBJ-N4-HIDE-TR-LOC-N1.mp4,,LOC-N1-OBJ-N5-SBJ-N4-HIDE-TR.mp3,1303.6484,1313.0366,9.38819999999987,,,
ALP1205,ALP1205,1987-09-22,2026-05-21_13h37.58.258,BrocantoHPilot1MorphSession1,1,1,33,33,Passive,,legal,2,Ab SBJ.N2 JUMP-INTR,,SBJ-V.INTR,,0,Ab-SBJ-N2-JUMP-INTR.mp4,,JUMP-INTR-Ab-SBJ-N2.mp3,1313.0395,1321.3103,8.270800000000008,,,
ALP1205,ALP1205,1987-09-22,2026-05-21_13h37.58.258,BrocantoHPilot1MorphSession1,1,1,34,34,Passive,,legal,3,OBJ.N5 Ab SBJ.N4 REVEAL-TR,,OBJ-SBJ-V.TR,,0,OBJ-N5-Ab-SBJ-N4-REVEAL-TR.mp4,,OBJ-N5-Ab-SBJ-N4-REVEAL-TR.mp3,1321.3129,1334.6665,13.353600000000142,,,
ALP1205,ALP1205,1987-09-22,2026-05-21_13h37.58.258,BrocantoHPilot1MorphSession1,1,1,35,35,Passive,,legal,3,OBJ.N5 SBJ.N3 PUSH-TR LOC.N1,,OBJ-SBJ-V.TR-LOC,,0,OBJ-N5-SBJ-N3-PUSH-TR-LOC-N1.mp4,,PUSH-TR-LOC-N1-OBJ-N5-SBJ-N3.mp3,1334.6692,1354.5799,19.910699999999906,,,
ALP1205,ALP1205,1987-09-22,2026-05-21_13h37.58.258,BrocantoHPilot1MorphSession1,1,1,36,36,Passive,,legal,2,Ab SBJ.N4 HIDE-INTR,,SBJ-V.INTR,,0,Ab-SBJ-N4-HIDE-INTR.mp4,,HIDE-INTR-Ab-SBJ-N4.mp3,1354.5816,1363.3524,8.770800000000008,,,
ALP1205,ALP1205,1987-09-22,2026-05-21_13h37.58.258,BrocantoHPilot1MorphSession1,1,1,37,37,Passive,,legal,2,SBJ.N4 HIDE-INTR LOC.N1,,SBJ-V.INTR-LOC,,0,SBJ-N4-HIDE-INTR-LOC-N1.mp4,,HIDE-INTR-SBJ-N4-LOC-N1.mp3,1363.3558,1375.8933,12.537499999999909,,,
ALP1205,ALP1205,1987-09-22,2026-05-21_13h37.58.258,BrocantoHPilot1MorphSession1,1,1,38,38,Passive,,legal,2,SBJ.N5 JUMP-INTR LOC.N2,,SBJ-V.INTR-LOC,,0,SBJ-N5-JUMP-INTR-LOC-N2.mp4,,JUMP-INTR-LOC-N2-SBJ-N5.mp3,1375.8951,1387.9496,12.054499999999962,,,
ALP1205,ALP1205,1987-09-22,2026-05-21_13h37.58.258,BrocantoHPilot1MorphSession1,1,1,39,39,Passive,,legal,2,SBJ.N5 GO-INTR LOC.N4,,SBJ-V.INTR-LOC,,0,SBJ-N5-GO-INTR-LOC-N4.mp4,,SBJ-N5-LOC-N4-GO-INTR.mp3,1387.9529,1406.3799,18.426999999999907,,,
ALP1205,ALP1205,1987-09-22,2026-05-21_13h37.58.258,BrocantoHPilot1MorphSession1,1,1,40,40,Passive,,legal,2,SBJ.N3 HIDE-INTR LOC.N4,,SBJ-V.INTR-LOC,,0,SBJ-N3-HIDE-INTR-LOC-N4.mp4,,LOC-N4-SBJ-N3-HIDE-INTR.mp3,1406.3823,1427.9849,21.60259999999994,,,
ALP1205,ALP1205,1987-09-22,2026-05-21_13h37.58.258,BrocantoHPilot1MorphSession1,1,1,41,41,Passive,,legal,2,SBJ.N5 JUMP-INTR LOC.N4,,SBJ-V.INTR-LOC,,0,SBJ-N5-JUMP-INTR-LOC-N4.mp4,,LOC-N4-JUMP-INTR-SBJ-N5.mp3,1427.9864,1439.3814,11.394999999999982,,,
ALP1205,ALP1205,1987-09-22,2026-05-21_13h37.58.258,BrocantoHPilot1MorphSession1,1,1,42,42,Passive,,legal,3,OBJ.N5 Ab SBJ.N1 PUSH-TR,,OBJ-SBJ-V.TR,,0,OBJ-N5-Ab-SBJ-N1-PUSH-TR.mp4,,PUSH-TR-Ab-SBJ-N1-OBJ-N5.mp3,1439.384,1448.2818,8.897799999999961,,,
ALP1205,ALP1205,1987-09-22,2026-05-28_09h42.43.622,BrocantoHPilot1MorphSession2,2,1,43,1,Passive,,legal,1,SBJ.N1 GO-INTR,,SBJ-V.INTR,,0,SBJ-N1-GO-INTR.mp4,,SBJ-N1-GO-INTR.mp3,418.9288,427.3594,8.43059999999997,,,
ALP1205,ALP1205,1987-09-22,2026-05-28_09h42.43.622,BrocantoHPilot1MorphSession2,2,1,44,2,Passive,,legal,2,OBJ.N5 SBJ.N3 REVEAL-TR,,OBJ-SBJ-V.TR,,2,OBJ-N5-SBJ-N3-REVEAL-TR.mp4,,OBJ-N5-REVEAL-TR-SBJ-N3.mp3,427.3627,433.3727,6.009999999999991,,,
ALP1205,ALP1205,1987-09-22,2026-05-28_09h42.43.622,BrocantoHPilot1MorphSession2,2,1,45,3,Passive,,legal,2,OBJ.N5 SBJ.N2 PUSH-TR,,OBJ-SBJ-V.TR,,1,OBJ-N5-SBJ-N2-PUSH-TR.mp4,,SBJ-N2-OBJ-N5-PUSH-TR.mp3,433.3759,445.939,12.56310000000002,,,
ALP1205,ALP1205,1987-09-22,2026-05-28_09h42.43.622,BrocantoHPilot1MorphSession2,2,1,46,4,Passive,,legal,1,SBJ.N1 GO-INTR,,SBJ-V.INTR,,1,SBJ-N1-GO-INTR.mp4,,SBJ-N1-GO-INTR.mp3,445.9413,454.357,8.415700000000015,,,
ALP1205,ALP1205,1987-09-22,2026-05-28_09h42.43.622,BrocantoHPilot1MorphSession2,2,1,47,5,Passive,,legal,2,OBJ.N5 SBJ.N4 HIDE-TR,,OBJ-SBJ-V.TR,,1,OBJ-N5-SBJ-N4-HIDE-TR.mp4,,SBJ-N4-HIDE-TR-OBJ-N5.mp3,454.3598,466.9224,12.562599999999975,,,
ALP1205,ALP1205,1987-09-22,2026-05-28_09h42.43.622,BrocantoHPilot1MorphSession2,2,1,48,6,Passive,,legal,1,SBJ.N2 HIDE-INTR,,SBJ-V.INTR,,0,SBJ-N2-HIDE-INTR.mp4,,SBJ-N2-HIDE-INTR.mp3,466.9256,473.0515,6.1259000000000015,,,
ALP1205,ALP1205,1987-09-22,2026-05-28_09h42.43.622,BrocantoHPilot1MorphSession2,2,1,49,7,Passive,,legal,2,OBJ.N5 SBJ.N3 REVEAL-TR,,OBJ-SBJ-V.TR,,3,OBJ-N5-SBJ-N3-REVEAL-TR.mp4,,OBJ-N5-REVEAL-TR-SBJ-N3.mp3,473.0538,490.2302,17.1764,,,
ALP1205,ALP1205,1987-09-22,2026-05-28_09h42.43.622,BrocantoHPilot1MorphSession2,2,1,50,8,Passive,,legal,1,SBJ.N3 JUMP-INTR,,SBJ-V.INTR,,0,SBJ-N3-JUMP-INTR.mp4,,JUMP-INTR-SBJ-N3.mp3,490.234,502.2968,12.062800000000038,,,
ALP1205,ALP1205,1987-09-22,2026-05-28_09h42.43.622,BrocantoHPilot1MorphSession2,2,1,51,9,Passive,,legal,1,SBJ.N5 REVEAL-INTR,,SBJ-V.INTR,,1,SBJ-N5-REVEAL-INTR.mp4,,SBJ-N5-REVEAL-INTR.mp3,502.2994,511.895,9.59559999999999,,,
ALP1205,ALP1205,1987-09-22,2026-05-28_09h42.43.622,BrocantoHPilot1MorphSession2,2,1,52,10,Passive,,legal,2,OBJ.N5 SBJ.N4 HIDE-TR,,OBJ-SBJ-V.TR,,2,OBJ-N5-SBJ-N4-HIDE-TR.mp4,,SBJ-N4-HIDE-TR-OBJ-N5.mp3,511.8973,520.349,8.451700000000073,,,
ALP1205,ALP1205,1987-09-22,2026-05-28_09h42.43.622,BrocantoHPilot1MorphSession2,2,1,53,11,Passive,,legal,1,SBJ.N3 JUMP-INTR,,SBJ-V.INTR,,1,SBJ-N3-JUMP-INTR.mp4,,JUMP-INTR-SBJ-N3.mp3,520.352,529.6589,9.306900000000041,,,
ALP1205,ALP1205,1987-09-22,2026-05-28_09h42.43.622,BrocantoHPilot1MorphSession2,2,1,54,12,Passive,,legal,2,OBJ.N5 SBJ.N2 PUSH-TR,,OBJ-SBJ-V.TR,,2,OBJ-N5-SBJ-N2-PUSH-TR.mp4,,SBJ-N2-OBJ-N5-PUSH-TR.mp3,529.6614,536.2773,6.6159000000000106,,,
ALP1205,ALP1205,1987-09-22,2026-05-28_09h42.43.622,BrocantoHPilot1MorphSession2,2,1,55,13,Passive,,legal,2,OBJ.N5 SBJ.N1 HIDE-TR,,OBJ-SBJ-V.TR,,1,OBJ-N5-SBJ-N1-HIDE-TR.mp4,,OBJ-N5-HIDE-TR-SBJ-N1.mp3,536.2804,542.3152,6.034800000000018,,,
ALP1205,ALP1205,1987-09-22,2026-05-28_09h42.43.622,BrocantoHPilot1MorphSession2,2,1,56,14,Passive,,legal,1,SBJ.N2 HIDE-INTR,,SBJ-V.INTR,,1,SBJ-N2-HIDE-INTR.mp4,,SBJ-N2-HIDE-INTR.mp3,542.3174,553.6023,11.284899999999993,,,
ALP1205,ALP1205,1987-09-22,2026-05-28_09h42.43.622,BrocantoHPilot1MorphSession2,2,1,57,15,Passive,,legal,2,OBJ.N5 SBJ.N2 PUSH-TR,,OBJ-SBJ-V.TR,,3,OBJ-N5-SBJ-N2-PUSH-TR.mp4,,SBJ-N2-OBJ-N5-PUSH-TR.mp3,553.6042,565.7687,12.164499999999975,,,
ALP1205,ALP1205,1987-09-22,2026-05-28_09h42.43.622,BrocantoHPilot1MorphSession2,2,1,58,16,Passive,,legal,1,SBJ.N3 GO-INTR,,SBJ-V.INTR,,0,SBJ-N3-GO-INTR.mp4,,GO-INTR-SBJ-N3.mp3,565.7716,582.1908,16.419199999999933,,,
ALP1205,ALP1205,1987-09-22,2026-05-28_09h42.43.622,BrocantoHPilot1MorphSession2,2,1,59,17,Passive,,legal,1,SBJ.N4 REVEAL-INTR,,SBJ-V.INTR,,0,SBJ-N4-REVEAL-INTR.mp4,,REVEAL-INTR-SBJ-N4.mp3,582.1946,591.689,9.494399999999928,,,
ALP1205,ALP1205,1987-09-22,2026-05-28_09h42.43.622,BrocantoHPilot1MorphSession2,2,1,60,18,Passive,,legal,2,OBJ.N5 SBJ.N3 REVEAL-TR,,OBJ-SBJ-V.TR,,4,OBJ-N5-SBJ-N3-REVEAL-TR.mp4,,OBJ-N5-REVEAL-TR-SBJ-N3.mp3,591.6924,597.612,5.919599999999946,,,
ALP1205,ALP1205,1987-09-22,2026-05-28_09h42.43.622,BrocantoHPilot1MorphSession2,2,1,61,19,Passive,,legal,1,SBJ.N5 JUMP-INTR,,SBJ-V.INTR,,0,SBJ-N5-JUMP-INTR.mp4,,SBJ-N5-JUMP-INTR.mp3,597.6143,607.3307,9.716400000000021,,,
ALP1205,ALP1205,1987-09-22,2026-05-28_09h42.43.622,BrocantoHPilot1MorphSession2,2,1,62,20,Passive,,legal,1,SBJ.N3 GO-INTR,,SBJ-V.INTR,,1,SBJ-N3-GO-INTR.mp4,,GO-INTR-SBJ-N3.mp3,607.3335,620.9194,13.585900000000038,,,
ALP1205,ALP1205,1987-09-22,2026-05-28_09h42.43.622,BrocantoHPilot1MorphSession2,2,1,63,21,Passive,,legal,2,OBJ.N5 SBJ.N3 REVEAL-TR,,OBJ-SBJ-V.TR,,5,OBJ-N5-SBJ-N3-REVEAL-TR.mp4,,OBJ-N5-REVEAL-TR-SBJ-N3.mp3,620.9221,634.0491,13.126999999999953,,,
ALP1205,ALP1205,1987-09-22,2026-05-28_09h42.43.622,BrocantoHPilot1MorphSession2,2,1,64,22,Passive,,legal,2,OBJ.N5 SBJ.N1 REVEAL-TR,,OBJ-SBJ-V.TR,,2,OBJ-N5-SBJ-N1-REVEAL-TR.mp4,,REVEAL-TR-SBJ-N1-OBJ-N5.mp3,634.0522,645.9051,11.852899999999977,,,
ALP1205,ALP1205,1987-09-22,2026-05-28_09h42.43.622,BrocantoHPilot1MorphSession2,2,1,65,23,Passive,,legal,3,OBJ.N5 SBJ.N2 PUSH-TR LOC.N4,,OBJ-SBJ-V.TR-LOC,,0,OBJ-N5-SBJ-N2-PUSH-TR-LOC-N4.mp4,,SBJ-N2-LOC-N4-OBJ-N5-PUSH-TR.mp3,645.9086,652.8792,6.97059999999999,,,
ALP1205,ALP1205,1987-09-22,2026-05-28_09h42.43.622,BrocantoHPilot1MorphSession2,2,1,66,24,Passive,,legal,2,SBJ.N4 REVEAL-INTR LOC.N5,,SBJ-V.INTR-LOC,,0,SBJ-N4-REVEAL-INTR-LOC-N5.mp4,,REVEAL-INTR-SBJ-N4-LOC-N5.mp3,652.8828,664.2711,11.388300000000072,,,
ALP1205,ALP1205,1987-09-22,2026-05-28_09h42.43.622,BrocantoHPilot1MorphSession2,2,1,67,25,Passive,,legal,3,OBJ.N5 SBJ.N1 HIDE-TR LOC.N2,,OBJ-SBJ-V.TR-LOC,,1,OBJ-N5-SBJ-N1-HIDE-TR-LOC-N2.mp4,,SBJ-N1-LOC-N2-HIDE-TR-OBJ-N5.mp3,664.2735,674.7049,10.43139999999994,,,
ALP1205,ALP1205,1987-09-22,2026-05-28_09h42.43.622,BrocantoHPilot1MorphSession2,2,1,68,26,Passive,,legal,2,SBJ.N2 REVEAL-INTR LOC.N5,,SBJ-V.INTR-LOC,,0,SBJ-N2-REVEAL-INTR-LOC-N5.mp4,,REVEAL-INTR-SBJ-N2-LOC-N5.mp3,674.7084,691.0813,16.372900000000072,,,
ALP1205,ALP1205,1987-09-22,2026-05-28_09h42.43.622,BrocantoHPilot1MorphSession2,2,1,69,27,Passive,,legal,3,OBJ.N5 SBJ.N1 PUSH-TR LOC.N2,,OBJ-SBJ-V.TR-LOC,,0,OBJ-N5-SBJ-N1-PUSH-TR-LOC-N2.mp4,,OBJ-N5-PUSH-TR-SBJ-N1-LOC-N2.mp3,691.0846,710.3522,19.267600000000016,,,
ALP1205,ALP1205,1987-09-22,2026-05-28_09h42.43.622,BrocantoHPilot1MorphSession2,2,1,70,28,Passive,,legal,2,SBJ.N3 REVEAL-INTR LOC.N4,,SBJ-V.INTR-LOC,,0,SBJ-N3-REVEAL-INTR-LOC-N4.mp4,,SBJ-N3-REVEAL-INTR-LOC-N4.mp3,710.354,718.7269,8.372899999999959,,,
ALP1205,ALP1205,1987-09-22,2026-05-28_09h42.43.622,BrocantoHPilot1MorphSession2,2,1,71,29,Passive,,legal,3,OBJ.N5 SBJ.N4 HIDE-TR LOC.N3,,OBJ-SBJ-V.TR-LOC,,0,OBJ-N5-SBJ-N4-HIDE-TR-LOC-N3.mp4,,SBJ-N4-OBJ-N5-LOC-N3-HIDE-TR.mp3,718.731,725.1286,6.397600000000011,,,
ALP1205,ALP1205,1987-09-22,2026-05-28_09h42.43.622,BrocantoHPilot1MorphSession2,2,1,72,30,Passive,,legal,3,OBJ.N5 SBJ.N3 REVEAL-TR LOC.N4,,OBJ-SBJ-V.TR-LOC,,0,OBJ-N5-SBJ-N3-REVEAL-TR-LOC-N4.mp4,,OBJ-N5-LOC-N4-SBJ-N3-REVEAL-TR.mp3,725.1307,731.7263,6.59559999999999,,,
ALP1205,ALP1205,1987-09-22,2026-05-28_09h42.43.622,BrocantoHPilot1MorphSession2,2,1,73,31,Passive,,legal,3,OBJ.N5 SBJ.N2 PUSH-TR LOC.N4,,OBJ-SBJ-V.TR-LOC,,1,OBJ-N5-SBJ-N2-PUSH-TR-LOC-N4.mp4,,SBJ-N2-LOC-N4-OBJ-N5-PUSH-TR.mp3,731.7281,738.3265,6.59839999999997,,,
ALP1205,ALP1205,1987-09-22,2026-05-28_09h42.43.622,BrocantoHPilot1MorphSession2,2,1,74,32,Passive,,legal,2,OBJ.N5 SBJ.N1 REVEAL-TR,,OBJ-SBJ-V.TR,,3,OBJ-N5-SBJ-N1-REVEAL-TR.mp4,,REVEAL-TR-SBJ-N1-OBJ-N5.mp3,738.3295,743.9157,5.5861999999999625,,,
ALP1205,ALP1205,1987-09-22,2026-05-28_09h42.43.622,BrocantoHPilot1MorphSession2,2,1,75,33,Passive,,legal,3,OBJ.N5 SBJ.N4 HIDE-TR LOC.N2,,OBJ-SBJ-V.TR-LOC,,0,OBJ-N5-SBJ-N4-HIDE-TR-LOC-N2.mp4,,OBJ-N5-HIDE-TR-LOC-N2-SBJ-N4.mp3,743.9181,756.8584,12.94029999999998,,,
ALP1205,ALP1205,1987-09-22,2026-05-28_09h42.43.622,BrocantoHPilot1MorphSession2,2,1,76,34,Passive,,legal,1,SBJ.N5 JUMP-INTR,,SBJ-V.INTR,,1,SBJ-N5-JUMP-INTR.mp4,,SBJ-N5-JUMP-INTR.mp3,756.8613,793.3078,36.446500000000015,,,
ALP1205,ALP1205,1987-09-22,2026-05-28_09h42.43.622,BrocantoHPilot1MorphSession2,2,1,77,35,Passive,,legal,2,Aa SBJ.N5 HIDE-INTR,,SBJ-V.INTR,,0,Aa-SBJ-N5-HIDE-INTR.mp4,,HIDE-INTR-Aa-SBJ-N5.mp3,793.3098,810.1222,16.812400000000025,,,
ALP1205,ALP1205,1987-09-22,2026-05-28_09h42.43.622,BrocantoHPilot1MorphSession2,2,1,78,36,Passive,,legal,2,SBJ.N5 GO-INTR LOC.N3,,SBJ-V.INTR-LOC,,0,SBJ-N5-GO-INTR-LOC-N3.mp4,,GO-INTR-SBJ-N5-LOC-N3.mp3,810.1248,820.1564,10.031599999999912,,,
ALP1205,ALP1205,1987-09-22,2026-05-28_09h42.43.622,BrocantoHPilot1MorphSession2,2,1,79,37,Passive,,legal,2,SBJ.N2 JUMP-INTR LOC.N1,,SBJ-V.INTR-LOC,,0,SBJ-N2-JUMP-INTR-LOC-N1.mp4,,LOC-N1-SBJ-N2-JUMP-INTR.mp3,820.1589,844.3352,24.17629999999997,,,
ALP1205,ALP1205,1987-09-22,2026-05-28_09h42.43.622,BrocantoHPilot1MorphSession2,2,1,80,38,Passive,,legal,2,SBJ.N3 GO-INTR LOC.N2,,SBJ-V.INTR-LOC,,0,SBJ-N3-GO-INTR-LOC-N2.mp4,,LOC-N2-GO-INTR-SBJ-N3.mp3,844.3383,853.9255,9.587200000000053,,,
ALP1205,ALP1205,1987-09-22,2026-05-28_09h42.43.622,BrocantoHPilot1MorphSession2,2,1,81,39,Passive,,legal,2,SBJ.N5 HIDE-INTR LOC.N3,,SBJ-V.INTR-LOC,,0,SBJ-N5-HIDE-INTR-LOC-N3.mp4,,SBJ-N5-HIDE-INTR-LOC-N3.mp3,853.9292,860.9246,6.995400000000018,,,
ALP1205,ALP1205,1987-09-22,2026-05-28_09h42.43.622,BrocantoHPilot1MorphSession2,2,1,82,40,Passive,,legal,2,SBJ.N1 HIDE-INTR LOC.N3,,SBJ-V.INTR-LOC,,0,SBJ-N1-HIDE-INTR-LOC-N3.mp4,,SBJ-N1-LOC-N3-HIDE-INTR.mp3,860.9272,869.2129,8.28570000000002,,,
ALP1205,ALP1205,1987-09-22,2026-05-28_09h42.43.622,BrocantoHPilot1MorphSession2,2,1,83,41,Passive,,legal,2,OBJ.N5 SBJ.N4 HIDE-TR,,OBJ-SBJ-V.TR,,3,OBJ-N5-SBJ-N4-HIDE-TR.mp4,,SBJ-N4-HIDE-TR-OBJ-N5.mp3,869.2152,879.905,10.689799999999991,,,
ALP1205,ALP1205,1987-09-22,2026-05-28_09h42.43.622,BrocantoHPilot1MorphSession2,2,1,84,42,Passive,,legal,3,OBJ.N5 SBJ.N1 HIDE-TR LOC.N2,,OBJ-SBJ-V.TR-LOC,,2,OBJ-N5-SBJ-N1-HIDE-TR-LOC-N2.mp4,,SBJ-N1-LOC-N2-HIDE-TR-OBJ-N5.mp3,879.9083,890.5433,10.634999999999991,,,
ALP1205,ALP1205,1987-09-22,2026-05-28_09h42.43.622,BrocantoHPilot1MorphSession2,2,,,43,Comprehension,,legal,,,,,,,OBJ-N5-SBJ-N2-HIDE-TR.mp4,OBJ-N5-SBJ-N2-REVEAL-TR.mp4,,26.9455,56.0836,29.138099999999998,2,2,1
ALP1205,ALP1205,1987-09-22,2026-05-28_09h42.43.622,BrocantoHPilot1MorphSession2,2,,,44,Comprehension,,legal,,,,,,,SBJ-N5-HIDE-INTR.mp4,SBJ-N5-GO-INTR.mp4,,16.2687,25.9427,9.674,2,2,1
ALP1205,ALP1205,1987-09-22,2026-05-28_09h42.43.622,BrocantoHPilot1MorphSession2,2,1,87,45,Comprehension,wrong_verb,legal,1,SBJ.N5 JUMP-INTR,SBJ.N5 HIDE-INTR,SBJ-V.INTR,SBJ-V.INTR,2,SBJ-N5-JUMP-INTR.mp4,SBJ-N5-HIDE-INTR.mp4,,14.3217,20.2856,5.963899999999999,2,2,1
ALP1205,ALP1205,1987-09-22,2026-05-28_09h42.43.622,BrocantoHPilot1MorphSession2,2,,,46,Comprehension,,legal,,,,,,,OBJ-N5-SBJ-N3-REVEAL-TR.mp4,OBJ-N3-SBJ-N5-PUSH-TR.mp4,,19.187,44.5465,25.3595,1,2,0
ALP1205,ALP1205,1987-09-22,2026-05-28_09h42.43.622,BrocantoHPilot1MorphSession2,2,,,47,Comprehension,,legal,,,,,,,OBJ-N5-SBJ-N3-PUSH-TR.mp4,OBJ-N3-SBJ-N5-PUSH-TR.mp4,,15.6491,45.9305,30.2814,1,1,1
ALP1205,ALP1205,1987-09-22,2026-05-28_09h42.43.622,BrocantoHPilot1MorphSession2,2,,,48,Comprehension,,legal,,,,,,,SBJ-N1-HIDE-INTR.mp4,SBJ-N1-REVEAL-INTR.mp4,,16.7746,36.1346,19.36,1,2,0
ALP1205,ALP1205,1987-09-22,2026-05-28_09h42.43.622,BrocantoHPilot1MorphSession2,2,,,49,Comprehension,,legal,,,,,,,OBJ-N5-SBJ-N4-HIDE-TR.mp4,OBJ-N4-SBJ-N5-REVEAL-TR.mp4,,17.9876,31.4618,13.4742,1,1,1
ALP1205,ALP1205,1987-09-22,2026-05-28_09h42.43.622,BrocantoHPilot1MorphSession2,2,1,92,50,Comprehension,wrong_verb,legal,1,SBJ.N2 REVEAL-INTR,SBJ.N2 HIDE-INTR,SBJ-V.INTR,SBJ-V.INTR,1,SBJ-N2-REVEAL-INTR.mp4,SBJ-N2-HIDE-INTR.mp4,,18.5274,29.4592,10.931799999999999,1,1,1
ALP1205,ALP1205,1987-09-22,2026-05-28_09h42.43.622,BrocantoHPilot1MorphSession2,2,,,51,Comprehension,,legal,,,,,,,OBJ-N5-SBJ-N4-PUSH-TR.mp4,OBJ-N4-SBJ-N5-PUSH-TR.mp4,,29.6499,47.8955,18.2456,2,2,1
ALP1205,ALP1205,1987-09-22,2026-05-28_09h42.43.622,BrocantoHPilot1MorphSession2,2,1,94,52,Comprehension,wrong_verb,legal,1,SBJ.N1 GO-INTR,SBJ.N1 HIDE-INTR,SBJ-V.INTR,SBJ-V.INTR,2,SBJ-N1-GO-INTR.mp4,SBJ-N1-HIDE-INTR.mp4,,26.0893,28.4558,2.3664999999999985,1,1,1
ALP1205,ALP1205,1987-09-22,2026-05-28_09h42.43.622,BrocantoHPilot1MorphSession2,2,,,53,Comprehension,,legal,,,,,,,SBJ-N4-REVEAL-INTR.mp4,SBJ-N4-JUMP-INTR.mp4,,21.6394,30.5811,8.9417,1,1,1
ALP1205,ALP1205,1987-09-22,2026-05-28_09h42.43.622,BrocantoHPilot1MorphSession2,2,,,54,Comprehension,,legal,,,,,,,OBJ-N5-SBJ-N4-REVEAL-TR.mp4,OBJ-N4-SBJ-N5-PUSH-TR.mp4,,17.0308,26.513,9.482200000000002,2,1,0
ALP1205,ALP1205,1987-09-22,2026-05-28_09h42.43.622,BrocantoHPilot1MorphSession2,2,,,55,Comprehension,,legal,,,,,,,SBJ-N3-JUMP-INTR.mp4,SBJ-N3-GO-INTR.mp4,,20.0778,34.6295,14.5517,1,2,0
ALP1205,ALP1205,1987-09-22,2026-05-28_09h42.43.622,BrocantoHPilot1MorphSession2,2,,,56,Comprehension,,legal,,,,,,,OBJ-N5-SBJ-N4-PUSH-TR.mp4,OBJ-N4-SBJ-N5-PUSH-TR.mp4,,16.2782,27.8349,11.556700000000003,1,1,1
ALP1205,ALP1205,1987-09-22,2026-05-28_09h42.43.622,BrocantoHPilot1MorphSession2,2,,,57,Comprehension,,legal,,,,,,,OBJ-N5-SBJ-N4-REVEAL-TR.mp4,OBJ-N4-SBJ-N5-HIDE-TR.mp4,,18.446,19.6576,1.2115999999999971,2,2,1
ALP1205,ALP1205,1987-09-22,2026-05-28_09h42.43.622,BrocantoHPilot1MorphSession2,2,,,58,Comprehension,,legal,,,,,,,SBJ-N5-GO-INTR.mp4,SBJ-N5-HIDE-INTR.mp4,,16.8536,16.8189,-0.03470000000000084,2,2,1
ALP1205,ALP1205,1987-09-22,2026-05-28_09h42.43.622,BrocantoHPilot1MorphSession2,2,,,59,Comprehension,,legal,,,,,,,SBJ-N1-HIDE-INTR.mp4,SBJ-N1-REVEAL-INTR.mp4,,23.9423,24.4844,0.5421000000000014,2,2,1
ALP1205,ALP1205,1987-09-22,2026-05-28_09h42.43.622,BrocantoHPilot1MorphSession2,2,,,60,Comprehension,,legal,,,,,,,OBJ-N5-SBJ-N3-HIDE-TR.mp4,OBJ-N3-SBJ-N5-HIDE-TR.mp4,,28.436,34.0046,5.5686000000000035,2,1,0
ALP1205,ALP1205,1987-09-22,2026-05-28_09h42.43.622,BrocantoHPilot1MorphSession2,2,1,103,61,Comprehension,wrong_verb,legal,1,SBJ.N5 REVEAL-INTR,SBJ.N5 JUMP-INTR,SBJ-V.INTR,SBJ-V.INTR,2,SBJ-N5-REVEAL-INTR.mp4,SBJ-N5-JUMP-INTR.mp4,,17.1962,25.7576,8.561399999999999,2,2,1
ALP1205,ALP1205,1987-09-22,2026-05-28_09h42.43.622,BrocantoHPilot1MorphSession2,2,,,62,Comprehension,,legal,,,,,,,SBJ-N5-GO-INTR.mp4,SBJ-N5-JUMP-INTR.mp4,,15.7172,22.8104,7.093200000000001,1,1,1
ALP1205,ALP1205,1987-09-22,2026-05-28_09h42.43.622,BrocantoHPilot1MorphSession2,2,,,63,Comprehension,,legal,,,,,,,OBJ-N5-SBJ-N1-HIDE-TR.mp4,OBJ-N1-SBJ-N5-REVEAL-TR.mp4,,26.964,42.0366,15.072600000000001,1,1,1
ALP1205,ALP1205,1987-09-22,2026-05-28_09h42.43.622,BrocantoHPilot1MorphSession2,2,,,64,Comprehension,,legal,,,,,,,OBJ-N5-SBJ-N4-REVEAL-TR.mp4,OBJ-N4-SBJ-N5-REVEAL-TR.mp4,,36.734,43.8447,7.110700000000001,1,2,0
ALP1205,ALP1205,1987-09-22,2026-05-28_09h42.43.622,BrocantoHPilot1MorphSession2,2,,,65,Comprehension,,legal,,,,,,,SBJ-N2-REVEAL-INTR-LOC-N4.mp4,SBJ-N4-JUMP-INTR-LOC-N2.mp4,,30.4628,49.7892,19.3264,1,2,0
ALP1205,ALP1205,1987-09-22,2026-05-28_09h42.43.622,BrocantoHPilot1MorphSession2,2,,,66,Comprehension,,legal,,,,,,,OBJ-N5-SBJ-N4-PUSH-TR-LOC-N2.mp4,OBJ-N4-SBJ-N5-PUSH-TR-LOC-N2.mp4,,17.6324,32.599,14.966599999999996,2,1,0
ALP1205,ALP1205,1987-09-22,2026-05-28_09h42.43.622,BrocantoHPilot1MorphSession2,2,,,67,Comprehension,,legal,,,,,,,OBJ-N5-SBJ-N4-HIDE-TR-LOC-N2.mp4,OBJ-N5-SBJ-N2-REVEAL-TR-LOC-N4.mp4,,18.2285,33.2252,14.9967,1,2,0
ALP1205,ALP1205,1987-09-22,2026-05-28_09h42.43.622,BrocantoHPilot1MorphSession2,2,,,68,Comprehension,,legal,,,,,,,SBJ-N2-REVEAL-INTR-LOC-N4.mp4,SBJ-N4-REVEAL-INTR-LOC-N2.mp4,,26.4213,38.6209,12.1996,2,2,1
ALP1205,ALP1205,1987-09-22,2026-05-28_09h42.43.622,BrocantoHPilot1MorphSession2,2,,,69,Comprehension,,legal,,,,,,,SBJ-N5-REVEAL-INTR-LOC-N4.mp4,SBJ-N4-JUMP-INTR-LOC-N5.mp4,,18.677,31.1068,12.4298,2,2,1
ALP1205,ALP1205,1987-09-22,2026-05-28_09h42.43.622,BrocantoHPilot1MorphSession2,2,,,70,Comprehension,,legal,,,,,,,OBJ-N5-SBJ-N4-REVEAL-TR-LOC-N1.mp4,OBJ-N4-SBJ-N5-REVEAL-TR-LOC-N1.mp4,,18.7804,31.4145,12.6341,1,1,1
ALP1205,ALP1205,1987-09-22,2026-05-28_09h42.43.622,BrocantoHPilot1MorphSession2,2,,,71,Comprehension,,legal,,,,,,,OBJ-N5-SBJ-N1-HIDE-TR-LOC-N2.mp4,OBJ-N1-SBJ-N5-REVEAL-TR-LOC-N2.mp4,,18.879,31.0207,12.1417,2,2,1
ALP1205,ALP1205,1987-09-22,2026-05-28_09h42.43.622,BrocantoHPilot1MorphSession2,2,,,72,Comprehension,,legal,,,,,,,OBJ-N5-SBJ-N2-PUSH-TR-LOC-N4.mp4,OBJ-N2-SBJ-N5-PUSH-TR-LOC-N4.mp4,,15.8303,27.2665,11.436200000000001,2,1,0
ALP1205,ALP1205,1987-09-22,2026-05-28_09h42.43.622,BrocantoHPilot1MorphSession2,2,,,73,Comprehension,,legal,,,,,,,OBJ-N5-SBJ-N1-REVEAL-TR-LOC-N3.mp4,OBJ-N3-SBJ-N1-HIDE-TR-LOC-N5.mp4,,19.6466,31.2899,11.6433,2,2,1
ALP1205,ALP1205,1987-09-22,2026-05-28_09h42.43.622,BrocantoHPilot1MorphSession2,2,,,74,Comprehension,,legal,,,,,,,SBJ-N3-GO-INTR.mp4,SBJ-N3-HIDE-INTR.mp4,,16.3611,22.5556,6.194499999999998,1,1,1
ALP1205,ALP1205,1987-09-22,2026-05-28_09h42.43.622,BrocantoHPilot1MorphSession2,2,,,75,Comprehension,,legal,,,,,,,OBJ-N5-SBJ-N3-PUSH-TR-LOC-N4.mp4,OBJ-N4-SBJ-N3-PUSH-TR-LOC-N5.mp4,,18.038,23.6975,5.659500000000001,1,1,1
ALP1205,ALP1205,1987-09-22,2026-05-28_09h42.43.622,BrocantoHPilot1MorphSession2,2,,,76,Comprehension,,legal,,,,,,,OBJ-N5-Ab-SBJ-N1-HIDE-TR.mp4,OBJ-N5-Aa-SBJ-N1-PUSH-TR.mp4,,16.6589,19.8727,3.213799999999999,2,2,1
ALP1205,ALP1205,1987-09-22,2026-05-28_09h42.43.622,BrocantoHPilot1MorphSession2,2,1,119,77,Comprehension,wrong_verb,legal,1,SBJ.N1 JUMP-INTR,SBJ.N1 GO-INTR,SBJ-V.INTR,SBJ-V.INTR,1,SBJ-N1-JUMP-INTR.mp4,SBJ-N1-GO-INTR.mp4,,17.0307,17.2368,0.20609999999999928,2,2,1
ALP1205,ALP1205,1987-09-22,2026-05-28_09h42.43.622,BrocantoHPilot1MorphSession2,2,,,78,Comprehension,,legal,,,,,,,SBJ-N2-HIDE-INTR-LOC-N3.mp4,SBJ-N3-GO-INTR-LOC-N2.mp4,,18.8246,32.6861,13.861500000000003,1,1,1
ALP1205,ALP1205,1987-09-22,2026-05-28_09h42.43.622,BrocantoHPilot1MorphSession2,2,,,79,Comprehension,,legal,,,,,,,SBJ-N4-HIDE-INTR-LOC-N5.mp4,SBJ-N5-HIDE-INTR-LOC-N4.mp4,,17.7833,23.9279,6.1446000000000005,1,1,1
ALP1205,ALP1205,1987-09-22,2026-05-28_09h42.43.622,BrocantoHPilot1MorphSession2,2,,,80,Comprehension,,legal,,,,,,,SBJ-N5-GO-INTR-LOC-N4.mp4,SBJ-N4-REVEAL-INTR-LOC-N5.mp4,,18.9191,27.1573,8.238199999999999,1,1,1
ALP1205,ALP1205,1987-09-22,2026-05-28_09h42.43.622,BrocantoHPilot1MorphSession2,2,,,81,Comprehension,,legal,,,,,,,SBJ-N3-JUMP-INTR-LOC-N2.mp4,SBJ-N2-JUMP-INTR-LOC-N3.mp4,,15.3551,26.964,11.608899999999998,2,2,1
ALP1205,ALP1205,1987-09-22,2026-05-28_09h42.43.622,BrocantoHPilot1MorphSession2,2,,,82,Comprehension,,legal,,,,,,,SBJ-N4-JUMP-INTR-LOC-N1.mp4,SBJ-N1-REVEAL-INTR-LOC-N4.mp4,,16.6821,17.4452,0.7631000000000014,1,1,1
ALP1205,ALP1205,1987-09-22,2026-05-28_09h42.43.622,BrocantoHPilot1MorphSession2,2,,,83,Comprehension,,legal,,,,,,,Ab-OBJ-N5-SBJ-N2-HIDE-TR.mp4,OBJ-N2-Aa-SBJ-N5-HIDE-TR.mp4,,24.7096,39.2247,14.5151,2,2,1
ALP1205,ALP1205,1987-09-22,2026-05-28_09h42.43.622,BrocantoHPilot1MorphSession2,2,,,84,Comprehension,,legal,,,,,,,OBJ-N5-SBJ-N3-REVEAL-TR-LOC-N4.mp4,OBJ-N4-SBJ-N3-REVEAL-TR-LOC-N5.mp4,,20.4794,34.8867,14.4073,2,2,1
ALP1205,ALP1205,1987-09-22,2026-05-28_09h42.43.622,BrocantoHPilot1MorphSession2,2,1,127,85,Production,,legal,2,OBJ.N5 SBJ.N4 HIDE-TR,,OBJ-SBJ-V.TR,,5,OBJ-N5-SBJ-N4-HIDE-TR.mp4,,,8.2059,27.2002,18.9943,SBJ.|N4|HIDE|OBJ.|N5,pif dabi fer timó zsübe,1
ALP1205,ALP1205,1987-09-22,2026-05-28_09h42.43.622,BrocantoHPilot1MorphSession2,2,1,128,86,Production,,legal,1,SBJ.N3 JUMP-INTR,,SBJ-V.INTR,,3,SBJ-N3-JUMP-INTR.mp4,,,6.353,10.3972,4.0442,JUMP|SBJ.|N3,pif zilép bonip,1
ALP1205,ALP1205,1987-09-22,2026-05-28_09h42.43.622,BrocantoHPilot1MorphSession2,2,1,129,87,Production,,legal,1,SBJ.N4 GO-INTR,,SBJ-V.INTR,,0,SBJ-N4-GO-INTR.mp4,,,6.1157,21.668,15.552299999999999,SBJ.|N4|GO,pif dabi kávler,1
ALP1205,ALP1205,1987-09-22,2026-05-28_09h42.43.622,BrocantoHPilot1MorphSession2,2,1,130,88,Production,,legal,2,OBJ.N5 SBJ.N4 PUSH-TR,,OBJ-SBJ-V.TR,,3,OBJ-N5-SBJ-N4-PUSH-TR.mp4,,,6.6293,27.7116,21.0823,SBJ.|N4|OBJ.|N5|PUSH,pif dabi fer timó vánta,1
ALP1205,ALP1205,1987-09-22,2026-05-28_09h42.43.622,BrocantoHPilot1MorphSession2,2,1,131,89,Production,,legal,2,OBJ.N5 SBJ.N3 REVEAL-TR,,OBJ-SBJ-V.TR,,7,OBJ-N5-SBJ-N3-REVEAL-TR.mp4,,,7.1174,33.7982,26.6808,OBJ.|N5|REVEAL|SBJ.|N3,pif zilép fer timó girda,1
ALP1205,ALP1205,1987-09-22,2026-05-28_09h42.43.622,BrocantoHPilot1MorphSession2,2,1,132,90,Production,,legal,1,SBJ.N4 HIDE-INTR,,SBJ-V.INTR,,0,SBJ-N4-HIDE-INTR.mp4,,,7.405,12.8412,5.4362,HIDE|SBJ.|N4,pif dabi zsübe,1
ALP1205,ALP1205,1987-09-22,2026-05-28_09h42.43.622,BrocantoHPilot1MorphSession2,2,1,133,91,Production,,legal,2,OBJ.N5 SBJ.N4 PUSH-TR,,OBJ-SBJ-V.TR,,4,OBJ-N5-SBJ-N4-PUSH-TR.mp4,,,7.163,29.1082,21.9452,SBJ.|N4|OBJ.|N5|PUSH,pif dabi fer timó vánta,1
ALP1205,ALP1205,1987-09-22,2026-05-28_09h42.43.622,BrocantoHPilot1MorphSession2,2,1,134,92,Production,,legal,1,SBJ.N3 REVEAL-INTR,,SBJ-V.INTR,,1,SBJ-N3-REVEAL-INTR.mp4,,,6.985,13.8736,6.888599999999999,SBJ.|N3|REVEAL,pif zilép girda,1
ALP1205,ALP1205,1987-09-22,2026-05-28_09h42.43.622,BrocantoHPilot1MorphSession2,2,1,135,93,Production,,legal,2,OBJ.N5 SBJ.N4 REVEAL-TR,,OBJ-SBJ-V.TR,,3,OBJ-N5-SBJ-N4-REVEAL-TR.mp4,,,6.6023,15.181,8.5787,REVEAL|OBJ.|N5|SBJ.|N4,pif dabi fer timó girda,1
ALP1205,ALP1205,1987-09-22,2026-05-28_09h42.43.622,BrocantoHPilot1MorphSession2,2,1,136,94,Production,,legal,1,SBJ.N3 JUMP-INTR,,SBJ-V.INTR,,4,SBJ-N3-JUMP-INTR.mp4,,,7.2265,10.4039,3.1774000000000004,JUMP|SBJ.|N3,pif zilép bonip,1
ALP1205,ALP1205,1987-09-22,2026-05-28_09h42.43.622,BrocantoHPilot1MorphSession2,2,1,137,95,Production,,legal,2,OBJ.N5 SBJ.N4 HIDE-TR,,OBJ-SBJ-V.TR,,6,OBJ-N5-SBJ-N4-HIDE-TR.mp4,,,8.2997,13.7643,5.464600000000001,SBJ.|N4|HIDE|OBJ.|N5,pif dabi fer timó zsübe,1
ALP1205,ALP1205,1987-09-22,2026-05-28_09h42.43.622,BrocantoHPilot1MorphSession2,2,1,138,96,Production,,legal,1,SBJ.N2 REVEAL-INTR,,SBJ-V.INTR,,2,SBJ-N2-REVEAL-INTR.mp4,,,7.9314,14.7433,6.8119,SBJ.|N2|REVEAL,girda pif murak,1
ALP1205,ALP1205,1987-09-22,2026-05-28_09h42.43.622,BrocantoHPilot1MorphSession2,2,1,139,97,Production,,legal,2,OBJ.N5 SBJ.N4 HIDE-TR,,OBJ-SBJ-V.TR,,7,OBJ-N5-SBJ-N4-HIDE-TR.mp4,,,6.7122,10.1947,3.482499999999999,SBJ.|N4|HIDE|OBJ.|N5,pif dabi fer timó zsübe,1
ALP1205,ALP1205,1987-09-22,2026-05-28_09h42.43.622,BrocantoHPilot1MorphSession2,2,1,140,98,Production,,legal,1,SBJ.N1 GO-INTR,,SBJ-V.INTR,,3,SBJ-N1-GO-INTR.mp4,,,6.775,10.0143,3.2393,SBJ.|N1|GO,pif pekli kávler,1
ALP1205,ALP1205,1987-09-22,2026-05-28_09h42.43.622,BrocantoHPilot1MorphSession2,2,1,141,99,Production,,legal,2,OBJ.N5 SBJ.N3 REVEAL-TR,,OBJ-SBJ-V.TR,,8,OBJ-N5-SBJ-N3-REVEAL-TR.mp4,,,6.773,15.3241,8.5511,OBJ.|N5|REVEAL|SBJ.|N3,pif zilép zsübe timó,0
ALP1205,ALP1205,1987-09-22,2026-05-28_09h42.43.622,BrocantoHPilot1MorphSession2,2,1,142,100,Production,,legal,1,SBJ.N3 JUMP-INTR,,SBJ-V.INTR,,5,SBJ-N3-JUMP-INTR.mp4,,,6.4601,10.1835,3.7234000000000007,JUMP|SBJ.|N3,pif zilép bonip,1
ALP1205,ALP1205,1987-09-22,2026-05-28_09h42.43.622,BrocantoHPilot1MorphSession2,2,1,143,101,Production,,legal,1,SBJ.N4 HIDE-INTR,,SBJ-V.INTR,,1,SBJ-N4-HIDE-INTR.mp4,,,7.2797,16.8847,9.604999999999999,HIDE|SBJ.|N4,pif dabi zsübe,1
ALP1205,ALP1205,1987-09-22,2026-05-28_09h42.43.622,BrocantoHPilot1MorphSession2,2,1,144,102,Production,,legal,2,OBJ.N5 SBJ.N2 PUSH-TR,,OBJ-SBJ-V.TR,,4,OBJ-N5-SBJ-N2-PUSH-TR.mp4,,,8.4179,25.7528,17.3349,SBJ.|N2|OBJ.|N5|PUSH,pif murak fer timó vánta,1
ALP1205,ALP1205,1987-09-22,2026-05-28_09h42.43.622,BrocantoHPilot1MorphSession2,2,1,145,103,Production,,legal,1,SBJ.N5 REVEAL-INTR,,SBJ-V.INTR,,3,SBJ-N5-REVEAL-INTR.mp4,,,8.254,12.56,4.306000000000001,SBJ.|N5|REVEAL,zsübe pif timó,0
ALP1205,ALP1205,1987-09-22,2026-05-28_09h42.43.622,BrocantoHPilot1MorphSession2,2,1,146,104,Production,,legal,1,SBJ.N3 HIDE-INTR,,SBJ-V.INTR,,0,SBJ-N3-HIDE-INTR.mp4,,,11.7641,15.1931,3.4290000000000003,SBJ.|N3|HIDE,pif zilép zsübe,1
ALP1205,ALP1205,1987-09-22,2026-05-28_09h42.43.622,BrocantoHPilot1MorphSession2,2,1,147,105,Production,,legal,2,OBJ.N5 SBJ.N2 PUSH-TR,,OBJ-SBJ-V.TR,,5,OBJ-N5-SBJ-N2-PUSH-TR.mp4,,,6.1615,10.1975,4.036,SBJ.|N2|OBJ.|N5|PUSH,pif murak fer,0
ALP1205,ALP1205,1987-09-22,2026-05-28_09h42.43.622,BrocantoHPilot1MorphSession2,2,1,148,106,Production,,legal,2,OBJ.N5 SBJ.N1 PUSH-TR,,OBJ-SBJ-V.TR,,1,OBJ-N5-SBJ-N1-PUSH-TR.mp4,,,6.0053,35.6009,29.595600000000005,SBJ.|N1|OBJ.|N5|PUSH,pif pekli fer timó vánta,1
ALP1205,ALP1205,1987-09-22,2026-05-28_09h42.43.622,BrocantoHPilot1MorphSession2,2,1,149,107,Production,,legal,3,OBJ.N5 SBJ.N2 HIDE-TR LOC.N3,,OBJ-SBJ-V.TR-LOC,,0,OBJ-N5-SBJ-N2-HIDE-TR-LOC-N3.mp4,,,7.4569,49.2544,41.7975,HIDE|OBJ.|N5|LOC.|N3|SBJ.|N2,pif murak pa timó zsübe,0
ALP1205,ALP1205,1987-09-22,2026-05-28_09h42.43.622,BrocantoHPilot1MorphSession2,2,1,150,108,Production,,legal,2,SBJ.N4 REVEAL-INTR LOC.N3,,SBJ-V.INTR-LOC,,2,SBJ-N4-REVEAL-INTR-LOC-N3.mp4,,,6.1158,29.743,23.6272,SBJ.|N4|REVEAL|LOC.|N3,pa zilép pif dabi girda,1
ALP1205,ALP1205,1987-09-22,2026-05-28_09h42.43.622,BrocantoHPilot1MorphSession2,2,1,151,109,Production,,legal,2,SBJ.N4 REVEAL-INTR LOC.N3,,SBJ-V.INTR-LOC,,3,SBJ-N4-REVEAL-INTR-LOC-N3.mp4,,,6.2318,13.0065,6.774700000000001,SBJ.|N4|REVEAL|LOC.|N3,pa zilép pif dabi girda,1
ALP1205,ALP1205,1987-09-22,2026-05-28_09h42.43.622,BrocantoHPilot1MorphSession2,2,1,152,110,Production,,legal,3,OBJ.N5 SBJ.N1 PUSH-TR LOC.N2,,OBJ-SBJ-V.TR-LOC,,1,OBJ-N5-SBJ-N1-PUSH-TR-LOC-N2.mp4,,,6.9734,25.1457,18.1723,OBJ.|N5|PUSH|SBJ.|N1|LOC.|N2,pif pekli fer timó pa murak,0
ALP1205,ALP1205,1987-09-22,2026-05-28_09h42.43.622,BrocantoHPilot1MorphSession2,2,1,153,111,Production,,legal,3,OBJ.N5 SBJ.N1 REVEAL-TR LOC.N3,,OBJ-SBJ-V.TR-LOC,,1,OBJ-N5-SBJ-N1-REVEAL-TR-LOC-N3.mp4,,,7.5519,53.818600000000004,46.2667,SBJ.|N1|LOC.|N3|OBJ.|N5|REVEAL,pa pekli pif timó zsübe,0
ALP1205,ALP1205,1987-09-22,2026-05-28_09h42.43.622,BrocantoHPilot1MorphSession2,2,1,154,112,Production,,legal,2,SBJ.N1 REVEAL-INTR LOC.N5,,SBJ-V.INTR-LOC,,0,SBJ-N1-REVEAL-INTR-LOC-N5.mp4,,,7.5495,29.8082,22.258699999999997,REVEAL|SBJ.|N1|LOC.|N5,pa timó pif pekli girda,1
ALP1205,ALP1205,1987-09-22,2026-05-28_09h42.43.622,BrocantoHPilot1MorphSession2,2,1,155,113,Production,,legal,3,OBJ.N5 SBJ.N2 PUSH-TR LOC.N3,,OBJ-SBJ-V.TR-LOC,,0,OBJ-N5-SBJ-N2-PUSH-TR-LOC-N3.mp4,,,5.3135,21.9584,16.6449,LOC.|N3|SBJ.|N2|OBJ.|N5|PUSH,pif murak fer timó zilép,0
ALP1205,ALP1205,1987-09-22,2026-05-28_09h42.43.622,BrocantoHPilot1MorphSession2,2,1,156,114,Production,,legal,3,OBJ.N5 SBJ.N1 HIDE-TR LOC.N2,,OBJ-SBJ-V.TR-LOC,,4,OBJ-N5-SBJ-N1-HIDE-TR-LOC-N2.mp4,,,6.714,41.5505,34.8365,SBJ.|N1|LOC.|N2|HIDE|OBJ.|N5,pa murak pif pekli fer timó zsübe,1
ALP1205,ALP1205,1987-09-22,2026-05-28_09h42.43.622,BrocantoHPilot1MorphSession2,2,1,157,115,Production,,legal,3,OBJ.N5 SBJ.N2 PUSH-TR LOC.N4,,OBJ-SBJ-V.TR-LOC,,3,OBJ-N5-SBJ-N2-PUSH-TR-LOC-N4.mp4,,,7.346,36.4249,29.0789,SBJ.|N2|LOC.|N4|OBJ.|N5|PUSH,pif murak fer timó pa dabi vánta,1
ALP1205,ALP1205,1987-09-22,2026-05-28_09h42.43.622,BrocantoHPilot1MorphSession2,2,1,158,116,Production,,legal,2,OBJ.N5 SBJ.N3 REVEAL-TR,,OBJ-SBJ-V.TR,,9,OBJ-N5-SBJ-N3-REVEAL-TR.mp4,,,6.4685,23.671,17.2025,OBJ.|N5|REVEAL|SBJ.|N3,pif zilép fer timó girda,1
ALP1205,ALP1205,1987-09-22,2026-05-28_09h42.43.622,BrocantoHPilot1MorphSession2,2,1,159,117,Production,,legal,3,OBJ.N5 SBJ.N3 HIDE-TR LOC.N4,,OBJ-SBJ-V.TR-LOC,,1,OBJ-N5-SBJ-N3-HIDE-TR-LOC-N4.mp4,,,7.0464,36.7061,29.6597,OBJ.|N5|SBJ.|N3|HIDE|LOC.|N4,pif zilép fer timó,0
ALP1205,ALP1205,1987-09-22,2026-05-28_09h42.43.622,BrocantoHPilot1MorphSession2,2,1,160,118,Production,,legal,2,Aa SBJ.N5 JUMP-INTR,,SBJ-V.INTR,,0,Aa-SBJ-N5-JUMP-INTR.mp4,,,4.9976,19.8066,14.809,JUMP|Aa|SBJ.|N5,pif timó bonip,0
ALP1205,ALP1205,1987-09-22,2026-05-28_09h42.43.622,BrocantoHPilot1MorphSession2,2,1,161,119,Production,,legal,1,SBJ.N3 HIDE-INTR,,SBJ-V.INTR,,1,SBJ-N3-HIDE-INTR.mp4,,,7.6645,13.2589,5.5944,SBJ.|N3|HIDE,pif zilép zsübe,1
ALP1205,ALP1205,1987-09-22,2026-05-28_09h42.43.622,BrocantoHPilot1MorphSession2,2,1,162,120,Production,,legal,2,SBJ.N3 GO-INTR LOC.N2,,SBJ-V.INTR-LOC,,1,SBJ-N3-GO-INTR-LOC-N2.mp4,,,8.1214,24.153,16.031599999999997,LOC.|N2|GO|SBJ.|N3,pif zilép pa murak kávler,1
ALP1205,ALP1205,1987-09-22,2026-05-28_09h42.43.622,BrocantoHPilot1MorphSession2,2,1,163,121,Production,,legal,2,SBJ.N1 HIDE-INTR LOC.N5,,SBJ-V.INTR-LOC,,0,SBJ-N1-HIDE-INTR-LOC-N5.mp4,,,5.6262,21.4181,15.791899999999998,HIDE|LOC.|N5|SBJ.|N1,pif pekli fer timó zsübe,0
ALP1205,ALP1205,1987-09-22,2026-05-28_09h42.43.622,BrocantoHPilot1MorphSession2,2,1,164,122,Production,,legal,2,SBJ.N1 JUMP-INTR LOC.N5,,SBJ-V.INTR-LOC,,0,SBJ-N1-JUMP-INTR-LOC-N5.mp4,,,5.7015,17.1361,11.4346,LOC.|N5|SBJ.|N1|JUMP,pa timó pif pekli bonip,1
ALP1205,ALP1205,1987-09-22,2026-05-28_09h42.43.622,BrocantoHPilot1MorphSession2,2,1,165,123,Production,,legal,2,SBJ.N5 GO-INTR LOC.N3,,SBJ-V.INTR-LOC,,1,SBJ-N5-GO-INTR-LOC-N3.mp4,,,7.5212,31.845,24.3238,GO|SBJ.|N5|LOC.|N3,pa zilép pif timó kávler,1
ALP1205,ALP1205,1987-09-22,2026-05-28_09h42.43.622,BrocantoHPilot1MorphSession2,2,1,166,124,Production,,legal,2,SBJ.N5 HIDE-INTR LOC.N2,,SBJ-V.INTR-LOC,,0,SBJ-N5-HIDE-INTR-LOC-N2.mp4,,,7.7559,30.3883,22.6324,LOC.|N2|HIDE|SBJ.|N5,pif timó pa murak zsübe,1
ALP1205,ALP1205,1987-09-22,2026-05-28_09h42.43.622,BrocantoHPilot1MorphSession2,2,1,167,125,Production,,legal,3,OBJ.N5 SBJ.N3 HIDE-TR LOC.N2,,OBJ-SBJ-V.TR-LOC,,0,OBJ-N5-SBJ-N3-HIDE-TR-LOC-N2.mp4,,,5.4559,88.7812,83.3253,HIDE|OBJ.|N5|LOC.|N2|SBJ.|N3,pa timó pif zilép zsübe,0
ALP1205,ALP1205,1987-09-22,2026-05-28_09h42.43.622,BrocantoHPilot1MorphSession2,2,1,168,126,Production,,legal,3,Ab OBJ.N5 SBJ.N2 HIDE-TR,,OBJ-SBJ-V.TR,,1,Ab-OBJ-N5-SBJ-N2-HIDE-TR.mp4,,,7.2651,15.0589,7.793799999999999,SBJ.|N2|Ab|OBJ.|N5|HIDE,pif murak fer timó zsübe,0
ALP1205,ALP1205,1987-09-22,2026-05-28_09h42.43.622,BrocantoHPilot1MorphSession2,2,,,127,Chunk,,legal,,,,,,8,,,JUMP-SBJ.mp3,6.5391,11.7174,5.178299999999999,,6,
ALP1205,ALP1205,1987-09-22,2026-05-28_09h42.43.622,BrocantoHPilot1MorphSession2,2,,,128,Chunk,,legal,,,,,,,,,N5-N5.mp3,4.0634,14.4522,10.3888,,1,
ALP1205,ALP1205,1987-09-22,2026-05-28_09h42.43.622,BrocantoHPilot1MorphSession2,2,,,129,Chunk,,legal,,,,,,,,,N1-N5.mp3,3.0798,6.0573,2.9774999999999996,,3,
ALP1205,ALP1205,1987-09-22,2026-05-28_09h42.43.622,BrocantoHPilot1MorphSession2,2,,,130,Chunk,,legal,,,,,,,,,LOC-Aa.mp3,2.5295,3.9812,1.4516999999999998,,1,
ALP1205,ALP1205,1987-09-22,2026-05-28_09h42.43.622,BrocantoHPilot1MorphSession2,2,,,131,Chunk,,legal,,,,,,2,,,Aa-SBJ.mp3,3.2123,27.5488,24.3365,,4,
ALP1205,ALP1205,1987-09-22,2026-05-28_09h42.43.622,BrocantoHPilot1MorphSession2,2,,,132,Chunk,,legal,,,,,,,,,SBJ-JUMP.mp3,2.862,4.0372,1.1752000000000002,,6,
ALP1205,ALP1205,1987-09-22,2026-05-28_09h42.43.622,BrocantoHPilot1MorphSession2,2,,,133,Chunk,,legal,,,,,,18,,,LOC-N2.mp3,2.4609,3.4237,0.9628000000000001,,6,
ALP1205,ALP1205,1987-09-22,2026-05-28_09h42.43.622,BrocantoHPilot1MorphSession2,2,,,134,Chunk,,legal,,,,,,,,,REVEAL-Ab.mp3,4.3205,5.3761,1.0556,,6,
ALP1205,ALP1205,1987-09-22,2026-05-28_09h42.43.622,BrocantoHPilot1MorphSession2,2,,,135,Chunk,,legal,,,,,,3,,,N4-SBJ.mp3,4.9827,11.9949,7.012199999999999,,5,
ALP1205,ALP1205,1987-09-22,2026-05-28_09h42.43.622,BrocantoHPilot1MorphSession2,2,,,136,Chunk,,legal,,,,,,7,,,N2-LOC.mp3,2.4652,5.6421,3.1769000000000003,,3,
ALP1205,ALP1205,1987-09-22,2026-05-28_09h42.43.622,BrocantoHPilot1MorphSession2,2,,,137,Chunk,,legal,,,,,,,,,N5-N5.mp3,2.9265,10.1737,7.2472,,1,
ALP1205,ALP1205,1987-09-22,2026-05-28_09h42.43.622,BrocantoHPilot1MorphSession2,2,,,138,Chunk,,legal,,,,,,4,,,N2-SBJ.mp3,3.3925,9.8971,6.5046,,6,
ALP1205,ALP1205,1987-09-22,2026-05-28_09h42.43.622,BrocantoHPilot1MorphSession2,2,,,139,Chunk,,legal,,,,,,6,,,HIDE-LOC.mp3,3.706,13.2948,9.5888,,4,
ALP1205,ALP1205,1987-09-22,2026-05-28_09h42.43.622,BrocantoHPilot1MorphSession2,2,,,140,Chunk,,legal,,,,,,1,,,PUSH-LOC.mp3,2.4254,8.9982,6.572800000000001,,3,
ALP1205,ALP1205,1987-09-22,2026-05-28_09h42.43.622,BrocantoHPilot1MorphSession2,2,,,141,Chunk,,legal,,,,,,,,,N5-N5.mp3,2.6865,5.7116,3.0250999999999997,,1,
ALP1205,ALP1205,1987-09-22,2026-05-28_09h42.43.622,BrocantoHPilot1MorphSession2,2,,,142,Chunk,,legal,,,,,,3,,,N4-LOC.mp3,3.1769,3.7024,0.5255000000000001,,4,
ALP1205,ALP1205,1987-09-22,2026-05-28_09h42.43.622,BrocantoHPilot1MorphSession2,2,,,143,Chunk,,legal,,,,,,,,,LOC-GO.mp3,3.1778,5.4848,2.307,,2,
ALP1205,ALP1205,1987-09-22,2026-05-28_09h42.43.622,BrocantoHPilot1MorphSession2,2,,,144,Chunk,,legal,,,,,,,,,N3-N3.mp3,3.687,4.7808,1.0938000000000003,,1,
ALP1205,ALP1205,1987-09-22,2026-05-28_09h42.43.622,BrocantoHPilot1MorphSession2,2,,,145,Chunk,,legal,,,,,,2,,,N2-GO.mp3,9.0495,13.9253,4.8758,,6,
ALP1205,ALP1205,1987-09-22,2026-05-28_09h42.43.622,BrocantoHPilot1MorphSession2,2,,,146,Chunk,,legal,,,,,,,,,N3-N3.mp3,3.3955,4.0963,0.7008000000000001,,1,
ALP1205,ALP1205,1987-09-22,2026-05-28_09h42.43.622,BrocantoHPilot1MorphSession2,2,,,147,GJ,,,,,,,,,,,OBJ-N1-JUMP-INTR-SBJ-N3.mp3,5.0468,10.9427,5.8959,,5,
ALP1205,ALP1205,1987-09-22,2026-05-28_09h42.43.622,BrocantoHPilot1MorphSession2,2,,,148,GJ,,,,,,,,,,,PUSH-TR-Ab-SBJ-N1.mp3,3.7863,9.364,5.5777,,3,
ALP1205,ALP1205,1987-09-22,2026-05-28_09h42.43.622,BrocantoHPilot1MorphSession2,2,1,201,149,GJ,verb_frame,illegal,,SBJ.N4 REVEAL-INTR LOC.N3 LOC.N1,,SBJ-V.INTR-LOC,,,,,SBJ-N4-REVEAL-INTR-LOC-N3-LOC-N1.mp3,5.7949,10.2547,4.4597999999999995,,4,
ALP1205,ALP1205,1987-09-22,2026-05-28_09h42.43.622,BrocantoHPilot1MorphSession2,2,,,150,GJ,,,,,,,,5,,,SBJ-N4-OBJ-N5-PUSH-TR.mp3,4.6754,5.2311,0.5556999999999999,,6,
ALP1205,ALP1205,1987-09-22,2026-05-28_09h42.43.622,BrocantoHPilot1MorphSession2,2,1,208,151,GJ,verb_frame_and_NP_structure,illegal,,OBJ.N1 SBJ.N5 Ab JUMP-INTR,,SBJ-V.INTR,,,,,OBJ-N1-SBJ-N5-Ab-JUMP-INTR.mp3,5.1249,11.8903,6.7654,,4,
ALP1205,ALP1205,1987-09-22,2026-05-28_09h42.43.622,BrocantoHPilot1MorphSession2,2,,,152,GJ,,,,,,,,0,,,Ab-SBJ-N2-OBJ-N4-PUSH-TR.mp3,4.5294,6.2046,1.6752000000000002,,3,
ALP1205,ALP1205,1987-09-22,2026-05-28_09h42.43.622,BrocantoHPilot1MorphSession2,2,,,153,GJ,,,,,,,,1,,,PUSH-TR-Ab-SBJ-N1-OBJ-N5.mp3,5.0223,7.8508,2.828499999999999,,2,
ALP1205,ALP1205,1987-09-22,2026-05-28_09h42.43.622,BrocantoHPilot1MorphSession2,2,1,205,154,GJ,verb_frame_and_NP_structure,illegal,,SBJ.N2 Ab PUSH-TR,,OBJ-SBJ-V.TR,,,,,SBJ-N2-Ab-PUSH-TR.mp3,4.8362,9.2485,4.4123,,4,
ALP1205,ALP1205,1987-09-22,2026-05-28_09h42.43.622,BrocantoHPilot1MorphSession2,2,1,202,155,GJ,verb_frame,illegal,,HIDE-TR LOC.N4,,OBJ-SBJ-V.TR-LOC,,,,,HIDE-TR-LOC-N4.mp3,5.3476,6.9724,1.6248000000000005,,1,
ALP1205,ALP1205,1987-09-22,2026-05-28_09h42.43.622,BrocantoHPilot1MorphSession2,2,1,207,156,GJ,verb_frame_and_NP_structure,illegal,,SBJ.N3 Aa PUSH-TR,,OBJ-SBJ-V.TR,,,,,SBJ-N3-Aa-PUSH-TR.mp3,7.6689,17.7561,10.0872,,5,
ALP1205,ALP1205,1987-09-22,2026-05-28_09h42.43.622,BrocantoHPilot1MorphSession2,2,1,196,157,GJ,,legal,2,Ab SBJ.N2 GO-INTR,,SBJ-V.INTR,,0,,,Ab-SBJ-N2-GO-INTR.mp3,4.2317,9.5797,5.348000000000001,,5,
ALP1205,ALP1205,1987-09-22,2026-05-28_09h42.43.622,BrocantoHPilot1MorphSession2,2,1,206,158,GJ,verb_frame_and_NP_structure,illegal,,OBJ.N1 SBJ.N2 Ab GO-INTR,,SBJ-V.INTR,,,,,OBJ-N1-SBJ-N2-Ab-GO-INTR.mp3,5.2459,7.839,2.5931000000000006,,6,
ALP1205,ALP1205,1987-09-22,2026-05-28_09h42.43.622,BrocantoHPilot1MorphSession2,2,,,159,GJ,,,,,,,,0,,,PUSH-TR-OBJ-N2-Aa-SBJ-N3.mp3,4.5752,12.377,7.801800000000001,,5,
ALP1205,ALP1205,1987-09-22,2026-05-28_09h42.43.622,BrocantoHPilot1MorphSession2,2,,,160,GJ,,,,,,,,6,,,JUMP-INTR-SBJ-N3.mp3,4.143,5.5944,1.4514000000000005,,3,
ALP1205,ALP1205,1987-09-22,2026-05-28_09h42.43.622,BrocantoHPilot1MorphSession2,2,1,203,161,GJ,verb_frame,illegal,,SBJ.N4 PUSH-TR,,OBJ-SBJ-V.TR,,,,,SBJ-N4-PUSH-TR.mp3,2.8814,3.8156,0.9341999999999997,,6,
ALP1205,ALP1205,1987-09-22,2026-05-28_09h42.43.622,BrocantoHPilot1MorphSession2,2,1,204,162,GJ,verb_frame_and_NP_structure,illegal,,OBJ.N1 SBJ.N4 Ab JUMP-INTR,,SBJ-V.INTR,,,,,OBJ-N1-SBJ-N4-Ab-JUMP-INTR.mp3,9.4571,10.7795,1.3224,,3,
ALP1205,ALP1205,1987-09-22,2026-05-28_09h42.43.622,BrocantoHPilot1MorphSession2,2,1,191,163,GJ,,legal,2,SBJ.N4 REVEAL-INTR LOC.N3,,SBJ-V.INTR-LOC,,4,,,SBJ-N4-REVEAL-INTR-LOC-N3.mp3,6.6398,6.8523,0.21249999999999947,,6,
ALP1205,ALP1205,1987-09-22,2026-05-28_09h42.43.622,BrocantoHPilot1MorphSession2,2,1,198,164,GJ,,legal,2,Ab SBJ.N5 JUMP-INTR,,SBJ-V.INTR,,0,,,Ab-SBJ-N5-JUMP-INTR.mp3,3.4897,7.1552,3.6654999999999998,,5,
ALP1205,ALP1205,1987-09-22,2026-05-28_09h42.43.622,BrocantoHPilot1MorphSession2,2,1,194,165,GJ,,legal,2,Ab SBJ.N4 JUMP-INTR,,SBJ-V.INTR,,0,,,Ab-SBJ-N4-JUMP-INTR.mp3,3.4787,4.1578,0.6791,,4,
ALP1205,ALP1205,1987-09-22,2026-05-28_09h42.43.622,BrocantoHPilot1MorphSession2,2,1,192,166,GJ,,legal,3,OBJ.N5 SBJ.N3 HIDE-TR LOC.N4,,OBJ-SBJ-V.TR-LOC,,2,,,OBJ-N5-SBJ-N3-HIDE-TR-LOC-N4.mp3,4.7989,5.6558,0.8569000000000004,,6,
ALP1205,ALP1205,1987-09-22,2026-05-28_09h42.43.622,BrocantoHPilot1MorphSession2,2,2,209,167,Passive,,legal,3,OBJ.N5 SBJ.N4 PUSH-TR LOC.N1,,OBJ-SBJ-V.TR-LOC,,0,OBJ-N5-SBJ-N4-PUSH-TR-LOC-N1.mp4,,LOC-N1-OBJ-N5-SBJ-N4-PUSH-TR.mp3,4263.2098,4275.0136,11.803800000000592,,,
ALP1205,ALP1205,1987-09-22,2026-05-28_09h42.43.622,BrocantoHPilot1MorphSession2,2,2,210,168,Passive,,legal,2,SBJ.N3 REVEAL-INTR LOC.N2,,SBJ-V.INTR-LOC,,0,SBJ-N3-REVEAL-INTR-LOC-N2.mp4,,LOC-N2-REVEAL-INTR-SBJ-N3.mp3,4275.0154,4282.5288,7.5133999999998196,,,
ALP1205,ALP1205,1987-09-22,2026-05-28_09h42.43.622,BrocantoHPilot1MorphSession2,2,2,211,169,Passive,,legal,3,OBJ.N5 SBJ.N4 REVEAL-TR LOC.N1,,OBJ-SBJ-V.TR-LOC,,2,OBJ-N5-SBJ-N4-REVEAL-TR-LOC-N1.mp4,,OBJ-N5-LOC-N1-REVEAL-TR-SBJ-N4.mp3,4282.5304,4288.3198,5.789400000000569,,,
ALP1205,ALP1205,1987-09-22,2026-05-28_09h42.43.622,BrocantoHPilot1MorphSession2,2,2,212,170,Passive,,legal,2,SBJ.N5 REVEAL-INTR LOC.N3,,SBJ-V.INTR-LOC,,1,SBJ-N5-REVEAL-INTR-LOC-N3.mp4,,SBJ-N5-REVEAL-INTR-LOC-N3.mp3,4288.3212,4295.6435,7.322299999999814,,,
ALP1205,ALP1205,1987-09-22,2026-05-28_09h42.43.622,BrocantoHPilot1MorphSession2,2,2,213,171,Passive,,legal,2,Ab SBJ.N1 GO-INTR,,SBJ-V.INTR,,0,Ab-SBJ-N1-GO-INTR.mp4,,GO-INTR-Ab-SBJ-N1.mp3,4295.647,4301.1259,5.478900000000067,,,
ALP1205,ALP1205,1987-09-22,2026-05-28_09h42.43.622,BrocantoHPilot1MorphSession2,2,2,214,172,Passive,,legal,3,Ab OBJ.N5 SBJ.N2 HIDE-TR,,OBJ-SBJ-V.TR,,2,Ab-OBJ-N5-SBJ-N2-HIDE-TR.mp4,,SBJ-N2-Ab-OBJ-N5-HIDE-TR.mp3,4301.1275,4306.7222,5.594700000000557,,,
ALP1205,ALP1205,1987-09-22,2026-05-28_09h42.43.622,BrocantoHPilot1MorphSession2,2,2,215,173,Passive,,legal,2,Ab SBJ.N3 HIDE-INTR,,SBJ-V.INTR,,0,Ab-SBJ-N3-HIDE-INTR.mp4,,Ab-SBJ-N3-HIDE-INTR.mp3,4306.7229,4312.3383,5.615400000000591,,,
ALP1205,ALP1205,1987-09-22,2026-05-28_09h42.43.622,BrocantoHPilot1MorphSession2,2,2,216,174,Passive,,legal,3,OBJ.N5 SBJ.N4 PUSH-TR LOC.N1,,OBJ-SBJ-V.TR-LOC,,1,OBJ-N5-SBJ-N4-PUSH-TR-LOC-N1.mp4,,LOC-N1-OBJ-N5-SBJ-N4-PUSH-TR.mp3,4312.339,4319.1816,6.842599999999948,,,
ALP1205,ALP1205,1987-09-22,2026-05-28_09h42.43.622,BrocantoHPilot1MorphSession2,2,2,217,175,Passive,,legal,2,OBJ.N5 SBJ.N4 REVEAL-TR,,OBJ-SBJ-V.TR,,4,OBJ-N5-SBJ-N4-REVEAL-TR.mp4,,REVEAL-TR-OBJ-N5-SBJ-N4.mp3,4319.1835,4327.4051,8.221599999999853,,,
ALP1205,ALP1205,1987-09-22,2026-05-28_09h42.43.622,BrocantoHPilot1MorphSession2,2,2,218,176,Passive,,legal,2,SBJ.N5 REVEAL-INTR LOC.N4,,SBJ-V.INTR-LOC,,1,SBJ-N5-REVEAL-INTR-LOC-N4.mp4,,SBJ-N5-LOC-N4-REVEAL-INTR.mp3,4327.4069,4341.5527,14.145800000000236,,,
ALP1205,ALP1205,1987-09-22,2026-05-28_09h42.43.622,BrocantoHPilot1MorphSession2,2,2,219,177,Passive,,legal,1,SBJ.N5 GO-INTR,,SBJ-V.INTR,,2,SBJ-N5-GO-INTR.mp4,,GO-INTR-SBJ-N5.mp3,4341.5535,4347.8852,6.331699999999728,,,
ALP1205,ALP1205,1987-09-22,2026-05-28_09h42.43.622,BrocantoHPilot1MorphSession2,2,2,220,178,Passive,,legal,2,OBJ.N5 SBJ.N3 HIDE-TR,,OBJ-SBJ-V.TR,,1,OBJ-N5-SBJ-N3-HIDE-TR.mp4,,OBJ-N5-HIDE-TR-SBJ-N3.mp3,4347.8869,4355.0328,7.1458999999995285,,,
ALP1205,ALP1205,1987-09-22,2026-05-28_09h42.43.622,BrocantoHPilot1MorphSession2,2,2,221,179,Passive,,legal,3,OBJ.N5 SBJ.N4 HIDE-TR LOC.N1,,OBJ-SBJ-V.TR-LOC,,1,OBJ-N5-SBJ-N4-HIDE-TR-LOC-N1.mp4,,LOC-N1-OBJ-N5-SBJ-N4-HIDE-TR.mp3,4355.036,4365.9488,10.912800000000061,,,
ALP1205,ALP1205,1987-09-22,2026-05-28_09h42.43.622,BrocantoHPilot1MorphSession2,2,2,222,180,Passive,,legal,3,OBJ.N5 SBJ.N3 PUSH-TR LOC.N1,,OBJ-SBJ-V.TR-LOC,,1,OBJ-N5-SBJ-N3-PUSH-TR-LOC-N1.mp4,,PUSH-TR-LOC-N1-OBJ-N5-SBJ-N3.mp3,4365.9502,4371.8412,5.890999999999622,,,
ALP1205,ALP1205,1987-09-22,2026-05-28_09h42.43.622,BrocantoHPilot1MorphSession2,2,2,223,181,Passive,,legal,3,OBJ.N5 Ab SBJ.N2 REVEAL-TR,,OBJ-SBJ-V.TR,,0,OBJ-N5-Ab-SBJ-N2-REVEAL-TR.mp4,,OBJ-N5-Ab-SBJ-N2-REVEAL-TR.mp3,4371.8424,4381.2215,9.379099999999198,,,
ALP1205,ALP1205,1987-09-22,2026-05-28_09h42.43.622,BrocantoHPilot1MorphSession2,2,2,224,182,Passive,,legal,1,SBJ.N4 JUMP-INTR,,SBJ-V.INTR,,0,SBJ-N4-JUMP-INTR.mp4,,JUMP-INTR-SBJ-N4.mp3,4381.2233,4389.4007,8.177400000000489,,,
ALP1205,ALP1205,1987-09-22,2026-05-28_09h42.43.622,BrocantoHPilot1MorphSession2,2,2,225,183,Passive,,legal,2,Ab SBJ.N4 JUMP-INTR,,SBJ-V.INTR,,0,Ab-SBJ-N4-JUMP-INTR.mp4,,Ab-SBJ-N4-JUMP-INTR.mp3,4389.4015,4398.8365,9.4350000000004,,,
ALP1205,ALP1205,1987-09-22,2026-05-28_09h42.43.622,BrocantoHPilot1MorphSession2,2,2,226,184,Passive,,legal,2,SBJ.N4 GO-INTR LOC.N1,,SBJ-V.INTR-LOC,,0,SBJ-N4-GO-INTR-LOC-N1.mp4,,GO-INTR-LOC-N1-SBJ-N4.mp3,4398.8384,4404.7285,5.89010000000053,,,
ALP1205,ALP1205,1987-09-22,2026-05-28_09h42.43.622,BrocantoHPilot1MorphSession2,2,2,227,185,Passive,,legal,2,SBJ.N3 HIDE-INTR LOC.N5,,SBJ-V.INTR-LOC,,0,SBJ-N3-HIDE-INTR-LOC-N5.mp4,,HIDE-INTR-LOC-N5-SBJ-N3.mp3,4404.7297,4410.2968,5.5671000000002095,,,
ALP1205,ALP1205,1987-09-22,2026-05-28_09h42.43.622,BrocantoHPilot1MorphSession2,2,2,228,186,Passive,,legal,2,SBJ.N1 JUMP-INTR LOC.N2,,SBJ-V.INTR-LOC,,0,SBJ-N1-JUMP-INTR-LOC-N2.mp4,,SBJ-N1-JUMP-INTR-LOC-N2.mp3,4410.2975,4424.1561,13.858600000000479,,,
ALP1205,ALP1205,1987-09-22,2026-05-28_09h42.43.622,BrocantoHPilot1MorphSession2,2,2,229,187,Passive,,legal,3,OBJ.N5 Ab SBJ.N4 REVEAL-TR,,OBJ-SBJ-V.TR,,1,OBJ-N5-Ab-SBJ-N4-REVEAL-TR.mp4,,OBJ-N5-Ab-SBJ-N4-REVEAL-TR.mp3,4424.1578,4429.677,5.519199999999728,,,
ALP1205,ALP1205,1987-09-22,2026-05-28_09h42.43.622,BrocantoHPilot1MorphSession2,2,2,230,188,Passive,,legal,3,OBJ.N5 SBJ.N3 HIDE-TR LOC.N2,,OBJ-SBJ-V.TR-LOC,,1,OBJ-N5-SBJ-N3-HIDE-TR-LOC-N2.mp4,,HIDE-TR-OBJ-N5-LOC-N2-SBJ-N3.mp3,4429.6778,4435.3878,5.710000000000036,,,
ALP1205,ALP1205,1987-09-22,2026-05-28_09h42.43.622,BrocantoHPilot1MorphSession2,2,2,231,189,Passive,,legal,4,Ab SBJ.N5 REVEAL-INTR Ab LOC.N4,,SBJ-V.INTR-LOC,,0,Ab-SBJ-N5-REVEAL-INTR-Ab-LOC-N4.mp4,,REVEAL-INTR-Ab-LOC-N4-Ab-SBJ-N5.mp3,4435.3892,4440.9588,5.569600000000719,,,
ALP1205,ALP1205,1987-09-22,2026-05-28_09h42.43.622,BrocantoHPilot1MorphSession2,2,2,232,190,Passive,,legal,5,OBJ.N5 Ab SBJ.N4 PUSH-TR Ab LOC.N2,,OBJ-SBJ-V.TR-LOC,,0,OBJ-N5-Ab-SBJ-N4-PUSH-TR-Ab-LOC-N2.mp4,,PUSH-TR-Ab-SBJ-N4-Ab-LOC-N2-OBJ-N5.mp3,4440.9595,4448.2855,7.326000000000022,,,
ALP1205,ALP1205,1987-09-22,2026-05-28_09h42.43.622,BrocantoHPilot1MorphSession2,2,2,233,191,Passive,,legal,4,OBJ.N5 Ab SBJ.N2 REVEAL-TR LOC.N4,,OBJ-SBJ-V.TR-LOC,,0,OBJ-N5-Ab-SBJ-N2-REVEAL-TR-LOC-N4.mp4,,OBJ-N5-Ab-SBJ-N2-LOC-N4-REVEAL-TR.mp3,4448.2869,4454.0565,5.7695999999996275,,,
ALP1205,ALP1205,1987-09-22,2026-05-28_09h42.43.622,BrocantoHPilot1MorphSession2,2,2,234,192,Passive,,legal,2,SBJ.N5 REVEAL-INTR LOC.N3,,SBJ-V.INTR-LOC,,2,SBJ-N5-REVEAL-INTR-LOC-N3.mp4,,SBJ-N5-REVEAL-INTR-LOC-N3.mp3,4454.0573,4459.7892,5.731899999999769,,,
ALP1205,ALP1205,1987-09-22,2026-05-28_09h42.43.622,BrocantoHPilot1MorphSession2,2,2,235,193,Passive,,legal,2,OBJ.N5 SBJ.N1 PUSH-TR,,OBJ-SBJ-V.TR,,2,OBJ-N5-SBJ-N1-PUSH-TR.mp4,,SBJ-N1-OBJ-N5-PUSH-TR.mp3,4459.79,4465.44,5.649999999999636,,,
ALP1205,ALP1205,1987-09-22,2026-05-28_09h42.43.622,BrocantoHPilot1MorphSession2,2,2,236,194,Passive,,legal,1,SBJ.N1 GO-INTR,,SBJ-V.INTR,,4,SBJ-N1-GO-INTR.mp4,,SBJ-N1-GO-INTR.mp3,4465.4426,4470.9957,5.553100000000086,,,
ALP1205,ALP1205,1987-09-22,2026-05-28_09h42.43.622,BrocantoHPilot1MorphSession2,2,2,237,195,Passive,,legal,3,OBJ.N5 SBJ.N1 REVEAL-TR LOC.N2,,OBJ-SBJ-V.TR-LOC,,1,OBJ-N5-SBJ-N1-REVEAL-TR-LOC-N2.mp4,,SBJ-N1-LOC-N2-REVEAL-TR-OBJ-N5.mp3,4470.9964,4476.6085,5.612100000000282,,,
ALP1205,ALP1205,1987-09-22,2026-05-28_09h42.43.622,BrocantoHPilot1MorphSession2,2,2,238,196,Passive,,legal,4,Ab SBJ.N4 REVEAL-INTR Ab LOC.N5,,SBJ-V.INTR-LOC,,0,Ab-SBJ-N4-REVEAL-INTR-Ab-LOC-N5.mp4,,Ab-SBJ-N4-REVEAL-INTR-Ab-LOC-N5.mp3,4476.6092,4482.2803,5.671100000000479,,,
ALP1205,ALP1205,1987-09-22,2026-05-28_09h42.43.622,BrocantoHPilot1MorphSession2,2,2,239,197,Passive,,legal,4,OBJ.N5 SBJ.N4 HIDE-TR Ab LOC.N1,,OBJ-SBJ-V.TR-LOC,,0,OBJ-N5-SBJ-N4-HIDE-TR-Ab-LOC-N1.mp4,,Ab-LOC-N1-SBJ-N4-OBJ-N5-HIDE-TR.mp3,4482.2812,4488.2706,5.989399999999478,,,
ALP1205,ALP1205,1987-09-22,2026-05-28_09h42.43.622,BrocantoHPilot1MorphSession2,2,2,240,198,Passive,,legal,3,OBJ.N5 Ab SBJ.N2 REVEAL-TR,,OBJ-SBJ-V.TR,,1,OBJ-N5-Ab-SBJ-N2-REVEAL-TR.mp4,,OBJ-N5-Ab-SBJ-N2-REVEAL-TR.mp3,4488.2724,4493.922,5.649599999999737,,,
ALP1205,ALP1205,1987-09-22,2026-05-28_09h42.43.622,BrocantoHPilot1MorphSession2,2,2,241,199,Passive,,legal,2,Ab SBJ.N1 HIDE-INTR,,SBJ-V.INTR,,0,Ab-SBJ-N1-HIDE-INTR.mp4,,Ab-SBJ-N1-HIDE-INTR.mp3,4493.9229,4499.5358,5.6129000000000815,,,
ALP1205,ALP1205,1987-09-22,2026-05-28_09h42.43.622,BrocantoHPilot1MorphSession2,2,2,242,200,Passive,,legal,3,OBJ.N5 SBJ.N4 HIDE-TR LOC.N2,,OBJ-SBJ-V.TR-LOC,,2,OBJ-N5-SBJ-N4-HIDE-TR-LOC-N2.mp4,,OBJ-N5-HIDE-TR-LOC-N2-SBJ-N4.mp3,4499.5368,4505.2127,5.675900000000183,,,
ALP1205,ALP1205,1987-09-22,2026-05-28_09h42.43.622,BrocantoHPilot1MorphSession2,2,2,243,201,Passive,,legal,1,SBJ.N4 JUMP-INTR,,SBJ-V.INTR,,1,SBJ-N4-JUMP-INTR.mp4,,JUMP-INTR-SBJ-N4.mp3,4505.2141,4511.2642,6.050099999999475,,,
ALP1205,ALP1205,1987-09-22,2026-05-28_09h42.43.622,BrocantoHPilot1MorphSession2,2,2,244,202,Passive,,legal,2,OBJ.N5 SBJ.N1 PUSH-TR,,OBJ-SBJ-V.TR,,3,OBJ-N5-SBJ-N1-PUSH-TR.mp4,,SBJ-N1-OBJ-N5-PUSH-TR.mp3,4511.265,4517.2799,6.014900000000125,,,
ALP1205,ALP1205,1987-09-22,2026-05-28_09h42.43.622,BrocantoHPilot1MorphSession2,2,2,245,203,Passive,,legal,2,Ab SBJ.N4 GO-INTR,,SBJ-V.INTR,,0,Ab-SBJ-N4-GO-INTR.mp4,,GO-INTR-Ab-SBJ-N4.mp3,4517.2805,4523.3906,6.110099999999875,,,
ALP1205,ALP1205,1987-09-22,2026-05-28_09h42.43.622,BrocantoHPilot1MorphSession2,2,2,246,204,Passive,,legal,3,Ab SBJ.N2 HIDE-INTR LOC.N1,,SBJ-V.INTR-LOC,,0,Ab-SBJ-N2-HIDE-INTR-LOC-N1.mp4,,LOC-N1-Ab-SBJ-N2-HIDE-INTR.mp3,4523.3914,4529.2367,5.845299999999952,,,
ALP1205,ALP1205,1987-09-22,2026-05-28_09h42.43.622,BrocantoHPilot1MorphSession2,2,2,247,205,Passive,,legal,4,Ab SBJ.N3 JUMP-INTR Ab LOC.N4,,SBJ-V.INTR-LOC,,0,Ab-SBJ-N3-JUMP-INTR-Ab-LOC-N4.mp4,,JUMP-INTR-Ab-SBJ-N3-Ab-LOC-N4.mp3,4529.2375,4535.3852,6.147699999999531,,,
ALP1205,ALP1205,1987-09-22,2026-05-28_09h42.43.622,BrocantoHPilot1MorphSession2,2,2,248,206,Passive,,legal,4,Aa SBJ.N4 GO-INTR Aa LOC.N5,,SBJ-V.INTR-LOC,,0,Aa-SBJ-N4-GO-INTR-Aa-LOC-N5.mp4,,GO-INTR-Aa-LOC-N5-Aa-SBJ-N4.mp3,4535.386,4544.2702,8.88419999999951,,,
ALP1205,ALP1205,1987-09-22,2026-05-28_09h42.43.622,BrocantoHPilot1MorphSession2,2,2,249,207,Passive,,legal,4,OBJ.N5 SBJ.N2 PUSH-TR Ab LOC.N4,,OBJ-SBJ-V.TR-LOC,,0,OBJ-N5-SBJ-N2-PUSH-TR-Ab-LOC-N4.mp4,,PUSH-TR-SBJ-N2-OBJ-N5-Ab-LOC-N4.mp3,4544.2718,4549.9162,5.644399999999223,,,
ALP1205,ALP1205,1987-09-22,2026-05-28_09h42.43.622,BrocantoHPilot1MorphSession2,2,2,250,208,Passive,,legal,2,OBJ.N5 SBJ.N4 REVEAL-TR,,OBJ-SBJ-V.TR,,5,OBJ-N5-SBJ-N4-REVEAL-TR.mp4,,REVEAL-TR-OBJ-N5-SBJ-N4.mp3,4549.917,4555.3934,5.476399999999558,,,
ALP1205,ALP1205,1987-09-22,2026-05-28_09h42.43.622,BrocantoHPilot1MorphSession2,2,,,209,Comprehension,,legal,,,,,,,SBJ-N3-REVEAL-INTR-LOC-N5.mp4,SBJ-N3-JUMP-INTR-LOC-N5.mp4,,16.025,27.799,11.774000000000001,2,1,0
ALP1205,ALP1205,1987-09-22,2026-05-28_09h42.43.622,BrocantoHPilot1MorphSession2,2,,,210,Comprehension,,legal,,,,,,,OBJ-N5-SBJ-N4-PUSH-TR-LOC-N2.mp4,OBJ-N4-SBJ-N5-REVEAL-TR-LOC-N2.mp4,,17.2936,20.5787,3.2851,1,1,1
ALP1205,ALP1205,1987-09-22,2026-05-28_09h42.43.622,BrocantoHPilot1MorphSession2,2,,,211,Comprehension,,legal,,,,,,,OBJ-N5-SBJ-N4-HIDE-TR-LOC-N3.mp4,OBJ-N5-SBJ-N3-HIDE-TR-LOC-N4.mp4,,18.186,21.6167,3.4307000000000016,1,1,1
ALP1205,ALP1205,1987-09-22,2026-05-28_09h42.43.622,BrocantoHPilot1MorphSession2,2,,,212,Comprehension,,legal,,,,,,,SBJ-N1-REVEAL-INTR-LOC-N2.mp4,SBJ-N1-HIDE-INTR-LOC-N2.mp4,,18.0961,22.9559,4.8598,1,1,1
ALP1205,ALP1205,1987-09-22,2026-05-28_09h42.43.622,BrocantoHPilot1MorphSession2,2,,,213,Comprehension,,legal,,,,,,,OBJ-N5-SBJ-N4-REVEAL-TR.mp4,OBJ-N4-SBJ-N5-PUSH-TR.mp4,,16.4823,17.2434,0.7611000000000026,1,2,0
ALP1205,ALP1205,1987-09-22,2026-05-28_09h42.43.622,BrocantoHPilot1MorphSession2,2,,,214,Comprehension,,legal,,,,,,,SBJ-N2-GO-INTR.mp4,SBJ-N2-REVEAL-INTR.mp4,,16.4179,22.6724,6.2545,1,1,1
ALP1205,ALP1205,1987-09-22,2026-05-28_09h42.43.622,BrocantoHPilot1MorphSession2,2,2,257,215,Comprehension,wrong_verb,legal,1,SBJ.N5 JUMP-INTR,SBJ.N5 HIDE-INTR,SBJ-V.INTR,SBJ-V.INTR,3,SBJ-N5-JUMP-INTR.mp4,SBJ-N5-HIDE-INTR.mp4,,13.7594,14.3494,0.5899999999999999,1,1,1
ALP1205,ALP1205,1987-09-22,2026-05-28_09h42.43.622,BrocantoHPilot1MorphSession2,2,,,216,Comprehension,,legal,,,,,,,OBJ-N5-SBJ-N1-PUSH-TR-LOC-N2.mp4,OBJ-N5-SBJ-N2-PUSH-TR-LOC-N1.mp4,,15.8634,23.3406,7.477199999999998,1,1,1
ALP1205,ALP1205,1987-09-22,2026-05-28_09h42.43.622,BrocantoHPilot1MorphSession2,2,,,217,Comprehension,,legal,,,,,,,SBJ-N1-REVEAL-INTR-LOC-N3.mp4,SBJ-N3-JUMP-INTR-LOC-N1.mp4,,15.0249,15.157,0.13209999999999944,2,2,1
ALP1205,ALP1205,1987-09-22,2026-05-28_09h42.43.622,BrocantoHPilot1MorphSession2,2,,,218,Comprehension,,legal,,,,,,,Ab-OBJ-N5-SBJ-N1-REVEAL-TR.mp4,Aa-OBJ-N5-SBJ-N1-HIDE-TR.mp4,,19.8903,24.6581,4.767800000000001,2,2,1
ALP1205,ALP1205,1987-09-22,2026-05-28_09h42.43.622,BrocantoHPilot1MorphSession2,2,,,219,Comprehension,,legal,,,,,,,Ab-SBJ-N2-HIDE-INTR.mp4,Aa-SBJ-N2-HIDE-INTR.mp4,,16.6234,23.7268,7.103400000000001,2,1,0
ALP1205,ALP1205,1987-09-22,2026-05-28_09h42.43.622,BrocantoHPilot1MorphSession2,2,,,220,Comprehension,,legal,,,,,,,OBJ-N5-SBJ-N1-HIDE-TR-LOC-N2.mp4,OBJ-N2-SBJ-N1-HIDE-TR-LOC-N5.mp4,,18.8846,24.2133,5.328700000000001,1,2,0
ALP1205,ALP1205,1987-09-22,2026-05-28_09h42.43.622,BrocantoHPilot1MorphSession2,2,,,221,Comprehension,,legal,,,,,,,OBJ-N5-Ab-SBJ-N1-HIDE-TR.mp4,Aa-OBJ-N1-SBJ-N5-HIDE-TR.mp4,,19.1658,23.2088,4.042999999999999,1,1,1
ALP1205,ALP1205,1987-09-22,2026-05-28_09h42.43.622,BrocantoHPilot1MorphSession2,2,,,222,Comprehension,,legal,,,,,,,OBJ-N5-Ab-SBJ-N1-REVEAL-TR.mp4,OBJ-N5-Aa-SBJ-N1-PUSH-TR.mp4,,16.3704,26.3277,9.9573,2,2,1
ALP1205,ALP1205,1987-09-22,2026-05-28_09h42.43.622,BrocantoHPilot1MorphSession2,2,,,223,Comprehension,,legal,,,,,,,OBJ-N5-SBJ-N4-PUSH-TR-LOC-N1.mp4,OBJ-N4-SBJ-N5-HIDE-TR-LOC-N1.mp4,,16.596800000000002,19.7108,3.113999999999997,1,1,1
ALP1205,ALP1205,1987-09-22,2026-05-28_09h42.43.622,BrocantoHPilot1MorphSession2,2,2,266,224,Comprehension,wrong_adjective,legal,2,Ab SBJ.N2 GO-INTR,Aa SBJ.N2 GO-INTR,SBJ-V.INTR,SBJ-V.INTR,0,Ab-SBJ-N2-GO-INTR.mp4,Aa-SBJ-N2-GO-INTR.mp4,,17.5686,27.2846,9.716000000000001,2,2,1
ALP1205,ALP1205,1987-09-22,2026-05-28_09h42.43.622,BrocantoHPilot1MorphSession2,2,,,225,Comprehension,,legal,,,,,,,SBJ-N5-HIDE-INTR.mp4,SBJ-N5-REVEAL-INTR.mp4,,16.8955,17.0318,0.1363000000000021,1,2,0
ALP1205,ALP1205,1987-09-22,2026-05-28_09h42.43.622,BrocantoHPilot1MorphSession2,2,,,226,Comprehension,,legal,,,,,,,SBJ-N1-JUMP-INTR-LOC-N3.mp4,SBJ-N3-JUMP-INTR-LOC-N1.mp4,,15.5967,24.3667,8.770000000000001,2,2,1
ALP1205,ALP1205,1987-09-22,2026-05-28_09h42.43.622,BrocantoHPilot1MorphSession2,2,,,227,Comprehension,,legal,,,,,,,SBJ-N5-GO-INTR-LOC-N2.mp4,SBJ-N2-HIDE-INTR-LOC-N5.mp4,,21.8313,37.1885,15.357199999999999,1,1,1
ALP1205,ALP1205,1987-09-22,2026-05-28_09h42.43.622,BrocantoHPilot1MorphSession2,2,,,228,Comprehension,,legal,,,,,,,SBJ-N3-HIDE-INTR-LOC-N5.mp4,SBJ-N5-HIDE-INTR-LOC-N3.mp4,,16.1942,27.4981,11.303900000000002,1,1,1
ALP1205,ALP1205,1987-09-22,2026-05-28_09h42.43.622,BrocantoHPilot1MorphSession2,2,,,229,Comprehension,,legal,,,,,,,OBJ-N5-SBJ-N3-PUSH-TR-LOC-N1.mp4,OBJ-N5-SBJ-N3-REVEAL-TR-LOC-N1.mp4,,37.8314,39.724,1.8925999999999945,1,1,1
ALP1205,ALP1205,1987-09-22,2026-05-28_09h42.43.622,BrocantoHPilot1MorphSession2,2,,,230,Comprehension,,legal,,,,,,,Ab-OBJ-N5-SBJ-N1-REVEAL-TR.mp4,OBJ-N1-Aa-SBJ-N5-REVEAL-TR.mp4,,18.1939,23.3967,5.2028,1,2,0
ALP1205,ALP1205,1987-09-22,2026-05-28_09h42.43.622,BrocantoHPilot1MorphSession2,2,,,231,Comprehension,,legal,,,,,,,OBJ-N5-SBJ-N1-PUSH-TR-Ab-LOC-N3.mp4,OBJ-N5-SBJ-N1-REVEAL-TR-Aa-LOC-N3.mp4,,,14.2745,,1,1,1
ALP1205,ALP1205,1987-09-22,2026-05-28_09h42.43.622,BrocantoHPilot1MorphSession2,2,,,232,Comprehension,,legal,,,,,,,Ab-SBJ-N2-REVEAL-INTR-Ab-LOC-N4.mp4,Ab-SBJ-N4-REVEAL-INTR-Aa-LOC-N2.mp4,,17.2807,29.4504,12.169699999999999,1,2,0
ALP1205,ALP1205,1987-09-22,2026-05-28_09h42.43.622,BrocantoHPilot1MorphSession2,2,,,233,Comprehension,,legal,,,,,,,OBJ-N5-Ab-SBJ-N1-REVEAL-TR-Ab-LOC-N3.mp4,OBJ-N5-Ab-SBJ-N1-REVEAL-TR-Aa-LOC-N3.mp4,,18.6614,26.1295,7.4681,1,1,1
ALP1205,ALP1205,1987-09-22,2026-05-28_09h42.43.622,BrocantoHPilot1MorphSession2,2,,,234,Comprehension,,legal,,,,,,,Ab-SBJ-N4-REVEAL-INTR-LOC-N3.mp4,Aa-SBJ-N4-JUMP-INTR-LOC-N3.mp4,,16.0743,23.7891,7.7148,1,2,0
ALP1205,ALP1205,1987-09-22,2026-05-28_09h42.43.622,BrocantoHPilot1MorphSession2,2,,,235,Comprehension,,legal,,,,,,,Ab-SBJ-N5-REVEAL-INTR-Ab-LOC-N4.mp4,Ab-SBJ-N4-REVEAL-INTR-Aa-LOC-N5.mp4,,16.802,19.5948,2.7927999999999997,1,2,0
ALP1205,ALP1205,1987-09-22,2026-05-28_09h42.43.622,BrocantoHPilot1MorphSession2,2,2,278,236,Comprehension,wrong_adjective,legal,3,Ab OBJ.N5 SBJ.N3 PUSH-TR,Aa OBJ.N5 SBJ.N3 PUSH-TR,OBJ-SBJ-V.TR,OBJ-SBJ-V.TR,0,Ab-OBJ-N5-SBJ-N3-PUSH-TR.mp4,Aa-OBJ-N5-SBJ-N3-PUSH-TR.mp4,,14.9557,19.9267,4.971,1,1,1
ALP1205,ALP1205,1987-09-22,2026-05-28_09h42.43.622,BrocantoHPilot1MorphSession2,2,2,279,237,Comprehension,wrong_verb_wrong_adjective,legal,2,Ab SBJ.N4 JUMP-INTR,Aa SBJ.N4 GO-INTR,SBJ-V.INTR,SBJ-V.INTR,1,Ab-SBJ-N4-JUMP-INTR.mp4,Aa-SBJ-N4-GO-INTR.mp4,,14.2578,14.8891,0.6312999999999995,1,1,1
ALP1205,ALP1205,1987-09-22,2026-05-28_09h42.43.622,BrocantoHPilot1MorphSession2,2,,,238,Comprehension,,legal,,,,,,,Ab-OBJ-N5-SBJ-N4-HIDE-TR-LOC-N3.mp4,OBJ-N3-SBJ-N4-HIDE-TR-Aa-LOC-N5.mp4,,17.9856,18.3081,0.322499999999998,2,2,1
ALP1205,ALP1205,1987-09-22,2026-05-28_09h42.43.622,BrocantoHPilot1MorphSession2,2,,,239,Comprehension,,legal,,,,,,,Ab-OBJ-N5-SBJ-N4-REVEAL-TR.mp4,Aa-OBJ-N5-SBJ-N4-REVEAL-TR.mp4,,16.9059,18.0626,1.1567000000000007,1,2,0
ALP1205,ALP1205,1987-09-22,2026-05-28_09h42.43.622,BrocantoHPilot1MorphSession2,2,,,240,Comprehension,,legal,,,,,,,Ab-OBJ-N5-Ab-SBJ-N2-HIDE-TR-LOC-N4.mp4,Ab-OBJ-N5-Aa-SBJ-N2-REVEAL-TR-LOC-N4.mp4,,,17.4553,,2,1,0
ALP1205,ALP1205,1987-09-22,2026-05-28_09h42.43.622,BrocantoHPilot1MorphSession2,2,,,241,Comprehension,,legal,,,,,,,Ab-SBJ-N4-GO-INTR.mp4,Aa-SBJ-N4-GO-INTR.mp4,,53.0019,57.7597,4.757800000000003,2,1,0
ALP1205,ALP1205,1987-09-22,2026-05-28_09h42.43.622,BrocantoHPilot1MorphSession2,2,,,242,Comprehension,,legal,,,,,,,Ab-OBJ-N5-Ab-SBJ-N1-PUSH-TR.mp4,Ab-OBJ-N1-Aa-SBJ-N5-PUSH-TR.mp4,,19.5713,27.0958,7.5245,1,2,0
ALP1205,ALP1205,1987-09-22,2026-05-28_09h42.43.622,BrocantoHPilot1MorphSession2,2,,,243,Comprehension,,legal,,,,,,,Ab-SBJ-N5-HIDE-INTR.mp4,Aa-SBJ-N5-REVEAL-INTR.mp4,,16.5526,29.2214,12.668799999999997,1,1,1
ALP1205,ALP1205,1987-09-22,2026-05-28_09h42.43.622,BrocantoHPilot1MorphSession2,2,,,244,Comprehension,,legal,,,,,,,Ab-OBJ-N5-SBJ-N2-REVEAL-TR-Ab-LOC-N3.mp4,Ab-OBJ-N3-SBJ-N2-HIDE-TR-Ab-LOC-N5.mp4,,21.5036,25.5557,4.052100000000003,1,1,1
ALP1205,ALP1205,1987-09-22,2026-05-28_09h42.43.622,BrocantoHPilot1MorphSession2,2,,,245,Comprehension,,legal,,,,,,,Ab-SBJ-N5-HIDE-INTR.mp4,Ab-SBJ-N5-GO-INTR.mp4,,17.1455,18.5121,1.3666000000000018,2,1,0
ALP1205,ALP1205,1987-09-22,2026-05-28_09h42.43.622,BrocantoHPilot1MorphSession2,2,,,246,Comprehension,,legal,,,,,,,Ab-SBJ-N4-JUMP-INTR-LOC-N3.mp4,SBJ-N3-JUMP-INTR-Ab-LOC-N4.mp4,,14.876,14.8138,-0.06219999999999892,2,2,1
ALP1205,ALP1205,1987-09-22,2026-05-28_09h42.43.622,BrocantoHPilot1MorphSession2,2,,,247,Comprehension,,legal,,,,,,,Ab-SBJ-N4-GO-INTR-Ab-LOC-N3.mp4,Ab-SBJ-N3-GO-INTR-Aa-LOC-N4.mp4,,19.3863,24.1769,4.790600000000001,2,1,0
ALP1205,ALP1205,1987-09-22,2026-05-28_09h42.43.622,BrocantoHPilot1MorphSession2,2,,,248,Comprehension,,legal,,,,,,,Ab-SBJ-N2-HIDE-INTR-Aa-LOC-N1.mp4,Ab-SBJ-N2-HIDE-INTR-Ab-LOC-N1.mp4,,18.6103,27.5267,8.916400000000003,1,2,0
ALP1205,ALP1205,1987-09-22,2026-05-28_09h42.43.622,BrocantoHPilot1MorphSession2,2,,,249,Comprehension,,legal,,,,,,,Ab-OBJ-N5-SBJ-N1-PUSH-TR-LOC-N4.mp4,OBJ-N1-Ab-SBJ-N5-HIDE-TR-LOC-N4.mp4,,,13.4814,,1,1,1
ALP1205,ALP1205,1987-09-22,2026-05-28_09h42.43.622,BrocantoHPilot1MorphSession2,2,,,250,Comprehension,,legal,,,,,,,Ab-OBJ-N5-Ab-SBJ-N3-PUSH-TR.mp4,Ab-OBJ-N3-Ab-SBJ-N5-PUSH-TR.mp4,,15.5195,12.0429,-3.4766000000000012,1,1,1
ALP1205,ALP1205,1987-09-22,2026-05-28_09h42.43.622,BrocantoHPilot1MorphSession2,2,2,293,251,Production,,legal,2,SBJ.N4 REVEAL-INTR LOC.N5,,SBJ-V.INTR-LOC,,1,SBJ-N4-REVEAL-INTR-LOC-N5.mp4,,,6.3135,30.6132,24.299699999999998,REVEAL|SBJ.|N4|LOC.|N5,girda pif dabi pa timó,1
ALP1205,ALP1205,1987-09-22,2026-05-28_09h42.43.622,BrocantoHPilot1MorphSession2,2,2,294,252,Production,,legal,3,OBJ.N5 SBJ.N4 HIDE-TR LOC.N3,,OBJ-SBJ-V.TR-LOC,,2,OBJ-N5-SBJ-N4-HIDE-TR-LOC-N3.mp4,,,6.3381,20.6768,14.3387,SBJ.|N4|OBJ.|N5|LOC.|N3|HIDE,pif bonip fer zilép,0
ALP1205,ALP1205,1987-09-22,2026-05-28_09h42.43.622,BrocantoHPilot1MorphSession2,2,2,295,253,Production,,legal,2,SBJ.N3 REVEAL-INTR LOC.N4,,SBJ-V.INTR-LOC,,1,SBJ-N3-REVEAL-INTR-LOC-N4.mp4,,,6.8671,30.0871,23.22,SBJ.|N3|REVEAL|LOC.|N4,pif zilép girda pa dabi,1
ALP1205,ALP1205,1987-09-22,2026-05-28_09h42.43.622,BrocantoHPilot1MorphSession2,2,2,296,254,Production,,legal,3,OBJ.N5 SBJ.N1 REVEAL-TR LOC.N4,,OBJ-SBJ-V.TR-LOC,,0,OBJ-N5-SBJ-N1-REVEAL-TR-LOC-N4.mp4,,,7.5204,43.891,36.370599999999996,LOC.|N4|OBJ.|N5|SBJ.|N1|REVEAL,pa dabi pif timó pekli,0
ALP1205,ALP1205,1987-09-22,2026-05-28_09h42.43.622,BrocantoHPilot1MorphSession2,2,2,297,255,Production,,legal,1,SBJ.N3 JUMP-INTR,,SBJ-V.INTR,,6,SBJ-N3-JUMP-INTR.mp4,,,6.1139,11.8918,5.7779,JUMP|SBJ.|N3,pif pekli bonip,0
ALP1205,ALP1205,1987-09-22,2026-05-28_09h42.43.622,BrocantoHPilot1MorphSession2,2,2,298,256,Production,,legal,3,OBJ.N5 Ab SBJ.N3 PUSH-TR,,OBJ-SBJ-V.TR,,0,OBJ-N5-Ab-SBJ-N3-PUSH-TR.mp4,,,5.3923,32.4905,27.0982,Ab|SBJ.|N3|OBJ.|N5|PUSH,zsot pif zilép fer timó,0
ALP1205,ALP1205,1987-09-22,2026-05-28_09h42.43.622,BrocantoHPilot1MorphSession2,2,2,299,257,Production,,legal,2,Ab SBJ.N4 HIDE-INTR,,SBJ-V.INTR,,1,Ab-SBJ-N4-HIDE-INTR.mp4,,,6.1595,10.9667,4.807199999999999,HIDE|Ab|SBJ.|N4,zsot pif dabi zsübe,1
ALP1205,ALP1205,1987-09-22,2026-05-28_09h42.43.622,BrocantoHPilot1MorphSession2,2,2,300,258,Production,,legal,2,SBJ.N2 REVEAL-INTR LOC.N3,,SBJ-V.INTR-LOC,,0,SBJ-N2-REVEAL-INTR-LOC-N3.mp4,,,7.0403,14.6758,7.6355,LOC.|N3|REVEAL|SBJ.|N2,pa zilép pif murak girda,1
ALP1205,ALP1205,1987-09-22,2026-05-28_09h42.43.622,BrocantoHPilot1MorphSession2,2,2,301,259,Production,,legal,2,OBJ.N5 SBJ.N3 PUSH-TR,,OBJ-SBJ-V.TR,,1,OBJ-N5-SBJ-N3-PUSH-TR.mp4,,,4.4124,26.1808,21.7684,SBJ.|N3|OBJ.|N5|PUSH,pif zilép fer timó vánta,1
ALP1205,ALP1205,1987-09-22,2026-05-28_09h42.43.622,BrocantoHPilot1MorphSession2,2,2,302,260,Production,,legal,3,OBJ.N5 SBJ.N1 HIDE-TR LOC.N4,,OBJ-SBJ-V.TR-LOC,,0,OBJ-N5-SBJ-N1-HIDE-TR-LOC-N4.mp4,,,7.2561,12.2435,4.987399999999999,HIDE|SBJ.|N1|LOC.|N4|OBJ.|N5,fer dabi pa gyék pif timó,0
ALP1205,ALP1205,1987-09-22,2026-05-28_09h42.43.622,BrocantoHPilot1MorphSession2,2,2,303,261,Production,,legal,3,OBJ.N5 SBJ.N2 REVEAL-TR LOC.N1,,OBJ-SBJ-V.TR-LOC,,0,OBJ-N5-SBJ-N2-REVEAL-TR-LOC-N1.mp4,,,8.1538,10.0741,1.9202999999999992,OBJ.|N5|LOC.|N1|SBJ.|N2|REVEAL,girda pif vánta zsot pekli,0
ALP1205,ALP1205,1987-09-22,2026-05-28_09h42.43.622,BrocantoHPilot1MorphSession2,2,2,304,262,Production,,legal,3,Ab OBJ.N5 SBJ.N1 PUSH-TR,,OBJ-SBJ-V.TR,,0,Ab-OBJ-N5-SBJ-N1-PUSH-TR.mp4,,,5.5784,19.6284,14.049999999999999,Ab|OBJ.|N5|PUSH|SBJ.|N1,zsot pif pekli fer timó vánta,0
ALP1205,ALP1205,1987-09-22,2026-05-28_09h42.43.622,BrocantoHPilot1MorphSession2,2,2,305,263,Production,,legal,1,SBJ.N2 JUMP-INTR,,SBJ-V.INTR,,1,SBJ-N2-JUMP-INTR.mp4,,,5.4903,7.9071,2.4167999999999994,SBJ.|N2|JUMP,bonip pif murak,1
ALP1205,ALP1205,1987-09-22,2026-05-28_09h42.43.622,BrocantoHPilot1MorphSession2,2,2,306,264,Production,,legal,2,Ab SBJ.N1 GO-INTR,,SBJ-V.INTR,,1,Ab-SBJ-N1-GO-INTR.mp4,,,5.7371,10.9619,5.2248,GO|Ab|SBJ.|N1,zsot pif pekli kávler,1
ALP1205,ALP1205,1987-09-22,2026-05-28_09h42.43.622,BrocantoHPilot1MorphSession2,2,2,307,265,Production,,legal,3,OBJ.N5 Ab SBJ.N3 HIDE-TR,,OBJ-SBJ-V.TR,,0,OBJ-N5-Ab-SBJ-N3-HIDE-TR.mp4,,,7.5412,18.8163,11.275099999999998,OBJ.|N5|HIDE|Ab|SBJ.|N3,zsot fer timó pif pekli zsübe,0
ALP1205,ALP1205,1987-09-22,2026-05-28_09h42.43.622,BrocantoHPilot1MorphSession2,2,2,308,266,Production,,legal,3,OBJ.N5 SBJ.N2 REVEAL-TR LOC.N4,,OBJ-SBJ-V.TR-LOC,,0,OBJ-N5-SBJ-N2-REVEAL-TR-LOC-N4.mp4,,,6.3774,9.9924,3.615,LOC.|N4|SBJ.|N2|OBJ.|N5|REVEAL,girda pa fer zsot,0
ALP1205,ALP1205,1987-09-22,2026-05-28_09h42.43.622,BrocantoHPilot1MorphSession2,2,2,309,267,Production,,legal,2,Ab SBJ.N5 JUMP-INTR,,SBJ-V.INTR,,0,Ab-SBJ-N5-JUMP-INTR.mp4,,,5.7876,10.473,4.6854000000000005,Ab|SBJ.|N5|JUMP,zsot pif timó bonip,1
ALP1205,ALP1205,1987-09-22,2026-05-28_09h42.43.622,BrocantoHPilot1MorphSession2,2,2,310,268,Production,,legal,2,SBJ.N3 HIDE-INTR LOC.N5,,SBJ-V.INTR-LOC,,2,SBJ-N3-HIDE-INTR-LOC-N5.mp4,,,6.6079,22.7492,16.141299999999998,HIDE|LOC.|N5|SBJ.|N3,pif zilép pa timó zsübe,1
ALP1205,ALP1205,1987-09-22,2026-05-28_09h42.43.622,BrocantoHPilot1MorphSession2,2,2,311,269,Production,,legal,2,SBJ.N3 GO-INTR LOC.N4,,SBJ-V.INTR-LOC,,0,SBJ-N3-GO-INTR-LOC-N4.mp4,,,7.3889,17.4498,10.0609,LOC.|N4|GO|SBJ.|N3,zsot pif zilép pa dabi kávler,0
ALP1205,ALP1205,1987-09-22,2026-05-28_09h42.43.622,BrocantoHPilot1MorphSession2,2,2,312,270,Production,,legal,2,SBJ.N4 JUMP-INTR LOC.N3,,SBJ-V.INTR-LOC,,0,SBJ-N4-JUMP-INTR-LOC-N3.mp4,,,5.7799,21.4178,15.6379,JUMP|LOC.|N3|SBJ.|N4,pa zilép pif dabi bonip,1
ALP1205,ALP1205,1987-09-22,2026-05-28_09h42.43.622,BrocantoHPilot1MorphSession2,2,2,313,271,Production,,legal,3,OBJ.N5 SBJ.N1 PUSH-TR LOC.N3,,OBJ-SBJ-V.TR-LOC,,0,OBJ-N5-SBJ-N1-PUSH-TR-LOC-N3.mp4,,,5.5043,20.6683,15.163999999999998,SBJ.|N1|LOC.|N3|PUSH|OBJ.|N5,zsot pa zilép fer pekli vánta,0
ALP1205,ALP1205,1987-09-22,2026-05-28_09h42.43.622,BrocantoHPilot1MorphSession2,2,2,314,272,Production,,legal,3,OBJ.N5 Ab SBJ.N1 REVEAL-TR,,OBJ-SBJ-V.TR,,1,OBJ-N5-Ab-SBJ-N1-REVEAL-TR.mp4,,,6.5418,29.0113,22.469499999999996,Ab|SBJ.|N1|OBJ.|N5|REVEAL,zsot pif pekli girda timó vánta,0
ALP1205,ALP1205,1987-09-22,2026-05-28_09h42.43.622,BrocantoHPilot1MorphSession2,2,2,315,273,Production,,legal,5,Ab OBJ.N5 Ab SBJ.N1 REVEAL-TR LOC.N2,,OBJ-SBJ-V.TR-LOC,,0,Ab-OBJ-N5-Ab-SBJ-N1-REVEAL-TR-LOC-N2.mp4,,,6.1781,18.3197,12.1416,Ab|SBJ.|N1|REVEAL|Ab|OBJ.|N5|LOC.|N2,zsot pa pekli fer timó murak,0
ALP1205,ALP1205,1987-09-22,2026-05-28_09h42.43.622,BrocantoHPilot1MorphSession2,2,2,316,274,Production,,legal,2,SBJ.N1 REVEAL-INTR LOC.N5,,SBJ-V.INTR-LOC,,1,SBJ-N1-REVEAL-INTR-LOC-N5.mp4,,,7.4434,20.402,12.9586,REVEAL|SBJ.|N1|LOC.|N5,pa timó pif pekli girda,1
ALP1205,ALP1205,1987-09-22,2026-05-28_09h42.43.622,BrocantoHPilot1MorphSession2,2,2,317,275,Production,,legal,4,OBJ.N5 SBJ.N1 HIDE-TR Ab LOC.N4,,OBJ-SBJ-V.TR-LOC,,0,OBJ-N5-SBJ-N1-HIDE-TR-Ab-LOC-N4.mp4,,,7.0327,25.811,18.7783,Ab|LOC.|N4|SBJ.|N1|OBJ.|N5|HIDE,zsot pa timó pif pekli zsübe,0
ALP1205,ALP1205,1987-09-22,2026-05-28_09h42.43.622,BrocantoHPilot1MorphSession2,2,2,318,276,Production,,legal,3,Ab SBJ.N1 REVEAL-INTR LOC.N5,,SBJ-V.INTR-LOC,,0,Ab-SBJ-N1-REVEAL-INTR-LOC-N5.mp4,,,6.7846,23.6835,16.898899999999998,LOC.|N5|Ab|SBJ.|N1|REVEAL,zsot pa timó pif pekli girda,0
ALP1205,ALP1205,1987-09-22,2026-05-28_09h42.43.622,BrocantoHPilot1MorphSession2,2,2,319,277,Production,,legal,5,OBJ.N5 Ab SBJ.N4 REVEAL-TR Ab LOC.N1,,OBJ-SBJ-V.TR-LOC,,0,OBJ-N5-Ab-SBJ-N4-REVEAL-TR-Ab-LOC-N1.mp4,,,5.9156,8.8973,2.981699999999999,REVEAL|OBJ.|N5|Ab|LOC.|N1|Ab|SBJ.|N4,fer girda gyék vánta dabi pa pekli,0
ALP1205,ALP1205,1987-09-22,2026-05-28_09h42.43.622,BrocantoHPilot1MorphSession2,2,2,320,278,Production,,legal,3,Ab SBJ.N2 REVEAL-INTR LOC.N3,,SBJ-V.INTR-LOC,,0,Ab-SBJ-N2-REVEAL-INTR-LOC-N3.mp4,,,6.6117,16.1872,9.575500000000002,REVEAL|Ab|SBJ.|N2|LOC.|N3,zsot pa zilép fer timó girda,0
ALP1205,ALP1205,1987-09-22,2026-05-28_09h42.43.622,BrocantoHPilot1MorphSession2,2,2,321,279,Production,,legal,2,OBJ.N5 SBJ.N1 PUSH-TR,,OBJ-SBJ-V.TR,,4,OBJ-N5-SBJ-N1-PUSH-TR.mp4,,,5.4727,21.4668,15.9941,SBJ.|N1|OBJ.|N5|PUSH,pif pekli vánta,0
ALP1205,ALP1205,1987-09-22,2026-05-28_09h42.43.622,BrocantoHPilot1MorphSession2,2,2,322,280,Production,,legal,1,SBJ.N2 GO-INTR,,SBJ-V.INTR,,4,SBJ-N2-GO-INTR.mp4,,,6.2868,17.9748,11.687999999999999,GO|SBJ.|N2,kávler pif pekli,0
ALP1205,ALP1205,1987-09-22,2026-05-28_09h42.43.622,BrocantoHPilot1MorphSession2,2,2,323,281,Production,,legal,3,OBJ.N5 SBJ.N3 HIDE-TR LOC.N1,,OBJ-SBJ-V.TR-LOC,,0,OBJ-N5-SBJ-N3-HIDE-TR-LOC-N1.mp4,,,6.3724,26.8457,20.473300000000002,SBJ.|N3|OBJ.|N5|HIDE|LOC.|N1,fer timó pa zilép bonip,0
ALP1205,ALP1205,1987-09-22,2026-05-28_09h42.43.622,BrocantoHPilot1MorphSession2,2,2,324,282,Production,,legal,4,Ab OBJ.N5 Aa SBJ.N5 REVEAL-TR,,OBJ-SBJ-V.TR,,0,Ab-OBJ-N5-Aa-SBJ-N5-REVEAL-TR.mp4,,,6.0381,24.4006,18.3625,Aa|SBJ.|N5|REVEAL|Ab|OBJ.|N5,zsot pif timó fer timó girda,0
ALP1205,ALP1205,1987-09-22,2026-05-28_09h42.43.622,BrocantoHPilot1MorphSession2,2,2,325,283,Production,,legal,2,Ab SBJ.N1 HIDE-INTR,,SBJ-V.INTR,,1,Ab-SBJ-N1-HIDE-INTR.mp4,,,5.6416,11.8264,6.184799999999999,Ab|SBJ.|N1|HIDE,zsot pif pekli zsübe,1
ALP1205,ALP1205,1987-09-22,2026-05-28_09h42.43.622,BrocantoHPilot1MorphSession2,2,2,326,284,Production,,legal,2,OBJ.N5 SBJ.N4 PUSH-TR,,OBJ-SBJ-V.TR,,5,OBJ-N5-SBJ-N4-PUSH-TR.mp4,,,5.4553,12.3392,6.8839,SBJ.|N4|OBJ.|N5|PUSH,fer timó vánta,0
ALP1205,ALP1205,1987-09-22,2026-05-28_09h42.43.622,BrocantoHPilot1MorphSession2,2,2,327,285,Production,,legal,6,Ab OBJ.N5 Ab SBJ.N3 HIDE-TR Ab LOC.N1,,OBJ-SBJ-V.TR-LOC,,0,Ab-OBJ-N5-Ab-SBJ-N3-HIDE-TR-Ab-LOC-N1.mp4,,,6.3914,50.9729,44.581500000000005,Ab|LOC.|N1|Ab|OBJ.|N5|HIDE|Ab|SBJ.|N3,pa pekli fer timó zsübe,0
ALP1205,ALP1205,1987-09-22,2026-05-28_09h42.43.622,BrocantoHPilot1MorphSession2,2,2,328,286,Production,,legal,2,Ab SBJ.N3 JUMP-INTR,,SBJ-V.INTR,,0,Ab-SBJ-N3-JUMP-INTR.mp4,,,6.3664,11.6389,5.2725,Ab|SBJ.|N3|JUMP,zsot pif zilép bonip,1
ALP1205,ALP1205,1987-09-22,2026-05-28_09h42.43.622,BrocantoHPilot1MorphSession2,2,2,329,287,Production,,legal,1,SBJ.N5 GO-INTR,,SBJ-V.INTR,,3,SBJ-N5-GO-INTR.mp4,,,6.7361,13.3151,6.578999999999999,GO|SBJ.|N5,kávler pif timó,1
ALP1205,ALP1205,1987-09-22,2026-05-28_09h42.43.622,BrocantoHPilot1MorphSession2,2,2,330,288,Production,,legal,4,Aa SBJ.N2 HIDE-INTR Ab LOC.N5,,SBJ-V.INTR-LOC,,0,Aa-SBJ-N2-HIDE-INTR-Ab-LOC-N5.mp4,,,7.5332,14.5288,6.9956000000000005,HIDE|Aa|SBJ.|N2|Ab|LOC.|N5,zsot pif murak pa timó zsübe,0
ALP1205,ALP1205,1987-09-22,2026-05-28_09h42.43.622,BrocantoHPilot1MorphSession2,2,2,331,289,Production,,legal,4,Ab SBJ.N1 JUMP-INTR Aa LOC.N4,,SBJ-V.INTR-LOC,,0,Ab-SBJ-N1-JUMP-INTR-Aa-LOC-N4.mp4,,,6.6436,40.2525,33.6089,JUMP|Aa|LOC.|N4|Ab|SBJ.|N1,zsot pif pekli pa dabi bonip,0
ALP1205,ALP1205,1987-09-22,2026-05-28_09h42.43.622,BrocantoHPilot1MorphSession2,2,2,332,290,Production,,legal,3,Aa SBJ.N1 JUMP-INTR LOC.N4,,SBJ-V.INTR-LOC,,0,Aa-SBJ-N1-JUMP-INTR-LOC-N4.mp4,,,5.688,24.391,18.703,LOC.|N4|JUMP|Aa|SBJ.|N1,zsot pa pif pekli bonip,0
ALP1205,ALP1205,1987-09-22,2026-05-28_09h42.43.622,BrocantoHPilot1MorphSession2,2,2,333,291,Production,,legal,4,OBJ.N5 SBJ.N4 PUSH-TR Ab LOC.N3,,OBJ-SBJ-V.TR-LOC,,0,OBJ-N5-SBJ-N4-PUSH-TR-Ab-LOC-N3.mp4,,,5.667,37.388,31.720999999999997,SBJ.|N4|OBJ.|N5|PUSH|Ab|LOC.|N3,pif dabi fer timó vánta,0
ALP1205,ALP1205,1987-09-22,2026-05-28_09h42.43.622,BrocantoHPilot1MorphSession2,2,2,334,292,Production,,legal,4,Ab OBJ.N5 Ab SBJ.N1 REVEAL-TR,,OBJ-SBJ-V.TR,,0,Ab-OBJ-N5-Ab-SBJ-N1-REVEAL-TR.mp4,,,6.243,41.1492,34.9062,Ab|OBJ.|N5|REVEAL|Ab|SBJ.|N1,zsot girda pif pekli timó,0
ALP1205,ALP1205,1987-09-22,2026-05-28_09h42.43.622,BrocantoHPilot1MorphSession2,2,,,293,Chunk,,legal,,,,,,,,,N3-N4.mp3,4.1502,4.8793,0.7290999999999999,,5,
ALP1205,ALP1205,1987-09-22,2026-05-28_09h42.43.622,BrocantoHPilot1MorphSession2,2,,,294,Chunk,,legal,,,,,,,,,Ab-N4.mp3,2.8537,3.6722,0.8185000000000002,,5,
ALP1205,ALP1205,1987-09-22,2026-05-28_09h42.43.622,BrocantoHPilot1MorphSession2,2,,,295,Chunk,,legal,,,,,,6,,,Aa-SBJ.mp3,2.0476,3.5856,1.5379999999999998,,3,
ALP1205,ALP1205,1987-09-22,2026-05-28_09h42.43.622,BrocantoHPilot1MorphSession2,2,,,296,Chunk,,legal,,,,,,2,,,JUMP-Ab.mp3,1.8096,2.7532,0.9436,,1,
ALP1205,ALP1205,1987-09-22,2026-05-28_09h42.43.622,BrocantoHPilot1MorphSession2,2,,,297,Chunk,,legal,,,,,,6,,,Aa-SBJ.mp3,2.2526,2.988,0.7353999999999998,,4,
ALP1205,ALP1205,1987-09-22,2026-05-28_09h42.43.622,BrocantoHPilot1MorphSession2,2,,,298,Chunk,,legal,,,,,,16,,,LOC-N5.mp3,2.3526,3.667,1.3144,,2,
ALP1205,ALP1205,1987-09-22,2026-05-28_09h42.43.622,BrocantoHPilot1MorphSession2,2,,,299,Chunk,,legal,,,,,,,,,N4-N4.mp3,2.4638,2.4933,0.02950000000000008,,1,
ALP1205,ALP1205,1987-09-22,2026-05-28_09h42.43.622,BrocantoHPilot1MorphSession2,2,,,300,Chunk,,legal,,,,,,,,,N2-N2.mp3,3.4005,3.96,0.5594999999999999,,1,
ALP1205,ALP1205,1987-09-22,2026-05-28_09h42.43.622,BrocantoHPilot1MorphSession2,2,,,301,Chunk,,legal,,,,,,,,,N5-N5.mp3,2.1462,2.7728,0.6266000000000003,,1,
ALP1205,ALP1205,1987-09-22,2026-05-28_09h42.43.622,BrocantoHPilot1MorphSession2,2,,,302,Chunk,,legal,,,,,,6,,,N3-OBJ.mp3,3.3657,3.6407,0.2749999999999999,,2,
ALP1205,ALP1205,1987-09-22,2026-05-28_09h42.43.622,BrocantoHPilot1MorphSession2,2,,,303,Chunk,,legal,,,,,,,,,N2-N2.mp3,3.0043,3.213,0.20869999999999989,,1,
ALP1205,ALP1205,1987-09-22,2026-05-28_09h42.43.622,BrocantoHPilot1MorphSession2,2,,,304,Chunk,,legal,,,,,,,,,Ab-N1.mp3,2.2031,2.3453,0.14219999999999988,,3,
ALP1205,ALP1205,1987-09-22,2026-05-28_09h42.43.622,BrocantoHPilot1MorphSession2,2,,,305,Chunk,,legal,,,,,,,,,REVEAL-N5.mp3,2.4662,2.4662,0,,5,
ALP1205,ALP1205,1987-09-22,2026-05-28_09h42.43.622,BrocantoHPilot1MorphSession2,2,2,339,306,Chunk,seen_low_freq,legal,,HIDE Aa,,,,3,,,HIDE-Aa.mp3,2.156,2.3252,0.16920000000000002,,4,
ALP1205,ALP1205,1987-09-22,2026-05-28_09h42.43.622,BrocantoHPilot1MorphSession2,2,,,307,Chunk,,legal,,,,,,,,,N5-N5.mp3,3.7404,3.7404,0,,1,
ALP1205,ALP1205,1987-09-22,2026-05-28_09h42.43.622,BrocantoHPilot1MorphSession2,2,,,308,Chunk,,legal,,,,,,2,,,N3-JUMP.mp3,2.8563,3.0297,0.1734,,3,
ALP1205,ALP1205,1987-09-22,2026-05-28_09h42.43.622,BrocantoHPilot1MorphSession2,2,,,309,Chunk,,legal,,,,,,,,,HIDE-PUSH.mp3,2.4419,3.3014,0.8595000000000002,,6,
ALP1205,ALP1205,1987-09-22,2026-05-28_09h42.43.622,BrocantoHPilot1MorphSession2,2,,,310,Chunk,,legal,,,,,,1,,,N1-PUSH.mp3,2.706,3.7151,1.0091,,6,
ALP1205,ALP1205,1987-09-22,2026-05-28_09h42.43.622,BrocantoHPilot1MorphSession2,2,,,311,Chunk,,legal,,,,,,1,,,N5-Aa.mp3,3.3687,4.0543,0.6855999999999995,,4,
ALP1205,ALP1205,1987-09-22,2026-05-28_09h42.43.622,BrocantoHPilot1MorphSession2,2,,,312,Chunk,,legal,,,,,,16,,,LOC-N5.mp3,1.9351,2.1236,0.1885000000000001,,3,
ALP1205,ALP1205,1987-09-22,2026-05-28_09h42.43.622,BrocantoHPilot1MorphSession2,2,2,371,313,GJ,verb_frame_and_NP_structure,illegal,,OBJ.N1 SBJ.N4 JUMP-INTR Aa,,SBJ-V.INTR,,,,,OBJ-N1-SBJ-N4-JUMP-INTR-Aa.mp3,6.4253,7.628,1.2027,,4,
ALP1205,ALP1205,1987-09-22,2026-05-28_09h42.43.622,BrocantoHPilot1MorphSession2,2,,,314,GJ,,,,,,,,0,,,Ab-LOC-N5-HIDE-INTR-Aa-SBJ-N1.mp3,4.3315,5.4532,1.1216999999999997,,6,
ALP1205,ALP1205,1987-09-22,2026-05-28_09h42.43.622,BrocantoHPilot1MorphSession2,2,2,369,315,GJ,verb_frame,illegal,,SBJ.N1 PUSH-TR,,OBJ-SBJ-V.TR,,,,,SBJ-N1-PUSH-TR.mp3,3.1445,3.6545,0.5100000000000002,,6,
ALP1205,ALP1205,1987-09-22,2026-05-28_09h42.43.622,BrocantoHPilot1MorphSession2,2,,,316,GJ,,,,,,,,6,,,SBJ-N1-LOC-N2-HIDE-TR-OBJ-N5.mp3,5.0616,5.53,0.4683999999999999,,6,
ALP1205,ALP1205,1987-09-22,2026-05-28_09h42.43.622,BrocantoHPilot1MorphSession2,2,,,317,GJ,,,,,,,,0,,,Ab-OBJ-N4-REVEAL-TR-Aa-LOC-N5-SBJ-N3.mp3,8.5779,8.8992,0.3213000000000008,,3,
ALP1205,ALP1205,1987-09-22,2026-05-28_09h42.43.622,BrocantoHPilot1MorphSession2,2,,,318,GJ,,,,,,,,3,,,SBJ-N2-Ab-OBJ-N5-HIDE-TR.mp3,4.539,5.241,0.702,,4,
ALP1205,ALP1205,1987-09-22,2026-05-28_09h42.43.622,BrocantoHPilot1MorphSession2,2,2,373,319,GJ,verb_frame_and_NP_structure,illegal,,OBJ.N1 SBJ.N2 Ab GO-INTR LOC.N4,,SBJ-V.INTR-LOC,,,,,OBJ-N1-SBJ-N2-Ab-GO-INTR-LOC-N4.mp3,5.4935,5.8508,0.3572999999999995,,4,
ALP1205,ALP1205,1987-09-22,2026-05-28_09h42.43.622,BrocantoHPilot1MorphSession2,2,,,320,GJ,,,,,,,,,,,LOC-N1-Ab-HIDE-TR-Ab-SBJ-N2-OBJ-N5-LOC-N3.mp3,7.1281,7.2851,0.15700000000000003,,1,
ALP1205,ALP1205,1987-09-22,2026-05-28_09h42.43.622,BrocantoHPilot1MorphSession2,2,2,358,321,GJ,,legal,1,SBJ.N5 JUMP-INTR,,SBJ-V.INTR,,4,,,SBJ-N5-JUMP-INTR.mp3,3.2474,7.506,4.2586,,5,
ALP1205,ALP1205,1987-09-22,2026-05-28_09h42.43.622,BrocantoHPilot1MorphSession2,2,,,322,GJ,,,,,,,,,,,LOC-N1-JUMP-INTR.mp3,3.0283,5.1841,2.1557999999999997,,4,
ALP1205,ALP1205,1987-09-22,2026-05-28_09h42.43.622,BrocantoHPilot1MorphSession2,2,,,323,GJ,,,,,,,,1,,,LOC-N1-SBJ-N2-JUMP-INTR.mp3,4.3408,5.7252,1.3844000000000003,,5,
ALP1205,ALP1205,1987-09-22,2026-05-28_09h42.43.622,BrocantoHPilot1MorphSession2,2,,,324,GJ,,,,,,,,,,,SBJ-N1-LOC-N2-HIDE-TR-OBJ-N5-LOC-N3.mp3,5.1674,5.3924,0.22500000000000053,,6,
ALP1205,ALP1205,1987-09-22,2026-05-28_09h42.43.622,BrocantoHPilot1MorphSession2,2,,,325,GJ,,,,,,,,5,,,SBJ-N1-OBJ-N5-PUSH-TR.mp3,4.2466,5.4132,1.1665999999999999,,6,
ALP1205,ALP1205,1987-09-22,2026-05-28_09h42.43.622,BrocantoHPilot1MorphSession2,2,,,326,GJ,,,,,,,,0,,,Ab-LOC-N1-HIDE-TR-Ab-SBJ-N2-OBJ-N5.mp3,5.4792,5.6879,0.20870000000000033,,3,
ALP1205,ALP1205,1987-09-22,2026-05-28_09h42.43.622,BrocantoHPilot1MorphSession2,2,,,327,GJ,,,,,,,,,,,SBJ-N2-OBJ-N5-HIDE-TR-Ab.mp3,4.0961,5.1021,1.0060000000000002,,3,
ALP1205,ALP1205,1987-09-22,2026-05-28_09h42.43.622,BrocantoHPilot1MorphSession2,2,2,361,328,GJ,,legal,,Aa SBJ.N4 JUMP-INTR,,SBJ-V.INTR,,0,,,Aa-SBJ-N4-JUMP-INTR.mp3,3.193,5.25,2.057,,6,
ALP1205,ALP1205,1987-09-22,2026-05-28_09h42.43.622,BrocantoHPilot1MorphSession2,2,2,363,329,GJ,,legal,,Ab SBJ.N2 GO-INTR LOC.N4,,SBJ-V.INTR-LOC,,0,,,Ab-SBJ-N2-GO-INTR-LOC-N4.mp3,4.4825,4.7427,0.2602000000000002,,5,
ALP1205,ALP1205,1987-09-22,2026-05-28_09h42.43.622,BrocantoHPilot1MorphSession2,2,2,368,330,GJ,verb_frame,illegal,,OBJ.N1 SBJ.N5 JUMP-INTR,,SBJ-V.INTR,,,,,OBJ-N1-SBJ-N5-JUMP-INTR.mp3,4.1284,4.5617,0.4333,,3,
ALP1205,ALP1205,1987-09-22,2026-05-28_09h42.43.622,BrocantoHPilot1MorphSession2,2,,,331,GJ,,,,,,,,,,,LOC-N5-Ab-HIDE-INTR-Aa-SBJ-N1-LOC-N2.mp3,7.671,7.7879,0.11689999999999934,,2,
ALP1205,ALP1205,1987-09-22,2026-05-28_09h42.43.622,BrocantoHPilot1MorphSession2,2,,,332,GJ,,,,,,,,,,,Ab-Aa-OBJ-N4-REVEAL-TR-LOC-N5-SBJ-N3-LOC-N1.mp3,7.3811,8.2008,0.8196999999999992,,2,
ALP1207,ALP1207,,2026-05-20_19h16.47.064,BrocantoHPilot1MorphSession1,1,1,1,1,Passive,,legal,1,SBJ.N3 REVEAL-INTR,,SBJ-V.INTR,,0,SBJ-N3-REVEAL-INTR.mp4,,SBJ-N3-REVEAL-INTR.mp3,982.6576,991.5645,8.90689999999995,,,
ALP1207,ALP1207,,2026-05-20_19h16.47.064,BrocantoHPilot1MorphSession1,1,1,2,2,Passive,,legal,2,OBJ.N5 SBJ.N4 PUSH-TR,,OBJ-SBJ-V.TR,,0,OBJ-N5-SBJ-N4-PUSH-TR.mp4,,SBJ-N4-OBJ-N5-PUSH-TR.mp3,991.565,997.7643,6.199299999999994,,,
ALP1207,ALP1207,,2026-05-20_19h16.47.064,BrocantoHPilot1MorphSession1,1,1,3,3,Passive,,legal,2,OBJ.N5 SBJ.N1 HIDE-TR,,OBJ-SBJ-V.TR,,0,OBJ-N5-SBJ-N1-HIDE-TR.mp4,,OBJ-N5-HIDE-TR-SBJ-N1.mp3,997.7655,1005.1642,7.398700000000076,,,
ALP1207,ALP1207,,2026-05-20_19h16.47.064,BrocantoHPilot1MorphSession1,1,1,4,4,Passive,,legal,1,SBJ.N1 HIDE-INTR,,SBJ-V.INTR,,0,SBJ-N1-HIDE-INTR.mp4,,HIDE-INTR-SBJ-N1.mp3,1005.1653,1011.9138,6.7485000000000355,,,
ALP1207,ALP1207,,2026-05-20_19h16.47.064,BrocantoHPilot1MorphSession1,1,1,5,5,Passive,,legal,1,SBJ.N2 REVEAL-INTR,,SBJ-V.INTR,,0,SBJ-N2-REVEAL-INTR.mp4,,SBJ-N2-REVEAL-INTR.mp3,1011.9147,1018.5958,6.681100000000015,,,
ALP1207,ALP1207,,2026-05-20_19h16.47.064,BrocantoHPilot1MorphSession1,1,1,6,6,Passive,,legal,2,OBJ.N5 SBJ.N3 REVEAL-TR,,OBJ-SBJ-V.TR,,0,OBJ-N5-SBJ-N3-REVEAL-TR.mp4,,OBJ-N5-REVEAL-TR-SBJ-N3.mp3,1018.5964,1025.2966,6.700199999999882,,,
ALP1207,ALP1207,,2026-05-20_19h16.47.064,BrocantoHPilot1MorphSession1,1,1,7,7,Passive,,legal,1,SBJ.N2 GO-INTR,,SBJ-V.INTR,,0,SBJ-N2-GO-INTR.mp4,,GO-INTR-SBJ-N2.mp3,1025.2973,1031.1466,5.849300000000085,,,
ALP1207,ALP1207,,2026-05-20_19h16.47.064,BrocantoHPilot1MorphSession1,1,1,8,8,Passive,,legal,2,OBJ.N5 SBJ.N1 PUSH-TR,,OBJ-SBJ-V.TR,,0,OBJ-N5-SBJ-N1-PUSH-TR.mp4,,SBJ-N1-OBJ-N5-PUSH-TR.mp3,1031.1477,1046.3627,15.214999999999918,,,
ALP1207,ALP1207,,2026-05-20_19h16.47.064,BrocantoHPilot1MorphSession1,1,1,9,9,Passive,,legal,1,SBJ.N1 JUMP-INTR,,SBJ-V.INTR,,0,SBJ-N1-JUMP-INTR.mp4,,SBJ-N1-JUMP-INTR.mp3,1046.3667,1052.2623,5.895600000000059,,,
ALP1207,ALP1207,,2026-05-20_19h16.47.064,BrocantoHPilot1MorphSession1,1,1,10,10,Passive,,legal,2,OBJ.N5 SBJ.N2 REVEAL-TR,,OBJ-SBJ-V.TR,,0,OBJ-N5-SBJ-N2-REVEAL-TR.mp4,,SBJ-N2-REVEAL-TR-OBJ-N5.mp3,1052.2631,1058.1286,5.865500000000111,,,
ALP1207,ALP1207,,2026-05-20_19h16.47.064,BrocantoHPilot1MorphSession1,1,1,11,11,Passive,,legal,2,OBJ.N5 SBJ.N2 HIDE-TR,,OBJ-SBJ-V.TR,,0,OBJ-N5-SBJ-N2-HIDE-TR.mp4,,SBJ-N2-HIDE-TR-OBJ-N5.mp3,1058.129,1063.9617,5.832700000000159,,,
ALP1207,ALP1207,,2026-05-20_19h16.47.064,BrocantoHPilot1MorphSession1,1,1,12,12,Passive,,legal,1,SBJ.N2 JUMP-INTR,,SBJ-V.INTR,,0,SBJ-N2-JUMP-INTR.mp4,,SBJ-N2-JUMP-INTR.mp3,1063.9624,1070.0941,6.131700000000137,,,
ALP1207,ALP1207,,2026-05-20_19h16.47.064,BrocantoHPilot1MorphSession1,1,1,13,13,Passive,,legal,1,SBJ.N5 HIDE-INTR,,SBJ-V.INTR,,0,SBJ-N5-HIDE-INTR.mp4,,HIDE-INTR-SBJ-N5.mp3,1070.0951,1076.2611,6.16599999999994,,,
ALP1207,ALP1207,,2026-05-20_19h16.47.064,BrocantoHPilot1MorphSession1,1,1,14,14,Passive,,legal,2,OBJ.N5 SBJ.N3 REVEAL-TR,,OBJ-SBJ-V.TR,,1,OBJ-N5-SBJ-N3-REVEAL-TR.mp4,,OBJ-N5-REVEAL-TR-SBJ-N3.mp3,1076.2615,1082.8946,6.633100000000013,,,
ALP1207,ALP1207,,2026-05-20_19h16.47.064,BrocantoHPilot1MorphSession1,1,1,15,15,Passive,,legal,1,SBJ.N2 GO-INTR,,SBJ-V.INTR,,1,SBJ-N2-GO-INTR.mp4,,GO-INTR-SBJ-N2.mp3,1082.8968,1089.594,6.697200000000066,,,
ALP1207,ALP1207,,2026-05-20_19h16.47.064,BrocantoHPilot1MorphSession1,1,1,16,16,Passive,,legal,2,OBJ.N5 SBJ.N2 PUSH-TR,,OBJ-SBJ-V.TR,,0,OBJ-N5-SBJ-N2-PUSH-TR.mp4,,SBJ-N2-OBJ-N5-PUSH-TR.mp3,1089.5948,1097.6601,8.06529999999998,,,
ALP1207,ALP1207,,2026-05-20_19h16.47.064,BrocantoHPilot1MorphSession1,1,1,17,17,Passive,,legal,1,SBJ.N5 REVEAL-INTR,,SBJ-V.INTR,,0,SBJ-N5-REVEAL-INTR.mp4,,SBJ-N5-REVEAL-INTR.mp3,1097.6611,1103.4436,5.782500000000027,,,
ALP1207,ALP1207,,2026-05-20_19h16.47.064,BrocantoHPilot1MorphSession1,1,1,18,18,Passive,,legal,2,OBJ.N5 SBJ.N4 HIDE-TR,,OBJ-SBJ-V.TR,,0,OBJ-N5-SBJ-N4-HIDE-TR.mp4,,SBJ-N4-HIDE-TR-OBJ-N5.mp3,1103.4498,1109.2088,5.7590000000000146,,,
ALP1207,ALP1207,,2026-05-20_19h16.47.064,BrocantoHPilot1MorphSession1,1,1,19,19,Passive,,legal,1,SBJ.N2 GO-INTR,,SBJ-V.INTR,,2,SBJ-N2-GO-INTR.mp4,,GO-INTR-SBJ-N2.mp3,1109.2092,1114.8431,5.63390000000004,,,
ALP1207,ALP1207,,2026-05-20_19h16.47.064,BrocantoHPilot1MorphSession1,1,1,20,20,Passive,,legal,1,SBJ.N1 REVEAL-INTR,,SBJ-V.INTR,,0,SBJ-N1-REVEAL-INTR.mp4,,REVEAL-INTR-SBJ-N1.mp3,1114.8443,1121.0282,6.183899999999994,,,
ALP1207,ALP1207,,2026-05-20_19h16.47.064,BrocantoHPilot1MorphSession1,1,1,21,21,Passive,,legal,2,OBJ.N5 SBJ.N1 REVEAL-TR,,OBJ-SBJ-V.TR,,0,OBJ-N5-SBJ-N1-REVEAL-TR.mp4,,REVEAL-TR-SBJ-N1-OBJ-N5.mp3,1121.0296,1126.7425,5.7128999999999905,,,
ALP1207,ALP1207,,2026-05-20_19h16.47.064,BrocantoHPilot1MorphSession1,1,1,22,22,Passive,,legal,2,OBJ.N5 SBJ.N1 REVEAL-TR,,OBJ-SBJ-V.TR,,1,OBJ-N5-SBJ-N1-REVEAL-TR.mp4,,REVEAL-TR-SBJ-N1-OBJ-N5.mp3,1126.7435,1133.7081,6.9646000000000186,,,
ALP1207,ALP1207,,2026-05-20_19h16.47.064,BrocantoHPilot1MorphSession1,1,1,23,23,Passive,,legal,3,OBJ.N5 SBJ.N2 PUSH-TR LOC.N1,,OBJ-SBJ-V.TR-LOC,,0,OBJ-N5-SBJ-N2-PUSH-TR-LOC-N1.mp4,,OBJ-N5-SBJ-N2-LOC-N1-PUSH-TR.mp3,1133.7093,1139.4088,5.699499999999944,,,
ALP1207,ALP1207,,2026-05-20_19h16.47.064,BrocantoHPilot1MorphSession1,1,1,24,24,Passive,,legal,2,SBJ.N4 REVEAL-INTR LOC.N3,,SBJ-V.INTR-LOC,,0,SBJ-N4-REVEAL-INTR-LOC-N3.mp4,,SBJ-N4-REVEAL-INTR-LOC-N3.mp3,1139.4096,1145.2919,5.8822999999999865,,,
ALP1207,ALP1207,,2026-05-20_19h16.47.064,BrocantoHPilot1MorphSession1,1,1,25,25,Passive,,legal,3,OBJ.N5 SBJ.N1 HIDE-TR LOC.N2,,OBJ-SBJ-V.TR-LOC,,0,OBJ-N5-SBJ-N1-HIDE-TR-LOC-N2.mp4,,SBJ-N1-LOC-N2-HIDE-TR-OBJ-N5.mp3,1145.2936,1152.4247,7.13110000000006,,,
ALP1207,ALP1207,,2026-05-20_19h16.47.064,BrocantoHPilot1MorphSession1,1,1,26,26,Passive,,legal,2,SBJ.N4 REVEAL-INTR LOC.N3,,SBJ-V.INTR-LOC,,1,SBJ-N4-REVEAL-INTR-LOC-N3.mp4,,SBJ-N4-REVEAL-INTR-LOC-N3.mp3,1152.4251,1159.0245,6.59940000000006,,,
ALP1207,ALP1207,,2026-05-20_19h16.47.064,BrocantoHPilot1MorphSession1,1,1,27,27,Passive,,legal,3,OBJ.N5 SBJ.N4 REVEAL-TR LOC.N1,,OBJ-SBJ-V.TR-LOC,,0,OBJ-N5-SBJ-N4-REVEAL-TR-LOC-N1.mp4,,OBJ-N5-LOC-N1-REVEAL-TR-SBJ-N4.mp3,1159.0251,1165.9239,6.898799999999937,,,
ALP1207,ALP1207,,2026-05-20_19h16.47.064,BrocantoHPilot1MorphSession1,1,1,28,28,Passive,,legal,2,SBJ.N5 REVEAL-INTR LOC.N3,,SBJ-V.INTR-LOC,,0,SBJ-N5-REVEAL-INTR-LOC-N3.mp4,,SBJ-N5-REVEAL-INTR-LOC-N3.mp3,1165.9246,1232.6713,66.74669999999992,,,
ALP1207,ALP1207,,2026-05-20_19h16.47.064,BrocantoHPilot1MorphSession1,1,1,29,29,Passive,,legal,3,OBJ.N5 SBJ.N3 HIDE-TR LOC.N4,,OBJ-SBJ-V.TR-LOC,,0,OBJ-N5-SBJ-N3-HIDE-TR-LOC-N4.mp4,,OBJ-N5-SBJ-N3-HIDE-TR-LOC-N4.mp3,1232.6721,1238.4543,5.782200000000103,,,
ALP1207,ALP1207,,2026-05-20_19h16.47.064,BrocantoHPilot1MorphSession1,1,1,30,30,Passive,,legal,3,OBJ.N5 SBJ.N1 REVEAL-TR LOC.N2,,OBJ-SBJ-V.TR-LOC,,0,OBJ-N5-SBJ-N1-REVEAL-TR-LOC-N2.mp4,,SBJ-N1-LOC-N2-REVEAL-TR-OBJ-N5.mp3,1238.4549,1245.2544,6.79950000000008,,,
ALP1207,ALP1207,,2026-05-20_19h16.47.064,BrocantoHPilot1MorphSession1,1,1,31,31,Passive,,legal,3,OBJ.N5 SBJ.N4 PUSH-TR LOC.N2,,OBJ-SBJ-V.TR-LOC,,0,OBJ-N5-SBJ-N4-PUSH-TR-LOC-N2.mp4,,LOC-N2-OBJ-N5-SBJ-N4-PUSH-TR.mp3,1245.2576,1252.2538,6.996200000000044,,,
ALP1207,ALP1207,,2026-05-20_19h16.47.064,BrocantoHPilot1MorphSession1,1,1,32,32,Passive,,legal,3,OBJ.N5 SBJ.N4 HIDE-TR LOC.N1,,OBJ-SBJ-V.TR-LOC,,0,OBJ-N5-SBJ-N4-HIDE-TR-LOC-N1.mp4,,LOC-N1-OBJ-N5-SBJ-N4-HIDE-TR.mp3,1252.2541,1258.1371,5.882999999999811,,,
ALP1207,ALP1207,,2026-05-20_19h16.47.064,BrocantoHPilot1MorphSession1,1,1,33,33,Passive,,legal,2,Ab SBJ.N2 JUMP-INTR,,SBJ-V.INTR,,0,Ab-SBJ-N2-JUMP-INTR.mp4,,JUMP-INTR-Ab-SBJ-N2.mp3,1258.1385,1265.1207,6.982199999999921,,,
ALP1207,ALP1207,,2026-05-20_19h16.47.064,BrocantoHPilot1MorphSession1,1,1,34,34,Passive,,legal,3,OBJ.N5 Ab SBJ.N4 REVEAL-TR,,OBJ-SBJ-V.TR,,0,OBJ-N5-Ab-SBJ-N4-REVEAL-TR.mp4,,OBJ-N5-Ab-SBJ-N4-REVEAL-TR.mp3,1265.1266,1271.7026,6.576000000000022,,,
ALP1207,ALP1207,,2026-05-20_19h16.47.064,BrocantoHPilot1MorphSession1,1,1,35,35,Passive,,legal,3,OBJ.N5 SBJ.N3 PUSH-TR LOC.N1,,OBJ-SBJ-V.TR-LOC,,0,OBJ-N5-SBJ-N3-PUSH-TR-LOC-N1.mp4,,PUSH-TR-LOC-N1-OBJ-N5-SBJ-N3.mp3,1271.7034,1278.2027,6.499299999999948,,,
ALP1207,ALP1207,,2026-05-20_19h16.47.064,BrocantoHPilot1MorphSession1,1,1,36,36,Passive,,legal,2,Ab SBJ.N4 HIDE-INTR,,SBJ-V.INTR,,0,Ab-SBJ-N4-HIDE-INTR.mp4,,HIDE-INTR-Ab-SBJ-N4.mp3,1278.2032,1284.3851,6.1819000000000415,,,
ALP1207,ALP1207,,2026-05-20_19h16.47.064,BrocantoHPilot1MorphSession1,1,1,37,37,Passive,,legal,2,SBJ.N4 HIDE-INTR LOC.N1,,SBJ-V.INTR-LOC,,0,SBJ-N4-HIDE-INTR-LOC-N1.mp4,,HIDE-INTR-SBJ-N4-LOC-N1.mp3,1284.3864,1290.7522,6.365799999999808,,,
ALP1207,ALP1207,,2026-05-20_19h16.47.064,BrocantoHPilot1MorphSession1,1,1,38,38,Passive,,legal,2,SBJ.N5 JUMP-INTR LOC.N2,,SBJ-V.INTR-LOC,,0,SBJ-N5-JUMP-INTR-LOC-N2.mp4,,JUMP-INTR-LOC-N2-SBJ-N5.mp3,1290.7526,1296.7345,5.981899999999996,,,
ALP1207,ALP1207,,2026-05-20_19h16.47.064,BrocantoHPilot1MorphSession1,1,1,39,39,Passive,,legal,2,SBJ.N5 GO-INTR LOC.N4,,SBJ-V.INTR-LOC,,0,SBJ-N5-GO-INTR-LOC-N4.mp4,,SBJ-N5-LOC-N4-GO-INTR.mp3,1296.7352,1302.3516,5.616399999999885,,,
ALP1207,ALP1207,,2026-05-20_19h16.47.064,BrocantoHPilot1MorphSession1,1,1,40,40,Passive,,legal,2,SBJ.N3 HIDE-INTR LOC.N4,,SBJ-V.INTR-LOC,,0,SBJ-N3-HIDE-INTR-LOC-N4.mp4,,LOC-N4-SBJ-N3-HIDE-INTR.mp3,1302.3521,1309.435,7.082899999999881,,,
ALP1207,ALP1207,,2026-05-20_19h16.47.064,BrocantoHPilot1MorphSession1,1,1,41,41,Passive,,legal,2,SBJ.N5 JUMP-INTR LOC.N4,,SBJ-V.INTR-LOC,,0,SBJ-N5-JUMP-INTR-LOC-N4.mp4,,LOC-N4-JUMP-INTR-SBJ-N5.mp3,1309.4357,1315.651,6.21530000000007,,,
ALP1207,ALP1207,,2026-05-20_19h16.47.064,BrocantoHPilot1MorphSession1,1,1,42,42,Passive,,legal,3,OBJ.N5 Ab SBJ.N1 PUSH-TR,,OBJ-SBJ-V.TR,,0,OBJ-N5-Ab-SBJ-N1-PUSH-TR.mp4,,PUSH-TR-Ab-SBJ-N1-OBJ-N5.mp3,1315.6513,1321.3333,5.682000000000016,,,
ALP1209,ALP1209,1991-01-17,2026-05-29_16h08.15.579,BrocantoHPilot1MorphSession1,1,1,1,1,Passive,,legal,1,SBJ.N3 REVEAL-INTR,,SBJ-V.INTR,,0,SBJ-N3-REVEAL-INTR.mp4,,SBJ-N3-REVEAL-INTR.mp3,339.4395,349.779,10.339499999999987,,,
ALP1209,ALP1209,1991-01-17,2026-05-29_16h08.15.579,BrocantoHPilot1MorphSession1,1,1,2,2,Passive,,legal,2,OBJ.N5 SBJ.N4 PUSH-TR,,OBJ-SBJ-V.TR,,0,OBJ-N5-SBJ-N4-PUSH-TR.mp4,,SBJ-N4-OBJ-N5-PUSH-TR.mp3,349.7828,358.7918,9.009000000000015,,,
ALP1209,ALP1209,1991-01-17,2026-05-29_16h08.15.579,BrocantoHPilot1MorphSession1,1,1,3,3,Passive,,legal,2,OBJ.N5 SBJ.N1 HIDE-TR,,OBJ-SBJ-V.TR,,0,OBJ-N5-SBJ-N1-HIDE-TR.mp4,,OBJ-N5-HIDE-TR-SBJ-N1.mp3,358.7962,367.1409,8.344699999999989,,,
ALP1209,ALP1209,1991-01-17,2026-05-29_16h08.15.579,BrocantoHPilot1MorphSession1,1,1,4,4,Passive,,legal,1,SBJ.N1 HIDE-INTR,,SBJ-V.INTR,,0,SBJ-N1-HIDE-INTR.mp4,,HIDE-INTR-SBJ-N1.mp3,367.1447,375.5391,8.394400000000019,,,
ALP1209,ALP1209,1991-01-17,2026-05-29_16h08.15.579,BrocantoHPilot1MorphSession1,1,1,5,5,Passive,,legal,1,SBJ.N2 REVEAL-INTR,,SBJ-V.INTR,,0,SBJ-N2-REVEAL-INTR.mp4,,SBJ-N2-REVEAL-INTR.mp3,375.5431,383.2219,7.678800000000024,,,
ALP1209,ALP1209,1991-01-17,2026-05-29_16h08.15.579,BrocantoHPilot1MorphSession1,1,1,6,6,Passive,,legal,2,OBJ.N5 SBJ.N3 REVEAL-TR,,OBJ-SBJ-V.TR,,0,OBJ-N5-SBJ-N3-REVEAL-TR.mp4,,OBJ-N5-REVEAL-TR-SBJ-N3.mp3,383.2275,389.8622,6.6346999999999525,,,
ALP1209,ALP1209,1991-01-17,2026-05-29_16h08.15.579,BrocantoHPilot1MorphSession1,1,1,7,7,Passive,,legal,1,SBJ.N2 GO-INTR,,SBJ-V.INTR,,0,SBJ-N2-GO-INTR.mp4,,GO-INTR-SBJ-N2.mp3,389.8655,395.6432,5.777699999999982,,,
ALP1209,ALP1209,1991-01-17,2026-05-29_16h08.15.579,BrocantoHPilot1MorphSession1,1,1,8,8,Passive,,legal,2,OBJ.N5 SBJ.N1 PUSH-TR,,OBJ-SBJ-V.TR,,0,OBJ-N5-SBJ-N1-PUSH-TR.mp4,,SBJ-N1-OBJ-N5-PUSH-TR.mp3,395.6483,401.904,6.25569999999999,,,
ALP1209,ALP1209,1991-01-17,2026-05-29_16h08.15.579,BrocantoHPilot1MorphSession1,1,1,9,9,Passive,,legal,1,SBJ.N1 JUMP-INTR,,SBJ-V.INTR,,0,SBJ-N1-JUMP-INTR.mp4,,SBJ-N1-JUMP-INTR.mp3,401.9061,408.1357,6.229600000000005,,,
ALP1209,ALP1209,1991-01-17,2026-05-29_16h08.15.579,BrocantoHPilot1MorphSession1,1,1,10,10,Passive,,legal,2,OBJ.N5 SBJ.N2 REVEAL-TR,,OBJ-SBJ-V.TR,,0,OBJ-N5-SBJ-N2-REVEAL-TR.mp4,,SBJ-N2-REVEAL-TR-OBJ-N5.mp3,408.141,418.8923,10.751299999999958,,,
ALP1209,ALP1209,1991-01-17,2026-05-29_16h08.15.579,BrocantoHPilot1MorphSession1,1,1,11,11,Passive,,legal,2,OBJ.N5 SBJ.N2 HIDE-TR,,OBJ-SBJ-V.TR,,0,OBJ-N5-SBJ-N2-HIDE-TR.mp4,,SBJ-N2-HIDE-TR-OBJ-N5.mp3,418.8937,424.583,5.689300000000003,,,
ALP1209,ALP1209,1991-01-17,2026-05-29_16h08.15.579,BrocantoHPilot1MorphSession1,1,1,12,12,Passive,,legal,1,SBJ.N2 JUMP-INTR,,SBJ-V.INTR,,0,SBJ-N2-JUMP-INTR.mp4,,SBJ-N2-JUMP-INTR.mp3,424.5879,430.1821,5.594200000000001,,,
ALP1209,ALP1209,1991-01-17,2026-05-29_16h08.15.579,BrocantoHPilot1MorphSession1,1,1,13,13,Passive,,legal,1,SBJ.N5 HIDE-INTR,,SBJ-V.INTR,,0,SBJ-N5-HIDE-INTR.mp4,,HIDE-INTR-SBJ-N5.mp3,430.1875,436.0988,5.911299999999983,,,
ALP1209,ALP1209,1991-01-17,2026-05-29_16h08.15.579,BrocantoHPilot1MorphSession1,1,1,14,14,Passive,,legal,2,OBJ.N5 SBJ.N3 REVEAL-TR,,OBJ-SBJ-V.TR,,1,OBJ-N5-SBJ-N3-REVEAL-TR.mp4,,OBJ-N5-REVEAL-TR-SBJ-N3.mp3,436.1034,442.4637,6.360299999999995,,,
ALP1209,ALP1209,1991-01-17,2026-05-29_16h08.15.579,BrocantoHPilot1MorphSession1,1,1,15,15,Passive,,legal,1,SBJ.N2 GO-INTR,,SBJ-V.INTR,,1,SBJ-N2-GO-INTR.mp4,,GO-INTR-SBJ-N2.mp3,442.469,448.181,5.711999999999989,,,
ALP1209,ALP1209,1991-01-17,2026-05-29_16h08.15.579,BrocantoHPilot1MorphSession1,1,1,16,16,Passive,,legal,2,OBJ.N5 SBJ.N2 PUSH-TR,,OBJ-SBJ-V.TR,,0,OBJ-N5-SBJ-N2-PUSH-TR.mp4,,SBJ-N2-OBJ-N5-PUSH-TR.mp3,448.1852,455.0617,6.8764999999999645,,,
ALP1209,ALP1209,1991-01-17,2026-05-29_16h08.15.579,BrocantoHPilot1MorphSession1,1,1,17,17,Passive,,legal,1,SBJ.N5 REVEAL-INTR,,SBJ-V.INTR,,0,SBJ-N5-REVEAL-INTR.mp4,,SBJ-N5-REVEAL-INTR.mp3,455.0667,461.3122,6.245499999999993,,,
ALP1209,ALP1209,1991-01-17,2026-05-29_16h08.15.579,BrocantoHPilot1MorphSession1,1,1,18,18,Passive,,legal,2,OBJ.N5 SBJ.N4 HIDE-TR,,OBJ-SBJ-V.TR,,0,OBJ-N5-SBJ-N4-HIDE-TR.mp4,,SBJ-N4-HIDE-TR-OBJ-N5.mp3,461.3165,467.035,5.718500000000006,,,
ALP1209,ALP1209,1991-01-17,2026-05-29_16h08.15.579,BrocantoHPilot1MorphSession1,1,1,19,19,Passive,,legal,1,SBJ.N2 GO-INTR,,SBJ-V.INTR,,2,SBJ-N2-GO-INTR.mp4,,GO-INTR-SBJ-N2.mp3,467.0396,472.703,5.663399999999967,,,
ALP1209,ALP1209,1991-01-17,2026-05-29_16h08.15.579,BrocantoHPilot1MorphSession1,1,1,20,20,Passive,,legal,1,SBJ.N1 REVEAL-INTR,,SBJ-V.INTR,,0,SBJ-N1-REVEAL-INTR.mp4,,REVEAL-INTR-SBJ-N1.mp3,472.7067,478.4758,5.76909999999998,,,
ALP1209,ALP1209,1991-01-17,2026-05-29_16h08.15.579,BrocantoHPilot1MorphSession1,1,1,21,21,Passive,,legal,2,OBJ.N5 SBJ.N1 REVEAL-TR,,OBJ-SBJ-V.TR,,0,OBJ-N5-SBJ-N1-REVEAL-TR.mp4,,REVEAL-TR-SBJ-N1-OBJ-N5.mp3,478.4807,484.1924,5.7117000000000075,,,
ALP1209,ALP1209,1991-01-17,2026-05-29_16h08.15.579,BrocantoHPilot1MorphSession1,1,1,22,22,Passive,,legal,2,OBJ.N5 SBJ.N1 REVEAL-TR,,OBJ-SBJ-V.TR,,1,OBJ-N5-SBJ-N1-REVEAL-TR.mp4,,REVEAL-TR-SBJ-N1-OBJ-N5.mp3,484.1979,490.012,5.814099999999996,,,
ALP1209,ALP1209,1991-01-17,2026-05-29_16h08.15.579,BrocantoHPilot1MorphSession1,1,1,23,23,Passive,,legal,3,OBJ.N5 SBJ.N2 PUSH-TR LOC.N1,,OBJ-SBJ-V.TR-LOC,,0,OBJ-N5-SBJ-N2-PUSH-TR-LOC-N1.mp4,,OBJ-N5-SBJ-N2-LOC-N1-PUSH-TR.mp3,490.015,499.9559,9.9409,,,
ALP1209,ALP1209,1991-01-17,2026-05-29_16h08.15.579,BrocantoHPilot1MorphSession1,1,1,24,24,Passive,,legal,2,SBJ.N4 REVEAL-INTR LOC.N3,,SBJ-V.INTR-LOC,,0,SBJ-N4-REVEAL-INTR-LOC-N3.mp4,,SBJ-N4-REVEAL-INTR-LOC-N3.mp3,499.9595,507.0883,7.1288000000000125,,,
ALP1209,ALP1209,1991-01-17,2026-05-29_16h08.15.579,BrocantoHPilot1MorphSession1,1,1,25,25,Passive,,legal,3,OBJ.N5 SBJ.N1 HIDE-TR LOC.N2,,OBJ-SBJ-V.TR-LOC,,0,OBJ-N5-SBJ-N1-HIDE-TR-LOC-N2.mp4,,SBJ-N1-LOC-N2-HIDE-TR-OBJ-N5.mp3,507.0906,514.2879,7.197300000000041,,,
ALP1209,ALP1209,1991-01-17,2026-05-29_16h08.15.579,BrocantoHPilot1MorphSession1,1,1,26,26,Passive,,legal,2,SBJ.N4 REVEAL-INTR LOC.N3,,SBJ-V.INTR-LOC,,1,SBJ-N4-REVEAL-INTR-LOC-N3.mp4,,SBJ-N4-REVEAL-INTR-LOC-N3.mp3,514.2907,521.771,7.480299999999943,,,
ALP1209,ALP1209,1991-01-17,2026-05-29_16h08.15.579,BrocantoHPilot1MorphSession1,1,1,27,27,Passive,,legal,3,OBJ.N5 SBJ.N4 REVEAL-TR LOC.N1,,OBJ-SBJ-V.TR-LOC,,0,OBJ-N5-SBJ-N4-REVEAL-TR-LOC-N1.mp4,,OBJ-N5-LOC-N1-REVEAL-TR-SBJ-N4.mp3,521.7745,529.4856,7.711099999999988,,,
ALP1209,ALP1209,1991-01-17,2026-05-29_16h08.15.579,BrocantoHPilot1MorphSession1,1,1,28,28,Passive,,legal,2,SBJ.N5 REVEAL-INTR LOC.N3,,SBJ-V.INTR-LOC,,0,SBJ-N5-REVEAL-INTR-LOC-N3.mp4,,SBJ-N5-REVEAL-INTR-LOC-N3.mp3,529.4884,537.1944,7.706000000000017,,,
ALP1209,ALP1209,1991-01-17,2026-05-29_16h08.15.579,BrocantoHPilot1MorphSession1,1,1,29,29,Passive,,legal,3,OBJ.N5 SBJ.N3 HIDE-TR LOC.N4,,OBJ-SBJ-V.TR-LOC,,0,OBJ-N5-SBJ-N3-HIDE-TR-LOC-N4.mp4,,OBJ-N5-SBJ-N3-HIDE-TR-LOC-N4.mp3,537.1962,543.4676,6.271399999999971,,,
ALP1209,ALP1209,1991-01-17,2026-05-29_16h08.15.579,BrocantoHPilot1MorphSession1,1,1,30,30,Passive,,legal,3,OBJ.N5 SBJ.N1 REVEAL-TR LOC.N2,,OBJ-SBJ-V.TR-LOC,,0,OBJ-N5-SBJ-N1-REVEAL-TR-LOC-N2.mp4,,SBJ-N1-LOC-N2-REVEAL-TR-OBJ-N5.mp3,543.4715,549.7162,6.244699999999966,,,
ALP1209,ALP1209,1991-01-17,2026-05-29_16h08.15.579,BrocantoHPilot1MorphSession1,1,1,31,31,Passive,,legal,3,OBJ.N5 SBJ.N4 PUSH-TR LOC.N2,,OBJ-SBJ-V.TR-LOC,,0,OBJ-N5-SBJ-N4-PUSH-TR-LOC-N2.mp4,,LOC-N2-OBJ-N5-SBJ-N4-PUSH-TR.mp3,549.722,561.3832,11.661200000000008,,,
ALP1209,ALP1209,1991-01-17,2026-05-29_16h08.15.579,BrocantoHPilot1MorphSession1,1,1,32,32,Passive,,legal,3,OBJ.N5 SBJ.N4 HIDE-TR LOC.N1,,OBJ-SBJ-V.TR-LOC,,0,OBJ-N5-SBJ-N4-HIDE-TR-LOC-N1.mp4,,LOC-N1-OBJ-N5-SBJ-N4-HIDE-TR.mp3,561.3877,567.5137,6.125999999999976,,,
ALP1209,ALP1209,1991-01-17,2026-05-29_16h08.15.579,BrocantoHPilot1MorphSession1,1,1,33,33,Passive,,legal,2,Ab SBJ.N2 JUMP-INTR,,SBJ-V.INTR,,0,Ab-SBJ-N2-JUMP-INTR.mp4,,JUMP-INTR-Ab-SBJ-N2.mp3,567.5177,574.8158,7.298099999999977,,,
ALP1209,ALP1209,1991-01-17,2026-05-29_16h08.15.579,BrocantoHPilot1MorphSession1,1,1,34,34,Passive,,legal,3,OBJ.N5 Ab SBJ.N4 REVEAL-TR,,OBJ-SBJ-V.TR,,0,OBJ-N5-Ab-SBJ-N4-REVEAL-TR.mp4,,OBJ-N5-Ab-SBJ-N4-REVEAL-TR.mp3,574.824,584.5279,9.70390000000009,,,
ALP1209,ALP1209,1991-01-17,2026-05-29_16h08.15.579,BrocantoHPilot1MorphSession1,1,1,35,35,Passive,,legal,3,OBJ.N5 SBJ.N3 PUSH-TR LOC.N1,,OBJ-SBJ-V.TR-LOC,,0,OBJ-N5-SBJ-N3-PUSH-TR-LOC-N1.mp4,,PUSH-TR-LOC-N1-OBJ-N5-SBJ-N3.mp3,584.5301,592.2601,7.730000000000018,,,
ALP1209,ALP1209,1991-01-17,2026-05-29_16h08.15.579,BrocantoHPilot1MorphSession1,1,1,36,36,Passive,,legal,2,Ab SBJ.N4 HIDE-INTR,,SBJ-V.INTR,,0,Ab-SBJ-N4-HIDE-INTR.mp4,,HIDE-INTR-Ab-SBJ-N4.mp3,592.2616,600.3593,8.097699999999918,,,
ALP1209,ALP1209,1991-01-17,2026-05-29_16h08.15.579,BrocantoHPilot1MorphSession1,1,1,37,37,Passive,,legal,2,SBJ.N4 HIDE-INTR LOC.N1,,SBJ-V.INTR-LOC,,0,SBJ-N4-HIDE-INTR-LOC-N1.mp4,,HIDE-INTR-SBJ-N4-LOC-N1.mp3,600.3629,608.0313,7.66840000000002,,,
ALP1209,ALP1209,1991-01-17,2026-05-29_16h08.15.579,BrocantoHPilot1MorphSession1,1,1,38,38,Passive,,legal,2,SBJ.N5 JUMP-INTR LOC.N2,,SBJ-V.INTR-LOC,,0,SBJ-N5-JUMP-INTR-LOC-N2.mp4,,JUMP-INTR-LOC-N2-SBJ-N5.mp3,608.0337,614.7923,6.758600000000001,,,
ALP1209,ALP1209,1991-01-17,2026-05-29_16h08.15.579,BrocantoHPilot1MorphSession1,1,1,39,39,Passive,,legal,2,SBJ.N5 GO-INTR LOC.N4,,SBJ-V.INTR-LOC,,0,SBJ-N5-GO-INTR-LOC-N4.mp4,,SBJ-N5-LOC-N4-GO-INTR.mp3,614.7973,621.5581,6.7608000000000175,,,
ALP1209,ALP1209,1991-01-17,2026-05-29_16h08.15.579,BrocantoHPilot1MorphSession1,1,1,40,40,Passive,,legal,2,SBJ.N3 HIDE-INTR LOC.N4,,SBJ-V.INTR-LOC,,0,SBJ-N3-HIDE-INTR-LOC-N4.mp4,,LOC-N4-SBJ-N3-HIDE-INTR.mp3,621.5619,627.6728,6.110900000000015,,,
ALP1209,ALP1209,1991-01-17,2026-05-29_16h08.15.579,BrocantoHPilot1MorphSession1,1,1,41,41,Passive,,legal,2,SBJ.N5 JUMP-INTR LOC.N4,,SBJ-V.INTR-LOC,,0,SBJ-N5-JUMP-INTR-LOC-N4.mp4,,LOC-N4-JUMP-INTR-SBJ-N5.mp3,627.6767,635.2416,7.564899999999966,,,
ALP1209,ALP1209,1991-01-17,2026-05-29_16h08.15.579,BrocantoHPilot1MorphSession1,1,1,42,42,Passive,,legal,3,OBJ.N5 Ab SBJ.N1 PUSH-TR,,OBJ-SBJ-V.TR,,0,OBJ-N5-Ab-SBJ-N1-PUSH-TR.mp4,,PUSH-TR-Ab-SBJ-N1-OBJ-N5.mp3,635.2445,641.1206,5.876099999999951,,,
ALP1210,ALP1210,1982-01-11,2026-05-29_16h45.39.092,BrocantoHPilot1MorphSession1,1,1,1,1,Passive,,legal,1,SBJ.N3 REVEAL-INTR,,SBJ-V.INTR,,0,SBJ-N3-REVEAL-INTR.mp4,,SBJ-N3-REVEAL-INTR.mp3,1083.6811,1092.7764,9.095299999999952,,,
ALP1210,ALP1210,1982-01-11,2026-05-29_16h45.39.092,BrocantoHPilot1MorphSession1,1,1,2,2,Passive,,legal,2,OBJ.N5 SBJ.N4 PUSH-TR,,OBJ-SBJ-V.TR,,0,OBJ-N5-SBJ-N4-PUSH-TR.mp4,,SBJ-N4-OBJ-N5-PUSH-TR.mp3,1092.7774,1098.9349,6.157500000000027,,,
ALP1210,ALP1210,1982-01-11,2026-05-29_16h45.39.092,BrocantoHPilot1MorphSession1,1,1,3,3,Passive,,legal,2,OBJ.N5 SBJ.N1 HIDE-TR,,OBJ-SBJ-V.TR,,0,OBJ-N5-SBJ-N1-HIDE-TR.mp4,,OBJ-N5-HIDE-TR-SBJ-N1.mp3,1098.9356,1104.7104,5.774799999999914,,,
ALP1210,ALP1210,1982-01-11,2026-05-29_16h45.39.092,BrocantoHPilot1MorphSession1,1,1,4,4,Passive,,legal,1,SBJ.N1 HIDE-INTR,,SBJ-V.INTR,,0,SBJ-N1-HIDE-INTR.mp4,,HIDE-INTR-SBJ-N1.mp3,1104.7117,1110.6027,5.890999999999849,,,
ALP1210,ALP1210,1982-01-11,2026-05-29_16h45.39.092,BrocantoHPilot1MorphSession1,1,1,5,5,Passive,,legal,1,SBJ.N2 REVEAL-INTR,,SBJ-V.INTR,,0,SBJ-N2-REVEAL-INTR.mp4,,SBJ-N2-REVEAL-INTR.mp3,1110.6037,1116.3782,5.7745000000002165,,,
ALP1210,ALP1210,1982-01-11,2026-05-29_16h45.39.092,BrocantoHPilot1MorphSession1,1,1,6,6,Passive,,legal,2,OBJ.N5 SBJ.N3 REVEAL-TR,,OBJ-SBJ-V.TR,,0,OBJ-N5-SBJ-N3-REVEAL-TR.mp4,,OBJ-N5-REVEAL-TR-SBJ-N3.mp3,1116.3792,1122.2037,5.824499999999944,,,
ALP1210,ALP1210,1982-01-11,2026-05-29_16h45.39.092,BrocantoHPilot1MorphSession1,1,1,7,7,Passive,,legal,1,SBJ.N2 GO-INTR,,SBJ-V.INTR,,0,SBJ-N2-GO-INTR.mp4,,GO-INTR-SBJ-N2.mp3,1122.2046,1128.0292,5.8245999999999185,,,
ALP1210,ALP1210,1982-01-11,2026-05-29_16h45.39.092,BrocantoHPilot1MorphSession1,1,1,8,8,Passive,,legal,2,OBJ.N5 SBJ.N1 PUSH-TR,,OBJ-SBJ-V.TR,,0,OBJ-N5-SBJ-N1-PUSH-TR.mp4,,SBJ-N1-OBJ-N5-PUSH-TR.mp3,1128.0298,1133.8214,5.791600000000017,,,
ALP1210,ALP1210,1982-01-11,2026-05-29_16h45.39.092,BrocantoHPilot1MorphSession1,1,1,9,9,Passive,,legal,1,SBJ.N1 JUMP-INTR,,SBJ-V.INTR,,0,SBJ-N1-JUMP-INTR.mp4,,SBJ-N1-JUMP-INTR.mp3,1133.8222,1139.4967,5.674499999999853,,,
ALP1210,ALP1210,1982-01-11,2026-05-29_16h45.39.092,BrocantoHPilot1MorphSession1,1,1,10,10,Passive,,legal,2,OBJ.N5 SBJ.N2 REVEAL-TR,,OBJ-SBJ-V.TR,,0,OBJ-N5-SBJ-N2-REVEAL-TR.mp4,,SBJ-N2-REVEAL-TR-OBJ-N5.mp3,1139.4975,1145.2389,5.741400000000112,,,
ALP1210,ALP1210,1982-01-11,2026-05-29_16h45.39.092,BrocantoHPilot1MorphSession1,1,1,11,11,Passive,,legal,2,OBJ.N5 SBJ.N2 HIDE-TR,,OBJ-SBJ-V.TR,,0,OBJ-N5-SBJ-N2-HIDE-TR.mp4,,SBJ-N2-HIDE-TR-OBJ-N5.mp3,1145.2399,1151.1485,5.9085999999999785,,,
ALP1210,ALP1210,1982-01-11,2026-05-29_16h45.39.092,BrocantoHPilot1MorphSession1,1,1,12,12,Passive,,legal,1,SBJ.N2 JUMP-INTR,,SBJ-V.INTR,,0,SBJ-N2-JUMP-INTR.mp4,,SBJ-N2-JUMP-INTR.mp3,1151.1492,1157.0903,5.941100000000006,,,
ALP1210,ALP1210,1982-01-11,2026-05-29_16h45.39.092,BrocantoHPilot1MorphSession1,1,1,13,13,Passive,,legal,1,SBJ.N5 HIDE-INTR,,SBJ-V.INTR,,0,SBJ-N5-HIDE-INTR.mp4,,HIDE-INTR-SBJ-N5.mp3,1157.0911,1162.6988,5.607699999999795,,,
ALP1210,ALP1210,1982-01-11,2026-05-29_16h45.39.092,BrocantoHPilot1MorphSession1,1,1,14,14,Passive,,legal,2,OBJ.N5 SBJ.N3 REVEAL-TR,,OBJ-SBJ-V.TR,,1,OBJ-N5-SBJ-N3-REVEAL-TR.mp4,,OBJ-N5-REVEAL-TR-SBJ-N3.mp3,1162.6997,1168.5413,5.841600000000199,,,
ALP1210,ALP1210,1982-01-11,2026-05-29_16h45.39.092,BrocantoHPilot1MorphSession1,1,1,15,15,Passive,,legal,1,SBJ.N2 GO-INTR,,SBJ-V.INTR,,1,SBJ-N2-GO-INTR.mp4,,GO-INTR-SBJ-N2.mp3,1168.5421,1174.4501,5.908000000000129,,,
ALP1210,ALP1210,1982-01-11,2026-05-29_16h45.39.092,BrocantoHPilot1MorphSession1,1,1,16,16,Passive,,legal,2,OBJ.N5 SBJ.N2 PUSH-TR,,OBJ-SBJ-V.TR,,0,OBJ-N5-SBJ-N2-PUSH-TR.mp4,,SBJ-N2-OBJ-N5-PUSH-TR.mp3,1174.4509,1180.2757,5.824799999999868,,,
ALP1210,ALP1210,1982-01-11,2026-05-29_16h45.39.092,BrocantoHPilot1MorphSession1,1,1,17,17,Passive,,legal,1,SBJ.N5 REVEAL-INTR,,SBJ-V.INTR,,0,SBJ-N5-REVEAL-INTR.mp4,,SBJ-N5-REVEAL-INTR.mp3,1180.2765,1186.0181,5.741600000000062,,,
ALP1210,ALP1210,1982-01-11,2026-05-29_16h45.39.092,BrocantoHPilot1MorphSession1,1,1,18,18,Passive,,legal,2,OBJ.N5 SBJ.N4 HIDE-TR,,OBJ-SBJ-V.TR,,0,OBJ-N5-SBJ-N4-HIDE-TR.mp4,,SBJ-N4-HIDE-TR-OBJ-N5.mp3,1186.0189,1192.0937,6.074799999999868,,,
ALP1210,ALP1210,1982-01-11,2026-05-29_16h45.39.092,BrocantoHPilot1MorphSession1,1,1,19,19,Passive,,legal,1,SBJ.N2 GO-INTR,,SBJ-V.INTR,,2,SBJ-N2-GO-INTR.mp4,,GO-INTR-SBJ-N2.mp3,1192.0947,1197.7021,5.6073999999998705,,,
ALP1210,ALP1210,1982-01-11,2026-05-29_16h45.39.092,BrocantoHPilot1MorphSession1,1,1,20,20,Passive,,legal,1,SBJ.N1 REVEAL-INTR,,SBJ-V.INTR,,0,SBJ-N1-REVEAL-INTR.mp4,,REVEAL-INTR-SBJ-N1.mp3,1197.703,1203.4943,5.791300000000092,,,
ALP1210,ALP1210,1982-01-11,2026-05-29_16h45.39.092,BrocantoHPilot1MorphSession1,1,1,21,21,Passive,,legal,2,OBJ.N5 SBJ.N1 REVEAL-TR,,OBJ-SBJ-V.TR,,0,OBJ-N5-SBJ-N1-REVEAL-TR.mp4,,REVEAL-TR-SBJ-N1-OBJ-N5.mp3,1203.4953,1209.2867,5.791400000000067,,,
ALP1210,ALP1210,1982-01-11,2026-05-29_16h45.39.092,BrocantoHPilot1MorphSession1,1,1,22,22,Passive,,legal,2,OBJ.N5 SBJ.N1 REVEAL-TR,,OBJ-SBJ-V.TR,,1,OBJ-N5-SBJ-N1-REVEAL-TR.mp4,,REVEAL-TR-SBJ-N1-OBJ-N5.mp3,1209.2876,1214.8783,5.59069999999997,,,
ALP1210,ALP1210,1982-01-11,2026-05-29_16h45.39.092,BrocantoHPilot1MorphSession1,1,1,23,23,Passive,,legal,3,OBJ.N5 SBJ.N2 PUSH-TR LOC.N1,,OBJ-SBJ-V.TR-LOC,,0,OBJ-N5-SBJ-N2-PUSH-TR-LOC-N1.mp4,,OBJ-N5-SBJ-N2-LOC-N1-PUSH-TR.mp3,1214.8793,1220.8373,5.957999999999856,,,
ALP1210,ALP1210,1982-01-11,2026-05-29_16h45.39.092,BrocantoHPilot1MorphSession1,1,1,24,24,Passive,,legal,2,SBJ.N4 REVEAL-INTR LOC.N3,,SBJ-V.INTR-LOC,,0,SBJ-N4-REVEAL-INTR-LOC-N3.mp4,,SBJ-N4-REVEAL-INTR-LOC-N3.mp3,1220.8382,1226.7464,5.908200000000079,,,
ALP1210,ALP1210,1982-01-11,2026-05-29_16h45.39.092,BrocantoHPilot1MorphSession1,1,1,25,25,Passive,,legal,3,OBJ.N5 SBJ.N1 HIDE-TR LOC.N2,,OBJ-SBJ-V.TR-LOC,,0,OBJ-N5-SBJ-N1-HIDE-TR-LOC-N2.mp4,,SBJ-N1-LOC-N2-HIDE-TR-OBJ-N5.mp3,1226.7472,1232.7054,5.9582000000000335,,,
ALP1210,ALP1210,1982-01-11,2026-05-29_16h45.39.092,BrocantoHPilot1MorphSession1,1,1,26,26,Passive,,legal,2,SBJ.N4 REVEAL-INTR LOC.N3,,SBJ-V.INTR-LOC,,1,SBJ-N4-REVEAL-INTR-LOC-N3.mp4,,SBJ-N4-REVEAL-INTR-LOC-N3.mp3,1232.7065,1239.7329,7.026399999999967,,,
ALP1210,ALP1210,1982-01-11,2026-05-29_16h45.39.092,BrocantoHPilot1MorphSession1,1,1,27,27,Passive,,legal,3,OBJ.N5 SBJ.N4 REVEAL-TR LOC.N1,,OBJ-SBJ-V.TR-LOC,,0,OBJ-N5-SBJ-N4-REVEAL-TR-LOC-N1.mp4,,OBJ-N5-LOC-N1-REVEAL-TR-SBJ-N4.mp3,1239.7337,1245.3914,5.657699999999977,,,
ALP1210,ALP1210,1982-01-11,2026-05-29_16h45.39.092,BrocantoHPilot1MorphSession1,1,1,28,28,Passive,,legal,2,SBJ.N5 REVEAL-INTR LOC.N3,,SBJ-V.INTR-LOC,,0,SBJ-N5-REVEAL-INTR-LOC-N3.mp4,,SBJ-N5-REVEAL-INTR-LOC-N3.mp3,1245.3923,1251.1502,5.757900000000063,,,
ALP1210,ALP1210,1982-01-11,2026-05-29_16h45.39.092,BrocantoHPilot1MorphSession1,1,1,29,29,Passive,,legal,3,OBJ.N5 SBJ.N3 HIDE-TR LOC.N4,,OBJ-SBJ-V.TR-LOC,,0,OBJ-N5-SBJ-N3-HIDE-TR-LOC-N4.mp4,,OBJ-N5-SBJ-N3-HIDE-TR-LOC-N4.mp3,1251.151,1259.0126,7.861599999999953,,,
